,Order_Items_ID,Order_ID,Product_ID,Quantity,Unit_Price,Total_Amount
0,ORIT_8cd272,ORD_8cd272,MatSpr_28ce,1,6000.0,6000.0
1,ORIT_4414ca,ORD_4414ca,PilPol_662f,1,180.0,180.0
2,ORIT_e09a37,ORD_e09a37,BedCot_2397,4,1500.0,6000.0
3,ORIT_182efa,ORD_182efa,BedCot_6141,2,800.0,1600.0
4,ORIT_28ad5d,ORD_28ad5d,BedCot_6141,1,800.0,800.0
5,ORIT_13fac3,ORD_13fac3,BedCot_d278,1,1200.0,1200.0
6,ORIT_56a3be,ORD_56a3be,PilPol_3076,3,180.0,540.0
7,ORIT_06ac42,ORD_06ac42,PilCot_3481,1,250.0,250.0
8,ORIT_ccc456,ORD_ccc456,BolPol_cfd7,1,220.0,220.0
9,ORIT_28cec5,ORD_28cec5,MatSpr_ccc4,1,6000.0,6000.0
10,ORIT_ba3ae8,ORD_ba3ae8,BedCot_4a29,4,800.0,3200.0
11,ORIT_acd024,ORD_acd024,BolPol_82d7,3,220.0,660.0
12,ORIT_1e64a4,ORD_1e64a4,MatSpr_ccc4,4,6000.0,24000.0
13,ORIT_27a048,ORD_27a048,MatFoa_13fa,4,7500.0,30000.0
14,ORIT_6ee75b,ORD_6ee75b,PilPol_3076,3,180.0,540.0
15,ORIT_45de4b,ORD_45de4b,MatSpr_ccc4,4,6000.0,24000.0
16,ORIT_2df5c5,ORD_2df5c5,BlaFla_78f1,4,1000.0,4000.0
17,ORIT_f6cbaf,ORD_f6cbaf,MatFoa_13fa,3,7500.0,22500.0
18,ORIT_2449e4,ORD_2449e4,BlaFle_33f0,4,700.0,2800.0
19,ORIT_6141fa,ORD_6141fa,BolPol_cfd7,3,220.0,660.0
20,ORIT_4a29a2,ORD_4a29a2,PilCot_f078,1,250.0,250.0
21,ORIT_c645e8,ORD_c645e8,PilFea_56ac,1,650.0,650.0
22,ORIT_d27894,ORD_d27894,BedCot_2449,2,800.0,1600.0
23,ORIT_87ca8f,ORD_87ca8f,PilPol_a442,3,180.0,540.0
24,ORIT_239738,ORD_239738,BedPol_2724,1,400.0,400.0
25,ORIT_4e8b88,ORD_4e8b88,PilPol_3076,1,180.0,180.0
26,ORIT_17f531,ORD_17f531,PilPol_a442,1,180.0,180.0
27,ORIT_e8c93f,ORD_e8c93f,MatFoa_13fa,1,7500.0,7500.0
28,ORIT_272497,ORD_272497,PilPol_3076,1,180.0,180.0
29,ORIT_e207fb,ORD_e207fb,MatPoc_6ee7,2,13000.0,26000.0
30,ORIT_3807e4,ORD_3807e4,MatSpr_ccc4,1,6000.0,6000.0
31,ORIT_f40636,ORD_f40636,BolCot_21df,1,300.0,300.0
32,ORIT_d3de81,ORD_d3de81,BedCot_17f5,1,1500.0,1500.0
33,ORIT_51449e,ORD_51449e,BedCot_2449,1,800.0,800.0
34,ORIT_239e83,ORD_239e83,MatPoc_45de,1,13000.0,13000.0
35,ORIT_5ab8e4,ORD_5ab8e4,BlaCot_6c4b,1,2200.0,2200.0
36,ORIT_18f876,ORD_18f876,BolPol_82d7,1,220.0,220.0
37,ORIT_2f2436,ORD_2f2436,MatSpr_06ac,1,4000.0,4000.0
38,ORIT_d846d9,ORD_d846d9,MatPoc_45de,2,13000.0,26000.0
39,ORIT_8a26e0,ORD_8a26e0,BedPol_5ab8,1,600.0,600.0
40,ORIT_b09731,ORD_b09731,MatSpr_acd0,1,8000.0,8000.0
41,ORIT_67d14a,ORD_67d14a,MatSpr_ba3a,1,8000.0,8000.0
42,ORIT_aa0fd2,ORD_aa0fd2,BolCot_3050,1,300.0,300.0
43,ORIT_5d3da4,ORD_5d3da4,MatPoc_2df5,1,17500.0,17500.0
44,ORIT_f73236,ORD_f73236,MatSpr_ba3a,3,8000.0,24000.0
45,ORIT_3481ae,ORD_3481ae,BolCot_3050,1,300.0,300.0
46,ORIT_f07815,ORD_f07815,BolFea_b87f,1,700.0,700.0
47,ORIT_b22a14,ORD_b22a14,MatSpr_06ac,1,4000.0,4000.0
48,ORIT_8a5d1c,ORD_8a5d1c,MatSpr_ccc4,1,6000.0,6000.0
49,ORIT_115c61,ORD_115c61,BedPol_f406,1,500.0,500.0
50,ORIT_56acd1,ORD_56acd1,MatPoc_f6cb,1,17500.0,17500.0
51,ORIT_3076c1,ORD_3076c1,BedCot_17f5,1,1500.0,1500.0
52,ORIT_662f36,ORD_662f36,BedCot_4e8b,2,1500.0,3000.0
53,ORIT_a442d1,ORD_a442d1,BolPol_cfd7,2,220.0,440.0
54,ORIT_30508d,ORD_30508d,MatPoc_45de,1,13000.0,13000.0
55,ORIT_31e638,ORD_31e638,PilPol_a442,1,180.0,180.0
56,ORIT_21df41,ORD_21df41,BlaFle_394c,1,600.0,600.0
57,ORIT_98d483,ORD_98d483,MatSpr_acd0,1,8000.0,8000.0
58,ORIT_d1d699,ORD_d1d699,MatPoc_45de,1,13000.0,13000.0
59,ORIT_b87f98,ORD_b87f98,MatSpr_ccc4,4,6000.0,24000.0
60,ORIT_f3ad36,ORD_f3ad36,BolPol_f3ad,1,220.0,220.0
61,ORIT_cfd70e,ORD_cfd70e,BolCot_21df,3,300.0,900.0
62,ORIT_82d771,ORD_82d771,BedLin_2f24,2,2000.0,4000.0
63,ORIT_9ebb68,ORD_9ebb68,BedPol_239e,3,600.0,1800.0
64,ORIT_9781a8,ORD_9781a8,BedPol_5ab8,3,600.0,1800.0
65,ORIT_8a1460,ORD_8a1460,MatSpr_ccc4,3,6000.0,18000.0
66,ORIT_503c55,ORD_503c55,BolPol_82d7,2,220.0,440.0
67,ORIT_ce6c4e,ORD_ce6c4e,MatPoc_2df5,3,17500.0,52500.0
68,ORIT_b5292c,ORD_b5292c,MatSpr_ba3a,3,8000.0,24000.0
69,ORIT_572eed,ORD_572eed,MatSpr_28ce,3,6000.0,18000.0
70,ORIT_9ef64d,ORD_9ef64d,MatPoc_f6cb,2,17500.0,35000.0
71,ORIT_6c4b64,ORD_6c4b64,MatSpr_28ce,3,6000.0,18000.0
72,ORIT_769a37,ORD_769a37,PilFea_115c,3,650.0,1950.0
73,ORIT_ce8efa,ORD_ce8efa,BedPol_5144,3,600.0,1800.0
74,ORIT_41101c,ORD_41101c,PilPol_a442,4,180.0,720.0
75,ORIT_f99560,ORD_f99560,MatSpr_28ce,3,6000.0,18000.0
76,ORIT_1d9ce9,ORD_1d9ce9,BedCot_2397,3,1500.0,4500.0
77,ORIT_78f1b0,ORD_78f1b0,BedPol_2724,3,400.0,1200.0
78,ORIT_7645ce,ORD_7645ce,MatSpr_56a3,2,4000.0,8000.0
79,ORIT_ad01ba,ORD_ad01ba,BedCot_2449,3,800.0,2400.0
80,ORIT_5f55ee,ORD_5f55ee,BlaCot_ce6c,2,2000.0,4000.0
81,ORIT_991d44,ORD_991d44,MatPoc_6ee7,1,13000.0,13000.0
82,ORIT_148547,ORD_148547,MatPoc_6ee7,1,13000.0,13000.0
83,ORIT_0f50a1,ORD_0f50a1,BedCot_6141,1,800.0,800.0
84,ORIT_c9a0ca,ORD_c9a0ca,MatSpr_56a3,1,4000.0,4000.0
85,ORIT_394ca6,ORD_394ca6,BedPol_e8c9,1,400.0,400.0
86,ORIT_7daf9e,ORD_7daf9e,BedCot_c645,1,1200.0,1200.0
87,ORIT_5881e2,ORD_5881e2,MatFoa_182e,1,5500.0,5500.0
88,ORIT_33f035,ORD_33f035,MatSpr_ba3a,1,8000.0,8000.0
89,ORIT_9bda4b,ORD_9bda4b,MatSpr_ccc4,1,6000.0,6000.0
90,ORIT_d158dd,ORD_d158dd,BedCot_4a29,1,800.0,800.0
91,ORIT_09fb31,ORD_09fb31,BlaFle_c9a0,1,600.0,600.0
92,ORIT_b8c88c,ORD_b8c88c,MatPoc_27a0,2,8500.0,17000.0
93,ORIT_fce1f5,ORD_fce1f5,BolPol_82d7,1,220.0,220.0
94,ORIT_009560,ORD_009560,MatSpr_28ce,2,6000.0,12000.0
95,ORIT_025766,ORD_025766,MatSpr_acd0,1,8000.0,8000.0
96,ORIT_7fb44e,ORD_7fb44e,BedLin_2f24,1,2000.0,2000.0
97,ORIT_6d55a1,ORD_6d55a1,MatSpr_ccc4,1,6000.0,6000.0
98,ORIT_a6c526,ORD_a6c526,BolPol_82d7,3,220.0,660.0
99,ORIT_1fcc78,ORD_1fcc78,PilFea_56ac,1,650.0,650.0
100,ORIT_66703e,ORD_66703e,MatSpr_06ac,1,4000.0,4000.0
101,ORIT_8f3264,ORD_8f3264,MatPoc_6ee7,1,13000.0,13000.0
102,ORIT_08a9f2,ORD_08a9f2,PilPol_3076,2,180.0,360.0
103,ORIT_77c92d,ORD_77c92d,BedCot_4e8b,1,1500.0,1500.0
104,ORIT_af92f5,ORD_af92f5,MatPoc_1e64,3,8500.0,25500.0
105,ORIT_2999ec,ORD_2999ec,MatSpr_ba3a,1,8000.0,8000.0
106,ORIT_727a3d,ORD_727a3d,BedCot_6141,2,800.0,1600.0
107,ORIT_60e635,ORD_60e635,BolPol_cfd7,1,220.0,220.0
108,ORIT_fd3a3e,ORD_fd3a3e,MatPoc_f6cb,1,17500.0,17500.0
109,ORIT_09a31a,ORD_09a31a,MatPoc_45de,1,13000.0,13000.0
110,ORIT_dbb792,ORD_dbb792,MatPoc_45de,1,13000.0,13000.0
111,ORIT_f4520b,ORD_f4520b,MatPoc_2df5,1,17500.0,17500.0
112,ORIT_600d7c,ORD_600d7c,MatPoc_f6cb,2,17500.0,35000.0
113,ORIT_e93849,ORD_e93849,PilPol_a442,3,180.0,540.0
114,ORIT_ba7067,ORD_ba7067,MatPoc_2df5,1,17500.0,17500.0
115,ORIT_664e2d,ORD_664e2d,MatPoc_1e64,1,8500.0,8500.0
116,ORIT_849d94,ORD_849d94,PilPol_662f,3,180.0,540.0
117,ORIT_4d577e,ORD_4d577e,BolCot_21df,1,300.0,300.0
118,ORIT_d741a2,ORD_d741a2,BolFea_98d4,3,700.0,2100.0
119,ORIT_98ff6e,ORD_98ff6e,MatSpr_ba3a,3,8000.0,24000.0
120,ORIT_c4b448,ORD_c4b448,BedPol_5ab8,1,600.0,600.0
121,ORIT_b4d84b,ORD_b4d84b,MatPoc_27a0,1,8500.0,8500.0
122,ORIT_5d6db4,ORD_5d6db4,MatSpr_ccc4,1,6000.0,6000.0
123,ORIT_92a49c,ORD_92a49c,MatSpr_06ac,1,4000.0,4000.0
124,ORIT_d436a1,ORD_d436a1,BedPol_5144,2,600.0,1200.0
125,ORIT_256b36,ORD_256b36,MatSpr_ccc4,2,6000.0,12000.0
126,ORIT_af53a5,ORD_af53a5,MatFoa_8cd2,1,3500.0,3500.0
127,ORIT_6ec73f,ORD_6ec73f,MatPoc_45de,1,13000.0,13000.0
128,ORIT_358ed4,ORD_358ed4,BedPol_239e,1,600.0,600.0
129,ORIT_e8611e,ORD_e8611e,PilPol_a442,1,180.0,180.0
130,ORIT_5fed38,ORD_5fed38,MatPoc_27a0,1,8500.0,8500.0
131,ORIT_db07d1,ORD_db07d1,MatFoa_28ad,1,7500.0,7500.0
132,ORIT_b48d5e,ORD_b48d5e,MatSpr_ba3a,1,8000.0,8000.0
133,ORIT_7cec94,ORD_7cec94,MatSpr_ccc4,3,6000.0,18000.0
134,ORIT_97b0f8,ORD_97b0f8,BolCot_21df,1,300.0,300.0
135,ORIT_02d82d,ORD_02d82d,BedLin_aa0f,1,4200.0,4200.0
136,ORIT_bd789d,ORD_bd789d,BedCot_87ca,1,1200.0,1200.0
137,ORIT_9cbbc2,ORD_9cbbc2,MatPoc_2df5,1,17500.0,17500.0
138,ORIT_e4c54a,ORD_e4c54a,MatSpr_acd0,1,8000.0,8000.0
139,ORIT_692fa8,ORD_692fa8,BedCot_4a29,2,800.0,1600.0
140,ORIT_a133e9,ORD_a133e9,BedCot_d278,4,1200.0,4800.0
141,ORIT_eb27cb,ORD_eb27cb,MatPoc_f6cb,1,17500.0,17500.0
142,ORIT_4e9178,ORD_4e9178,MatPoc_6ee7,3,13000.0,39000.0
143,ORIT_a98b69,ORD_a98b69,BedCot_4e8b,2,1500.0,3000.0
144,ORIT_59450b,ORD_59450b,MatSpr_28ce,3,6000.0,18000.0
145,ORIT_976e58,ORD_976e58,MatSpr_acd0,2,8000.0,16000.0
146,ORIT_e7507b,ORD_e7507b,MatPoc_2df5,3,17500.0,52500.0
147,ORIT_130474,ORD_130474,PilCot_3481,1,250.0,250.0
148,ORIT_7cafe8,ORD_7cafe8,MatFoa_4414,1,3500.0,3500.0
149,ORIT_465a15,ORD_465a15,MatSpr_28ce,1,6000.0,6000.0
150,ORIT_cf1b93,ORD_cf1b93,PilPol_a442,1,180.0,180.0
151,ORIT_3d3e13,ORD_3d3e13,MatPoc_6ee7,1,13000.0,13000.0
152,ORIT_630192,ORD_630192,MatSpr_28ce,1,6000.0,6000.0
153,ORIT_fc6103,ORD_fc6103,MatSpr_56a3,1,4000.0,4000.0
154,ORIT_aed090,ORD_aed090,PilFea_56ac,1,650.0,650.0
155,ORIT_425b85,ORD_425b85,BolPol_82d7,1,220.0,220.0
156,ORIT_ce57e4,ORD_ce57e4,MatFoa_8cd2,2,3500.0,7000.0
157,ORIT_b0211b,ORD_b0211b,MatSpr_acd0,1,8000.0,8000.0
158,ORIT_a4de4d,ORD_a4de4d,BolCot_31e6,1,300.0,300.0
159,ORIT_b2025a,ORD_b2025a,BedCot_2397,2,1500.0,3000.0
160,ORIT_80e71f,ORD_80e71f,MatSpr_06ac,1,4000.0,4000.0
161,ORIT_de6606,ORD_de6606,MatFoa_28ad,1,7500.0,7500.0
162,ORIT_24985b,ORD_24985b,BedCot_17f5,3,1500.0,4500.0
163,ORIT_f72b41,ORD_f72b41,BedPol_e8c9,2,400.0,800.0
164,ORIT_7dd4b2,ORD_7dd4b2,MatSpr_acd0,2,8000.0,16000.0
165,ORIT_c3df9a,ORD_c3df9a,MatFoa_182e,4,5500.0,22000.0
166,ORIT_b394fe,ORD_b394fe,MatSpr_ccc4,4,6000.0,24000.0
167,ORIT_c5f8e5,ORD_c5f8e5,BolCot_31e6,4,300.0,1200.0
168,ORIT_316cee,ORD_316cee,BedCot_2397,4,1500.0,6000.0
169,ORIT_2df3a3,ORD_2df3a3,MatFoa_182e,3,5500.0,16500.0
170,ORIT_3310a4,ORD_3310a4,PilPol_3076,4,180.0,720.0
171,ORIT_c34a88,ORD_c34a88,BolCot_21df,3,300.0,900.0
172,ORIT_055c7d,ORD_055c7d,BedPol_2724,2,400.0,800.0
173,ORIT_98eb8b,ORD_98eb8b,PilPol_662f,4,180.0,720.0
174,ORIT_02dcc3,ORD_02dcc3,MatPoc_45de,3,13000.0,39000.0
175,ORIT_13a132,ORD_13a132,BedCot_c645,2,1200.0,2400.0
176,ORIT_53004f,ORD_53004f,BedCot_4e8b,1,1500.0,1500.0
177,ORIT_b1feb9,ORD_b1feb9,MatPoc_45de,1,13000.0,13000.0
178,ORIT_3808c9,ORD_3808c9,MatSpr_acd0,1,8000.0,8000.0
179,ORIT_225da7,ORD_225da7,MatFoa_4414,3,3500.0,10500.0
180,ORIT_822340,ORD_822340,MatSpr_28ce,4,6000.0,24000.0
181,ORIT_707669,ORD_707669,BedPol_5ab8,4,600.0,2400.0
182,ORIT_3effc6,ORD_3effc6,BolCot_21df,1,300.0,300.0
183,ORIT_ef1c88,ORD_ef1c88,MatPoc_2df5,2,17500.0,35000.0
184,ORIT_c9451c,ORD_c9451c,BedPol_2724,1,400.0,400.0
185,ORIT_e1f193,ORD_e1f193,MatSpr_acd0,3,8000.0,24000.0
186,ORIT_43bcab,ORD_43bcab,PilPol_3076,3,180.0,540.0
187,ORIT_c7b0b5,ORD_c7b0b5,MatPoc_f6cb,4,17500.0,70000.0
188,ORIT_c2f84c,ORD_c2f84c,MatSpr_ccc4,1,6000.0,6000.0
189,ORIT_e99844,ORD_e99844,BedCot_4a29,4,800.0,3200.0
190,ORIT_3b8151,ORD_3b8151,MatFoa_e09a,1,5500.0,5500.0
191,ORIT_b6c3d6,ORD_b6c3d6,BedCot_d278,1,1200.0,1200.0
192,ORIT_19802e,ORD_19802e,BedCot_87ca,1,1200.0,1200.0
193,ORIT_4ea4d3,ORD_4ea4d3,BolCot_21df,1,300.0,300.0
194,ORIT_156dea,ORD_156dea,BedCot_17f5,2,1500.0,3000.0
195,ORIT_fb754a,ORD_fb754a,BedCot_c645,3,1200.0,3600.0
196,ORIT_77ca73,ORD_77ca73,MatPoc_2df5,2,17500.0,35000.0
197,ORIT_22845a,ORD_22845a,MatFoa_182e,1,5500.0,5500.0
198,ORIT_7976c2,ORD_7976c2,MatSpr_ba3a,1,8000.0,8000.0
199,ORIT_8ca311,ORD_8ca311,PilCot_f078,1,250.0,250.0
200,ORIT_ef122f,ORD_ef122f,BedLin_aa0f,1,4200.0,4200.0
201,ORIT_21fa9b,ORD_21fa9b,PilFea_8a5d,1,650.0,650.0
202,ORIT_42ed5d,ORD_42ed5d,BedCot_4e8b,1,1500.0,1500.0
203,ORIT_d9097b,ORD_d9097b,BedLin_aa0f,2,4200.0,8400.0
204,ORIT_7a83f4,ORD_7a83f4,BedCot_2449,1,800.0,800.0
205,ORIT_d1160f,ORD_d1160f,BolPol_82d7,2,220.0,440.0
206,ORIT_f63fa9,ORD_f63fa9,MatPoc_45de,1,13000.0,13000.0
207,ORIT_a17af3,ORD_a17af3,BolPol_cfd7,3,220.0,660.0
208,ORIT_d2efe1,ORD_d2efe1,MatSpr_28ce,2,6000.0,12000.0
209,ORIT_6bff60,ORD_6bff60,BedCot_c645,3,1200.0,3600.0
210,ORIT_803a81,ORD_803a81,MatSpr_ccc4,3,6000.0,18000.0
211,ORIT_38fa19,ORD_38fa19,MatPoc_27a0,3,8500.0,25500.0
212,ORIT_7866dd,ORD_7866dd,MatSpr_28ce,3,6000.0,18000.0
213,ORIT_ec296f,ORD_ec296f,PilPol_3076,3,180.0,540.0
214,ORIT_f57cc7,ORD_f57cc7,MatSpr_ba3a,3,8000.0,24000.0
215,ORIT_509e48,ORD_509e48,BedCot_2397,4,1500.0,6000.0
216,ORIT_f8186c,ORD_f8186c,BedCot_2397,2,1500.0,3000.0
217,ORIT_30d538,ORD_30d538,BedPol_5144,3,600.0,1800.0
218,ORIT_ad7f88,ORD_ad7f88,MatSpr_ba3a,4,8000.0,32000.0
219,ORIT_4284be,ORD_4284be,BedLin_d846,2,2000.0,4000.0
220,ORIT_ac20f5,ORD_ac20f5,MatPoc_2df5,3,17500.0,52500.0
221,ORIT_ac05db,ORD_ac05db,PilFea_8a5d,3,650.0,1950.0
222,ORIT_efec0d,ORD_efec0d,MatPoc_f6cb,3,17500.0,52500.0
223,ORIT_948540,ORD_948540,BolPol_82d7,2,220.0,440.0
224,ORIT_9d9587,ORD_9d9587,MatSpr_28ce,3,6000.0,18000.0
225,ORIT_a40347,ORD_a40347,MatFoa_e09a,3,5500.0,16500.0
226,ORIT_a769d6,ORD_a769d6,PilFea_8a5d,1,650.0,650.0
227,ORIT_e33eb7,ORD_e33eb7,PilFea_115c,3,650.0,1950.0
228,ORIT_5d9ad9,ORD_5d9ad9,BedPol_e8c9,1,400.0,400.0
229,ORIT_28d1a2,ORD_28d1a2,MatPoc_45de,1,13000.0,13000.0
230,ORIT_5f045a,ORD_5f045a,BedPol_5ab8,1,600.0,600.0
231,ORIT_ca402b,ORD_ca402b,MatPoc_f6cb,1,17500.0,17500.0
232,ORIT_4932e3,ORD_4932e3,BlaCot_503c,2,2000.0,4000.0
233,ORIT_1fcee9,ORD_1fcee9,MatSpr_ba3a,4,8000.0,32000.0
234,ORIT_c425d3,ORD_c425d3,MatPoc_2df5,1,17500.0,17500.0
235,ORIT_81ae2b,ORD_81ae2b,MatPoc_6ee7,3,13000.0,39000.0
236,ORIT_a9b6de,ORD_a9b6de,PilFea_115c,1,650.0,650.0
237,ORIT_b92dac,ORD_b92dac,MatSpr_ccc4,1,6000.0,6000.0
238,ORIT_647f1f,ORD_647f1f,BedCot_17f5,1,1500.0,1500.0
239,ORIT_8e3ef0,ORD_8e3ef0,MatPoc_f6cb,1,17500.0,17500.0
240,ORIT_62cf9b,ORD_62cf9b,MatSpr_acd0,1,8000.0,8000.0
241,ORIT_bef58c,ORD_bef58c,MatSpr_ba3a,1,8000.0,8000.0
242,ORIT_4cb62e,ORD_4cb62e,BlaFle_c9a0,1,600.0,600.0
243,ORIT_bb4d5a,ORD_bb4d5a,MatSpr_acd0,1,8000.0,8000.0
244,ORIT_7443f4,ORD_7443f4,PilCot_3481,1,250.0,250.0
245,ORIT_edf3f2,ORD_edf3f2,BedPol_239e,3,600.0,1800.0
246,ORIT_87325e,ORD_87325e,MatPoc_2df5,3,17500.0,52500.0
247,ORIT_fd603e,ORD_fd603e,BlaCot_572e,4,2200.0,8800.0
248,ORIT_31be29,ORD_31be29,BedPol_239e,2,600.0,1200.0
249,ORIT_661ee3,ORD_661ee3,BedCot_4a29,3,800.0,2400.0
250,ORIT_88105f,ORD_88105f,BolPol_f3ad,4,220.0,880.0
251,ORIT_c91377,ORD_c91377,BedLin_d846,3,2000.0,6000.0
252,ORIT_626ad3,ORD_626ad3,BedCot_87ca,3,1200.0,3600.0
253,ORIT_19bf43,ORD_19bf43,BedCot_d278,3,1200.0,3600.0
254,ORIT_6b0eaa,ORD_6b0eaa,BedCot_c645,3,1200.0,3600.0
255,ORIT_384ce9,ORD_384ce9,BedCot_2397,1,1500.0,1500.0
256,ORIT_a3ca8a,ORD_a3ca8a,MatPoc_2df5,1,17500.0,17500.0
257,ORIT_b091e7,ORD_b091e7,PilPol_662f,2,180.0,360.0
258,ORIT_ffa5c5,ORD_ffa5c5,BedCot_4e8b,4,1500.0,6000.0
259,ORIT_22a15e,ORD_22a15e,MatSpr_28ce,1,6000.0,6000.0
260,ORIT_4ee3f1,ORD_4ee3f1,MatSpr_06ac,1,4000.0,4000.0
261,ORIT_00de05,ORD_00de05,MatSpr_acd0,1,8000.0,8000.0
262,ORIT_20c4d0,ORD_20c4d0,MatPoc_6ee7,1,13000.0,13000.0
263,ORIT_2de3df,ORD_2de3df,MatFoa_4414,1,3500.0,3500.0
264,ORIT_e549ac,ORD_e549ac,BedPol_5ab8,2,600.0,1200.0
265,ORIT_1935f0,ORD_1935f0,PilFea_8a5d,1,650.0,650.0
266,ORIT_9717a1,ORD_9717a1,BedPol_5ab8,1,600.0,600.0
267,ORIT_5a184f,ORD_5a184f,BedCot_c645,2,1200.0,2400.0
268,ORIT_854f46,ORD_854f46,PilPol_662f,2,180.0,360.0
269,ORIT_59f99e,ORD_59f99e,PilFea_115c,1,650.0,650.0
270,ORIT_2544e1,ORD_2544e1,BedPol_3807,2,500.0,1000.0
271,ORIT_68d647,ORD_68d647,PilFea_8a5d,3,650.0,1950.0
272,ORIT_4ee496,ORD_4ee496,MatPoc_6ee7,1,13000.0,13000.0
273,ORIT_0fe178,ORD_0fe178,MatFoa_4414,1,3500.0,3500.0
274,ORIT_fd689c,ORD_fd689c,MatPoc_f6cb,2,17500.0,35000.0
275,ORIT_9cd508,ORD_9cd508,BedCot_2397,3,1500.0,4500.0
276,ORIT_32da2d,ORD_32da2d,BedCot_17f5,2,1500.0,3000.0
277,ORIT_625095,ORD_625095,PilPol_3076,1,180.0,180.0
278,ORIT_df7855,ORD_df7855,MatPoc_27a0,1,8500.0,8500.0
279,ORIT_8a78bd,ORD_8a78bd,MatFoa_28ad,2,7500.0,15000.0
280,ORIT_52bde5,ORD_52bde5,BedPol_d3de,1,500.0,500.0
281,ORIT_2c2e38,ORD_2c2e38,MatPoc_6ee7,2,13000.0,26000.0
282,ORIT_222f0d,ORD_222f0d,MatPoc_6ee7,1,13000.0,13000.0
283,ORIT_9c1e39,ORD_9c1e39,MatFoa_182e,1,5500.0,5500.0
284,ORIT_35b4dc,ORD_35b4dc,MatPoc_2df5,2,17500.0,35000.0
285,ORIT_159925,ORD_159925,MatFoa_28ad,2,7500.0,15000.0
286,ORIT_581ee4,ORD_581ee4,MatSpr_ccc4,2,6000.0,12000.0
287,ORIT_736c11,ORD_736c11,BedCot_2449,1,800.0,800.0
288,ORIT_d95f6e,ORD_d95f6e,MatFoa_182e,1,5500.0,5500.0
289,ORIT_d843b8,ORD_d843b8,BedCot_c645,1,1200.0,1200.0
290,ORIT_19b3cc,ORD_19b3cc,MatPoc_2df5,1,17500.0,17500.0
291,ORIT_cddb18,ORD_cddb18,MatSpr_28ce,1,6000.0,6000.0
292,ORIT_753490,ORD_753490,MatFoa_e09a,1,5500.0,5500.0
293,ORIT_6580e6,ORD_6580e6,BedCot_4e8b,1,1500.0,1500.0
294,ORIT_794917,ORD_794917,BedPol_5144,1,600.0,600.0
295,ORIT_771f02,ORD_771f02,MatPoc_2df5,1,17500.0,17500.0
296,ORIT_85bca5,ORD_85bca5,MatSpr_acd0,2,8000.0,16000.0
297,ORIT_5dde63,ORD_5dde63,MatPoc_45de,3,13000.0,39000.0
298,ORIT_47e904,ORD_47e904,PilFea_56ac,1,650.0,650.0
299,ORIT_6eaaed,ORD_6eaaed,BedPol_239e,4,600.0,2400.0
300,ORIT_53f222,ORD_53f222,MatPoc_45de,2,13000.0,26000.0
301,ORIT_d42f33,ORD_d42f33,MatSpr_acd0,1,8000.0,8000.0
302,ORIT_fa8d8c,ORD_fa8d8c,MatFoa_13fa,1,7500.0,7500.0
303,ORIT_f31eb2,ORD_f31eb2,MatSpr_ba3a,1,8000.0,8000.0
304,ORIT_ff62d7,ORD_ff62d7,BolPol_82d7,3,220.0,660.0
305,ORIT_38e459,ORD_38e459,MatFoa_4414,1,3500.0,3500.0
306,ORIT_8e5a2b,ORD_8e5a2b,PilFea_8a5d,1,650.0,650.0
307,ORIT_688dc1,ORD_688dc1,PilPol_3076,2,180.0,360.0
308,ORIT_12e260,ORD_12e260,PilFea_56ac,1,650.0,650.0
309,ORIT_89f7b9,ORD_89f7b9,MatPoc_45de,1,13000.0,13000.0
310,ORIT_0a9a2a,ORD_0a9a2a,BedPol_239e,2,600.0,1200.0
311,ORIT_0e42dd,ORD_0e42dd,MatSpr_ccc4,1,6000.0,6000.0
312,ORIT_b643a1,ORD_b643a1,MatPoc_45de,2,13000.0,26000.0
313,ORIT_86183c,ORD_86183c,MatFoa_182e,1,5500.0,5500.0
314,ORIT_11a197,ORD_11a197,MatPoc_6ee7,1,13000.0,13000.0
315,ORIT_15711c,ORD_15711c,BedCot_4a29,2,800.0,1600.0
316,ORIT_a25d49,ORD_a25d49,PilPol_662f,1,180.0,180.0
317,ORIT_6b94c1,ORD_6b94c1,MatFoa_13fa,1,7500.0,7500.0
318,ORIT_d4828b,ORD_d4828b,PilFea_8a5d,1,650.0,650.0
319,ORIT_f3071b,ORD_f3071b,MatSpr_28ce,2,6000.0,12000.0
320,ORIT_ea59f9,ORD_ea59f9,MatFoa_182e,2,5500.0,11000.0
321,ORIT_67d43c,ORD_67d43c,PilPol_a442,1,180.0,180.0
322,ORIT_419209,ORD_419209,MatSpr_ba3a,1,8000.0,8000.0
323,ORIT_0dba91,ORD_0dba91,MatSpr_ba3a,1,8000.0,8000.0
324,ORIT_700ff1,ORD_700ff1,MatFoa_4414,3,3500.0,10500.0
325,ORIT_56efcb,ORD_56efcb,MatPoc_45de,1,13000.0,13000.0
326,ORIT_9c9d61,ORD_9c9d61,PilFea_56ac,1,650.0,650.0
327,ORIT_2d5138,ORD_2d5138,MatSpr_ccc4,1,6000.0,6000.0
328,ORIT_c6074a,ORD_c6074a,BedCot_d278,1,1200.0,1200.0
329,ORIT_66e3bf,ORD_66e3bf,BedPol_5ab8,1,600.0,600.0
330,ORIT_683308,ORD_683308,MatPoc_f6cb,1,17500.0,17500.0
331,ORIT_81dc7d,ORD_81dc7d,MatSpr_ba3a,1,8000.0,8000.0
332,ORIT_1fd6fe,ORD_1fd6fe,BedPol_5ab8,1,600.0,600.0
333,ORIT_53c8ca,ORD_53c8ca,MatPoc_2df5,1,17500.0,17500.0
334,ORIT_316d6e,ORD_316d6e,MatSpr_56a3,2,4000.0,8000.0
335,ORIT_effa9b,ORD_effa9b,MatFoa_28ad,1,7500.0,7500.0
336,ORIT_3a0580,ORD_3a0580,PilPol_3076,1,180.0,180.0
337,ORIT_f64833,ORD_f64833,MatSpr_28ce,1,6000.0,6000.0
338,ORIT_088c97,ORD_088c97,BedPol_2724,1,400.0,400.0
339,ORIT_670cc6,ORD_670cc6,MatFoa_e09a,1,5500.0,5500.0
340,ORIT_693549,ORD_693549,MatFoa_e09a,3,5500.0,16500.0
341,ORIT_5ce548,ORD_5ce548,PilPol_a442,4,180.0,720.0
342,ORIT_7c631f,ORD_7c631f,MatSpr_acd0,2,8000.0,16000.0
343,ORIT_033e12,ORD_033e12,BlaFle_5881,3,700.0,2100.0
344,ORIT_df707a,ORD_df707a,PilPol_662f,4,180.0,720.0
345,ORIT_15ecb6,ORD_15ecb6,MatPoc_27a0,2,8500.0,17000.0
346,ORIT_d15a67,ORD_d15a67,MatSpr_ccc4,4,6000.0,24000.0
347,ORIT_8556de,ORD_8556de,MatSpr_ccc4,2,6000.0,12000.0
348,ORIT_e446e9,ORD_e446e9,BlaCot_9ebb,3,1200.0,3600.0
349,ORIT_f81fa0,ORD_f81fa0,MatPoc_45de,1,13000.0,13000.0
350,ORIT_aa1b49,ORD_aa1b49,BedCot_c645,1,1200.0,1200.0
351,ORIT_3e440b,ORD_3e440b,MatPoc_f6cb,1,17500.0,17500.0
352,ORIT_5a5bf7,ORD_5a5bf7,BedPol_e8c9,1,400.0,400.0
353,ORIT_6c9e1a,ORD_6c9e1a,MatPoc_6ee7,1,13000.0,13000.0
354,ORIT_759612,ORD_759612,BolCot_3050,2,300.0,600.0
355,ORIT_5b91e5,ORD_5b91e5,MatSpr_56a3,4,4000.0,16000.0
356,ORIT_83925c,ORD_83925c,BolPol_82d7,1,220.0,220.0
357,ORIT_a6fc16,ORD_a6fc16,BolPol_cfd7,1,220.0,220.0
358,ORIT_6a1052,ORD_6a1052,BlaFle_9bda,1,700.0,700.0
359,ORIT_d7f9b3,ORD_d7f9b3,PilFea_115c,1,650.0,650.0
360,ORIT_5a0b06,ORD_5a0b06,MatPoc_27a0,1,8500.0,8500.0
361,ORIT_357af1,ORD_357af1,MatPoc_f6cb,1,17500.0,17500.0
362,ORIT_8eaa47,ORD_8eaa47,BolPol_f3ad,1,220.0,220.0
363,ORIT_1f54a8,ORD_1f54a8,MatSpr_28ce,1,6000.0,6000.0
364,ORIT_16e45e,ORD_16e45e,MatSpr_56a3,1,4000.0,4000.0
365,ORIT_96640e,ORD_96640e,BedPol_d3de,1,500.0,500.0
366,ORIT_fb2745,ORD_fb2745,MatPoc_f6cb,2,17500.0,35000.0
367,ORIT_a7834b,ORD_a7834b,MatSpr_06ac,1,4000.0,4000.0
368,ORIT_a2fd6a,ORD_a2fd6a,MatSpr_ccc4,1,6000.0,6000.0
369,ORIT_32a2bf,ORD_32a2bf,MatSpr_28ce,1,6000.0,6000.0
370,ORIT_1b9a61,ORD_1b9a61,MatPoc_45de,1,13000.0,13000.0
371,ORIT_0fe383,ORD_0fe383,PilFea_56ac,1,650.0,650.0
372,ORIT_8da8ea,ORD_8da8ea,MatSpr_28ce,1,6000.0,6000.0
373,ORIT_16075c,ORD_16075c,MatSpr_28ce,4,6000.0,24000.0
374,ORIT_bb1b15,ORD_bb1b15,MatPoc_6ee7,1,13000.0,13000.0
375,ORIT_0d9f95,ORD_0d9f95,MatPoc_f6cb,2,17500.0,35000.0
376,ORIT_5cc4e8,ORD_5cc4e8,BolPol_82d7,2,220.0,440.0
377,ORIT_a83cdc,ORD_a83cdc,BedPol_e207,1,400.0,400.0
378,ORIT_5914d6,ORD_5914d6,BedPol_5ab8,2,600.0,1200.0
379,ORIT_8a82d3,ORD_8a82d3,MatPoc_f6cb,3,17500.0,52500.0
380,ORIT_f13445,ORD_f13445,BedPol_5ab8,4,600.0,2400.0
381,ORIT_2cf6ed,ORD_2cf6ed,BedPol_f406,3,500.0,1500.0
382,ORIT_371878,ORD_371878,MatSpr_ccc4,1,6000.0,6000.0
383,ORIT_7e68d5,ORD_7e68d5,PilFea_56ac,3,650.0,1950.0
384,ORIT_16d18e,ORD_16d18e,PilPol_3076,3,180.0,540.0
385,ORIT_609f1f,ORD_609f1f,MatSpr_ccc4,3,6000.0,18000.0
386,ORIT_da1ddd,ORD_da1ddd,MatSpr_28ce,1,6000.0,6000.0
387,ORIT_0aabf8,ORD_0aabf8,BolPol_cfd7,1,220.0,220.0
388,ORIT_b87fbf,ORD_b87fbf,PilFea_56ac,2,650.0,1300.0
389,ORIT_2a0997,ORD_2a0997,PilCot_b22a,1,250.0,250.0
390,ORIT_37cadd,ORD_37cadd,MatPoc_2df5,1,17500.0,17500.0
391,ORIT_d67343,ORD_d67343,BedCot_d278,2,1200.0,2400.0
392,ORIT_ed89b0,ORD_ed89b0,BedCot_17f5,1,1500.0,1500.0
393,ORIT_a38317,ORD_a38317,MatPoc_2df5,1,17500.0,17500.0
394,ORIT_f96cf8,ORD_f96cf8,MatPoc_2df5,1,17500.0,17500.0
395,ORIT_07c62a,ORD_07c62a,BedCot_d278,1,1200.0,1200.0
396,ORIT_3b1936,ORD_3b1936,MatFoa_28ad,1,7500.0,7500.0
397,ORIT_64c80a,ORD_64c80a,MatPoc_f6cb,1,17500.0,17500.0
398,ORIT_045e03,ORD_045e03,MatSpr_ba3a,1,8000.0,8000.0
399,ORIT_7a7647,ORD_7a7647,BlaFle_1485,1,300.0,300.0
400,ORIT_76739d,ORD_76739d,MatPoc_6ee7,1,13000.0,13000.0
401,ORIT_7c14c8,ORD_7c14c8,MatPoc_2df5,2,17500.0,35000.0
402,ORIT_b45af6,ORD_b45af6,MatSpr_56a3,1,4000.0,4000.0
403,ORIT_8c2247,ORD_8c2247,BolPol_cfd7,1,220.0,220.0
404,ORIT_942b3a,ORD_942b3a,BolPol_cfd7,2,220.0,440.0
405,ORIT_e06908,ORD_e06908,PilFea_8a5d,3,650.0,1950.0
406,ORIT_15054c,ORD_15054c,MatSpr_56a3,3,4000.0,12000.0
407,ORIT_fca92b,ORD_fca92b,BlaFle_9bda,2,700.0,1400.0
408,ORIT_c899e2,ORD_c899e2,PilPol_a442,4,180.0,720.0
409,ORIT_399d3c,ORD_399d3c,MatFoa_4414,3,3500.0,10500.0
410,ORIT_a1163e,ORD_a1163e,BolPol_82d7,2,220.0,440.0
411,ORIT_0aa117,ORD_0aa117,MatPoc_6ee7,1,13000.0,13000.0
412,ORIT_78e63e,ORD_78e63e,PilPol_662f,3,180.0,540.0
413,ORIT_0772d7,ORD_0772d7,BlaFle_33f0,3,700.0,2100.0
414,ORIT_5993a4,ORD_5993a4,BlaCot_9ebb,3,1200.0,3600.0
415,ORIT_e5441b,ORD_e5441b,BolPol_cfd7,4,220.0,880.0
416,ORIT_0af56f,ORD_0af56f,BedPol_5ab8,3,600.0,1800.0
417,ORIT_7645e1,ORD_7645e1,BedCot_c645,3,1200.0,3600.0
418,ORIT_a03d78,ORD_a03d78,MatSpr_28ce,4,6000.0,24000.0
419,ORIT_652ada,ORD_652ada,MatSpr_ba3a,4,8000.0,32000.0
420,ORIT_0f6ac9,ORD_0f6ac9,PilPol_3076,1,180.0,180.0
421,ORIT_6ca75c,ORD_6ca75c,PilFea_8a5d,4,650.0,2600.0
422,ORIT_499b8d,ORD_499b8d,PilPol_3076,1,180.0,180.0
423,ORIT_aa59cb,ORD_aa59cb,MatPoc_f6cb,1,17500.0,17500.0
424,ORIT_1cf5b0,ORD_1cf5b0,BolPol_cfd7,1,220.0,220.0
425,ORIT_d2d78a,ORD_d2d78a,BedLin_67d1,1,3800.0,3800.0
426,ORIT_0d9172,ORD_0d9172,BedCot_6141,2,800.0,1600.0
427,ORIT_5e0c35,ORD_5e0c35,BedCot_4e8b,2,1500.0,3000.0
428,ORIT_7afaa3,ORD_7afaa3,MatPoc_45de,2,13000.0,26000.0
429,ORIT_96e528,ORD_96e528,BedPol_3807,3,500.0,1500.0
430,ORIT_aa0ed9,ORD_aa0ed9,BolCot_3050,1,300.0,300.0
431,ORIT_037572,ORD_037572,MatSpr_ba3a,1,8000.0,8000.0
432,ORIT_fb318a,ORD_fb318a,MatPoc_2df5,2,17500.0,35000.0
433,ORIT_d52206,ORD_d52206,BolCot_3050,3,300.0,900.0
434,ORIT_a1c154,ORD_a1c154,MatPoc_2df5,1,17500.0,17500.0
435,ORIT_538da7,ORD_538da7,MatPoc_45de,1,13000.0,13000.0
436,ORIT_d31a17,ORD_d31a17,MatSpr_ccc4,1,6000.0,6000.0
437,ORIT_edc683,ORD_edc683,MatSpr_acd0,1,8000.0,8000.0
438,ORIT_d17915,ORD_d17915,MatFoa_182e,1,5500.0,5500.0
439,ORIT_3ca6d4,ORD_3ca6d4,BolCot_21df,1,300.0,300.0
440,ORIT_d55ee2,ORD_d55ee2,BedCot_87ca,2,1200.0,2400.0
441,ORIT_21ca54,ORD_21ca54,MatSpr_28ce,4,6000.0,24000.0
442,ORIT_8f474d,ORD_8f474d,MatFoa_182e,1,5500.0,5500.0
443,ORIT_654c09,ORD_654c09,PilFea_56ac,1,650.0,650.0
444,ORIT_8705e2,ORD_8705e2,PilFea_8a5d,1,650.0,650.0
445,ORIT_b553cc,ORD_b553cc,MatSpr_ba3a,4,8000.0,32000.0
446,ORIT_f6b49f,ORD_f6b49f,BedCot_4a29,4,800.0,3200.0
447,ORIT_5f0e8d,ORD_5f0e8d,PilPol_662f,2,180.0,360.0
448,ORIT_b35740,ORD_b35740,MatSpr_56a3,3,4000.0,12000.0
449,ORIT_44910f,ORD_44910f,MatFoa_8cd2,4,3500.0,14000.0
450,ORIT_74e62e,ORD_74e62e,MatSpr_acd0,2,8000.0,16000.0
451,ORIT_d8e782,ORD_d8e782,BedCot_4e8b,3,1500.0,4500.0
452,ORIT_aa18fa,ORD_aa18fa,PilFea_56ac,3,650.0,1950.0
453,ORIT_b3efbf,ORD_b3efbf,BedPol_5144,3,600.0,1800.0
454,ORIT_86ef41,ORD_86ef41,PilFea_56ac,3,650.0,1950.0
455,ORIT_c9b33c,ORD_c9b33c,MatPoc_45de,3,13000.0,39000.0
456,ORIT_fb4646,ORD_fb4646,MatFoa_182e,3,5500.0,16500.0
457,ORIT_136f87,ORD_136f87,PilPol_3076,2,180.0,360.0
458,ORIT_786f4f,ORD_786f4f,MatSpr_56a3,3,4000.0,12000.0
459,ORIT_f07b53,ORD_f07b53,BolPol_cfd7,3,220.0,660.0
460,ORIT_cb1266,ORD_cb1266,MatSpr_ba3a,4,8000.0,32000.0
461,ORIT_708fd0,ORD_708fd0,MatPoc_2df5,3,17500.0,52500.0
462,ORIT_b6901f,ORD_b6901f,MatFoa_13fa,4,7500.0,30000.0
463,ORIT_112aa7,ORD_112aa7,BedPol_239e,1,600.0,600.0
464,ORIT_4eacee,ORD_4eacee,PilPol_a442,1,180.0,180.0
465,ORIT_36cf92,ORD_36cf92,PilPol_662f,1,180.0,180.0
466,ORIT_ffee26,ORD_ffee26,PilPol_662f,2,180.0,360.0
467,ORIT_61038f,ORD_61038f,MatPoc_2df5,1,17500.0,17500.0
468,ORIT_512573,ORD_512573,BedCot_2449,2,800.0,1600.0
469,ORIT_fc8eea,ORD_fc8eea,MatFoa_182e,1,5500.0,5500.0
470,ORIT_529f94,ORD_529f94,BedCot_d278,1,1200.0,1200.0
471,ORIT_622c6d,ORD_622c6d,MatPoc_2df5,1,17500.0,17500.0
472,ORIT_ba842e,ORD_ba842e,MatFoa_28ad,2,7500.0,15000.0
473,ORIT_fbd4e0,ORD_fbd4e0,BedCot_2449,1,800.0,800.0
474,ORIT_9a1c11,ORD_9a1c11,BedCot_2397,1,1500.0,1500.0
475,ORIT_c93ffd,ORD_c93ffd,MatPoc_45de,1,13000.0,13000.0
476,ORIT_d8a44d,ORD_d8a44d,PilCot_f078,1,250.0,250.0
477,ORIT_ead6ce,ORD_ead6ce,BolPol_cfd7,1,220.0,220.0
478,ORIT_05a8d6,ORD_05a8d6,BedCot_4a29,1,800.0,800.0
479,ORIT_3f42b1,ORD_3f42b1,BolPol_f3ad,1,220.0,220.0
480,ORIT_c63bf9,ORD_c63bf9,BedCot_17f5,1,1500.0,1500.0
481,ORIT_00e005,ORD_00e005,MatSpr_ba3a,1,8000.0,8000.0
482,ORIT_d89b5e,ORD_d89b5e,BedCot_d278,3,1200.0,3600.0
483,ORIT_b91e1d,ORD_b91e1d,MatSpr_56a3,2,4000.0,8000.0
484,ORIT_ea8922,ORD_ea8922,MatFoa_8cd2,1,3500.0,3500.0
485,ORIT_4ed903,ORD_4ed903,BolPol_cfd7,1,220.0,220.0
486,ORIT_774096,ORD_774096,MatPoc_f6cb,3,17500.0,52500.0
487,ORIT_fd49e1,ORD_fd49e1,MatFoa_e09a,1,5500.0,5500.0
488,ORIT_2e6c4a,ORD_2e6c4a,BedCot_4a29,1,800.0,800.0
489,ORIT_e0c339,ORD_e0c339,MatFoa_4414,1,3500.0,3500.0
490,ORIT_b4e678,ORD_b4e678,MatPoc_6ee7,1,13000.0,13000.0
491,ORIT_a2171a,ORD_a2171a,MatFoa_28ad,1,7500.0,7500.0
492,ORIT_cd1088,ORD_cd1088,BedCot_6141,1,800.0,800.0
493,ORIT_69ac34,ORD_69ac34,BolPol_82d7,3,220.0,660.0
494,ORIT_724faf,ORD_724faf,MatPoc_f6cb,1,17500.0,17500.0
495,ORIT_80d360,ORD_80d360,MatPoc_2df5,1,17500.0,17500.0
496,ORIT_a02960,ORD_a02960,BolPol_cfd7,1,220.0,220.0
497,ORIT_c7771c,ORD_c7771c,MatSpr_ccc4,1,6000.0,6000.0
498,ORIT_448b7b,ORD_448b7b,BlaFla_7645,1,1200.0,1200.0
499,ORIT_043b10,ORD_043b10,MatPoc_f6cb,3,17500.0,52500.0
500,ORIT_7500b4,ORD_7500b4,MatPoc_2df5,2,17500.0,35000.0
501,ORIT_a863ee,ORD_a863ee,PilPol_662f,3,180.0,540.0
502,ORIT_3ac920,ORD_3ac920,BolPol_f3ad,1,220.0,220.0
503,ORIT_d5fa21,ORD_d5fa21,MatSpr_ccc4,1,6000.0,6000.0
504,ORIT_a8c4c7,ORD_a8c4c7,MatSpr_ba3a,1,8000.0,8000.0
505,ORIT_ae3fc2,ORD_ae3fc2,PilCot_b22a,1,250.0,250.0
506,ORIT_fed971,ORD_fed971,PilPol_3076,2,180.0,360.0
507,ORIT_1ce0ea,ORD_1ce0ea,MatPoc_f6cb,3,17500.0,52500.0
508,ORIT_4a198b,ORD_4a198b,MatFoa_e09a,1,5500.0,5500.0
509,ORIT_fb5f7e,ORD_fb5f7e,BolPol_82d7,1,220.0,220.0
510,ORIT_08993a,ORD_08993a,PilPol_662f,1,180.0,180.0
511,ORIT_ed40d0,ORD_ed40d0,BedLin_2f24,2,2000.0,4000.0
512,ORIT_97ce1a,ORD_97ce1a,PilPol_3076,1,180.0,180.0
513,ORIT_1b46ea,ORD_1b46ea,MatPoc_f6cb,1,17500.0,17500.0
514,ORIT_a3c0fe,ORD_a3c0fe,PilPol_a442,1,180.0,180.0
515,ORIT_907382,ORD_907382,BedCot_6141,2,800.0,1600.0
516,ORIT_d525ee,ORD_d525ee,BedLin_f732,1,4200.0,4200.0
517,ORIT_8dc531,ORD_8dc531,BedCot_87ca,1,1200.0,1200.0
518,ORIT_a4cf56,ORD_a4cf56,MatSpr_ba3a,2,8000.0,16000.0
519,ORIT_2da2d7,ORD_2da2d7,MatFoa_28ad,1,7500.0,7500.0
520,ORIT_04376d,ORD_04376d,BedCot_17f5,1,1500.0,1500.0
521,ORIT_4fbe48,ORD_4fbe48,BedLin_8a26,1,3800.0,3800.0
522,ORIT_a8ddf9,ORD_a8ddf9,BedCot_87ca,1,1200.0,1200.0
523,ORIT_70db26,ORD_70db26,MatSpr_ba3a,1,8000.0,8000.0
524,ORIT_179457,ORD_179457,MatPoc_1e64,1,8500.0,8500.0
525,ORIT_99f03c,ORD_99f03c,MatPoc_f6cb,2,17500.0,35000.0
526,ORIT_f1898f,ORD_f1898f,MatSpr_acd0,1,8000.0,8000.0
527,ORIT_acb8cb,ORD_acb8cb,MatSpr_28ce,1,6000.0,6000.0
528,ORIT_a16e0f,ORD_a16e0f,BolCot_3050,4,300.0,1200.0
529,ORIT_af2c5a,ORD_af2c5a,BlaCot_8a14,1,1200.0,1200.0
530,ORIT_688df9,ORD_688df9,MatFoa_13fa,4,7500.0,30000.0
531,ORIT_601500,ORD_601500,PilPol_3076,1,180.0,180.0
532,ORIT_849ee0,ORD_849ee0,MatSpr_ccc4,4,6000.0,24000.0
533,ORIT_267725,ORD_267725,BolPol_cfd7,1,220.0,220.0
534,ORIT_6fc36d,ORD_6fc36d,MatPoc_2df5,1,17500.0,17500.0
535,ORIT_bb9feb,ORD_bb9feb,MatSpr_ba3a,1,8000.0,8000.0
536,ORIT_15ba1f,ORD_15ba1f,PilPol_662f,1,180.0,180.0
537,ORIT_e0d2aa,ORD_e0d2aa,BedCot_d278,1,1200.0,1200.0
538,ORIT_b9ff76,ORD_b9ff76,MatPoc_6ee7,1,13000.0,13000.0
539,ORIT_740bf9,ORD_740bf9,BedPol_f406,1,500.0,500.0
540,ORIT_b25d77,ORD_b25d77,MatSpr_acd0,1,8000.0,8000.0
541,ORIT_dd2ace,ORD_dd2ace,MatPoc_1e64,1,8500.0,8500.0
542,ORIT_493e43,ORD_493e43,PilPol_662f,2,180.0,360.0
543,ORIT_ec0261,ORD_ec0261,MatPoc_6ee7,2,13000.0,26000.0
544,ORIT_9fc6d2,ORD_9fc6d2,BedPol_e207,1,400.0,400.0
545,ORIT_4125ad,ORD_4125ad,BedCot_2397,4,1500.0,6000.0
546,ORIT_08800f,ORD_08800f,PilPol_662f,1,180.0,180.0
547,ORIT_debe6a,ORD_debe6a,PilFea_8a5d,1,650.0,650.0
548,ORIT_86fd6b,ORD_86fd6b,MatPoc_6ee7,1,13000.0,13000.0
549,ORIT_5711da,ORD_5711da,MatSpr_28ce,1,6000.0,6000.0
550,ORIT_ecbdcb,ORD_ecbdcb,PilPol_a442,1,180.0,180.0
551,ORIT_423722,ORD_423722,BedPol_e207,1,400.0,400.0
552,ORIT_c296b7,ORD_c296b7,BolPol_f3ad,1,220.0,220.0
553,ORIT_867365,ORD_867365,BolCot_3050,1,300.0,300.0
554,ORIT_5e3bf5,ORD_5e3bf5,MatPoc_45de,1,13000.0,13000.0
555,ORIT_f8d92a,ORD_f8d92a,MatSpr_ccc4,1,6000.0,6000.0
556,ORIT_4a2c66,ORD_4a2c66,BlaFle_394c,1,600.0,600.0
557,ORIT_0e1e92,ORD_0e1e92,PilPol_662f,1,180.0,180.0
558,ORIT_9f14f5,ORD_9f14f5,BolPol_f3ad,2,220.0,440.0
559,ORIT_9e3c66,ORD_9e3c66,MatPoc_f6cb,1,17500.0,17500.0
560,ORIT_f1cb4a,ORD_f1cb4a,MatSpr_28ce,4,6000.0,24000.0
561,ORIT_45c90f,ORD_45c90f,BedPol_e207,4,400.0,1600.0
562,ORIT_fa9b54,ORD_fa9b54,MatSpr_ba3a,3,8000.0,24000.0
563,ORIT_6e8e39,ORD_6e8e39,BolPol_82d7,2,220.0,440.0
564,ORIT_573b65,ORD_573b65,BedPol_d3de,4,500.0,2000.0
565,ORIT_14e722,ORD_14e722,BedPol_e8c9,4,400.0,1600.0
566,ORIT_23a676,ORD_23a676,BedCot_4e8b,4,1500.0,6000.0
567,ORIT_ca0397,ORD_ca0397,MatPoc_6ee7,4,13000.0,52000.0
568,ORIT_2120e7,ORD_2120e7,MatFoa_182e,4,5500.0,22000.0
569,ORIT_5bde9e,ORD_5bde9e,BedCot_87ca,3,1200.0,3600.0
570,ORIT_2f5e0e,ORD_2f5e0e,MatFoa_13fa,4,7500.0,30000.0
571,ORIT_3ab435,ORD_3ab435,MatSpr_acd0,3,8000.0,24000.0
572,ORIT_eeaf2c,ORD_eeaf2c,BedLin_5d3d,3,4200.0,12600.0
573,ORIT_c7a5c1,ORD_c7a5c1,MatSpr_28ce,3,6000.0,18000.0
574,ORIT_10140b,ORD_10140b,BedCot_4a29,3,800.0,2400.0
575,ORIT_5b037c,ORD_5b037c,MatPoc_6ee7,1,13000.0,13000.0
576,ORIT_1cf3ad,ORD_1cf3ad,BedCot_4a29,4,800.0,3200.0
577,ORIT_860426,ORD_860426,MatPoc_f6cb,2,17500.0,35000.0
578,ORIT_49b952,ORD_49b952,PilFea_8a5d,2,650.0,1300.0
579,ORIT_d64522,ORD_d64522,BolPol_82d7,1,220.0,220.0
580,ORIT_898335,ORD_898335,PilPol_662f,1,180.0,180.0
581,ORIT_503c0c,ORD_503c0c,PilPol_3076,1,180.0,180.0
582,ORIT_831190,ORD_831190,MatFoa_e09a,1,5500.0,5500.0
583,ORIT_0eb505,ORD_0eb505,MatSpr_ccc4,1,6000.0,6000.0
584,ORIT_4a9303,ORD_4a9303,MatPoc_2df5,1,17500.0,17500.0
585,ORIT_4de1a0,ORD_4de1a0,PilPol_a442,1,180.0,180.0
586,ORIT_90b748,ORD_90b748,MatSpr_06ac,1,4000.0,4000.0
587,ORIT_76323c,ORD_76323c,MatSpr_ba3a,1,8000.0,8000.0
588,ORIT_356fde,ORD_356fde,MatSpr_ccc4,1,6000.0,6000.0
589,ORIT_6712dc,ORD_6712dc,MatSpr_acd0,4,8000.0,32000.0
590,ORIT_b66b96,ORD_b66b96,MatSpr_28ce,1,6000.0,6000.0
591,ORIT_ad6bf8,ORD_ad6bf8,MatPoc_f6cb,1,17500.0,17500.0
592,ORIT_28d246,ORD_28d246,BolPol_cfd7,1,220.0,220.0
593,ORIT_8065ba,ORD_8065ba,MatPoc_f6cb,1,17500.0,17500.0
594,ORIT_9159fd,ORD_9159fd,PilPol_662f,1,180.0,180.0
595,ORIT_3e40d7,ORD_3e40d7,MatSpr_ccc4,1,6000.0,6000.0
596,ORIT_5cd8c4,ORD_5cd8c4,BlaFla_78f1,4,1000.0,4000.0
597,ORIT_386927,ORD_386927,MatSpr_acd0,3,8000.0,24000.0
598,ORIT_09c72b,ORD_09c72b,BedPol_5ab8,3,600.0,1800.0
599,ORIT_aea3ba,ORD_aea3ba,BedCot_2449,4,800.0,3200.0
600,ORIT_74f19c,ORD_74f19c,MatFoa_28ad,4,7500.0,30000.0
601,ORIT_e716f9,ORD_e716f9,PilPol_662f,4,180.0,720.0
602,ORIT_6e662e,ORD_6e662e,BedCot_c645,3,1200.0,3600.0
603,ORIT_6426b5,ORD_6426b5,PilCot_b22a,3,250.0,750.0
604,ORIT_4ddfce,ORD_4ddfce,PilPol_3076,2,180.0,360.0
605,ORIT_603db5,ORD_603db5,BedCot_2397,2,1500.0,3000.0
606,ORIT_abb79d,ORD_abb79d,BedPol_5144,3,600.0,1800.0
607,ORIT_a7d614,ORD_a7d614,MatSpr_ba3a,1,8000.0,8000.0
608,ORIT_9b9a5f,ORD_9b9a5f,PilPol_3076,2,180.0,360.0
609,ORIT_f00c11,ORD_f00c11,BedCot_4a29,3,800.0,2400.0
610,ORIT_31e89d,ORD_31e89d,MatSpr_28ce,3,6000.0,18000.0
611,ORIT_553e88,ORD_553e88,BedCot_4e8b,1,1500.0,1500.0
612,ORIT_410309,ORD_410309,MatFoa_182e,2,5500.0,11000.0
613,ORIT_ebdd80,ORD_ebdd80,BolCot_3050,1,300.0,300.0
614,ORIT_f44d57,ORD_f44d57,MatPoc_2df5,2,17500.0,35000.0
615,ORIT_08e460,ORD_08e460,MatSpr_56a3,2,4000.0,8000.0
616,ORIT_b4d985,ORD_b4d985,MatSpr_06ac,1,4000.0,4000.0
617,ORIT_c82749,ORD_c82749,BedCot_c645,1,1200.0,1200.0
618,ORIT_88b3a1,ORD_88b3a1,BedPol_f406,1,500.0,500.0
619,ORIT_2675d3,ORD_2675d3,MatSpr_56a3,1,4000.0,4000.0
620,ORIT_ef9516,ORD_ef9516,MatPoc_f6cb,1,17500.0,17500.0
621,ORIT_8db305,ORD_8db305,BolCot_21df,1,300.0,300.0
622,ORIT_ad4656,ORD_ad4656,BolPol_cfd7,1,220.0,220.0
623,ORIT_58ad98,ORD_58ad98,MatSpr_06ac,2,4000.0,8000.0
624,ORIT_c499c8,ORD_c499c8,BedCot_2397,1,1500.0,1500.0
625,ORIT_8d223b,ORD_8d223b,MatSpr_56a3,1,4000.0,4000.0
626,ORIT_73b867,ORD_73b867,PilFea_115c,1,650.0,650.0
627,ORIT_739d44,ORD_739d44,MatPoc_6ee7,1,13000.0,13000.0
628,ORIT_c36375,ORD_c36375,BedCot_4e8b,2,1500.0,3000.0
629,ORIT_c9df24,ORD_c9df24,MatPoc_1e64,1,8500.0,8500.0
630,ORIT_128995,ORD_128995,BedLin_2f24,1,2000.0,2000.0
631,ORIT_611c3b,ORD_611c3b,PilPol_662f,1,180.0,180.0
632,ORIT_39796a,ORD_39796a,BlaCot_9ebb,3,1200.0,3600.0
633,ORIT_5e387d,ORD_5e387d,MatSpr_ba3a,1,8000.0,8000.0
634,ORIT_1cb803,ORD_1cb803,BedCot_2397,2,1500.0,3000.0
635,ORIT_291962,ORD_291962,BlaFle_394c,1,600.0,600.0
636,ORIT_40df56,ORD_40df56,PilFea_8a5d,1,650.0,650.0
637,ORIT_71c07c,ORD_71c07c,BedPol_e8c9,1,400.0,400.0
638,ORIT_99bf17,ORD_99bf17,PilPol_3076,1,180.0,180.0
639,ORIT_66d878,ORD_66d878,MatFoa_4414,1,3500.0,3500.0
640,ORIT_6cce6a,ORD_6cce6a,MatSpr_ccc4,1,6000.0,6000.0
641,ORIT_c4e56f,ORD_c4e56f,BedCot_c645,1,1200.0,1200.0
642,ORIT_c1b602,ORD_c1b602,PilPol_662f,2,180.0,360.0
643,ORIT_384e75,ORD_384e75,BedCot_2449,1,800.0,800.0
644,ORIT_cb6911,ORD_cb6911,MatSpr_acd0,1,8000.0,8000.0
645,ORIT_c846d0,ORD_c846d0,MatSpr_ba3a,1,8000.0,8000.0
646,ORIT_cc53a5,ORD_cc53a5,PilFea_8a5d,3,650.0,1950.0
647,ORIT_6eb612,ORD_6eb612,PilFea_8a5d,2,650.0,1300.0
648,ORIT_d02767,ORD_d02767,MatSpr_ccc4,4,6000.0,24000.0
649,ORIT_298055,ORD_298055,BedPol_239e,4,600.0,2400.0
650,ORIT_2d2719,ORD_2d2719,BolPol_f3ad,3,220.0,660.0
651,ORIT_9b9037,ORD_9b9037,MatPoc_f6cb,3,17500.0,52500.0
652,ORIT_6ebf00,ORD_6ebf00,MatFoa_e09a,1,5500.0,5500.0
653,ORIT_02d017,ORD_02d017,MatSpr_acd0,4,8000.0,32000.0
654,ORIT_a4e955,ORD_a4e955,MatFoa_182e,4,5500.0,22000.0
655,ORIT_e2a144,ORD_e2a144,MatSpr_acd0,2,8000.0,16000.0
656,ORIT_25c5aa,ORD_25c5aa,PilPol_a442,3,180.0,540.0
657,ORIT_5c681b,ORD_5c681b,BedCot_4a29,1,800.0,800.0
658,ORIT_5dfeed,ORD_5dfeed,BolFea_b87f,2,700.0,1400.0
659,ORIT_b88d83,ORD_b88d83,MatPoc_f6cb,1,17500.0,17500.0
660,ORIT_4e97a1,ORD_4e97a1,BolCot_21df,1,300.0,300.0
661,ORIT_3122b8,ORD_3122b8,PilPol_662f,1,180.0,180.0
662,ORIT_92d2b5,ORD_92d2b5,BolCot_31e6,4,300.0,1200.0
663,ORIT_e17aef,ORD_e17aef,MatSpr_acd0,1,8000.0,8000.0
664,ORIT_c0626b,ORD_c0626b,BedPol_5ab8,1,600.0,600.0
665,ORIT_c91384,ORD_c91384,PilFea_56ac,2,650.0,1300.0
666,ORIT_5c1c80,ORD_5c1c80,MatFoa_4414,1,3500.0,3500.0
667,ORIT_3a90bf,ORD_3a90bf,MatSpr_ccc4,4,6000.0,24000.0
668,ORIT_bad897,ORD_bad897,MatPoc_45de,1,13000.0,13000.0
669,ORIT_bb09ec,ORD_bb09ec,PilPol_3076,2,180.0,360.0
670,ORIT_439772,ORD_439772,MatSpr_06ac,1,4000.0,4000.0
671,ORIT_b2cf22,ORD_b2cf22,BedPol_5ab8,1,600.0,600.0
672,ORIT_70fb99,ORD_70fb99,MatSpr_ccc4,2,6000.0,12000.0
673,ORIT_5738ba,ORD_5738ba,MatSpr_ba3a,1,8000.0,8000.0
674,ORIT_d79e53,ORD_d79e53,BlaFle_5881,4,700.0,2800.0
675,ORIT_2c7271,ORD_2c7271,MatSpr_ba3a,3,8000.0,24000.0
676,ORIT_ebcfcb,ORD_ebcfcb,BedLin_67d1,2,3800.0,7600.0
677,ORIT_58b22a,ORD_58b22a,MatSpr_acd0,4,8000.0,32000.0
678,ORIT_44df34,ORD_44df34,BolPol_cfd7,4,220.0,880.0
679,ORIT_52440a,ORD_52440a,MatSpr_ba3a,2,8000.0,16000.0
680,ORIT_ec5bfc,ORD_ec5bfc,MatSpr_ccc4,3,6000.0,18000.0
681,ORIT_b7aa80,ORD_b7aa80,PilCot_b22a,4,250.0,1000.0
682,ORIT_605f6c,ORD_605f6c,MatPoc_f6cb,2,17500.0,35000.0
683,ORIT_530a8a,ORD_530a8a,PilPol_a442,2,180.0,360.0
684,ORIT_cbb297,ORD_cbb297,MatPoc_2df5,4,17500.0,70000.0
685,ORIT_1265c3,ORD_1265c3,PilPol_3076,4,180.0,720.0
686,ORIT_cc192a,ORD_cc192a,MatSpr_28ce,2,6000.0,12000.0
687,ORIT_9df8e5,ORD_9df8e5,MatFoa_13fa,3,7500.0,22500.0
688,ORIT_b66144,ORD_b66144,MatSpr_ccc4,3,6000.0,18000.0
689,ORIT_8a4999,ORD_8a4999,BedCot_17f5,2,1500.0,3000.0
690,ORIT_2b62bf,ORD_2b62bf,MatFoa_13fa,2,7500.0,15000.0
691,ORIT_516c41,ORD_516c41,MatSpr_ccc4,2,6000.0,12000.0
692,ORIT_24ebc6,ORD_24ebc6,MatPoc_6ee7,4,13000.0,52000.0
693,ORIT_7e0e7a,ORD_7e0e7a,BedCot_2397,2,1500.0,3000.0
694,ORIT_6392c1,ORD_6392c1,MatSpr_28ce,2,6000.0,12000.0
695,ORIT_0ae98c,ORD_0ae98c,MatSpr_28ce,2,6000.0,12000.0
696,ORIT_1cc146,ORD_1cc146,BedPol_239e,2,600.0,1200.0
697,ORIT_cf1337,ORD_cf1337,MatPoc_6ee7,1,13000.0,13000.0
698,ORIT_129f5c,ORD_129f5c,PilFea_115c,4,650.0,2600.0
699,ORIT_0ad227,ORD_0ad227,BolFea_98d4,1,700.0,700.0
700,ORIT_817838,ORD_817838,BedCot_87ca,4,1200.0,4800.0
701,ORIT_560e02,ORD_560e02,BedCot_2449,2,800.0,1600.0
702,ORIT_c67b5f,ORD_c67b5f,MatPoc_2df5,4,17500.0,70000.0
703,ORIT_aa7c29,ORD_aa7c29,MatSpr_acd0,1,8000.0,8000.0
704,ORIT_d0f0e9,ORD_d0f0e9,MatPoc_f6cb,1,17500.0,17500.0
705,ORIT_0300cd,ORD_0300cd,MatSpr_ccc4,1,6000.0,6000.0
706,ORIT_077df3,ORD_077df3,PilFea_56ac,1,650.0,650.0
707,ORIT_957af7,ORD_957af7,BedCot_87ca,1,1200.0,1200.0
708,ORIT_7fb7be,ORD_7fb7be,MatFoa_182e,4,5500.0,22000.0
709,ORIT_b15f75,ORD_b15f75,BedCot_2397,1,1500.0,1500.0
710,ORIT_731971,ORD_731971,BedCot_17f5,1,1500.0,1500.0
711,ORIT_bf533f,ORD_bf533f,MatPoc_6ee7,1,13000.0,13000.0
712,ORIT_2b4f2b,ORD_2b4f2b,MatFoa_13fa,2,7500.0,15000.0
713,ORIT_62de60,ORD_62de60,BedLin_67d1,2,3800.0,7600.0
714,ORIT_51be2a,ORD_51be2a,MatSpr_06ac,1,4000.0,4000.0
715,ORIT_c88da4,ORD_c88da4,MatSpr_28ce,2,6000.0,12000.0
716,ORIT_530332,ORD_530332,BedCot_d278,1,1200.0,1200.0
717,ORIT_f30dd2,ORD_f30dd2,MatFoa_182e,2,5500.0,11000.0
718,ORIT_12b809,ORD_12b809,MatSpr_ba3a,1,8000.0,8000.0
719,ORIT_fce982,ORD_fce982,PilPol_662f,1,180.0,180.0
720,ORIT_43aaae,ORD_43aaae,MatSpr_06ac,1,4000.0,4000.0
721,ORIT_ba744d,ORD_ba744d,BedCot_2397,4,1500.0,6000.0
722,ORIT_c0f1bf,ORD_c0f1bf,MatSpr_ba3a,1,8000.0,8000.0
723,ORIT_887f4f,ORD_887f4f,BedCot_6141,1,800.0,800.0
724,ORIT_7ec871,ORD_7ec871,MatPoc_6ee7,1,13000.0,13000.0
725,ORIT_d2d8f2,ORD_d2d8f2,MatSpr_ccc4,1,6000.0,6000.0
726,ORIT_70bd5b,ORD_70bd5b,BedCot_4e8b,1,1500.0,1500.0
727,ORIT_b415ab,ORD_b415ab,MatSpr_28ce,1,6000.0,6000.0
728,ORIT_a9f891,ORD_a9f891,PilPol_a442,3,180.0,540.0
729,ORIT_06922a,ORD_06922a,BedCot_17f5,3,1500.0,4500.0
730,ORIT_27e800,ORD_27e800,PilPol_662f,2,180.0,360.0
731,ORIT_ddf86e,ORD_ddf86e,PilCot_3481,3,250.0,750.0
732,ORIT_97a50d,ORD_97a50d,MatPoc_2df5,3,17500.0,52500.0
733,ORIT_c18999,ORD_c18999,MatSpr_28ce,3,6000.0,18000.0
734,ORIT_3cbc72,ORD_3cbc72,BedCot_2397,4,1500.0,6000.0
735,ORIT_d80912,ORD_d80912,MatSpr_28ce,4,6000.0,24000.0
736,ORIT_40765c,ORD_40765c,MatSpr_ccc4,2,6000.0,12000.0
737,ORIT_342e76,ORD_342e76,MatPoc_1e64,4,8500.0,34000.0
738,ORIT_d257fe,ORD_d257fe,MatFoa_e09a,3,5500.0,16500.0
739,ORIT_090966,ORD_090966,MatPoc_2df5,4,17500.0,70000.0
740,ORIT_584d23,ORD_584d23,MatFoa_182e,3,5500.0,16500.0
741,ORIT_b45e9a,ORD_b45e9a,MatPoc_1e64,2,8500.0,17000.0
742,ORIT_5fb3f6,ORD_5fb3f6,BolPol_f3ad,2,220.0,440.0
743,ORIT_fb82b0,ORD_fb82b0,MatPoc_f6cb,2,17500.0,35000.0
744,ORIT_4d3d21,ORD_4d3d21,BolPol_cfd7,3,220.0,660.0
745,ORIT_d45496,ORD_d45496,PilFea_56ac,2,650.0,1300.0
746,ORIT_4509e1,ORD_4509e1,BedPol_e8c9,3,400.0,1200.0
747,ORIT_736df5,ORD_736df5,BlaFle_c9a0,1,600.0,600.0
748,ORIT_c0cc0a,ORD_c0cc0a,MatPoc_f6cb,1,17500.0,17500.0
749,ORIT_2bfe75,ORD_2bfe75,BolPol_f3ad,1,220.0,220.0
750,ORIT_542839,ORD_542839,PilFea_56ac,3,650.0,1950.0
751,ORIT_e7eec2,ORD_e7eec2,PilPol_662f,3,180.0,540.0
752,ORIT_e0bc1c,ORD_e0bc1c,MatPoc_f6cb,3,17500.0,52500.0
753,ORIT_19ceaf,ORD_19ceaf,BedCot_4a29,3,800.0,2400.0
754,ORIT_5ac340,ORD_5ac340,BedCot_87ca,2,1200.0,2400.0
755,ORIT_8fecb2,ORD_8fecb2,BedCot_d278,1,1200.0,1200.0
756,ORIT_1e15bd,ORD_1e15bd,MatSpr_ba3a,1,8000.0,8000.0
757,ORIT_e69879,ORD_e69879,MatPoc_f6cb,1,17500.0,17500.0
758,ORIT_8fce19,ORD_8fce19,MatFoa_e09a,3,5500.0,16500.0
759,ORIT_8eb30f,ORD_8eb30f,BedLin_18f8,3,2000.0,6000.0
760,ORIT_cbdf2c,ORD_cbdf2c,BedCot_17f5,1,1500.0,1500.0
761,ORIT_2ec391,ORD_2ec391,MatSpr_acd0,1,8000.0,8000.0
762,ORIT_91fe39,ORD_91fe39,BedCot_6141,2,800.0,1600.0
763,ORIT_242696,ORD_242696,MatSpr_28ce,2,6000.0,12000.0
764,ORIT_8c7c0c,ORD_8c7c0c,BolPol_82d7,2,220.0,440.0
765,ORIT_80595d,ORD_80595d,PilPol_a442,3,180.0,540.0
766,ORIT_c66d34,ORD_c66d34,BlaCot_9781,1,1200.0,1200.0
767,ORIT_eca88c,ORD_eca88c,BedPol_3807,3,500.0,1500.0
768,ORIT_a087fc,ORD_a087fc,BedLin_2f24,1,2000.0,2000.0
769,ORIT_d7eb00,ORD_d7eb00,PilCot_3481,4,250.0,1000.0
770,ORIT_0a3169,ORD_0a3169,BedPol_5ab8,1,600.0,600.0
771,ORIT_cc1310,ORD_cc1310,BolPol_cfd7,1,220.0,220.0
772,ORIT_a72f68,ORD_a72f68,PilPol_a442,1,180.0,180.0
773,ORIT_07b6bb,ORD_07b6bb,BlaCot_6c4b,1,2200.0,2200.0
774,ORIT_927fbf,ORD_927fbf,MatPoc_6ee7,4,13000.0,52000.0
775,ORIT_9fd87c,ORD_9fd87c,BlaFla_ad01,1,1200.0,1200.0
776,ORIT_53c145,ORD_53c145,MatPoc_45de,4,13000.0,52000.0
777,ORIT_6294d1,ORD_6294d1,BedCot_4e8b,4,1500.0,6000.0
778,ORIT_5168a1,ORD_5168a1,BedCot_6141,2,800.0,1600.0
779,ORIT_518dba,ORD_518dba,MatPoc_45de,3,13000.0,39000.0
780,ORIT_75f6c6,ORD_75f6c6,BedPol_f406,3,500.0,1500.0
781,ORIT_53ed74,ORD_53ed74,MatSpr_ccc4,3,6000.0,18000.0
782,ORIT_83bd9a,ORD_83bd9a,PilPol_3076,3,180.0,540.0
783,ORIT_691980,ORD_691980,BedCot_d278,1,1200.0,1200.0
784,ORIT_5e85b7,ORD_5e85b7,MatPoc_45de,1,13000.0,13000.0
785,ORIT_18b2d7,ORD_18b2d7,MatSpr_06ac,1,4000.0,4000.0
786,ORIT_2bf5bf,ORD_2bf5bf,MatFoa_182e,1,5500.0,5500.0
787,ORIT_8b866e,ORD_8b866e,BedCot_87ca,1,1200.0,1200.0
788,ORIT_5befe5,ORD_5befe5,BlaFla_ad01,1,1200.0,1200.0
789,ORIT_06b0fc,ORD_06b0fc,BedCot_2397,1,1500.0,1500.0
790,ORIT_e3d260,ORD_e3d260,BolCot_21df,2,300.0,600.0
791,ORIT_e3f057,ORD_e3f057,BedCot_87ca,3,1200.0,3600.0
792,ORIT_bcab72,ORD_bcab72,MatSpr_ba3a,3,8000.0,24000.0
793,ORIT_361a60,ORD_361a60,MatSpr_56a3,3,4000.0,12000.0
794,ORIT_4e3666,ORD_4e3666,PilFea_8a5d,3,650.0,1950.0
795,ORIT_a7f6a7,ORD_a7f6a7,MatSpr_ba3a,3,8000.0,24000.0
796,ORIT_dbe1c7,ORD_dbe1c7,BedLin_aa0f,2,4200.0,8400.0
797,ORIT_366273,ORD_366273,MatFoa_28ad,3,7500.0,22500.0
798,ORIT_b7754f,ORD_b7754f,MatSpr_acd0,4,8000.0,32000.0
799,ORIT_eaccf8,ORD_eaccf8,MatFoa_182e,3,5500.0,16500.0
800,ORIT_375b52,ORD_375b52,MatPoc_2df5,3,17500.0,52500.0
801,ORIT_45529e,ORD_45529e,BlaFle_0f50,3,300.0,900.0
802,ORIT_0489ae,ORD_0489ae,BlaFle_9bda,3,700.0,2100.0
803,ORIT_167d33,ORD_167d33,MatSpr_06ac,1,4000.0,4000.0
804,ORIT_d71230,ORD_d71230,MatFoa_e09a,1,5500.0,5500.0
805,ORIT_ae05a2,ORD_ae05a2,MatPoc_27a0,1,8500.0,8500.0
806,ORIT_05b6d8,ORD_05b6d8,BedCot_4a29,4,800.0,3200.0
807,ORIT_7e3697,ORD_7e3697,MatPoc_2df5,1,17500.0,17500.0
808,ORIT_df8ea3,ORD_df8ea3,BedCot_2449,1,800.0,800.0
809,ORIT_1b2e07,ORD_1b2e07,PilPol_a442,1,180.0,180.0
810,ORIT_377485,ORD_377485,BedPol_5ab8,4,600.0,2400.0
811,ORIT_0db544,ORD_0db544,BolPol_82d7,3,220.0,660.0
812,ORIT_e6c469,ORD_e6c469,MatSpr_ba3a,3,8000.0,24000.0
813,ORIT_adf65a,ORD_adf65a,BolPol_f3ad,4,220.0,880.0
814,ORIT_2d74e3,ORD_2d74e3,BedPol_d3de,4,500.0,2000.0
815,ORIT_d4a4ab,ORD_d4a4ab,PilFea_56ac,1,650.0,650.0
816,ORIT_af151c,ORD_af151c,BedLin_8a26,3,3800.0,11400.0
817,ORIT_ca06f1,ORD_ca06f1,BedCot_4e8b,3,1500.0,4500.0
818,ORIT_68b686,ORD_68b686,BolPol_f3ad,4,220.0,880.0
819,ORIT_4da88d,ORD_4da88d,MatPoc_1e64,1,8500.0,8500.0
820,ORIT_050fee,ORD_050fee,MatPoc_6ee7,1,13000.0,13000.0
821,ORIT_ff26d4,ORD_ff26d4,BedCot_6141,3,800.0,2400.0
822,ORIT_72950c,ORD_72950c,BedCot_87ca,3,1200.0,3600.0
823,ORIT_f21dcf,ORD_f21dcf,MatFoa_e09a,2,5500.0,11000.0
824,ORIT_ab92cc,ORD_ab92cc,BedCot_17f5,3,1500.0,4500.0
825,ORIT_04390f,ORD_04390f,BedPol_239e,3,600.0,1800.0
826,ORIT_f61a1e,ORD_f61a1e,MatFoa_4414,4,3500.0,14000.0
827,ORIT_bec12a,ORD_bec12a,MatPoc_f6cb,3,17500.0,52500.0
828,ORIT_9502f3,ORD_9502f3,MatSpr_acd0,3,8000.0,24000.0
829,ORIT_5b3c9b,ORD_5b3c9b,BedCot_2449,1,800.0,800.0
830,ORIT_ce31e8,ORD_ce31e8,BolPol_f3ad,1,220.0,220.0
831,ORIT_802e65,ORD_802e65,MatFoa_13fa,1,7500.0,7500.0
832,ORIT_5fdf51,ORD_5fdf51,BedPol_5ab8,3,600.0,1800.0
833,ORIT_ff7e12,ORD_ff7e12,MatSpr_ccc4,2,6000.0,12000.0
834,ORIT_6b5063,ORD_6b5063,BedCot_d278,1,1200.0,1200.0
835,ORIT_ab9a5a,ORD_ab9a5a,MatSpr_acd0,3,8000.0,24000.0
836,ORIT_6269a1,ORD_6269a1,BedCot_4a29,1,800.0,800.0
837,ORIT_00611e,ORD_00611e,BedCot_4e8b,1,1500.0,1500.0
838,ORIT_5ceb1b,ORD_5ceb1b,MatSpr_ba3a,1,8000.0,8000.0
839,ORIT_d01205,ORD_d01205,MatSpr_ba3a,3,8000.0,24000.0
840,ORIT_38c48d,ORD_38c48d,MatSpr_ccc4,1,6000.0,6000.0
841,ORIT_0ecc4f,ORD_0ecc4f,MatPoc_f6cb,1,17500.0,17500.0
842,ORIT_5141e2,ORD_5141e2,BedCot_4e8b,1,1500.0,1500.0
843,ORIT_7673ec,ORD_7673ec,BlaFle_991d,1,300.0,300.0
844,ORIT_d26cda,ORD_d26cda,MatPoc_6ee7,2,13000.0,26000.0
845,ORIT_1ef8a0,ORD_1ef8a0,MatSpr_ccc4,1,6000.0,6000.0
846,ORIT_51cf54,ORD_51cf54,MatPoc_6ee7,1,13000.0,13000.0
847,ORIT_e05435,ORD_e05435,BedCot_2397,1,1500.0,1500.0
848,ORIT_320899,ORD_320899,MatSpr_28ce,2,6000.0,12000.0
849,ORIT_5df7eb,ORD_5df7eb,PilPol_3076,1,180.0,180.0
850,ORIT_334183,ORD_334183,BedCot_c645,1,1200.0,1200.0
851,ORIT_624731,ORD_624731,BedCot_6141,1,800.0,800.0
852,ORIT_5bd5fc,ORD_5bd5fc,BolPol_82d7,1,220.0,220.0
853,ORIT_8e20a8,ORD_8e20a8,BedCot_2449,1,800.0,800.0
854,ORIT_37ad27,ORD_37ad27,BedCot_17f5,3,1500.0,4500.0
855,ORIT_9a5308,ORD_9a5308,BlaFla_1d9c,3,1000.0,3000.0
856,ORIT_d71366,ORD_d71366,BlaFle_991d,4,300.0,1200.0
857,ORIT_37d97d,ORD_37d97d,PilPol_a442,2,180.0,360.0
858,ORIT_f9fb95,ORD_f9fb95,MatPoc_2df5,2,17500.0,35000.0
859,ORIT_9a3019,ORD_9a3019,BolCot_31e6,4,300.0,1200.0
860,ORIT_9c81b7,ORD_9c81b7,PilPol_662f,4,180.0,720.0
861,ORIT_598258,ORD_598258,BolPol_f3ad,4,220.0,880.0
862,ORIT_6c8d82,ORD_6c8d82,MatSpr_ccc4,2,6000.0,12000.0
863,ORIT_2c343d,ORD_2c343d,BedPol_f406,2,500.0,1000.0
864,ORIT_d074b9,ORD_d074b9,MatSpr_ccc4,2,6000.0,12000.0
865,ORIT_950199,ORD_950199,BlaFle_1485,3,300.0,900.0
866,ORIT_f6c241,ORD_f6c241,BedCot_17f5,4,1500.0,6000.0
867,ORIT_dd7fa2,ORD_dd7fa2,BolCot_3050,4,300.0,1200.0
868,ORIT_1d18b2,ORD_1d18b2,MatSpr_06ac,4,4000.0,16000.0
869,ORIT_4bf63f,ORD_4bf63f,MatPoc_f6cb,3,17500.0,52500.0
870,ORIT_f6a650,ORD_f6a650,MatSpr_ba3a,4,8000.0,32000.0
871,ORIT_e2a514,ORD_e2a514,PilFea_56ac,2,650.0,1300.0
872,ORIT_d2060e,ORD_d2060e,MatSpr_ba3a,3,8000.0,24000.0
873,ORIT_d245fa,ORD_d245fa,PilPol_a442,1,180.0,180.0
874,ORIT_8ca6e5,ORD_8ca6e5,MatPoc_6ee7,1,13000.0,13000.0
875,ORIT_ee6506,ORD_ee6506,BedCot_6141,1,800.0,800.0
876,ORIT_fea48f,ORD_fea48f,BolPol_cfd7,1,220.0,220.0
877,ORIT_392fcb,ORD_392fcb,MatSpr_ccc4,1,6000.0,6000.0
878,ORIT_40a21c,ORD_40a21c,BlaFle_1485,1,300.0,300.0
879,ORIT_b9cfb2,ORD_b9cfb2,BolPol_82d7,2,220.0,440.0
880,ORIT_424d99,ORD_424d99,MatSpr_ba3a,1,8000.0,8000.0
881,ORIT_8187c2,ORD_8187c2,PilFea_8a5d,1,650.0,650.0
882,ORIT_af3d6e,ORD_af3d6e,MatSpr_06ac,1,4000.0,4000.0
883,ORIT_9b6544,ORD_9b6544,BedCot_87ca,2,1200.0,2400.0
884,ORIT_d31a26,ORD_d31a26,BolPol_cfd7,1,220.0,220.0
885,ORIT_d9e06a,ORD_d9e06a,BedCot_6141,1,800.0,800.0
886,ORIT_6f4774,ORD_6f4774,PilPol_a442,1,180.0,180.0
887,ORIT_0c3442,ORD_0c3442,BedCot_17f5,2,1500.0,3000.0
888,ORIT_279dbc,ORD_279dbc,MatSpr_28ce,2,6000.0,12000.0
889,ORIT_5bee4e,ORD_5bee4e,MatPoc_6ee7,1,13000.0,13000.0
890,ORIT_42b21a,ORD_42b21a,PilPol_a442,2,180.0,360.0
891,ORIT_c4944d,ORD_c4944d,MatPoc_2df5,1,17500.0,17500.0
892,ORIT_ff9be2,ORD_ff9be2,MatSpr_acd0,1,8000.0,8000.0
893,ORIT_36ebc5,ORD_36ebc5,MatSpr_28ce,1,6000.0,6000.0
894,ORIT_39ffe1,ORD_39ffe1,PilPol_3076,1,180.0,180.0
895,ORIT_4b4dae,ORD_4b4dae,MatSpr_ccc4,1,6000.0,6000.0
896,ORIT_99fbfe,ORD_99fbfe,MatPoc_6ee7,2,13000.0,26000.0
897,ORIT_1ca685,ORD_1ca685,PilFea_115c,1,650.0,650.0
898,ORIT_a3de1b,ORD_a3de1b,BedCot_6141,2,800.0,1600.0
899,ORIT_256737,ORD_256737,BolPol_cfd7,1,220.0,220.0
900,ORIT_4dd859,ORD_4dd859,MatSpr_06ac,1,4000.0,4000.0
901,ORIT_d46e99,ORD_d46e99,PilFea_56ac,1,650.0,650.0
902,ORIT_da3af7,ORD_da3af7,MatSpr_28ce,2,6000.0,12000.0
903,ORIT_fce682,ORD_fce682,MatPoc_2df5,1,17500.0,17500.0
904,ORIT_74eba3,ORD_74eba3,PilFea_56ac,1,650.0,650.0
905,ORIT_1bb487,ORD_1bb487,MatSpr_acd0,1,8000.0,8000.0
906,ORIT_57b81b,ORD_57b81b,BolPol_f3ad,1,220.0,220.0
907,ORIT_c4f4e4,ORD_c4f4e4,PilPol_662f,1,180.0,180.0
908,ORIT_aaa799,ORD_aaa799,MatPoc_6ee7,1,13000.0,13000.0
909,ORIT_76f3aa,ORD_76f3aa,BedCot_2449,1,800.0,800.0
910,ORIT_ae7fe7,ORD_ae7fe7,MatSpr_acd0,1,8000.0,8000.0
911,ORIT_46dd81,ORD_46dd81,BedCot_2397,4,1500.0,6000.0
912,ORIT_a7cf54,ORD_a7cf54,BolPol_cfd7,1,220.0,220.0
913,ORIT_ff034a,ORD_ff034a,BolPol_cfd7,1,220.0,220.0
914,ORIT_a916fb,ORD_a916fb,BedCot_4a29,1,800.0,800.0
915,ORIT_6c433f,ORD_6c433f,BedCot_87ca,2,1200.0,2400.0
916,ORIT_b82ffe,ORD_b82ffe,BedLin_5d3d,1,4200.0,4200.0
917,ORIT_d0d498,ORD_d0d498,MatFoa_182e,1,5500.0,5500.0
918,ORIT_686a9f,ORD_686a9f,BedCot_87ca,1,1200.0,1200.0
919,ORIT_780430,ORD_780430,MatSpr_acd0,3,8000.0,24000.0
920,ORIT_a546f9,ORD_a546f9,BedCot_2449,2,800.0,1600.0
921,ORIT_eef7e5,ORD_eef7e5,BedCot_6141,3,800.0,2400.0
922,ORIT_3ccf26,ORD_3ccf26,MatPoc_2df5,4,17500.0,70000.0
923,ORIT_f21195,ORD_f21195,MatSpr_acd0,4,8000.0,32000.0
924,ORIT_4cd6fd,ORD_4cd6fd,MatSpr_ccc4,3,6000.0,18000.0
925,ORIT_993778,ORD_993778,MatSpr_56a3,1,4000.0,4000.0
926,ORIT_897539,ORD_897539,MatSpr_ccc4,3,6000.0,18000.0
927,ORIT_c849ca,ORD_c849ca,MatFoa_182e,1,5500.0,5500.0
928,ORIT_6a1259,ORD_6a1259,MatSpr_28ce,3,6000.0,18000.0
929,ORIT_35f24f,ORD_35f24f,MatFoa_e09a,2,5500.0,11000.0
930,ORIT_71e7e4,ORD_71e7e4,MatSpr_56a3,2,4000.0,8000.0
931,ORIT_44b5e5,ORD_44b5e5,PilPol_3076,3,180.0,540.0
932,ORIT_41f1ca,ORD_41f1ca,MatSpr_acd0,2,8000.0,16000.0
933,ORIT_745289,ORD_745289,BedCot_2449,4,800.0,3200.0
934,ORIT_671e7c,ORD_671e7c,MatSpr_ba3a,3,8000.0,24000.0
935,ORIT_fbb705,ORD_fbb705,MatPoc_2df5,2,17500.0,35000.0
936,ORIT_a004bc,ORD_a004bc,BedCot_4e8b,1,1500.0,1500.0
937,ORIT_89fe61,ORD_89fe61,MatSpr_06ac,1,4000.0,4000.0
938,ORIT_4dc4ed,ORD_4dc4ed,MatSpr_ba3a,1,8000.0,8000.0
939,ORIT_231b71,ORD_231b71,MatPoc_27a0,1,8500.0,8500.0
940,ORIT_deaff9,ORD_deaff9,MatSpr_ba3a,1,8000.0,8000.0
941,ORIT_06d62b,ORD_06d62b,MatSpr_acd0,1,8000.0,8000.0
942,ORIT_341561,ORD_341561,MatPoc_2df5,2,17500.0,35000.0
943,ORIT_76a5eb,ORD_76a5eb,BedPol_239e,2,600.0,1200.0
944,ORIT_ebf4cd,ORD_ebf4cd,MatPoc_f6cb,1,17500.0,17500.0
945,ORIT_ce7edd,ORD_ce7edd,BedPol_2724,1,400.0,400.0
946,ORIT_adf419,ORD_adf419,BedPol_e207,2,400.0,800.0
947,ORIT_10e30b,ORD_10e30b,BolPol_f3ad,1,220.0,220.0
948,ORIT_f17569,ORD_f17569,BolPol_82d7,1,220.0,220.0
949,ORIT_0cecfe,ORD_0cecfe,PilPol_662f,1,180.0,180.0
950,ORIT_9ed46c,ORD_9ed46c,PilFea_115c,1,650.0,650.0
951,ORIT_438652,ORD_438652,MatSpr_ccc4,1,6000.0,6000.0
952,ORIT_60a332,ORD_60a332,MatSpr_ccc4,1,6000.0,6000.0
953,ORIT_93377c,ORD_93377c,MatSpr_56a3,3,4000.0,12000.0
954,ORIT_5579d1,ORD_5579d1,MatPoc_6ee7,2,13000.0,26000.0
955,ORIT_6a398d,ORD_6a398d,BedCot_17f5,4,1500.0,6000.0
956,ORIT_c5e583,ORD_c5e583,MatSpr_06ac,4,4000.0,16000.0
957,ORIT_8eb34e,ORD_8eb34e,MatPoc_45de,4,13000.0,52000.0
958,ORIT_3a1927,ORD_3a1927,MatFoa_28ad,4,7500.0,30000.0
959,ORIT_3facde,ORD_3facde,MatSpr_ccc4,3,6000.0,18000.0
960,ORIT_21df9e,ORD_21df9e,MatSpr_ba3a,3,8000.0,24000.0
961,ORIT_6c98ee,ORD_6c98ee,MatPoc_f6cb,3,17500.0,52500.0
962,ORIT_3db0e3,ORD_3db0e3,MatFoa_182e,2,5500.0,11000.0
963,ORIT_4042f2,ORD_4042f2,PilPol_662f,1,180.0,180.0
964,ORIT_14c7ef,ORD_14c7ef,BedCot_2449,2,800.0,1600.0
965,ORIT_69277a,ORD_69277a,MatSpr_06ac,2,4000.0,8000.0
966,ORIT_342e8f,ORD_342e8f,PilFea_8a5d,3,650.0,1950.0
967,ORIT_bb3b20,ORD_bb3b20,BedCot_4a29,2,800.0,1600.0
968,ORIT_5dc26c,ORD_5dc26c,BedCot_17f5,2,1500.0,3000.0
969,ORIT_e3b104,ORD_e3b104,PilFea_8a5d,2,650.0,1300.0
970,ORIT_0e667f,ORD_0e667f,BedCot_c645,1,1200.0,1200.0
971,ORIT_b53abf,ORD_b53abf,PilCot_f078,1,250.0,250.0
972,ORIT_24816b,ORD_24816b,BolPol_f3ad,1,220.0,220.0
973,ORIT_8c0735,ORD_8c0735,MatPoc_6ee7,1,13000.0,13000.0
974,ORIT_f78ef0,ORD_f78ef0,MatPoc_2df5,2,17500.0,35000.0
975,ORIT_c907a8,ORD_c907a8,MatSpr_ba3a,1,8000.0,8000.0
976,ORIT_1fb607,ORD_1fb607,PilFea_8a5d,1,650.0,650.0
977,ORIT_e83f75,ORD_e83f75,MatPoc_6ee7,2,13000.0,26000.0
978,ORIT_987071,ORD_987071,MatSpr_06ac,1,4000.0,4000.0
979,ORIT_109562,ORD_109562,PilPol_662f,1,180.0,180.0
980,ORIT_c29e9b,ORD_c29e9b,BedCot_d278,1,1200.0,1200.0
981,ORIT_6db9d4,ORD_6db9d4,MatSpr_56a3,2,4000.0,8000.0
982,ORIT_50388b,ORD_50388b,MatPoc_2df5,1,17500.0,17500.0
983,ORIT_3e04ce,ORD_3e04ce,PilPol_a442,2,180.0,360.0
984,ORIT_d23119,ORD_d23119,MatPoc_f6cb,2,17500.0,35000.0
985,ORIT_4c4936,ORD_4c4936,MatSpr_ccc4,1,6000.0,6000.0
986,ORIT_a112a2,ORD_a112a2,PilPol_3076,1,180.0,180.0
987,ORIT_cef041,ORD_cef041,PilFea_56ac,1,650.0,650.0
988,ORIT_d9b09a,ORD_d9b09a,PilFea_115c,1,650.0,650.0
989,ORIT_f26c54,ORD_f26c54,MatSpr_28ce,1,6000.0,6000.0
990,ORIT_4e5597,ORD_4e5597,MatFoa_e09a,2,5500.0,11000.0
991,ORIT_12507a,ORD_12507a,PilPol_3076,1,180.0,180.0
992,ORIT_0f160e,ORD_0f160e,BedCot_17f5,1,1500.0,1500.0
993,ORIT_a975c0,ORD_a975c0,BlaCot_572e,1,2200.0,2200.0
994,ORIT_2fe31e,ORD_2fe31e,PilFea_8a5d,3,650.0,1950.0
995,ORIT_ef4e13,ORD_ef4e13,MatSpr_ba3a,2,8000.0,16000.0
996,ORIT_6519b7,ORD_6519b7,MatSpr_ba3a,1,8000.0,8000.0
997,ORIT_697962,ORD_697962,MatSpr_acd0,1,8000.0,8000.0
998,ORIT_c1298c,ORD_c1298c,BedLin_5d3d,1,4200.0,4200.0
999,ORIT_08b0ba,ORD_08b0ba,BedLin_5d3d,1,4200.0,4200.0
1000,ORIT_213661,ORD_213661,BedCot_4e8b,2,1500.0,3000.0
1001,ORIT_59d89d,ORD_59d89d,BedCot_17f5,1,1500.0,1500.0
1002,ORIT_d14709,ORD_d14709,BolPol_82d7,1,220.0,220.0
1003,ORIT_7a33ac,ORD_7a33ac,MatPoc_2df5,1,17500.0,17500.0
1004,ORIT_88b48c,ORD_88b48c,MatFoa_182e,1,5500.0,5500.0
1005,ORIT_41fafb,ORD_41fafb,MatPoc_6ee7,3,13000.0,39000.0
1006,ORIT_cb45b9,ORD_cb45b9,PilPol_a442,4,180.0,720.0
1007,ORIT_a590bf,ORD_a590bf,PilPol_a442,4,180.0,720.0
1008,ORIT_8ef876,ORD_8ef876,BedCot_87ca,1,1200.0,1200.0
1009,ORIT_d80c48,ORD_d80c48,BedCot_d278,1,1200.0,1200.0
1010,ORIT_a0e3b6,ORD_a0e3b6,BlaCot_b529,1,2000.0,2000.0
1011,ORIT_723496,ORD_723496,BedCot_2397,1,1500.0,1500.0
1012,ORIT_79d3e1,ORD_79d3e1,PilPol_a442,1,180.0,180.0
1013,ORIT_1386f5,ORD_1386f5,MatSpr_ccc4,1,6000.0,6000.0
1014,ORIT_53c9ca,ORD_53c9ca,MatSpr_ccc4,1,6000.0,6000.0
1015,ORIT_1d36de,ORD_1d36de,MatPoc_6ee7,1,13000.0,13000.0
1016,ORIT_fdba13,ORD_fdba13,MatSpr_28ce,2,6000.0,12000.0
1017,ORIT_90bab3,ORD_90bab3,MatSpr_ccc4,2,6000.0,12000.0
1018,ORIT_8a2ec1,ORD_8a2ec1,MatSpr_ccc4,1,6000.0,6000.0
1019,ORIT_f14d0a,ORD_f14d0a,MatPoc_f6cb,1,17500.0,17500.0
1020,ORIT_15f101,ORD_15f101,BedPol_e207,2,400.0,800.0
1021,ORIT_932c82,ORD_932c82,BedCot_87ca,4,1200.0,4800.0
1022,ORIT_604e46,ORD_604e46,MatSpr_56a3,3,4000.0,12000.0
1023,ORIT_1e6dbe,ORD_1e6dbe,MatSpr_28ce,3,6000.0,18000.0
1024,ORIT_7d76da,ORD_7d76da,BolCot_21df,4,300.0,1200.0
1025,ORIT_de4150,ORD_de4150,MatPoc_2df5,4,17500.0,70000.0
1026,ORIT_a77af2,ORD_a77af2,MatSpr_06ac,2,4000.0,8000.0
1027,ORIT_821b5e,ORD_821b5e,MatPoc_45de,3,13000.0,39000.0
1028,ORIT_6b2442,ORD_6b2442,MatSpr_28ce,1,6000.0,6000.0
1029,ORIT_d58377,ORD_d58377,BedCot_2449,2,800.0,1600.0
1030,ORIT_4ec95d,ORD_4ec95d,BlaCot_503c,2,2000.0,4000.0
1031,ORIT_c2a336,ORD_c2a336,MatPoc_2df5,3,17500.0,52500.0
1032,ORIT_e6c830,ORD_e6c830,MatSpr_ccc4,4,6000.0,24000.0
1033,ORIT_f02329,ORD_f02329,MatSpr_acd0,1,8000.0,8000.0
1034,ORIT_581195,ORD_581195,BedCot_d278,1,1200.0,1200.0
1035,ORIT_540491,ORD_540491,BedCot_2397,1,1500.0,1500.0
1036,ORIT_4bbb27,ORD_4bbb27,PilFea_115c,2,650.0,1300.0
1037,ORIT_d594bc,ORD_d594bc,PilPol_662f,2,180.0,360.0
1038,ORIT_65588d,ORD_65588d,PilPol_662f,2,180.0,360.0
1039,ORIT_f192d8,ORD_f192d8,PilFea_8a5d,1,650.0,650.0
1040,ORIT_0d6b23,ORD_0d6b23,BedCot_6141,1,800.0,800.0
1041,ORIT_bea30d,ORD_bea30d,MatPoc_6ee7,1,13000.0,13000.0
1042,ORIT_8a0a97,ORD_8a0a97,BolCot_21df,1,300.0,300.0
1043,ORIT_4fd621,ORD_4fd621,MatFoa_182e,1,5500.0,5500.0
1044,ORIT_5e39c8,ORD_5e39c8,MatSpr_ccc4,1,6000.0,6000.0
1045,ORIT_617197,ORD_617197,BedLin_b097,3,3800.0,11400.0
1046,ORIT_1944ba,ORD_1944ba,BedCot_2397,4,1500.0,6000.0
1047,ORIT_d22feb,ORD_d22feb,MatSpr_28ce,3,6000.0,18000.0
1048,ORIT_10ce96,ORD_10ce96,MatSpr_acd0,4,8000.0,32000.0
1049,ORIT_7ef4ea,ORD_7ef4ea,PilPol_3076,1,180.0,180.0
1050,ORIT_a6e4a7,ORD_a6e4a7,BedPol_2724,2,400.0,800.0
1051,ORIT_c9f2f2,ORD_c9f2f2,MatFoa_182e,4,5500.0,22000.0
1052,ORIT_b24e8b,ORD_b24e8b,MatSpr_ba3a,3,8000.0,24000.0
1053,ORIT_d193e1,ORD_d193e1,PilFea_56ac,1,650.0,650.0
1054,ORIT_5bf5ac,ORD_5bf5ac,BedCot_2397,2,1500.0,3000.0
1055,ORIT_ec34bf,ORD_ec34bf,MatFoa_e09a,1,5500.0,5500.0
1056,ORIT_898f6b,ORD_898f6b,PilPol_662f,1,180.0,180.0
1057,ORIT_14a525,ORD_14a525,MatPoc_2df5,1,17500.0,17500.0
1058,ORIT_f151f6,ORD_f151f6,PilFea_8a5d,1,650.0,650.0
1059,ORIT_986d89,ORD_986d89,MatPoc_f6cb,3,17500.0,52500.0
1060,ORIT_270b01,ORD_270b01,MatSpr_56a3,1,4000.0,4000.0
1061,ORIT_d99e89,ORD_d99e89,MatSpr_56a3,1,4000.0,4000.0
1062,ORIT_ff347b,ORD_ff347b,MatSpr_06ac,2,4000.0,8000.0
1063,ORIT_664ca7,ORD_664ca7,BedPol_d3de,3,500.0,1500.0
1064,ORIT_bbfd49,ORD_bbfd49,MatPoc_6ee7,3,13000.0,39000.0
1065,ORIT_a77b27,ORD_a77b27,MatPoc_2df5,2,17500.0,35000.0
1066,ORIT_63d22f,ORD_63d22f,PilFea_115c,1,650.0,650.0
1067,ORIT_d880c6,ORD_d880c6,BedCot_4e8b,1,1500.0,1500.0
1068,ORIT_e504c2,ORD_e504c2,PilPol_662f,2,180.0,360.0
1069,ORIT_9274a6,ORD_9274a6,MatSpr_ccc4,1,6000.0,6000.0
1070,ORIT_852ab8,ORD_852ab8,PilPol_662f,2,180.0,360.0
1071,ORIT_baf456,ORD_baf456,MatSpr_06ac,1,4000.0,4000.0
1072,ORIT_2c53b0,ORD_2c53b0,PilPol_a442,1,180.0,180.0
1073,ORIT_c6491a,ORD_c6491a,BedPol_2724,1,400.0,400.0
1074,ORIT_484888,ORD_484888,BolPol_f3ad,1,220.0,220.0
1075,ORIT_92da14,ORD_92da14,MatPoc_45de,2,13000.0,26000.0
1076,ORIT_14c23f,ORD_14c23f,BedCot_17f5,1,1500.0,1500.0
1077,ORIT_f62bd9,ORD_f62bd9,PilPol_a442,1,180.0,180.0
1078,ORIT_eed607,ORD_eed607,MatSpr_ba3a,1,8000.0,8000.0
1079,ORIT_b476ab,ORD_b476ab,BedCot_87ca,2,1200.0,2400.0
1080,ORIT_94c758,ORD_94c758,BedPol_3807,2,500.0,1000.0
1081,ORIT_1b6f14,ORD_1b6f14,MatSpr_56a3,2,4000.0,8000.0
1082,ORIT_9af2ee,ORD_9af2ee,MatSpr_28ce,2,6000.0,12000.0
1083,ORIT_31c7c2,ORD_31c7c2,MatSpr_ba3a,1,8000.0,8000.0
1084,ORIT_18da9c,ORD_18da9c,PilFea_56ac,1,650.0,650.0
1085,ORIT_7eb704,ORD_7eb704,MatPoc_45de,2,13000.0,26000.0
1086,ORIT_72f328,ORD_72f328,MatSpr_acd0,2,8000.0,16000.0
1087,ORIT_348735,ORD_348735,BolPol_82d7,1,220.0,220.0
1088,ORIT_6cb928,ORD_6cb928,PilCot_3481,1,250.0,250.0
1089,ORIT_9ac0f2,ORD_9ac0f2,MatSpr_ba3a,1,8000.0,8000.0
1090,ORIT_72faf9,ORD_72faf9,MatSpr_28ce,1,6000.0,6000.0
1091,ORIT_224c5e,ORD_224c5e,BedPol_5144,1,600.0,600.0
1092,ORIT_ce8364,ORD_ce8364,MatPoc_6ee7,4,13000.0,52000.0
1093,ORIT_83edde,ORD_83edde,MatPoc_45de,1,13000.0,13000.0
1094,ORIT_326c25,ORD_326c25,MatSpr_ccc4,1,6000.0,6000.0
1095,ORIT_70d5b0,ORD_70d5b0,BedLin_d846,1,2000.0,2000.0
1096,ORIT_b9d94c,ORD_b9d94c,BedLin_2f24,1,2000.0,2000.0
1097,ORIT_1fd2e9,ORD_1fd2e9,PilPol_a442,1,180.0,180.0
1098,ORIT_15cdf5,ORD_15cdf5,MatFoa_8cd2,2,3500.0,7000.0
1099,ORIT_45f9da,ORD_45f9da,MatPoc_45de,4,13000.0,52000.0
1100,ORIT_ef9582,ORD_ef9582,BolPol_f3ad,3,220.0,660.0
1101,ORIT_4513a9,ORD_4513a9,PilPol_3076,2,180.0,360.0
1102,ORIT_f27ef0,ORD_f27ef0,PilPol_3076,4,180.0,720.0
1103,ORIT_72d858,ORD_72d858,BedCot_17f5,2,1500.0,3000.0
1104,ORIT_6eb176,ORD_6eb176,BedCot_4a29,1,800.0,800.0
1105,ORIT_dafe7a,ORD_dafe7a,MatPoc_f6cb,4,17500.0,70000.0
1106,ORIT_f3e20c,ORD_f3e20c,MatSpr_06ac,4,4000.0,16000.0
1107,ORIT_ae7ff4,ORD_ae7ff4,MatSpr_ccc4,3,6000.0,18000.0
1108,ORIT_c39ed7,ORD_c39ed7,MatPoc_f6cb,3,17500.0,52500.0
1109,ORIT_d81c2b,ORD_d81c2b,PilPol_662f,4,180.0,720.0
1110,ORIT_521401,ORD_521401,MatSpr_acd0,3,8000.0,24000.0
1111,ORIT_decb65,ORD_decb65,MatFoa_e09a,3,5500.0,16500.0
1112,ORIT_15fcb9,ORD_15fcb9,MatFoa_e09a,4,5500.0,22000.0
1113,ORIT_dbd6d2,ORD_dbd6d2,BedPol_3807,3,500.0,1500.0
1114,ORIT_32c685,ORD_32c685,BedPol_239e,4,600.0,2400.0
1115,ORIT_d317bf,ORD_d317bf,BolPol_f3ad,2,220.0,440.0
1116,ORIT_dd1f06,ORD_dd1f06,PilPol_a442,2,180.0,360.0
1117,ORIT_e0a7e0,ORD_e0a7e0,BedLin_d846,1,2000.0,2000.0
1118,ORIT_81de6d,ORD_81de6d,MatSpr_acd0,3,8000.0,24000.0
1119,ORIT_4685a1,ORD_4685a1,BlaCot_9ef6,3,2200.0,6600.0
1120,ORIT_149473,ORD_149473,MatSpr_ba3a,1,8000.0,8000.0
1121,ORIT_5b2dae,ORD_5b2dae,BedCot_2397,1,1500.0,1500.0
1122,ORIT_452680,ORD_452680,BlaFla_78f1,2,1000.0,2000.0
1123,ORIT_8ae162,ORD_8ae162,PilPol_a442,2,180.0,360.0
1124,ORIT_fef0f4,ORD_fef0f4,BedCot_2397,1,1500.0,1500.0
1125,ORIT_e9f907,ORD_e9f907,BolPol_cfd7,1,220.0,220.0
1126,ORIT_d44744,ORD_d44744,MatSpr_06ac,1,4000.0,4000.0
1127,ORIT_a8840d,ORD_a8840d,MatPoc_1e64,1,8500.0,8500.0
1128,ORIT_72f85d,ORD_72f85d,PilPol_3076,1,180.0,180.0
1129,ORIT_446ba2,ORD_446ba2,MatSpr_28ce,1,6000.0,6000.0
1130,ORIT_ffd3ad,ORD_ffd3ad,MatPoc_2df5,2,17500.0,35000.0
1131,ORIT_2e868a,ORD_2e868a,MatFoa_e09a,1,5500.0,5500.0
1132,ORIT_2b33a7,ORD_2b33a7,MatPoc_f6cb,1,17500.0,17500.0
1133,ORIT_3b7989,ORD_3b7989,BedCot_2449,2,800.0,1600.0
1134,ORIT_e10dfc,ORD_e10dfc,BedCot_17f5,1,1500.0,1500.0
1135,ORIT_ea264b,ORD_ea264b,MatPoc_45de,1,13000.0,13000.0
1136,ORIT_80aa9a,ORD_80aa9a,BedPol_3807,1,500.0,500.0
1137,ORIT_ea83c1,ORD_ea83c1,BedPol_239e,3,600.0,1800.0
1138,ORIT_7e3ec1,ORD_7e3ec1,BolPol_cfd7,1,220.0,220.0
1139,ORIT_1a8666,ORD_1a8666,PilPol_3076,3,180.0,540.0
1140,ORIT_b82aad,ORD_b82aad,BedCot_c645,1,1200.0,1200.0
1141,ORIT_2b6c07,ORD_2b6c07,PilCot_b22a,1,250.0,250.0
1142,ORIT_57a8e3,ORD_57a8e3,MatSpr_acd0,1,8000.0,8000.0
1143,ORIT_e39617,ORD_e39617,MatSpr_ba3a,1,8000.0,8000.0
1144,ORIT_1226b3,ORD_1226b3,BedCot_2397,4,1500.0,6000.0
1145,ORIT_d1a9e0,ORD_d1a9e0,MatPoc_f6cb,1,17500.0,17500.0
1146,ORIT_cf74eb,ORD_cf74eb,MatPoc_f6cb,1,17500.0,17500.0
1147,ORIT_e33a97,ORD_e33a97,BolPol_f3ad,2,220.0,440.0
1148,ORIT_76c85f,ORD_76c85f,MatPoc_6ee7,4,13000.0,52000.0
1149,ORIT_bce3a0,ORD_bce3a0,PilFea_115c,3,650.0,1950.0
1150,ORIT_d65dc0,ORD_d65dc0,MatSpr_06ac,3,4000.0,12000.0
1151,ORIT_9ad735,ORD_9ad735,BedPol_2724,4,400.0,1600.0
1152,ORIT_9fb733,ORD_9fb733,MatSpr_acd0,2,8000.0,16000.0
1153,ORIT_83f655,ORD_83f655,MatSpr_ccc4,3,6000.0,18000.0
1154,ORIT_559385,ORD_559385,BolCot_21df,1,300.0,300.0
1155,ORIT_fc24fe,ORD_fc24fe,BedLin_aa0f,4,4200.0,16800.0
1156,ORIT_a9180c,ORD_a9180c,MatPoc_f6cb,1,17500.0,17500.0
1157,ORIT_f85e95,ORD_f85e95,BedCot_6141,1,800.0,800.0
1158,ORIT_1c57e8,ORD_1c57e8,MatSpr_acd0,2,8000.0,16000.0
1159,ORIT_a5bf68,ORD_a5bf68,MatPoc_2df5,4,17500.0,70000.0
1160,ORIT_704709,ORD_704709,BedCot_87ca,1,1200.0,1200.0
1161,ORIT_df547c,ORD_df547c,BolPol_82d7,4,220.0,880.0
1162,ORIT_3aa8ad,ORD_3aa8ad,MatSpr_56a3,3,4000.0,12000.0
1163,ORIT_7f71c4,ORD_7f71c4,MatFoa_13fa,4,7500.0,30000.0
1164,ORIT_0cc5b8,ORD_0cc5b8,MatSpr_28ce,3,6000.0,18000.0
1165,ORIT_bfbddd,ORD_bfbddd,BedCot_c645,3,1200.0,3600.0
1166,ORIT_ddf0c4,ORD_ddf0c4,MatSpr_ba3a,4,8000.0,32000.0
1167,ORIT_7e85db,ORD_7e85db,BolCot_31e6,4,300.0,1200.0
1168,ORIT_788019,ORD_788019,MatPoc_6ee7,4,13000.0,52000.0
1169,ORIT_78904d,ORD_78904d,MatPoc_2df5,3,17500.0,52500.0
1170,ORIT_3557b2,ORD_3557b2,MatSpr_28ce,4,6000.0,24000.0
1171,ORIT_f3525b,ORD_f3525b,MatSpr_28ce,4,6000.0,24000.0
1172,ORIT_092877,ORD_092877,BedCot_6141,4,800.0,3200.0
1173,ORIT_62ed5c,ORD_62ed5c,BolPol_cfd7,1,220.0,220.0
1174,ORIT_281cf0,ORD_281cf0,MatSpr_ccc4,1,6000.0,6000.0
1175,ORIT_566cad,ORD_566cad,BedCot_17f5,1,1500.0,1500.0
1176,ORIT_820849,ORD_820849,MatPoc_2df5,3,17500.0,52500.0
1177,ORIT_9a71f6,ORD_9a71f6,BedPol_3807,1,500.0,500.0
1178,ORIT_ed2d3b,ORD_ed2d3b,BedPol_5144,1,600.0,600.0
1179,ORIT_b29cf2,ORD_b29cf2,MatFoa_8cd2,3,3500.0,10500.0
1180,ORIT_112635,ORD_112635,PilPol_3076,4,180.0,720.0
1181,ORIT_121feb,ORD_121feb,BlaFle_33f0,4,700.0,2800.0
1182,ORIT_56f017,ORD_56f017,PilFea_8a5d,2,650.0,1300.0
1183,ORIT_bf3c94,ORD_bf3c94,PilPol_662f,2,180.0,360.0
1184,ORIT_96dd34,ORD_96dd34,BolPol_f3ad,2,220.0,440.0
1185,ORIT_0a1060,ORD_0a1060,BedCot_4a29,1,800.0,800.0
1186,ORIT_ed5fdc,ORD_ed5fdc,BedLin_5d3d,1,4200.0,4200.0
1187,ORIT_af9fa4,ORD_af9fa4,BolPol_cfd7,1,220.0,220.0
1188,ORIT_3ef5da,ORD_3ef5da,PilPol_662f,2,180.0,360.0
1189,ORIT_6cd729,ORD_6cd729,MatSpr_acd0,2,8000.0,16000.0
1190,ORIT_d36596,ORD_d36596,MatSpr_ba3a,4,8000.0,32000.0
1191,ORIT_abb118,ORD_abb118,MatFoa_4414,1,3500.0,3500.0
1192,ORIT_7b5a2d,ORD_7b5a2d,MatPoc_2df5,2,17500.0,35000.0
1193,ORIT_dd52d3,ORD_dd52d3,PilPol_a442,1,180.0,180.0
1194,ORIT_64d3a5,ORD_64d3a5,BedCot_4e8b,3,1500.0,4500.0
1195,ORIT_8cd041,ORD_8cd041,MatPoc_45de,1,13000.0,13000.0
1196,ORIT_25962e,ORD_25962e,BolPol_cfd7,3,220.0,660.0
1197,ORIT_2f421f,ORD_2f421f,BolCot_3050,1,300.0,300.0
1198,ORIT_b27172,ORD_b27172,MatSpr_ccc4,3,6000.0,18000.0
1199,ORIT_c02e4f,ORD_c02e4f,MatPoc_45de,1,13000.0,13000.0
1200,ORIT_4ecc9b,ORD_4ecc9b,BlaFle_c9a0,1,600.0,600.0
1201,ORIT_48032a,ORD_48032a,MatSpr_acd0,1,8000.0,8000.0
1202,ORIT_9ab913,ORD_9ab913,BedCot_4a29,2,800.0,1600.0
1203,ORIT_f3b90a,ORD_f3b90a,BedCot_2449,1,800.0,800.0
1204,ORIT_e2f46f,ORD_e2f46f,MatSpr_06ac,1,4000.0,4000.0
1205,ORIT_deda7f,ORD_deda7f,MatPoc_45de,2,13000.0,26000.0
1206,ORIT_5fc471,ORD_5fc471,PilFea_8a5d,1,650.0,650.0
1207,ORIT_d03a9d,ORD_d03a9d,BedCot_4e8b,1,1500.0,1500.0
1208,ORIT_2d933a,ORD_2d933a,BolPol_82d7,1,220.0,220.0
1209,ORIT_ff1301,ORD_ff1301,BlaFle_5881,1,700.0,700.0
1210,ORIT_280af7,ORD_280af7,MatFoa_4414,1,3500.0,3500.0
1211,ORIT_551801,ORD_551801,BedCot_c645,1,1200.0,1200.0
1212,ORIT_9117fa,ORD_9117fa,BedCot_4e8b,1,1500.0,1500.0
1213,ORIT_972a90,ORD_972a90,MatSpr_28ce,1,6000.0,6000.0
1214,ORIT_2a0af8,ORD_2a0af8,MatSpr_ccc4,1,6000.0,6000.0
1215,ORIT_314097,ORD_314097,BedPol_5144,1,600.0,600.0
1216,ORIT_c4c15c,ORD_c4c15c,MatPoc_2df5,1,17500.0,17500.0
1217,ORIT_a2501b,ORD_a2501b,MatSpr_ccc4,3,6000.0,18000.0
1218,ORIT_384a71,ORD_384a71,BolPol_f3ad,1,220.0,220.0
1219,ORIT_54afc4,ORD_54afc4,MatSpr_ba3a,1,8000.0,8000.0
1220,ORIT_4576aa,ORD_4576aa,MatSpr_ba3a,1,8000.0,8000.0
1221,ORIT_c0c046,ORD_c0c046,BlaCot_9781,1,1200.0,1200.0
1222,ORIT_e881bf,ORD_e881bf,BolPol_f3ad,1,220.0,220.0
1223,ORIT_0272a5,ORD_0272a5,BolPol_f3ad,1,220.0,220.0
1224,ORIT_3e68a8,ORD_3e68a8,MatSpr_56a3,1,4000.0,4000.0
1225,ORIT_bf6953,ORD_bf6953,MatSpr_28ce,1,6000.0,6000.0
1226,ORIT_cad902,ORD_cad902,MatSpr_28ce,1,6000.0,6000.0
1227,ORIT_a54632,ORD_a54632,BedCot_17f5,1,1500.0,1500.0
1228,ORIT_9c17e4,ORD_9c17e4,MatSpr_acd0,1,8000.0,8000.0
1229,ORIT_3fbfb5,ORD_3fbfb5,BedCot_4a29,1,800.0,800.0
1230,ORIT_e71646,ORD_e71646,PilFea_56ac,1,650.0,650.0
1231,ORIT_96ff7c,ORD_96ff7c,PilPol_662f,1,180.0,180.0
1232,ORIT_e8a361,ORD_e8a361,MatPoc_f6cb,1,17500.0,17500.0
1233,ORIT_5923bd,ORD_5923bd,MatSpr_28ce,2,6000.0,12000.0
1234,ORIT_de1f01,ORD_de1f01,BolCot_21df,1,300.0,300.0
1235,ORIT_93f352,ORD_93f352,PilPol_662f,1,180.0,180.0
1236,ORIT_fa0cc0,ORD_fa0cc0,BedPol_e207,1,400.0,400.0
1237,ORIT_76c0d8,ORD_76c0d8,MatFoa_13fa,1,7500.0,7500.0
1238,ORIT_e4287f,ORD_e4287f,MatSpr_06ac,1,4000.0,4000.0
1239,ORIT_76ac7d,ORD_76ac7d,BolPol_82d7,4,220.0,880.0
1240,ORIT_14f50f,ORD_14f50f,BedCot_17f5,2,1500.0,3000.0
1241,ORIT_b563ae,ORD_b563ae,PilPol_662f,2,180.0,360.0
1242,ORIT_98392e,ORD_98392e,MatSpr_ccc4,4,6000.0,24000.0
1243,ORIT_0b0880,ORD_0b0880,BedLin_18f8,2,2000.0,4000.0
1244,ORIT_ee8d05,ORD_ee8d05,MatPoc_27a0,2,8500.0,17000.0
1245,ORIT_8ee1b7,ORD_8ee1b7,MatPoc_6ee7,4,13000.0,52000.0
1246,ORIT_6f1bcb,ORD_6f1bcb,MatFoa_4414,4,3500.0,14000.0
1247,ORIT_b62e79,ORD_b62e79,MatSpr_acd0,3,8000.0,24000.0
1248,ORIT_39cf80,ORD_39cf80,MatSpr_28ce,2,6000.0,12000.0
1249,ORIT_418ab4,ORD_418ab4,BedCot_4e8b,1,1500.0,1500.0
1250,ORIT_8755a1,ORD_8755a1,BedPol_5ab8,1,600.0,600.0
1251,ORIT_c53c2d,ORD_c53c2d,MatSpr_acd0,4,8000.0,32000.0
1252,ORIT_3b5d51,ORD_3b5d51,MatSpr_acd0,4,8000.0,32000.0
1253,ORIT_8d87d9,ORD_8d87d9,PilFea_56ac,1,650.0,650.0
1254,ORIT_31767a,ORD_31767a,MatPoc_1e64,3,8500.0,25500.0
1255,ORIT_ea0170,ORD_ea0170,BolFea_d1d6,3,700.0,2100.0
1256,ORIT_d74fdb,ORD_d74fdb,PilFea_56ac,2,650.0,1300.0
1257,ORIT_5b51fb,ORD_5b51fb,MatSpr_acd0,1,8000.0,8000.0
1258,ORIT_f73fda,ORD_f73fda,PilFea_56ac,2,650.0,1300.0
1259,ORIT_c7eccf,ORD_c7eccf,PilPol_3076,1,180.0,180.0
1260,ORIT_f556e5,ORD_f556e5,BolPol_cfd7,1,220.0,220.0
1261,ORIT_1e9734,ORD_1e9734,BedCot_c645,2,1200.0,2400.0
1262,ORIT_14b408,ORD_14b408,PilPol_a442,2,180.0,360.0
1263,ORIT_3e7149,ORD_3e7149,BedPol_2724,1,400.0,400.0
1264,ORIT_1617ba,ORD_1617ba,BolCot_31e6,1,300.0,300.0
1265,ORIT_81701b,ORD_81701b,PilPol_3076,1,180.0,180.0
1266,ORIT_e3b431,ORD_e3b431,PilFea_8a5d,1,650.0,650.0
1267,ORIT_c4daf8,ORD_c4daf8,BedCot_d278,1,1200.0,1200.0
1268,ORIT_0c3eff,ORD_0c3eff,BedCot_17f5,2,1500.0,3000.0
1269,ORIT_fcdfb4,ORD_fcdfb4,BedPol_239e,1,600.0,600.0
1270,ORIT_0bdacf,ORD_0bdacf,BedCot_4e8b,3,1500.0,4500.0
1271,ORIT_915797,ORD_915797,MatPoc_45de,1,13000.0,13000.0
1272,ORIT_203f27,ORD_203f27,PilPol_662f,1,180.0,180.0
1273,ORIT_b6ee26,ORD_b6ee26,BedCot_2397,1,1500.0,1500.0
1274,ORIT_d00c58,ORD_d00c58,BolPol_cfd7,1,220.0,220.0
1275,ORIT_1ef8fb,ORD_1ef8fb,BolCot_21df,1,300.0,300.0
1276,ORIT_84b6f4,ORD_84b6f4,BedPol_e8c9,1,400.0,400.0
1277,ORIT_764997,ORD_764997,BedPol_5ab8,1,600.0,600.0
1278,ORIT_83d5fe,ORD_83d5fe,BolCot_3050,1,300.0,300.0
1279,ORIT_56fa49,ORD_56fa49,BedCot_2397,1,1500.0,1500.0
1280,ORIT_20a043,ORD_20a043,BlaFle_394c,1,600.0,600.0
1281,ORIT_ce41e5,ORD_ce41e5,PilFea_56ac,1,650.0,650.0
1282,ORIT_39b510,ORD_39b510,PilPol_3076,1,180.0,180.0
1283,ORIT_83978d,ORD_83978d,MatFoa_4414,1,3500.0,3500.0
1284,ORIT_444719,ORD_444719,BedPol_239e,1,600.0,600.0
1285,ORIT_269025,ORD_269025,BedCot_2397,1,1500.0,1500.0
1286,ORIT_51dd6b,ORD_51dd6b,MatSpr_ba3a,2,8000.0,16000.0
1287,ORIT_6e1fe9,ORD_6e1fe9,PilPol_3076,1,180.0,180.0
1288,ORIT_db2a2a,ORD_db2a2a,PilCot_3481,1,250.0,250.0
1289,ORIT_26c2b1,ORD_26c2b1,MatSpr_28ce,2,6000.0,12000.0
1290,ORIT_37a756,ORD_37a756,BolPol_cfd7,4,220.0,880.0
1291,ORIT_caea6e,ORD_caea6e,BedCot_4e8b,4,1500.0,6000.0
1292,ORIT_2500e8,ORD_2500e8,MatSpr_56a3,4,4000.0,16000.0
1293,ORIT_f0b215,ORD_f0b215,BolCot_3050,2,300.0,600.0
1294,ORIT_c2811d,ORD_c2811d,PilFea_8a5d,3,650.0,1950.0
1295,ORIT_104cb4,ORD_104cb4,PilPol_662f,4,180.0,720.0
1296,ORIT_937974,ORD_937974,BolPol_f3ad,2,220.0,440.0
1297,ORIT_87d415,ORD_87d415,BolPol_cfd7,3,220.0,660.0
1298,ORIT_6ecbe6,ORD_6ecbe6,BedCot_2397,3,1500.0,4500.0
1299,ORIT_a14c8f,ORD_a14c8f,BedPol_2724,3,400.0,1200.0
1300,ORIT_1dafc8,ORD_1dafc8,MatSpr_acd0,4,8000.0,32000.0
1301,ORIT_6b2bda,ORD_6b2bda,MatSpr_56a3,3,4000.0,12000.0
1302,ORIT_d31bd2,ORD_d31bd2,MatSpr_acd0,4,8000.0,32000.0
1303,ORIT_b82b60,ORD_b82b60,MatPoc_6ee7,3,13000.0,39000.0
1304,ORIT_e5fe0d,ORD_e5fe0d,MatSpr_ba3a,3,8000.0,24000.0
1305,ORIT_6e153b,ORD_6e153b,MatPoc_1e64,4,8500.0,34000.0
1306,ORIT_35b5f5,ORD_35b5f5,MatPoc_6ee7,1,13000.0,13000.0
1307,ORIT_46636a,ORD_46636a,BolCot_3050,1,300.0,300.0
1308,ORIT_8acaab,ORD_8acaab,PilFea_8a5d,1,650.0,650.0
1309,ORIT_9aa75d,ORD_9aa75d,MatSpr_ccc4,1,6000.0,6000.0
1310,ORIT_c85c3c,ORD_c85c3c,MatFoa_e09a,1,5500.0,5500.0
1311,ORIT_8f96c9,ORD_8f96c9,BolPol_82d7,1,220.0,220.0
1312,ORIT_69bddd,ORD_69bddd,BlaCot_503c,1,2000.0,2000.0
1313,ORIT_f84258,ORD_f84258,MatSpr_06ac,1,4000.0,4000.0
1314,ORIT_dd200f,ORD_dd200f,MatSpr_28ce,2,6000.0,12000.0
1315,ORIT_b7ecbd,ORD_b7ecbd,MatSpr_ba3a,1,8000.0,8000.0
1316,ORIT_9d5057,ORD_9d5057,BlaCot_ce6c,2,2000.0,4000.0
1317,ORIT_604acf,ORD_604acf,PilPol_a442,3,180.0,540.0
1318,ORIT_03af88,ORD_03af88,BedCot_6141,4,800.0,3200.0
1319,ORIT_b53e47,ORD_b53e47,MatPoc_f6cb,3,17500.0,52500.0
1320,ORIT_8ff1dd,ORD_8ff1dd,MatFoa_182e,3,5500.0,16500.0
1321,ORIT_4f7f05,ORD_4f7f05,BolPol_f3ad,3,220.0,660.0
1322,ORIT_2f4c8f,ORD_2f4c8f,BedCot_2449,4,800.0,3200.0
1323,ORIT_4d3d26,ORD_4d3d26,MatPoc_2df5,2,17500.0,35000.0
1324,ORIT_9a64da,ORD_9a64da,BedLin_d846,2,2000.0,4000.0
1325,ORIT_5f2b41,ORD_5f2b41,MatSpr_acd0,2,8000.0,16000.0
1326,ORIT_dc580f,ORD_dc580f,MatSpr_06ac,3,4000.0,12000.0
1327,ORIT_10bf97,ORD_10bf97,MatFoa_e09a,2,5500.0,11000.0
1328,ORIT_9f886f,ORD_9f886f,MatPoc_2df5,4,17500.0,70000.0
1329,ORIT_b8fb40,ORD_b8fb40,BolPol_cfd7,1,220.0,220.0
1330,ORIT_8cf5a9,ORD_8cf5a9,BolPol_82d7,4,220.0,880.0
1331,ORIT_04c73d,ORD_04c73d,MatSpr_ccc4,3,6000.0,18000.0
1332,ORIT_798939,ORD_798939,BedCot_17f5,2,1500.0,3000.0
1333,ORIT_a66399,ORD_a66399,MatSpr_28ce,1,6000.0,6000.0
1334,ORIT_f7b71b,ORD_f7b71b,PilPol_3076,1,180.0,180.0
1335,ORIT_87e728,ORD_87e728,MatPoc_2df5,1,17500.0,17500.0
1336,ORIT_6948c7,ORD_6948c7,MatPoc_45de,1,13000.0,13000.0
1337,ORIT_71030f,ORD_71030f,MatSpr_06ac,1,4000.0,4000.0
1338,ORIT_64926e,ORD_64926e,BolPol_82d7,1,220.0,220.0
1339,ORIT_616f38,ORD_616f38,BedCot_6141,3,800.0,2400.0
1340,ORIT_db2f00,ORD_db2f00,BedPol_e207,2,400.0,800.0
1341,ORIT_f6d8c7,ORD_f6d8c7,BedCot_2449,3,800.0,2400.0
1342,ORIT_3b48c0,ORD_3b48c0,MatSpr_56a3,3,4000.0,12000.0
1343,ORIT_c0cd2b,ORD_c0cd2b,MatPoc_f6cb,2,17500.0,35000.0
1344,ORIT_4d32a8,ORD_4d32a8,MatFoa_4414,3,3500.0,10500.0
1345,ORIT_697ea6,ORD_697ea6,MatSpr_acd0,2,8000.0,16000.0
1346,ORIT_acc894,ORD_acc894,PilCot_3481,4,250.0,1000.0
1347,ORIT_056687,ORD_056687,PilPol_3076,3,180.0,540.0
1348,ORIT_890dc8,ORD_890dc8,MatSpr_ccc4,3,6000.0,18000.0
1349,ORIT_d36464,ORD_d36464,MatSpr_acd0,3,8000.0,24000.0
1350,ORIT_cc0612,ORD_cc0612,MatPoc_45de,3,13000.0,39000.0
1351,ORIT_75c2a4,ORD_75c2a4,BedCot_c645,1,1200.0,1200.0
1352,ORIT_120b79,ORD_120b79,PilPol_a442,2,180.0,360.0
1353,ORIT_a04404,ORD_a04404,MatPoc_6ee7,4,13000.0,52000.0
1354,ORIT_05da07,ORD_05da07,BedLin_aa0f,1,4200.0,4200.0
1355,ORIT_35fde7,ORD_35fde7,MatPoc_2df5,1,17500.0,17500.0
1356,ORIT_8657be,ORD_8657be,PilCot_f078,1,250.0,250.0
1357,ORIT_4d8800,ORD_4d8800,MatSpr_56a3,1,4000.0,4000.0
1358,ORIT_a97ed9,ORD_a97ed9,MatFoa_182e,2,5500.0,11000.0
1359,ORIT_3c7dd8,ORD_3c7dd8,BedCot_2397,1,1500.0,1500.0
1360,ORIT_69335e,ORD_69335e,PilFea_8a5d,1,650.0,650.0
1361,ORIT_d077c2,ORD_d077c2,BolCot_31e6,2,300.0,600.0
1362,ORIT_1f12b3,ORD_1f12b3,BedLin_5d3d,1,4200.0,4200.0
1363,ORIT_eb149c,ORD_eb149c,BolCot_31e6,1,300.0,300.0
1364,ORIT_8159f4,ORD_8159f4,MatSpr_ba3a,2,8000.0,16000.0
1365,ORIT_9e1a9c,ORD_9e1a9c,PilPol_3076,3,180.0,540.0
1366,ORIT_80056c,ORD_80056c,MatPoc_2df5,2,17500.0,35000.0
1367,ORIT_1fa404,ORD_1fa404,MatPoc_27a0,1,8500.0,8500.0
1368,ORIT_d2297d,ORD_d2297d,MatPoc_1e64,1,8500.0,8500.0
1369,ORIT_d02ed8,ORD_d02ed8,MatSpr_acd0,1,8000.0,8000.0
1370,ORIT_edad1a,ORD_edad1a,BolPol_cfd7,1,220.0,220.0
1371,ORIT_64ccb8,ORD_64ccb8,BedPol_e8c9,1,400.0,400.0
1372,ORIT_c12396,ORD_c12396,BolCot_3050,3,300.0,900.0
1373,ORIT_826d2e,ORD_826d2e,BedCot_2449,1,800.0,800.0
1374,ORIT_726f38,ORD_726f38,BedCot_6141,1,800.0,800.0
1375,ORIT_ad2460,ORD_ad2460,MatPoc_f6cb,1,17500.0,17500.0
1376,ORIT_a2ca8c,ORD_a2ca8c,BolPol_cfd7,1,220.0,220.0
1377,ORIT_842edb,ORD_842edb,BedCot_2449,1,800.0,800.0
1378,ORIT_5de461,ORD_5de461,MatFoa_4414,1,3500.0,3500.0
1379,ORIT_9a87f9,ORD_9a87f9,MatFoa_28ad,1,7500.0,7500.0
1380,ORIT_e4cb96,ORD_e4cb96,MatSpr_06ac,1,4000.0,4000.0
1381,ORIT_afb420,ORD_afb420,MatPoc_45de,1,13000.0,13000.0
1382,ORIT_99f414,ORD_99f414,BolCot_3050,3,300.0,900.0
1383,ORIT_e7a4bd,ORD_e7a4bd,PilPol_662f,1,180.0,180.0
1384,ORIT_a890a1,ORD_a890a1,MatSpr_28ce,1,6000.0,6000.0
1385,ORIT_a76a70,ORD_a76a70,PilPol_a442,1,180.0,180.0
1386,ORIT_a0f359,ORD_a0f359,BolPol_82d7,3,220.0,660.0
1387,ORIT_8c1749,ORD_8c1749,MatSpr_28ce,4,6000.0,24000.0
1388,ORIT_59325b,ORD_59325b,MatSpr_28ce,3,6000.0,18000.0
1389,ORIT_1d4a43,ORD_1d4a43,MatSpr_acd0,2,8000.0,16000.0
1390,ORIT_106ae8,ORD_106ae8,BolPol_f3ad,3,220.0,660.0
1391,ORIT_1c7850,ORD_1c7850,PilPol_3076,3,180.0,540.0
1392,ORIT_b75c74,ORD_b75c74,BedPol_e207,3,400.0,1200.0
1393,ORIT_0e7021,ORD_0e7021,MatFoa_182e,1,5500.0,5500.0
1394,ORIT_be54f1,ORD_be54f1,BolCot_31e6,4,300.0,1200.0
1395,ORIT_62c8eb,ORD_62c8eb,MatSpr_ccc4,4,6000.0,24000.0
1396,ORIT_86d3ce,ORD_86d3ce,PilPol_3076,2,180.0,360.0
1397,ORIT_09d396,ORD_09d396,MatPoc_45de,1,13000.0,13000.0
1398,ORIT_329d12,ORD_329d12,BedCot_2397,1,1500.0,1500.0
1399,ORIT_0e45d3,ORD_0e45d3,BedPol_5144,4,600.0,2400.0
1400,ORIT_8a8220,ORD_8a8220,BlaFle_c9a0,3,600.0,1800.0
1401,ORIT_ae1e21,ORD_ae1e21,MatFoa_182e,1,5500.0,5500.0
1402,ORIT_0e5e18,ORD_0e5e18,MatSpr_ba3a,2,8000.0,16000.0
1403,ORIT_c03bd1,ORD_c03bd1,PilPol_662f,4,180.0,720.0
1404,ORIT_bf0d69,ORD_bf0d69,BedPol_f406,3,500.0,1500.0
1405,ORIT_ec4d45,ORD_ec4d45,MatSpr_28ce,3,6000.0,18000.0
1406,ORIT_cea78d,ORD_cea78d,MatPoc_f6cb,4,17500.0,70000.0
1407,ORIT_0d55fd,ORD_0d55fd,MatPoc_45de,3,13000.0,39000.0
1408,ORIT_70c8df,ORD_70c8df,MatFoa_e09a,4,5500.0,22000.0
1409,ORIT_b12134,ORD_b12134,BedPol_2724,4,400.0,1600.0
1410,ORIT_d7f2d7,ORD_d7f2d7,BedCot_2397,3,1500.0,4500.0
1411,ORIT_47282d,ORD_47282d,BedCot_4e8b,2,1500.0,3000.0
1412,ORIT_108974,ORD_108974,BedCot_4a29,2,800.0,1600.0
1413,ORIT_a52211,ORD_a52211,BolPol_82d7,4,220.0,880.0
1414,ORIT_cb27a6,ORD_cb27a6,BedCot_c645,3,1200.0,3600.0
1415,ORIT_1a71d4,ORD_1a71d4,BolPol_f3ad,4,220.0,880.0
1416,ORIT_467e5a,ORD_467e5a,BedCot_2397,3,1500.0,4500.0
1417,ORIT_37f68b,ORD_37f68b,BedCot_2449,3,800.0,2400.0
1418,ORIT_2b5332,ORD_2b5332,BedCot_c645,1,1200.0,1200.0
1419,ORIT_a46d60,ORD_a46d60,MatSpr_ccc4,1,6000.0,6000.0
1420,ORIT_3bd62a,ORD_3bd62a,BedPol_5ab8,1,600.0,600.0
1421,ORIT_054d1b,ORD_054d1b,PilPol_a442,1,180.0,180.0
1422,ORIT_d3a210,ORD_d3a210,BedPol_2724,2,400.0,800.0
1423,ORIT_92453d,ORD_92453d,MatPoc_6ee7,1,13000.0,13000.0
1424,ORIT_65c438,ORD_65c438,PilPol_a442,1,180.0,180.0
1425,ORIT_7ea798,ORD_7ea798,MatSpr_acd0,1,8000.0,8000.0
1426,ORIT_b83103,ORD_b83103,BedCot_2449,1,800.0,800.0
1427,ORIT_047380,ORD_047380,MatSpr_28ce,2,6000.0,12000.0
1428,ORIT_849f55,ORD_849f55,MatPoc_1e64,1,8500.0,8500.0
1429,ORIT_4407e0,ORD_4407e0,BedLin_d846,1,2000.0,2000.0
1430,ORIT_e90883,ORD_e90883,MatPoc_f6cb,1,17500.0,17500.0
1431,ORIT_6f9276,ORD_6f9276,BolCot_3050,1,300.0,300.0
1432,ORIT_6ae97c,ORD_6ae97c,MatPoc_6ee7,1,13000.0,13000.0
1433,ORIT_78d497,ORD_78d497,PilPol_662f,2,180.0,360.0
1434,ORIT_d5b664,ORD_d5b664,MatPoc_f6cb,1,17500.0,17500.0
1435,ORIT_01031c,ORD_01031c,BolPol_cfd7,3,220.0,660.0
1436,ORIT_1d6988,ORD_1d6988,MatFoa_182e,1,5500.0,5500.0
1437,ORIT_7d9e9b,ORD_7d9e9b,BolFea_98d4,1,700.0,700.0
1438,ORIT_934eab,ORD_934eab,PilPol_3076,1,180.0,180.0
1439,ORIT_2b3673,ORD_2b3673,BolCot_3050,2,300.0,600.0
1440,ORIT_009832,ORD_009832,MatSpr_ccc4,2,6000.0,12000.0
1441,ORIT_d3cd31,ORD_d3cd31,BlaCot_6c4b,4,2200.0,8800.0
1442,ORIT_8c1d2f,ORD_8c1d2f,BolPol_cfd7,2,220.0,440.0
1443,ORIT_9c1f67,ORD_9c1f67,PilFea_8a5d,1,650.0,650.0
1444,ORIT_1d475b,ORD_1d475b,BedPol_e207,1,400.0,400.0
1445,ORIT_836a4f,ORD_836a4f,PilFea_115c,1,650.0,650.0
1446,ORIT_d81263,ORD_d81263,MatSpr_acd0,2,8000.0,16000.0
1447,ORIT_364718,ORD_364718,MatPoc_2df5,4,17500.0,70000.0
1448,ORIT_726f4a,ORD_726f4a,MatSpr_28ce,1,6000.0,6000.0
1449,ORIT_031f1e,ORD_031f1e,MatSpr_ccc4,4,6000.0,24000.0
1450,ORIT_8ff5cd,ORD_8ff5cd,BlaCot_ce6c,1,2000.0,2000.0
1451,ORIT_0d3c89,ORD_0d3c89,PilFea_56ac,1,650.0,650.0
1452,ORIT_1d6151,ORD_1d6151,MatPoc_f6cb,1,17500.0,17500.0
1453,ORIT_56f9bc,ORD_56f9bc,PilPol_a442,1,180.0,180.0
1454,ORIT_a518b0,ORD_a518b0,MatSpr_06ac,1,4000.0,4000.0
1455,ORIT_9e52a2,ORD_9e52a2,PilPol_a442,1,180.0,180.0
1456,ORIT_ef4eaf,ORD_ef4eaf,MatPoc_f6cb,1,17500.0,17500.0
1457,ORIT_a27bc4,ORD_a27bc4,BlaFle_7daf,1,600.0,600.0
1458,ORIT_f15877,ORD_f15877,MatFoa_4414,1,3500.0,3500.0
1459,ORIT_a9b288,ORD_a9b288,MatFoa_8cd2,1,3500.0,3500.0
1460,ORIT_80051c,ORD_80051c,BolPol_82d7,1,220.0,220.0
1461,ORIT_63b4b7,ORD_63b4b7,BolCot_3050,1,300.0,300.0
1462,ORIT_d99c9b,ORD_d99c9b,BedCot_6141,1,800.0,800.0
1463,ORIT_5b33dc,ORD_5b33dc,MatPoc_f6cb,3,17500.0,52500.0
1464,ORIT_96e437,ORD_96e437,BolPol_f3ad,2,220.0,440.0
1465,ORIT_69fc46,ORD_69fc46,PilPol_662f,1,180.0,180.0
1466,ORIT_eb9f00,ORD_eb9f00,PilPol_a442,1,180.0,180.0
1467,ORIT_a737f8,ORD_a737f8,BolPol_82d7,2,220.0,440.0
1468,ORIT_101d5f,ORD_101d5f,BolPol_f3ad,1,220.0,220.0
1469,ORIT_3c17f1,ORD_3c17f1,PilFea_115c,3,650.0,1950.0
1470,ORIT_649aab,ORD_649aab,BedCot_4e8b,2,1500.0,3000.0
1471,ORIT_b04448,ORD_b04448,BedCot_d278,1,1200.0,1200.0
1472,ORIT_6d7b6c,ORD_6d7b6c,MatSpr_28ce,2,6000.0,12000.0
1473,ORIT_90f390,ORD_90f390,BlaFle_c9a0,1,600.0,600.0
1474,ORIT_179d29,ORD_179d29,MatSpr_acd0,1,8000.0,8000.0
1475,ORIT_c5fea5,ORD_c5fea5,MatSpr_28ce,3,6000.0,18000.0
1476,ORIT_7542c8,ORD_7542c8,PilFea_8a5d,2,650.0,1300.0
1477,ORIT_fac05f,ORD_fac05f,MatSpr_ccc4,1,6000.0,6000.0
1478,ORIT_6090c1,ORD_6090c1,MatFoa_8cd2,3,3500.0,10500.0
1479,ORIT_10c583,ORD_10c583,MatPoc_6ee7,2,13000.0,26000.0
1480,ORIT_943a43,ORD_943a43,BolPol_f3ad,1,220.0,220.0
1481,ORIT_125e05,ORD_125e05,MatSpr_28ce,1,6000.0,6000.0
1482,ORIT_c9aaec,ORD_c9aaec,MatPoc_27a0,1,8500.0,8500.0
1483,ORIT_202be7,ORD_202be7,BedCot_17f5,1,1500.0,1500.0
1484,ORIT_b33f5d,ORD_b33f5d,BolPol_cfd7,1,220.0,220.0
1485,ORIT_76ad18,ORD_76ad18,MatFoa_8cd2,1,3500.0,3500.0
1486,ORIT_3f3a28,ORD_3f3a28,BedCot_6141,3,800.0,2400.0
1487,ORIT_f15a82,ORD_f15a82,MatPoc_45de,2,13000.0,26000.0
1488,ORIT_47cfbb,ORD_47cfbb,BedCot_2449,1,800.0,800.0
1489,ORIT_a9415a,ORD_a9415a,PilPol_a442,3,180.0,540.0
1490,ORIT_65440d,ORD_65440d,BedCot_4e8b,1,1500.0,1500.0
1491,ORIT_5ad06c,ORD_5ad06c,MatFoa_13fa,2,7500.0,15000.0
1492,ORIT_cdbf8d,ORD_cdbf8d,BolPol_cfd7,1,220.0,220.0
1493,ORIT_fda480,ORD_fda480,MatSpr_ccc4,3,6000.0,18000.0
1494,ORIT_0e75ed,ORD_0e75ed,BedPol_239e,2,600.0,1200.0
1495,ORIT_ee2544,ORD_ee2544,MatSpr_56a3,1,4000.0,4000.0
1496,ORIT_4fda36,ORD_4fda36,PilFea_115c,3,650.0,1950.0
1497,ORIT_db0fb7,ORD_db0fb7,PilFea_56ac,1,650.0,650.0
1498,ORIT_0b0db7,ORD_0b0db7,BedLin_18f8,1,2000.0,2000.0
1499,ORIT_978aea,ORD_978aea,BedCot_87ca,2,1200.0,2400.0
1500,ORIT_687a0d,ORD_687a0d,BedCot_4e8b,3,1500.0,4500.0
1501,ORIT_0d47cb,ORD_0d47cb,PilFea_8a5d,1,650.0,650.0
1502,ORIT_803c35,ORD_803c35,MatPoc_2df5,1,17500.0,17500.0
1503,ORIT_63d373,ORD_63d373,PilFea_56ac,1,650.0,650.0
1504,ORIT_30728c,ORD_30728c,PilPol_3076,1,180.0,180.0
1505,ORIT_677672,ORD_677672,BedLin_aa0f,1,4200.0,4200.0
1506,ORIT_0c642b,ORD_0c642b,PilPol_3076,1,180.0,180.0
1507,ORIT_7a8d07,ORD_7a8d07,BedPol_2724,1,400.0,400.0
1508,ORIT_d3d03e,ORD_d3d03e,BlaFle_0f50,1,300.0,300.0
1509,ORIT_77162a,ORD_77162a,MatSpr_ccc4,1,6000.0,6000.0
1510,ORIT_4e4634,ORD_4e4634,BolPol_f3ad,2,220.0,440.0
1511,ORIT_7ffd9c,ORD_7ffd9c,MatPoc_2df5,1,17500.0,17500.0
1512,ORIT_a48aca,ORD_a48aca,BedCot_2449,1,800.0,800.0
1513,ORIT_f9589c,ORD_f9589c,BedCot_4e8b,1,1500.0,1500.0
1514,ORIT_f03a5a,ORD_f03a5a,MatSpr_28ce,1,6000.0,6000.0
1515,ORIT_fd17fe,ORD_fd17fe,MatSpr_28ce,4,6000.0,24000.0
1516,ORIT_69c775,ORD_69c775,BlaCot_6c4b,2,2200.0,4400.0
1517,ORIT_aa7507,ORD_aa7507,BedCot_d278,1,1200.0,1200.0
1518,ORIT_4959dc,ORD_4959dc,PilPol_3076,1,180.0,180.0
1519,ORIT_3af3e8,ORD_3af3e8,PilPol_3076,4,180.0,720.0
1520,ORIT_af2c53,ORD_af2c53,MatFoa_28ad,4,7500.0,30000.0
1521,ORIT_922281,ORD_922281,MatSpr_acd0,3,8000.0,24000.0
1522,ORIT_3e45c3,ORD_3e45c3,MatPoc_45de,3,13000.0,39000.0
1523,ORIT_be3ca9,ORD_be3ca9,BlaCot_503c,2,2000.0,4000.0
1524,ORIT_f83ce7,ORD_f83ce7,BolPol_82d7,3,220.0,660.0
1525,ORIT_cd9722,ORD_cd9722,MatSpr_56a3,2,4000.0,8000.0
1526,ORIT_b13887,ORD_b13887,MatSpr_ccc4,3,6000.0,18000.0
1527,ORIT_ee1ca7,ORD_ee1ca7,MatSpr_ccc4,3,6000.0,18000.0
1528,ORIT_1285cb,ORD_1285cb,MatSpr_acd0,4,8000.0,32000.0
1529,ORIT_fd6a73,ORD_fd6a73,PilPol_662f,4,180.0,720.0
1530,ORIT_8d546e,ORD_8d546e,BedCot_4e8b,3,1500.0,4500.0
1531,ORIT_3e521b,ORD_3e521b,BlaFla_1d9c,4,1000.0,4000.0
1532,ORIT_7bcea7,ORD_7bcea7,MatSpr_ba3a,2,8000.0,16000.0
1533,ORIT_0bc3cf,ORD_0bc3cf,MatFoa_e09a,4,5500.0,22000.0
1534,ORIT_977166,ORD_977166,PilPol_3076,4,180.0,720.0
1535,ORIT_fe4b42,ORD_fe4b42,PilFea_56ac,3,650.0,1950.0
1536,ORIT_2448de,ORD_2448de,MatSpr_acd0,3,8000.0,24000.0
1537,ORIT_fd7755,ORD_fd7755,BedCot_4e8b,1,1500.0,1500.0
1538,ORIT_802f28,ORD_802f28,PilPol_662f,1,180.0,180.0
1539,ORIT_8ae3d2,ORD_8ae3d2,MatSpr_ccc4,1,6000.0,6000.0
1540,ORIT_ffbb1c,ORD_ffbb1c,BedCot_17f5,3,1500.0,4500.0
1541,ORIT_786940,ORD_786940,PilFea_56ac,2,650.0,1300.0
1542,ORIT_a4868a,ORD_a4868a,BedCot_2449,4,800.0,3200.0
1543,ORIT_759b27,ORD_759b27,BedCot_2397,2,1500.0,3000.0
1544,ORIT_26b410,ORD_26b410,PilPol_a442,4,180.0,720.0
1545,ORIT_346c47,ORD_346c47,PilFea_115c,3,650.0,1950.0
1546,ORIT_df7e4f,ORD_df7e4f,MatPoc_2df5,1,17500.0,17500.0
1547,ORIT_fbd80a,ORD_fbd80a,MatPoc_f6cb,4,17500.0,70000.0
1548,ORIT_dc4efb,ORD_dc4efb,PilPol_662f,3,180.0,540.0
1549,ORIT_6c37a5,ORD_6c37a5,BedPol_5144,4,600.0,2400.0
1550,ORIT_bb87e4,ORD_bb87e4,BolCot_21df,2,300.0,600.0
1551,ORIT_7efc42,ORD_7efc42,PilFea_56ac,1,650.0,650.0
1552,ORIT_5ed1d8,ORD_5ed1d8,BedCot_17f5,1,1500.0,1500.0
1553,ORIT_2cda9f,ORD_2cda9f,BlaFle_33f0,1,700.0,700.0
1554,ORIT_28a791,ORD_28a791,BedPol_e207,1,400.0,400.0
1555,ORIT_0781e8,ORD_0781e8,PilPol_662f,1,180.0,180.0
1556,ORIT_ca85fd,ORD_ca85fd,PilFea_8a5d,1,650.0,650.0
1557,ORIT_65dff6,ORD_65dff6,BolPol_cfd7,1,220.0,220.0
1558,ORIT_06f00e,ORD_06f00e,BedCot_d278,1,1200.0,1200.0
1559,ORIT_b95afa,ORD_b95afa,MatSpr_ba3a,1,8000.0,8000.0
1560,ORIT_b7c8bc,ORD_b7c8bc,PilFea_8a5d,1,650.0,650.0
1561,ORIT_61ed2d,ORD_61ed2d,BedPol_239e,1,600.0,600.0
1562,ORIT_cd5719,ORD_cd5719,BedPol_e8c9,2,400.0,800.0
1563,ORIT_8fef36,ORD_8fef36,BedCot_17f5,3,1500.0,4500.0
1564,ORIT_aeea48,ORD_aeea48,BedCot_d278,1,1200.0,1200.0
1565,ORIT_6821d9,ORD_6821d9,MatSpr_acd0,1,8000.0,8000.0
1566,ORIT_d11b82,ORD_d11b82,BedCot_c645,2,1200.0,2400.0
1567,ORIT_2b3f7e,ORD_2b3f7e,BedCot_17f5,1,1500.0,1500.0
1568,ORIT_d6b22a,ORD_d6b22a,BedCot_c645,2,1200.0,2400.0
1569,ORIT_741429,ORD_741429,BedCot_2397,1,1500.0,1500.0
1570,ORIT_70e065,ORD_70e065,MatPoc_6ee7,1,13000.0,13000.0
1571,ORIT_3edca7,ORD_3edca7,MatFoa_8cd2,1,3500.0,3500.0
1572,ORIT_5364f9,ORD_5364f9,MatSpr_28ce,1,6000.0,6000.0
1573,ORIT_c256ca,ORD_c256ca,MatSpr_acd0,1,8000.0,8000.0
1574,ORIT_052998,ORD_052998,BedPol_d3de,3,500.0,1500.0
1575,ORIT_3d68f8,ORD_3d68f8,PilFea_8a5d,1,650.0,650.0
1576,ORIT_5375af,ORD_5375af,PilPol_3076,1,180.0,180.0
1577,ORIT_989e80,ORD_989e80,BedCot_17f5,1,1500.0,1500.0
1578,ORIT_69ff38,ORD_69ff38,PilCot_3481,2,250.0,500.0
1579,ORIT_dd6a6c,ORD_dd6a6c,BolPol_f3ad,1,220.0,220.0
1580,ORIT_e69954,ORD_e69954,BolPol_82d7,1,220.0,220.0
1581,ORIT_2ec024,ORD_2ec024,PilFea_8a5d,1,650.0,650.0
1582,ORIT_e1c75e,ORD_e1c75e,BedCot_6141,2,800.0,1600.0
1583,ORIT_62af93,ORD_62af93,MatPoc_2df5,2,17500.0,35000.0
1584,ORIT_f6341b,ORD_f6341b,MatPoc_6ee7,3,13000.0,39000.0
1585,ORIT_d570a3,ORD_d570a3,BolCot_21df,1,300.0,300.0
1586,ORIT_4ec5db,ORD_4ec5db,MatSpr_acd0,4,8000.0,32000.0
1587,ORIT_733fe4,ORD_733fe4,BolPol_f3ad,1,220.0,220.0
1588,ORIT_dfb97c,ORD_dfb97c,BedCot_c645,1,1200.0,1200.0
1589,ORIT_997dba,ORD_997dba,MatSpr_acd0,4,8000.0,32000.0
1590,ORIT_c9994c,ORD_c9994c,MatSpr_ccc4,3,6000.0,18000.0
1591,ORIT_78548c,ORD_78548c,MatSpr_ba3a,1,8000.0,8000.0
1592,ORIT_9efab4,ORD_9efab4,MatFoa_4414,3,3500.0,10500.0
1593,ORIT_d0f7df,ORD_d0f7df,BedLin_f732,1,4200.0,4200.0
1594,ORIT_36de1b,ORD_36de1b,MatPoc_f6cb,1,17500.0,17500.0
1595,ORIT_295be8,ORD_295be8,MatFoa_4414,1,3500.0,3500.0
1596,ORIT_17a76e,ORD_17a76e,BedLin_8a26,1,3800.0,3800.0
1597,ORIT_aba4d8,ORD_aba4d8,BolPol_f3ad,1,220.0,220.0
1598,ORIT_3ce1d0,ORD_3ce1d0,MatPoc_2df5,1,17500.0,17500.0
1599,ORIT_d9c1e1,ORD_d9c1e1,BedPol_3807,1,500.0,500.0
1600,ORIT_f4a4c4,ORD_f4a4c4,BedCot_6141,1,800.0,800.0
1601,ORIT_637b62,ORD_637b62,MatSpr_ba3a,1,8000.0,8000.0
1602,ORIT_6ce926,ORD_6ce926,BedCot_6141,3,800.0,2400.0
1603,ORIT_31d84e,ORD_31d84e,MatSpr_ccc4,3,6000.0,18000.0
1604,ORIT_24b078,ORD_24b078,BedPol_239e,3,600.0,1800.0
1605,ORIT_c9e2b7,ORD_c9e2b7,BolCot_31e6,4,300.0,1200.0
1606,ORIT_648a09,ORD_648a09,MatFoa_8cd2,2,3500.0,7000.0
1607,ORIT_24d9ce,ORD_24d9ce,PilFea_56ac,4,650.0,2600.0
1608,ORIT_706c25,ORD_706c25,BolPol_f3ad,2,220.0,440.0
1609,ORIT_2996b1,ORD_2996b1,MatPoc_2df5,4,17500.0,70000.0
1610,ORIT_7e7acd,ORD_7e7acd,MatSpr_ccc4,4,6000.0,24000.0
1611,ORIT_251804,ORD_251804,BolPol_82d7,4,220.0,880.0
1612,ORIT_7776f0,ORD_7776f0,BedCot_4e8b,4,1500.0,6000.0
1613,ORIT_5b43d5,ORD_5b43d5,PilPol_a442,3,180.0,540.0
1614,ORIT_96a353,ORD_96a353,MatSpr_28ce,3,6000.0,18000.0
1615,ORIT_eeb0f1,ORD_eeb0f1,BedCot_6141,2,800.0,1600.0
1616,ORIT_b76dd3,ORD_b76dd3,BedCot_c645,4,1200.0,4800.0
1617,ORIT_8d3d94,ORD_8d3d94,MatSpr_ba3a,2,8000.0,16000.0
1618,ORIT_f77dfd,ORD_f77dfd,PilPol_a442,1,180.0,180.0
1619,ORIT_3c90ba,ORD_3c90ba,BolPol_82d7,3,220.0,660.0
1620,ORIT_b92959,ORD_b92959,BolCot_31e6,3,300.0,900.0
1621,ORIT_96ce8e,ORD_96ce8e,MatSpr_acd0,4,8000.0,32000.0
1622,ORIT_f6513f,ORD_f6513f,PilFea_115c,1,650.0,650.0
1623,ORIT_b3bab6,ORD_b3bab6,PilPol_3076,1,180.0,180.0
1624,ORIT_d5ede6,ORD_d5ede6,MatPoc_f6cb,1,17500.0,17500.0
1625,ORIT_586277,ORD_586277,BedCot_4a29,3,800.0,2400.0
1626,ORIT_700391,ORD_700391,BedPol_5144,2,600.0,1200.0
1627,ORIT_bfe07a,ORD_bfe07a,PilPol_a442,1,180.0,180.0
1628,ORIT_2b1d9d,ORD_2b1d9d,BedCot_4a29,1,800.0,800.0
1629,ORIT_d4ab0d,ORD_d4ab0d,PilPol_a442,1,180.0,180.0
1630,ORIT_33328a,ORD_33328a,BedCot_6141,1,800.0,800.0
1631,ORIT_3cfde4,ORD_3cfde4,MatSpr_ccc4,1,6000.0,6000.0
1632,ORIT_fefca2,ORD_fefca2,BedCot_4a29,1,800.0,800.0
1633,ORIT_9ea656,ORD_9ea656,MatSpr_ccc4,1,6000.0,6000.0
1634,ORIT_58d4c2,ORD_58d4c2,MatSpr_ccc4,1,6000.0,6000.0
1635,ORIT_2c72fd,ORD_2c72fd,PilFea_8a5d,1,650.0,650.0
1636,ORIT_4ac8cb,ORD_4ac8cb,MatFoa_8cd2,3,3500.0,10500.0
1637,ORIT_e9c083,ORD_e9c083,BedCot_2397,1,1500.0,1500.0
1638,ORIT_299c9c,ORD_299c9c,MatSpr_06ac,1,4000.0,4000.0
1639,ORIT_80eb8d,ORD_80eb8d,BedCot_87ca,2,1200.0,2400.0
1640,ORIT_02dfba,ORD_02dfba,MatPoc_6ee7,3,13000.0,39000.0
1641,ORIT_1fa836,ORD_1fa836,BlaCot_6c4b,1,2200.0,2200.0
1642,ORIT_574b24,ORD_574b24,MatSpr_ccc4,3,6000.0,18000.0
1643,ORIT_2d73a1,ORD_2d73a1,BedPol_d3de,1,500.0,500.0
1644,ORIT_8065b2,ORD_8065b2,MatPoc_2df5,3,17500.0,52500.0
1645,ORIT_5ac4ce,ORD_5ac4ce,PilPol_3076,3,180.0,540.0
1646,ORIT_e8275d,ORD_e8275d,BedCot_87ca,3,1200.0,3600.0
1647,ORIT_64fa2c,ORD_64fa2c,BedCot_d278,2,1200.0,2400.0
1648,ORIT_0be435,ORD_0be435,BedCot_2449,3,800.0,2400.0
1649,ORIT_0e0357,ORD_0e0357,PilPol_3076,2,180.0,360.0
1650,ORIT_6a6efc,ORD_6a6efc,BolCot_3050,1,300.0,300.0
1651,ORIT_64a94e,ORD_64a94e,BedCot_4e8b,1,1500.0,1500.0
1652,ORIT_6b01fc,ORD_6b01fc,MatSpr_ccc4,2,6000.0,12000.0
1653,ORIT_26411c,ORD_26411c,MatSpr_acd0,1,8000.0,8000.0
1654,ORIT_bc2d53,ORD_bc2d53,PilCot_b22a,4,250.0,1000.0
1655,ORIT_9d4b06,ORD_9d4b06,BedCot_2397,1,1500.0,1500.0
1656,ORIT_cc6493,ORD_cc6493,PilPol_662f,1,180.0,180.0
1657,ORIT_209861,ORD_209861,BedCot_4e8b,2,1500.0,3000.0
1658,ORIT_c620da,ORD_c620da,BedCot_c645,1,1200.0,1200.0
1659,ORIT_66ecf8,ORD_66ecf8,MatSpr_28ce,2,6000.0,12000.0
1660,ORIT_016635,ORD_016635,MatSpr_acd0,1,8000.0,8000.0
1661,ORIT_08621a,ORD_08621a,BedPol_2724,2,400.0,800.0
1662,ORIT_880801,ORD_880801,PilCot_f078,3,250.0,750.0
1663,ORIT_de7a84,ORD_de7a84,MatFoa_4414,2,3500.0,7000.0
1664,ORIT_e8e110,ORD_e8e110,MatFoa_e09a,4,5500.0,22000.0
1665,ORIT_6db376,ORD_6db376,MatSpr_acd0,3,8000.0,24000.0
1666,ORIT_a2bc11,ORD_a2bc11,MatSpr_06ac,2,4000.0,8000.0
1667,ORIT_e165e2,ORD_e165e2,MatSpr_acd0,4,8000.0,32000.0
1668,ORIT_221bbe,ORD_221bbe,MatSpr_ccc4,3,6000.0,18000.0
1669,ORIT_501dcd,ORD_501dcd,MatSpr_ccc4,2,6000.0,12000.0
1670,ORIT_c73bd7,ORD_c73bd7,MatFoa_4414,3,3500.0,10500.0
1671,ORIT_4ea901,ORD_4ea901,MatSpr_ccc4,4,6000.0,24000.0
1672,ORIT_8e662c,ORD_8e662c,BedCot_4e8b,4,1500.0,6000.0
1673,ORIT_9d3f5a,ORD_9d3f5a,MatPoc_6ee7,4,13000.0,52000.0
1674,ORIT_de99bf,ORD_de99bf,MatPoc_2df5,2,17500.0,35000.0
1675,ORIT_90a22d,ORD_90a22d,MatPoc_2df5,1,17500.0,17500.0
1676,ORIT_c9c255,ORD_c9c255,MatPoc_2df5,4,17500.0,70000.0
1677,ORIT_84c136,ORD_84c136,MatFoa_8cd2,3,3500.0,10500.0
1678,ORIT_c74281,ORD_c74281,BedLin_b097,3,3800.0,11400.0
1679,ORIT_465b19,ORD_465b19,PilPol_3076,3,180.0,540.0
1680,ORIT_42c36f,ORD_42c36f,MatPoc_2df5,2,17500.0,35000.0
1681,ORIT_9e18a3,ORD_9e18a3,BolPol_f3ad,2,220.0,440.0
1682,ORIT_8d3e84,ORD_8d3e84,MatFoa_e09a,1,5500.0,5500.0
1683,ORIT_5722f8,ORD_5722f8,PilFea_56ac,3,650.0,1950.0
1684,ORIT_453490,ORD_453490,MatPoc_6ee7,2,13000.0,26000.0
1685,ORIT_e60bff,ORD_e60bff,BolPol_82d7,1,220.0,220.0
1686,ORIT_d11088,ORD_d11088,BlaFle_9bda,1,700.0,700.0
1687,ORIT_26329a,ORD_26329a,MatPoc_f6cb,1,17500.0,17500.0
1688,ORIT_981c40,ORD_981c40,BedCot_c645,1,1200.0,1200.0
1689,ORIT_03b23d,ORD_03b23d,PilPol_3076,1,180.0,180.0
1690,ORIT_e8b692,ORD_e8b692,PilCot_b22a,3,250.0,750.0
1691,ORIT_6a8b7a,ORD_6a8b7a,MatPoc_2df5,3,17500.0,52500.0
1692,ORIT_44e5cf,ORD_44e5cf,MatSpr_ccc4,3,6000.0,18000.0
1693,ORIT_d9f541,ORD_d9f541,BedCot_4a29,1,800.0,800.0
1694,ORIT_b190df,ORD_b190df,MatSpr_28ce,4,6000.0,24000.0
1695,ORIT_122f70,ORD_122f70,BedCot_4a29,4,800.0,3200.0
1696,ORIT_e52205,ORD_e52205,MatPoc_f6cb,3,17500.0,52500.0
1697,ORIT_5932e9,ORD_5932e9,PilPol_662f,3,180.0,540.0
1698,ORIT_15e59d,ORD_15e59d,BedPol_3807,3,500.0,1500.0
1699,ORIT_076658,ORD_076658,MatPoc_2df5,3,17500.0,52500.0
1700,ORIT_b134ce,ORD_b134ce,BolPol_f3ad,3,220.0,660.0
1701,ORIT_0c57ad,ORD_0c57ad,BedLin_18f8,3,2000.0,6000.0
1702,ORIT_aa2b1b,ORD_aa2b1b,PilFea_115c,3,650.0,1950.0
1703,ORIT_00e043,ORD_00e043,BedPol_e207,2,400.0,800.0
1704,ORIT_0ce8cf,ORD_0ce8cf,MatSpr_ba3a,1,8000.0,8000.0
1705,ORIT_96e67f,ORD_96e67f,BedCot_2397,1,1500.0,1500.0
1706,ORIT_f2a051,ORD_f2a051,BolPol_82d7,3,220.0,660.0
1707,ORIT_6b348e,ORD_6b348e,BedPol_5144,1,600.0,600.0
1708,ORIT_62150e,ORD_62150e,MatSpr_acd0,2,8000.0,16000.0
1709,ORIT_516a10,ORD_516a10,BolPol_82d7,3,220.0,660.0
1710,ORIT_2c3d4c,ORD_2c3d4c,BedCot_17f5,2,1500.0,3000.0
1711,ORIT_5cf706,ORD_5cf706,BedCot_87ca,1,1200.0,1200.0
1712,ORIT_afa5cf,ORD_afa5cf,BedCot_d278,1,1200.0,1200.0
1713,ORIT_95b59c,ORD_95b59c,MatSpr_acd0,4,8000.0,32000.0
1714,ORIT_13fdd5,ORD_13fdd5,MatSpr_ccc4,2,6000.0,12000.0
1715,ORIT_dab9f5,ORD_dab9f5,MatPoc_2df5,4,17500.0,70000.0
1716,ORIT_73c49d,ORD_73c49d,PilPol_662f,3,180.0,540.0
1717,ORIT_b47d24,ORD_b47d24,BedCot_2397,3,1500.0,4500.0
1718,ORIT_a998ad,ORD_a998ad,BolPol_cfd7,2,220.0,440.0
1719,ORIT_f37c0c,ORD_f37c0c,BolPol_cfd7,2,220.0,440.0
1720,ORIT_b5aa33,ORD_b5aa33,BedCot_2449,3,800.0,2400.0
1721,ORIT_d7535b,ORD_d7535b,BolPol_f3ad,2,220.0,440.0
1722,ORIT_e7fb57,ORD_e7fb57,MatSpr_acd0,4,8000.0,32000.0
1723,ORIT_38b712,ORD_38b712,PilPol_3076,2,180.0,360.0
1724,ORIT_44adc4,ORD_44adc4,PilFea_56ac,1,650.0,650.0
1725,ORIT_5bc0af,ORD_5bc0af,MatSpr_ccc4,3,6000.0,18000.0
1726,ORIT_e0c1cd,ORD_e0c1cd,BedCot_4a29,3,800.0,2400.0
1727,ORIT_fb9ce5,ORD_fb9ce5,MatSpr_06ac,2,4000.0,8000.0
1728,ORIT_dc29e2,ORD_dc29e2,BolPol_82d7,2,220.0,440.0
1729,ORIT_e7c9b5,ORD_e7c9b5,MatPoc_f6cb,2,17500.0,35000.0
1730,ORIT_cb9452,ORD_cb9452,PilFea_115c,1,650.0,650.0
1731,ORIT_2c3156,ORD_2c3156,PilFea_115c,2,650.0,1300.0
1732,ORIT_cda961,ORD_cda961,MatFoa_28ad,1,7500.0,7500.0
1733,ORIT_00d509,ORD_00d509,MatFoa_e09a,1,5500.0,5500.0
1734,ORIT_87556d,ORD_87556d,PilPol_3076,1,180.0,180.0
1735,ORIT_513bd3,ORD_513bd3,MatFoa_e09a,1,5500.0,5500.0
1736,ORIT_0d59c8,ORD_0d59c8,MatPoc_6ee7,1,13000.0,13000.0
1737,ORIT_6d534f,ORD_6d534f,PilPol_a442,1,180.0,180.0
1738,ORIT_8b5a9f,ORD_8b5a9f,BedCot_17f5,1,1500.0,1500.0
1739,ORIT_f7d130,ORD_f7d130,BedPol_5ab8,1,600.0,600.0
1740,ORIT_a9efb4,ORD_a9efb4,MatSpr_56a3,1,4000.0,4000.0
1741,ORIT_e2fda1,ORD_e2fda1,MatFoa_28ad,1,7500.0,7500.0
1742,ORIT_99ef46,ORD_99ef46,MatPoc_45de,2,13000.0,26000.0
1743,ORIT_ff3c9c,ORD_ff3c9c,MatPoc_2df5,1,17500.0,17500.0
1744,ORIT_2b03fd,ORD_2b03fd,BedCot_4e8b,1,1500.0,1500.0
1745,ORIT_997bec,ORD_997bec,BedCot_6141,1,800.0,800.0
1746,ORIT_e37367,ORD_e37367,MatFoa_182e,1,5500.0,5500.0
1747,ORIT_e34b2e,ORD_e34b2e,MatPoc_6ee7,1,13000.0,13000.0
1748,ORIT_2b74e7,ORD_2b74e7,MatSpr_acd0,3,8000.0,24000.0
1749,ORIT_f73beb,ORD_f73beb,MatFoa_4414,4,3500.0,14000.0
1750,ORIT_e220e6,ORD_e220e6,BedPol_e207,4,400.0,1600.0
1751,ORIT_5bf1db,ORD_5bf1db,BedCot_4a29,3,800.0,2400.0
1752,ORIT_f937a1,ORD_f937a1,MatSpr_acd0,3,8000.0,24000.0
1753,ORIT_646359,ORD_646359,PilPol_662f,4,180.0,720.0
1754,ORIT_b1a411,ORD_b1a411,MatSpr_28ce,3,6000.0,18000.0
1755,ORIT_8ab20a,ORD_8ab20a,BedLin_5d3d,4,4200.0,16800.0
1756,ORIT_7714ab,ORD_7714ab,BedLin_67d1,1,3800.0,3800.0
1757,ORIT_5d7a1b,ORD_5d7a1b,BedLin_aa0f,2,4200.0,8400.0
1758,ORIT_62feff,ORD_62feff,MatSpr_ba3a,3,8000.0,24000.0
1759,ORIT_d31bce,ORD_d31bce,MatPoc_6ee7,2,13000.0,26000.0
1760,ORIT_02d501,ORD_02d501,BedPol_2724,3,400.0,1200.0
1761,ORIT_9381b2,ORD_9381b2,MatPoc_f6cb,3,17500.0,52500.0
1762,ORIT_8d6d42,ORD_8d6d42,BedPol_5ab8,3,600.0,1800.0
1763,ORIT_98bd8d,ORD_98bd8d,BolPol_cfd7,3,220.0,660.0
1764,ORIT_798f24,ORD_798f24,BolFea_98d4,1,700.0,700.0
1765,ORIT_990cc7,ORD_990cc7,MatSpr_28ce,1,6000.0,6000.0
1766,ORIT_16e36d,ORD_16e36d,MatSpr_acd0,1,8000.0,8000.0
1767,ORIT_6520df,ORD_6520df,BedPol_e8c9,1,400.0,400.0
1768,ORIT_6c8c8f,ORD_6c8c8f,MatPoc_45de,1,13000.0,13000.0
1769,ORIT_370992,ORD_370992,MatPoc_45de,2,13000.0,26000.0
1770,ORIT_fc28d9,ORD_fc28d9,BedCot_2397,1,1500.0,1500.0
1771,ORIT_c5eca7,ORD_c5eca7,MatSpr_ba3a,1,8000.0,8000.0
1772,ORIT_8b4f81,ORD_8b4f81,BedPol_2724,1,400.0,400.0
1773,ORIT_1b8ea7,ORD_1b8ea7,BedCot_4e8b,1,1500.0,1500.0
1774,ORIT_6f9dcc,ORD_6f9dcc,MatSpr_acd0,1,8000.0,8000.0
1775,ORIT_129d43,ORD_129d43,PilPol_3076,1,180.0,180.0
1776,ORIT_17749d,ORD_17749d,PilPol_662f,1,180.0,180.0
1777,ORIT_370741,ORD_370741,BedCot_c645,1,1200.0,1200.0
1778,ORIT_f7cefb,ORD_f7cefb,BedCot_6141,1,800.0,800.0
1779,ORIT_f412f8,ORD_f412f8,PilPol_3076,2,180.0,360.0
1780,ORIT_04eff2,ORD_04eff2,MatSpr_acd0,3,8000.0,24000.0
1781,ORIT_40c551,ORD_40c551,MatFoa_e09a,1,5500.0,5500.0
1782,ORIT_e22c41,ORD_e22c41,MatPoc_f6cb,1,17500.0,17500.0
1783,ORIT_1990b3,ORD_1990b3,BedPol_d3de,1,500.0,500.0
1784,ORIT_16db98,ORD_16db98,BolPol_82d7,1,220.0,220.0
1785,ORIT_7438c5,ORD_7438c5,BedCot_4e8b,2,1500.0,3000.0
1786,ORIT_5b10a0,ORD_5b10a0,MatFoa_e09a,1,5500.0,5500.0
1787,ORIT_2a435f,ORD_2a435f,MatSpr_28ce,1,6000.0,6000.0
1788,ORIT_12f615,ORD_12f615,BolPol_cfd7,1,220.0,220.0
1789,ORIT_f44d33,ORD_f44d33,MatPoc_6ee7,1,13000.0,13000.0
1790,ORIT_8d69fa,ORD_8d69fa,BolCot_21df,1,300.0,300.0
1791,ORIT_12d8f6,ORD_12d8f6,MatPoc_1e64,1,8500.0,8500.0
1792,ORIT_65277d,ORD_65277d,MatFoa_13fa,3,7500.0,22500.0
1793,ORIT_460160,ORD_460160,MatSpr_06ac,3,4000.0,12000.0
1794,ORIT_8a072a,ORD_8a072a,PilPol_a442,1,180.0,180.0
1795,ORIT_139340,ORD_139340,MatSpr_ba3a,1,8000.0,8000.0
1796,ORIT_fd5829,ORD_fd5829,BedLin_5d3d,2,4200.0,8400.0
1797,ORIT_df7f42,ORD_df7f42,BedPol_2724,1,400.0,400.0
1798,ORIT_79ba2d,ORD_79ba2d,PilFea_56ac,2,650.0,1300.0
1799,ORIT_af4166,ORD_af4166,MatPoc_45de,4,13000.0,52000.0
1800,ORIT_7743d8,ORD_7743d8,BolPol_82d7,1,220.0,220.0
1801,ORIT_75f8c6,ORD_75f8c6,MatSpr_ccc4,1,6000.0,6000.0
1802,ORIT_b3a43f,ORD_b3a43f,MatSpr_ccc4,1,6000.0,6000.0
1803,ORIT_69a161,ORD_69a161,BedCot_2397,1,1500.0,1500.0
1804,ORIT_af6d11,ORD_af6d11,BolCot_3050,1,300.0,300.0
1805,ORIT_94499c,ORD_94499c,PilPol_3076,1,180.0,180.0
1806,ORIT_0e4858,ORD_0e4858,MatSpr_ba3a,2,8000.0,16000.0
1807,ORIT_b0e9b8,ORD_b0e9b8,BedCot_d278,3,1200.0,3600.0
1808,ORIT_108d14,ORD_108d14,BlaFle_5881,1,700.0,700.0
1809,ORIT_2bec1d,ORD_2bec1d,PilPol_3076,1,180.0,180.0
1810,ORIT_36f253,ORD_36f253,BedLin_5d3d,2,4200.0,8400.0
1811,ORIT_c7723c,ORD_c7723c,MatSpr_06ac,2,4000.0,8000.0
1812,ORIT_ed579e,ORD_ed579e,BlaFle_991d,1,300.0,300.0
1813,ORIT_16d801,ORD_16d801,BedCot_2449,1,800.0,800.0
1814,ORIT_924d80,ORD_924d80,PilFea_115c,1,650.0,650.0
1815,ORIT_936bc4,ORD_936bc4,PilPol_3076,1,180.0,180.0
1816,ORIT_54f9ed,ORD_54f9ed,MatPoc_45de,1,13000.0,13000.0
1817,ORIT_2b685d,ORD_2b685d,BedCot_4e8b,1,1500.0,1500.0
1818,ORIT_f365a3,ORD_f365a3,MatSpr_28ce,3,6000.0,18000.0
1819,ORIT_299bf5,ORD_299bf5,MatSpr_28ce,2,6000.0,12000.0
1820,ORIT_d3805f,ORD_d3805f,MatSpr_ba3a,1,8000.0,8000.0
1821,ORIT_362fa3,ORD_362fa3,PilPol_a442,1,180.0,180.0
1822,ORIT_eef312,ORD_eef312,MatSpr_acd0,1,8000.0,8000.0
1823,ORIT_766511,ORD_766511,MatPoc_2df5,1,17500.0,17500.0
1824,ORIT_90c9b0,ORD_90c9b0,MatSpr_56a3,1,4000.0,4000.0
1825,ORIT_f53c1b,ORD_f53c1b,BedPol_239e,1,600.0,600.0
1826,ORIT_8e4393,ORD_8e4393,MatSpr_acd0,1,8000.0,8000.0
1827,ORIT_d5bf0a,ORD_d5bf0a,MatSpr_ccc4,1,6000.0,6000.0
1828,ORIT_fbbc37,ORD_fbbc37,BolCot_31e6,1,300.0,300.0
1829,ORIT_a80d18,ORD_a80d18,PilCot_3481,2,250.0,500.0
1830,ORIT_2ef534,ORD_2ef534,BolPol_f3ad,1,220.0,220.0
1831,ORIT_754afc,ORD_754afc,MatFoa_8cd2,1,3500.0,3500.0
1832,ORIT_b23e24,ORD_b23e24,MatSpr_ccc4,1,6000.0,6000.0
1833,ORIT_f41f89,ORD_f41f89,BlaFla_7645,1,1200.0,1200.0
1834,ORIT_48c6a3,ORD_48c6a3,MatPoc_1e64,1,8500.0,8500.0
1835,ORIT_bd266c,ORD_bd266c,MatPoc_f6cb,1,17500.0,17500.0
1836,ORIT_acc902,ORD_acc902,MatSpr_28ce,2,6000.0,12000.0
1837,ORIT_6f7935,ORD_6f7935,BedCot_4e8b,2,1500.0,3000.0
1838,ORIT_03bff8,ORD_03bff8,BedCot_6141,1,800.0,800.0
1839,ORIT_68c32f,ORD_68c32f,MatPoc_f6cb,1,17500.0,17500.0
1840,ORIT_aca776,ORD_aca776,MatPoc_2df5,1,17500.0,17500.0
1841,ORIT_e21fd9,ORD_e21fd9,BedCot_6141,1,800.0,800.0
1842,ORIT_ef2dfb,ORD_ef2dfb,BolPol_82d7,1,220.0,220.0
1843,ORIT_e888c4,ORD_e888c4,BedLin_d846,1,2000.0,2000.0
1844,ORIT_11245b,ORD_11245b,BedCot_4e8b,1,1500.0,1500.0
1845,ORIT_2f1edb,ORD_2f1edb,PilFea_56ac,1,650.0,650.0
1846,ORIT_bbd1b4,ORD_bbd1b4,MatPoc_f6cb,1,17500.0,17500.0
1847,ORIT_79b547,ORD_79b547,MatSpr_ba3a,1,8000.0,8000.0
1848,ORIT_e62f03,ORD_e62f03,PilPol_662f,1,180.0,180.0
1849,ORIT_cdd8dc,ORD_cdd8dc,MatPoc_6ee7,1,13000.0,13000.0
1850,ORIT_e5b0eb,ORD_e5b0eb,MatPoc_45de,1,13000.0,13000.0
1851,ORIT_32d4e5,ORD_32d4e5,PilPol_a442,3,180.0,540.0
1852,ORIT_dca8a8,ORD_dca8a8,MatSpr_acd0,1,8000.0,8000.0
1853,ORIT_f42ad2,ORD_f42ad2,BedPol_3807,1,500.0,500.0
1854,ORIT_0a8c25,ORD_0a8c25,MatSpr_28ce,2,6000.0,12000.0
1855,ORIT_956b4b,ORD_956b4b,MatFoa_13fa,2,7500.0,15000.0
1856,ORIT_f43cbd,ORD_f43cbd,PilFea_8a5d,3,650.0,1950.0
1857,ORIT_48eb39,ORD_48eb39,BedCot_4a29,2,800.0,1600.0
1858,ORIT_52d920,ORD_52d920,MatSpr_acd0,1,8000.0,8000.0
1859,ORIT_01f8a1,ORD_01f8a1,MatPoc_6ee7,2,13000.0,26000.0
1860,ORIT_bec1a4,ORD_bec1a4,MatSpr_ba3a,1,8000.0,8000.0
1861,ORIT_cbab29,ORD_cbab29,BolCot_31e6,1,300.0,300.0
1862,ORIT_6015ba,ORD_6015ba,PilPol_3076,1,180.0,180.0
1863,ORIT_fe5dff,ORD_fe5dff,MatSpr_ccc4,1,6000.0,6000.0
1864,ORIT_b01301,ORD_b01301,MatFoa_4414,1,3500.0,3500.0
1865,ORIT_f1c64a,ORD_f1c64a,PilPol_a442,1,180.0,180.0
1866,ORIT_ff1563,ORD_ff1563,MatPoc_6ee7,1,13000.0,13000.0
1867,ORIT_db0d96,ORD_db0d96,MatSpr_28ce,1,6000.0,6000.0
1868,ORIT_6306cf,ORD_6306cf,PilPol_a442,1,180.0,180.0
1869,ORIT_e82734,ORD_e82734,BedCot_d278,1,1200.0,1200.0
1870,ORIT_6a7c2e,ORD_6a7c2e,MatPoc_45de,1,13000.0,13000.0
1871,ORIT_ed40f0,ORD_ed40f0,BedCot_17f5,2,1500.0,3000.0
1872,ORIT_c7d7b8,ORD_c7d7b8,PilFea_115c,2,650.0,1300.0
1873,ORIT_0adbaf,ORD_0adbaf,MatSpr_ba3a,1,8000.0,8000.0
1874,ORIT_6d8c58,ORD_6d8c58,BedPol_3807,1,500.0,500.0
1875,ORIT_e7b122,ORD_e7b122,MatFoa_182e,3,5500.0,16500.0
1876,ORIT_4b957b,ORD_4b957b,MatSpr_ba3a,4,8000.0,32000.0
1877,ORIT_123420,ORD_123420,BedCot_4a29,4,800.0,3200.0
1878,ORIT_ce8cca,ORD_ce8cca,MatSpr_56a3,2,4000.0,8000.0
1879,ORIT_2abbfc,ORD_2abbfc,MatSpr_56a3,1,4000.0,4000.0
1880,ORIT_32831b,ORD_32831b,MatPoc_45de,1,13000.0,13000.0
1881,ORIT_d0962f,ORD_d0962f,MatPoc_2df5,1,17500.0,17500.0
1882,ORIT_a35fb6,ORD_a35fb6,MatSpr_56a3,2,4000.0,8000.0
1883,ORIT_3a9133,ORD_3a9133,BedCot_17f5,1,1500.0,1500.0
1884,ORIT_228d5d,ORD_228d5d,MatPoc_2df5,1,17500.0,17500.0
1885,ORIT_97010f,ORD_97010f,BedLin_18f8,1,2000.0,2000.0
1886,ORIT_a0f579,ORD_a0f579,BedPol_239e,1,600.0,600.0
1887,ORIT_4e70ae,ORD_4e70ae,BlaCot_ce6c,1,2000.0,2000.0
1888,ORIT_b7e8e6,ORD_b7e8e6,BedCot_6141,3,800.0,2400.0
1889,ORIT_5e7f7e,ORD_5e7f7e,BedCot_4e8b,2,1500.0,3000.0
1890,ORIT_b77398,ORD_b77398,MatSpr_acd0,2,8000.0,16000.0
1891,ORIT_453f97,ORD_453f97,BedCot_6141,1,800.0,800.0
1892,ORIT_f33bea,ORD_f33bea,PilFea_56ac,1,650.0,650.0
1893,ORIT_c85140,ORD_c85140,BedCot_d278,3,1200.0,3600.0
1894,ORIT_dfcf80,ORD_dfcf80,BedPol_f406,1,500.0,500.0
1895,ORIT_502378,ORD_502378,PilPol_3076,1,180.0,180.0
1896,ORIT_6f4fad,ORD_6f4fad,MatSpr_28ce,1,6000.0,6000.0
1897,ORIT_0d5723,ORD_0d5723,BlaFla_ad01,2,1200.0,2400.0
1898,ORIT_3ef4d6,ORD_3ef4d6,PilPol_3076,1,180.0,180.0
1899,ORIT_79c563,ORD_79c563,BedCot_2449,1,800.0,800.0
1900,ORIT_2023ff,ORD_2023ff,PilFea_8a5d,4,650.0,2600.0
1901,ORIT_dcce77,ORD_dcce77,MatSpr_acd0,1,8000.0,8000.0
1902,ORIT_386adb,ORD_386adb,PilPol_662f,1,180.0,180.0
1903,ORIT_ac1d4b,ORD_ac1d4b,MatSpr_acd0,2,8000.0,16000.0
1904,ORIT_245af7,ORD_245af7,MatSpr_ba3a,1,8000.0,8000.0
1905,ORIT_e9abf7,ORD_e9abf7,BolCot_31e6,1,300.0,300.0
1906,ORIT_8669c4,ORD_8669c4,BedCot_2449,1,800.0,800.0
1907,ORIT_9e0c10,ORD_9e0c10,BedCot_87ca,1,1200.0,1200.0
1908,ORIT_51023a,ORD_51023a,PilPol_a442,1,180.0,180.0
1909,ORIT_9b7005,ORD_9b7005,PilPol_662f,1,180.0,180.0
1910,ORIT_b7c66c,ORD_b7c66c,MatFoa_182e,1,5500.0,5500.0
1911,ORIT_228bfe,ORD_228bfe,PilFea_56ac,2,650.0,1300.0
1912,ORIT_bad59b,ORD_bad59b,BlaFla_f995,3,1000.0,3000.0
1913,ORIT_797348,ORD_797348,BedCot_6141,3,800.0,2400.0
1914,ORIT_cc9358,ORD_cc9358,BedPol_2724,4,400.0,1600.0
1915,ORIT_8f3fd6,ORD_8f3fd6,BedCot_17f5,2,1500.0,3000.0
1916,ORIT_62c530,ORD_62c530,BedCot_4a29,4,800.0,3200.0
1917,ORIT_b0f38f,ORD_b0f38f,PilPol_3076,4,180.0,720.0
1918,ORIT_a52cbe,ORD_a52cbe,MatSpr_ba3a,2,8000.0,16000.0
1919,ORIT_61a379,ORD_61a379,BedCot_4a29,3,800.0,2400.0
1920,ORIT_45bd54,ORD_45bd54,BolPol_f3ad,4,220.0,880.0
1921,ORIT_8cbf07,ORD_8cbf07,MatFoa_182e,2,5500.0,11000.0
1922,ORIT_a929dd,ORD_a929dd,MatFoa_13fa,2,7500.0,15000.0
1923,ORIT_097198,ORD_097198,MatSpr_acd0,4,8000.0,32000.0
1924,ORIT_d5ab5f,ORD_d5ab5f,MatSpr_06ac,4,4000.0,16000.0
1925,ORIT_3fa9ee,ORD_3fa9ee,BolPol_f3ad,3,220.0,660.0
1926,ORIT_9451c6,ORD_9451c6,MatPoc_6ee7,2,13000.0,26000.0
1927,ORIT_200347,ORD_200347,MatPoc_2df5,3,17500.0,52500.0
1928,ORIT_df6430,ORD_df6430,BolCot_31e6,1,300.0,300.0
1929,ORIT_5cba29,ORD_5cba29,MatSpr_acd0,3,8000.0,24000.0
1930,ORIT_016a03,ORD_016a03,BedCot_6141,1,800.0,800.0
1931,ORIT_915d66,ORD_915d66,MatSpr_ccc4,1,6000.0,6000.0
1932,ORIT_d5c2e4,ORD_d5c2e4,MatSpr_ccc4,1,6000.0,6000.0
1933,ORIT_d8580a,ORD_d8580a,MatSpr_28ce,1,6000.0,6000.0
1934,ORIT_e7374c,ORD_e7374c,MatSpr_28ce,1,6000.0,6000.0
1935,ORIT_afa066,ORD_afa066,BedCot_2397,1,1500.0,1500.0
1936,ORIT_82f8d6,ORD_82f8d6,BolPol_cfd7,1,220.0,220.0
1937,ORIT_41b874,ORD_41b874,PilFea_115c,2,650.0,1300.0
1938,ORIT_e3fb09,ORD_e3fb09,MatSpr_28ce,4,6000.0,24000.0
1939,ORIT_77a54c,ORD_77a54c,MatSpr_ba3a,4,8000.0,32000.0
1940,ORIT_06b628,ORD_06b628,BedPol_3807,2,500.0,1000.0
1941,ORIT_d6c6c3,ORD_d6c6c3,MatSpr_acd0,3,8000.0,24000.0
1942,ORIT_096c37,ORD_096c37,MatSpr_28ce,3,6000.0,18000.0
1943,ORIT_0c225e,ORD_0c225e,MatFoa_4414,3,3500.0,10500.0
1944,ORIT_cf91d5,ORD_cf91d5,MatSpr_ccc4,4,6000.0,24000.0
1945,ORIT_58ae08,ORD_58ae08,MatPoc_2df5,3,17500.0,52500.0
1946,ORIT_5f8e88,ORD_5f8e88,BedCot_4e8b,4,1500.0,6000.0
1947,ORIT_a72d2a,ORD_a72d2a,PilFea_115c,3,650.0,1950.0
1948,ORIT_222d0b,ORD_222d0b,BedCot_d278,3,1200.0,3600.0
1949,ORIT_4ca50e,ORD_4ca50e,PilFea_115c,2,650.0,1300.0
1950,ORIT_09559a,ORD_09559a,BolPol_f3ad,1,220.0,220.0
1951,ORIT_fc43aa,ORD_fc43aa,MatPoc_45de,1,13000.0,13000.0
1952,ORIT_c550c6,ORD_c550c6,PilPol_a442,2,180.0,360.0
1953,ORIT_de227b,ORD_de227b,MatPoc_2df5,1,17500.0,17500.0
1954,ORIT_c71205,ORD_c71205,MatPoc_45de,2,13000.0,26000.0
1955,ORIT_3ba97d,ORD_3ba97d,MatSpr_ccc4,2,6000.0,12000.0
1956,ORIT_fb434e,ORD_fb434e,MatSpr_28ce,2,6000.0,12000.0
1957,ORIT_ac7c1b,ORD_ac7c1b,BlaFle_991d,1,300.0,300.0
1958,ORIT_6df6ca,ORD_6df6ca,MatSpr_acd0,2,8000.0,16000.0
1959,ORIT_6aef7f,ORD_6aef7f,BedCot_6141,2,800.0,1600.0
1960,ORIT_493449,ORD_493449,PilFea_56ac,1,650.0,650.0
1961,ORIT_a4fc5b,ORD_a4fc5b,MatSpr_06ac,2,4000.0,8000.0
1962,ORIT_d23425,ORD_d23425,MatPoc_2df5,1,17500.0,17500.0
1963,ORIT_38ed49,ORD_38ed49,BedLin_67d1,1,3800.0,3800.0
1964,ORIT_93d28d,ORD_93d28d,BedCot_87ca,1,1200.0,1200.0
1965,ORIT_527ded,ORD_527ded,PilPol_a442,2,180.0,360.0
1966,ORIT_d12786,ORD_d12786,BedCot_2449,4,800.0,3200.0
1967,ORIT_04ba64,ORD_04ba64,MatSpr_ccc4,3,6000.0,18000.0
1968,ORIT_078fc3,ORD_078fc3,MatPoc_45de,4,13000.0,52000.0
1969,ORIT_b0b1b2,ORD_b0b1b2,BedPol_5144,3,600.0,1800.0
1970,ORIT_16eb06,ORD_16eb06,MatSpr_56a3,2,4000.0,8000.0
1971,ORIT_2d6fce,ORD_2d6fce,MatPoc_f6cb,4,17500.0,70000.0
1972,ORIT_77baa1,ORD_77baa1,BedPol_5ab8,4,600.0,2400.0
1973,ORIT_99ffe2,ORD_99ffe2,BedCot_c645,3,1200.0,3600.0
1974,ORIT_4f5733,ORD_4f5733,BedCot_6141,4,800.0,3200.0
1975,ORIT_a12e3b,ORD_a12e3b,MatFoa_4414,3,3500.0,10500.0
1976,ORIT_aa95ef,ORD_aa95ef,MatSpr_28ce,1,6000.0,6000.0
1977,ORIT_48205f,ORD_48205f,BolPol_82d7,2,220.0,440.0
1978,ORIT_6f6cc7,ORD_6f6cc7,MatPoc_6ee7,1,13000.0,13000.0
1979,ORIT_3e0eec,ORD_3e0eec,BedPol_5ab8,4,600.0,2400.0
1980,ORIT_961edc,ORD_961edc,BedCot_4e8b,2,1500.0,3000.0
1981,ORIT_e4af52,ORD_e4af52,BedLin_5d3d,3,4200.0,12600.0
1982,ORIT_6b37f3,ORD_6b37f3,BolPol_82d7,3,220.0,660.0
1983,ORIT_512ca4,ORD_512ca4,MatSpr_ccc4,3,6000.0,18000.0
1984,ORIT_72bcc0,ORD_72bcc0,BedCot_4a29,3,800.0,2400.0
1985,ORIT_7b7165,ORD_7b7165,PilPol_a442,3,180.0,540.0
1986,ORIT_85f5b6,ORD_85f5b6,PilFea_8a5d,2,650.0,1300.0
1987,ORIT_df5600,ORD_df5600,BedCot_17f5,3,1500.0,4500.0
1988,ORIT_10aad6,ORD_10aad6,MatPoc_2df5,2,17500.0,35000.0
1989,ORIT_ef4785,ORD_ef4785,MatSpr_acd0,3,8000.0,24000.0
1990,ORIT_085cbb,ORD_085cbb,MatPoc_f6cb,2,17500.0,35000.0
1991,ORIT_252764,ORD_252764,MatSpr_acd0,1,8000.0,8000.0
1992,ORIT_744962,ORD_744962,MatPoc_f6cb,1,17500.0,17500.0
1993,ORIT_a18bf3,ORD_a18bf3,BolCot_3050,2,300.0,600.0
1994,ORIT_4ab7b6,ORD_4ab7b6,PilPol_a442,2,180.0,360.0
1995,ORIT_76adca,ORD_76adca,MatSpr_ccc4,1,6000.0,6000.0
1996,ORIT_c03310,ORD_c03310,MatSpr_ccc4,2,6000.0,12000.0
1997,ORIT_e67180,ORD_e67180,BedCot_6141,1,800.0,800.0
1998,ORIT_1156ef,ORD_1156ef,MatPoc_45de,1,13000.0,13000.0
1999,ORIT_806664,ORD_806664,MatPoc_f6cb,1,17500.0,17500.0
2000,ORIT_13dbb1,ORD_13dbb1,MatSpr_ccc4,1,6000.0,6000.0
2001,ORIT_ca24f4,ORD_ca24f4,MatSpr_06ac,2,4000.0,8000.0
2002,ORIT_a2dbec,ORD_a2dbec,PilPol_a442,1,180.0,180.0
2003,ORIT_b551d4,ORD_b551d4,MatPoc_f6cb,1,17500.0,17500.0
2004,ORIT_ff423a,ORD_ff423a,MatSpr_56a3,2,4000.0,8000.0
2005,ORIT_14b21d,ORD_14b21d,MatPoc_2df5,1,17500.0,17500.0
2006,ORIT_df6be1,ORD_df6be1,MatPoc_45de,1,13000.0,13000.0
2007,ORIT_4dc227,ORD_4dc227,MatSpr_28ce,2,6000.0,12000.0
2008,ORIT_ba907a,ORD_ba907a,PilFea_8a5d,4,650.0,2600.0
2009,ORIT_686467,ORD_686467,BolPol_cfd7,1,220.0,220.0
2010,ORIT_81d597,ORD_81d597,BolPol_82d7,3,220.0,660.0
2011,ORIT_eba6ce,ORD_eba6ce,MatPoc_45de,1,13000.0,13000.0
2012,ORIT_5425a5,ORD_5425a5,PilFea_8a5d,3,650.0,1950.0
2013,ORIT_517525,ORD_517525,MatPoc_27a0,1,8500.0,8500.0
2014,ORIT_c43e73,ORD_c43e73,BedPol_f406,3,500.0,1500.0
2015,ORIT_515a16,ORD_515a16,BedPol_239e,4,600.0,2400.0
2016,ORIT_6ec240,ORD_6ec240,BedCot_4e8b,4,1500.0,6000.0
2017,ORIT_5f4c3a,ORD_5f4c3a,PilPol_a442,2,180.0,360.0
2018,ORIT_da693c,ORD_da693c,MatFoa_182e,4,5500.0,22000.0
2019,ORIT_3fd298,ORD_3fd298,MatPoc_2df5,3,17500.0,52500.0
2020,ORIT_0c40ef,ORD_0c40ef,PilPol_a442,3,180.0,540.0
2021,ORIT_039676,ORD_039676,PilCot_3481,4,250.0,1000.0
2022,ORIT_644fd4,ORD_644fd4,MatPoc_f6cb,4,17500.0,70000.0
2023,ORIT_b91ef6,ORD_b91ef6,MatPoc_2df5,4,17500.0,70000.0
2024,ORIT_39c3ea,ORD_39c3ea,BedCot_87ca,3,1200.0,3600.0
2025,ORIT_ab558f,ORD_ab558f,BedPol_e207,3,400.0,1200.0
2026,ORIT_718e84,ORD_718e84,PilFea_56ac,2,650.0,1300.0
2027,ORIT_191f1b,ORD_191f1b,BolCot_21df,3,300.0,900.0
2028,ORIT_03d7fd,ORD_03d7fd,PilPol_a442,2,180.0,360.0
2029,ORIT_fa4830,ORD_fa4830,MatPoc_2df5,4,17500.0,70000.0
2030,ORIT_fe659a,ORD_fe659a,BolPol_82d7,3,220.0,660.0
2031,ORIT_8f9c79,ORD_8f9c79,MatSpr_56a3,3,4000.0,12000.0
2032,ORIT_739791,ORD_739791,BedCot_2397,1,1500.0,1500.0
2033,ORIT_5cf814,ORD_5cf814,MatFoa_e09a,1,5500.0,5500.0
2034,ORIT_3714af,ORD_3714af,BlaCot_503c,2,2000.0,4000.0
2035,ORIT_653159,ORD_653159,MatSpr_acd0,1,8000.0,8000.0
2036,ORIT_d7d7b3,ORD_d7d7b3,BolPol_f3ad,1,220.0,220.0
2037,ORIT_d7cace,ORD_d7cace,MatPoc_45de,1,13000.0,13000.0
2038,ORIT_7c4572,ORD_7c4572,PilPol_3076,1,180.0,180.0
2039,ORIT_dfcf4d,ORD_dfcf4d,BlaCot_9ef6,1,2200.0,2200.0
2040,ORIT_fefc20,ORD_fefc20,MatSpr_28ce,1,6000.0,6000.0
2041,ORIT_39e651,ORD_39e651,BolPol_82d7,2,220.0,440.0
2042,ORIT_3c92f5,ORD_3c92f5,PilPol_3076,1,180.0,180.0
2043,ORIT_3d5bc6,ORD_3d5bc6,BolPol_82d7,1,220.0,220.0
2044,ORIT_aea751,ORD_aea751,BedCot_2397,3,1500.0,4500.0
2045,ORIT_e0d976,ORD_e0d976,BolPol_f3ad,3,220.0,660.0
2046,ORIT_389660,ORD_389660,BedCot_d278,1,1200.0,1200.0
2047,ORIT_b1c598,ORD_b1c598,BolPol_f3ad,2,220.0,440.0
2048,ORIT_ebac0a,ORD_ebac0a,BedCot_17f5,1,1500.0,1500.0
2049,ORIT_028976,ORD_028976,MatSpr_56a3,1,4000.0,4000.0
2050,ORIT_91b610,ORD_91b610,BedCot_6141,1,800.0,800.0
2051,ORIT_73ebb8,ORD_73ebb8,MatFoa_28ad,1,7500.0,7500.0
2052,ORIT_571ca5,ORD_571ca5,MatFoa_28ad,1,7500.0,7500.0
2053,ORIT_632549,ORD_632549,MatSpr_acd0,1,8000.0,8000.0
2054,ORIT_98b540,ORD_98b540,MatPoc_27a0,1,8500.0,8500.0
2055,ORIT_b287d6,ORD_b287d6,BedPol_239e,2,600.0,1200.0
2056,ORIT_ec78ba,ORD_ec78ba,BedCot_87ca,1,1200.0,1200.0
2057,ORIT_c0d1e0,ORD_c0d1e0,BedPol_5ab8,2,600.0,1200.0
2058,ORIT_9fe800,ORD_9fe800,BolPol_cfd7,1,220.0,220.0
2059,ORIT_275375,ORD_275375,PilPol_a442,1,180.0,180.0
2060,ORIT_b854c6,ORD_b854c6,MatSpr_acd0,1,8000.0,8000.0
2061,ORIT_c36458,ORD_c36458,MatPoc_6ee7,1,13000.0,13000.0
2062,ORIT_f36d53,ORD_f36d53,BedLin_d846,1,2000.0,2000.0
2063,ORIT_a953c2,ORD_a953c2,PilFea_115c,3,650.0,1950.0
2064,ORIT_8ef048,ORD_8ef048,MatSpr_ccc4,1,6000.0,6000.0
2065,ORIT_e611ad,ORD_e611ad,PilPol_3076,1,180.0,180.0
2066,ORIT_790fa7,ORD_790fa7,MatSpr_56a3,1,4000.0,4000.0
2067,ORIT_8e3fa0,ORD_8e3fa0,MatPoc_6ee7,1,13000.0,13000.0
2068,ORIT_85b14e,ORD_85b14e,MatSpr_ba3a,1,8000.0,8000.0
2069,ORIT_038462,ORD_038462,MatPoc_2df5,1,17500.0,17500.0
2070,ORIT_ff40a7,ORD_ff40a7,MatSpr_ccc4,2,6000.0,12000.0
2071,ORIT_f535c1,ORD_f535c1,MatPoc_45de,1,13000.0,13000.0
2072,ORIT_023f1b,ORD_023f1b,MatSpr_ccc4,2,6000.0,12000.0
2073,ORIT_75c02b,ORD_75c02b,BedCot_d278,1,1200.0,1200.0
2074,ORIT_473775,ORD_473775,BedLin_18f8,1,2000.0,2000.0
2075,ORIT_1b74a7,ORD_1b74a7,MatFoa_e09a,1,5500.0,5500.0
2076,ORIT_568b03,ORD_568b03,PilCot_b22a,3,250.0,750.0
2077,ORIT_eb3727,ORD_eb3727,MatSpr_ccc4,3,6000.0,18000.0
2078,ORIT_52f4fe,ORD_52f4fe,MatSpr_56a3,2,4000.0,8000.0
2079,ORIT_fb67b7,ORD_fb67b7,PilPol_a442,4,180.0,720.0
2080,ORIT_f73890,ORD_f73890,MatPoc_2df5,4,17500.0,70000.0
2081,ORIT_951fe4,ORD_951fe4,MatPoc_2df5,4,17500.0,70000.0
2082,ORIT_96be22,ORD_96be22,PilFea_115c,3,650.0,1950.0
2083,ORIT_6720ea,ORD_6720ea,MatSpr_ccc4,4,6000.0,24000.0
2084,ORIT_10fd29,ORD_10fd29,MatPoc_45de,4,13000.0,52000.0
2085,ORIT_ebec29,ORD_ebec29,PilPol_a442,3,180.0,540.0
2086,ORIT_090ec5,ORD_090ec5,BedPol_e207,3,400.0,1200.0
2087,ORIT_1c39a3,ORD_1c39a3,MatSpr_acd0,3,8000.0,24000.0
2088,ORIT_f7f11c,ORD_f7f11c,BedCot_d278,4,1200.0,4800.0
2089,ORIT_a2bdb7,ORD_a2bdb7,MatSpr_acd0,2,8000.0,16000.0
2090,ORIT_940944,ORD_940944,BolPol_f3ad,1,220.0,220.0
2091,ORIT_d6ba10,ORD_d6ba10,BolCot_3050,4,300.0,1200.0
2092,ORIT_5f8e7a,ORD_5f8e7a,MatSpr_56a3,1,4000.0,4000.0
2093,ORIT_d59b09,ORD_d59b09,MatSpr_acd0,1,8000.0,8000.0
2094,ORIT_3439ff,ORD_3439ff,BedCot_4e8b,3,1500.0,4500.0
2095,ORIT_250f89,ORD_250f89,MatPoc_45de,1,13000.0,13000.0
2096,ORIT_972038,ORD_972038,MatSpr_56a3,1,4000.0,4000.0
2097,ORIT_660003,ORD_660003,BedCot_87ca,2,1200.0,2400.0
2098,ORIT_6e2b23,ORD_6e2b23,MatPoc_2df5,1,17500.0,17500.0
2099,ORIT_4fffbe,ORD_4fffbe,BedLin_67d1,1,3800.0,3800.0
2100,ORIT_5016a6,ORD_5016a6,PilFea_8a5d,1,650.0,650.0
2101,ORIT_afe7b6,ORD_afe7b6,PilPol_a442,2,180.0,360.0
2102,ORIT_901db9,ORD_901db9,MatSpr_ccc4,2,6000.0,12000.0
2103,ORIT_e66b8f,ORD_e66b8f,BedCot_c645,1,1200.0,1200.0
2104,ORIT_f18f57,ORD_f18f57,BedCot_2449,2,800.0,1600.0
2105,ORIT_a22bc7,ORD_a22bc7,BolPol_82d7,1,220.0,220.0
2106,ORIT_d631d1,ORD_d631d1,PilPol_662f,1,180.0,180.0
2107,ORIT_d665c7,ORD_d665c7,MatSpr_ccc4,1,6000.0,6000.0
2108,ORIT_2985e8,ORD_2985e8,MatSpr_28ce,1,6000.0,6000.0
2109,ORIT_bc97b2,ORD_bc97b2,MatFoa_13fa,1,7500.0,7500.0
2110,ORIT_c4ed19,ORD_c4ed19,MatPoc_45de,3,13000.0,39000.0
2111,ORIT_bfc4e0,ORD_bfc4e0,MatSpr_28ce,1,6000.0,6000.0
2112,ORIT_611819,ORD_611819,MatSpr_ccc4,1,6000.0,6000.0
2113,ORIT_5a2f5e,ORD_5a2f5e,MatPoc_45de,1,13000.0,13000.0
2114,ORIT_4d122f,ORD_4d122f,MatSpr_28ce,2,6000.0,12000.0
2115,ORIT_d74419,ORD_d74419,BedCot_17f5,1,1500.0,1500.0
2116,ORIT_504e4c,ORD_504e4c,MatSpr_acd0,1,8000.0,8000.0
2117,ORIT_71e43f,ORD_71e43f,BolCot_31e6,3,300.0,900.0
2118,ORIT_99cd41,ORD_99cd41,MatPoc_f6cb,1,17500.0,17500.0
2119,ORIT_f30663,ORD_f30663,MatSpr_28ce,1,6000.0,6000.0
2120,ORIT_c39631,ORD_c39631,BedCot_2449,1,800.0,800.0
2121,ORIT_972bc6,ORD_972bc6,PilFea_56ac,2,650.0,1300.0
2122,ORIT_9e63ba,ORD_9e63ba,PilPol_3076,3,180.0,540.0
2123,ORIT_d0a60d,ORD_d0a60d,MatSpr_acd0,2,8000.0,16000.0
2124,ORIT_f795d7,ORD_f795d7,MatPoc_6ee7,3,13000.0,39000.0
2125,ORIT_771317,ORD_771317,MatFoa_182e,3,5500.0,16500.0
2126,ORIT_a1b5eb,ORD_a1b5eb,BlaCot_b529,3,2000.0,6000.0
2127,ORIT_ab810e,ORD_ab810e,MatFoa_13fa,4,7500.0,30000.0
2128,ORIT_777fc6,ORD_777fc6,BedCot_d278,3,1200.0,3600.0
2129,ORIT_ac7abb,ORD_ac7abb,MatSpr_ba3a,3,8000.0,24000.0
2130,ORIT_9f75aa,ORD_9f75aa,BlaFle_7daf,4,600.0,2400.0
2131,ORIT_524fc0,ORD_524fc0,PilFea_115c,1,650.0,650.0
2132,ORIT_e4a292,ORD_e4a292,MatFoa_182e,4,5500.0,22000.0
2133,ORIT_e04efc,ORD_e04efc,MatPoc_2df5,3,17500.0,52500.0
2134,ORIT_918db7,ORD_918db7,BlaCot_503c,2,2000.0,4000.0
2135,ORIT_0c07ae,ORD_0c07ae,BedCot_4e8b,3,1500.0,4500.0
2136,ORIT_49c3ee,ORD_49c3ee,BedLin_f732,2,4200.0,8400.0
2137,ORIT_36dc09,ORD_36dc09,BedCot_c645,1,1200.0,1200.0
2138,ORIT_4dd1e9,ORD_4dd1e9,MatPoc_2df5,1,17500.0,17500.0
2139,ORIT_89a0a2,ORD_89a0a2,BedCot_17f5,1,1500.0,1500.0
2140,ORIT_009a17,ORD_009a17,MatSpr_28ce,1,6000.0,6000.0
2141,ORIT_e3a0c9,ORD_e3a0c9,PilFea_56ac,1,650.0,650.0
2142,ORIT_2f4670,ORD_2f4670,MatFoa_28ad,3,7500.0,22500.0
2143,ORIT_11d478,ORD_11d478,PilPol_662f,1,180.0,180.0
2144,ORIT_1a8094,ORD_1a8094,BolCot_31e6,1,300.0,300.0
2145,ORIT_d17815,ORD_d17815,BedCot_87ca,1,1200.0,1200.0
2146,ORIT_982e53,ORD_982e53,BedCot_2449,1,800.0,800.0
2147,ORIT_e6eeee,ORD_e6eeee,MatPoc_1e64,1,8500.0,8500.0
2148,ORIT_e44b5d,ORD_e44b5d,MatSpr_ba3a,1,8000.0,8000.0
2149,ORIT_bab285,ORD_bab285,BedCot_c645,1,1200.0,1200.0
2150,ORIT_a5f320,ORD_a5f320,BedLin_8a26,1,3800.0,3800.0
2151,ORIT_931a11,ORD_931a11,MatSpr_56a3,1,4000.0,4000.0
2152,ORIT_ca89ed,ORD_ca89ed,BolPol_f3ad,1,220.0,220.0
2153,ORIT_174332,ORD_174332,MatPoc_1e64,1,8500.0,8500.0
2154,ORIT_dd0ce9,ORD_dd0ce9,PilFea_56ac,2,650.0,1300.0
2155,ORIT_4a0cc2,ORD_4a0cc2,BedCot_17f5,1,1500.0,1500.0
2156,ORIT_d56eaa,ORD_d56eaa,BedCot_c645,1,1200.0,1200.0
2157,ORIT_453608,ORD_453608,MatPoc_2df5,1,17500.0,17500.0
2158,ORIT_620691,ORD_620691,BlaFla_7645,1,1200.0,1200.0
2159,ORIT_d3d60c,ORD_d3d60c,MatFoa_182e,1,5500.0,5500.0
2160,ORIT_b18fae,ORD_b18fae,MatFoa_e09a,1,5500.0,5500.0
2161,ORIT_3accfc,ORD_3accfc,MatFoa_182e,3,5500.0,16500.0
2162,ORIT_76fa2e,ORD_76fa2e,MatPoc_2df5,2,17500.0,35000.0
2163,ORIT_056194,ORD_056194,BedCot_17f5,1,1500.0,1500.0
2164,ORIT_09d5ad,ORD_09d5ad,BedPol_e8c9,2,400.0,800.0
2165,ORIT_ea65bf,ORD_ea65bf,BedLin_d846,1,2000.0,2000.0
2166,ORIT_e9bc59,ORD_e9bc59,BedPol_f406,3,500.0,1500.0
2167,ORIT_849598,ORD_849598,MatSpr_28ce,1,6000.0,6000.0
2168,ORIT_78e4f8,ORD_78e4f8,PilFea_56ac,1,650.0,650.0
2169,ORIT_222318,ORD_222318,MatPoc_45de,2,13000.0,26000.0
2170,ORIT_264c27,ORD_264c27,BedCot_6141,1,800.0,800.0
2171,ORIT_d3f1d4,ORD_d3f1d4,MatPoc_45de,1,13000.0,13000.0
2172,ORIT_fbcd42,ORD_fbcd42,MatPoc_2df5,1,17500.0,17500.0
2173,ORIT_f6642c,ORD_f6642c,BlaFla_1d9c,1,1000.0,1000.0
2174,ORIT_4551f7,ORD_4551f7,PilFea_8a5d,2,650.0,1300.0
2175,ORIT_02a398,ORD_02a398,PilPol_662f,2,180.0,360.0
2176,ORIT_09bea6,ORD_09bea6,MatPoc_6ee7,2,13000.0,26000.0
2177,ORIT_fe305d,ORD_fe305d,BedCot_2449,1,800.0,800.0
2178,ORIT_4b18ff,ORD_4b18ff,MatSpr_ccc4,1,6000.0,6000.0
2179,ORIT_56f10e,ORD_56f10e,PilFea_115c,2,650.0,1300.0
2180,ORIT_6cd2bb,ORD_6cd2bb,MatPoc_2df5,1,17500.0,17500.0
2181,ORIT_c327f1,ORD_c327f1,MatPoc_2df5,3,17500.0,52500.0
2182,ORIT_824799,ORD_824799,BedPol_e207,1,400.0,400.0
2183,ORIT_0e9056,ORD_0e9056,PilFea_115c,2,650.0,1300.0
2184,ORIT_854a89,ORD_854a89,MatPoc_45de,1,13000.0,13000.0
2185,ORIT_4e8469,ORD_4e8469,MatSpr_ccc4,1,6000.0,6000.0
2186,ORIT_c18ec1,ORD_c18ec1,BolPol_cfd7,1,220.0,220.0
2187,ORIT_8730bb,ORD_8730bb,MatPoc_45de,1,13000.0,13000.0
2188,ORIT_04edfc,ORD_04edfc,MatSpr_28ce,1,6000.0,6000.0
2189,ORIT_fd41e2,ORD_fd41e2,BolPol_82d7,1,220.0,220.0
2190,ORIT_66fb00,ORD_66fb00,BlaCot_ce6c,2,2000.0,4000.0
2191,ORIT_831d78,ORD_831d78,PilPol_a442,1,180.0,180.0
2192,ORIT_ec09a9,ORD_ec09a9,MatPoc_f6cb,1,17500.0,17500.0
2193,ORIT_489994,ORD_489994,MatSpr_acd0,2,8000.0,16000.0
2194,ORIT_74935f,ORD_74935f,BedPol_e207,1,400.0,400.0
2195,ORIT_6bbed6,ORD_6bbed6,MatPoc_1e64,1,8500.0,8500.0
2196,ORIT_084908,ORD_084908,PilFea_115c,1,650.0,650.0
2197,ORIT_fee4de,ORD_fee4de,BlaFle_5881,1,700.0,700.0
2198,ORIT_5d597e,ORD_5d597e,MatSpr_ccc4,4,6000.0,24000.0
2199,ORIT_24d0c2,ORD_24d0c2,BedCot_6141,3,800.0,2400.0
2200,ORIT_eafc04,ORD_eafc04,BlaCot_572e,2,2200.0,4400.0
2201,ORIT_051b8c,ORD_051b8c,MatFoa_8cd2,4,3500.0,14000.0
2202,ORIT_2d368a,ORD_2d368a,MatPoc_2df5,3,17500.0,52500.0
2203,ORIT_bf1d3c,ORD_bf1d3c,MatSpr_ccc4,3,6000.0,18000.0
2204,ORIT_8ed9ac,ORD_8ed9ac,MatSpr_acd0,3,8000.0,24000.0
2205,ORIT_babda1,ORD_babda1,BolFea_98d4,4,700.0,2800.0
2206,ORIT_342439,ORD_342439,PilPol_a442,3,180.0,540.0
2207,ORIT_55ab53,ORD_55ab53,MatPoc_2df5,4,17500.0,70000.0
2208,ORIT_7d47ed,ORD_7d47ed,BedCot_6141,2,800.0,1600.0
2209,ORIT_75a6be,ORD_75a6be,BedCot_2449,1,800.0,800.0
2210,ORIT_dfe131,ORD_dfe131,BedCot_d278,4,1200.0,4800.0
2211,ORIT_21b6e4,ORD_21b6e4,MatPoc_45de,4,13000.0,52000.0
2212,ORIT_c18a41,ORD_c18a41,BedCot_6141,1,800.0,800.0
2213,ORIT_ca7d23,ORD_ca7d23,PilFea_115c,1,650.0,650.0
2214,ORIT_066def,ORD_066def,MatPoc_f6cb,2,17500.0,35000.0
2215,ORIT_df3e9b,ORD_df3e9b,BedCot_2397,4,1500.0,6000.0
2216,ORIT_53b300,ORD_53b300,MatPoc_f6cb,4,17500.0,70000.0
2217,ORIT_17cc82,ORD_17cc82,BedCot_d278,4,1200.0,4800.0
2218,ORIT_023111,ORD_023111,PilPol_a442,3,180.0,540.0
2219,ORIT_2c99ee,ORD_2c99ee,MatFoa_4414,2,3500.0,7000.0
2220,ORIT_2ed8d8,ORD_2ed8d8,BedCot_2449,3,800.0,2400.0
2221,ORIT_f0b510,ORD_f0b510,BolPol_cfd7,1,220.0,220.0
2222,ORIT_777835,ORD_777835,MatSpr_ba3a,3,8000.0,24000.0
2223,ORIT_da69b2,ORD_da69b2,BedCot_6141,3,800.0,2400.0
2224,ORIT_7c2602,ORD_7c2602,BlaFle_394c,2,600.0,1200.0
2225,ORIT_53bf1a,ORD_53bf1a,MatPoc_6ee7,3,13000.0,39000.0
2226,ORIT_baad11,ORD_baad11,MatSpr_28ce,3,6000.0,18000.0
2227,ORIT_39ef44,ORD_39ef44,MatSpr_ccc4,1,6000.0,6000.0
2228,ORIT_2cfbf1,ORD_2cfbf1,MatPoc_6ee7,4,13000.0,52000.0
2229,ORIT_b09d9f,ORD_b09d9f,MatPoc_27a0,3,8500.0,25500.0
2230,ORIT_af0529,ORD_af0529,PilFea_56ac,4,650.0,2600.0
2231,ORIT_8850df,ORD_8850df,MatSpr_acd0,4,8000.0,32000.0
2232,ORIT_3759f0,ORD_3759f0,MatFoa_e09a,1,5500.0,5500.0
2233,ORIT_ad2150,ORD_ad2150,BolCot_3050,1,300.0,300.0
2234,ORIT_08f39a,ORD_08f39a,MatFoa_e09a,1,5500.0,5500.0
2235,ORIT_cb19d8,ORD_cb19d8,MatSpr_28ce,1,6000.0,6000.0
2236,ORIT_5d6101,ORD_5d6101,MatSpr_ba3a,1,8000.0,8000.0
2237,ORIT_f82854,ORD_f82854,PilPol_3076,2,180.0,360.0
2238,ORIT_1be033,ORD_1be033,MatPoc_2df5,2,17500.0,35000.0
2239,ORIT_6cec65,ORD_6cec65,MatPoc_45de,2,13000.0,26000.0
2240,ORIT_866f86,ORD_866f86,PilPol_662f,1,180.0,180.0
2241,ORIT_2e1b3d,ORD_2e1b3d,BedCot_c645,4,1200.0,4800.0
2242,ORIT_4073a4,ORD_4073a4,BolPol_82d7,1,220.0,220.0
2243,ORIT_89f244,ORD_89f244,BedCot_6141,2,800.0,1600.0
2244,ORIT_b4b074,ORD_b4b074,PilPol_3076,4,180.0,720.0
2245,ORIT_0c44e3,ORD_0c44e3,MatSpr_acd0,1,8000.0,8000.0
2246,ORIT_0ae9bd,ORD_0ae9bd,MatPoc_27a0,1,8500.0,8500.0
2247,ORIT_3b9cd5,ORD_3b9cd5,PilFea_8a5d,1,650.0,650.0
2248,ORIT_5de4df,ORD_5de4df,MatFoa_182e,1,5500.0,5500.0
2249,ORIT_c93255,ORD_c93255,BedLin_67d1,2,3800.0,7600.0
2250,ORIT_0a59b5,ORD_0a59b5,PilFea_56ac,1,650.0,650.0
2251,ORIT_df34f9,ORD_df34f9,BedLin_5d3d,3,4200.0,12600.0
2252,ORIT_835829,ORD_835829,BedCot_2449,1,800.0,800.0
2253,ORIT_92d5b3,ORD_92d5b3,MatSpr_56a3,4,4000.0,16000.0
2254,ORIT_426483,ORD_426483,MatSpr_ba3a,3,8000.0,24000.0
2255,ORIT_fc52da,ORD_fc52da,MatSpr_acd0,3,8000.0,24000.0
2256,ORIT_b64f4a,ORD_b64f4a,MatFoa_e09a,2,5500.0,11000.0
2257,ORIT_f6d499,ORD_f6d499,MatSpr_28ce,2,6000.0,12000.0
2258,ORIT_918338,ORD_918338,MatSpr_28ce,4,6000.0,24000.0
2259,ORIT_3b1463,ORD_3b1463,MatSpr_ba3a,4,8000.0,32000.0
2260,ORIT_8b0b7a,ORD_8b0b7a,BedCot_4e8b,4,1500.0,6000.0
2261,ORIT_b16da5,ORD_b16da5,PilPol_3076,1,180.0,180.0
2262,ORIT_500c93,ORD_500c93,BedCot_2397,1,1500.0,1500.0
2263,ORIT_f537ef,ORD_f537ef,MatSpr_ba3a,3,8000.0,24000.0
2264,ORIT_1b136e,ORD_1b136e,BedCot_4e8b,4,1500.0,6000.0
2265,ORIT_7e8552,ORD_7e8552,PilFea_8a5d,4,650.0,2600.0
2266,ORIT_01a78f,ORD_01a78f,MatSpr_28ce,3,6000.0,18000.0
2267,ORIT_aa7c56,ORD_aa7c56,PilFea_115c,3,650.0,1950.0
2268,ORIT_3b7258,ORD_3b7258,MatSpr_ccc4,4,6000.0,24000.0
2269,ORIT_f0f35e,ORD_f0f35e,MatSpr_28ce,3,6000.0,18000.0
2270,ORIT_dd5c98,ORD_dd5c98,BlaCot_ce6c,4,2000.0,8000.0
2271,ORIT_dcd9c2,ORD_dcd9c2,MatSpr_acd0,4,8000.0,32000.0
2272,ORIT_d4263a,ORD_d4263a,MatPoc_f6cb,3,17500.0,52500.0
2273,ORIT_8ef4b9,ORD_8ef4b9,BedLin_67d1,1,3800.0,3800.0
2274,ORIT_d85344,ORD_d85344,PilFea_8a5d,3,650.0,1950.0
2275,ORIT_32aab3,ORD_32aab3,MatSpr_56a3,2,4000.0,8000.0
2276,ORIT_82572d,ORD_82572d,BolPol_f3ad,3,220.0,660.0
2277,ORIT_bfac09,ORD_bfac09,MatPoc_2df5,4,17500.0,70000.0
2278,ORIT_41b765,ORD_41b765,PilPol_a442,4,180.0,720.0
2279,ORIT_7064ba,ORD_7064ba,BedCot_17f5,2,1500.0,3000.0
2280,ORIT_3503ed,ORD_3503ed,BedPol_f406,1,500.0,500.0
2281,ORIT_8d5478,ORD_8d5478,MatPoc_2df5,4,17500.0,70000.0
2282,ORIT_8fc015,ORD_8fc015,MatSpr_28ce,4,6000.0,24000.0
2283,ORIT_9648e5,ORD_9648e5,BolPol_82d7,4,220.0,880.0
2284,ORIT_1923fc,ORD_1923fc,PilPol_3076,2,180.0,360.0
2285,ORIT_93ac1f,ORD_93ac1f,BlaCot_503c,3,2000.0,6000.0
2286,ORIT_f8db85,ORD_f8db85,PilFea_115c,3,650.0,1950.0
2287,ORIT_a90758,ORD_a90758,BedCot_87ca,3,1200.0,3600.0
2288,ORIT_9805b3,ORD_9805b3,PilCot_3481,3,250.0,750.0
2289,ORIT_2cd69c,ORD_2cd69c,PilPol_662f,3,180.0,540.0
2290,ORIT_b09bee,ORD_b09bee,PilPol_3076,3,180.0,540.0
2291,ORIT_81f26a,ORD_81f26a,BlaFle_33f0,3,700.0,2100.0
2292,ORIT_678bdd,ORD_678bdd,BolPol_cfd7,1,220.0,220.0
2293,ORIT_dd380c,ORD_dd380c,MatPoc_27a0,1,8500.0,8500.0
2294,ORIT_86a057,ORD_86a057,MatPoc_45de,1,13000.0,13000.0
2295,ORIT_05f79f,ORD_05f79f,MatPoc_2df5,1,17500.0,17500.0
2296,ORIT_d1777d,ORD_d1777d,MatPoc_2df5,1,17500.0,17500.0
2297,ORIT_b4ae5a,ORD_b4ae5a,BedCot_2397,2,1500.0,3000.0
2298,ORIT_917c01,ORD_917c01,BedPol_f406,1,500.0,500.0
2299,ORIT_ec9c7d,ORD_ec9c7d,BolPol_f3ad,2,220.0,440.0
2300,ORIT_60f326,ORD_60f326,BedCot_4a29,1,800.0,800.0
2301,ORIT_4da012,ORD_4da012,MatSpr_acd0,1,8000.0,8000.0
2302,ORIT_dc6977,ORD_dc6977,PilPol_3076,2,180.0,360.0
2303,ORIT_3870dc,ORD_3870dc,BedCot_4e8b,1,1500.0,1500.0
2304,ORIT_0efb17,ORD_0efb17,PilPol_3076,3,180.0,540.0
2305,ORIT_438340,ORD_438340,BolFea_98d4,1,700.0,700.0
2306,ORIT_2df28f,ORD_2df28f,BedCot_87ca,2,1200.0,2400.0
2307,ORIT_1bdc58,ORD_1bdc58,BedCot_2449,1,800.0,800.0
2308,ORIT_cc06da,ORD_cc06da,MatSpr_ba3a,1,8000.0,8000.0
2309,ORIT_fa7880,ORD_fa7880,PilPol_a442,1,180.0,180.0
2310,ORIT_7ca117,ORD_7ca117,MatSpr_ccc4,1,6000.0,6000.0
2311,ORIT_85a0d8,ORD_85a0d8,MatPoc_45de,3,13000.0,39000.0
2312,ORIT_fcda03,ORD_fcda03,BlaCot_ce6c,1,2000.0,2000.0
2313,ORIT_13220b,ORD_13220b,MatPoc_45de,2,13000.0,26000.0
2314,ORIT_164079,ORD_164079,MatFoa_28ad,2,7500.0,15000.0
2315,ORIT_a1b559,ORD_a1b559,MatPoc_45de,1,13000.0,13000.0
2316,ORIT_de8346,ORD_de8346,MatSpr_ba3a,1,8000.0,8000.0
2317,ORIT_5d54b7,ORD_5d54b7,BedCot_4e8b,2,1500.0,3000.0
2318,ORIT_ed1351,ORD_ed1351,BolFea_b87f,1,700.0,700.0
2319,ORIT_08c847,ORD_08c847,MatSpr_ba3a,1,8000.0,8000.0
2320,ORIT_a971b7,ORD_a971b7,MatPoc_45de,2,13000.0,26000.0
2321,ORIT_d12c94,ORD_d12c94,MatSpr_acd0,1,8000.0,8000.0
2322,ORIT_44e11a,ORD_44e11a,MatPoc_2df5,1,17500.0,17500.0
2323,ORIT_974fd8,ORD_974fd8,BedPol_5ab8,1,600.0,600.0
2324,ORIT_8d2d53,ORD_8d2d53,BedCot_4a29,1,800.0,800.0
2325,ORIT_eb5de9,ORD_eb5de9,MatSpr_28ce,1,6000.0,6000.0
2326,ORIT_dfab07,ORD_dfab07,PilPol_662f,1,180.0,180.0
2327,ORIT_ffa1c5,ORD_ffa1c5,BedCot_4e8b,1,1500.0,1500.0
2328,ORIT_7dfdb1,ORD_7dfdb1,BedCot_2397,1,1500.0,1500.0
2329,ORIT_fea99e,ORD_fea99e,BedCot_17f5,1,1500.0,1500.0
2330,ORIT_b91cda,ORD_b91cda,BolPol_82d7,1,220.0,220.0
2331,ORIT_6ee059,ORD_6ee059,PilPol_a442,1,180.0,180.0
2332,ORIT_73c3d2,ORD_73c3d2,BolPol_cfd7,1,220.0,220.0
2333,ORIT_a17f8c,ORD_a17f8c,MatPoc_45de,1,13000.0,13000.0
2334,ORIT_7cdf72,ORD_7cdf72,BedCot_17f5,1,1500.0,1500.0
2335,ORIT_76998d,ORD_76998d,MatFoa_28ad,1,7500.0,7500.0
2336,ORIT_8f483e,ORD_8f483e,MatSpr_56a3,1,4000.0,4000.0
2337,ORIT_f1933e,ORD_f1933e,BedCot_2449,2,800.0,1600.0
2338,ORIT_f10f8c,ORD_f10f8c,MatSpr_56a3,1,4000.0,4000.0
2339,ORIT_45e2a6,ORD_45e2a6,PilFea_8a5d,3,650.0,1950.0
2340,ORIT_a02231,ORD_a02231,BlaFle_394c,2,600.0,1200.0
2341,ORIT_9def86,ORD_9def86,MatSpr_ba3a,2,8000.0,16000.0
2342,ORIT_dc1736,ORD_dc1736,MatSpr_ccc4,2,6000.0,12000.0
2343,ORIT_df5aea,ORD_df5aea,BolCot_21df,4,300.0,1200.0
2344,ORIT_1acad6,ORD_1acad6,PilFea_56ac,4,650.0,2600.0
2345,ORIT_04b418,ORD_04b418,BolCot_31e6,1,300.0,300.0
2346,ORIT_935527,ORD_935527,MatPoc_2df5,1,17500.0,17500.0
2347,ORIT_55773c,ORD_55773c,PilPol_a442,1,180.0,180.0
2348,ORIT_e60a9f,ORD_e60a9f,MatSpr_28ce,1,6000.0,6000.0
2349,ORIT_c82716,ORD_c82716,BolPol_cfd7,1,220.0,220.0
2350,ORIT_cffd1a,ORD_cffd1a,BlaFle_c9a0,1,600.0,600.0
2351,ORIT_f3fc98,ORD_f3fc98,MatPoc_45de,1,13000.0,13000.0
2352,ORIT_fca077,ORD_fca077,MatSpr_ccc4,1,6000.0,6000.0
2353,ORIT_45afa9,ORD_45afa9,BedCot_4e8b,1,1500.0,1500.0
2354,ORIT_c28435,ORD_c28435,BedLin_5d3d,1,4200.0,4200.0
2355,ORIT_7355d1,ORD_7355d1,MatSpr_acd0,1,8000.0,8000.0
2356,ORIT_6fc320,ORD_6fc320,MatPoc_f6cb,1,17500.0,17500.0
2357,ORIT_aa046b,ORD_aa046b,PilFea_8a5d,1,650.0,650.0
2358,ORIT_42745d,ORD_42745d,MatSpr_06ac,2,4000.0,8000.0
2359,ORIT_6ac466,ORD_6ac466,MatSpr_ba3a,1,8000.0,8000.0
2360,ORIT_4345ce,ORD_4345ce,PilCot_b22a,1,250.0,250.0
2361,ORIT_61aef9,ORD_61aef9,MatPoc_f6cb,1,17500.0,17500.0
2362,ORIT_5d4866,ORD_5d4866,MatSpr_06ac,1,4000.0,4000.0
2363,ORIT_686ebd,ORD_686ebd,MatSpr_ba3a,1,8000.0,8000.0
2364,ORIT_6ea97e,ORD_6ea97e,MatSpr_ccc4,1,6000.0,6000.0
2365,ORIT_986cac,ORD_986cac,BolPol_cfd7,2,220.0,440.0
2366,ORIT_cdf659,ORD_cdf659,PilPol_3076,1,180.0,180.0
2367,ORIT_3c4fec,ORD_3c4fec,MatPoc_2df5,1,17500.0,17500.0
2368,ORIT_02fa96,ORD_02fa96,BolFea_d1d6,1,700.0,700.0
2369,ORIT_b3217e,ORD_b3217e,BedPol_5ab8,1,600.0,600.0
2370,ORIT_ba6ed4,ORD_ba6ed4,BedPol_f406,1,500.0,500.0
2371,ORIT_6d2834,ORD_6d2834,MatFoa_28ad,1,7500.0,7500.0
2372,ORIT_bac93b,ORD_bac93b,BedCot_17f5,1,1500.0,1500.0
2373,ORIT_957f8d,ORD_957f8d,MatSpr_acd0,4,8000.0,32000.0
2374,ORIT_fab33e,ORD_fab33e,MatSpr_acd0,3,8000.0,24000.0
2375,ORIT_508987,ORD_508987,PilPol_a442,4,180.0,720.0
2376,ORIT_94bb01,ORD_94bb01,MatFoa_182e,2,5500.0,11000.0
2377,ORIT_f47a62,ORD_f47a62,MatSpr_28ce,2,6000.0,12000.0
2378,ORIT_1975d5,ORD_1975d5,BlaCot_503c,2,2000.0,4000.0
2379,ORIT_639f02,ORD_639f02,MatPoc_f6cb,3,17500.0,52500.0
2380,ORIT_a72afc,ORD_a72afc,MatPoc_f6cb,4,17500.0,70000.0
2381,ORIT_be2f38,ORD_be2f38,BolPol_cfd7,1,220.0,220.0
2382,ORIT_6ff576,ORD_6ff576,MatSpr_ba3a,3,8000.0,24000.0
2383,ORIT_9425b9,ORD_9425b9,PilPol_662f,2,180.0,360.0
2384,ORIT_6a4d9c,ORD_6a4d9c,BedCot_2397,3,1500.0,4500.0
2385,ORIT_6851e0,ORD_6851e0,PilPol_3076,2,180.0,360.0
2386,ORIT_9c8963,ORD_9c8963,BedPol_2724,4,400.0,1600.0
2387,ORIT_4c90fa,ORD_4c90fa,BedCot_c645,4,1200.0,4800.0
2388,ORIT_1b0275,ORD_1b0275,MatSpr_acd0,3,8000.0,24000.0
2389,ORIT_09dbfc,ORD_09dbfc,BedPol_e207,3,400.0,1200.0
2390,ORIT_0fcd09,ORD_0fcd09,MatSpr_acd0,1,8000.0,8000.0
2391,ORIT_2c49bb,ORD_2c49bb,BedCot_87ca,1,1200.0,1200.0
2392,ORIT_bf07fa,ORD_bf07fa,MatSpr_ccc4,3,6000.0,18000.0
2393,ORIT_be170f,ORD_be170f,PilPol_a442,1,180.0,180.0
2394,ORIT_214659,ORD_214659,BolPol_cfd7,1,220.0,220.0
2395,ORIT_90ec99,ORD_90ec99,MatSpr_acd0,2,8000.0,16000.0
2396,ORIT_64fad3,ORD_64fad3,PilFea_115c,1,650.0,650.0
2397,ORIT_3dcb7f,ORD_3dcb7f,MatSpr_acd0,2,8000.0,16000.0
2398,ORIT_27a4b5,ORD_27a4b5,BedCot_6141,1,800.0,800.0
2399,ORIT_7cbac4,ORD_7cbac4,PilPol_3076,1,180.0,180.0
2400,ORIT_896f78,ORD_896f78,MatPoc_6ee7,1,13000.0,13000.0
2401,ORIT_cc51b4,ORD_cc51b4,PilFea_115c,1,650.0,650.0
2402,ORIT_b80ef1,ORD_b80ef1,MatPoc_6ee7,1,13000.0,13000.0
2403,ORIT_8ee89a,ORD_8ee89a,PilFea_115c,1,650.0,650.0
2404,ORIT_ce9486,ORD_ce9486,MatSpr_ba3a,1,8000.0,8000.0
2405,ORIT_c4cce3,ORD_c4cce3,MatSpr_acd0,2,8000.0,16000.0
2406,ORIT_3264b0,ORD_3264b0,BedPol_2724,1,400.0,400.0
2407,ORIT_c1f641,ORD_c1f641,BolPol_82d7,1,220.0,220.0
2408,ORIT_0b6a56,ORD_0b6a56,BolCot_21df,2,300.0,600.0
2409,ORIT_e2c4ff,ORD_e2c4ff,PilCot_f078,1,250.0,250.0
2410,ORIT_1fe2cb,ORD_1fe2cb,BedCot_2449,1,800.0,800.0
2411,ORIT_faa705,ORD_faa705,BedPol_2724,1,400.0,400.0
2412,ORIT_8b70f6,ORD_8b70f6,MatSpr_ccc4,1,6000.0,6000.0
2413,ORIT_e32a09,ORD_e32a09,MatSpr_ba3a,1,8000.0,8000.0
2414,ORIT_e40f89,ORD_e40f89,MatSpr_acd0,1,8000.0,8000.0
2415,ORIT_66b314,ORD_66b314,PilPol_662f,1,180.0,180.0
2416,ORIT_3a09d6,ORD_3a09d6,PilPol_a442,1,180.0,180.0
2417,ORIT_4ac29c,ORD_4ac29c,BedCot_6141,2,800.0,1600.0
2418,ORIT_8b318d,ORD_8b318d,MatFoa_8cd2,4,3500.0,14000.0
2419,ORIT_373a51,ORD_373a51,PilPol_662f,2,180.0,360.0
2420,ORIT_cec6b0,ORD_cec6b0,BedCot_c645,1,1200.0,1200.0
2421,ORIT_3f999e,ORD_3f999e,BolCot_3050,1,300.0,300.0
2422,ORIT_fb50d6,ORD_fb50d6,BlaCot_572e,1,2200.0,2200.0
2423,ORIT_18a245,ORD_18a245,BedPol_5ab8,1,600.0,600.0
2424,ORIT_c16fb3,ORD_c16fb3,MatPoc_2df5,1,17500.0,17500.0
2425,ORIT_726b39,ORD_726b39,BedPol_e207,1,400.0,400.0
2426,ORIT_e0ce57,ORD_e0ce57,BedCot_4a29,2,800.0,1600.0
2427,ORIT_1fd216,ORD_1fd216,MatSpr_acd0,2,8000.0,16000.0
2428,ORIT_9b979e,ORD_9b979e,BedPol_239e,1,600.0,600.0
2429,ORIT_90fc09,ORD_90fc09,MatSpr_56a3,2,4000.0,8000.0
2430,ORIT_c9f869,ORD_c9f869,MatSpr_06ac,1,4000.0,4000.0
2431,ORIT_545751,ORD_545751,BedPol_5144,1,600.0,600.0
2432,ORIT_7eca16,ORD_7eca16,MatPoc_2df5,1,17500.0,17500.0
2433,ORIT_955ca1,ORD_955ca1,MatPoc_45de,1,13000.0,13000.0
2434,ORIT_0f304c,ORD_0f304c,BlaFla_ad01,1,1200.0,1200.0
2435,ORIT_7b8473,ORD_7b8473,MatFoa_4414,3,3500.0,10500.0
2436,ORIT_885fa1,ORD_885fa1,MatPoc_27a0,1,8500.0,8500.0
2437,ORIT_8d53a1,ORD_8d53a1,MatPoc_f6cb,2,17500.0,35000.0
2438,ORIT_443ce6,ORD_443ce6,MatSpr_acd0,1,8000.0,8000.0
2439,ORIT_86e921,ORD_86e921,MatSpr_ccc4,1,6000.0,6000.0
2440,ORIT_c5a007,ORD_c5a007,PilPol_662f,1,180.0,180.0
2441,ORIT_0cf997,ORD_0cf997,BedCot_2397,1,1500.0,1500.0
2442,ORIT_f26834,ORD_f26834,BedCot_4a29,1,800.0,800.0
2443,ORIT_ee93f0,ORD_ee93f0,MatPoc_f6cb,1,17500.0,17500.0
2444,ORIT_be8c7f,ORD_be8c7f,MatPoc_2df5,1,17500.0,17500.0
2445,ORIT_b23d89,ORD_b23d89,BolCot_31e6,1,300.0,300.0
2446,ORIT_8e04ca,ORD_8e04ca,PilFea_56ac,2,650.0,1300.0
2447,ORIT_e7ab2e,ORD_e7ab2e,MatSpr_28ce,3,6000.0,18000.0
2448,ORIT_5b5a23,ORD_5b5a23,PilPol_a442,1,180.0,180.0
2449,ORIT_9c3821,ORD_9c3821,MatSpr_acd0,1,8000.0,8000.0
2450,ORIT_67d12e,ORD_67d12e,BedCot_17f5,1,1500.0,1500.0
2451,ORIT_7da10e,ORD_7da10e,BedCot_2397,3,1500.0,4500.0
2452,ORIT_f844a1,ORD_f844a1,MatPoc_27a0,1,8500.0,8500.0
2453,ORIT_535772,ORD_535772,BedCot_6141,4,800.0,3200.0
2454,ORIT_a7ad44,ORD_a7ad44,BedLin_5d3d,1,4200.0,4200.0
2455,ORIT_402a75,ORD_402a75,BedLin_d846,3,2000.0,6000.0
2456,ORIT_745f81,ORD_745f81,BedPol_2724,1,400.0,400.0
2457,ORIT_a8f04a,ORD_a8f04a,PilFea_56ac,1,650.0,650.0
2458,ORIT_3d2ed5,ORD_3d2ed5,BedPol_5ab8,3,600.0,1800.0
2459,ORIT_0577b6,ORD_0577b6,PilFea_115c,2,650.0,1300.0
2460,ORIT_70f3fb,ORD_70f3fb,BedPol_239e,2,600.0,1200.0
2461,ORIT_2d2efa,ORD_2d2efa,PilPol_3076,1,180.0,180.0
2462,ORIT_916011,ORD_916011,BedCot_c645,2,1200.0,2400.0
2463,ORIT_07f829,ORD_07f829,MatSpr_56a3,1,4000.0,4000.0
2464,ORIT_15d288,ORD_15d288,BedCot_4a29,2,800.0,1600.0
2465,ORIT_ce9526,ORD_ce9526,BedPol_2724,1,400.0,400.0
2466,ORIT_2c6aee,ORD_2c6aee,PilFea_8a5d,1,650.0,650.0
2467,ORIT_4510e5,ORD_4510e5,MatSpr_56a3,1,4000.0,4000.0
2468,ORIT_ddcd0d,ORD_ddcd0d,MatSpr_28ce,1,6000.0,6000.0
2469,ORIT_f9a306,ORD_f9a306,MatSpr_acd0,1,8000.0,8000.0
2470,ORIT_13e9d3,ORD_13e9d3,MatSpr_ba3a,3,8000.0,24000.0
2471,ORIT_bf1af2,ORD_bf1af2,PilPol_662f,1,180.0,180.0
2472,ORIT_bfbea2,ORD_bfbea2,MatSpr_28ce,1,6000.0,6000.0
2473,ORIT_008331,ORD_008331,MatSpr_56a3,1,4000.0,4000.0
2474,ORIT_db55de,ORD_db55de,BolPol_cfd7,1,220.0,220.0
2475,ORIT_65e9f0,ORD_65e9f0,BedPol_e207,1,400.0,400.0
2476,ORIT_07c172,ORD_07c172,BedCot_4a29,1,800.0,800.0
2477,ORIT_319b92,ORD_319b92,PilFea_115c,2,650.0,1300.0
2478,ORIT_c8c3c2,ORD_c8c3c2,PilFea_56ac,2,650.0,1300.0
2479,ORIT_342790,ORD_342790,MatSpr_ccc4,1,6000.0,6000.0
2480,ORIT_d5d4fe,ORD_d5d4fe,BedCot_4a29,4,800.0,3200.0
2481,ORIT_224c2d,ORD_224c2d,BedCot_4e8b,2,1500.0,3000.0
2482,ORIT_59e104,ORD_59e104,BedCot_2397,1,1500.0,1500.0
2483,ORIT_abdc95,ORD_abdc95,PilPol_662f,1,180.0,180.0
2484,ORIT_d8fe90,ORD_d8fe90,MatSpr_56a3,3,4000.0,12000.0
2485,ORIT_b589d3,ORD_b589d3,MatPoc_45de,1,13000.0,13000.0
2486,ORIT_b83ae0,ORD_b83ae0,BedPol_3807,3,500.0,1500.0
2487,ORIT_12a87a,ORD_12a87a,BedPol_239e,1,600.0,600.0
2488,ORIT_84b855,ORD_84b855,BedLin_18f8,1,2000.0,2000.0
2489,ORIT_6a07ce,ORD_6a07ce,MatSpr_28ce,2,6000.0,12000.0
2490,ORIT_4e3d1c,ORD_4e3d1c,MatPoc_45de,1,13000.0,13000.0
2491,ORIT_8b73ba,ORD_8b73ba,PilPol_a442,2,180.0,360.0
2492,ORIT_18e147,ORD_18e147,PilFea_56ac,4,650.0,2600.0
2493,ORIT_0ff1e4,ORD_0ff1e4,MatSpr_28ce,3,6000.0,18000.0
2494,ORIT_1a4e61,ORD_1a4e61,BedCot_2397,1,1500.0,1500.0
2495,ORIT_4dc46b,ORD_4dc46b,MatSpr_ba3a,1,8000.0,8000.0
2496,ORIT_8b7f52,ORD_8b7f52,MatFoa_4414,2,3500.0,7000.0
2497,ORIT_a5bfe4,ORD_a5bfe4,BedCot_4a29,1,800.0,800.0
2498,ORIT_4170af,ORD_4170af,PilPol_3076,2,180.0,360.0
2499,ORIT_fcf0a7,ORD_fcf0a7,MatSpr_ba3a,1,8000.0,8000.0
2500,ORIT_a648a5,ORD_a648a5,MatSpr_28ce,1,6000.0,6000.0
2501,ORIT_459235,ORD_459235,BedCot_2397,2,1500.0,3000.0
2502,ORIT_5228ea,ORD_5228ea,PilPol_662f,2,180.0,360.0
2503,ORIT_a7ac12,ORD_a7ac12,BolPol_cfd7,3,220.0,660.0
2504,ORIT_76d73b,ORD_76d73b,BlaFle_0f50,1,300.0,300.0
2505,ORIT_af2853,ORD_af2853,MatPoc_1e64,1,8500.0,8500.0
2506,ORIT_daeb9b,ORD_daeb9b,PilPol_662f,1,180.0,180.0
2507,ORIT_0e40cb,ORD_0e40cb,MatPoc_6ee7,1,13000.0,13000.0
2508,ORIT_d90206,ORD_d90206,PilPol_662f,1,180.0,180.0
2509,ORIT_6476f5,ORD_6476f5,BedCot_2449,3,800.0,2400.0
2510,ORIT_0a3ef2,ORD_0a3ef2,BedCot_4e8b,4,1500.0,6000.0
2511,ORIT_7eb4f7,ORD_7eb4f7,BedCot_2397,2,1500.0,3000.0
2512,ORIT_143252,ORD_143252,PilCot_f078,1,250.0,250.0
2513,ORIT_9f783c,ORD_9f783c,MatSpr_56a3,3,4000.0,12000.0
2514,ORIT_53836e,ORD_53836e,PilPol_3076,2,180.0,360.0
2515,ORIT_6e3de9,ORD_6e3de9,MatSpr_acd0,3,8000.0,24000.0
2516,ORIT_444ebf,ORD_444ebf,BlaFle_5881,2,700.0,1400.0
2517,ORIT_53e8b7,ORD_53e8b7,MatPoc_45de,1,13000.0,13000.0
2518,ORIT_ac92c8,ORD_ac92c8,PilCot_f078,4,250.0,1000.0
2519,ORIT_226823,ORD_226823,PilFea_8a5d,1,650.0,650.0
2520,ORIT_41ee23,ORD_41ee23,MatPoc_45de,1,13000.0,13000.0
2521,ORIT_3ef69d,ORD_3ef69d,MatSpr_ccc4,1,6000.0,6000.0
2522,ORIT_24bdd7,ORD_24bdd7,MatSpr_28ce,1,6000.0,6000.0
2523,ORIT_3b9830,ORD_3b9830,PilPol_a442,1,180.0,180.0
2524,ORIT_57ee9a,ORD_57ee9a,MatSpr_ccc4,2,6000.0,12000.0
2525,ORIT_afa2ea,ORD_afa2ea,MatSpr_ccc4,1,6000.0,6000.0
2526,ORIT_4cb651,ORD_4cb651,PilPol_662f,1,180.0,180.0
2527,ORIT_4a627a,ORD_4a627a,BedCot_4e8b,2,1500.0,3000.0
2528,ORIT_031bcf,ORD_031bcf,MatSpr_28ce,2,6000.0,12000.0
2529,ORIT_57c1da,ORD_57c1da,BedLin_67d1,1,3800.0,3800.0
2530,ORIT_6fed53,ORD_6fed53,MatSpr_28ce,1,6000.0,6000.0
2531,ORIT_162770,ORD_162770,PilPol_3076,1,180.0,180.0
2532,ORIT_6a6abd,ORD_6a6abd,BedCot_87ca,1,1200.0,1200.0
2533,ORIT_f02e36,ORD_f02e36,BedPol_5ab8,2,600.0,1200.0
2534,ORIT_8e420c,ORD_8e420c,MatSpr_acd0,1,8000.0,8000.0
2535,ORIT_40a5a1,ORD_40a5a1,MatSpr_ccc4,4,6000.0,24000.0
2536,ORIT_a312ee,ORD_a312ee,BedCot_17f5,1,1500.0,1500.0
2537,ORIT_5261c6,ORD_5261c6,PilFea_115c,1,650.0,650.0
2538,ORIT_26ddbd,ORD_26ddbd,MatSpr_ccc4,1,6000.0,6000.0
2539,ORIT_3f1d29,ORD_3f1d29,MatSpr_acd0,3,8000.0,24000.0
2540,ORIT_255dbb,ORD_255dbb,PilPol_662f,1,180.0,180.0
2541,ORIT_9716b9,ORD_9716b9,BedCot_2449,1,800.0,800.0
2542,ORIT_e64dd6,ORD_e64dd6,MatSpr_ccc4,1,6000.0,6000.0
2543,ORIT_e5b55d,ORD_e5b55d,MatSpr_ccc4,2,6000.0,12000.0
2544,ORIT_c534fe,ORD_c534fe,MatSpr_ba3a,2,8000.0,16000.0
2545,ORIT_4d8c04,ORD_4d8c04,MatPoc_2df5,3,17500.0,52500.0
2546,ORIT_db5682,ORD_db5682,MatPoc_2df5,3,17500.0,52500.0
2547,ORIT_9c091c,ORD_9c091c,BedPol_5144,3,600.0,1800.0
2548,ORIT_d0b5c3,ORD_d0b5c3,BedPol_e8c9,2,400.0,800.0
2549,ORIT_4ca69a,ORD_4ca69a,BolPol_82d7,1,220.0,220.0
2550,ORIT_631eaa,ORD_631eaa,MatSpr_28ce,3,6000.0,18000.0
2551,ORIT_007f03,ORD_007f03,BedCot_2397,3,1500.0,4500.0
2552,ORIT_631771,ORD_631771,PilFea_115c,3,650.0,1950.0
2553,ORIT_569c8e,ORD_569c8e,MatPoc_2df5,1,17500.0,17500.0
2554,ORIT_24b570,ORD_24b570,BedCot_2449,1,800.0,800.0
2555,ORIT_8b5754,ORD_8b5754,BedLin_aa0f,1,4200.0,4200.0
2556,ORIT_9c3e09,ORD_9c3e09,BolPol_cfd7,1,220.0,220.0
2557,ORIT_664f8d,ORD_664f8d,MatPoc_2df5,4,17500.0,70000.0
2558,ORIT_77af95,ORD_77af95,BedPol_5ab8,1,600.0,600.0
2559,ORIT_11e840,ORD_11e840,PilPol_662f,1,180.0,180.0
2560,ORIT_be7fa7,ORD_be7fa7,MatPoc_f6cb,1,17500.0,17500.0
2561,ORIT_d6e06c,ORD_d6e06c,BedPol_2724,1,400.0,400.0
2562,ORIT_d7678c,ORD_d7678c,MatPoc_f6cb,1,17500.0,17500.0
2563,ORIT_37a7af,ORD_37a7af,BedCot_17f5,1,1500.0,1500.0
2564,ORIT_64ed62,ORD_64ed62,MatPoc_45de,2,13000.0,26000.0
2565,ORIT_6ba42f,ORD_6ba42f,BolPol_f3ad,1,220.0,220.0
2566,ORIT_262d14,ORD_262d14,MatPoc_f6cb,1,17500.0,17500.0
2567,ORIT_3d945d,ORD_3d945d,BedCot_17f5,1,1500.0,1500.0
2568,ORIT_dc8c59,ORD_dc8c59,MatFoa_182e,1,5500.0,5500.0
2569,ORIT_974dde,ORD_974dde,MatPoc_2df5,1,17500.0,17500.0
2570,ORIT_ed2384,ORD_ed2384,BedPol_e207,2,400.0,800.0
2571,ORIT_b792d0,ORD_b792d0,BolPol_f3ad,3,220.0,660.0
2572,ORIT_fcd999,ORD_fcd999,MatFoa_e09a,1,5500.0,5500.0
2573,ORIT_24eeff,ORD_24eeff,MatSpr_acd0,1,8000.0,8000.0
2574,ORIT_a0e415,ORD_a0e415,PilFea_56ac,2,650.0,1300.0
2575,ORIT_cf5e4f,ORD_cf5e4f,PilPol_a442,1,180.0,180.0
2576,ORIT_a40111,ORD_a40111,MatPoc_6ee7,2,13000.0,26000.0
2577,ORIT_75d486,ORD_75d486,MatPoc_27a0,3,8500.0,25500.0
2578,ORIT_d63fd4,ORD_d63fd4,BedCot_17f5,2,1500.0,3000.0
2579,ORIT_4cd68d,ORD_4cd68d,BedCot_87ca,1,1200.0,1200.0
2580,ORIT_708535,ORD_708535,MatPoc_45de,3,13000.0,39000.0
2581,ORIT_f1a7e9,ORD_f1a7e9,BedCot_4e8b,3,1500.0,4500.0
2582,ORIT_d1ade2,ORD_d1ade2,MatPoc_45de,2,13000.0,26000.0
2583,ORIT_fe07bf,ORD_fe07bf,MatFoa_e09a,3,5500.0,16500.0
2584,ORIT_3cec29,ORD_3cec29,BedCot_4e8b,4,1500.0,6000.0
2585,ORIT_d1bd31,ORD_d1bd31,MatPoc_1e64,3,8500.0,25500.0
2586,ORIT_f0b723,ORD_f0b723,BedCot_d278,2,1200.0,2400.0
2587,ORIT_20901c,ORD_20901c,MatPoc_6ee7,2,13000.0,26000.0
2588,ORIT_55dd7e,ORD_55dd7e,MatPoc_f6cb,1,17500.0,17500.0
2589,ORIT_25e01d,ORD_25e01d,MatSpr_acd0,2,8000.0,16000.0
2590,ORIT_df2da1,ORD_df2da1,MatPoc_1e64,1,8500.0,8500.0
2591,ORIT_2ba005,ORD_2ba005,MatSpr_28ce,2,6000.0,12000.0
2592,ORIT_f99f40,ORD_f99f40,PilFea_115c,1,650.0,650.0
2593,ORIT_a957b3,ORD_a957b3,PilCot_3481,1,250.0,250.0
2594,ORIT_c4899a,ORD_c4899a,MatFoa_e09a,1,5500.0,5500.0
2595,ORIT_7c3584,ORD_7c3584,MatSpr_56a3,1,4000.0,4000.0
2596,ORIT_2f86b4,ORD_2f86b4,BedCot_2449,1,800.0,800.0
2597,ORIT_2106ff,ORD_2106ff,MatPoc_2df5,1,17500.0,17500.0
2598,ORIT_bcbcb2,ORD_bcbcb2,BolPol_f3ad,3,220.0,660.0
2599,ORIT_0c0b89,ORD_0c0b89,MatPoc_2df5,1,17500.0,17500.0
2600,ORIT_985a4b,ORD_985a4b,BedCot_17f5,1,1500.0,1500.0
2601,ORIT_6c064d,ORD_6c064d,MatPoc_2df5,1,17500.0,17500.0
2602,ORIT_31372e,ORD_31372e,MatSpr_28ce,2,6000.0,12000.0
2603,ORIT_779553,ORD_779553,MatPoc_f6cb,1,17500.0,17500.0
2604,ORIT_0324d2,ORD_0324d2,MatFoa_13fa,1,7500.0,7500.0
2605,ORIT_050c9c,ORD_050c9c,MatPoc_f6cb,1,17500.0,17500.0
2606,ORIT_d23ce9,ORD_d23ce9,MatSpr_06ac,1,4000.0,4000.0
2607,ORIT_2db99c,ORD_2db99c,PilPol_662f,1,180.0,180.0
2608,ORIT_86061c,ORD_86061c,BedLin_f732,2,4200.0,8400.0
2609,ORIT_a4d6f8,ORD_a4d6f8,PilPol_3076,2,180.0,360.0
2610,ORIT_93d341,ORD_93d341,MatSpr_28ce,3,6000.0,18000.0
2611,ORIT_9c43c7,ORD_9c43c7,MatSpr_acd0,1,8000.0,8000.0
2612,ORIT_6cb51e,ORD_6cb51e,BedCot_17f5,2,1500.0,3000.0
2613,ORIT_ccc38a,ORD_ccc38a,BolPol_cfd7,2,220.0,440.0
2614,ORIT_6f5523,ORD_6f5523,MatPoc_1e64,1,8500.0,8500.0
2615,ORIT_963d98,ORD_963d98,MatSpr_ccc4,1,6000.0,6000.0
2616,ORIT_7c45e0,ORD_7c45e0,MatFoa_182e,1,5500.0,5500.0
2617,ORIT_6af857,ORD_6af857,BedCot_2449,1,800.0,800.0
2618,ORIT_8431e1,ORD_8431e1,BolCot_3050,3,300.0,900.0
2619,ORIT_2def28,ORD_2def28,PilPol_662f,1,180.0,180.0
2620,ORIT_3c2d21,ORD_3c2d21,PilPol_a442,1,180.0,180.0
2621,ORIT_bf07d5,ORD_bf07d5,MatSpr_ccc4,1,6000.0,6000.0
2622,ORIT_dcddc8,ORD_dcddc8,BolCot_31e6,1,300.0,300.0
2623,ORIT_e335f4,ORD_e335f4,MatSpr_28ce,1,6000.0,6000.0
2624,ORIT_384334,ORD_384334,MatSpr_28ce,2,6000.0,12000.0
2625,ORIT_471853,ORD_471853,MatSpr_28ce,2,6000.0,12000.0
2626,ORIT_13740f,ORD_13740f,MatPoc_45de,1,13000.0,13000.0
2627,ORIT_da51bf,ORD_da51bf,PilFea_56ac,1,650.0,650.0
2628,ORIT_a1c62a,ORD_a1c62a,BolPol_cfd7,2,220.0,440.0
2629,ORIT_a05a02,ORD_a05a02,MatFoa_8cd2,1,3500.0,3500.0
2630,ORIT_ca851f,ORD_ca851f,MatPoc_45de,1,13000.0,13000.0
2631,ORIT_16c38c,ORD_16c38c,BedCot_d278,1,1200.0,1200.0
2632,ORIT_c8d0e9,ORD_c8d0e9,MatSpr_acd0,1,8000.0,8000.0
2633,ORIT_d94c52,ORD_d94c52,BedCot_4e8b,1,1500.0,1500.0
2634,ORIT_c2b2d9,ORD_c2b2d9,MatPoc_6ee7,1,13000.0,13000.0
2635,ORIT_053c13,ORD_053c13,MatPoc_45de,1,13000.0,13000.0
2636,ORIT_0572a3,ORD_0572a3,BlaCot_b529,1,2000.0,2000.0
2637,ORIT_58c819,ORD_58c819,BedCot_4a29,2,800.0,1600.0
2638,ORIT_1dea02,ORD_1dea02,BedCot_17f5,2,1500.0,3000.0
2639,ORIT_49262f,ORD_49262f,MatFoa_28ad,2,7500.0,15000.0
2640,ORIT_754e46,ORD_754e46,BolPol_cfd7,3,220.0,660.0
2641,ORIT_617660,ORD_617660,BedPol_239e,3,600.0,1800.0
2642,ORIT_85c863,ORD_85c863,PilPol_3076,2,180.0,360.0
2643,ORIT_cedbb3,ORD_cedbb3,BedLin_2f24,1,2000.0,2000.0
2644,ORIT_2f0fd0,ORD_2f0fd0,BedCot_4a29,1,800.0,800.0
2645,ORIT_577f34,ORD_577f34,MatFoa_28ad,1,7500.0,7500.0
2646,ORIT_bed66b,ORD_bed66b,BolPol_f3ad,1,220.0,220.0
2647,ORIT_3d5899,ORD_3d5899,BedLin_b097,1,3800.0,3800.0
2648,ORIT_ff7b21,ORD_ff7b21,MatPoc_2df5,1,17500.0,17500.0
2649,ORIT_dcb277,ORD_dcb277,PilPol_a442,1,180.0,180.0
2650,ORIT_c0df30,ORD_c0df30,PilPol_3076,3,180.0,540.0
2651,ORIT_f01805,ORD_f01805,MatSpr_ccc4,1,6000.0,6000.0
2652,ORIT_b95d7e,ORD_b95d7e,MatPoc_45de,1,13000.0,13000.0
2653,ORIT_5572c0,ORD_5572c0,BolCot_3050,2,300.0,600.0
2654,ORIT_c0bbff,ORD_c0bbff,MatPoc_1e64,1,8500.0,8500.0
2655,ORIT_f0376e,ORD_f0376e,PilPol_3076,1,180.0,180.0
2656,ORIT_d2f3b9,ORD_d2f3b9,MatSpr_ccc4,1,6000.0,6000.0
2657,ORIT_4d7e2f,ORD_4d7e2f,BedCot_2449,3,800.0,2400.0
2658,ORIT_ed9059,ORD_ed9059,BedLin_aa0f,1,4200.0,4200.0
2659,ORIT_d61f4f,ORD_d61f4f,BedCot_4a29,1,800.0,800.0
2660,ORIT_82fae1,ORD_82fae1,MatPoc_45de,1,13000.0,13000.0
2661,ORIT_8007ec,ORD_8007ec,PilCot_f078,1,250.0,250.0
2662,ORIT_2afebe,ORD_2afebe,BedCot_2449,1,800.0,800.0
2663,ORIT_634aae,ORD_634aae,PilPol_3076,3,180.0,540.0
2664,ORIT_100962,ORD_100962,MatSpr_56a3,4,4000.0,16000.0
2665,ORIT_1523d0,ORD_1523d0,BedCot_4a29,1,800.0,800.0
2666,ORIT_76daf7,ORD_76daf7,PilPol_3076,1,180.0,180.0
2667,ORIT_763ae5,ORD_763ae5,PilPol_662f,1,180.0,180.0
2668,ORIT_a50594,ORD_a50594,BedCot_4e8b,4,1500.0,6000.0
2669,ORIT_ab8bd5,ORD_ab8bd5,PilCot_f078,4,250.0,1000.0
2670,ORIT_c04d4c,ORD_c04d4c,PilPol_3076,2,180.0,360.0
2671,ORIT_5bd4e0,ORD_5bd4e0,MatFoa_182e,3,5500.0,16500.0
2672,ORIT_f6c4b3,ORD_f6c4b3,BedPol_5144,3,600.0,1800.0
2673,ORIT_18d3d1,ORD_18d3d1,BlaFle_7daf,1,600.0,600.0
2674,ORIT_99581c,ORD_99581c,BolCot_3050,3,300.0,900.0
2675,ORIT_47b522,ORD_47b522,MatPoc_6ee7,2,13000.0,26000.0
2676,ORIT_0ee908,ORD_0ee908,BedPol_d3de,4,500.0,2000.0
2677,ORIT_d3d7a7,ORD_d3d7a7,BedCot_2449,2,800.0,1600.0
2678,ORIT_c981ce,ORD_c981ce,PilPol_a442,3,180.0,540.0
2679,ORIT_7ab7c5,ORD_7ab7c5,BedCot_6141,3,800.0,2400.0
2680,ORIT_50a314,ORD_50a314,MatPoc_45de,2,13000.0,26000.0
2681,ORIT_80b66e,ORD_80b66e,BedPol_e8c9,1,400.0,400.0
2682,ORIT_6d5595,ORD_6d5595,MatSpr_ba3a,2,8000.0,16000.0
2683,ORIT_9fec8d,ORD_9fec8d,BedCot_4e8b,3,1500.0,4500.0
2684,ORIT_4459bb,ORD_4459bb,MatSpr_28ce,3,6000.0,18000.0
2685,ORIT_125133,ORD_125133,BedPol_2724,1,400.0,400.0
2686,ORIT_e9893f,ORD_e9893f,MatPoc_f6cb,2,17500.0,35000.0
2687,ORIT_160d6e,ORD_160d6e,MatSpr_06ac,2,4000.0,8000.0
2688,ORIT_86ed4b,ORD_86ed4b,PilPol_3076,1,180.0,180.0
2689,ORIT_5d2fda,ORD_5d2fda,MatFoa_182e,4,5500.0,22000.0
2690,ORIT_bb5cfd,ORD_bb5cfd,MatFoa_182e,1,5500.0,5500.0
2691,ORIT_30ab10,ORD_30ab10,BedCot_4a29,1,800.0,800.0
2692,ORIT_a0eacb,ORD_a0eacb,BedCot_6141,1,800.0,800.0
2693,ORIT_ae905e,ORD_ae905e,MatSpr_ccc4,1,6000.0,6000.0
2694,ORIT_efc752,ORD_efc752,MatSpr_acd0,2,8000.0,16000.0
2695,ORIT_9d257e,ORD_9d257e,BlaCot_9ebb,1,1200.0,1200.0
2696,ORIT_79a2c8,ORD_79a2c8,MatPoc_6ee7,1,13000.0,13000.0
2697,ORIT_57e72e,ORD_57e72e,BolPol_f3ad,1,220.0,220.0
2698,ORIT_c06f83,ORD_c06f83,MatSpr_06ac,1,4000.0,4000.0
2699,ORIT_941f13,ORD_941f13,MatSpr_ccc4,1,6000.0,6000.0
2700,ORIT_2c0f11,ORD_2c0f11,BolPol_82d7,1,220.0,220.0
2701,ORIT_6aa97c,ORD_6aa97c,PilPol_662f,1,180.0,180.0
2702,ORIT_150dcd,ORD_150dcd,MatSpr_acd0,3,8000.0,24000.0
2703,ORIT_82a90c,ORD_82a90c,MatPoc_6ee7,3,13000.0,39000.0
2704,ORIT_6ff74c,ORD_6ff74c,MatPoc_2df5,4,17500.0,70000.0
2705,ORIT_22ca7f,ORD_22ca7f,BedCot_2397,1,1500.0,1500.0
2706,ORIT_7ca7e3,ORD_7ca7e3,MatSpr_ccc4,3,6000.0,18000.0
2707,ORIT_96a460,ORD_96a460,MatSpr_ccc4,3,6000.0,18000.0
2708,ORIT_66b4ab,ORD_66b4ab,PilCot_3481,4,250.0,1000.0
2709,ORIT_10b8dd,ORD_10b8dd,BedPol_5ab8,2,600.0,1200.0
2710,ORIT_bd686b,ORD_bd686b,BedLin_f732,3,4200.0,12600.0
2711,ORIT_8a5d74,ORD_8a5d74,MatSpr_ccc4,2,6000.0,12000.0
2712,ORIT_311e6b,ORD_311e6b,MatSpr_ccc4,2,6000.0,12000.0
2713,ORIT_062586,ORD_062586,BedCot_6141,2,800.0,1600.0
2714,ORIT_44ccb7,ORD_44ccb7,MatPoc_45de,2,13000.0,26000.0
2715,ORIT_379eb3,ORD_379eb3,MatPoc_2df5,2,17500.0,35000.0
2716,ORIT_bd7e39,ORD_bd7e39,BedCot_87ca,3,1200.0,3600.0
2717,ORIT_c057fc,ORD_c057fc,BolCot_3050,2,300.0,600.0
2718,ORIT_155267,ORD_155267,MatFoa_182e,3,5500.0,16500.0
2719,ORIT_782674,ORD_782674,BedCot_2449,4,800.0,3200.0
2720,ORIT_f8e513,ORD_f8e513,PilPol_662f,3,180.0,540.0
2721,ORIT_6fec59,ORD_6fec59,PilPol_a442,3,180.0,540.0
2722,ORIT_8fbaec,ORD_8fbaec,BedCot_4e8b,1,1500.0,1500.0
2723,ORIT_9e1c74,ORD_9e1c74,MatSpr_ccc4,1,6000.0,6000.0
2724,ORIT_4729fa,ORD_4729fa,PilPol_662f,1,180.0,180.0
2725,ORIT_36a012,ORD_36a012,MatPoc_f6cb,1,17500.0,17500.0
2726,ORIT_6ad18d,ORD_6ad18d,MatFoa_28ad,1,7500.0,7500.0
2727,ORIT_58044e,ORD_58044e,BedCot_4e8b,1,1500.0,1500.0
2728,ORIT_5b2374,ORD_5b2374,BolPol_f3ad,1,220.0,220.0
2729,ORIT_875269,ORD_875269,MatPoc_6ee7,1,13000.0,13000.0
2730,ORIT_24331a,ORD_24331a,PilPol_a442,1,180.0,180.0
2731,ORIT_f2ab0a,ORD_f2ab0a,BedPol_e207,1,400.0,400.0
2732,ORIT_0f6bcd,ORD_0f6bcd,BedCot_87ca,1,1200.0,1200.0
2733,ORIT_ffb6fb,ORD_ffb6fb,PilFea_115c,1,650.0,650.0
2734,ORIT_e7ddfb,ORD_e7ddfb,PilFea_8a5d,1,650.0,650.0
2735,ORIT_8da431,ORD_8da431,PilPol_3076,1,180.0,180.0
2736,ORIT_fcfbe3,ORD_fcfbe3,MatFoa_e09a,1,5500.0,5500.0
2737,ORIT_df34d2,ORD_df34d2,BedCot_c645,1,1200.0,1200.0
2738,ORIT_f59abe,ORD_f59abe,BedCot_6141,1,800.0,800.0
2739,ORIT_49c268,ORD_49c268,MatPoc_2df5,3,17500.0,52500.0
2740,ORIT_14a8db,ORD_14a8db,PilPol_662f,1,180.0,180.0
2741,ORIT_f6337a,ORD_f6337a,BolCot_3050,1,300.0,300.0
2742,ORIT_54b028,ORD_54b028,MatSpr_ccc4,1,6000.0,6000.0
2743,ORIT_5fcabd,ORD_5fcabd,BolPol_cfd7,2,220.0,440.0
2744,ORIT_77054c,ORD_77054c,BolPol_cfd7,1,220.0,220.0
2745,ORIT_4df54e,ORD_4df54e,MatSpr_acd0,1,8000.0,8000.0
2746,ORIT_c96041,ORD_c96041,MatFoa_8cd2,1,3500.0,3500.0
2747,ORIT_71c70d,ORD_71c70d,BedCot_2449,2,800.0,1600.0
2748,ORIT_cfd3a0,ORD_cfd3a0,BedCot_4a29,4,800.0,3200.0
2749,ORIT_63292a,ORD_63292a,PilPol_3076,3,180.0,540.0
2750,ORIT_aa752f,ORD_aa752f,BolCot_21df,2,300.0,600.0
2751,ORIT_8d981b,ORD_8d981b,MatSpr_28ce,2,6000.0,12000.0
2752,ORIT_47f129,ORD_47f129,MatFoa_e09a,3,5500.0,16500.0
2753,ORIT_bf57f9,ORD_bf57f9,MatFoa_8cd2,4,3500.0,14000.0
2754,ORIT_7caf2b,ORD_7caf2b,MatSpr_ba3a,3,8000.0,24000.0
2755,ORIT_0273f7,ORD_0273f7,MatPoc_27a0,3,8500.0,25500.0
2756,ORIT_de4248,ORD_de4248,BedCot_4a29,3,800.0,2400.0
2757,ORIT_d1e7c1,ORD_d1e7c1,BedCot_c645,3,1200.0,3600.0
2758,ORIT_5c265d,ORD_5c265d,MatSpr_28ce,4,6000.0,24000.0
2759,ORIT_7eefb3,ORD_7eefb3,BedPol_239e,4,600.0,2400.0
2760,ORIT_89d2bc,ORD_89d2bc,PilPol_3076,3,180.0,540.0
2761,ORIT_74f20e,ORD_74f20e,MatSpr_ba3a,3,8000.0,24000.0
2762,ORIT_886520,ORD_886520,BedCot_6141,3,800.0,2400.0
2763,ORIT_5249ff,ORD_5249ff,PilPol_a442,1,180.0,180.0
2764,ORIT_5c99f6,ORD_5c99f6,PilPol_3076,1,180.0,180.0
2765,ORIT_d86d98,ORD_d86d98,BedCot_4a29,1,800.0,800.0
2766,ORIT_336b81,ORD_336b81,BolPol_82d7,1,220.0,220.0
2767,ORIT_74189e,ORD_74189e,MatSpr_28ce,1,6000.0,6000.0
2768,ORIT_27223b,ORD_27223b,BedCot_2449,1,800.0,800.0
2769,ORIT_99f065,ORD_99f065,MatPoc_2df5,1,17500.0,17500.0
2770,ORIT_dbdac2,ORD_dbdac2,MatPoc_f6cb,1,17500.0,17500.0
2771,ORIT_81c66c,ORD_81c66c,BedLin_f732,3,4200.0,12600.0
2772,ORIT_e6d440,ORD_e6d440,BolCot_21df,3,300.0,900.0
2773,ORIT_94f571,ORD_94f571,PilFea_56ac,4,650.0,2600.0
2774,ORIT_d05ef9,ORD_d05ef9,PilPol_3076,1,180.0,180.0
2775,ORIT_f6e739,ORD_f6e739,MatFoa_13fa,3,7500.0,22500.0
2776,ORIT_18868c,ORD_18868c,MatSpr_ccc4,4,6000.0,24000.0
2777,ORIT_9b8854,ORD_9b8854,MatPoc_27a0,1,8500.0,8500.0
2778,ORIT_aca36a,ORD_aca36a,BedCot_2397,3,1500.0,4500.0
2779,ORIT_970ec1,ORD_970ec1,BedCot_4a29,4,800.0,3200.0
2780,ORIT_b815e0,ORD_b815e0,PilPol_662f,1,180.0,180.0
2781,ORIT_0e9444,ORD_0e9444,MatFoa_4414,1,3500.0,3500.0
2782,ORIT_29f5a2,ORD_29f5a2,MatPoc_6ee7,1,13000.0,13000.0
2783,ORIT_929335,ORD_929335,MatSpr_28ce,1,6000.0,6000.0
2784,ORIT_04f85a,ORD_04f85a,MatSpr_56a3,1,4000.0,4000.0
2785,ORIT_2546eb,ORD_2546eb,BedCot_2397,1,1500.0,1500.0
2786,ORIT_38968a,ORD_38968a,BedCot_2397,1,1500.0,1500.0
2787,ORIT_895d30,ORD_895d30,MatSpr_ba3a,1,8000.0,8000.0
2788,ORIT_da5261,ORD_da5261,BedPol_e8c9,1,400.0,400.0
2789,ORIT_1daa20,ORD_1daa20,MatSpr_ba3a,1,8000.0,8000.0
2790,ORIT_cf0981,ORD_cf0981,BedPol_2724,1,400.0,400.0
2791,ORIT_60778b,ORD_60778b,BedCot_4e8b,2,1500.0,3000.0
2792,ORIT_93402e,ORD_93402e,PilFea_56ac,2,650.0,1300.0
2793,ORIT_7fcd78,ORD_7fcd78,MatPoc_45de,1,13000.0,13000.0
2794,ORIT_590425,ORD_590425,MatPoc_6ee7,2,13000.0,26000.0
2795,ORIT_c85080,ORD_c85080,BedCot_4e8b,1,1500.0,1500.0
2796,ORIT_d7fa4a,ORD_d7fa4a,BolPol_82d7,3,220.0,660.0
2797,ORIT_d6d7b6,ORD_d6d7b6,MatPoc_f6cb,2,17500.0,35000.0
2798,ORIT_7f118c,ORD_7f118c,BedCot_d278,1,1200.0,1200.0
2799,ORIT_90f89e,ORD_90f89e,BedCot_2397,3,1500.0,4500.0
2800,ORIT_2a8fd8,ORD_2a8fd8,BedPol_f406,3,500.0,1500.0
2801,ORIT_51d798,ORD_51d798,BlaFle_7daf,2,600.0,1200.0
2802,ORIT_cc04a0,ORD_cc04a0,BedPol_d3de,1,500.0,500.0
2803,ORIT_d44671,ORD_d44671,BedCot_4e8b,2,1500.0,3000.0
2804,ORIT_d62f97,ORD_d62f97,PilPol_3076,4,180.0,720.0
2805,ORIT_8fab17,ORD_8fab17,BedCot_2397,2,1500.0,3000.0
2806,ORIT_9adc64,ORD_9adc64,BedLin_2f24,1,2000.0,2000.0
2807,ORIT_bf9431,ORD_bf9431,MatSpr_acd0,1,8000.0,8000.0
2808,ORIT_dec10f,ORD_dec10f,MatSpr_56a3,1,4000.0,4000.0
2809,ORIT_65e156,ORD_65e156,MatPoc_6ee7,1,13000.0,13000.0
2810,ORIT_4024ae,ORD_4024ae,BedCot_c645,1,1200.0,1200.0
2811,ORIT_1c9617,ORD_1c9617,BolPol_f3ad,1,220.0,220.0
2812,ORIT_b0df45,ORD_b0df45,BedLin_d846,1,2000.0,2000.0
2813,ORIT_27c180,ORD_27c180,BolCot_21df,1,300.0,300.0
2814,ORIT_0840b7,ORD_0840b7,BolCot_3050,2,300.0,600.0
2815,ORIT_34e593,ORD_34e593,BolPol_82d7,1,220.0,220.0
2816,ORIT_0256f0,ORD_0256f0,MatFoa_182e,1,5500.0,5500.0
2817,ORIT_099612,ORD_099612,BolPol_82d7,1,220.0,220.0
2818,ORIT_8bcc08,ORD_8bcc08,BedCot_c645,1,1200.0,1200.0
2819,ORIT_992153,ORD_992153,MatSpr_ba3a,3,8000.0,24000.0
2820,ORIT_050888,ORD_050888,BolPol_82d7,2,220.0,440.0
2821,ORIT_6ef692,ORD_6ef692,BolPol_f3ad,1,220.0,220.0
2822,ORIT_59dca1,ORD_59dca1,BlaFla_78f1,1,1000.0,1000.0
2823,ORIT_104f66,ORD_104f66,PilPol_3076,1,180.0,180.0
2824,ORIT_3899a1,ORD_3899a1,MatPoc_45de,1,13000.0,13000.0
2825,ORIT_c1b70c,ORD_c1b70c,BedPol_2724,1,400.0,400.0
2826,ORIT_aa317e,ORD_aa317e,BolPol_82d7,1,220.0,220.0
2827,ORIT_b4324e,ORD_b4324e,MatSpr_acd0,1,8000.0,8000.0
2828,ORIT_862c94,ORD_862c94,BedPol_e207,1,400.0,400.0
2829,ORIT_f0e853,ORD_f0e853,BolPol_82d7,1,220.0,220.0
2830,ORIT_951bd3,ORD_951bd3,BedCot_6141,2,800.0,1600.0
2831,ORIT_d5cc3a,ORD_d5cc3a,PilFea_56ac,2,650.0,1300.0
2832,ORIT_74d6b2,ORD_74d6b2,BedCot_2449,1,800.0,800.0
2833,ORIT_cca9b8,ORD_cca9b8,MatSpr_ccc4,1,6000.0,6000.0
2834,ORIT_ce3d03,ORD_ce3d03,MatSpr_acd0,1,8000.0,8000.0
2835,ORIT_1416c2,ORD_1416c2,MatFoa_28ad,1,7500.0,7500.0
2836,ORIT_2be54e,ORD_2be54e,PilFea_8a5d,1,650.0,650.0
2837,ORIT_dc9525,ORD_dc9525,BedCot_2397,1,1500.0,1500.0
2838,ORIT_c5b2ae,ORD_c5b2ae,BedCot_c645,2,1200.0,2400.0
2839,ORIT_88f228,ORD_88f228,BedCot_4a29,2,800.0,1600.0
2840,ORIT_e3338e,ORD_e3338e,BolPol_82d7,1,220.0,220.0
2841,ORIT_d42349,ORD_d42349,MatSpr_06ac,1,4000.0,4000.0
2842,ORIT_12e7e9,ORD_12e7e9,BedPol_e207,1,400.0,400.0
2843,ORIT_7a8f84,ORD_7a8f84,PilPol_662f,1,180.0,180.0
2844,ORIT_b362ac,ORD_b362ac,MatFoa_4414,3,3500.0,10500.0
2845,ORIT_45baea,ORD_45baea,MatSpr_28ce,3,6000.0,18000.0
2846,ORIT_c91914,ORD_c91914,BedPol_3807,4,500.0,2000.0
2847,ORIT_d5650b,ORD_d5650b,BolPol_f3ad,3,220.0,660.0
2848,ORIT_b3a81d,ORD_b3a81d,MatSpr_ccc4,3,6000.0,18000.0
2849,ORIT_008fb6,ORD_008fb6,MatSpr_ba3a,4,8000.0,32000.0
2850,ORIT_627f51,ORD_627f51,MatSpr_28ce,4,6000.0,24000.0
2851,ORIT_7c6f37,ORD_7c6f37,BolPol_cfd7,3,220.0,660.0
2852,ORIT_5f4754,ORD_5f4754,PilFea_56ac,3,650.0,1950.0
2853,ORIT_5662b4,ORD_5662b4,PilFea_115c,3,650.0,1950.0
2854,ORIT_7d7b59,ORD_7d7b59,BedCot_4a29,3,800.0,2400.0
2855,ORIT_2cf9f3,ORD_2cf9f3,MatPoc_6ee7,4,13000.0,52000.0
2856,ORIT_f89103,ORD_f89103,BedPol_f406,2,500.0,1000.0
2857,ORIT_126795,ORD_126795,PilPol_a442,4,180.0,720.0
2858,ORIT_63e53b,ORD_63e53b,MatPoc_f6cb,2,17500.0,35000.0
2859,ORIT_5820ac,ORD_5820ac,MatFoa_182e,4,5500.0,22000.0
2860,ORIT_28dd0c,ORD_28dd0c,BedCot_4a29,1,800.0,800.0
2861,ORIT_f4a95d,ORD_f4a95d,PilFea_115c,1,650.0,650.0
2862,ORIT_ddeb84,ORD_ddeb84,MatSpr_ba3a,4,8000.0,32000.0
2863,ORIT_e28f2c,ORD_e28f2c,MatPoc_2df5,4,17500.0,70000.0
2864,ORIT_696225,ORD_696225,BedCot_4a29,1,800.0,800.0
2865,ORIT_d91d67,ORD_d91d67,MatSpr_acd0,2,8000.0,16000.0
2866,ORIT_33d50d,ORD_33d50d,MatSpr_ba3a,1,8000.0,8000.0
2867,ORIT_93759b,ORD_93759b,PilFea_115c,1,650.0,650.0
2868,ORIT_214ee9,ORD_214ee9,PilPol_a442,3,180.0,540.0
2869,ORIT_a6c7ca,ORD_a6c7ca,BolPol_82d7,1,220.0,220.0
2870,ORIT_8360c7,ORD_8360c7,MatSpr_28ce,1,6000.0,6000.0
2871,ORIT_5dc4b2,ORD_5dc4b2,MatSpr_28ce,1,6000.0,6000.0
2872,ORIT_de5c2f,ORD_de5c2f,MatFoa_e09a,1,5500.0,5500.0
2873,ORIT_6a6e7b,ORD_6a6e7b,BedLin_aa0f,2,4200.0,8400.0
2874,ORIT_4c0e04,ORD_4c0e04,MatPoc_f6cb,1,17500.0,17500.0
2875,ORIT_be1724,ORD_be1724,BedCot_4a29,3,800.0,2400.0
2876,ORIT_92007f,ORD_92007f,PilPol_a442,1,180.0,180.0
2877,ORIT_f91b30,ORD_f91b30,MatPoc_27a0,3,8500.0,25500.0
2878,ORIT_24fa26,ORD_24fa26,BolPol_cfd7,1,220.0,220.0
2879,ORIT_5777c7,ORD_5777c7,MatPoc_45de,1,13000.0,13000.0
2880,ORIT_f9d94c,ORD_f9d94c,MatSpr_56a3,4,4000.0,16000.0
2881,ORIT_643834,ORD_643834,MatFoa_182e,4,5500.0,22000.0
2882,ORIT_b51c10,ORD_b51c10,PilFea_115c,2,650.0,1300.0
2883,ORIT_b5f79d,ORD_b5f79d,MatFoa_8cd2,3,3500.0,10500.0
2884,ORIT_e6696b,ORD_e6696b,PilPol_662f,4,180.0,720.0
2885,ORIT_76cca5,ORD_76cca5,MatSpr_28ce,3,6000.0,18000.0
2886,ORIT_0b65c6,ORD_0b65c6,BedCot_17f5,4,1500.0,6000.0
2887,ORIT_c30f52,ORD_c30f52,BedPol_3807,3,500.0,1500.0
2888,ORIT_8d7e11,ORD_8d7e11,MatSpr_acd0,2,8000.0,16000.0
2889,ORIT_03d85a,ORD_03d85a,MatSpr_56a3,3,4000.0,12000.0
2890,ORIT_dbc379,ORD_dbc379,PilPol_a442,4,180.0,720.0
2891,ORIT_1de727,ORD_1de727,MatSpr_ba3a,3,8000.0,24000.0
2892,ORIT_0a3524,ORD_0a3524,MatFoa_8cd2,1,3500.0,3500.0
2893,ORIT_20ff3a,ORD_20ff3a,PilFea_56ac,3,650.0,1950.0
2894,ORIT_ceb2a3,ORD_ceb2a3,BolPol_f3ad,2,220.0,440.0
2895,ORIT_2a0be3,ORD_2a0be3,MatPoc_27a0,2,8500.0,17000.0
2896,ORIT_9ac016,ORD_9ac016,MatPoc_6ee7,3,13000.0,39000.0
2897,ORIT_133fad,ORD_133fad,MatSpr_ccc4,1,6000.0,6000.0
2898,ORIT_bf666c,ORD_bf666c,MatPoc_f6cb,1,17500.0,17500.0
2899,ORIT_16514d,ORD_16514d,BolPol_f3ad,2,220.0,440.0
2900,ORIT_ff328e,ORD_ff328e,BolCot_21df,1,300.0,300.0
2901,ORIT_ef6207,ORD_ef6207,MatPoc_6ee7,4,13000.0,52000.0
2902,ORIT_456014,ORD_456014,BolPol_cfd7,1,220.0,220.0
2903,ORIT_1aeb33,ORD_1aeb33,BedCot_4a29,1,800.0,800.0
2904,ORIT_2091c7,ORD_2091c7,BedCot_2397,2,1500.0,3000.0
2905,ORIT_d17472,ORD_d17472,BedLin_d846,1,2000.0,2000.0
2906,ORIT_b00343,ORD_b00343,MatFoa_13fa,1,7500.0,7500.0
2907,ORIT_2aabdf,ORD_2aabdf,PilFea_115c,1,650.0,650.0
2908,ORIT_97a775,ORD_97a775,BolPol_82d7,3,220.0,660.0
2909,ORIT_77b2b0,ORD_77b2b0,BedPol_239e,2,600.0,1200.0
2910,ORIT_0a809a,ORD_0a809a,MatPoc_2df5,1,17500.0,17500.0
2911,ORIT_792e4e,ORD_792e4e,MatPoc_f6cb,4,17500.0,70000.0
2912,ORIT_20c4a5,ORD_20c4a5,MatSpr_ba3a,1,8000.0,8000.0
2913,ORIT_c9c791,ORD_c9c791,MatFoa_182e,1,5500.0,5500.0
2914,ORIT_4a4908,ORD_4a4908,MatSpr_ba3a,1,8000.0,8000.0
2915,ORIT_2d592e,ORD_2d592e,MatSpr_ccc4,2,6000.0,12000.0
2916,ORIT_0dbe98,ORD_0dbe98,BedPol_e207,3,400.0,1200.0
2917,ORIT_17a150,ORD_17a150,PilPol_a442,2,180.0,360.0
2918,ORIT_802bc1,ORD_802bc1,BedCot_4e8b,2,1500.0,3000.0
2919,ORIT_d45300,ORD_d45300,PilPol_3076,2,180.0,360.0
2920,ORIT_77e852,ORD_77e852,MatPoc_2df5,4,17500.0,70000.0
2921,ORIT_020d9b,ORD_020d9b,BolPol_82d7,4,220.0,880.0
2922,ORIT_e77c3f,ORD_e77c3f,MatSpr_ccc4,3,6000.0,18000.0
2923,ORIT_793964,ORD_793964,BedCot_87ca,3,1200.0,3600.0
2924,ORIT_a495ec,ORD_a495ec,MatFoa_e09a,4,5500.0,22000.0
2925,ORIT_a07fbc,ORD_a07fbc,MatSpr_28ce,3,6000.0,18000.0
2926,ORIT_bfc5b3,ORD_bfc5b3,MatPoc_2df5,3,17500.0,52500.0
2927,ORIT_ed62e9,ORD_ed62e9,BedPol_e8c9,3,400.0,1200.0
2928,ORIT_9f07a5,ORD_9f07a5,BedCot_6141,1,800.0,800.0
2929,ORIT_f4dca5,ORD_f4dca5,MatSpr_acd0,2,8000.0,16000.0
2930,ORIT_91bde6,ORD_91bde6,BedPol_5ab8,2,600.0,1200.0
2931,ORIT_8892b1,ORD_8892b1,BolPol_82d7,1,220.0,220.0
2932,ORIT_3b8874,ORD_3b8874,BlaCot_572e,2,2200.0,4400.0
2933,ORIT_ba2f52,ORD_ba2f52,MatSpr_28ce,1,6000.0,6000.0
2934,ORIT_6782e1,ORD_6782e1,MatFoa_8cd2,2,3500.0,7000.0
2935,ORIT_780f73,ORD_780f73,PilFea_8a5d,2,650.0,1300.0
2936,ORIT_b4ee30,ORD_b4ee30,MatFoa_4414,4,3500.0,14000.0
2937,ORIT_103fd1,ORD_103fd1,PilFea_56ac,4,650.0,2600.0
2938,ORIT_60c409,ORD_60c409,MatSpr_56a3,2,4000.0,8000.0
2939,ORIT_9c7fa9,ORD_9c7fa9,PilPol_3076,1,180.0,180.0
2940,ORIT_d3fcd7,ORD_d3fcd7,BolPol_f3ad,1,220.0,220.0
2941,ORIT_0c0a2b,ORD_0c0a2b,MatSpr_06ac,1,4000.0,4000.0
2942,ORIT_a6c7dd,ORD_a6c7dd,BedLin_8a26,1,3800.0,3800.0
2943,ORIT_5e9630,ORD_5e9630,BedCot_d278,2,1200.0,2400.0
2944,ORIT_b6c1b3,ORD_b6c1b3,MatSpr_acd0,1,8000.0,8000.0
2945,ORIT_efc24a,ORD_efc24a,BolPol_82d7,3,220.0,660.0
2946,ORIT_384ad0,ORD_384ad0,BedCot_2397,3,1500.0,4500.0
2947,ORIT_9d63ff,ORD_9d63ff,MatSpr_acd0,3,8000.0,24000.0
2948,ORIT_f2e5b8,ORD_f2e5b8,BedCot_87ca,3,1200.0,3600.0
2949,ORIT_5feb91,ORD_5feb91,MatSpr_ba3a,4,8000.0,32000.0
2950,ORIT_bb1471,ORD_bb1471,MatSpr_28ce,1,6000.0,6000.0
2951,ORIT_ff0021,ORD_ff0021,MatPoc_2df5,3,17500.0,52500.0
2952,ORIT_57584d,ORD_57584d,MatSpr_28ce,2,6000.0,12000.0
2953,ORIT_380185,ORD_380185,PilFea_115c,4,650.0,2600.0
2954,ORIT_f1701c,ORD_f1701c,MatSpr_acd0,4,8000.0,32000.0
2955,ORIT_cbd6ff,ORD_cbd6ff,BedCot_4e8b,3,1500.0,4500.0
2956,ORIT_08c509,ORD_08c509,PilCot_3481,1,250.0,250.0
2957,ORIT_dd66cb,ORD_dd66cb,BedPol_239e,1,600.0,600.0
2958,ORIT_b21255,ORD_b21255,BedCot_6141,1,800.0,800.0
2959,ORIT_d52436,ORD_d52436,BedPol_5144,1,600.0,600.0
2960,ORIT_d69722,ORD_d69722,PilPol_3076,1,180.0,180.0
2961,ORIT_33c1c5,ORD_33c1c5,MatSpr_ba3a,3,8000.0,24000.0
2962,ORIT_12f959,ORD_12f959,BedCot_2397,3,1500.0,4500.0
2963,ORIT_c189a0,ORD_c189a0,MatSpr_56a3,4,4000.0,16000.0
2964,ORIT_051470,ORD_051470,MatSpr_28ce,2,6000.0,12000.0
2965,ORIT_44b266,ORD_44b266,BedCot_87ca,4,1200.0,4800.0
2966,ORIT_867ba1,ORD_867ba1,BedPol_e8c9,4,400.0,1600.0
2967,ORIT_c3182e,ORD_c3182e,PilPol_662f,4,180.0,720.0
2968,ORIT_dcede7,ORD_dcede7,BedLin_f732,1,4200.0,4200.0
2969,ORIT_d03549,ORD_d03549,MatPoc_f6cb,4,17500.0,70000.0
2970,ORIT_e5f910,ORD_e5f910,BedPol_e8c9,2,400.0,800.0
2971,ORIT_276d72,ORD_276d72,MatPoc_f6cb,3,17500.0,52500.0
2972,ORIT_faa5f6,ORD_faa5f6,MatFoa_182e,2,5500.0,11000.0
2973,ORIT_ab11d0,ORD_ab11d0,MatPoc_2df5,2,17500.0,35000.0
2974,ORIT_43c8ea,ORD_43c8ea,MatSpr_acd0,3,8000.0,24000.0
2975,ORIT_016e4a,ORD_016e4a,BolPol_cfd7,4,220.0,880.0
2976,ORIT_c1fec8,ORD_c1fec8,BlaCot_503c,3,2000.0,6000.0
2977,ORIT_50bcc9,ORD_50bcc9,BedPol_e8c9,2,400.0,800.0
2978,ORIT_34d5e5,ORD_34d5e5,MatPoc_f6cb,1,17500.0,17500.0
2979,ORIT_7b31d1,ORD_7b31d1,MatSpr_28ce,4,6000.0,24000.0
2980,ORIT_7151e2,ORD_7151e2,BedPol_5144,3,600.0,1800.0
2981,ORIT_9d8ea9,ORD_9d8ea9,MatSpr_28ce,1,6000.0,6000.0
2982,ORIT_0906a7,ORD_0906a7,BedCot_17f5,1,1500.0,1500.0
2983,ORIT_6cc071,ORD_6cc071,MatPoc_2df5,1,17500.0,17500.0
2984,ORIT_a541b1,ORD_a541b1,MatSpr_56a3,1,4000.0,4000.0
2985,ORIT_bb0619,ORD_bb0619,PilPol_a442,1,180.0,180.0
2986,ORIT_2c2f3b,ORD_2c2f3b,MatFoa_28ad,1,7500.0,7500.0
2987,ORIT_d044de,ORD_d044de,PilPol_3076,1,180.0,180.0
2988,ORIT_77487b,ORD_77487b,MatPoc_f6cb,2,17500.0,35000.0
2989,ORIT_a115f3,ORD_a115f3,BolPol_82d7,4,220.0,880.0
2990,ORIT_05f050,ORD_05f050,MatPoc_2df5,3,17500.0,52500.0
2991,ORIT_8438bb,ORD_8438bb,MatSpr_06ac,1,4000.0,4000.0
2992,ORIT_934e30,ORD_934e30,BlaFla_ad01,3,1200.0,3600.0
2993,ORIT_98c562,ORD_98c562,MatFoa_13fa,1,7500.0,7500.0
2994,ORIT_eca188,ORD_eca188,MatSpr_ccc4,3,6000.0,18000.0
2995,ORIT_3f7629,ORD_3f7629,BedPol_5ab8,4,600.0,2400.0
2996,ORIT_5dbb99,ORD_5dbb99,BlaFle_991d,4,300.0,1200.0
2997,ORIT_83b63b,ORD_83b63b,MatFoa_4414,3,3500.0,10500.0
2998,ORIT_5b3090,ORD_5b3090,BedCot_2449,2,800.0,1600.0
2999,ORIT_54e3eb,ORD_54e3eb,MatSpr_28ce,3,6000.0,18000.0
3000,ORIT_4b37a1,ORD_4b37a1,BedCot_6141,3,800.0,2400.0
3001,ORIT_f03ed1,ORD_f03ed1,PilPol_a442,3,180.0,540.0
3002,ORIT_d98654,ORD_d98654,MatFoa_8cd2,3,3500.0,10500.0
3003,ORIT_fbe709,ORD_fbe709,MatPoc_f6cb,1,17500.0,17500.0
3004,ORIT_ce16e6,ORD_ce16e6,BolPol_f3ad,1,220.0,220.0
3005,ORIT_ec7fc9,ORD_ec7fc9,BedCot_c645,1,1200.0,1200.0
3006,ORIT_3b6ae1,ORD_3b6ae1,MatFoa_e09a,1,5500.0,5500.0
3007,ORIT_6a4386,ORD_6a4386,MatSpr_28ce,3,6000.0,18000.0
3008,ORIT_6d11f0,ORD_6d11f0,MatSpr_ccc4,2,6000.0,12000.0
3009,ORIT_1f37f0,ORD_1f37f0,BlaFle_991d,1,300.0,300.0
3010,ORIT_37e0a9,ORD_37e0a9,BlaCot_503c,2,2000.0,4000.0
3011,ORIT_827f0a,ORD_827f0a,PilPol_a442,2,180.0,360.0
3012,ORIT_35cf73,ORD_35cf73,PilPol_662f,1,180.0,180.0
3013,ORIT_0f701e,ORD_0f701e,MatPoc_2df5,1,17500.0,17500.0
3014,ORIT_fa3a42,ORD_fa3a42,BedCot_4a29,1,800.0,800.0
3015,ORIT_3777af,ORD_3777af,MatPoc_6ee7,1,13000.0,13000.0
3016,ORIT_17d712,ORD_17d712,BedLin_5d3d,1,4200.0,4200.0
3017,ORIT_261698,ORD_261698,BedCot_17f5,4,1500.0,6000.0
3018,ORIT_b1eab1,ORD_b1eab1,PilCot_b22a,3,250.0,750.0
3019,ORIT_c9da24,ORD_c9da24,MatFoa_e09a,1,5500.0,5500.0
3020,ORIT_e63d26,ORD_e63d26,BlaFle_5881,1,700.0,700.0
3021,ORIT_c5459f,ORD_c5459f,MatSpr_ba3a,1,8000.0,8000.0
3022,ORIT_4ddd3b,ORD_4ddd3b,BolPol_f3ad,2,220.0,440.0
3023,ORIT_717509,ORD_717509,BedCot_d278,1,1200.0,1200.0
3024,ORIT_c2326e,ORD_c2326e,MatSpr_acd0,1,8000.0,8000.0
3025,ORIT_13e4bc,ORD_13e4bc,MatFoa_28ad,2,7500.0,15000.0
3026,ORIT_176e6b,ORD_176e6b,BolCot_31e6,1,300.0,300.0
3027,ORIT_fa24ff,ORD_fa24ff,PilFea_56ac,1,650.0,650.0
3028,ORIT_897024,ORD_897024,BolPol_f3ad,1,220.0,220.0
3029,ORIT_cd22f9,ORD_cd22f9,BolPol_82d7,1,220.0,220.0
3030,ORIT_2a1867,ORD_2a1867,BedLin_18f8,1,2000.0,2000.0
3031,ORIT_85c252,ORD_85c252,MatSpr_acd0,1,8000.0,8000.0
3032,ORIT_dbf7f1,ORD_dbf7f1,MatFoa_13fa,1,7500.0,7500.0
3033,ORIT_a06b2d,ORD_a06b2d,BedLin_aa0f,1,4200.0,4200.0
3034,ORIT_47009e,ORD_47009e,BedCot_c645,2,1200.0,2400.0
3035,ORIT_34674b,ORD_34674b,BedCot_4a29,1,800.0,800.0
3036,ORIT_77be88,ORD_77be88,PilPol_a442,1,180.0,180.0
3037,ORIT_e06506,ORD_e06506,MatPoc_27a0,1,8500.0,8500.0
3038,ORIT_5f06fe,ORD_5f06fe,PilPol_662f,4,180.0,720.0
3039,ORIT_1b61d2,ORD_1b61d2,BedCot_17f5,1,1500.0,1500.0
3040,ORIT_c7a0ee,ORD_c7a0ee,MatSpr_acd0,4,8000.0,32000.0
3041,ORIT_999d33,ORD_999d33,BolCot_3050,1,300.0,300.0
3042,ORIT_90768b,ORD_90768b,BolPol_f3ad,1,220.0,220.0
3043,ORIT_a9feb9,ORD_a9feb9,MatPoc_45de,1,13000.0,13000.0
3044,ORIT_103bbe,ORD_103bbe,BedCot_6141,3,800.0,2400.0
3045,ORIT_9baac6,ORD_9baac6,BedPol_e8c9,1,400.0,400.0
3046,ORIT_6e27bf,ORD_6e27bf,MatPoc_6ee7,2,13000.0,26000.0
3047,ORIT_7eaecd,ORD_7eaecd,MatSpr_28ce,1,6000.0,6000.0
3048,ORIT_e7ecb4,ORD_e7ecb4,BolFea_b87f,1,700.0,700.0
3049,ORIT_62a5e2,ORD_62a5e2,BlaFle_7daf,1,600.0,600.0
3050,ORIT_b7d046,ORD_b7d046,MatFoa_13fa,4,7500.0,30000.0
3051,ORIT_b2506b,ORD_b2506b,MatFoa_e09a,3,5500.0,16500.0
3052,ORIT_fa4122,ORD_fa4122,MatSpr_ba3a,4,8000.0,32000.0
3053,ORIT_f5492a,ORD_f5492a,BolPol_f3ad,4,220.0,880.0
3054,ORIT_97a732,ORD_97a732,MatPoc_f6cb,4,17500.0,70000.0
3055,ORIT_3cdeee,ORD_3cdeee,MatSpr_28ce,4,6000.0,24000.0
3056,ORIT_1961f7,ORD_1961f7,BedCot_2397,3,1500.0,4500.0
3057,ORIT_0e1315,ORD_0e1315,MatSpr_ccc4,3,6000.0,18000.0
3058,ORIT_14e036,ORD_14e036,PilPol_662f,1,180.0,180.0
3059,ORIT_a8d2fd,ORD_a8d2fd,PilFea_115c,1,650.0,650.0
3060,ORIT_481f29,ORD_481f29,BolCot_21df,4,300.0,1200.0
3061,ORIT_c33103,ORD_c33103,BolPol_82d7,3,220.0,660.0
3062,ORIT_497695,ORD_497695,BedLin_8a26,3,3800.0,11400.0
3063,ORIT_e94353,ORD_e94353,PilFea_8a5d,3,650.0,1950.0
3064,ORIT_60e423,ORD_60e423,BedCot_17f5,1,1500.0,1500.0
3065,ORIT_50e98f,ORD_50e98f,MatPoc_27a0,1,8500.0,8500.0
3066,ORIT_64fdb4,ORD_64fdb4,PilPol_a442,3,180.0,540.0
3067,ORIT_ddf329,ORD_ddf329,BolCot_31e6,1,300.0,300.0
3068,ORIT_56c005,ORD_56c005,MatPoc_6ee7,2,13000.0,26000.0
3069,ORIT_15df17,ORD_15df17,MatFoa_28ad,1,7500.0,7500.0
3070,ORIT_41407e,ORD_41407e,BedPol_3807,1,500.0,500.0
3071,ORIT_29fbca,ORD_29fbca,BedCot_17f5,1,1500.0,1500.0
3072,ORIT_265cd3,ORD_265cd3,MatSpr_acd0,2,8000.0,16000.0
3073,ORIT_fdcc47,ORD_fdcc47,MatSpr_28ce,3,6000.0,18000.0
3074,ORIT_a8079b,ORD_a8079b,BedCot_4a29,3,800.0,2400.0
3075,ORIT_37de66,ORD_37de66,MatSpr_ba3a,3,8000.0,24000.0
3076,ORIT_6166c7,ORD_6166c7,MatFoa_13fa,3,7500.0,22500.0
3077,ORIT_a13d68,ORD_a13d68,MatSpr_28ce,3,6000.0,18000.0
3078,ORIT_c49e01,ORD_c49e01,MatSpr_ccc4,2,6000.0,12000.0
3079,ORIT_a63f7f,ORD_a63f7f,PilCot_3481,3,250.0,750.0
3080,ORIT_98aa5b,ORD_98aa5b,MatPoc_6ee7,1,13000.0,13000.0
3081,ORIT_d32007,ORD_d32007,BolPol_f3ad,1,220.0,220.0
3082,ORIT_07818a,ORD_07818a,MatPoc_f6cb,1,17500.0,17500.0
3083,ORIT_fbcfb8,ORD_fbcfb8,MatSpr_acd0,2,8000.0,16000.0
3084,ORIT_efcec5,ORD_efcec5,BedPol_e207,2,400.0,800.0
3085,ORIT_5394b4,ORD_5394b4,MatPoc_6ee7,2,13000.0,26000.0
3086,ORIT_cb7002,ORD_cb7002,PilFea_8a5d,2,650.0,1300.0
3087,ORIT_94bb27,ORD_94bb27,BedCot_d278,2,1200.0,2400.0
3088,ORIT_d857e4,ORD_d857e4,BolPol_f3ad,1,220.0,220.0
3089,ORIT_188fce,ORD_188fce,PilPol_662f,1,180.0,180.0
3090,ORIT_c6b6c4,ORD_c6b6c4,BedPol_5144,1,600.0,600.0
3091,ORIT_a296f6,ORD_a296f6,BolPol_f3ad,1,220.0,220.0
3092,ORIT_8dfafc,ORD_8dfafc,PilPol_662f,3,180.0,540.0
3093,ORIT_b2dcf2,ORD_b2dcf2,MatFoa_13fa,1,7500.0,7500.0
3094,ORIT_a0c009,ORD_a0c009,BolPol_f3ad,4,220.0,880.0
3095,ORIT_e8cee9,ORD_e8cee9,MatPoc_6ee7,1,13000.0,13000.0
3096,ORIT_c46126,ORD_c46126,BolPol_82d7,1,220.0,220.0
3097,ORIT_a12c85,ORD_a12c85,PilPol_3076,1,180.0,180.0
3098,ORIT_fc3d31,ORD_fc3d31,BedCot_d278,1,1200.0,1200.0
3099,ORIT_ef903c,ORD_ef903c,MatSpr_acd0,3,8000.0,24000.0
3100,ORIT_1edcdd,ORD_1edcdd,PilPol_a442,1,180.0,180.0
3101,ORIT_741ee6,ORD_741ee6,PilFea_56ac,1,650.0,650.0
3102,ORIT_82087d,ORD_82087d,MatSpr_acd0,1,8000.0,8000.0
3103,ORIT_5151c4,ORD_5151c4,PilPol_3076,1,180.0,180.0
3104,ORIT_ced6b7,ORD_ced6b7,PilPol_a442,1,180.0,180.0
3105,ORIT_0ab574,ORD_0ab574,BedCot_4e8b,1,1500.0,1500.0
3106,ORIT_6437cb,ORD_6437cb,BedCot_4a29,2,800.0,1600.0
3107,ORIT_80dcce,ORD_80dcce,BedCot_4e8b,1,1500.0,1500.0
3108,ORIT_c57efe,ORD_c57efe,BolCot_3050,1,300.0,300.0
3109,ORIT_52bbb9,ORD_52bbb9,BolCot_21df,1,300.0,300.0
3110,ORIT_289672,ORD_289672,MatSpr_ba3a,1,8000.0,8000.0
3111,ORIT_c61f8c,ORD_c61f8c,BolCot_31e6,1,300.0,300.0
3112,ORIT_dfe6fe,ORD_dfe6fe,MatFoa_13fa,1,7500.0,7500.0
3113,ORIT_d78c9b,ORD_d78c9b,BedLin_f732,1,4200.0,4200.0
3114,ORIT_590fab,ORD_590fab,MatSpr_acd0,3,8000.0,24000.0
3115,ORIT_dd7cad,ORD_dd7cad,BedCot_4e8b,1,1500.0,1500.0
3116,ORIT_621546,ORD_621546,BedPol_5144,2,600.0,1200.0
3117,ORIT_aab6a9,ORD_aab6a9,BolPol_82d7,1,220.0,220.0
3118,ORIT_1e7a69,ORD_1e7a69,BedPol_d3de,2,500.0,1000.0
3119,ORIT_a0a7f7,ORD_a0a7f7,MatSpr_28ce,1,6000.0,6000.0
3120,ORIT_215e72,ORD_215e72,PilPol_3076,1,180.0,180.0
3121,ORIT_2a8e46,ORD_2a8e46,MatFoa_8cd2,1,3500.0,3500.0
3122,ORIT_55b9c6,ORD_55b9c6,BedCot_2397,2,1500.0,3000.0
3123,ORIT_192900,ORD_192900,BedCot_4e8b,1,1500.0,1500.0
3124,ORIT_46f36c,ORD_46f36c,BedCot_87ca,3,1200.0,3600.0
3125,ORIT_b7d01f,ORD_b7d01f,PilFea_115c,1,650.0,650.0
3126,ORIT_079be4,ORD_079be4,BlaCot_572e,2,2200.0,4400.0
3127,ORIT_59795d,ORD_59795d,BedCot_d278,1,1200.0,1200.0
3128,ORIT_3ff26d,ORD_3ff26d,BolCot_3050,1,300.0,300.0
3129,ORIT_c05fde,ORD_c05fde,MatSpr_28ce,1,6000.0,6000.0
3130,ORIT_afa791,ORD_afa791,MatPoc_6ee7,1,13000.0,13000.0
3131,ORIT_000c05,ORD_000c05,BedCot_4a29,1,800.0,800.0
3132,ORIT_e46eb6,ORD_e46eb6,MatSpr_56a3,3,4000.0,12000.0
3133,ORIT_db6bf0,ORD_db6bf0,MatPoc_6ee7,1,13000.0,13000.0
3134,ORIT_6bd561,ORD_6bd561,MatFoa_13fa,1,7500.0,7500.0
3135,ORIT_60b985,ORD_60b985,MatPoc_f6cb,1,17500.0,17500.0
3136,ORIT_eac519,ORD_eac519,MatPoc_f6cb,1,17500.0,17500.0
3137,ORIT_3a391f,ORD_3a391f,BedCot_87ca,1,1200.0,1200.0
3138,ORIT_73e8b2,ORD_73e8b2,BedCot_d278,1,1200.0,1200.0
3139,ORIT_0eaeb9,ORD_0eaeb9,MatPoc_f6cb,2,17500.0,35000.0
3140,ORIT_94e295,ORD_94e295,BedCot_87ca,4,1200.0,4800.0
3141,ORIT_9ed362,ORD_9ed362,BolPol_f3ad,1,220.0,220.0
3142,ORIT_5c5acb,ORD_5c5acb,BedCot_17f5,1,1500.0,1500.0
3143,ORIT_f7010f,ORD_f7010f,MatPoc_f6cb,1,17500.0,17500.0
3144,ORIT_cd75fe,ORD_cd75fe,BolPol_cfd7,1,220.0,220.0
3145,ORIT_5bbf4e,ORD_5bbf4e,MatSpr_ba3a,1,8000.0,8000.0
3146,ORIT_95f782,ORD_95f782,MatSpr_acd0,1,8000.0,8000.0
3147,ORIT_80116b,ORD_80116b,BedCot_4e8b,2,1500.0,3000.0
3148,ORIT_86da82,ORD_86da82,PilPol_3076,1,180.0,180.0
3149,ORIT_72ef9f,ORD_72ef9f,BolPol_f3ad,1,220.0,220.0
3150,ORIT_97d06f,ORD_97d06f,BolPol_cfd7,2,220.0,440.0
3151,ORIT_54e8a6,ORD_54e8a6,PilFea_115c,2,650.0,1300.0
3152,ORIT_f39bae,ORD_f39bae,BolCot_31e6,1,300.0,300.0
3153,ORIT_5d72d6,ORD_5d72d6,MatPoc_6ee7,1,13000.0,13000.0
3154,ORIT_bde1c4,ORD_bde1c4,BedCot_d278,1,1200.0,1200.0
3155,ORIT_b0f33d,ORD_b0f33d,BedPol_2724,1,400.0,400.0
3156,ORIT_02b6c7,ORD_02b6c7,MatSpr_ba3a,3,8000.0,24000.0
3157,ORIT_649033,ORD_649033,MatPoc_45de,2,13000.0,26000.0
3158,ORIT_bc3582,ORD_bc3582,BedPol_5144,2,600.0,1200.0
3159,ORIT_8394da,ORD_8394da,PilPol_662f,1,180.0,180.0
3160,ORIT_327ee4,ORD_327ee4,MatFoa_13fa,1,7500.0,7500.0
3161,ORIT_a8de1c,ORD_a8de1c,BedCot_6141,1,800.0,800.0
3162,ORIT_27f273,ORD_27f273,MatSpr_ba3a,1,8000.0,8000.0
3163,ORIT_091ab6,ORD_091ab6,BlaCot_ce6c,2,2000.0,4000.0
3164,ORIT_e37a0e,ORD_e37a0e,MatFoa_182e,1,5500.0,5500.0
3165,ORIT_7d4515,ORD_7d4515,BedCot_2449,1,800.0,800.0
3166,ORIT_aa6f4c,ORD_aa6f4c,MatPoc_2df5,1,17500.0,17500.0
3167,ORIT_3d8a58,ORD_3d8a58,BedCot_2449,4,800.0,3200.0
3168,ORIT_9a5fb5,ORD_9a5fb5,BedPol_5144,1,600.0,600.0
3169,ORIT_18e6cb,ORD_18e6cb,PilPol_a442,2,180.0,360.0
3170,ORIT_425ca9,ORD_425ca9,MatFoa_e09a,1,5500.0,5500.0
3171,ORIT_ca0a81,ORD_ca0a81,MatSpr_acd0,1,8000.0,8000.0
3172,ORIT_2ccb71,ORD_2ccb71,MatSpr_06ac,1,4000.0,4000.0
3173,ORIT_0efce4,ORD_0efce4,BolPol_82d7,2,220.0,440.0
3174,ORIT_b5bb65,ORD_b5bb65,MatPoc_f6cb,1,17500.0,17500.0
3175,ORIT_2a18f5,ORD_2a18f5,MatFoa_8cd2,1,3500.0,3500.0
3176,ORIT_56d3c2,ORD_56d3c2,BedCot_6141,1,800.0,800.0
3177,ORIT_527062,ORD_527062,BedPol_239e,1,600.0,600.0
3178,ORIT_e402d4,ORD_e402d4,BlaCot_9ebb,3,1200.0,3600.0
3179,ORIT_49cda4,ORD_49cda4,BedCot_4a29,3,800.0,2400.0
3180,ORIT_38641c,ORD_38641c,BedCot_2449,4,800.0,3200.0
3181,ORIT_ef1fe1,ORD_ef1fe1,BedLin_18f8,3,2000.0,6000.0
3182,ORIT_24212e,ORD_24212e,MatPoc_f6cb,3,17500.0,52500.0
3183,ORIT_6df13a,ORD_6df13a,MatSpr_28ce,3,6000.0,18000.0
3184,ORIT_3126a7,ORD_3126a7,MatSpr_ccc4,2,6000.0,12000.0
3185,ORIT_b0624c,ORD_b0624c,MatPoc_f6cb,4,17500.0,70000.0
3186,ORIT_175f2e,ORD_175f2e,BolCot_21df,2,300.0,600.0
3187,ORIT_94bf3a,ORD_94bf3a,MatSpr_acd0,3,8000.0,24000.0
3188,ORIT_d78745,ORD_d78745,MatSpr_ba3a,4,8000.0,32000.0
3189,ORIT_af64f0,ORD_af64f0,BlaFle_5881,3,700.0,2100.0
3190,ORIT_c96f7d,ORD_c96f7d,MatSpr_ba3a,3,8000.0,24000.0
3191,ORIT_9a6ab6,ORD_9a6ab6,MatSpr_ba3a,4,8000.0,32000.0
3192,ORIT_204c35,ORD_204c35,BedCot_2449,2,800.0,1600.0
3193,ORIT_c3d732,ORD_c3d732,BolCot_21df,1,300.0,300.0
3194,ORIT_f38dfd,ORD_f38dfd,MatPoc_45de,4,13000.0,52000.0
3195,ORIT_253a19,ORD_253a19,MatFoa_28ad,2,7500.0,15000.0
3196,ORIT_b30838,ORD_b30838,BedLin_8a26,1,3800.0,3800.0
3197,ORIT_7f2f8d,ORD_7f2f8d,MatSpr_56a3,3,4000.0,12000.0
3198,ORIT_5da65a,ORD_5da65a,MatSpr_28ce,3,6000.0,18000.0
3199,ORIT_3c231c,ORD_3c231c,MatSpr_28ce,4,6000.0,24000.0
3200,ORIT_710361,ORD_710361,PilPol_3076,4,180.0,720.0
3201,ORIT_ab4ace,ORD_ab4ace,BolPol_82d7,1,220.0,220.0
3202,ORIT_e38d6e,ORD_e38d6e,MatSpr_acd0,3,8000.0,24000.0
3203,ORIT_d78c5b,ORD_d78c5b,MatSpr_28ce,2,6000.0,12000.0
3204,ORIT_04055b,ORD_04055b,MatPoc_1e64,4,8500.0,34000.0
3205,ORIT_7b6813,ORD_7b6813,MatFoa_28ad,3,7500.0,22500.0
3206,ORIT_1b24e0,ORD_1b24e0,MatSpr_06ac,4,4000.0,16000.0
3207,ORIT_8a4db0,ORD_8a4db0,MatFoa_4414,3,3500.0,10500.0
3208,ORIT_8578b6,ORD_8578b6,MatPoc_45de,2,13000.0,26000.0
3209,ORIT_33bd95,ORD_33bd95,MatSpr_06ac,2,4000.0,8000.0
3210,ORIT_f39519,ORD_f39519,BedCot_17f5,4,1500.0,6000.0
3211,ORIT_cc25f7,ORD_cc25f7,BedLin_f732,1,4200.0,4200.0
3212,ORIT_0f4bc7,ORD_0f4bc7,BedCot_17f5,1,1500.0,1500.0
3213,ORIT_e85ccd,ORD_e85ccd,MatSpr_ccc4,1,6000.0,6000.0
3214,ORIT_4dabb2,ORD_4dabb2,MatSpr_ba3a,2,8000.0,16000.0
3215,ORIT_a3b4f3,ORD_a3b4f3,BlaCot_9781,2,1200.0,2400.0
3216,ORIT_0fdc4f,ORD_0fdc4f,MatPoc_f6cb,2,17500.0,35000.0
3217,ORIT_2e11e8,ORD_2e11e8,PilPol_662f,1,180.0,180.0
3218,ORIT_687279,ORD_687279,BedCot_2397,1,1500.0,1500.0
3219,ORIT_1612e2,ORD_1612e2,BlaFle_5881,1,700.0,700.0
3220,ORIT_187f1a,ORD_187f1a,BedPol_5ab8,2,600.0,1200.0
3221,ORIT_1acd2c,ORD_1acd2c,BolPol_82d7,1,220.0,220.0
3222,ORIT_005fbb,ORD_005fbb,BlaCot_6c4b,2,2200.0,4400.0
3223,ORIT_a310aa,ORD_a310aa,BolPol_cfd7,1,220.0,220.0
3224,ORIT_53500e,ORD_53500e,MatSpr_acd0,2,8000.0,16000.0
3225,ORIT_4b76b1,ORD_4b76b1,MatSpr_ccc4,3,6000.0,18000.0
3226,ORIT_2d544a,ORD_2d544a,MatSpr_acd0,1,8000.0,8000.0
3227,ORIT_4ddfe5,ORD_4ddfe5,MatSpr_ba3a,1,8000.0,8000.0
3228,ORIT_22eabd,ORD_22eabd,MatSpr_06ac,2,4000.0,8000.0
3229,ORIT_5109eb,ORD_5109eb,MatSpr_ba3a,1,8000.0,8000.0
3230,ORIT_f318ea,ORD_f318ea,PilPol_3076,1,180.0,180.0
3231,ORIT_6cca1a,ORD_6cca1a,BedCot_4e8b,1,1500.0,1500.0
3232,ORIT_5cf045,ORD_5cf045,MatSpr_56a3,2,4000.0,8000.0
3233,ORIT_11431e,ORD_11431e,MatPoc_6ee7,4,13000.0,52000.0
3234,ORIT_592223,ORD_592223,MatPoc_27a0,1,8500.0,8500.0
3235,ORIT_885dc2,ORD_885dc2,MatFoa_8cd2,2,3500.0,7000.0
3236,ORIT_168d74,ORD_168d74,PilPol_662f,3,180.0,540.0
3237,ORIT_77d631,ORD_77d631,PilPol_3076,1,180.0,180.0
3238,ORIT_1b1bd2,ORD_1b1bd2,MatPoc_f6cb,1,17500.0,17500.0
3239,ORIT_3c4b95,ORD_3c4b95,MatPoc_f6cb,1,17500.0,17500.0
3240,ORIT_a8bf9f,ORD_a8bf9f,MatSpr_28ce,1,6000.0,6000.0
3241,ORIT_64af10,ORD_64af10,MatSpr_06ac,1,4000.0,4000.0
3242,ORIT_c4e6dc,ORD_c4e6dc,MatSpr_acd0,1,8000.0,8000.0
3243,ORIT_2e4e15,ORD_2e4e15,MatPoc_1e64,1,8500.0,8500.0
3244,ORIT_1a7f7d,ORD_1a7f7d,PilPol_3076,3,180.0,540.0
3245,ORIT_7b7769,ORD_7b7769,PilFea_115c,3,650.0,1950.0
3246,ORIT_c4e568,ORD_c4e568,MatPoc_1e64,2,8500.0,17000.0
3247,ORIT_41dd25,ORD_41dd25,BedPol_5144,3,600.0,1800.0
3248,ORIT_a8e8ff,ORD_a8e8ff,BolPol_82d7,2,220.0,440.0
3249,ORIT_027fce,ORD_027fce,MatSpr_acd0,4,8000.0,32000.0
3250,ORIT_8b3d4b,ORD_8b3d4b,MatPoc_6ee7,1,13000.0,13000.0
3251,ORIT_0e1222,ORD_0e1222,PilPol_3076,2,180.0,360.0
3252,ORIT_400041,ORD_400041,MatPoc_6ee7,3,13000.0,39000.0
3253,ORIT_b82eac,ORD_b82eac,PilPol_662f,3,180.0,540.0
3254,ORIT_039861,ORD_039861,MatSpr_ccc4,4,6000.0,24000.0
3255,ORIT_f0efed,ORD_f0efed,MatSpr_ba3a,3,8000.0,24000.0
3256,ORIT_ef25e2,ORD_ef25e2,MatSpr_28ce,3,6000.0,18000.0
3257,ORIT_3c47a9,ORD_3c47a9,MatSpr_28ce,4,6000.0,24000.0
3258,ORIT_be999a,ORD_be999a,MatSpr_acd0,3,8000.0,24000.0
3259,ORIT_5a1e74,ORD_5a1e74,BedCot_4e8b,3,1500.0,4500.0
3260,ORIT_019b61,ORD_019b61,BolPol_cfd7,3,220.0,660.0
3261,ORIT_8ebe03,ORD_8ebe03,BolPol_f3ad,1,220.0,220.0
3262,ORIT_5e7941,ORD_5e7941,BolPol_f3ad,1,220.0,220.0
3263,ORIT_500083,ORD_500083,PilPol_a442,1,180.0,180.0
3264,ORIT_b9e7ca,ORD_b9e7ca,MatSpr_28ce,3,6000.0,18000.0
3265,ORIT_bc29a4,ORD_bc29a4,BedCot_2449,3,800.0,2400.0
3266,ORIT_a97d39,ORD_a97d39,MatPoc_2df5,2,17500.0,35000.0
3267,ORIT_4ac713,ORD_4ac713,BolPol_82d7,2,220.0,440.0
3268,ORIT_e908b4,ORD_e908b4,MatPoc_6ee7,3,13000.0,39000.0
3269,ORIT_67da38,ORD_67da38,MatPoc_6ee7,1,13000.0,13000.0
3270,ORIT_d8ea45,ORD_d8ea45,BedCot_2397,4,1500.0,6000.0
3271,ORIT_f9fe84,ORD_f9fe84,MatPoc_45de,2,13000.0,26000.0
3272,ORIT_216a42,ORD_216a42,BedPol_5ab8,3,600.0,1800.0
3273,ORIT_0d08db,ORD_0d08db,MatSpr_ba3a,4,8000.0,32000.0
3274,ORIT_24e042,ORD_24e042,BedCot_c645,1,1200.0,1200.0
3275,ORIT_3d1ae0,ORD_3d1ae0,BlaCot_ce6c,4,2000.0,8000.0
3276,ORIT_fab6a7,ORD_fab6a7,BolPol_82d7,3,220.0,660.0
3277,ORIT_61d8d7,ORD_61d8d7,MatPoc_45de,4,13000.0,52000.0
3278,ORIT_610ca6,ORD_610ca6,BolFea_b87f,3,700.0,2100.0
3279,ORIT_645011,ORD_645011,MatSpr_06ac,3,4000.0,12000.0
3280,ORIT_37f318,ORD_37f318,BedCot_87ca,3,1200.0,3600.0
3281,ORIT_281373,ORD_281373,MatFoa_182e,4,5500.0,22000.0
3282,ORIT_6efdcc,ORD_6efdcc,PilPol_662f,1,180.0,180.0
3283,ORIT_d24be7,ORD_d24be7,MatFoa_182e,3,5500.0,16500.0
3284,ORIT_0e0f72,ORD_0e0f72,BedPol_5ab8,1,600.0,600.0
3285,ORIT_a2fb30,ORD_a2fb30,BedCot_2449,1,800.0,800.0
3286,ORIT_680013,ORD_680013,MatSpr_ba3a,1,8000.0,8000.0
3287,ORIT_50a3fa,ORD_50a3fa,MatFoa_182e,1,5500.0,5500.0
3288,ORIT_41e7db,ORD_41e7db,BedCot_4e8b,1,1500.0,1500.0
3289,ORIT_191e2e,ORD_191e2e,PilFea_115c,1,650.0,650.0
3290,ORIT_cb23ba,ORD_cb23ba,PilCot_b22a,1,250.0,250.0
3291,ORIT_5613a4,ORD_5613a4,MatSpr_06ac,1,4000.0,4000.0
3292,ORIT_e0f82b,ORD_e0f82b,BlaFle_c9a0,1,600.0,600.0
3293,ORIT_f98f42,ORD_f98f42,BolPol_82d7,1,220.0,220.0
3294,ORIT_891639,ORD_891639,BolCot_3050,1,300.0,300.0
3295,ORIT_36ab35,ORD_36ab35,BlaCot_503c,2,2000.0,4000.0
3296,ORIT_467674,ORD_467674,BedCot_2449,3,800.0,2400.0
3297,ORIT_fb8c6d,ORD_fb8c6d,MatSpr_ccc4,2,6000.0,12000.0
3298,ORIT_baf793,ORD_baf793,BedCot_6141,1,800.0,800.0
3299,ORIT_f6a67e,ORD_f6a67e,BedPol_5144,1,600.0,600.0
3300,ORIT_4451e4,ORD_4451e4,BolPol_cfd7,1,220.0,220.0
3301,ORIT_5d7617,ORD_5d7617,BedCot_2449,3,800.0,2400.0
3302,ORIT_622074,ORD_622074,BolPol_f3ad,1,220.0,220.0
3303,ORIT_28b8d2,ORD_28b8d2,MatFoa_182e,2,5500.0,11000.0
3304,ORIT_397929,ORD_397929,BedPol_5ab8,1,600.0,600.0
3305,ORIT_053b71,ORD_053b71,PilFea_8a5d,1,650.0,650.0
3306,ORIT_a88596,ORD_a88596,MatSpr_ccc4,1,6000.0,6000.0
3307,ORIT_c08ea4,ORD_c08ea4,BedCot_6141,1,800.0,800.0
3308,ORIT_9f8cda,ORD_9f8cda,MatSpr_28ce,1,6000.0,6000.0
3309,ORIT_b50a22,ORD_b50a22,MatSpr_acd0,1,8000.0,8000.0
3310,ORIT_f07274,ORD_f07274,MatSpr_acd0,1,8000.0,8000.0
3311,ORIT_15cdfb,ORD_15cdfb,BedPol_e207,1,400.0,400.0
3312,ORIT_bd2fca,ORD_bd2fca,BolCot_3050,1,300.0,300.0
3313,ORIT_a58188,ORD_a58188,BedCot_4e8b,4,1500.0,6000.0
3314,ORIT_d198a5,ORD_d198a5,PilPol_662f,3,180.0,540.0
3315,ORIT_87c29a,ORD_87c29a,MatPoc_f6cb,3,17500.0,52500.0
3316,ORIT_3c5e1e,ORD_3c5e1e,BlaCot_ce6c,3,2000.0,6000.0
3317,ORIT_1b3428,ORD_1b3428,MatSpr_ccc4,2,6000.0,12000.0
3318,ORIT_729bff,ORD_729bff,PilCot_b22a,3,250.0,750.0
3319,ORIT_34662d,ORD_34662d,PilPol_662f,4,180.0,720.0
3320,ORIT_7c23fa,ORD_7c23fa,MatPoc_27a0,3,8500.0,25500.0
3321,ORIT_6aebbf,ORD_6aebbf,MatPoc_f6cb,3,17500.0,52500.0
3322,ORIT_ecb3ce,ORD_ecb3ce,MatPoc_45de,1,13000.0,13000.0
3323,ORIT_d30651,ORD_d30651,BlaCot_572e,3,2200.0,6600.0
3324,ORIT_38f97c,ORD_38f97c,MatSpr_ccc4,3,6000.0,18000.0
3325,ORIT_fcec0a,ORD_fcec0a,PilPol_a442,1,180.0,180.0
3326,ORIT_9f5a2a,ORD_9f5a2a,BedLin_d846,2,2000.0,4000.0
3327,ORIT_4fd5b1,ORD_4fd5b1,BlaFla_78f1,3,1000.0,3000.0
3328,ORIT_fce73f,ORD_fce73f,BedCot_2449,2,800.0,1600.0
3329,ORIT_285db9,ORD_285db9,MatSpr_ba3a,4,8000.0,32000.0
3330,ORIT_d2b57a,ORD_d2b57a,PilFea_115c,3,650.0,1950.0
3331,ORIT_d617ec,ORD_d617ec,MatPoc_6ee7,1,13000.0,13000.0
3332,ORIT_269f23,ORD_269f23,MatSpr_56a3,1,4000.0,4000.0
3333,ORIT_ebe098,ORD_ebe098,BolPol_cfd7,3,220.0,660.0
3334,ORIT_2e99d2,ORD_2e99d2,MatPoc_2df5,1,17500.0,17500.0
3335,ORIT_623390,ORD_623390,BedPol_5144,4,600.0,2400.0
3336,ORIT_82c74c,ORD_82c74c,BedLin_b097,2,3800.0,7600.0
3337,ORIT_e6fc8d,ORD_e6fc8d,BolPol_f3ad,4,220.0,880.0
3338,ORIT_48e494,ORD_48e494,MatSpr_acd0,3,8000.0,24000.0
3339,ORIT_ff5144,ORD_ff5144,BolPol_cfd7,1,220.0,220.0
3340,ORIT_2c8afa,ORD_2c8afa,MatSpr_28ce,3,6000.0,18000.0
3341,ORIT_8e2102,ORD_8e2102,MatFoa_e09a,4,5500.0,22000.0
3342,ORIT_4be1a8,ORD_4be1a8,MatPoc_6ee7,3,13000.0,39000.0
3343,ORIT_c63c6e,ORD_c63c6e,BolPol_82d7,4,220.0,880.0
3344,ORIT_64deb0,ORD_64deb0,MatPoc_45de,4,13000.0,52000.0
3345,ORIT_821499,ORD_821499,BedCot_87ca,3,1200.0,3600.0
3346,ORIT_c5718e,ORD_c5718e,MatSpr_28ce,3,6000.0,18000.0
3347,ORIT_c4f28d,ORD_c4f28d,PilPol_a442,3,180.0,540.0
3348,ORIT_6c4d83,ORD_6c4d83,PilFea_56ac,3,650.0,1950.0
3349,ORIT_2642f6,ORD_2642f6,MatSpr_ba3a,2,8000.0,16000.0
3350,ORIT_3a48b8,ORD_3a48b8,MatSpr_56a3,1,4000.0,4000.0
3351,ORIT_d9bb17,ORD_d9bb17,MatPoc_1e64,1,8500.0,8500.0
3352,ORIT_be1539,ORD_be1539,MatPoc_f6cb,1,17500.0,17500.0
3353,ORIT_c05799,ORD_c05799,PilPol_a442,1,180.0,180.0
3354,ORIT_15c79e,ORD_15c79e,MatPoc_45de,3,13000.0,39000.0
3355,ORIT_5be87d,ORD_5be87d,BlaFla_ad01,1,1200.0,1200.0
3356,ORIT_f8e056,ORD_f8e056,PilPol_a442,2,180.0,360.0
3357,ORIT_732a31,ORD_732a31,PilFea_56ac,2,650.0,1300.0
3358,ORIT_e65ea8,ORD_e65ea8,MatSpr_ba3a,1,8000.0,8000.0
3359,ORIT_8b6dc6,ORD_8b6dc6,MatSpr_acd0,1,8000.0,8000.0
3360,ORIT_076bfb,ORD_076bfb,BedCot_2449,1,800.0,800.0
3361,ORIT_87ad1e,ORD_87ad1e,MatPoc_6ee7,1,13000.0,13000.0
3362,ORIT_1cb433,ORD_1cb433,BolPol_cfd7,2,220.0,440.0
3363,ORIT_81179f,ORD_81179f,MatFoa_28ad,1,7500.0,7500.0
3364,ORIT_2b2a05,ORD_2b2a05,MatPoc_2df5,1,17500.0,17500.0
3365,ORIT_880ea0,ORD_880ea0,MatSpr_ccc4,1,6000.0,6000.0
3366,ORIT_aa06b7,ORD_aa06b7,MatSpr_ccc4,2,6000.0,12000.0
3367,ORIT_db32b4,ORD_db32b4,BolCot_3050,1,300.0,300.0
3368,ORIT_5c8a28,ORD_5c8a28,PilFea_115c,1,650.0,650.0
3369,ORIT_bf30a7,ORD_bf30a7,MatSpr_ccc4,3,6000.0,18000.0
3370,ORIT_8109a3,ORD_8109a3,PilFea_56ac,2,650.0,1300.0
3371,ORIT_dea87d,ORD_dea87d,MatSpr_acd0,1,8000.0,8000.0
3372,ORIT_a31ff2,ORD_a31ff2,BolCot_3050,1,300.0,300.0
3373,ORIT_b049dc,ORD_b049dc,MatPoc_1e64,1,8500.0,8500.0
3374,ORIT_208751,ORD_208751,BedCot_87ca,1,1200.0,1200.0
3375,ORIT_a4139d,ORD_a4139d,BedLin_8a26,1,3800.0,3800.0
3376,ORIT_72fe0f,ORD_72fe0f,MatSpr_acd0,1,8000.0,8000.0
3377,ORIT_e2d006,ORD_e2d006,PilPol_a442,1,180.0,180.0
3378,ORIT_bdee04,ORD_bdee04,MatSpr_ccc4,1,6000.0,6000.0
3379,ORIT_be9b90,ORD_be9b90,BlaFle_c9a0,1,600.0,600.0
3380,ORIT_b94be9,ORD_b94be9,BedCot_6141,1,800.0,800.0
3381,ORIT_9063bb,ORD_9063bb,BedCot_17f5,1,1500.0,1500.0
3382,ORIT_363cd6,ORD_363cd6,BedCot_2449,1,800.0,800.0
3383,ORIT_213af8,ORD_213af8,MatSpr_ba3a,2,8000.0,16000.0
3384,ORIT_d77a3e,ORD_d77a3e,BedCot_6141,1,800.0,800.0
3385,ORIT_6a58a9,ORD_6a58a9,BedCot_4e8b,2,1500.0,3000.0
3386,ORIT_3a171b,ORD_3a171b,MatSpr_acd0,1,8000.0,8000.0
3387,ORIT_5ac427,ORD_5ac427,BedCot_17f5,1,1500.0,1500.0
3388,ORIT_281d84,ORD_281d84,BolPol_82d7,1,220.0,220.0
3389,ORIT_5a744c,ORD_5a744c,BedPol_f406,4,500.0,2000.0
3390,ORIT_4f49e5,ORD_4f49e5,MatFoa_8cd2,3,3500.0,10500.0
3391,ORIT_24b47f,ORD_24b47f,BedLin_2f24,4,2000.0,8000.0
3392,ORIT_4c1902,ORD_4c1902,MatPoc_45de,4,13000.0,52000.0
3393,ORIT_43abbe,ORD_43abbe,MatPoc_1e64,4,8500.0,34000.0
3394,ORIT_d87889,ORD_d87889,MatSpr_06ac,4,4000.0,16000.0
3395,ORIT_b7d204,ORD_b7d204,BlaCot_6c4b,4,2200.0,8800.0
3396,ORIT_a3bdda,ORD_a3bdda,BedCot_87ca,3,1200.0,3600.0
3397,ORIT_d1d713,ORD_d1d713,PilFea_56ac,1,650.0,650.0
3398,ORIT_781a16,ORD_781a16,MatPoc_1e64,1,8500.0,8500.0
3399,ORIT_3e0984,ORD_3e0984,MatSpr_ba3a,1,8000.0,8000.0
3400,ORIT_75eace,ORD_75eace,MatSpr_acd0,1,8000.0,8000.0
3401,ORIT_5520b9,ORD_5520b9,PilFea_8a5d,1,650.0,650.0
3402,ORIT_4d6e0f,ORD_4d6e0f,MatSpr_56a3,1,4000.0,4000.0
3403,ORIT_5726e0,ORD_5726e0,PilPol_662f,1,180.0,180.0
3404,ORIT_4d4be1,ORD_4d4be1,MatPoc_2df5,1,17500.0,17500.0
3405,ORIT_7fdc2b,ORD_7fdc2b,PilFea_8a5d,1,650.0,650.0
3406,ORIT_7eaa79,ORD_7eaa79,MatSpr_56a3,2,4000.0,8000.0
3407,ORIT_2a548c,ORD_2a548c,MatSpr_ccc4,2,6000.0,12000.0
3408,ORIT_f46d49,ORD_f46d49,MatFoa_28ad,1,7500.0,7500.0
3409,ORIT_cb8b05,ORD_cb8b05,MatSpr_acd0,1,8000.0,8000.0
3410,ORIT_7168b2,ORD_7168b2,MatSpr_acd0,1,8000.0,8000.0
3411,ORIT_2d73f7,ORD_2d73f7,BedCot_6141,1,800.0,800.0
3412,ORIT_f69459,ORD_f69459,MatSpr_ba3a,3,8000.0,24000.0
3413,ORIT_b65278,ORD_b65278,MatPoc_2df5,4,17500.0,70000.0
3414,ORIT_73a6cb,ORD_73a6cb,MatSpr_06ac,3,4000.0,12000.0
3415,ORIT_394789,ORD_394789,BedCot_2449,2,800.0,1600.0
3416,ORIT_cb6503,ORD_cb6503,MatSpr_ccc4,2,6000.0,12000.0
3417,ORIT_026db2,ORD_026db2,MatFoa_e09a,3,5500.0,16500.0
3418,ORIT_616e47,ORD_616e47,BlaFle_9bda,3,700.0,2100.0
3419,ORIT_be28cd,ORD_be28cd,MatFoa_13fa,2,7500.0,15000.0
3420,ORIT_03526a,ORD_03526a,BedCot_17f5,1,1500.0,1500.0
3421,ORIT_a9801d,ORD_a9801d,MatPoc_2df5,1,17500.0,17500.0
3422,ORIT_c5cfe8,ORD_c5cfe8,PilPol_a442,1,180.0,180.0
3423,ORIT_5fbc95,ORD_5fbc95,MatSpr_acd0,1,8000.0,8000.0
3424,ORIT_077625,ORD_077625,MatPoc_2df5,3,17500.0,52500.0
3425,ORIT_918d65,ORD_918d65,BedCot_6141,1,800.0,800.0
3426,ORIT_7b7854,ORD_7b7854,BedCot_17f5,2,1500.0,3000.0
3427,ORIT_482da3,ORD_482da3,BedPol_5144,2,600.0,1200.0
3428,ORIT_f5f377,ORD_f5f377,MatSpr_ba3a,1,8000.0,8000.0
3429,ORIT_9fb06c,ORD_9fb06c,BedPol_d3de,1,500.0,500.0
3430,ORIT_465b46,ORD_465b46,MatSpr_28ce,1,6000.0,6000.0
3431,ORIT_edbde6,ORD_edbde6,MatSpr_ba3a,1,8000.0,8000.0
3432,ORIT_7a4a0c,ORD_7a4a0c,BolPol_f3ad,2,220.0,440.0
3433,ORIT_225ee7,ORD_225ee7,MatPoc_2df5,1,17500.0,17500.0
3434,ORIT_2a73cd,ORD_2a73cd,BolCot_3050,1,300.0,300.0
3435,ORIT_4213bf,ORD_4213bf,BedCot_c645,4,1200.0,4800.0
3436,ORIT_f91415,ORD_f91415,MatPoc_f6cb,2,17500.0,35000.0
3437,ORIT_cc1adf,ORD_cc1adf,BolPol_82d7,3,220.0,660.0
3438,ORIT_b989ad,ORD_b989ad,MatPoc_1e64,1,8500.0,8500.0
3439,ORIT_6b6ffd,ORD_6b6ffd,MatSpr_ccc4,1,6000.0,6000.0
3440,ORIT_b9a0b4,ORD_b9a0b4,BolPol_82d7,1,220.0,220.0
3441,ORIT_7d7b95,ORD_7d7b95,BedLin_b097,3,3800.0,11400.0
3442,ORIT_fda33b,ORD_fda33b,BedPol_e8c9,1,400.0,400.0
3443,ORIT_6cb9ef,ORD_6cb9ef,BolPol_82d7,1,220.0,220.0
3444,ORIT_d1d7c7,ORD_d1d7c7,BolPol_cfd7,2,220.0,440.0
3445,ORIT_2f1671,ORD_2f1671,MatSpr_acd0,2,8000.0,16000.0
3446,ORIT_7495e2,ORD_7495e2,BedCot_d278,1,1200.0,1200.0
3447,ORIT_d7ea22,ORD_d7ea22,PilPol_a442,1,180.0,180.0
3448,ORIT_56a929,ORD_56a929,BedCot_87ca,1,1200.0,1200.0
3449,ORIT_21054f,ORD_21054f,BedCot_2397,1,1500.0,1500.0
3450,ORIT_79ac6e,ORD_79ac6e,MatSpr_06ac,1,4000.0,4000.0
3451,ORIT_808680,ORD_808680,BedCot_d278,1,1200.0,1200.0
3452,ORIT_08bf54,ORD_08bf54,MatFoa_e09a,1,5500.0,5500.0
3453,ORIT_93c351,ORD_93c351,MatSpr_06ac,2,4000.0,8000.0
3454,ORIT_06eaa1,ORD_06eaa1,BolPol_82d7,2,220.0,440.0
3455,ORIT_d13eed,ORD_d13eed,MatPoc_2df5,4,17500.0,70000.0
3456,ORIT_273fc2,ORD_273fc2,BolPol_f3ad,3,220.0,660.0
3457,ORIT_355865,ORD_355865,MatPoc_6ee7,3,13000.0,39000.0
3458,ORIT_f04fac,ORD_f04fac,MatPoc_2df5,2,17500.0,35000.0
3459,ORIT_ba9012,ORD_ba9012,BolPol_cfd7,4,220.0,880.0
3460,ORIT_64e415,ORD_64e415,BedLin_5d3d,4,4200.0,16800.0
3461,ORIT_4520a7,ORD_4520a7,MatPoc_f6cb,3,17500.0,52500.0
3462,ORIT_969850,ORD_969850,PilPol_662f,3,180.0,540.0
3463,ORIT_b6f752,ORD_b6f752,BolCot_21df,4,300.0,1200.0
3464,ORIT_eb336d,ORD_eb336d,PilPol_a442,2,180.0,360.0
3465,ORIT_584237,ORD_584237,MatPoc_f6cb,3,17500.0,52500.0
3466,ORIT_1ef1f9,ORD_1ef1f9,BedCot_17f5,4,1500.0,6000.0
3467,ORIT_8968c5,ORD_8968c5,MatSpr_06ac,1,4000.0,4000.0
3468,ORIT_2b6817,ORD_2b6817,MatPoc_45de,4,13000.0,52000.0
3469,ORIT_486de5,ORD_486de5,MatPoc_f6cb,2,17500.0,35000.0
3470,ORIT_fec347,ORD_fec347,MatSpr_06ac,2,4000.0,8000.0
3471,ORIT_864e3f,ORD_864e3f,MatPoc_f6cb,2,17500.0,35000.0
3472,ORIT_a35212,ORD_a35212,MatPoc_6ee7,2,13000.0,26000.0
3473,ORIT_50f87a,ORD_50f87a,MatSpr_acd0,1,8000.0,8000.0
3474,ORIT_25fd59,ORD_25fd59,MatFoa_4414,2,3500.0,7000.0
3475,ORIT_214a40,ORD_214a40,BlaFle_394c,2,600.0,1200.0
3476,ORIT_2212de,ORD_2212de,MatSpr_acd0,2,8000.0,16000.0
3477,ORIT_d42133,ORD_d42133,MatSpr_acd0,1,8000.0,8000.0
3478,ORIT_6fe679,ORD_6fe679,MatSpr_ccc4,1,6000.0,6000.0
3479,ORIT_f43362,ORD_f43362,BedPol_5ab8,2,600.0,1200.0
3480,ORIT_4fd244,ORD_4fd244,MatSpr_ba3a,1,8000.0,8000.0
3481,ORIT_0808cb,ORD_0808cb,BedPol_e207,1,400.0,400.0
3482,ORIT_df1af6,ORD_df1af6,MatSpr_acd0,1,8000.0,8000.0
3483,ORIT_b3d024,ORD_b3d024,MatPoc_f6cb,1,17500.0,17500.0
3484,ORIT_219464,ORD_219464,BolPol_cfd7,1,220.0,220.0
3485,ORIT_83602c,ORD_83602c,PilPol_662f,1,180.0,180.0
3486,ORIT_4f1072,ORD_4f1072,MatPoc_2df5,1,17500.0,17500.0
3487,ORIT_3c8c07,ORD_3c8c07,MatSpr_ccc4,1,6000.0,6000.0
3488,ORIT_a1946f,ORD_a1946f,BedCot_17f5,2,1500.0,3000.0
3489,ORIT_4743d4,ORD_4743d4,BedCot_87ca,1,1200.0,1200.0
3490,ORIT_82a3d3,ORD_82a3d3,MatSpr_28ce,1,6000.0,6000.0
3491,ORIT_47924f,ORD_47924f,BedCot_d278,1,1200.0,1200.0
3492,ORIT_51eea2,ORD_51eea2,MatPoc_2df5,1,17500.0,17500.0
3493,ORIT_ddbadf,ORD_ddbadf,MatSpr_ba3a,1,8000.0,8000.0
3494,ORIT_7f5d6b,ORD_7f5d6b,PilPol_a442,2,180.0,360.0
3495,ORIT_981976,ORD_981976,MatPoc_f6cb,2,17500.0,35000.0
3496,ORIT_81ecf4,ORD_81ecf4,MatPoc_2df5,2,17500.0,35000.0
3497,ORIT_0c0d93,ORD_0c0d93,PilPol_662f,3,180.0,540.0
3498,ORIT_32c5e4,ORD_32c5e4,BlaFle_0f50,1,300.0,300.0
3499,ORIT_5a71f6,ORD_5a71f6,PilPol_a442,2,180.0,360.0
3500,ORIT_f1e367,ORD_f1e367,BolCot_3050,2,300.0,600.0
3501,ORIT_c83016,ORD_c83016,BedPol_239e,3,600.0,1800.0
3502,ORIT_e5777e,ORD_e5777e,BolPol_82d7,1,220.0,220.0
3503,ORIT_187092,ORD_187092,MatSpr_06ac,1,4000.0,4000.0
3504,ORIT_a1ff49,ORD_a1ff49,BedCot_17f5,4,1500.0,6000.0
3505,ORIT_98434e,ORD_98434e,BedPol_5144,4,600.0,2400.0
3506,ORIT_93ccc3,ORD_93ccc3,PilPol_a442,3,180.0,540.0
3507,ORIT_0f82c3,ORD_0f82c3,BedLin_18f8,1,2000.0,2000.0
3508,ORIT_aecb5c,ORD_aecb5c,PilCot_b22a,1,250.0,250.0
3509,ORIT_1b0a06,ORD_1b0a06,MatPoc_f6cb,1,17500.0,17500.0
3510,ORIT_5b45fe,ORD_5b45fe,MatPoc_2df5,3,17500.0,52500.0
3511,ORIT_029313,ORD_029313,MatFoa_e09a,3,5500.0,16500.0
3512,ORIT_0aa9bc,ORD_0aa9bc,MatSpr_ccc4,3,6000.0,18000.0
3513,ORIT_52aa36,ORD_52aa36,PilPol_a442,2,180.0,360.0
3514,ORIT_8daf1a,ORD_8daf1a,BedPol_239e,3,600.0,1800.0
3515,ORIT_b80fc6,ORD_b80fc6,BedLin_5d3d,3,4200.0,12600.0
3516,ORIT_3f8ebd,ORD_3f8ebd,BolPol_f3ad,1,220.0,220.0
3517,ORIT_1401c6,ORD_1401c6,BedPol_5144,1,600.0,600.0
3518,ORIT_8ed0aa,ORD_8ed0aa,BedCot_4e8b,2,1500.0,3000.0
3519,ORIT_faf682,ORD_faf682,PilPol_3076,4,180.0,720.0
3520,ORIT_10f56a,ORD_10f56a,MatFoa_13fa,3,7500.0,22500.0
3521,ORIT_aa323d,ORD_aa323d,MatSpr_ccc4,4,6000.0,24000.0
3522,ORIT_acc8a2,ORD_acc8a2,BedLin_f732,3,4200.0,12600.0
3523,ORIT_ba1330,ORD_ba1330,BedPol_d3de,3,500.0,1500.0
3524,ORIT_3e98de,ORD_3e98de,BedCot_4e8b,2,1500.0,3000.0
3525,ORIT_8dafe3,ORD_8dafe3,BedPol_e207,3,400.0,1200.0
3526,ORIT_d2c3b5,ORD_d2c3b5,BolCot_3050,2,300.0,600.0
3527,ORIT_8110b8,ORD_8110b8,BolPol_f3ad,2,220.0,440.0
3528,ORIT_15902c,ORD_15902c,PilCot_f078,1,250.0,250.0
3529,ORIT_6087f5,ORD_6087f5,BedPol_3807,1,500.0,500.0
3530,ORIT_97d9ba,ORD_97d9ba,BedCot_2397,1,1500.0,1500.0
3531,ORIT_d6cd4f,ORD_d6cd4f,MatPoc_f6cb,1,17500.0,17500.0
3532,ORIT_39060a,ORD_39060a,MatSpr_28ce,1,6000.0,6000.0
3533,ORIT_f0ccb5,ORD_f0ccb5,BedLin_b097,2,3800.0,7600.0
3534,ORIT_80ade6,ORD_80ade6,BedCot_4e8b,3,1500.0,4500.0
3535,ORIT_03e165,ORD_03e165,PilPol_a442,4,180.0,720.0
3536,ORIT_06eedf,ORD_06eedf,MatPoc_f6cb,2,17500.0,35000.0
3537,ORIT_5013f7,ORD_5013f7,PilPol_a442,3,180.0,540.0
3538,ORIT_86a77d,ORD_86a77d,PilFea_56ac,1,650.0,650.0
3539,ORIT_e1516d,ORD_e1516d,MatSpr_ccc4,4,6000.0,24000.0
3540,ORIT_78795f,ORD_78795f,PilPol_662f,3,180.0,540.0
3541,ORIT_4f8db5,ORD_4f8db5,BedPol_5144,4,600.0,2400.0
3542,ORIT_dae262,ORD_dae262,BedPol_5144,4,600.0,2400.0
3543,ORIT_94a048,ORD_94a048,MatPoc_2df5,2,17500.0,35000.0
3544,ORIT_a06edd,ORD_a06edd,BolPol_f3ad,1,220.0,220.0
3545,ORIT_eafe3e,ORD_eafe3e,MatSpr_ba3a,4,8000.0,32000.0
3546,ORIT_d7019b,ORD_d7019b,MatFoa_182e,3,5500.0,16500.0
3547,ORIT_745c0c,ORD_745c0c,BolPol_f3ad,2,220.0,440.0
3548,ORIT_460bbd,ORD_460bbd,BedCot_4e8b,1,1500.0,1500.0
3549,ORIT_0a6175,ORD_0a6175,MatFoa_28ad,1,7500.0,7500.0
3550,ORIT_05c0b2,ORD_05c0b2,BolCot_21df,1,300.0,300.0
3551,ORIT_84c973,ORD_84c973,MatPoc_2df5,1,17500.0,17500.0
3552,ORIT_3a669f,ORD_3a669f,MatSpr_ba3a,1,8000.0,8000.0
3553,ORIT_6e4229,ORD_6e4229,PilFea_8a5d,1,650.0,650.0
3554,ORIT_de5890,ORD_de5890,MatPoc_f6cb,4,17500.0,70000.0
3555,ORIT_ace46d,ORD_ace46d,MatSpr_ba3a,3,8000.0,24000.0
3556,ORIT_0da7e3,ORD_0da7e3,BedCot_4e8b,1,1500.0,1500.0
3557,ORIT_9fe919,ORD_9fe919,PilPol_a442,3,180.0,540.0
3558,ORIT_79d5ae,ORD_79d5ae,BedCot_2449,1,800.0,800.0
3559,ORIT_47b96a,ORD_47b96a,MatSpr_ccc4,2,6000.0,12000.0
3560,ORIT_6dc4e5,ORD_6dc4e5,BedCot_2397,2,1500.0,3000.0
3561,ORIT_f7bd91,ORD_f7bd91,MatSpr_06ac,4,4000.0,16000.0
3562,ORIT_b7feb1,ORD_b7feb1,MatPoc_2df5,4,17500.0,70000.0
3563,ORIT_56725c,ORD_56725c,BedCot_17f5,4,1500.0,6000.0
3564,ORIT_380443,ORD_380443,PilPol_a442,4,180.0,720.0
3565,ORIT_712ccd,ORD_712ccd,MatPoc_2df5,4,17500.0,70000.0
3566,ORIT_6fa9f8,ORD_6fa9f8,BedLin_f732,1,4200.0,4200.0
3567,ORIT_12257b,ORD_12257b,BolPol_f3ad,1,220.0,220.0
3568,ORIT_0870fe,ORD_0870fe,BedCot_4e8b,1,1500.0,1500.0
3569,ORIT_a53471,ORD_a53471,MatPoc_6ee7,3,13000.0,39000.0
3570,ORIT_ba2b3d,ORD_ba2b3d,MatSpr_ba3a,1,8000.0,8000.0
3571,ORIT_4f8d40,ORD_4f8d40,MatPoc_6ee7,1,13000.0,13000.0
3572,ORIT_f2f5d6,ORD_f2f5d6,BedCot_87ca,1,1200.0,1200.0
3573,ORIT_5e77ad,ORD_5e77ad,MatFoa_8cd2,2,3500.0,7000.0
3574,ORIT_fdde18,ORD_fdde18,MatSpr_ba3a,3,8000.0,24000.0
3575,ORIT_c36e5c,ORD_c36e5c,BedCot_2397,1,1500.0,1500.0
3576,ORIT_8c5173,ORD_8c5173,MatPoc_2df5,1,17500.0,17500.0
3577,ORIT_4539b6,ORD_4539b6,MatSpr_acd0,1,8000.0,8000.0
3578,ORIT_e762a1,ORD_e762a1,MatSpr_56a3,3,4000.0,12000.0
3579,ORIT_a0edd1,ORD_a0edd1,BedCot_4a29,3,800.0,2400.0
3580,ORIT_d21ab1,ORD_d21ab1,BedCot_4a29,3,800.0,2400.0
3581,ORIT_376091,ORD_376091,PilPol_a442,4,180.0,720.0
3582,ORIT_d2c30f,ORD_d2c30f,BedCot_17f5,2,1500.0,3000.0
3583,ORIT_704a78,ORD_704a78,BlaFle_5881,3,700.0,2100.0
3584,ORIT_e07382,ORD_e07382,MatSpr_ba3a,3,8000.0,24000.0
3585,ORIT_d9fd39,ORD_d9fd39,PilPol_a442,4,180.0,720.0
3586,ORIT_c84182,ORD_c84182,MatPoc_f6cb,2,17500.0,35000.0
3587,ORIT_936b07,ORD_936b07,BedCot_17f5,4,1500.0,6000.0
3588,ORIT_1dec73,ORD_1dec73,BedPol_5144,2,600.0,1200.0
3589,ORIT_104aee,ORD_104aee,MatPoc_6ee7,3,13000.0,39000.0
3590,ORIT_38555c,ORD_38555c,MatSpr_06ac,4,4000.0,16000.0
3591,ORIT_5d62df,ORD_5d62df,MatPoc_2df5,4,17500.0,70000.0
3592,ORIT_db260d,ORD_db260d,MatSpr_06ac,1,4000.0,4000.0
3593,ORIT_e07b5b,ORD_e07b5b,MatFoa_4414,1,3500.0,3500.0
3594,ORIT_249714,ORD_249714,MatSpr_28ce,1,6000.0,6000.0
3595,ORIT_774601,ORD_774601,BolPol_82d7,3,220.0,660.0
3596,ORIT_958665,ORD_958665,PilPol_3076,3,180.0,540.0
3597,ORIT_5d5b32,ORD_5d5b32,PilCot_3481,3,250.0,750.0
3598,ORIT_6f0b0d,ORD_6f0b0d,PilPol_3076,2,180.0,360.0
3599,ORIT_248a8e,ORD_248a8e,BedCot_87ca,3,1200.0,3600.0
3600,ORIT_f51da1,ORD_f51da1,MatSpr_ba3a,1,8000.0,8000.0
3601,ORIT_fb601d,ORD_fb601d,BolPol_cfd7,1,220.0,220.0
3602,ORIT_5efac1,ORD_5efac1,MatSpr_acd0,2,8000.0,16000.0
3603,ORIT_cb99bd,ORD_cb99bd,BedCot_4e8b,3,1500.0,4500.0
3604,ORIT_076373,ORD_076373,MatSpr_acd0,2,8000.0,16000.0
3605,ORIT_8f6eb0,ORD_8f6eb0,MatPoc_f6cb,1,17500.0,17500.0
3606,ORIT_e3e0a6,ORD_e3e0a6,BolCot_31e6,1,300.0,300.0
3607,ORIT_a62fcc,ORD_a62fcc,MatSpr_acd0,2,8000.0,16000.0
3608,ORIT_b17837,ORD_b17837,BedCot_4a29,2,800.0,1600.0
3609,ORIT_ca223d,ORD_ca223d,BedCot_d278,4,1200.0,4800.0
3610,ORIT_a1df4a,ORD_a1df4a,BolPol_f3ad,4,220.0,880.0
3611,ORIT_c0a1aa,ORD_c0a1aa,BolPol_cfd7,1,220.0,220.0
3612,ORIT_4fba74,ORD_4fba74,BedLin_f732,1,4200.0,4200.0
3613,ORIT_9d7d94,ORD_9d7d94,BedLin_5d3d,1,4200.0,4200.0
3614,ORIT_0f500f,ORD_0f500f,BedCot_4e8b,1,1500.0,1500.0
3615,ORIT_910656,ORD_910656,MatPoc_2df5,1,17500.0,17500.0
3616,ORIT_e35a25,ORD_e35a25,BolPol_82d7,1,220.0,220.0
3617,ORIT_c675eb,ORD_c675eb,MatSpr_ccc4,1,6000.0,6000.0
3618,ORIT_1a69c1,ORD_1a69c1,MatPoc_f6cb,1,17500.0,17500.0
3619,ORIT_480a1d,ORD_480a1d,MatSpr_ccc4,2,6000.0,12000.0
3620,ORIT_ad6aeb,ORD_ad6aeb,BedPol_5144,2,600.0,1200.0
3621,ORIT_196b7e,ORD_196b7e,MatPoc_f6cb,1,17500.0,17500.0
3622,ORIT_bda7d9,ORD_bda7d9,PilFea_115c,4,650.0,2600.0
3623,ORIT_ccb243,ORD_ccb243,BedLin_67d1,1,3800.0,3800.0
3624,ORIT_3a4855,ORD_3a4855,MatPoc_f6cb,1,17500.0,17500.0
3625,ORIT_fd158f,ORD_fd158f,PilFea_56ac,4,650.0,2600.0
3626,ORIT_cb6d8d,ORD_cb6d8d,MatSpr_28ce,2,6000.0,12000.0
3627,ORIT_adf6dc,ORD_adf6dc,MatSpr_acd0,1,8000.0,8000.0
3628,ORIT_731389,ORD_731389,BedPol_5144,1,600.0,600.0
3629,ORIT_e7b809,ORD_e7b809,MatFoa_8cd2,1,3500.0,3500.0
3630,ORIT_c3af0c,ORD_c3af0c,MatSpr_ba3a,1,8000.0,8000.0
3631,ORIT_b374b9,ORD_b374b9,BolPol_cfd7,1,220.0,220.0
3632,ORIT_861ae4,ORD_861ae4,MatSpr_acd0,1,8000.0,8000.0
3633,ORIT_a95eba,ORD_a95eba,BolCot_31e6,1,300.0,300.0
3634,ORIT_e5f08f,ORD_e5f08f,BedCot_2397,1,1500.0,1500.0
3635,ORIT_6e8884,ORD_6e8884,BedCot_2397,1,1500.0,1500.0
3636,ORIT_9542b0,ORD_9542b0,MatFoa_8cd2,1,3500.0,3500.0
3637,ORIT_f3c1d6,ORD_f3c1d6,MatPoc_2df5,1,17500.0,17500.0
3638,ORIT_94492b,ORD_94492b,BolPol_82d7,1,220.0,220.0
3639,ORIT_30336b,ORD_30336b,MatPoc_2df5,1,17500.0,17500.0
3640,ORIT_f354dc,ORD_f354dc,MatSpr_ccc4,1,6000.0,6000.0
3641,ORIT_bcd39e,ORD_bcd39e,BolCot_21df,1,300.0,300.0
3642,ORIT_12cc93,ORD_12cc93,BedPol_e8c9,1,400.0,400.0
3643,ORIT_51da42,ORD_51da42,BolPol_82d7,1,220.0,220.0
3644,ORIT_4eed4e,ORD_4eed4e,BolPol_82d7,1,220.0,220.0
3645,ORIT_635063,ORD_635063,MatSpr_ccc4,1,6000.0,6000.0
3646,ORIT_74a895,ORD_74a895,BedCot_6141,1,800.0,800.0
3647,ORIT_291b9d,ORD_291b9d,MatSpr_ba3a,2,8000.0,16000.0
3648,ORIT_2d4139,ORD_2d4139,MatFoa_13fa,2,7500.0,15000.0
3649,ORIT_6f8162,ORD_6f8162,BedCot_4e8b,1,1500.0,1500.0
3650,ORIT_3833ff,ORD_3833ff,MatFoa_4414,1,3500.0,3500.0
3651,ORIT_fd392d,ORD_fd392d,MatSpr_56a3,1,4000.0,4000.0
3652,ORIT_d4b07d,ORD_d4b07d,MatPoc_2df5,1,17500.0,17500.0
3653,ORIT_8197db,ORD_8197db,BolPol_82d7,1,220.0,220.0
3654,ORIT_642d10,ORD_642d10,MatSpr_ba3a,2,8000.0,16000.0
3655,ORIT_588c69,ORD_588c69,BolPol_f3ad,1,220.0,220.0
3656,ORIT_fa7c0b,ORD_fa7c0b,MatFoa_28ad,1,7500.0,7500.0
3657,ORIT_65e6be,ORD_65e6be,MatPoc_6ee7,1,13000.0,13000.0
3658,ORIT_15bc0a,ORD_15bc0a,MatPoc_6ee7,1,13000.0,13000.0
3659,ORIT_88a359,ORD_88a359,MatSpr_28ce,1,6000.0,6000.0
3660,ORIT_526db3,ORD_526db3,BolPol_f3ad,1,220.0,220.0
3661,ORIT_709eb7,ORD_709eb7,MatFoa_4414,4,3500.0,14000.0
3662,ORIT_a17006,ORD_a17006,BlaFle_9bda,1,700.0,700.0
3663,ORIT_1f821b,ORD_1f821b,BedCot_2397,1,1500.0,1500.0
3664,ORIT_746854,ORD_746854,BedCot_2449,2,800.0,1600.0
3665,ORIT_dbb143,ORD_dbb143,MatPoc_45de,1,13000.0,13000.0
3666,ORIT_bed032,ORD_bed032,MatSpr_ba3a,1,8000.0,8000.0
3667,ORIT_f20b8d,ORD_f20b8d,BedCot_17f5,1,1500.0,1500.0
3668,ORIT_dd999a,ORD_dd999a,MatSpr_28ce,2,6000.0,12000.0
3669,ORIT_acf0cd,ORD_acf0cd,MatPoc_f6cb,1,17500.0,17500.0
3670,ORIT_944f6a,ORD_944f6a,PilPol_a442,1,180.0,180.0
3671,ORIT_3a5330,ORD_3a5330,PilFea_56ac,2,650.0,1300.0
3672,ORIT_2763e7,ORD_2763e7,BolPol_f3ad,1,220.0,220.0
3673,ORIT_fa9430,ORD_fa9430,MatSpr_56a3,1,4000.0,4000.0
3674,ORIT_f299c1,ORD_f299c1,BedPol_239e,1,600.0,600.0
3675,ORIT_1f6a63,ORD_1f6a63,PilCot_b22a,3,250.0,750.0
3676,ORIT_f3f4c9,ORD_f3f4c9,BedCot_87ca,4,1200.0,4800.0
3677,ORIT_401489,ORD_401489,MatSpr_ccc4,2,6000.0,12000.0
3678,ORIT_d3bf47,ORD_d3bf47,BedCot_4e8b,4,1500.0,6000.0
3679,ORIT_41b36a,ORD_41b36a,MatSpr_acd0,1,8000.0,8000.0
3680,ORIT_5cf4ea,ORD_5cf4ea,BedPol_e8c9,3,400.0,1200.0
3681,ORIT_7d79f6,ORD_7d79f6,MatSpr_06ac,2,4000.0,8000.0
3682,ORIT_e90008,ORD_e90008,BedCot_4a29,3,800.0,2400.0
3683,ORIT_79beda,ORD_79beda,BedCot_d278,3,1200.0,3600.0
3684,ORIT_f9047d,ORD_f9047d,MatSpr_28ce,3,6000.0,18000.0
3685,ORIT_d2fff2,ORD_d2fff2,BolCot_21df,3,300.0,900.0
3686,ORIT_6fa49d,ORD_6fa49d,PilPol_662f,3,180.0,540.0
3687,ORIT_2e275a,ORD_2e275a,BolPol_cfd7,2,220.0,440.0
3688,ORIT_109a61,ORD_109a61,MatPoc_45de,2,13000.0,26000.0
3689,ORIT_1092e1,ORD_1092e1,MatFoa_e09a,2,5500.0,11000.0
3690,ORIT_ffdff7,ORD_ffdff7,BedPol_239e,4,600.0,2400.0
3691,ORIT_252a1b,ORD_252a1b,BedCot_4e8b,4,1500.0,6000.0
3692,ORIT_fe6b21,ORD_fe6b21,MatSpr_28ce,3,6000.0,18000.0
3693,ORIT_47f24f,ORD_47f24f,MatSpr_ccc4,2,6000.0,12000.0
3694,ORIT_833199,ORD_833199,BedCot_4a29,3,800.0,2400.0
3695,ORIT_123d85,ORD_123d85,BedPol_e8c9,4,400.0,1600.0
3696,ORIT_80f019,ORD_80f019,MatSpr_acd0,2,8000.0,16000.0
3697,ORIT_1f4aaf,ORD_1f4aaf,BedPol_f406,3,500.0,1500.0
3698,ORIT_cf147c,ORD_cf147c,MatFoa_4414,4,3500.0,14000.0
3699,ORIT_a350a2,ORD_a350a2,MatPoc_2df5,2,17500.0,35000.0
3700,ORIT_f113b6,ORD_f113b6,PilCot_3481,3,250.0,750.0
3701,ORIT_bd04ce,ORD_bd04ce,BolPol_f3ad,3,220.0,660.0
3702,ORIT_1e0e39,ORD_1e0e39,PilFea_8a5d,4,650.0,2600.0
3703,ORIT_c55b2a,ORD_c55b2a,BolPol_cfd7,3,220.0,660.0
3704,ORIT_08fed0,ORD_08fed0,BolPol_cfd7,3,220.0,660.0
3705,ORIT_67f1ae,ORD_67f1ae,BedCot_17f5,1,1500.0,1500.0
3706,ORIT_9549fe,ORD_9549fe,MatSpr_28ce,2,6000.0,12000.0
3707,ORIT_b86a79,ORD_b86a79,MatFoa_8cd2,3,3500.0,10500.0
3708,ORIT_712951,ORD_712951,MatSpr_ba3a,1,8000.0,8000.0
3709,ORIT_1ef124,ORD_1ef124,MatSpr_acd0,2,8000.0,16000.0
3710,ORIT_5db9c8,ORD_5db9c8,MatSpr_28ce,4,6000.0,24000.0
3711,ORIT_617ff5,ORD_617ff5,BedCot_d278,2,1200.0,2400.0
3712,ORIT_d1818b,ORD_d1818b,BedCot_2449,2,800.0,1600.0
3713,ORIT_de9524,ORD_de9524,MatPoc_2df5,3,17500.0,52500.0
3714,ORIT_db4b2e,ORD_db4b2e,PilPol_662f,4,180.0,720.0
3715,ORIT_b27c9a,ORD_b27c9a,BedCot_4e8b,3,1500.0,4500.0
3716,ORIT_1963d9,ORD_1963d9,PilFea_8a5d,2,650.0,1300.0
3717,ORIT_9a7e8b,ORD_9a7e8b,MatPoc_1e64,4,8500.0,34000.0
3718,ORIT_b527d3,ORD_b527d3,BolPol_cfd7,2,220.0,440.0
3719,ORIT_d80f3b,ORD_d80f3b,BlaFle_7daf,3,600.0,1800.0
3720,ORIT_2f4b78,ORD_2f4b78,MatSpr_06ac,2,4000.0,8000.0
3721,ORIT_f473df,ORD_f473df,BolCot_21df,4,300.0,1200.0
3722,ORIT_987992,ORD_987992,BedPol_5144,4,600.0,2400.0
3723,ORIT_82b0d4,ORD_82b0d4,MatPoc_2df5,3,17500.0,52500.0
3724,ORIT_6f062e,ORD_6f062e,BedPol_2724,4,400.0,1600.0
3725,ORIT_d94eac,ORD_d94eac,PilPol_3076,1,180.0,180.0
3726,ORIT_bc519e,ORD_bc519e,BedCot_2449,1,800.0,800.0
3727,ORIT_8ca0eb,ORD_8ca0eb,MatSpr_28ce,4,6000.0,24000.0
3728,ORIT_c4bc1c,ORD_c4bc1c,MatSpr_28ce,2,6000.0,12000.0
3729,ORIT_5b3cad,ORD_5b3cad,BolCot_3050,1,300.0,300.0
3730,ORIT_f3f48d,ORD_f3f48d,MatPoc_1e64,3,8500.0,25500.0
3731,ORIT_933f24,ORD_933f24,BolPol_f3ad,1,220.0,220.0
3732,ORIT_06a187,ORD_06a187,BedCot_17f5,1,1500.0,1500.0
3733,ORIT_62ad31,ORD_62ad31,BedCot_4e8b,1,1500.0,1500.0
3734,ORIT_d51e3a,ORD_d51e3a,MatSpr_acd0,1,8000.0,8000.0
3735,ORIT_4909c2,ORD_4909c2,PilPol_a442,1,180.0,180.0
3736,ORIT_0af0a2,ORD_0af0a2,MatSpr_ccc4,3,6000.0,18000.0
3737,ORIT_c91252,ORD_c91252,BedCot_4a29,1,800.0,800.0
3738,ORIT_46013a,ORD_46013a,BlaCot_6c4b,2,2200.0,4400.0
3739,ORIT_7c250f,ORD_7c250f,MatSpr_ba3a,4,8000.0,32000.0
3740,ORIT_b84e65,ORD_b84e65,BlaFle_5881,3,700.0,2100.0
3741,ORIT_9ed075,ORD_9ed075,BedPol_2724,3,400.0,1200.0
3742,ORIT_d7c61e,ORD_d7c61e,MatSpr_ccc4,4,6000.0,24000.0
3743,ORIT_c976b7,ORD_c976b7,BedCot_2449,2,800.0,1600.0
3744,ORIT_078fa0,ORD_078fa0,BolPol_f3ad,4,220.0,880.0
3745,ORIT_44dea2,ORD_44dea2,MatPoc_45de,3,13000.0,39000.0
3746,ORIT_9fe4e8,ORD_9fe4e8,BedPol_d3de,4,500.0,2000.0
3747,ORIT_6a1b47,ORD_6a1b47,MatPoc_1e64,2,8500.0,17000.0
3748,ORIT_c95853,ORD_c95853,BedCot_17f5,2,1500.0,3000.0
3749,ORIT_5d24e9,ORD_5d24e9,BedCot_2449,3,800.0,2400.0
3750,ORIT_66cba0,ORD_66cba0,MatFoa_4414,2,3500.0,7000.0
3751,ORIT_8ea1a2,ORD_8ea1a2,PilPol_662f,3,180.0,540.0
3752,ORIT_6bb515,ORD_6bb515,BolPol_f3ad,4,220.0,880.0
3753,ORIT_c5b508,ORD_c5b508,BedCot_4a29,3,800.0,2400.0
3754,ORIT_84f657,ORD_84f657,BlaFle_7daf,4,600.0,2400.0
3755,ORIT_ae04e6,ORD_ae04e6,PilPol_3076,1,180.0,180.0
3756,ORIT_87e2ae,ORD_87e2ae,PilPol_662f,2,180.0,360.0
3757,ORIT_dfd82d,ORD_dfd82d,MatFoa_28ad,1,7500.0,7500.0
3758,ORIT_bb31b4,ORD_bb31b4,BedPol_5144,3,600.0,1800.0
3759,ORIT_81ba90,ORD_81ba90,MatSpr_ccc4,1,6000.0,6000.0
3760,ORIT_38679e,ORD_38679e,BlaFle_5881,1,700.0,700.0
3761,ORIT_51208b,ORD_51208b,BedCot_4e8b,1,1500.0,1500.0
3762,ORIT_15bd38,ORD_15bd38,MatPoc_2df5,2,17500.0,35000.0
3763,ORIT_29f526,ORD_29f526,BedPol_d3de,1,500.0,500.0
3764,ORIT_399a31,ORD_399a31,BolPol_f3ad,2,220.0,440.0
3765,ORIT_062677,ORD_062677,BedCot_d278,4,1200.0,4800.0
3766,ORIT_d46c01,ORD_d46c01,BedPol_5144,3,600.0,1800.0
3767,ORIT_6ddf03,ORD_6ddf03,MatFoa_e09a,1,5500.0,5500.0
3768,ORIT_f318f3,ORD_f318f3,MatFoa_13fa,1,7500.0,7500.0
3769,ORIT_32beb1,ORD_32beb1,MatSpr_06ac,1,4000.0,4000.0
3770,ORIT_e1905b,ORD_e1905b,BedCot_4e8b,1,1500.0,1500.0
3771,ORIT_a76d48,ORD_a76d48,BedPol_f406,1,500.0,500.0
3772,ORIT_906746,ORD_906746,MatPoc_2df5,1,17500.0,17500.0
3773,ORIT_9465d5,ORD_9465d5,MatPoc_45de,1,13000.0,13000.0
3774,ORIT_6cf1e2,ORD_6cf1e2,PilFea_56ac,1,650.0,650.0
3775,ORIT_8b7fc9,ORD_8b7fc9,BedCot_2397,2,1500.0,3000.0
3776,ORIT_7e77a6,ORD_7e77a6,BedPol_3807,1,500.0,500.0
3777,ORIT_182984,ORD_182984,MatPoc_f6cb,3,17500.0,52500.0
3778,ORIT_9442f4,ORD_9442f4,BlaFle_9bda,3,700.0,2100.0
3779,ORIT_efbda6,ORD_efbda6,BolPol_82d7,3,220.0,660.0
3780,ORIT_73a9ba,ORD_73a9ba,MatFoa_4414,3,3500.0,10500.0
3781,ORIT_81e7d8,ORD_81e7d8,MatSpr_28ce,4,6000.0,24000.0
3782,ORIT_09f1de,ORD_09f1de,MatSpr_acd0,2,8000.0,16000.0
3783,ORIT_cb8f8f,ORD_cb8f8f,MatPoc_2df5,2,17500.0,35000.0
3784,ORIT_ba42a2,ORD_ba42a2,MatSpr_ba3a,3,8000.0,24000.0
3785,ORIT_964ef2,ORD_964ef2,MatSpr_28ce,1,6000.0,6000.0
3786,ORIT_0e2516,ORD_0e2516,BedCot_4a29,1,800.0,800.0
3787,ORIT_3c9ac8,ORD_3c9ac8,MatPoc_f6cb,2,17500.0,35000.0
3788,ORIT_152bdb,ORD_152bdb,MatFoa_182e,1,5500.0,5500.0
3789,ORIT_4d580d,ORD_4d580d,BedLin_5d3d,1,4200.0,4200.0
3790,ORIT_223e85,ORD_223e85,PilPol_662f,1,180.0,180.0
3791,ORIT_5aaca8,ORD_5aaca8,BolCot_21df,4,300.0,1200.0
3792,ORIT_094568,ORD_094568,MatSpr_ccc4,1,6000.0,6000.0
3793,ORIT_72b91c,ORD_72b91c,BedCot_4e8b,3,1500.0,4500.0
3794,ORIT_2147f2,ORD_2147f2,BedCot_17f5,1,1500.0,1500.0
3795,ORIT_988e1d,ORD_988e1d,MatSpr_28ce,1,6000.0,6000.0
3796,ORIT_fb3d93,ORD_fb3d93,MatSpr_ccc4,1,6000.0,6000.0
3797,ORIT_86e772,ORD_86e772,MatSpr_28ce,3,6000.0,18000.0
3798,ORIT_a966d5,ORD_a966d5,BedCot_2397,1,1500.0,1500.0
3799,ORIT_1589e8,ORD_1589e8,BedCot_4a29,1,800.0,800.0
3800,ORIT_45059b,ORD_45059b,MatSpr_56a3,1,4000.0,4000.0
3801,ORIT_eb72fd,ORD_eb72fd,MatPoc_f6cb,1,17500.0,17500.0
3802,ORIT_388084,ORD_388084,MatPoc_1e64,2,8500.0,17000.0
3803,ORIT_85beaf,ORD_85beaf,BedCot_17f5,4,1500.0,6000.0
3804,ORIT_91423e,ORD_91423e,PilPol_3076,1,180.0,180.0
3805,ORIT_f74d1c,ORD_f74d1c,PilPol_662f,1,180.0,180.0
3806,ORIT_8c691d,ORD_8c691d,BedPol_5144,1,600.0,600.0
3807,ORIT_02c6c8,ORD_02c6c8,PilPol_662f,1,180.0,180.0
3808,ORIT_3d7c88,ORD_3d7c88,PilPol_662f,1,180.0,180.0
3809,ORIT_0cf1d2,ORD_0cf1d2,BedPol_239e,1,600.0,600.0
3810,ORIT_339fcf,ORD_339fcf,PilFea_56ac,2,650.0,1300.0
3811,ORIT_de9556,ORD_de9556,PilFea_8a5d,2,650.0,1300.0
3812,ORIT_2710db,ORD_2710db,MatSpr_ba3a,4,8000.0,32000.0
3813,ORIT_dde7e7,ORD_dde7e7,BedCot_17f5,1,1500.0,1500.0
3814,ORIT_283bc3,ORD_283bc3,MatPoc_45de,1,13000.0,13000.0
3815,ORIT_a5c7f1,ORD_a5c7f1,MatFoa_8cd2,2,3500.0,7000.0
3816,ORIT_bef637,ORD_bef637,MatPoc_45de,1,13000.0,13000.0
3817,ORIT_99ec54,ORD_99ec54,PilFea_56ac,1,650.0,650.0
3818,ORIT_7b6976,ORD_7b6976,BedCot_d278,2,1200.0,2400.0
3819,ORIT_fcebed,ORD_fcebed,BolPol_cfd7,1,220.0,220.0
3820,ORIT_ffd9f3,ORD_ffd9f3,PilPol_3076,1,180.0,180.0
3821,ORIT_419b97,ORD_419b97,MatSpr_acd0,1,8000.0,8000.0
3822,ORIT_026e18,ORD_026e18,BedCot_2449,1,800.0,800.0
3823,ORIT_0f2a83,ORD_0f2a83,MatPoc_45de,1,13000.0,13000.0
3824,ORIT_38edca,ORD_38edca,BedCot_4a29,1,800.0,800.0
3825,ORIT_e41f18,ORD_e41f18,BolPol_cfd7,1,220.0,220.0
3826,ORIT_36b32c,ORD_36b32c,MatSpr_ba3a,1,8000.0,8000.0
3827,ORIT_f3b579,ORD_f3b579,MatSpr_ba3a,3,8000.0,24000.0
3828,ORIT_d90242,ORD_d90242,BedCot_6141,4,800.0,3200.0
3829,ORIT_9982cd,ORD_9982cd,BedCot_2397,2,1500.0,3000.0
3830,ORIT_d21099,ORD_d21099,PilPol_3076,4,180.0,720.0
3831,ORIT_ffd859,ORD_ffd859,BedPol_239e,3,600.0,1800.0
3832,ORIT_b94733,ORD_b94733,BedPol_2724,3,400.0,1200.0
3833,ORIT_5b7efe,ORD_5b7efe,MatSpr_56a3,3,4000.0,12000.0
3834,ORIT_31141d,ORD_31141d,BedCot_4e8b,4,1500.0,6000.0
3835,ORIT_029b53,ORD_029b53,MatFoa_4414,1,3500.0,3500.0
3836,ORIT_11834a,ORD_11834a,MatSpr_ccc4,1,6000.0,6000.0
3837,ORIT_aafae3,ORD_aafae3,MatFoa_28ad,1,7500.0,7500.0
3838,ORIT_b886b3,ORD_b886b3,PilPol_a442,1,180.0,180.0
3839,ORIT_13c953,ORD_13c953,BolPol_82d7,1,220.0,220.0
3840,ORIT_e2ce04,ORD_e2ce04,MatPoc_2df5,1,17500.0,17500.0
3841,ORIT_aa3abd,ORD_aa3abd,BolPol_82d7,1,220.0,220.0
3842,ORIT_b284b2,ORD_b284b2,MatFoa_28ad,2,7500.0,15000.0
3843,ORIT_af5cbc,ORD_af5cbc,BolPol_f3ad,1,220.0,220.0
3844,ORIT_8764c5,ORD_8764c5,MatPoc_f6cb,1,17500.0,17500.0
3845,ORIT_2883e4,ORD_2883e4,BedLin_18f8,1,2000.0,2000.0
3846,ORIT_99ff8a,ORD_99ff8a,MatSpr_ccc4,1,6000.0,6000.0
3847,ORIT_e9dbc9,ORD_e9dbc9,BolPol_cfd7,1,220.0,220.0
3848,ORIT_5695b2,ORD_5695b2,MatPoc_6ee7,1,13000.0,13000.0
3849,ORIT_d1b32b,ORD_d1b32b,BedPol_5ab8,1,600.0,600.0
3850,ORIT_5e6fed,ORD_5e6fed,MatSpr_acd0,1,8000.0,8000.0
3851,ORIT_49b29c,ORD_49b29c,MatPoc_45de,2,13000.0,26000.0
3852,ORIT_a030b1,ORD_a030b1,BedPol_e207,1,400.0,400.0
3853,ORIT_37a01b,ORD_37a01b,MatSpr_ccc4,1,6000.0,6000.0
3854,ORIT_017a58,ORD_017a58,MatPoc_6ee7,1,13000.0,13000.0
3855,ORIT_26dfde,ORD_26dfde,BedCot_17f5,1,1500.0,1500.0
3856,ORIT_01b0dc,ORD_01b0dc,MatFoa_13fa,1,7500.0,7500.0
3857,ORIT_d48116,ORD_d48116,BedCot_87ca,1,1200.0,1200.0
3858,ORIT_a0321e,ORD_a0321e,MatPoc_f6cb,1,17500.0,17500.0
3859,ORIT_ea501c,ORD_ea501c,BolPol_cfd7,1,220.0,220.0
3860,ORIT_d567d9,ORD_d567d9,BlaCot_6c4b,1,2200.0,2200.0
3861,ORIT_219313,ORD_219313,MatSpr_28ce,1,6000.0,6000.0
3862,ORIT_99304d,ORD_99304d,MatFoa_28ad,3,7500.0,22500.0
3863,ORIT_dd4d60,ORD_dd4d60,PilPol_662f,2,180.0,360.0
3864,ORIT_03c42a,ORD_03c42a,MatSpr_28ce,1,6000.0,6000.0
3865,ORIT_192a86,ORD_192a86,BedCot_2397,2,1500.0,3000.0
3866,ORIT_35d73f,ORD_35d73f,MatPoc_45de,1,13000.0,13000.0
3867,ORIT_daa98b,ORD_daa98b,MatSpr_ba3a,1,8000.0,8000.0
3868,ORIT_d18546,ORD_d18546,MatFoa_e09a,4,5500.0,22000.0
3869,ORIT_377c81,ORD_377c81,MatFoa_4414,1,3500.0,3500.0
3870,ORIT_085be5,ORD_085be5,BedCot_4e8b,1,1500.0,1500.0
3871,ORIT_8f4d28,ORD_8f4d28,MatPoc_2df5,4,17500.0,70000.0
3872,ORIT_81596d,ORD_81596d,BedPol_f406,1,500.0,500.0
3873,ORIT_73db1b,ORD_73db1b,MatPoc_2df5,1,17500.0,17500.0
3874,ORIT_aef276,ORD_aef276,PilFea_115c,1,650.0,650.0
3875,ORIT_882705,ORD_882705,MatPoc_45de,1,13000.0,13000.0
3876,ORIT_9fc43c,ORD_9fc43c,MatSpr_ba3a,2,8000.0,16000.0
3877,ORIT_904def,ORD_904def,BedCot_2449,3,800.0,2400.0
3878,ORIT_f35538,ORD_f35538,BedCot_17f5,1,1500.0,1500.0
3879,ORIT_12e436,ORD_12e436,MatSpr_28ce,1,6000.0,6000.0
3880,ORIT_f65f18,ORD_f65f18,MatSpr_06ac,1,4000.0,4000.0
3881,ORIT_62ee00,ORD_62ee00,MatSpr_acd0,1,8000.0,8000.0
3882,ORIT_b7635a,ORD_b7635a,BlaFla_769a,1,600.0,600.0
3883,ORIT_9291bc,ORD_9291bc,BedCot_17f5,1,1500.0,1500.0
3884,ORIT_b55896,ORD_b55896,BedPol_3807,1,500.0,500.0
3885,ORIT_538cb1,ORD_538cb1,MatPoc_1e64,2,8500.0,17000.0
3886,ORIT_431f73,ORD_431f73,MatPoc_f6cb,3,17500.0,52500.0
3887,ORIT_e76ab3,ORD_e76ab3,BedPol_e8c9,4,400.0,1600.0
3888,ORIT_839a46,ORD_839a46,MatFoa_4414,2,3500.0,7000.0
3889,ORIT_1d95b0,ORD_1d95b0,MatFoa_28ad,3,7500.0,22500.0
3890,ORIT_2a59ef,ORD_2a59ef,MatSpr_56a3,3,4000.0,12000.0
3891,ORIT_78d934,ORD_78d934,MatSpr_28ce,4,6000.0,24000.0
3892,ORIT_573752,ORD_573752,BedCot_6141,2,800.0,1600.0
3893,ORIT_63cfe7,ORD_63cfe7,BolPol_f3ad,4,220.0,880.0
3894,ORIT_5bb496,ORD_5bb496,MatPoc_f6cb,3,17500.0,52500.0
3895,ORIT_7b9e13,ORD_7b9e13,MatSpr_ccc4,4,6000.0,24000.0
3896,ORIT_ab24bc,ORD_ab24bc,MatSpr_ba3a,3,8000.0,24000.0
3897,ORIT_fa4d71,ORD_fa4d71,MatSpr_ba3a,1,8000.0,8000.0
3898,ORIT_51aa68,ORD_51aa68,MatPoc_6ee7,3,13000.0,39000.0
3899,ORIT_a231bd,ORD_a231bd,MatSpr_ccc4,4,6000.0,24000.0
3900,ORIT_a45b54,ORD_a45b54,MatSpr_acd0,1,8000.0,8000.0
3901,ORIT_b4225e,ORD_b4225e,BedPol_5ab8,1,600.0,600.0
3902,ORIT_ab7309,ORD_ab7309,MatSpr_acd0,1,8000.0,8000.0
3903,ORIT_04cc59,ORD_04cc59,MatPoc_2df5,1,17500.0,17500.0
3904,ORIT_f8cb8a,ORD_f8cb8a,PilPol_3076,1,180.0,180.0
3905,ORIT_87bc80,ORD_87bc80,MatSpr_ba3a,1,8000.0,8000.0
3906,ORIT_c24db2,ORD_c24db2,MatSpr_ba3a,1,8000.0,8000.0
3907,ORIT_18f7ef,ORD_18f7ef,MatPoc_2df5,4,17500.0,70000.0
3908,ORIT_639ae9,ORD_639ae9,BedCot_87ca,3,1200.0,3600.0
3909,ORIT_f7451e,ORD_f7451e,BedPol_5144,1,600.0,600.0
3910,ORIT_8af727,ORD_8af727,BedCot_87ca,1,1200.0,1200.0
3911,ORIT_b87c27,ORD_b87c27,BedCot_2449,1,800.0,800.0
3912,ORIT_883d87,ORD_883d87,BolPol_f3ad,1,220.0,220.0
3913,ORIT_d8d3cf,ORD_d8d3cf,PilFea_115c,2,650.0,1300.0
3914,ORIT_394231,ORD_394231,MatSpr_ba3a,1,8000.0,8000.0
3915,ORIT_3af000,ORD_3af000,BolPol_82d7,3,220.0,660.0
3916,ORIT_67439d,ORD_67439d,MatFoa_e09a,1,5500.0,5500.0
3917,ORIT_6d1d93,ORD_6d1d93,PilPol_3076,1,180.0,180.0
3918,ORIT_ce2a1f,ORD_ce2a1f,MatPoc_f6cb,3,17500.0,52500.0
3919,ORIT_bdac93,ORD_bdac93,MatSpr_ba3a,4,8000.0,32000.0
3920,ORIT_fac19f,ORD_fac19f,BedCot_6141,4,800.0,3200.0
3921,ORIT_a0ede9,ORD_a0ede9,MatSpr_28ce,4,6000.0,24000.0
3922,ORIT_10e87d,ORD_10e87d,MatSpr_28ce,1,6000.0,6000.0
3923,ORIT_d17ab6,ORD_d17ab6,PilPol_662f,3,180.0,540.0
3924,ORIT_df108d,ORD_df108d,PilPol_a442,3,180.0,540.0
3925,ORIT_e1651a,ORD_e1651a,BedPol_5ab8,3,600.0,1800.0
3926,ORIT_8fdb3e,ORD_8fdb3e,BedCot_2397,3,1500.0,4500.0
3927,ORIT_0c81fa,ORD_0c81fa,PilPol_662f,4,180.0,720.0
3928,ORIT_24e12b,ORD_24e12b,BedCot_2449,2,800.0,1600.0
3929,ORIT_e1fcb4,ORD_e1fcb4,BolPol_82d7,3,220.0,660.0
3930,ORIT_d5618c,ORD_d5618c,BlaFle_7daf,3,600.0,1800.0
3931,ORIT_b3dec9,ORD_b3dec9,MatSpr_28ce,1,6000.0,6000.0
3932,ORIT_e658f2,ORD_e658f2,BolPol_f3ad,3,220.0,660.0
3933,ORIT_24f5f6,ORD_24f5f6,MatPoc_45de,3,13000.0,39000.0
3934,ORIT_de74b0,ORD_de74b0,MatSpr_28ce,1,6000.0,6000.0
3935,ORIT_75c2d3,ORD_75c2d3,MatPoc_6ee7,1,13000.0,13000.0
3936,ORIT_161b94,ORD_161b94,MatSpr_56a3,2,4000.0,8000.0
3937,ORIT_18a235,ORD_18a235,BedCot_4e8b,2,1500.0,3000.0
3938,ORIT_baba92,ORD_baba92,MatPoc_2df5,4,17500.0,70000.0
3939,ORIT_6d664b,ORD_6d664b,BedCot_2449,4,800.0,3200.0
3940,ORIT_da3000,ORD_da3000,MatSpr_ccc4,3,6000.0,18000.0
3941,ORIT_6e96dd,ORD_6e96dd,BedPol_239e,4,600.0,2400.0
3942,ORIT_f8e1c4,ORD_f8e1c4,BlaFla_f995,1,1000.0,1000.0
3943,ORIT_fed7e3,ORD_fed7e3,BedCot_17f5,4,1500.0,6000.0
3944,ORIT_a98cad,ORD_a98cad,MatSpr_ba3a,4,8000.0,32000.0
3945,ORIT_e8b70e,ORD_e8b70e,PilFea_8a5d,3,650.0,1950.0
3946,ORIT_9519b7,ORD_9519b7,PilFea_56ac,1,650.0,650.0
3947,ORIT_76b3f3,ORD_76b3f3,MatPoc_1e64,2,8500.0,17000.0
3948,ORIT_87a8eb,ORD_87a8eb,MatSpr_ba3a,4,8000.0,32000.0
3949,ORIT_a90ade,ORD_a90ade,BedCot_d278,2,1200.0,2400.0
3950,ORIT_5a36a0,ORD_5a36a0,BedCot_17f5,1,1500.0,1500.0
3951,ORIT_ebe272,ORD_ebe272,BedPol_5ab8,1,600.0,600.0
3952,ORIT_2b569b,ORD_2b569b,MatPoc_2df5,4,17500.0,70000.0
3953,ORIT_ec4116,ORD_ec4116,BlaFla_1d9c,1,1000.0,1000.0
3954,ORIT_2de494,ORD_2de494,PilFea_56ac,1,650.0,650.0
3955,ORIT_c16360,ORD_c16360,MatSpr_acd0,1,8000.0,8000.0
3956,ORIT_cc194a,ORD_cc194a,MatPoc_2df5,2,17500.0,35000.0
3957,ORIT_0493ef,ORD_0493ef,BedPol_5ab8,1,600.0,600.0
3958,ORIT_812bc0,ORD_812bc0,BolPol_cfd7,1,220.0,220.0
3959,ORIT_e579c1,ORD_e579c1,BedPol_5ab8,1,600.0,600.0
3960,ORIT_dcf612,ORD_dcf612,MatPoc_2df5,2,17500.0,35000.0
3961,ORIT_73e136,ORD_73e136,MatPoc_2df5,1,17500.0,17500.0
3962,ORIT_a9e253,ORD_a9e253,BolPol_82d7,1,220.0,220.0
3963,ORIT_623bc3,ORD_623bc3,MatSpr_ba3a,1,8000.0,8000.0
3964,ORIT_1a26fa,ORD_1a26fa,BedCot_2397,1,1500.0,1500.0
3965,ORIT_667011,ORD_667011,BedCot_87ca,1,1200.0,1200.0
3966,ORIT_cf07b8,ORD_cf07b8,BedCot_4e8b,1,1500.0,1500.0
3967,ORIT_2dad51,ORD_2dad51,BedCot_d278,1,1200.0,1200.0
3968,ORIT_5a6ce6,ORD_5a6ce6,BedLin_f732,2,4200.0,8400.0
3969,ORIT_32aee4,ORD_32aee4,MatPoc_2df5,4,17500.0,70000.0
3970,ORIT_1266cd,ORD_1266cd,PilFea_115c,1,650.0,650.0
3971,ORIT_959e6e,ORD_959e6e,BolPol_f3ad,2,220.0,440.0
3972,ORIT_c1ece1,ORD_c1ece1,MatPoc_27a0,1,8500.0,8500.0
3973,ORIT_4e61ac,ORD_4e61ac,MatPoc_6ee7,1,13000.0,13000.0
3974,ORIT_2acfdf,ORD_2acfdf,MatFoa_e09a,1,5500.0,5500.0
3975,ORIT_82230b,ORD_82230b,BedCot_2449,1,800.0,800.0
3976,ORIT_0a4213,ORD_0a4213,BolPol_cfd7,1,220.0,220.0
3977,ORIT_dac90f,ORD_dac90f,MatSpr_ba3a,1,8000.0,8000.0
3978,ORIT_e09ee3,ORD_e09ee3,BedCot_2397,1,1500.0,1500.0
3979,ORIT_9e814f,ORD_9e814f,BedLin_b097,1,3800.0,3800.0
3980,ORIT_2b3b34,ORD_2b3b34,BolPol_cfd7,2,220.0,440.0
3981,ORIT_c98dd3,ORD_c98dd3,MatSpr_28ce,1,6000.0,6000.0
3982,ORIT_911992,ORD_911992,BedCot_2449,1,800.0,800.0
3983,ORIT_1d51d0,ORD_1d51d0,PilPol_662f,4,180.0,720.0
3984,ORIT_02e59d,ORD_02e59d,MatSpr_ccc4,1,6000.0,6000.0
3985,ORIT_a24b67,ORD_a24b67,BedLin_5d3d,2,4200.0,8400.0
3986,ORIT_1f7a75,ORD_1f7a75,MatPoc_27a0,1,8500.0,8500.0
3987,ORIT_b2b828,ORD_b2b828,MatSpr_ccc4,1,6000.0,6000.0
3988,ORIT_a6ad87,ORD_a6ad87,MatSpr_28ce,2,6000.0,12000.0
3989,ORIT_960505,ORD_960505,MatPoc_6ee7,2,13000.0,26000.0
3990,ORIT_bac8ea,ORD_bac8ea,MatPoc_2df5,1,17500.0,17500.0
3991,ORIT_99c712,ORD_99c712,BolPol_82d7,1,220.0,220.0
3992,ORIT_2c69f3,ORD_2c69f3,MatSpr_acd0,1,8000.0,8000.0
3993,ORIT_f42c6e,ORD_f42c6e,MatPoc_2df5,2,17500.0,35000.0
3994,ORIT_7db1eb,ORD_7db1eb,BedPol_e8c9,1,400.0,400.0
3995,ORIT_83f4b0,ORD_83f4b0,BedCot_87ca,1,1200.0,1200.0
3996,ORIT_29b723,ORD_29b723,BedCot_4e8b,2,1500.0,3000.0
3997,ORIT_3f5573,ORD_3f5573,MatPoc_6ee7,1,13000.0,13000.0
3998,ORIT_2a0eea,ORD_2a0eea,PilPol_3076,1,180.0,180.0
3999,ORIT_6bf104,ORD_6bf104,PilPol_662f,2,180.0,360.0
4000,ORIT_e539c2,ORD_e539c2,MatSpr_acd0,2,8000.0,16000.0
4001,ORIT_3c97ac,ORD_3c97ac,MatSpr_06ac,1,4000.0,4000.0
4002,ORIT_61b8af,ORD_61b8af,BolPol_82d7,1,220.0,220.0
4003,ORIT_0c688c,ORD_0c688c,BedCot_17f5,1,1500.0,1500.0
4004,ORIT_65557f,ORD_65557f,MatPoc_45de,1,13000.0,13000.0
4005,ORIT_769b67,ORD_769b67,PilFea_115c,1,650.0,650.0
4006,ORIT_fb2b51,ORD_fb2b51,MatSpr_ba3a,1,8000.0,8000.0
4007,ORIT_b7cc93,ORD_b7cc93,BolPol_f3ad,1,220.0,220.0
4008,ORIT_49f1d7,ORD_49f1d7,BolPol_82d7,1,220.0,220.0
4009,ORIT_60be95,ORD_60be95,MatSpr_06ac,1,4000.0,4000.0
4010,ORIT_e7c7a0,ORD_e7c7a0,BedPol_d3de,1,500.0,500.0
4011,ORIT_4034e2,ORD_4034e2,MatPoc_f6cb,2,17500.0,35000.0
4012,ORIT_a91db8,ORD_a91db8,MatPoc_2df5,3,17500.0,52500.0
4013,ORIT_f09886,ORD_f09886,MatSpr_28ce,1,6000.0,6000.0
4014,ORIT_69f2a0,ORD_69f2a0,MatSpr_acd0,1,8000.0,8000.0
4015,ORIT_98ba67,ORD_98ba67,BolPol_cfd7,2,220.0,440.0
4016,ORIT_de3505,ORD_de3505,MatPoc_27a0,2,8500.0,17000.0
4017,ORIT_64ec57,ORD_64ec57,MatSpr_acd0,3,8000.0,24000.0
4018,ORIT_ecda32,ORD_ecda32,BolCot_31e6,2,300.0,600.0
4019,ORIT_eadea6,ORD_eadea6,MatPoc_f6cb,2,17500.0,35000.0
4020,ORIT_37b30c,ORD_37b30c,BedPol_5ab8,1,600.0,600.0
4021,ORIT_5e0989,ORD_5e0989,MatPoc_2df5,1,17500.0,17500.0
4022,ORIT_cbd8b6,ORD_cbd8b6,MatPoc_2df5,2,17500.0,35000.0
4023,ORIT_4d7405,ORD_4d7405,MatSpr_56a3,2,4000.0,8000.0
4024,ORIT_805433,ORD_805433,MatPoc_2df5,3,17500.0,52500.0
4025,ORIT_7300b7,ORD_7300b7,PilPol_3076,1,180.0,180.0
4026,ORIT_5676a6,ORD_5676a6,BedLin_8a26,2,3800.0,7600.0
4027,ORIT_623927,ORD_623927,BedCot_87ca,1,1200.0,1200.0
4028,ORIT_7e5522,ORD_7e5522,MatPoc_f6cb,1,17500.0,17500.0
4029,ORIT_e40405,ORD_e40405,PilPol_3076,1,180.0,180.0
4030,ORIT_16fafa,ORD_16fafa,MatSpr_ccc4,1,6000.0,6000.0
4031,ORIT_a66690,ORD_a66690,BedCot_87ca,1,1200.0,1200.0
4032,ORIT_c83d47,ORD_c83d47,MatSpr_28ce,2,6000.0,12000.0
4033,ORIT_ec7992,ORD_ec7992,MatFoa_e09a,2,5500.0,11000.0
4034,ORIT_a7254d,ORD_a7254d,BedCot_c645,1,1200.0,1200.0
4035,ORIT_710281,ORD_710281,MatSpr_ba3a,2,8000.0,16000.0
4036,ORIT_2674c4,ORD_2674c4,BedCot_4e8b,1,1500.0,1500.0
4037,ORIT_22688a,ORD_22688a,BedCot_6141,1,800.0,800.0
4038,ORIT_9b718d,ORD_9b718d,BedCot_d278,1,1200.0,1200.0
4039,ORIT_b82db5,ORD_b82db5,BedCot_2397,1,1500.0,1500.0
4040,ORIT_16d668,ORD_16d668,BedCot_c645,1,1200.0,1200.0
4041,ORIT_cca2a1,ORD_cca2a1,PilFea_56ac,4,650.0,2600.0
4042,ORIT_bd487f,ORD_bd487f,MatSpr_ccc4,4,6000.0,24000.0
4043,ORIT_77bebd,ORD_77bebd,MatPoc_2df5,4,17500.0,70000.0
4044,ORIT_048163,ORD_048163,BedCot_2449,2,800.0,1600.0
4045,ORIT_820ba7,ORD_820ba7,MatFoa_4414,3,3500.0,10500.0
4046,ORIT_23f254,ORD_23f254,MatFoa_182e,3,5500.0,16500.0
4047,ORIT_0c78ad,ORD_0c78ad,MatPoc_6ee7,2,13000.0,26000.0
4048,ORIT_a4143d,ORD_a4143d,BedPol_f406,4,500.0,2000.0
4049,ORIT_238921,ORD_238921,MatSpr_06ac,3,4000.0,12000.0
4050,ORIT_c7000d,ORD_c7000d,BolPol_cfd7,3,220.0,660.0
4051,ORIT_97ab50,ORD_97ab50,PilPol_3076,4,180.0,720.0
4052,ORIT_fec1df,ORD_fec1df,MatSpr_06ac,3,4000.0,12000.0
4053,ORIT_949c86,ORD_949c86,BedPol_e8c9,4,400.0,1600.0
4054,ORIT_ff049b,ORD_ff049b,MatSpr_28ce,1,6000.0,6000.0
4055,ORIT_eff871,ORD_eff871,BedPol_5144,1,600.0,600.0
4056,ORIT_b8d967,ORD_b8d967,MatPoc_f6cb,4,17500.0,70000.0
4057,ORIT_5ffa33,ORD_5ffa33,PilPol_a442,3,180.0,540.0
4058,ORIT_e70761,ORD_e70761,MatSpr_ba3a,2,8000.0,16000.0
4059,ORIT_8d115c,ORD_8d115c,MatSpr_56a3,1,4000.0,4000.0
4060,ORIT_eb59e1,ORD_eb59e1,PilCot_f078,3,250.0,750.0
4061,ORIT_ccbe8e,ORD_ccbe8e,MatSpr_06ac,4,4000.0,16000.0
4062,ORIT_db931e,ORD_db931e,MatFoa_4414,2,3500.0,7000.0
4063,ORIT_f1796d,ORD_f1796d,BlaCot_572e,3,2200.0,6600.0
4064,ORIT_f73a90,ORD_f73a90,MatSpr_28ce,3,6000.0,18000.0
4065,ORIT_44e159,ORD_44e159,BolPol_82d7,1,220.0,220.0
4066,ORIT_2b01be,ORD_2b01be,MatSpr_28ce,4,6000.0,24000.0
4067,ORIT_d99d7f,ORD_d99d7f,BedPol_5144,4,600.0,2400.0
4068,ORIT_d4f0a6,ORD_d4f0a6,MatSpr_acd0,2,8000.0,16000.0
4069,ORIT_9f6f1d,ORD_9f6f1d,BedLin_67d1,3,3800.0,11400.0
4070,ORIT_a40962,ORD_a40962,BolCot_31e6,4,300.0,1200.0
4071,ORIT_163009,ORD_163009,PilPol_662f,3,180.0,540.0
4072,ORIT_a0f544,ORD_a0f544,BlaFle_0f50,3,300.0,900.0
4073,ORIT_5dd9c4,ORD_5dd9c4,PilCot_f078,3,250.0,750.0
4074,ORIT_8259c1,ORD_8259c1,BolCot_31e6,1,300.0,300.0
4075,ORIT_5dbd1c,ORD_5dbd1c,MatSpr_ba3a,4,8000.0,32000.0
4076,ORIT_9564b7,ORD_9564b7,PilFea_115c,4,650.0,2600.0
4077,ORIT_ac725f,ORD_ac725f,MatSpr_28ce,4,6000.0,24000.0
4078,ORIT_0d3a0d,ORD_0d3a0d,PilPol_3076,1,180.0,180.0
4079,ORIT_2814f3,ORD_2814f3,BolPol_cfd7,1,220.0,220.0
4080,ORIT_c0ffb3,ORD_c0ffb3,PilCot_b22a,1,250.0,250.0
4081,ORIT_9f25cd,ORD_9f25cd,MatSpr_28ce,4,6000.0,24000.0
4082,ORIT_eb7cd2,ORD_eb7cd2,PilFea_115c,3,650.0,1950.0
4083,ORIT_d1c4fe,ORD_d1c4fe,BedCot_87ca,2,1200.0,2400.0
4084,ORIT_28dd76,ORD_28dd76,PilPol_a442,2,180.0,360.0
4085,ORIT_7dc53a,ORD_7dc53a,BedCot_2397,2,1500.0,3000.0
4086,ORIT_e74749,ORD_e74749,MatPoc_27a0,4,8500.0,34000.0
4087,ORIT_cd7f95,ORD_cd7f95,BlaCot_9781,3,1200.0,3600.0
4088,ORIT_2f0d86,ORD_2f0d86,BedPol_2724,3,400.0,1200.0
4089,ORIT_e52d70,ORD_e52d70,BlaFle_c9a0,3,600.0,1800.0
4090,ORIT_f62e75,ORD_f62e75,BlaFle_394c,3,600.0,1800.0
4091,ORIT_54bb34,ORD_54bb34,MatSpr_acd0,3,8000.0,24000.0
4092,ORIT_3337f6,ORD_3337f6,BedCot_4e8b,4,1500.0,6000.0
4093,ORIT_2f87dd,ORD_2f87dd,PilPol_a442,2,180.0,360.0
4094,ORIT_e85b8c,ORD_e85b8c,BolPol_f3ad,1,220.0,220.0
4095,ORIT_299613,ORD_299613,MatPoc_45de,1,13000.0,13000.0
4096,ORIT_733388,ORD_733388,MatFoa_13fa,1,7500.0,7500.0
4097,ORIT_ebe9ee,ORD_ebe9ee,BedPol_f406,1,500.0,500.0
4098,ORIT_380bdc,ORD_380bdc,MatFoa_13fa,1,7500.0,7500.0
4099,ORIT_13710a,ORD_13710a,MatSpr_ba3a,1,8000.0,8000.0
4100,ORIT_40e5fa,ORD_40e5fa,MatPoc_2df5,1,17500.0,17500.0
4101,ORIT_0d5e88,ORD_0d5e88,BedPol_5144,1,600.0,600.0
4102,ORIT_ce1d92,ORD_ce1d92,MatSpr_acd0,1,8000.0,8000.0
4103,ORIT_496b70,ORD_496b70,BlaFle_7daf,1,600.0,600.0
4104,ORIT_220cd7,ORD_220cd7,BedCot_4e8b,1,1500.0,1500.0
4105,ORIT_2888da,ORD_2888da,MatSpr_ccc4,1,6000.0,6000.0
4106,ORIT_019378,ORD_019378,MatFoa_182e,1,5500.0,5500.0
4107,ORIT_a76942,ORD_a76942,BolPol_f3ad,1,220.0,220.0
4108,ORIT_d5e65f,ORD_d5e65f,MatFoa_e09a,1,5500.0,5500.0
4109,ORIT_56c7ea,ORD_56c7ea,BedCot_4e8b,1,1500.0,1500.0
4110,ORIT_b5ffb4,ORD_b5ffb4,BedCot_4a29,1,800.0,800.0
4111,ORIT_28aaf1,ORD_28aaf1,MatPoc_2df5,1,17500.0,17500.0
4112,ORIT_796620,ORD_796620,BolPol_82d7,1,220.0,220.0
4113,ORIT_462fb6,ORD_462fb6,BedCot_4e8b,2,1500.0,3000.0
4114,ORIT_b9e45c,ORD_b9e45c,MatPoc_f6cb,1,17500.0,17500.0
4115,ORIT_f53765,ORD_f53765,MatFoa_e09a,1,5500.0,5500.0
4116,ORIT_2433f5,ORD_2433f5,MatSpr_28ce,1,6000.0,6000.0
4117,ORIT_1b14a2,ORD_1b14a2,MatSpr_28ce,1,6000.0,6000.0
4118,ORIT_ea10df,ORD_ea10df,MatSpr_ccc4,1,6000.0,6000.0
4119,ORIT_dd63ef,ORD_dd63ef,BolPol_82d7,1,220.0,220.0
4120,ORIT_3bfff4,ORD_3bfff4,PilPol_662f,1,180.0,180.0
4121,ORIT_dd9560,ORD_dd9560,BedLin_8a26,1,3800.0,3800.0
4122,ORIT_f7d3e7,ORD_f7d3e7,MatPoc_2df5,1,17500.0,17500.0
4123,ORIT_9b87a6,ORD_9b87a6,BedCot_87ca,1,1200.0,1200.0
4124,ORIT_dac4e3,ORD_dac4e3,PilFea_115c,1,650.0,650.0
4125,ORIT_2f53d8,ORD_2f53d8,MatSpr_ba3a,3,8000.0,24000.0
4126,ORIT_de8c4a,ORD_de8c4a,MatSpr_28ce,1,6000.0,6000.0
4127,ORIT_609d01,ORD_609d01,MatFoa_e09a,1,5500.0,5500.0
4128,ORIT_829e01,ORD_829e01,MatSpr_56a3,1,4000.0,4000.0
4129,ORIT_f6cc28,ORD_f6cc28,PilFea_8a5d,1,650.0,650.0
4130,ORIT_db0a66,ORD_db0a66,MatSpr_acd0,1,8000.0,8000.0
4131,ORIT_d9a95b,ORD_d9a95b,MatSpr_06ac,4,4000.0,16000.0
4132,ORIT_ebb128,ORD_ebb128,BedCot_2397,1,1500.0,1500.0
4133,ORIT_2bf8d6,ORD_2bf8d6,BedPol_e207,1,400.0,400.0
4134,ORIT_f03ce4,ORD_f03ce4,MatPoc_2df5,1,17500.0,17500.0
4135,ORIT_c4b9f3,ORD_c4b9f3,MatFoa_4414,4,3500.0,14000.0
4136,ORIT_9e5b4d,ORD_9e5b4d,BlaFle_991d,1,300.0,300.0
4137,ORIT_025ebf,ORD_025ebf,BedCot_4a29,3,800.0,2400.0
4138,ORIT_90871a,ORD_90871a,MatSpr_ba3a,3,8000.0,24000.0
4139,ORIT_64f941,ORD_64f941,MatSpr_ba3a,1,8000.0,8000.0
4140,ORIT_39be00,ORD_39be00,BolPol_f3ad,3,220.0,660.0
4141,ORIT_f697dd,ORD_f697dd,MatPoc_2df5,3,17500.0,52500.0
4142,ORIT_5e940b,ORD_5e940b,PilCot_b22a,3,250.0,750.0
4143,ORIT_42a4e2,ORD_42a4e2,MatFoa_13fa,3,7500.0,22500.0
4144,ORIT_320a38,ORD_320a38,BolPol_cfd7,3,220.0,660.0
4145,ORIT_ac9abf,ORD_ac9abf,MatPoc_27a0,3,8500.0,25500.0
4146,ORIT_2f61d7,ORD_2f61d7,MatSpr_06ac,2,4000.0,8000.0
4147,ORIT_902f34,ORD_902f34,MatFoa_28ad,1,7500.0,7500.0
4148,ORIT_9e174e,ORD_9e174e,MatSpr_28ce,1,6000.0,6000.0
4149,ORIT_5eb2c6,ORD_5eb2c6,MatSpr_28ce,1,6000.0,6000.0
4150,ORIT_08a02d,ORD_08a02d,PilPol_662f,1,180.0,180.0
4151,ORIT_6b49b3,ORD_6b49b3,BolPol_f3ad,1,220.0,220.0
4152,ORIT_036c11,ORD_036c11,MatFoa_4414,1,3500.0,3500.0
4153,ORIT_b5d0a3,ORD_b5d0a3,BedPol_5ab8,1,600.0,600.0
4154,ORIT_fd28dd,ORD_fd28dd,BedPol_5ab8,1,600.0,600.0
4155,ORIT_5b0629,ORD_5b0629,BlaFla_ad01,2,1200.0,2400.0
4156,ORIT_5d8697,ORD_5d8697,MatSpr_ccc4,1,6000.0,6000.0
4157,ORIT_23c25c,ORD_23c25c,BedCot_4a29,1,800.0,800.0
4158,ORIT_d31374,ORD_d31374,MatPoc_f6cb,1,17500.0,17500.0
4159,ORIT_a2ae52,ORD_a2ae52,PilCot_3481,1,250.0,250.0
4160,ORIT_0ea361,ORD_0ea361,PilCot_b22a,1,250.0,250.0
4161,ORIT_a51bfb,ORD_a51bfb,PilFea_8a5d,3,650.0,1950.0
4162,ORIT_a61f54,ORD_a61f54,BolPol_cfd7,1,220.0,220.0
4163,ORIT_a49642,ORD_a49642,MatSpr_acd0,1,8000.0,8000.0
4164,ORIT_b7ff27,ORD_b7ff27,PilPol_662f,1,180.0,180.0
4165,ORIT_aba23b,ORD_aba23b,MatFoa_e09a,3,5500.0,16500.0
4166,ORIT_4262ab,ORD_4262ab,BedPol_2724,2,400.0,800.0
4167,ORIT_0ba8bc,ORD_0ba8bc,MatSpr_56a3,1,4000.0,4000.0
4168,ORIT_8849a1,ORD_8849a1,PilCot_b22a,1,250.0,250.0
4169,ORIT_44b225,ORD_44b225,PilPol_a442,4,180.0,720.0
4170,ORIT_eefdae,ORD_eefdae,MatPoc_f6cb,1,17500.0,17500.0
4171,ORIT_36bc54,ORD_36bc54,BolPol_f3ad,1,220.0,220.0
4172,ORIT_ad2877,ORD_ad2877,BedCot_2449,4,800.0,3200.0
4173,ORIT_cb48e6,ORD_cb48e6,PilFea_8a5d,1,650.0,650.0
4174,ORIT_0d5326,ORD_0d5326,PilFea_56ac,1,650.0,650.0
4175,ORIT_11ae22,ORD_11ae22,BedCot_2397,1,1500.0,1500.0
4176,ORIT_0aa8f1,ORD_0aa8f1,PilPol_3076,1,180.0,180.0
4177,ORIT_7de039,ORD_7de039,BedCot_4e8b,1,1500.0,1500.0
4178,ORIT_eea5a9,ORD_eea5a9,MatPoc_f6cb,1,17500.0,17500.0
4179,ORIT_bb1364,ORD_bb1364,MatSpr_ccc4,2,6000.0,12000.0
4180,ORIT_096819,ORD_096819,MatPoc_2df5,1,17500.0,17500.0
4181,ORIT_12f0ef,ORD_12f0ef,BolPol_82d7,2,220.0,440.0
4182,ORIT_462128,ORD_462128,MatPoc_6ee7,1,13000.0,13000.0
4183,ORIT_b1cc2a,ORD_b1cc2a,MatSpr_ba3a,3,8000.0,24000.0
4184,ORIT_5486f9,ORD_5486f9,MatSpr_56a3,1,4000.0,4000.0
4185,ORIT_fab3b8,ORD_fab3b8,MatSpr_28ce,1,6000.0,6000.0
4186,ORIT_5a8167,ORD_5a8167,BedPol_f406,1,500.0,500.0
4187,ORIT_03a0ad,ORD_03a0ad,BedPol_d3de,1,500.0,500.0
4188,ORIT_abc390,ORD_abc390,PilPol_3076,3,180.0,540.0
4189,ORIT_66035a,ORD_66035a,MatPoc_27a0,2,8500.0,17000.0
4190,ORIT_da7018,ORD_da7018,BedLin_18f8,1,2000.0,2000.0
4191,ORIT_7ee689,ORD_7ee689,MatPoc_6ee7,1,13000.0,13000.0
4192,ORIT_61a3b3,ORD_61a3b3,MatSpr_ccc4,1,6000.0,6000.0
4193,ORIT_be7752,ORD_be7752,MatSpr_06ac,1,4000.0,4000.0
4194,ORIT_79e680,ORD_79e680,MatPoc_45de,1,13000.0,13000.0
4195,ORIT_e98eb6,ORD_e98eb6,MatFoa_8cd2,1,3500.0,3500.0
4196,ORIT_8e7d67,ORD_8e7d67,BedCot_c645,1,1200.0,1200.0
4197,ORIT_e53300,ORD_e53300,MatPoc_f6cb,1,17500.0,17500.0
4198,ORIT_a2c088,ORD_a2c088,MatSpr_ba3a,1,8000.0,8000.0
4199,ORIT_39a79a,ORD_39a79a,MatSpr_ccc4,1,6000.0,6000.0
4200,ORIT_b6a9ec,ORD_b6a9ec,MatFoa_13fa,1,7500.0,7500.0
4201,ORIT_9ecd00,ORD_9ecd00,BedCot_4e8b,1,1500.0,1500.0
4202,ORIT_f37545,ORD_f37545,BedCot_2397,1,1500.0,1500.0
4203,ORIT_b1e4d8,ORD_b1e4d8,MatFoa_4414,1,3500.0,3500.0
4204,ORIT_4978aa,ORD_4978aa,BedLin_b097,1,3800.0,3800.0
4205,ORIT_b03bcc,ORD_b03bcc,BlaFla_78f1,1,1000.0,1000.0
4206,ORIT_a5d24a,ORD_a5d24a,MatPoc_45de,2,13000.0,26000.0
4207,ORIT_151648,ORD_151648,MatSpr_28ce,1,6000.0,6000.0
4208,ORIT_e1cd59,ORD_e1cd59,BedPol_239e,1,600.0,600.0
4209,ORIT_c4a237,ORD_c4a237,MatPoc_f6cb,1,17500.0,17500.0
4210,ORIT_9a1f97,ORD_9a1f97,MatPoc_6ee7,1,13000.0,13000.0
4211,ORIT_93840d,ORD_93840d,MatSpr_ccc4,1,6000.0,6000.0
4212,ORIT_60e085,ORD_60e085,MatSpr_28ce,2,6000.0,12000.0
4213,ORIT_2761fc,ORD_2761fc,BedCot_4e8b,1,1500.0,1500.0
4214,ORIT_76baf6,ORD_76baf6,MatSpr_06ac,2,4000.0,8000.0
4215,ORIT_e17cac,ORD_e17cac,PilPol_662f,1,180.0,180.0
4216,ORIT_aa3a8d,ORD_aa3a8d,MatSpr_ccc4,1,6000.0,6000.0
4217,ORIT_17901c,ORD_17901c,MatPoc_45de,1,13000.0,13000.0
4218,ORIT_61eb04,ORD_61eb04,BedCot_2449,1,800.0,800.0
4219,ORIT_dfdc91,ORD_dfdc91,PilPol_662f,1,180.0,180.0
4220,ORIT_b890f7,ORD_b890f7,MatSpr_ccc4,3,6000.0,18000.0
4221,ORIT_22f7da,ORD_22f7da,MatPoc_45de,1,13000.0,13000.0
4222,ORIT_e9f050,ORD_e9f050,MatSpr_28ce,1,6000.0,6000.0
4223,ORIT_4b5be4,ORD_4b5be4,MatFoa_e09a,1,5500.0,5500.0
4224,ORIT_82c73e,ORD_82c73e,MatFoa_28ad,1,7500.0,7500.0
4225,ORIT_225035,ORD_225035,MatPoc_f6cb,3,17500.0,52500.0
4226,ORIT_a6bf2f,ORD_a6bf2f,BedPol_239e,4,600.0,2400.0
4227,ORIT_07c587,ORD_07c587,MatPoc_2df5,1,17500.0,17500.0
4228,ORIT_f36ca4,ORD_f36ca4,PilPol_a442,2,180.0,360.0
4229,ORIT_2b9d19,ORD_2b9d19,PilFea_8a5d,1,650.0,650.0
4230,ORIT_3670ee,ORD_3670ee,BedCot_2397,4,1500.0,6000.0
4231,ORIT_cc9c62,ORD_cc9c62,BedLin_aa0f,4,4200.0,16800.0
4232,ORIT_09b992,ORD_09b992,BedCot_d278,2,1200.0,2400.0
4233,ORIT_71c4a7,ORD_71c4a7,MatSpr_acd0,1,8000.0,8000.0
4234,ORIT_ded8c9,ORD_ded8c9,BedPol_d3de,4,500.0,2000.0
4235,ORIT_4d47a3,ORD_4d47a3,MatPoc_2df5,2,17500.0,35000.0
4236,ORIT_a9a828,ORD_a9a828,BolPol_82d7,3,220.0,660.0
4237,ORIT_755aaa,ORD_755aaa,BedCot_4e8b,1,1500.0,1500.0
4238,ORIT_339631,ORD_339631,MatPoc_2df5,1,17500.0,17500.0
4239,ORIT_84d1b6,ORD_84d1b6,PilFea_115c,1,650.0,650.0
4240,ORIT_30b57e,ORD_30b57e,MatPoc_f6cb,1,17500.0,17500.0
4241,ORIT_99fbf8,ORD_99fbf8,BedPol_5ab8,1,600.0,600.0
4242,ORIT_5648cd,ORD_5648cd,MatPoc_f6cb,1,17500.0,17500.0
4243,ORIT_8ac4a8,ORD_8ac4a8,BedCot_2449,1,800.0,800.0
4244,ORIT_3297f9,ORD_3297f9,MatSpr_acd0,1,8000.0,8000.0
4245,ORIT_3d782f,ORD_3d782f,MatPoc_2df5,2,17500.0,35000.0
4246,ORIT_e9d66a,ORD_e9d66a,BedCot_2397,1,1500.0,1500.0
4247,ORIT_e1b4fb,ORD_e1b4fb,MatSpr_ba3a,2,8000.0,16000.0
4248,ORIT_f52f4a,ORD_f52f4a,MatPoc_6ee7,1,13000.0,13000.0
4249,ORIT_2e0e42,ORD_2e0e42,BolCot_31e6,1,300.0,300.0
4250,ORIT_09316f,ORD_09316f,MatFoa_e09a,1,5500.0,5500.0
4251,ORIT_8c77fe,ORD_8c77fe,PilPol_662f,1,180.0,180.0
4252,ORIT_8dcc16,ORD_8dcc16,MatPoc_f6cb,1,17500.0,17500.0
4253,ORIT_a43739,ORD_a43739,MatPoc_45de,1,13000.0,13000.0
4254,ORIT_187c8a,ORD_187c8a,BolPol_f3ad,4,220.0,880.0
4255,ORIT_baf379,ORD_baf379,MatSpr_ba3a,3,8000.0,24000.0
4256,ORIT_64b6a6,ORD_64b6a6,PilPol_a442,1,180.0,180.0
4257,ORIT_3116dc,ORD_3116dc,MatSpr_acd0,2,8000.0,16000.0
4258,ORIT_80a946,ORD_80a946,MatFoa_e09a,4,5500.0,22000.0
4259,ORIT_0ea2a7,ORD_0ea2a7,BolCot_3050,3,300.0,900.0
4260,ORIT_0a702c,ORD_0a702c,BolPol_82d7,1,220.0,220.0
4261,ORIT_1a1914,ORD_1a1914,MatFoa_e09a,2,5500.0,11000.0
4262,ORIT_e5087c,ORD_e5087c,BedPol_3807,3,500.0,1500.0
4263,ORIT_2fbfe3,ORD_2fbfe3,MatSpr_ccc4,3,6000.0,18000.0
4264,ORIT_6afe16,ORD_6afe16,MatSpr_06ac,1,4000.0,4000.0
4265,ORIT_30daa2,ORD_30daa2,MatSpr_ccc4,3,6000.0,18000.0
4266,ORIT_979e59,ORD_979e59,MatSpr_56a3,2,4000.0,8000.0
4267,ORIT_767858,ORD_767858,BedCot_4e8b,3,1500.0,4500.0
4268,ORIT_e23969,ORD_e23969,BolCot_21df,4,300.0,1200.0
4269,ORIT_b1bdce,ORD_b1bdce,MatPoc_2df5,4,17500.0,70000.0
4270,ORIT_2740d1,ORD_2740d1,MatSpr_ba3a,4,8000.0,32000.0
4271,ORIT_9a35ee,ORD_9a35ee,MatPoc_1e64,4,8500.0,34000.0
4272,ORIT_516ef5,ORD_516ef5,MatFoa_8cd2,2,3500.0,7000.0
4273,ORIT_9d04d5,ORD_9d04d5,MatPoc_6ee7,3,13000.0,39000.0
4274,ORIT_558a12,ORD_558a12,MatPoc_6ee7,3,13000.0,39000.0
4275,ORIT_039936,ORD_039936,BlaFle_394c,3,600.0,1800.0
4276,ORIT_d69c70,ORD_d69c70,MatSpr_acd0,2,8000.0,16000.0
4277,ORIT_0ed307,ORD_0ed307,MatSpr_56a3,1,4000.0,4000.0
4278,ORIT_afa02a,ORD_afa02a,BolPol_cfd7,2,220.0,440.0
4279,ORIT_9094ae,ORD_9094ae,MatSpr_acd0,1,8000.0,8000.0
4280,ORIT_9f42af,ORD_9f42af,MatPoc_2df5,1,17500.0,17500.0
4281,ORIT_36ba76,ORD_36ba76,BolPol_f3ad,2,220.0,440.0
4282,ORIT_a07b87,ORD_a07b87,BedPol_e207,2,400.0,800.0
4283,ORIT_5b2b4d,ORD_5b2b4d,BolCot_31e6,1,300.0,300.0
4284,ORIT_b63dce,ORD_b63dce,BedCot_d278,1,1200.0,1200.0
4285,ORIT_3697a7,ORD_3697a7,MatSpr_acd0,1,8000.0,8000.0
4286,ORIT_af6f20,ORD_af6f20,BedLin_2f24,2,2000.0,4000.0
4287,ORIT_77b377,ORD_77b377,PilCot_b22a,1,250.0,250.0
4288,ORIT_8c592a,ORD_8c592a,BedCot_4a29,3,800.0,2400.0
4289,ORIT_7e0dce,ORD_7e0dce,BedCot_4e8b,1,1500.0,1500.0
4290,ORIT_db7c2e,ORD_db7c2e,BolPol_82d7,1,220.0,220.0
4291,ORIT_06f36a,ORD_06f36a,BedCot_17f5,3,1500.0,4500.0
4292,ORIT_2080da,ORD_2080da,MatSpr_28ce,1,6000.0,6000.0
4293,ORIT_333fbc,ORD_333fbc,PilFea_8a5d,1,650.0,650.0
4294,ORIT_6b2f27,ORD_6b2f27,BlaFle_5881,1,700.0,700.0
4295,ORIT_2abb28,ORD_2abb28,MatPoc_2df5,1,17500.0,17500.0
4296,ORIT_9b6541,ORD_9b6541,MatSpr_28ce,3,6000.0,18000.0
4297,ORIT_93a0fb,ORD_93a0fb,MatFoa_182e,2,5500.0,11000.0
4298,ORIT_5094c1,ORD_5094c1,BedPol_e8c9,1,400.0,400.0
4299,ORIT_a8a9c1,ORD_a8a9c1,MatSpr_acd0,1,8000.0,8000.0
4300,ORIT_235076,ORD_235076,MatSpr_acd0,1,8000.0,8000.0
4301,ORIT_10e576,ORD_10e576,MatSpr_acd0,1,8000.0,8000.0
4302,ORIT_63f41e,ORD_63f41e,MatSpr_56a3,1,4000.0,4000.0
4303,ORIT_11cc6c,ORD_11cc6c,MatPoc_f6cb,1,17500.0,17500.0
4304,ORIT_d5c105,ORD_d5c105,MatPoc_1e64,1,8500.0,8500.0
4305,ORIT_2996ea,ORD_2996ea,BedCot_d278,1,1200.0,1200.0
4306,ORIT_893afc,ORD_893afc,BolPol_cfd7,1,220.0,220.0
4307,ORIT_3c800f,ORD_3c800f,PilPol_a442,1,180.0,180.0
4308,ORIT_b64997,ORD_b64997,BedLin_18f8,1,2000.0,2000.0
4309,ORIT_6d02f5,ORD_6d02f5,MatFoa_182e,2,5500.0,11000.0
4310,ORIT_ec20a6,ORD_ec20a6,BolCot_31e6,1,300.0,300.0
4311,ORIT_2561d3,ORD_2561d3,MatSpr_ccc4,1,6000.0,6000.0
4312,ORIT_2ca361,ORD_2ca361,BedCot_4e8b,2,1500.0,3000.0
4313,ORIT_d5a33a,ORD_d5a33a,PilFea_56ac,3,650.0,1950.0
4314,ORIT_f5de89,ORD_f5de89,MatSpr_06ac,2,4000.0,8000.0
4315,ORIT_bec0a7,ORD_bec0a7,PilPol_a442,1,180.0,180.0
4316,ORIT_79ae1b,ORD_79ae1b,MatPoc_2df5,1,17500.0,17500.0
4317,ORIT_bf609d,ORD_bf609d,BedCot_17f5,3,1500.0,4500.0
4318,ORIT_cb707f,ORD_cb707f,MatFoa_28ad,1,7500.0,7500.0
4319,ORIT_f70593,ORD_f70593,MatPoc_45de,1,13000.0,13000.0
4320,ORIT_c49d11,ORD_c49d11,MatSpr_06ac,1,4000.0,4000.0
4321,ORIT_07fc7b,ORD_07fc7b,MatSpr_ccc4,1,6000.0,6000.0
4322,ORIT_0c1264,ORD_0c1264,BedPol_f406,1,500.0,500.0
4323,ORIT_ba5cce,ORD_ba5cce,BolCot_21df,2,300.0,600.0
4324,ORIT_c20b11,ORD_c20b11,MatPoc_2df5,2,17500.0,35000.0
4325,ORIT_f5ee68,ORD_f5ee68,BolPol_cfd7,1,220.0,220.0
4326,ORIT_98342a,ORD_98342a,MatSpr_acd0,1,8000.0,8000.0
4327,ORIT_6d8461,ORD_6d8461,MatSpr_06ac,1,4000.0,4000.0
4328,ORIT_82615a,ORD_82615a,MatPoc_6ee7,1,13000.0,13000.0
4329,ORIT_ec232c,ORD_ec232c,PilPol_a442,1,180.0,180.0
4330,ORIT_d09eda,ORD_d09eda,MatFoa_8cd2,1,3500.0,3500.0
4331,ORIT_75a2fe,ORD_75a2fe,BedPol_2724,1,400.0,400.0
4332,ORIT_2fdfc2,ORD_2fdfc2,BolCot_3050,1,300.0,300.0
4333,ORIT_9978ad,ORD_9978ad,PilFea_56ac,1,650.0,650.0
4334,ORIT_a9db39,ORD_a9db39,MatPoc_1e64,1,8500.0,8500.0
4335,ORIT_d64217,ORD_d64217,BolCot_3050,1,300.0,300.0
4336,ORIT_20128a,ORD_20128a,MatFoa_28ad,1,7500.0,7500.0
4337,ORIT_d09862,ORD_d09862,MatSpr_acd0,1,8000.0,8000.0
4338,ORIT_950ed3,ORD_950ed3,MatPoc_1e64,1,8500.0,8500.0
4339,ORIT_c8fef8,ORD_c8fef8,PilPol_a442,3,180.0,540.0
4340,ORIT_e8428e,ORD_e8428e,BedCot_4e8b,1,1500.0,1500.0
4341,ORIT_898ed4,ORD_898ed4,MatSpr_ccc4,1,6000.0,6000.0
4342,ORIT_5c088a,ORD_5c088a,BedPol_5ab8,1,600.0,600.0
4343,ORIT_737736,ORD_737736,MatSpr_28ce,1,6000.0,6000.0
4344,ORIT_c51db3,ORD_c51db3,MatPoc_6ee7,2,13000.0,26000.0
4345,ORIT_22f211,ORD_22f211,MatSpr_28ce,4,6000.0,24000.0
4346,ORIT_3412f2,ORD_3412f2,MatPoc_f6cb,3,17500.0,52500.0
4347,ORIT_3093cd,ORD_3093cd,BedLin_5d3d,3,4200.0,12600.0
4348,ORIT_898406,ORD_898406,MatSpr_28ce,3,6000.0,18000.0
4349,ORIT_707415,ORD_707415,BolFea_b87f,3,700.0,2100.0
4350,ORIT_77e72d,ORD_77e72d,MatFoa_4414,3,3500.0,10500.0
4351,ORIT_80147a,ORD_80147a,BolPol_82d7,3,220.0,660.0
4352,ORIT_a8190f,ORD_a8190f,BolPol_82d7,1,220.0,220.0
4353,ORIT_e4158f,ORD_e4158f,MatPoc_f6cb,1,17500.0,17500.0
4354,ORIT_e8f412,ORD_e8f412,MatFoa_e09a,2,5500.0,11000.0
4355,ORIT_a463fe,ORD_a463fe,BedPol_e207,1,400.0,400.0
4356,ORIT_379555,ORD_379555,BedCot_17f5,4,1500.0,6000.0
4357,ORIT_20415b,ORD_20415b,MatSpr_acd0,1,8000.0,8000.0
4358,ORIT_176d7a,ORD_176d7a,BedCot_87ca,3,1200.0,3600.0
4359,ORIT_02dcac,ORD_02dcac,MatFoa_28ad,1,7500.0,7500.0
4360,ORIT_1b5d8b,ORD_1b5d8b,BedCot_2449,1,800.0,800.0
4361,ORIT_36cca2,ORD_36cca2,BedCot_d278,1,1200.0,1200.0
4362,ORIT_2340f9,ORD_2340f9,BedPol_e207,1,400.0,400.0
4363,ORIT_1282f3,ORD_1282f3,BlaFle_1485,2,300.0,600.0
4364,ORIT_de1436,ORD_de1436,BedPol_d3de,1,500.0,500.0
4365,ORIT_61972b,ORD_61972b,PilCot_3481,3,250.0,750.0
4366,ORIT_99bcc6,ORD_99bcc6,BlaCot_503c,1,2000.0,2000.0
4367,ORIT_61d0f7,ORD_61d0f7,MatSpr_ba3a,1,8000.0,8000.0
4368,ORIT_b16eb8,ORD_b16eb8,MatSpr_acd0,1,8000.0,8000.0
4369,ORIT_2b6d38,ORD_2b6d38,MatPoc_2df5,1,17500.0,17500.0
4370,ORIT_ae6d1f,ORD_ae6d1f,PilPol_a442,1,180.0,180.0
4371,ORIT_ca5d6f,ORD_ca5d6f,MatSpr_ba3a,1,8000.0,8000.0
4372,ORIT_8c5073,ORD_8c5073,PilPol_a442,1,180.0,180.0
4373,ORIT_d1da10,ORD_d1da10,BedPol_e207,1,400.0,400.0
4374,ORIT_417f04,ORD_417f04,BedCot_d278,1,1200.0,1200.0
4375,ORIT_be0f82,ORD_be0f82,MatSpr_06ac,4,4000.0,16000.0
4376,ORIT_bc6574,ORD_bc6574,BedPol_e207,1,400.0,400.0
4377,ORIT_a3a4a3,ORD_a3a4a3,BlaCot_9781,1,1200.0,1200.0
4378,ORIT_fab61f,ORD_fab61f,MatSpr_ba3a,1,8000.0,8000.0
4379,ORIT_eceade,ORD_eceade,BlaCot_572e,2,2200.0,4400.0
4380,ORIT_9f138d,ORD_9f138d,MatPoc_6ee7,3,13000.0,39000.0
4381,ORIT_7fba2a,ORD_7fba2a,BedLin_f732,1,4200.0,4200.0
4382,ORIT_b4fa99,ORD_b4fa99,BedCot_2449,3,800.0,2400.0
4383,ORIT_e5664f,ORD_e5664f,MatSpr_ba3a,1,8000.0,8000.0
4384,ORIT_4285e2,ORD_4285e2,PilFea_8a5d,2,650.0,1300.0
4385,ORIT_7f678f,ORD_7f678f,BedLin_18f8,1,2000.0,2000.0
4386,ORIT_58b841,ORD_58b841,BedPol_f406,4,500.0,2000.0
4387,ORIT_e47ed6,ORD_e47ed6,MatPoc_2df5,3,17500.0,52500.0
4388,ORIT_ec0b37,ORD_ec0b37,BolCot_31e6,1,300.0,300.0
4389,ORIT_f1367f,ORD_f1367f,MatPoc_2df5,1,17500.0,17500.0
4390,ORIT_eb9822,ORD_eb9822,BedLin_2f24,2,2000.0,4000.0
4391,ORIT_b11057,ORD_b11057,MatPoc_1e64,1,8500.0,8500.0
4392,ORIT_e7bb99,ORD_e7bb99,MatPoc_27a0,1,8500.0,8500.0
4393,ORIT_4767ed,ORD_4767ed,MatPoc_f6cb,1,17500.0,17500.0
4394,ORIT_63bb16,ORD_63bb16,PilFea_115c,1,650.0,650.0
4395,ORIT_92dd0d,ORD_92dd0d,MatSpr_28ce,1,6000.0,6000.0
4396,ORIT_bbef58,ORD_bbef58,BlaFle_7daf,1,600.0,600.0
4397,ORIT_3536a0,ORD_3536a0,PilFea_115c,2,650.0,1300.0
4398,ORIT_069456,ORD_069456,PilPol_662f,1,180.0,180.0
4399,ORIT_1c49c9,ORD_1c49c9,BedLin_aa0f,1,4200.0,4200.0
4400,ORIT_6d7569,ORD_6d7569,BedLin_18f8,1,2000.0,2000.0
4401,ORIT_75869f,ORD_75869f,PilPol_662f,1,180.0,180.0
4402,ORIT_157cc4,ORD_157cc4,BedCot_2449,1,800.0,800.0
4403,ORIT_871946,ORD_871946,PilPol_3076,1,180.0,180.0
4404,ORIT_8a2f47,ORD_8a2f47,MatPoc_2df5,1,17500.0,17500.0
4405,ORIT_60ca5a,ORD_60ca5a,MatSpr_28ce,1,6000.0,6000.0
4406,ORIT_afe40e,ORD_afe40e,PilPol_3076,1,180.0,180.0
4407,ORIT_c1b6ac,ORD_c1b6ac,BedCot_87ca,1,1200.0,1200.0
4408,ORIT_130b1e,ORD_130b1e,BolPol_f3ad,3,220.0,660.0
4409,ORIT_ef910e,ORD_ef910e,BedCot_6141,1,800.0,800.0
4410,ORIT_bfb84a,ORD_bfb84a,PilFea_115c,1,650.0,650.0
4411,ORIT_af8b0a,ORD_af8b0a,BedCot_17f5,1,1500.0,1500.0
4412,ORIT_db5fb2,ORD_db5fb2,BedCot_c645,1,1200.0,1200.0
4413,ORIT_3b4f48,ORD_3b4f48,MatFoa_13fa,2,7500.0,15000.0
4414,ORIT_d2c40e,ORD_d2c40e,PilFea_56ac,1,650.0,650.0
4415,ORIT_d76e3f,ORD_d76e3f,BedCot_2397,1,1500.0,1500.0
4416,ORIT_8580b0,ORD_8580b0,PilPol_662f,3,180.0,540.0
4417,ORIT_67b630,ORD_67b630,MatSpr_acd0,1,8000.0,8000.0
4418,ORIT_f83b3b,ORD_f83b3b,BolPol_f3ad,1,220.0,220.0
4419,ORIT_c21750,ORD_c21750,MatSpr_28ce,1,6000.0,6000.0
4420,ORIT_52c3ad,ORD_52c3ad,BedLin_67d1,1,3800.0,3800.0
4421,ORIT_03c200,ORD_03c200,BedCot_2449,1,800.0,800.0
4422,ORIT_88af7d,ORD_88af7d,PilFea_8a5d,1,650.0,650.0
4423,ORIT_052759,ORD_052759,MatFoa_28ad,3,7500.0,22500.0
4424,ORIT_03615c,ORD_03615c,BedCot_4e8b,1,1500.0,1500.0
4425,ORIT_44833e,ORD_44833e,MatPoc_f6cb,2,17500.0,35000.0
4426,ORIT_da38f7,ORD_da38f7,MatPoc_2df5,1,17500.0,17500.0
4427,ORIT_382db2,ORD_382db2,BedPol_e207,1,400.0,400.0
4428,ORIT_e59521,ORD_e59521,BedCot_6141,2,800.0,1600.0
4429,ORIT_347b70,ORD_347b70,MatSpr_ba3a,2,8000.0,16000.0
4430,ORIT_f26785,ORD_f26785,BedPol_e8c9,1,400.0,400.0
4431,ORIT_4fedff,ORD_4fedff,BolPol_f3ad,1,220.0,220.0
4432,ORIT_1f81ef,ORD_1f81ef,PilFea_115c,1,650.0,650.0
4433,ORIT_25771b,ORD_25771b,MatPoc_2df5,3,17500.0,52500.0
4434,ORIT_02bc08,ORD_02bc08,PilPol_a442,2,180.0,360.0
4435,ORIT_9fe088,ORD_9fe088,MatSpr_acd0,2,8000.0,16000.0
4436,ORIT_7e63ff,ORD_7e63ff,MatSpr_56a3,2,4000.0,8000.0
4437,ORIT_3bd9cf,ORD_3bd9cf,MatPoc_f6cb,1,17500.0,17500.0
4438,ORIT_ce47ef,ORD_ce47ef,PilPol_3076,2,180.0,360.0
4439,ORIT_b6b5a5,ORD_b6b5a5,BedCot_4a29,1,800.0,800.0
4440,ORIT_db5443,ORD_db5443,MatSpr_28ce,2,6000.0,12000.0
4441,ORIT_939621,ORD_939621,MatSpr_acd0,2,8000.0,16000.0
4442,ORIT_772f28,ORD_772f28,MatSpr_56a3,1,4000.0,4000.0
4443,ORIT_ee4200,ORD_ee4200,BlaCot_9ebb,1,1200.0,1200.0
4444,ORIT_2296fc,ORD_2296fc,BedCot_c645,2,1200.0,2400.0
4445,ORIT_2f54f7,ORD_2f54f7,BedPol_3807,1,500.0,500.0
4446,ORIT_647c4e,ORD_647c4e,PilPol_662f,2,180.0,360.0
4447,ORIT_ce7a49,ORD_ce7a49,MatSpr_acd0,1,8000.0,8000.0
4448,ORIT_43b148,ORD_43b148,MatPoc_2df5,1,17500.0,17500.0
4449,ORIT_bbf268,ORD_bbf268,MatPoc_45de,1,13000.0,13000.0
4450,ORIT_5af0b9,ORD_5af0b9,MatPoc_45de,3,13000.0,39000.0
4451,ORIT_e59b9c,ORD_e59b9c,MatSpr_acd0,2,8000.0,16000.0
4452,ORIT_2f2364,ORD_2f2364,MatPoc_6ee7,4,13000.0,52000.0
4453,ORIT_181ad8,ORD_181ad8,BedCot_4a29,4,800.0,3200.0
4454,ORIT_4f76cd,ORD_4f76cd,MatPoc_1e64,3,8500.0,25500.0
4455,ORIT_55785f,ORD_55785f,PilFea_56ac,4,650.0,2600.0
4456,ORIT_dc49e9,ORD_dc49e9,MatFoa_182e,2,5500.0,11000.0
4457,ORIT_baa6a3,ORD_baa6a3,BolPol_f3ad,3,220.0,660.0
4458,ORIT_383ca8,ORD_383ca8,MatSpr_28ce,2,6000.0,12000.0
4459,ORIT_41c2bd,ORD_41c2bd,MatPoc_f6cb,3,17500.0,52500.0
4460,ORIT_da43c9,ORD_da43c9,MatSpr_28ce,3,6000.0,18000.0
4461,ORIT_ad6e65,ORD_ad6e65,MatSpr_06ac,3,4000.0,12000.0
4462,ORIT_0e784f,ORD_0e784f,MatPoc_6ee7,2,13000.0,26000.0
4463,ORIT_1011fd,ORD_1011fd,BedPol_e207,3,400.0,1200.0
4464,ORIT_52514a,ORD_52514a,MatPoc_45de,3,13000.0,39000.0
4465,ORIT_0206b7,ORD_0206b7,MatPoc_45de,1,13000.0,13000.0
4466,ORIT_d8f24e,ORD_d8f24e,BedLin_8a26,2,3800.0,7600.0
4467,ORIT_25048b,ORD_25048b,BedCot_4e8b,4,1500.0,6000.0
4468,ORIT_b74df4,ORD_b74df4,MatFoa_13fa,3,7500.0,22500.0
4469,ORIT_e96bca,ORD_e96bca,BolPol_f3ad,1,220.0,220.0
4470,ORIT_9112d0,ORD_9112d0,MatSpr_ccc4,2,6000.0,12000.0
4471,ORIT_1f2687,ORD_1f2687,MatSpr_ccc4,1,6000.0,6000.0
4472,ORIT_0e037c,ORD_0e037c,MatPoc_2df5,2,17500.0,35000.0
4473,ORIT_2cfcec,ORD_2cfcec,BedPol_e8c9,1,400.0,400.0
4474,ORIT_7b01c9,ORD_7b01c9,MatSpr_acd0,1,8000.0,8000.0
4475,ORIT_9e75c5,ORD_9e75c5,MatSpr_ccc4,1,6000.0,6000.0
4476,ORIT_ab31d9,ORD_ab31d9,BedCot_17f5,1,1500.0,1500.0
4477,ORIT_d06e62,ORD_d06e62,BedCot_4e8b,2,1500.0,3000.0
4478,ORIT_e177c2,ORD_e177c2,MatPoc_45de,1,13000.0,13000.0
4479,ORIT_dde3c8,ORD_dde3c8,MatSpr_28ce,1,6000.0,6000.0
4480,ORIT_b60ac9,ORD_b60ac9,MatSpr_ba3a,1,8000.0,8000.0
4481,ORIT_a41645,ORD_a41645,MatSpr_28ce,3,6000.0,18000.0
4482,ORIT_e5525d,ORD_e5525d,MatSpr_acd0,3,8000.0,24000.0
4483,ORIT_a4dc8e,ORD_a4dc8e,PilPol_a442,1,180.0,180.0
4484,ORIT_b5260d,ORD_b5260d,MatSpr_06ac,1,4000.0,4000.0
4485,ORIT_076662,ORD_076662,PilCot_3481,1,250.0,250.0
4486,ORIT_cc7a84,ORD_cc7a84,MatSpr_ba3a,1,8000.0,8000.0
4487,ORIT_dc17a4,ORD_dc17a4,BolPol_cfd7,1,220.0,220.0
4488,ORIT_25372b,ORD_25372b,MatFoa_182e,1,5500.0,5500.0
4489,ORIT_e9f228,ORD_e9f228,BedPol_2724,1,400.0,400.0
4490,ORIT_ba3716,ORD_ba3716,BedCot_4a29,1,800.0,800.0
4491,ORIT_d22b87,ORD_d22b87,BedCot_6141,2,800.0,1600.0
4492,ORIT_303427,ORD_303427,MatSpr_28ce,1,6000.0,6000.0
4493,ORIT_f64645,ORD_f64645,MatSpr_ba3a,1,8000.0,8000.0
4494,ORIT_dff120,ORD_dff120,MatFoa_182e,2,5500.0,11000.0
4495,ORIT_36f74e,ORD_36f74e,BedCot_4e8b,2,1500.0,3000.0
4496,ORIT_e4a7fa,ORD_e4a7fa,BedCot_d278,4,1200.0,4800.0
4497,ORIT_7c1e94,ORD_7c1e94,MatSpr_28ce,2,6000.0,12000.0
4498,ORIT_54e58d,ORD_54e58d,MatSpr_28ce,1,6000.0,6000.0
4499,ORIT_44f96c,ORD_44f96c,MatSpr_acd0,1,8000.0,8000.0
4500,ORIT_74a764,ORD_74a764,BedCot_4a29,1,800.0,800.0
4501,ORIT_028ac0,ORD_028ac0,MatPoc_2df5,1,17500.0,17500.0
4502,ORIT_49ecee,ORD_49ecee,BedPol_5144,1,600.0,600.0
4503,ORIT_850039,ORD_850039,MatFoa_4414,3,3500.0,10500.0
4504,ORIT_6d4c34,ORD_6d4c34,BedPol_d3de,1,500.0,500.0
4505,ORIT_657103,ORD_657103,PilPol_662f,3,180.0,540.0
4506,ORIT_2ae15e,ORD_2ae15e,MatFoa_e09a,1,5500.0,5500.0
4507,ORIT_3b1281,ORD_3b1281,MatSpr_56a3,4,4000.0,16000.0
4508,ORIT_a8ac50,ORD_a8ac50,BlaCot_503c,3,2000.0,6000.0
4509,ORIT_9e5a29,ORD_9e5a29,MatSpr_56a3,2,4000.0,8000.0
4510,ORIT_7d965b,ORD_7d965b,PilFea_56ac,2,650.0,1300.0
4511,ORIT_65e128,ORD_65e128,MatPoc_f6cb,2,17500.0,35000.0
4512,ORIT_f0918f,ORD_f0918f,MatSpr_ccc4,1,6000.0,6000.0
4513,ORIT_0e8aba,ORD_0e8aba,MatSpr_ba3a,3,8000.0,24000.0
4514,ORIT_b2b7d0,ORD_b2b7d0,MatPoc_f6cb,3,17500.0,52500.0
4515,ORIT_0cdb45,ORD_0cdb45,PilCot_f078,2,250.0,500.0
4516,ORIT_575822,ORD_575822,BedPol_5ab8,2,600.0,1200.0
4517,ORIT_bcface,ORD_bcface,MatPoc_f6cb,2,17500.0,35000.0
4518,ORIT_a156b0,ORD_a156b0,MatPoc_45de,1,13000.0,13000.0
4519,ORIT_f6ec67,ORD_f6ec67,BolPol_cfd7,1,220.0,220.0
4520,ORIT_d6f2a1,ORD_d6f2a1,MatFoa_8cd2,1,3500.0,3500.0
4521,ORIT_d9b24d,ORD_d9b24d,MatFoa_13fa,1,7500.0,7500.0
4522,ORIT_67ccd8,ORD_67ccd8,BedCot_2449,2,800.0,1600.0
4523,ORIT_20293b,ORD_20293b,MatPoc_2df5,1,17500.0,17500.0
4524,ORIT_fc9141,ORD_fc9141,PilFea_115c,1,650.0,650.0
4525,ORIT_554a47,ORD_554a47,BolCot_3050,1,300.0,300.0
4526,ORIT_172f4c,ORD_172f4c,MatSpr_ba3a,1,8000.0,8000.0
4527,ORIT_9a4914,ORD_9a4914,BlaFle_991d,1,300.0,300.0
4528,ORIT_01849b,ORD_01849b,BedCot_4e8b,3,1500.0,4500.0
4529,ORIT_64d798,ORD_64d798,MatFoa_4414,2,3500.0,7000.0
4530,ORIT_403b28,ORD_403b28,MatPoc_45de,1,13000.0,13000.0
4531,ORIT_688f29,ORD_688f29,MatPoc_2df5,1,17500.0,17500.0
4532,ORIT_725664,ORD_725664,BedCot_4a29,1,800.0,800.0
4533,ORIT_76c30d,ORD_76c30d,BedCot_4a29,1,800.0,800.0
4534,ORIT_493295,ORD_493295,BedCot_2397,1,1500.0,1500.0
4535,ORIT_f98c0d,ORD_f98c0d,BedCot_17f5,1,1500.0,1500.0
4536,ORIT_aaf59e,ORD_aaf59e,BedCot_2397,1,1500.0,1500.0
4537,ORIT_5526d3,ORD_5526d3,BolPol_cfd7,1,220.0,220.0
4538,ORIT_786ba4,ORD_786ba4,MatFoa_28ad,1,7500.0,7500.0
4539,ORIT_e3594b,ORD_e3594b,BedCot_2397,2,1500.0,3000.0
4540,ORIT_84b2f4,ORD_84b2f4,PilFea_56ac,2,650.0,1300.0
4541,ORIT_d26696,ORD_d26696,PilPol_662f,1,180.0,180.0
4542,ORIT_bbc995,ORD_bbc995,BedPol_3807,1,500.0,500.0
4543,ORIT_70647c,ORD_70647c,MatSpr_ba3a,2,8000.0,16000.0
4544,ORIT_baf33a,ORD_baf33a,BedPol_5144,1,600.0,600.0
4545,ORIT_ac81ed,ORD_ac81ed,PilPol_662f,1,180.0,180.0
4546,ORIT_b84259,ORD_b84259,BolPol_82d7,1,220.0,220.0
4547,ORIT_bc437c,ORD_bc437c,MatPoc_45de,1,13000.0,13000.0
4548,ORIT_e07fa5,ORD_e07fa5,PilPol_a442,2,180.0,360.0
4549,ORIT_135049,ORD_135049,BlaFle_991d,1,300.0,300.0
4550,ORIT_2193e5,ORD_2193e5,BedLin_2f24,1,2000.0,2000.0
4551,ORIT_a87f76,ORD_a87f76,BedPol_239e,4,600.0,2400.0
4552,ORIT_6fb6cc,ORD_6fb6cc,MatSpr_acd0,3,8000.0,24000.0
4553,ORIT_2b3d59,ORD_2b3d59,MatPoc_2df5,1,17500.0,17500.0
4554,ORIT_c6ec42,ORD_c6ec42,MatSpr_ba3a,1,8000.0,8000.0
4555,ORIT_c31c15,ORD_c31c15,BedCot_6141,1,800.0,800.0
4556,ORIT_4cbe02,ORD_4cbe02,MatSpr_ccc4,2,6000.0,12000.0
4557,ORIT_f8cfae,ORD_f8cfae,MatPoc_f6cb,3,17500.0,52500.0
4558,ORIT_d1df46,ORD_d1df46,MatPoc_6ee7,3,13000.0,39000.0
4559,ORIT_8c7dde,ORD_8c7dde,BedPol_5ab8,2,600.0,1200.0
4560,ORIT_0b9da8,ORD_0b9da8,MatSpr_ccc4,4,6000.0,24000.0
4561,ORIT_00a75c,ORD_00a75c,BolPol_f3ad,4,220.0,880.0
4562,ORIT_75e0e5,ORD_75e0e5,BolFea_b87f,3,700.0,2100.0
4563,ORIT_4a30c7,ORD_4a30c7,MatSpr_06ac,4,4000.0,16000.0
4564,ORIT_0e8a5b,ORD_0e8a5b,MatPoc_6ee7,3,13000.0,39000.0
4565,ORIT_6a0492,ORD_6a0492,MatSpr_ccc4,2,6000.0,12000.0
4566,ORIT_fb169e,ORD_fb169e,BolPol_82d7,1,220.0,220.0
4567,ORIT_85cac4,ORD_85cac4,BedLin_2f24,2,2000.0,4000.0
4568,ORIT_76223b,ORD_76223b,MatPoc_27a0,3,8500.0,25500.0
4569,ORIT_3229d2,ORD_3229d2,BolCot_21df,4,300.0,1200.0
4570,ORIT_8d8c4c,ORD_8d8c4c,BolPol_82d7,4,220.0,880.0
4571,ORIT_296766,ORD_296766,MatPoc_27a0,4,8500.0,34000.0
4572,ORIT_cc0051,ORD_cc0051,PilFea_56ac,4,650.0,2600.0
4573,ORIT_1b4a9d,ORD_1b4a9d,MatPoc_1e64,1,8500.0,8500.0
4574,ORIT_f064cd,ORD_f064cd,BolPol_f3ad,2,220.0,440.0
4575,ORIT_c9bdeb,ORD_c9bdeb,MatSpr_28ce,4,6000.0,24000.0
4576,ORIT_2794e4,ORD_2794e4,MatPoc_f6cb,3,17500.0,52500.0
4577,ORIT_6f027b,ORD_6f027b,MatPoc_f6cb,2,17500.0,35000.0
4578,ORIT_e6e793,ORD_e6e793,BolPol_cfd7,4,220.0,880.0
4579,ORIT_be1d62,ORD_be1d62,PilFea_56ac,2,650.0,1300.0
4580,ORIT_5d2ef5,ORD_5d2ef5,BedCot_4e8b,4,1500.0,6000.0
4581,ORIT_559d77,ORD_559d77,MatPoc_45de,4,13000.0,52000.0
4582,ORIT_71de8d,ORD_71de8d,MatSpr_acd0,4,8000.0,32000.0
4583,ORIT_45605e,ORD_45605e,MatSpr_ccc4,3,6000.0,18000.0
4584,ORIT_ecd0e6,ORD_ecd0e6,PilPol_3076,4,180.0,720.0
4585,ORIT_bedcc5,ORD_bedcc5,BlaCot_503c,4,2000.0,8000.0
4586,ORIT_79b761,ORD_79b761,PilPol_3076,2,180.0,360.0
4587,ORIT_42db90,ORD_42db90,MatFoa_182e,4,5500.0,22000.0
4588,ORIT_a74ae2,ORD_a74ae2,MatSpr_ccc4,3,6000.0,18000.0
4589,ORIT_cd4a5b,ORD_cd4a5b,MatPoc_f6cb,4,17500.0,70000.0
4590,ORIT_2a6da1,ORD_2a6da1,MatSpr_acd0,4,8000.0,32000.0
4591,ORIT_1517f5,ORD_1517f5,MatFoa_4414,4,3500.0,14000.0
4592,ORIT_4865c7,ORD_4865c7,MatFoa_4414,3,3500.0,10500.0
4593,ORIT_92ef3a,ORD_92ef3a,MatFoa_e09a,3,5500.0,16500.0
4594,ORIT_176561,ORD_176561,BedCot_17f5,1,1500.0,1500.0
4595,ORIT_a507a6,ORD_a507a6,MatPoc_2df5,1,17500.0,17500.0
4596,ORIT_e879cb,ORD_e879cb,MatSpr_ba3a,4,8000.0,32000.0
4597,ORIT_2ddaf6,ORD_2ddaf6,MatFoa_8cd2,1,3500.0,3500.0
4598,ORIT_3f9295,ORD_3f9295,MatSpr_28ce,1,6000.0,6000.0
4599,ORIT_752cd9,ORD_752cd9,MatFoa_8cd2,1,3500.0,3500.0
4600,ORIT_8e4b19,ORD_8e4b19,BolCot_3050,1,300.0,300.0
4601,ORIT_ea280f,ORD_ea280f,BedCot_4e8b,1,1500.0,1500.0
4602,ORIT_c41239,ORD_c41239,BlaCot_572e,2,2200.0,4400.0
4603,ORIT_adcb69,ORD_adcb69,MatFoa_e09a,1,5500.0,5500.0
4604,ORIT_f5c16d,ORD_f5c16d,BlaFle_c9a0,1,600.0,600.0
4605,ORIT_8487b8,ORD_8487b8,BedCot_4a29,1,800.0,800.0
4606,ORIT_6e5099,ORD_6e5099,MatSpr_06ac,1,4000.0,4000.0
4607,ORIT_4701bf,ORD_4701bf,MatSpr_56a3,1,4000.0,4000.0
4608,ORIT_2c6956,ORD_2c6956,PilFea_115c,2,650.0,1300.0
4609,ORIT_57cd1f,ORD_57cd1f,MatSpr_28ce,1,6000.0,6000.0
4610,ORIT_fff2f9,ORD_fff2f9,BedPol_2724,1,400.0,400.0
4611,ORIT_9dfe60,ORD_9dfe60,PilPol_a442,1,180.0,180.0
4612,ORIT_b9b58f,ORD_b9b58f,BolPol_82d7,1,220.0,220.0
4613,ORIT_f37a35,ORD_f37a35,BolPol_f3ad,1,220.0,220.0
4614,ORIT_cca296,ORD_cca296,BlaCot_9ebb,1,1200.0,1200.0
4615,ORIT_e3058e,ORD_e3058e,BlaFle_c9a0,1,600.0,600.0
4616,ORIT_b66722,ORD_b66722,MatFoa_e09a,1,5500.0,5500.0
4617,ORIT_2f8aa8,ORD_2f8aa8,BedPol_d3de,1,500.0,500.0
4618,ORIT_63f30a,ORD_63f30a,PilPol_662f,1,180.0,180.0
4619,ORIT_998532,ORD_998532,BedLin_18f8,1,2000.0,2000.0
4620,ORIT_f3eac2,ORD_f3eac2,BedLin_aa0f,1,4200.0,4200.0
4621,ORIT_d529ea,ORD_d529ea,BolPol_f3ad,2,220.0,440.0
4622,ORIT_3e51ef,ORD_3e51ef,MatPoc_6ee7,1,13000.0,13000.0
4623,ORIT_bf282b,ORD_bf282b,MatPoc_2df5,2,17500.0,35000.0
4624,ORIT_6c73a3,ORD_6c73a3,BedLin_67d1,3,3800.0,11400.0
4625,ORIT_bd9efb,ORD_bd9efb,MatSpr_06ac,1,4000.0,4000.0
4626,ORIT_7c2ae3,ORD_7c2ae3,PilPol_a442,3,180.0,540.0
4627,ORIT_44e7c7,ORD_44e7c7,MatPoc_45de,3,13000.0,39000.0
4628,ORIT_b08ed8,ORD_b08ed8,BolPol_f3ad,1,220.0,220.0
4629,ORIT_ef8b5e,ORD_ef8b5e,BedCot_4e8b,1,1500.0,1500.0
4630,ORIT_e32c99,ORD_e32c99,BedCot_2397,1,1500.0,1500.0
4631,ORIT_d544ae,ORD_d544ae,MatSpr_ccc4,4,6000.0,24000.0
4632,ORIT_fff1a0,ORD_fff1a0,BolPol_cfd7,3,220.0,660.0
4633,ORIT_530fc0,ORD_530fc0,MatFoa_182e,3,5500.0,16500.0
4634,ORIT_c396a6,ORD_c396a6,BolPol_cfd7,4,220.0,880.0
4635,ORIT_fd36b3,ORD_fd36b3,BedCot_2449,4,800.0,3200.0
4636,ORIT_eeef1f,ORD_eeef1f,MatPoc_2df5,4,17500.0,70000.0
4637,ORIT_afa73c,ORD_afa73c,MatPoc_2df5,4,17500.0,70000.0
4638,ORIT_ec4cdf,ORD_ec4cdf,BolPol_cfd7,3,220.0,660.0
4639,ORIT_0ba6b9,ORD_0ba6b9,MatSpr_ccc4,3,6000.0,18000.0
4640,ORIT_cad061,ORD_cad061,MatSpr_acd0,3,8000.0,24000.0
4641,ORIT_987eb6,ORD_987eb6,BlaCot_6c4b,2,2200.0,4400.0
4642,ORIT_7d21c7,ORD_7d21c7,MatFoa_28ad,4,7500.0,30000.0
4643,ORIT_ec7821,ORD_ec7821,BolPol_82d7,2,220.0,440.0
4644,ORIT_14dc7b,ORD_14dc7b,MatSpr_28ce,2,6000.0,12000.0
4645,ORIT_6b2795,ORD_6b2795,MatSpr_acd0,1,8000.0,8000.0
4646,ORIT_620849,ORD_620849,BedCot_d278,1,1200.0,1200.0
4647,ORIT_1bd2f4,ORD_1bd2f4,MatPoc_2df5,1,17500.0,17500.0
4648,ORIT_233a31,ORD_233a31,MatFoa_13fa,4,7500.0,30000.0
4649,ORIT_55ad6b,ORD_55ad6b,BedCot_d278,1,1200.0,1200.0
4650,ORIT_254768,ORD_254768,BedCot_4e8b,1,1500.0,1500.0
4651,ORIT_b7d5bc,ORD_b7d5bc,MatSpr_ccc4,1,6000.0,6000.0
4652,ORIT_f55bf0,ORD_f55bf0,MatSpr_28ce,3,6000.0,18000.0
4653,ORIT_0d1a91,ORD_0d1a91,BedCot_6141,2,800.0,1600.0
4654,ORIT_a6b952,ORD_a6b952,MatSpr_56a3,4,4000.0,16000.0
4655,ORIT_e85540,ORD_e85540,BedCot_2397,1,1500.0,1500.0
4656,ORIT_f96f96,ORD_f96f96,BedLin_67d1,1,3800.0,3800.0
4657,ORIT_90a1d7,ORD_90a1d7,BedPol_5144,1,600.0,600.0
4658,ORIT_5b5dfb,ORD_5b5dfb,MatSpr_ccc4,1,6000.0,6000.0
4659,ORIT_e68c7a,ORD_e68c7a,BedCot_4a29,3,800.0,2400.0
4660,ORIT_55f951,ORD_55f951,MatPoc_45de,2,13000.0,26000.0
4661,ORIT_65e4c6,ORD_65e4c6,PilPol_a442,3,180.0,540.0
4662,ORIT_cfedb4,ORD_cfedb4,MatPoc_45de,1,13000.0,13000.0
4663,ORIT_864a69,ORD_864a69,BlaFle_9bda,1,700.0,700.0
4664,ORIT_bca7c2,ORD_bca7c2,BedCot_c645,3,1200.0,3600.0
4665,ORIT_a55228,ORD_a55228,MatSpr_ba3a,1,8000.0,8000.0
4666,ORIT_6994e2,ORD_6994e2,MatSpr_28ce,1,6000.0,6000.0
4667,ORIT_3d0025,ORD_3d0025,MatSpr_56a3,1,4000.0,4000.0
4668,ORIT_4edf83,ORD_4edf83,MatFoa_13fa,1,7500.0,7500.0
4669,ORIT_5ca3f8,ORD_5ca3f8,MatPoc_45de,4,13000.0,52000.0
4670,ORIT_d18fad,ORD_d18fad,MatFoa_28ad,3,7500.0,22500.0
4671,ORIT_320c6f,ORD_320c6f,MatPoc_2df5,1,17500.0,17500.0
4672,ORIT_4fe7da,ORD_4fe7da,MatPoc_f6cb,1,17500.0,17500.0
4673,ORIT_c1be15,ORD_c1be15,MatSpr_ccc4,1,6000.0,6000.0
4674,ORIT_99fde8,ORD_99fde8,MatSpr_28ce,2,6000.0,12000.0
4675,ORIT_5cf819,ORD_5cf819,MatPoc_2df5,2,17500.0,35000.0
4676,ORIT_fec71d,ORD_fec71d,MatPoc_27a0,3,8500.0,25500.0
4677,ORIT_f18067,ORD_f18067,BedPol_f406,3,500.0,1500.0
4678,ORIT_fb97e0,ORD_fb97e0,PilPol_3076,1,180.0,180.0
4679,ORIT_14f1e2,ORD_14f1e2,MatSpr_ccc4,3,6000.0,18000.0
4680,ORIT_4ce5f8,ORD_4ce5f8,MatPoc_6ee7,1,13000.0,13000.0
4681,ORIT_1e5475,ORD_1e5475,MatSpr_28ce,1,6000.0,6000.0
4682,ORIT_acd991,ORD_acd991,MatPoc_45de,2,13000.0,26000.0
4683,ORIT_c838f7,ORD_c838f7,BedCot_2449,1,800.0,800.0
4684,ORIT_9478b6,ORD_9478b6,MatPoc_2df5,1,17500.0,17500.0
4685,ORIT_cb49d6,ORD_cb49d6,MatPoc_1e64,1,8500.0,8500.0
4686,ORIT_c463c6,ORD_c463c6,BolPol_cfd7,1,220.0,220.0
4687,ORIT_581beb,ORD_581beb,BlaCot_503c,1,2000.0,2000.0
4688,ORIT_765ffe,ORD_765ffe,MatPoc_27a0,1,8500.0,8500.0
4689,ORIT_a213b8,ORD_a213b8,MatSpr_06ac,3,4000.0,12000.0
4690,ORIT_3baadd,ORD_3baadd,MatPoc_45de,1,13000.0,13000.0
4691,ORIT_a88300,ORD_a88300,BedCot_6141,2,800.0,1600.0
4692,ORIT_5f8e5e,ORD_5f8e5e,MatSpr_28ce,1,6000.0,6000.0
4693,ORIT_787b11,ORD_787b11,BedCot_2449,4,800.0,3200.0
4694,ORIT_fc0a43,ORD_fc0a43,PilPol_662f,1,180.0,180.0
4695,ORIT_7cf814,ORD_7cf814,PilPol_3076,1,180.0,180.0
4696,ORIT_32cb69,ORD_32cb69,PilPol_a442,1,180.0,180.0
4697,ORIT_23253c,ORD_23253c,MatSpr_56a3,1,4000.0,4000.0
4698,ORIT_443d05,ORD_443d05,PilPol_a442,1,180.0,180.0
4699,ORIT_90ad58,ORD_90ad58,MatPoc_6ee7,1,13000.0,13000.0
4700,ORIT_8f2aa0,ORD_8f2aa0,BedCot_2449,2,800.0,1600.0
4701,ORIT_4a89a2,ORD_4a89a2,MatSpr_28ce,1,6000.0,6000.0
4702,ORIT_f71dbd,ORD_f71dbd,BolPol_82d7,1,220.0,220.0
4703,ORIT_a777ce,ORD_a777ce,MatFoa_13fa,1,7500.0,7500.0
4704,ORIT_80787f,ORD_80787f,MatSpr_acd0,2,8000.0,16000.0
4705,ORIT_60e866,ORD_60e866,MatSpr_ba3a,1,8000.0,8000.0
4706,ORIT_8b776b,ORD_8b776b,BedPol_f406,1,500.0,500.0
4707,ORIT_59ba9d,ORD_59ba9d,MatSpr_ccc4,1,6000.0,6000.0
4708,ORIT_2a8be4,ORD_2a8be4,BedCot_6141,1,800.0,800.0
4709,ORIT_3eb939,ORD_3eb939,BedCot_4e8b,1,1500.0,1500.0
4710,ORIT_9e3810,ORD_9e3810,BedCot_4e8b,1,1500.0,1500.0
4711,ORIT_86dd12,ORD_86dd12,MatPoc_27a0,1,8500.0,8500.0
4712,ORIT_ce9c78,ORD_ce9c78,PilPol_662f,1,180.0,180.0
4713,ORIT_b0cefe,ORD_b0cefe,MatSpr_ba3a,1,8000.0,8000.0
4714,ORIT_ce218a,ORD_ce218a,MatSpr_28ce,1,6000.0,6000.0
4715,ORIT_dfe687,ORD_dfe687,MatPoc_1e64,3,8500.0,25500.0
4716,ORIT_27760d,ORD_27760d,MatSpr_ba3a,1,8000.0,8000.0
4717,ORIT_36bd0f,ORD_36bd0f,BedPol_5144,1,600.0,600.0
4718,ORIT_b148ee,ORD_b148ee,MatPoc_2df5,2,17500.0,35000.0
4719,ORIT_a631d5,ORD_a631d5,MatSpr_28ce,1,6000.0,6000.0
4720,ORIT_80cd2e,ORD_80cd2e,BedCot_4a29,1,800.0,800.0
4721,ORIT_2480fd,ORD_2480fd,PilPol_a442,1,180.0,180.0
4722,ORIT_6b0f56,ORD_6b0f56,PilFea_115c,1,650.0,650.0
4723,ORIT_9d5769,ORD_9d5769,PilPol_3076,1,180.0,180.0
4724,ORIT_3dd896,ORD_3dd896,MatSpr_ba3a,1,8000.0,8000.0
4725,ORIT_7ef5bd,ORD_7ef5bd,PilFea_56ac,1,650.0,650.0
4726,ORIT_917b22,ORD_917b22,BedCot_c645,1,1200.0,1200.0
4727,ORIT_008169,ORD_008169,MatSpr_ba3a,2,8000.0,16000.0
4728,ORIT_16c3c2,ORD_16c3c2,BolPol_cfd7,4,220.0,880.0
4729,ORIT_009e9e,ORD_009e9e,BedCot_2397,1,1500.0,1500.0
4730,ORIT_ffca7b,ORD_ffca7b,PilPol_662f,1,180.0,180.0
4731,ORIT_21772c,ORD_21772c,PilPol_a442,1,180.0,180.0
4732,ORIT_35995f,ORD_35995f,PilFea_8a5d,2,650.0,1300.0
4733,ORIT_5d21ea,ORD_5d21ea,BolCot_3050,3,300.0,900.0
4734,ORIT_89b8f6,ORD_89b8f6,BolFea_d1d6,1,700.0,700.0
4735,ORIT_38836d,ORD_38836d,MatPoc_27a0,3,8500.0,25500.0
4736,ORIT_55d20f,ORD_55d20f,BedCot_87ca,1,1200.0,1200.0
4737,ORIT_3446ee,ORD_3446ee,BlaCot_9781,1,1200.0,1200.0
4738,ORIT_ba2ae8,ORD_ba2ae8,MatSpr_acd0,1,8000.0,8000.0
4739,ORIT_0d55b6,ORD_0d55b6,PilPol_662f,2,180.0,360.0
4740,ORIT_7e7dbd,ORD_7e7dbd,MatPoc_f6cb,2,17500.0,35000.0
4741,ORIT_84124b,ORD_84124b,BedCot_4e8b,3,1500.0,4500.0
4742,ORIT_e59dd1,ORD_e59dd1,MatFoa_e09a,3,5500.0,16500.0
4743,ORIT_de0e9b,ORD_de0e9b,MatSpr_ba3a,3,8000.0,24000.0
4744,ORIT_abdcfa,ORD_abdcfa,MatPoc_f6cb,4,17500.0,70000.0
4745,ORIT_352bf9,ORD_352bf9,MatPoc_f6cb,2,17500.0,35000.0
4746,ORIT_0bca33,ORD_0bca33,BolPol_cfd7,1,220.0,220.0
4747,ORIT_4da4df,ORD_4da4df,MatPoc_2df5,1,17500.0,17500.0
4748,ORIT_c15e55,ORD_c15e55,MatFoa_28ad,2,7500.0,15000.0
4749,ORIT_4313c2,ORD_4313c2,MatFoa_182e,4,5500.0,22000.0
4750,ORIT_9c37ad,ORD_9c37ad,BedCot_17f5,1,1500.0,1500.0
4751,ORIT_6874c9,ORD_6874c9,MatFoa_4414,3,3500.0,10500.0
4752,ORIT_9f5d7b,ORD_9f5d7b,MatSpr_ba3a,2,8000.0,16000.0
4753,ORIT_569b76,ORD_569b76,MatPoc_2df5,2,17500.0,35000.0
4754,ORIT_2f36be,ORD_2f36be,PilFea_56ac,4,650.0,2600.0
4755,ORIT_d61a0e,ORD_d61a0e,MatFoa_28ad,1,7500.0,7500.0
4756,ORIT_9a0e30,ORD_9a0e30,BlaCot_8a14,1,1200.0,1200.0
4757,ORIT_6a610e,ORD_6a610e,MatPoc_2df5,2,17500.0,35000.0
4758,ORIT_ced0dd,ORD_ced0dd,MatPoc_1e64,1,8500.0,8500.0
4759,ORIT_8a1da5,ORD_8a1da5,MatFoa_8cd2,3,3500.0,10500.0
4760,ORIT_e20637,ORD_e20637,BlaFle_7daf,1,600.0,600.0
4761,ORIT_a9d7a9,ORD_a9d7a9,MatPoc_1e64,1,8500.0,8500.0
4762,ORIT_42557b,ORD_42557b,BedCot_6141,1,800.0,800.0
4763,ORIT_e3e6ee,ORD_e3e6ee,PilPol_3076,1,180.0,180.0
4764,ORIT_58d65a,ORD_58d65a,BedCot_d278,1,1200.0,1200.0
4765,ORIT_ec403d,ORD_ec403d,MatFoa_182e,1,5500.0,5500.0
4766,ORIT_e02d62,ORD_e02d62,MatSpr_acd0,1,8000.0,8000.0
4767,ORIT_04565d,ORD_04565d,MatFoa_13fa,1,7500.0,7500.0
4768,ORIT_7d6780,ORD_7d6780,BedCot_2397,1,1500.0,1500.0
4769,ORIT_e49f87,ORD_e49f87,MatSpr_ccc4,1,6000.0,6000.0
4770,ORIT_62aa28,ORD_62aa28,MatPoc_f6cb,4,17500.0,70000.0
4771,ORIT_6be707,ORD_6be707,MatFoa_182e,1,5500.0,5500.0
4772,ORIT_874454,ORD_874454,PilPol_a442,2,180.0,360.0
4773,ORIT_72b98d,ORD_72b98d,BedCot_4a29,2,800.0,1600.0
4774,ORIT_ec4b27,ORD_ec4b27,BedCot_17f5,1,1500.0,1500.0
4775,ORIT_4d3a9b,ORD_4d3a9b,PilFea_115c,1,650.0,650.0
4776,ORIT_84a804,ORD_84a804,BolPol_82d7,1,220.0,220.0
4777,ORIT_0c1070,ORD_0c1070,BedCot_2397,1,1500.0,1500.0
4778,ORIT_fb6599,ORD_fb6599,MatPoc_45de,2,13000.0,26000.0
4779,ORIT_5df5dd,ORD_5df5dd,MatSpr_ba3a,2,8000.0,16000.0
4780,ORIT_1835cd,ORD_1835cd,PilPol_3076,3,180.0,540.0
4781,ORIT_cc2ebd,ORD_cc2ebd,PilPol_3076,1,180.0,180.0
4782,ORIT_e32765,ORD_e32765,MatFoa_28ad,1,7500.0,7500.0
4783,ORIT_500275,ORD_500275,PilPol_3076,2,180.0,360.0
4784,ORIT_b5801c,ORD_b5801c,MatSpr_28ce,1,6000.0,6000.0
4785,ORIT_da9382,ORD_da9382,MatSpr_ccc4,1,6000.0,6000.0
4786,ORIT_59568e,ORD_59568e,BolPol_cfd7,1,220.0,220.0
4787,ORIT_35d7d0,ORD_35d7d0,MatPoc_45de,1,13000.0,13000.0
4788,ORIT_9beff7,ORD_9beff7,PilPol_3076,1,180.0,180.0
4789,ORIT_111bd2,ORD_111bd2,BolPol_cfd7,1,220.0,220.0
4790,ORIT_519c35,ORD_519c35,BedCot_c645,1,1200.0,1200.0
4791,ORIT_c1c6be,ORD_c1c6be,BedCot_6141,2,800.0,1600.0
4792,ORIT_46c398,ORD_46c398,PilPol_662f,1,180.0,180.0
4793,ORIT_698bff,ORD_698bff,BedCot_2449,3,800.0,2400.0
4794,ORIT_e69eb8,ORD_e69eb8,BedCot_87ca,1,1200.0,1200.0
4795,ORIT_791977,ORD_791977,MatFoa_182e,1,5500.0,5500.0
4796,ORIT_1547c8,ORD_1547c8,PilPol_a442,1,180.0,180.0
4797,ORIT_1d686f,ORD_1d686f,MatSpr_ba3a,1,8000.0,8000.0
4798,ORIT_f44c03,ORD_f44c03,MatSpr_28ce,1,6000.0,6000.0
4799,ORIT_65e784,ORD_65e784,BedCot_17f5,1,1500.0,1500.0
4800,ORIT_a53e48,ORD_a53e48,MatSpr_28ce,1,6000.0,6000.0
4801,ORIT_20788e,ORD_20788e,BedCot_2449,1,800.0,800.0
4802,ORIT_44a7d1,ORD_44a7d1,PilPol_662f,1,180.0,180.0
4803,ORIT_99869d,ORD_99869d,PilPol_a442,1,180.0,180.0
4804,ORIT_df909b,ORD_df909b,MatSpr_28ce,1,6000.0,6000.0
4805,ORIT_7110eb,ORD_7110eb,MatSpr_06ac,2,4000.0,8000.0
4806,ORIT_d63f61,ORD_d63f61,MatPoc_2df5,1,17500.0,17500.0
4807,ORIT_24f146,ORD_24f146,MatSpr_acd0,1,8000.0,8000.0
4808,ORIT_1f59ce,ORD_1f59ce,PilPol_662f,1,180.0,180.0
4809,ORIT_3a4047,ORD_3a4047,MatPoc_f6cb,1,17500.0,17500.0
4810,ORIT_4684be,ORD_4684be,PilCot_b22a,1,250.0,250.0
4811,ORIT_4947ef,ORD_4947ef,MatSpr_ba3a,1,8000.0,8000.0
4812,ORIT_128e0c,ORD_128e0c,BolPol_cfd7,1,220.0,220.0
4813,ORIT_d112d5,ORD_d112d5,BedPol_5ab8,1,600.0,600.0
4814,ORIT_b91bfa,ORD_b91bfa,PilPol_a442,1,180.0,180.0
4815,ORIT_c08ecf,ORD_c08ecf,BedCot_6141,1,800.0,800.0
4816,ORIT_ba67fc,ORD_ba67fc,PilFea_115c,1,650.0,650.0
4817,ORIT_986831,ORD_986831,MatPoc_6ee7,1,13000.0,13000.0
4818,ORIT_9e396c,ORD_9e396c,BedCot_17f5,2,1500.0,3000.0
4819,ORIT_527a3c,ORD_527a3c,MatSpr_ba3a,2,8000.0,16000.0
4820,ORIT_ad29a0,ORD_ad29a0,PilFea_8a5d,1,650.0,650.0
4821,ORIT_13a046,ORD_13a046,PilCot_b22a,1,250.0,250.0
4822,ORIT_a36b70,ORD_a36b70,BedPol_5ab8,2,600.0,1200.0
4823,ORIT_f17e77,ORD_f17e77,MatFoa_182e,1,5500.0,5500.0
4824,ORIT_800560,ORD_800560,BedCot_2449,2,800.0,1600.0
4825,ORIT_ade8da,ORD_ade8da,MatPoc_f6cb,1,17500.0,17500.0
4826,ORIT_c5a5ed,ORD_c5a5ed,BedCot_2397,1,1500.0,1500.0
4827,ORIT_f15229,ORD_f15229,MatSpr_28ce,2,6000.0,12000.0
4828,ORIT_eccf12,ORD_eccf12,BlaFle_33f0,2,700.0,1400.0
4829,ORIT_643bb2,ORD_643bb2,PilPol_a442,1,180.0,180.0
4830,ORIT_77bb01,ORD_77bb01,PilFea_56ac,4,650.0,2600.0
4831,ORIT_bbb197,ORD_bbb197,MatPoc_2df5,4,17500.0,70000.0
4832,ORIT_849cfa,ORD_849cfa,BedCot_6141,2,800.0,1600.0
4833,ORIT_f0c8f0,ORD_f0c8f0,MatSpr_28ce,2,6000.0,12000.0
4834,ORIT_a33c14,ORD_a33c14,MatSpr_56a3,4,4000.0,16000.0
4835,ORIT_cec324,ORD_cec324,BedCot_2397,3,1500.0,4500.0
4836,ORIT_43b471,ORD_43b471,MatSpr_56a3,1,4000.0,4000.0
4837,ORIT_58d7f6,ORD_58d7f6,BolPol_82d7,1,220.0,220.0
4838,ORIT_a0d2ea,ORD_a0d2ea,MatFoa_182e,3,5500.0,16500.0
4839,ORIT_9140ce,ORD_9140ce,BedPol_5ab8,4,600.0,2400.0
4840,ORIT_067161,ORD_067161,BedCot_d278,3,1200.0,3600.0
4841,ORIT_546cb4,ORD_546cb4,BolPol_82d7,2,220.0,440.0
4842,ORIT_429439,ORD_429439,MatFoa_182e,3,5500.0,16500.0
4843,ORIT_6b21bc,ORD_6b21bc,MatSpr_28ce,4,6000.0,24000.0
4844,ORIT_135d21,ORD_135d21,BolPol_cfd7,3,220.0,660.0
4845,ORIT_9750a2,ORD_9750a2,MatPoc_27a0,2,8500.0,17000.0
4846,ORIT_b81ba9,ORD_b81ba9,MatPoc_2df5,3,17500.0,52500.0
4847,ORIT_340565,ORD_340565,PilFea_56ac,1,650.0,650.0
4848,ORIT_02d6e5,ORD_02d6e5,BedCot_2397,4,1500.0,6000.0
4849,ORIT_870564,ORD_870564,MatSpr_28ce,1,6000.0,6000.0
4850,ORIT_a1c581,ORD_a1c581,BedPol_3807,2,500.0,1000.0
4851,ORIT_7509ee,ORD_7509ee,BedCot_2397,1,1500.0,1500.0
4852,ORIT_28d7fb,ORD_28d7fb,MatPoc_f6cb,1,17500.0,17500.0
4853,ORIT_132c2a,ORD_132c2a,MatSpr_28ce,3,6000.0,18000.0
4854,ORIT_bcf7f3,ORD_bcf7f3,MatSpr_ba3a,1,8000.0,8000.0
4855,ORIT_084405,ORD_084405,MatSpr_56a3,2,4000.0,8000.0
4856,ORIT_73a70d,ORD_73a70d,BedCot_c645,2,1200.0,2400.0
4857,ORIT_7b6500,ORD_7b6500,BedCot_c645,1,1200.0,1200.0
4858,ORIT_9fab7a,ORD_9fab7a,BedCot_2449,1,800.0,800.0
4859,ORIT_7fcf55,ORD_7fcf55,PilFea_56ac,1,650.0,650.0
4860,ORIT_7f97d4,ORD_7f97d4,MatPoc_6ee7,1,13000.0,13000.0
4861,ORIT_3cf5df,ORD_3cf5df,PilCot_3481,3,250.0,750.0
4862,ORIT_ea63fe,ORD_ea63fe,BedPol_e207,1,400.0,400.0
4863,ORIT_23d70e,ORD_23d70e,MatPoc_45de,1,13000.0,13000.0
4864,ORIT_ffaebc,ORD_ffaebc,MatSpr_56a3,1,4000.0,4000.0
4865,ORIT_e114de,ORD_e114de,MatSpr_ba3a,1,8000.0,8000.0
4866,ORIT_47ba68,ORD_47ba68,PilPol_a442,1,180.0,180.0
4867,ORIT_dea091,ORD_dea091,BlaFle_7daf,1,600.0,600.0
4868,ORIT_bdf5d5,ORD_bdf5d5,MatPoc_f6cb,3,17500.0,52500.0
4869,ORIT_742504,ORD_742504,MatSpr_56a3,1,4000.0,4000.0
4870,ORIT_c2b20b,ORD_c2b20b,PilPol_a442,1,180.0,180.0
4871,ORIT_639333,ORD_639333,MatSpr_56a3,1,4000.0,4000.0
4872,ORIT_acb0b6,ORD_acb0b6,MatSpr_ba3a,1,8000.0,8000.0
4873,ORIT_ba38c4,ORD_ba38c4,PilPol_662f,1,180.0,180.0
4874,ORIT_76a04b,ORD_76a04b,MatSpr_acd0,2,8000.0,16000.0
4875,ORIT_71d7a0,ORD_71d7a0,MatFoa_e09a,1,5500.0,5500.0
4876,ORIT_ace157,ORD_ace157,BedPol_5144,4,600.0,2400.0
4877,ORIT_0d836b,ORD_0d836b,MatPoc_2df5,3,17500.0,52500.0
4878,ORIT_b6f13f,ORD_b6f13f,BedLin_f732,4,4200.0,16800.0
4879,ORIT_d8c54d,ORD_d8c54d,MatFoa_8cd2,4,3500.0,14000.0
4880,ORIT_2834af,ORD_2834af,BedCot_4e8b,3,1500.0,4500.0
4881,ORIT_11a40d,ORD_11a40d,BedPol_5144,3,600.0,1800.0
4882,ORIT_96b663,ORD_96b663,MatPoc_2df5,3,17500.0,52500.0
4883,ORIT_3085e8,ORD_3085e8,MatSpr_56a3,3,4000.0,12000.0
4884,ORIT_6dbbcd,ORD_6dbbcd,BedPol_239e,2,600.0,1200.0
4885,ORIT_58f097,ORD_58f097,MatPoc_f6cb,2,17500.0,35000.0
4886,ORIT_5be646,ORD_5be646,MatPoc_f6cb,4,17500.0,70000.0
4887,ORIT_6148af,ORD_6148af,MatPoc_f6cb,2,17500.0,35000.0
4888,ORIT_0c2f8b,ORD_0c2f8b,PilFea_56ac,3,650.0,1950.0
4889,ORIT_f08ef0,ORD_f08ef0,MatSpr_28ce,2,6000.0,12000.0
4890,ORIT_5101b4,ORD_5101b4,MatFoa_4414,1,3500.0,3500.0
4891,ORIT_6a10ef,ORD_6a10ef,BolCot_21df,1,300.0,300.0
4892,ORIT_38bafe,ORD_38bafe,BlaCot_9ef6,1,2200.0,2200.0
4893,ORIT_c47458,ORD_c47458,MatPoc_2df5,2,17500.0,35000.0
4894,ORIT_dcdd60,ORD_dcdd60,MatPoc_6ee7,1,13000.0,13000.0
4895,ORIT_aefe31,ORD_aefe31,BolPol_cfd7,2,220.0,440.0
4896,ORIT_96c879,ORD_96c879,BedCot_17f5,1,1500.0,1500.0
4897,ORIT_d2344e,ORD_d2344e,MatPoc_6ee7,1,13000.0,13000.0
4898,ORIT_8d2f50,ORD_8d2f50,PilPol_a442,1,180.0,180.0
4899,ORIT_681f41,ORD_681f41,MatSpr_56a3,1,4000.0,4000.0
4900,ORIT_c94f82,ORD_c94f82,MatSpr_28ce,3,6000.0,18000.0
4901,ORIT_8d0cd2,ORD_8d0cd2,MatFoa_e09a,1,5500.0,5500.0
4902,ORIT_1c00a5,ORD_1c00a5,BolCot_31e6,1,300.0,300.0
4903,ORIT_e3b811,ORD_e3b811,BedPol_239e,1,600.0,600.0
4904,ORIT_732f84,ORD_732f84,BolPol_82d7,1,220.0,220.0
4905,ORIT_b478ad,ORD_b478ad,MatPoc_6ee7,2,13000.0,26000.0
4906,ORIT_ed80b3,ORD_ed80b3,MatSpr_ccc4,1,6000.0,6000.0
4907,ORIT_666edc,ORD_666edc,BolPol_f3ad,2,220.0,440.0
4908,ORIT_29ae44,ORD_29ae44,MatPoc_45de,1,13000.0,13000.0
4909,ORIT_d9f032,ORD_d9f032,MatSpr_ccc4,1,6000.0,6000.0
4910,ORIT_6f1f34,ORD_6f1f34,BedPol_3807,2,500.0,1000.0
4911,ORIT_f942e0,ORD_f942e0,BedCot_87ca,3,1200.0,3600.0
4912,ORIT_ffbd40,ORD_ffbd40,MatPoc_27a0,1,8500.0,8500.0
4913,ORIT_3ed6d7,ORD_3ed6d7,MatSpr_ccc4,1,6000.0,6000.0
4914,ORIT_0bf39b,ORD_0bf39b,MatSpr_acd0,1,8000.0,8000.0
4915,ORIT_db4348,ORD_db4348,BedCot_2397,1,1500.0,1500.0
4916,ORIT_45aa3c,ORD_45aa3c,BolCot_21df,2,300.0,600.0
4917,ORIT_7b6051,ORD_7b6051,BolPol_82d7,1,220.0,220.0
4918,ORIT_074113,ORD_074113,BolPol_82d7,1,220.0,220.0
4919,ORIT_b3b124,ORD_b3b124,MatFoa_e09a,1,5500.0,5500.0
4920,ORIT_866a77,ORD_866a77,MatSpr_28ce,1,6000.0,6000.0
4921,ORIT_549394,ORD_549394,BolPol_82d7,2,220.0,440.0
4922,ORIT_a71ca3,ORD_a71ca3,MatSpr_06ac,1,4000.0,4000.0
4923,ORIT_3d1c3b,ORD_3d1c3b,MatFoa_4414,1,3500.0,3500.0
4924,ORIT_98ba9d,ORD_98ba9d,BlaCot_9781,1,1200.0,1200.0
4925,ORIT_6233a0,ORD_6233a0,MatPoc_45de,2,13000.0,26000.0
4926,ORIT_aa37a7,ORD_aa37a7,MatPoc_27a0,1,8500.0,8500.0
4927,ORIT_4b9bfe,ORD_4b9bfe,MatPoc_2df5,1,17500.0,17500.0
4928,ORIT_a36da7,ORD_a36da7,BedCot_4e8b,2,1500.0,3000.0
4929,ORIT_9d1aaa,ORD_9d1aaa,BedPol_3807,1,500.0,500.0
4930,ORIT_90a4cc,ORD_90a4cc,BolPol_82d7,1,220.0,220.0
4931,ORIT_528c6e,ORD_528c6e,MatPoc_6ee7,3,13000.0,39000.0
4932,ORIT_a799aa,ORD_a799aa,MatSpr_ccc4,1,6000.0,6000.0
4933,ORIT_029cdb,ORD_029cdb,MatSpr_ba3a,2,8000.0,16000.0
4934,ORIT_1e26cf,ORD_1e26cf,MatPoc_f6cb,2,17500.0,35000.0
4935,ORIT_7acafa,ORD_7acafa,BedCot_87ca,1,1200.0,1200.0
4936,ORIT_433801,ORD_433801,BolPol_82d7,1,220.0,220.0
4937,ORIT_d8a8d3,ORD_d8a8d3,BolCot_31e6,1,300.0,300.0
4938,ORIT_d68c34,ORD_d68c34,BolFea_b87f,1,700.0,700.0
4939,ORIT_653122,ORD_653122,MatFoa_13fa,3,7500.0,22500.0
4940,ORIT_e6eb47,ORD_e6eb47,MatSpr_ba3a,1,8000.0,8000.0
4941,ORIT_e5c9e7,ORD_e5c9e7,PilPol_a442,4,180.0,720.0
4942,ORIT_4d4d9c,ORD_4d4d9c,BedCot_2449,2,800.0,1600.0
4943,ORIT_0ca89a,ORD_0ca89a,BedCot_2449,1,800.0,800.0
4944,ORIT_08e174,ORD_08e174,BedPol_239e,1,600.0,600.0
4945,ORIT_147a75,ORD_147a75,BedLin_18f8,1,2000.0,2000.0
4946,ORIT_9cc0bd,ORD_9cc0bd,PilCot_f078,1,250.0,250.0
4947,ORIT_5454b8,ORD_5454b8,MatSpr_ba3a,1,8000.0,8000.0
4948,ORIT_5542b1,ORD_5542b1,PilPol_662f,1,180.0,180.0
4949,ORIT_66e296,ORD_66e296,BlaFle_5881,1,700.0,700.0
4950,ORIT_ace1ff,ORD_ace1ff,PilPol_a442,1,180.0,180.0
4951,ORIT_07aae9,ORD_07aae9,PilPol_a442,1,180.0,180.0
4952,ORIT_1c60a4,ORD_1c60a4,BedPol_d3de,2,500.0,1000.0
4953,ORIT_4d6b43,ORD_4d6b43,MatPoc_f6cb,2,17500.0,35000.0
4954,ORIT_bd4b7d,ORD_bd4b7d,PilFea_56ac,4,650.0,2600.0
4955,ORIT_39beea,ORD_39beea,BedCot_6141,1,800.0,800.0
4956,ORIT_16d0ca,ORD_16d0ca,BolCot_31e6,4,300.0,1200.0
4957,ORIT_32183a,ORD_32183a,PilPol_662f,3,180.0,540.0
4958,ORIT_87e214,ORD_87e214,BlaCot_ce6c,3,2000.0,6000.0
4959,ORIT_60ab37,ORD_60ab37,MatPoc_1e64,4,8500.0,34000.0
4960,ORIT_0a2719,ORD_0a2719,MatPoc_2df5,1,17500.0,17500.0
4961,ORIT_b34e1d,ORD_b34e1d,MatFoa_4414,3,3500.0,10500.0
4962,ORIT_46df08,ORD_46df08,PilPol_a442,3,180.0,540.0
4963,ORIT_4ccfea,ORD_4ccfea,BedPol_f406,4,500.0,2000.0
4964,ORIT_4c915f,ORD_4c915f,MatFoa_e09a,2,5500.0,11000.0
4965,ORIT_636784,ORD_636784,PilCot_f078,3,250.0,750.0
4966,ORIT_0df7bd,ORD_0df7bd,MatFoa_182e,4,5500.0,22000.0
4967,ORIT_5f83a0,ORD_5f83a0,MatSpr_ccc4,2,6000.0,12000.0
4968,ORIT_305249,ORD_305249,MatSpr_06ac,2,4000.0,8000.0
4969,ORIT_a40a4c,ORD_a40a4c,BlaFle_1485,3,300.0,900.0
4970,ORIT_7caf4b,ORD_7caf4b,BolPol_82d7,3,220.0,660.0
4971,ORIT_067bdc,ORD_067bdc,MatPoc_f6cb,2,17500.0,35000.0
4972,ORIT_6f232e,ORD_6f232e,MatFoa_182e,1,5500.0,5500.0
4973,ORIT_cd5af4,ORD_cd5af4,MatSpr_ba3a,1,8000.0,8000.0
4974,ORIT_6e0272,ORD_6e0272,BedCot_4a29,2,800.0,1600.0
4975,ORIT_1cf79c,ORD_1cf79c,MatSpr_28ce,1,6000.0,6000.0
4976,ORIT_113901,ORD_113901,MatSpr_acd0,2,8000.0,16000.0
4977,ORIT_db74a7,ORD_db74a7,BedLin_f732,1,4200.0,4200.0
4978,ORIT_8bb472,ORD_8bb472,MatFoa_28ad,2,7500.0,15000.0
4979,ORIT_b95e0f,ORD_b95e0f,MatSpr_28ce,1,6000.0,6000.0
4980,ORIT_399d83,ORD_399d83,PilFea_56ac,1,650.0,650.0
4981,ORIT_7cffbc,ORD_7cffbc,BedLin_d846,1,2000.0,2000.0
4982,ORIT_cd7a03,ORD_cd7a03,BolPol_cfd7,1,220.0,220.0
4983,ORIT_74b22f,ORD_74b22f,MatSpr_acd0,1,8000.0,8000.0
4984,ORIT_d349ec,ORD_d349ec,MatPoc_f6cb,1,17500.0,17500.0
4985,ORIT_3eebd8,ORD_3eebd8,BedPol_5ab8,1,600.0,600.0
4986,ORIT_c45be4,ORD_c45be4,MatSpr_ccc4,4,6000.0,24000.0
4987,ORIT_c6b58f,ORD_c6b58f,PilFea_8a5d,4,650.0,2600.0
4988,ORIT_ab2148,ORD_ab2148,PilPol_662f,3,180.0,540.0
4989,ORIT_95fb6a,ORD_95fb6a,PilPol_a442,3,180.0,540.0
4990,ORIT_0f1c84,ORD_0f1c84,MatPoc_f6cb,4,17500.0,70000.0
4991,ORIT_7e19bb,ORD_7e19bb,BedCot_2397,3,1500.0,4500.0
4992,ORIT_0869b9,ORD_0869b9,BolPol_f3ad,3,220.0,660.0
4993,ORIT_8b7183,ORD_8b7183,MatFoa_28ad,3,7500.0,22500.0
4994,ORIT_dca0cd,ORD_dca0cd,PilFea_8a5d,3,650.0,1950.0
4995,ORIT_b0e45a,ORD_b0e45a,BedCot_4e8b,4,1500.0,6000.0
4996,ORIT_b6d320,ORD_b6d320,MatPoc_f6cb,3,17500.0,52500.0
4997,ORIT_c66f9d,ORD_c66f9d,MatSpr_ccc4,2,6000.0,12000.0
4998,ORIT_e00c7f,ORD_e00c7f,MatSpr_acd0,4,8000.0,32000.0
4999,ORIT_13d88b,ORD_13d88b,MatFoa_8cd2,1,3500.0,3500.0
5000,ORIT_61dfd3,ORD_61dfd3,MatPoc_2df5,4,17500.0,70000.0
5001,ORIT_6d54ec,ORD_6d54ec,PilPol_662f,3,180.0,540.0
5002,ORIT_32f95a,ORD_32f95a,MatPoc_f6cb,2,17500.0,35000.0
5003,ORIT_274943,ORD_274943,BolPol_cfd7,4,220.0,880.0
5004,ORIT_a52d09,ORD_a52d09,BedCot_4a29,1,800.0,800.0
5005,ORIT_75cf71,ORD_75cf71,MatFoa_28ad,1,7500.0,7500.0
5006,ORIT_743c1a,ORD_743c1a,BolPol_f3ad,2,220.0,440.0
5007,ORIT_c4e559,ORD_c4e559,MatSpr_56a3,1,4000.0,4000.0
5008,ORIT_6a2c03,ORD_6a2c03,MatSpr_28ce,1,6000.0,6000.0
5009,ORIT_a568fc,ORD_a568fc,PilCot_3481,1,250.0,250.0
5010,ORIT_c40980,ORD_c40980,MatPoc_45de,1,13000.0,13000.0
5011,ORIT_365c3a,ORD_365c3a,BedCot_2449,1,800.0,800.0
5012,ORIT_ef66fb,ORD_ef66fb,BolPol_82d7,2,220.0,440.0
5013,ORIT_0f0bfe,ORD_0f0bfe,BolPol_cfd7,1,220.0,220.0
5014,ORIT_ad9572,ORD_ad9572,MatSpr_acd0,3,8000.0,24000.0
5015,ORIT_64efd7,ORD_64efd7,MatSpr_ccc4,1,6000.0,6000.0
5016,ORIT_c8eeb1,ORD_c8eeb1,MatPoc_f6cb,1,17500.0,17500.0
5017,ORIT_2fc8ff,ORD_2fc8ff,MatSpr_28ce,1,6000.0,6000.0
5018,ORIT_280c4f,ORD_280c4f,BedCot_17f5,1,1500.0,1500.0
5019,ORIT_55ff7a,ORD_55ff7a,PilPol_a442,1,180.0,180.0
5020,ORIT_a405e4,ORD_a405e4,BedCot_2397,2,1500.0,3000.0
5021,ORIT_903540,ORD_903540,BedCot_d278,1,1200.0,1200.0
5022,ORIT_01dbb3,ORD_01dbb3,BolPol_cfd7,2,220.0,440.0
5023,ORIT_636476,ORD_636476,MatPoc_6ee7,1,13000.0,13000.0
5024,ORIT_ada41a,ORD_ada41a,MatPoc_f6cb,1,17500.0,17500.0
5025,ORIT_a0bebe,ORD_a0bebe,BedCot_4a29,1,800.0,800.0
5026,ORIT_fb6bc8,ORD_fb6bc8,MatSpr_ba3a,2,8000.0,16000.0
5027,ORIT_3a8912,ORD_3a8912,BedCot_d278,1,1200.0,1200.0
5028,ORIT_272e09,ORD_272e09,MatSpr_acd0,1,8000.0,8000.0
5029,ORIT_823a32,ORD_823a32,BolCot_31e6,1,300.0,300.0
5030,ORIT_b9e0c2,ORD_b9e0c2,MatSpr_28ce,1,6000.0,6000.0
5031,ORIT_3bdfd7,ORD_3bdfd7,MatSpr_06ac,1,4000.0,4000.0
5032,ORIT_064c67,ORD_064c67,MatSpr_28ce,1,6000.0,6000.0
5033,ORIT_d846a4,ORD_d846a4,MatSpr_28ce,1,6000.0,6000.0
5034,ORIT_26f151,ORD_26f151,BedLin_5d3d,1,4200.0,4200.0
5035,ORIT_0da7e5,ORD_0da7e5,MatPoc_f6cb,1,17500.0,17500.0
5036,ORIT_22cd05,ORD_22cd05,MatSpr_acd0,1,8000.0,8000.0
5037,ORIT_347b79,ORD_347b79,MatPoc_2df5,1,17500.0,17500.0
5038,ORIT_bb26fc,ORD_bb26fc,BedCot_4e8b,1,1500.0,1500.0
5039,ORIT_2fc631,ORD_2fc631,MatPoc_45de,3,13000.0,39000.0
5040,ORIT_d33252,ORD_d33252,MatSpr_28ce,1,6000.0,6000.0
5041,ORIT_3e42a2,ORD_3e42a2,MatSpr_acd0,2,8000.0,16000.0
5042,ORIT_159ce2,ORD_159ce2,BolCot_31e6,1,300.0,300.0
5043,ORIT_8462cc,ORD_8462cc,PilFea_8a5d,1,650.0,650.0
5044,ORIT_b08f98,ORD_b08f98,BolFea_d1d6,1,700.0,700.0
5045,ORIT_8ea4af,ORD_8ea4af,MatPoc_6ee7,1,13000.0,13000.0
5046,ORIT_3c0116,ORD_3c0116,MatSpr_ba3a,1,8000.0,8000.0
5047,ORIT_4ec2bc,ORD_4ec2bc,MatPoc_45de,1,13000.0,13000.0
5048,ORIT_f8044d,ORD_f8044d,MatFoa_8cd2,1,3500.0,3500.0
5049,ORIT_f7de88,ORD_f7de88,BedPol_5ab8,2,600.0,1200.0
5050,ORIT_603af4,ORD_603af4,MatSpr_ba3a,1,8000.0,8000.0
5051,ORIT_908057,ORD_908057,BedCot_6141,1,800.0,800.0
5052,ORIT_65c477,ORD_65c477,MatSpr_ba3a,3,8000.0,24000.0
5053,ORIT_0080a3,ORD_0080a3,MatSpr_ccc4,4,6000.0,24000.0
5054,ORIT_b56ef7,ORD_b56ef7,MatSpr_ccc4,1,6000.0,6000.0
5055,ORIT_fce8c4,ORD_fce8c4,BedPol_5ab8,3,600.0,1800.0
5056,ORIT_0379e0,ORD_0379e0,MatPoc_27a0,4,8500.0,34000.0
5057,ORIT_52c7ab,ORD_52c7ab,MatSpr_06ac,2,4000.0,8000.0
5058,ORIT_2ed870,ORD_2ed870,BedCot_2397,1,1500.0,1500.0
5059,ORIT_412d41,ORD_412d41,MatSpr_acd0,1,8000.0,8000.0
5060,ORIT_f6cd96,ORD_f6cd96,BolPol_82d7,2,220.0,440.0
5061,ORIT_657e84,ORD_657e84,MatSpr_ccc4,1,6000.0,6000.0
5062,ORIT_2fd1d1,ORD_2fd1d1,MatPoc_1e64,2,8500.0,17000.0
5063,ORIT_aa986c,ORD_aa986c,MatPoc_2df5,1,17500.0,17500.0
5064,ORIT_cacf25,ORD_cacf25,MatSpr_acd0,2,8000.0,16000.0
5065,ORIT_976293,ORD_976293,MatSpr_ccc4,1,6000.0,6000.0
5066,ORIT_d008ec,ORD_d008ec,MatPoc_45de,2,13000.0,26000.0
5067,ORIT_6f8a20,ORD_6f8a20,MatSpr_06ac,1,4000.0,4000.0
5068,ORIT_bbd8bc,ORD_bbd8bc,BedCot_17f5,1,1500.0,1500.0
5069,ORIT_26d516,ORD_26d516,MatPoc_f6cb,1,17500.0,17500.0
5070,ORIT_f84e3f,ORD_f84e3f,MatFoa_28ad,1,7500.0,7500.0
5071,ORIT_e05d39,ORD_e05d39,BolCot_3050,1,300.0,300.0
5072,ORIT_e1866e,ORD_e1866e,MatSpr_ba3a,1,8000.0,8000.0
5073,ORIT_e92b48,ORD_e92b48,BedCot_17f5,3,1500.0,4500.0
5074,ORIT_3a0579,ORD_3a0579,BedCot_4a29,1,800.0,800.0
5075,ORIT_2a0902,ORD_2a0902,BolPol_f3ad,1,220.0,220.0
5076,ORIT_b4cab2,ORD_b4cab2,MatFoa_e09a,2,5500.0,11000.0
5077,ORIT_1308e1,ORD_1308e1,MatSpr_56a3,1,4000.0,4000.0
5078,ORIT_dbadda,ORD_dbadda,MatSpr_acd0,1,8000.0,8000.0
5079,ORIT_dc8a11,ORD_dc8a11,MatPoc_2df5,1,17500.0,17500.0
5080,ORIT_44cf41,ORD_44cf41,BedPol_5144,2,600.0,1200.0
5081,ORIT_92db82,ORD_92db82,MatPoc_f6cb,1,17500.0,17500.0
5082,ORIT_b43fc4,ORD_b43fc4,MatPoc_6ee7,1,13000.0,13000.0
5083,ORIT_7773b7,ORD_7773b7,BedCot_4e8b,1,1500.0,1500.0
5084,ORIT_3a3fc8,ORD_3a3fc8,MatFoa_e09a,1,5500.0,5500.0
5085,ORIT_744c1c,ORD_744c1c,MatFoa_8cd2,1,3500.0,3500.0
5086,ORIT_8405b6,ORD_8405b6,MatSpr_ba3a,1,8000.0,8000.0
5087,ORIT_cf4c59,ORD_cf4c59,MatSpr_ba3a,1,8000.0,8000.0
5088,ORIT_a80ae9,ORD_a80ae9,BedCot_2449,1,800.0,800.0
5089,ORIT_44db47,ORD_44db47,MatPoc_f6cb,1,17500.0,17500.0
5090,ORIT_ddac89,ORD_ddac89,MatFoa_8cd2,1,3500.0,3500.0
5091,ORIT_e6bc4a,ORD_e6bc4a,PilFea_56ac,1,650.0,650.0
5092,ORIT_adaf50,ORD_adaf50,BedPol_2724,1,400.0,400.0
5093,ORIT_03c8d3,ORD_03c8d3,BedCot_4e8b,1,1500.0,1500.0
5094,ORIT_2a1b64,ORD_2a1b64,MatPoc_f6cb,1,17500.0,17500.0
5095,ORIT_5808cd,ORD_5808cd,PilPol_a442,1,180.0,180.0
5096,ORIT_8bcb14,ORD_8bcb14,BedCot_4e8b,1,1500.0,1500.0
5097,ORIT_3afd5f,ORD_3afd5f,MatSpr_ba3a,4,8000.0,32000.0
5098,ORIT_748bce,ORD_748bce,BedLin_f732,1,4200.0,4200.0
5099,ORIT_dde857,ORD_dde857,BedCot_c645,1,1200.0,1200.0
5100,ORIT_6f879a,ORD_6f879a,BedPol_e207,1,400.0,400.0
5101,ORIT_444a37,ORD_444a37,MatPoc_2df5,2,17500.0,35000.0
5102,ORIT_899552,ORD_899552,BedCot_d278,3,1200.0,3600.0
5103,ORIT_382409,ORD_382409,BolCot_3050,1,300.0,300.0
5104,ORIT_04fdea,ORD_04fdea,BedPol_5144,4,600.0,2400.0
5105,ORIT_adb568,ORD_adb568,PilPol_662f,4,180.0,720.0
5106,ORIT_9d2640,ORD_9d2640,MatSpr_ccc4,2,6000.0,12000.0
5107,ORIT_513c7e,ORD_513c7e,BolPol_f3ad,2,220.0,440.0
5108,ORIT_ea6892,ORD_ea6892,MatPoc_f6cb,3,17500.0,52500.0
5109,ORIT_3685f6,ORD_3685f6,MatPoc_6ee7,1,13000.0,13000.0
5110,ORIT_a5b32b,ORD_a5b32b,BedPol_5144,2,600.0,1200.0
5111,ORIT_a42969,ORD_a42969,BolPol_cfd7,1,220.0,220.0
5112,ORIT_813d71,ORD_813d71,BedCot_4e8b,3,1500.0,4500.0
5113,ORIT_a18486,ORD_a18486,MatPoc_45de,3,13000.0,39000.0
5114,ORIT_3ffacf,ORD_3ffacf,MatFoa_28ad,3,7500.0,22500.0
5115,ORIT_d53935,ORD_d53935,BedCot_4e8b,3,1500.0,4500.0
5116,ORIT_d8485a,ORD_d8485a,BolCot_21df,1,300.0,300.0
5117,ORIT_346651,ORD_346651,MatSpr_28ce,1,6000.0,6000.0
5118,ORIT_3bc61b,ORD_3bc61b,MatFoa_13fa,2,7500.0,15000.0
5119,ORIT_28c610,ORD_28c610,PilPol_3076,4,180.0,720.0
5120,ORIT_8cb085,ORD_8cb085,PilFea_115c,1,650.0,650.0
5121,ORIT_b483ac,ORD_b483ac,BedCot_2397,3,1500.0,4500.0
5122,ORIT_c05e42,ORD_c05e42,BedCot_2397,1,1500.0,1500.0
5123,ORIT_5eaf97,ORD_5eaf97,MatSpr_ccc4,3,6000.0,18000.0
5124,ORIT_c9a3f7,ORD_c9a3f7,MatSpr_56a3,1,4000.0,4000.0
5125,ORIT_881772,ORD_881772,BolPol_82d7,4,220.0,880.0
5126,ORIT_6b2812,ORD_6b2812,BolPol_cfd7,3,220.0,660.0
5127,ORIT_893721,ORD_893721,BolCot_21df,1,300.0,300.0
5128,ORIT_389cba,ORD_389cba,PilPol_a442,2,180.0,360.0
5129,ORIT_fe4266,ORD_fe4266,MatSpr_06ac,1,4000.0,4000.0
5130,ORIT_142db3,ORD_142db3,MatSpr_28ce,4,6000.0,24000.0
5131,ORIT_27dce0,ORD_27dce0,PilFea_115c,1,650.0,650.0
5132,ORIT_1d9e64,ORD_1d9e64,BolPol_82d7,1,220.0,220.0
5133,ORIT_0b833c,ORD_0b833c,MatSpr_ba3a,1,8000.0,8000.0
5134,ORIT_79cc86,ORD_79cc86,PilPol_3076,1,180.0,180.0
5135,ORIT_96f6b3,ORD_96f6b3,MatSpr_56a3,2,4000.0,8000.0
5136,ORIT_ecbba5,ORD_ecbba5,MatSpr_ba3a,1,8000.0,8000.0
5137,ORIT_f8588d,ORD_f8588d,MatSpr_ccc4,1,6000.0,6000.0
5138,ORIT_037dc3,ORD_037dc3,PilCot_f078,1,250.0,250.0
5139,ORIT_6b90d1,ORD_6b90d1,MatSpr_acd0,1,8000.0,8000.0
5140,ORIT_d48391,ORD_d48391,BedCot_4e8b,1,1500.0,1500.0
5141,ORIT_89a2e3,ORD_89a2e3,MatPoc_6ee7,1,13000.0,13000.0
5142,ORIT_54b136,ORD_54b136,MatPoc_2df5,1,17500.0,17500.0
5143,ORIT_a088d6,ORD_a088d6,MatSpr_ccc4,3,6000.0,18000.0
5144,ORIT_e0b95a,ORD_e0b95a,MatPoc_2df5,1,17500.0,17500.0
5145,ORIT_c86cf8,ORD_c86cf8,BedCot_2397,2,1500.0,3000.0
5146,ORIT_13cfc4,ORD_13cfc4,BedCot_17f5,1,1500.0,1500.0
5147,ORIT_38544d,ORD_38544d,MatPoc_2df5,1,17500.0,17500.0
5148,ORIT_ffa5f4,ORD_ffa5f4,MatSpr_ba3a,1,8000.0,8000.0
5149,ORIT_2bd788,ORD_2bd788,PilFea_56ac,1,650.0,650.0
5150,ORIT_e9b3d2,ORD_e9b3d2,BolPol_cfd7,1,220.0,220.0
5151,ORIT_f40941,ORD_f40941,MatSpr_56a3,1,4000.0,4000.0
5152,ORIT_538a39,ORD_538a39,MatFoa_8cd2,4,3500.0,14000.0
5153,ORIT_936bb6,ORD_936bb6,BolPol_82d7,1,220.0,220.0
5154,ORIT_14a360,ORD_14a360,MatPoc_6ee7,2,13000.0,26000.0
5155,ORIT_07ee40,ORD_07ee40,MatFoa_e09a,3,5500.0,16500.0
5156,ORIT_aef6c2,ORD_aef6c2,BolPol_f3ad,1,220.0,220.0
5157,ORIT_3216b2,ORD_3216b2,BedCot_17f5,1,1500.0,1500.0
5158,ORIT_84fa30,ORD_84fa30,MatSpr_ba3a,1,8000.0,8000.0
5159,ORIT_c9939e,ORD_c9939e,BedLin_2f24,2,2000.0,4000.0
5160,ORIT_d4bee2,ORD_d4bee2,BolPol_82d7,2,220.0,440.0
5161,ORIT_4bb26c,ORD_4bb26c,PilFea_8a5d,2,650.0,1300.0
5162,ORIT_d63d0b,ORD_d63d0b,BedCot_2449,2,800.0,1600.0
5163,ORIT_35a0f3,ORD_35a0f3,MatSpr_28ce,1,6000.0,6000.0
5164,ORIT_10aafd,ORD_10aafd,BedPol_e207,2,400.0,800.0
5165,ORIT_3e1035,ORD_3e1035,BolPol_cfd7,1,220.0,220.0
5166,ORIT_207f08,ORD_207f08,BedPol_239e,1,600.0,600.0
5167,ORIT_33317f,ORD_33317f,PilPol_a442,1,180.0,180.0
5168,ORIT_7eff2a,ORD_7eff2a,PilPol_a442,1,180.0,180.0
5169,ORIT_183a60,ORD_183a60,BedPol_5ab8,1,600.0,600.0
5170,ORIT_76e572,ORD_76e572,BlaFle_9bda,1,700.0,700.0
5171,ORIT_d81906,ORD_d81906,MatSpr_56a3,1,4000.0,4000.0
5172,ORIT_4f4409,ORD_4f4409,MatSpr_28ce,1,6000.0,6000.0
5173,ORIT_67e925,ORD_67e925,BlaCot_9781,2,1200.0,2400.0
5174,ORIT_f2e13e,ORD_f2e13e,MatPoc_45de,1,13000.0,13000.0
5175,ORIT_54f2f0,ORD_54f2f0,MatPoc_6ee7,1,13000.0,13000.0
5176,ORIT_91778f,ORD_91778f,MatSpr_acd0,1,8000.0,8000.0
5177,ORIT_a09804,ORD_a09804,PilFea_8a5d,1,650.0,650.0
5178,ORIT_e2819e,ORD_e2819e,PilFea_115c,1,650.0,650.0
5179,ORIT_1dc92f,ORD_1dc92f,MatSpr_ba3a,1,8000.0,8000.0
5180,ORIT_dc1e4d,ORD_dc1e4d,MatSpr_ccc4,1,6000.0,6000.0
5181,ORIT_5e95d4,ORD_5e95d4,BedPol_f406,1,500.0,500.0
5182,ORIT_f5496e,ORD_f5496e,BedPol_5144,2,600.0,1200.0
5183,ORIT_400bd9,ORD_400bd9,BolPol_82d7,2,220.0,440.0
5184,ORIT_38e971,ORD_38e971,BolPol_82d7,1,220.0,220.0
5185,ORIT_ccbdcb,ORD_ccbdcb,BedPol_f406,1,500.0,500.0
5186,ORIT_a89e17,ORD_a89e17,PilPol_3076,1,180.0,180.0
5187,ORIT_b47c42,ORD_b47c42,BedCot_c645,3,1200.0,3600.0
5188,ORIT_c243d1,ORD_c243d1,MatSpr_acd0,1,8000.0,8000.0
5189,ORIT_164cf8,ORD_164cf8,BedCot_2397,1,1500.0,1500.0
5190,ORIT_885c32,ORD_885c32,BedCot_87ca,1,1200.0,1200.0
5191,ORIT_f4ae33,ORD_f4ae33,MatSpr_56a3,1,4000.0,4000.0
5192,ORIT_f4ce7b,ORD_f4ce7b,MatSpr_ba3a,1,8000.0,8000.0
5193,ORIT_2ded24,ORD_2ded24,MatSpr_ccc4,1,6000.0,6000.0
5194,ORIT_061fb2,ORD_061fb2,MatSpr_06ac,1,4000.0,4000.0
5195,ORIT_adb8e5,ORD_adb8e5,BedCot_17f5,1,1500.0,1500.0
5196,ORIT_7602cd,ORD_7602cd,BedLin_d846,1,2000.0,2000.0
5197,ORIT_54ed23,ORD_54ed23,MatPoc_f6cb,1,17500.0,17500.0
5198,ORIT_4e7e28,ORD_4e7e28,MatFoa_28ad,1,7500.0,7500.0
5199,ORIT_c02615,ORD_c02615,PilFea_115c,1,650.0,650.0
5200,ORIT_581209,ORD_581209,PilPol_a442,4,180.0,720.0
5201,ORIT_6415e1,ORD_6415e1,MatPoc_1e64,3,8500.0,25500.0
5202,ORIT_dc85be,ORD_dc85be,MatPoc_27a0,2,8500.0,17000.0
5203,ORIT_6ac887,ORD_6ac887,MatFoa_8cd2,1,3500.0,3500.0
5204,ORIT_488f4a,ORD_488f4a,MatSpr_ccc4,1,6000.0,6000.0
5205,ORIT_416366,ORD_416366,MatSpr_28ce,1,6000.0,6000.0
5206,ORIT_f454e7,ORD_f454e7,MatPoc_27a0,1,8500.0,8500.0
5207,ORIT_1f0eb4,ORD_1f0eb4,BolCot_3050,1,300.0,300.0
5208,ORIT_4b53dc,ORD_4b53dc,BlaFle_9bda,1,700.0,700.0
5209,ORIT_2d03b8,ORD_2d03b8,BolPol_f3ad,2,220.0,440.0
5210,ORIT_b8d84e,ORD_b8d84e,MatPoc_6ee7,1,13000.0,13000.0
5211,ORIT_7aeb5b,ORD_7aeb5b,MatSpr_06ac,2,4000.0,8000.0
5212,ORIT_d9d3c9,ORD_d9d3c9,BlaCot_503c,3,2000.0,6000.0
5213,ORIT_c53afb,ORD_c53afb,MatSpr_06ac,1,4000.0,4000.0
5214,ORIT_0906a1,ORD_0906a1,PilFea_56ac,1,650.0,650.0
5215,ORIT_c5f0da,ORD_c5f0da,MatSpr_56a3,1,4000.0,4000.0
5216,ORIT_cb97e8,ORD_cb97e8,MatSpr_ba3a,3,8000.0,24000.0
5217,ORIT_277a07,ORD_277a07,PilFea_115c,4,650.0,2600.0
5218,ORIT_586a81,ORD_586a81,MatPoc_2df5,1,17500.0,17500.0
5219,ORIT_4048f4,ORD_4048f4,BedCot_d278,3,1200.0,3600.0
5220,ORIT_47d5b3,ORD_47d5b3,MatPoc_45de,2,13000.0,26000.0
5221,ORIT_d188d5,ORD_d188d5,BolFea_b87f,3,700.0,2100.0
5222,ORIT_3dc0c5,ORD_3dc0c5,MatSpr_ccc4,1,6000.0,6000.0
5223,ORIT_689e88,ORD_689e88,PilPol_3076,1,180.0,180.0
5224,ORIT_06d3de,ORD_06d3de,MatFoa_e09a,1,5500.0,5500.0
5225,ORIT_027a0b,ORD_027a0b,MatSpr_28ce,1,6000.0,6000.0
5226,ORIT_d44b45,ORD_d44b45,PilFea_8a5d,1,650.0,650.0
5227,ORIT_312891,ORD_312891,MatPoc_45de,1,13000.0,13000.0
5228,ORIT_5f4524,ORD_5f4524,MatSpr_ba3a,3,8000.0,24000.0
5229,ORIT_c1d515,ORD_c1d515,BolFea_d1d6,1,700.0,700.0
5230,ORIT_683268,ORD_683268,MatSpr_ccc4,2,6000.0,12000.0
5231,ORIT_be717b,ORD_be717b,MatSpr_ba3a,2,8000.0,16000.0
5232,ORIT_a4dbf5,ORD_a4dbf5,PilPol_662f,1,180.0,180.0
5233,ORIT_341a7b,ORD_341a7b,MatPoc_2df5,1,17500.0,17500.0
5234,ORIT_f51d04,ORD_f51d04,BolPol_f3ad,2,220.0,440.0
5235,ORIT_aa3d4f,ORD_aa3d4f,MatSpr_acd0,1,8000.0,8000.0
5236,ORIT_4a0199,ORD_4a0199,PilCot_b22a,1,250.0,250.0
5237,ORIT_f22e9d,ORD_f22e9d,BlaCot_503c,3,2000.0,6000.0
5238,ORIT_506283,ORD_506283,BolPol_82d7,1,220.0,220.0
5239,ORIT_4cfd02,ORD_4cfd02,PilFea_115c,1,650.0,650.0
5240,ORIT_0267af,ORD_0267af,BedCot_2449,1,800.0,800.0
5241,ORIT_8a7961,ORD_8a7961,BedPol_e8c9,1,400.0,400.0
5242,ORIT_f88564,ORD_f88564,BedLin_b097,2,3800.0,7600.0
5243,ORIT_226eaa,ORD_226eaa,MatPoc_1e64,1,8500.0,8500.0
5244,ORIT_0fa287,ORD_0fa287,MatSpr_56a3,1,4000.0,4000.0
5245,ORIT_edb0ee,ORD_edb0ee,PilPol_662f,3,180.0,540.0
5246,ORIT_d896f8,ORD_d896f8,BedLin_67d1,1,3800.0,3800.0
5247,ORIT_3e3579,ORD_3e3579,BedCot_17f5,1,1500.0,1500.0
5248,ORIT_a2f5a2,ORD_a2f5a2,MatSpr_ccc4,1,6000.0,6000.0
5249,ORIT_059fa7,ORD_059fa7,BedCot_d278,1,1200.0,1200.0
5250,ORIT_d5e051,ORD_d5e051,MatPoc_f6cb,1,17500.0,17500.0
5251,ORIT_5a79cb,ORD_5a79cb,MatSpr_06ac,1,4000.0,4000.0
5252,ORIT_d3c383,ORD_d3c383,MatPoc_f6cb,1,17500.0,17500.0
5253,ORIT_05d711,ORD_05d711,BedCot_87ca,1,1200.0,1200.0
5254,ORIT_343a60,ORD_343a60,PilPol_3076,1,180.0,180.0
5255,ORIT_ebe1f9,ORD_ebe1f9,BolPol_82d7,1,220.0,220.0
5256,ORIT_3901e7,ORD_3901e7,MatSpr_ba3a,1,8000.0,8000.0
5257,ORIT_f818a2,ORD_f818a2,MatSpr_ba3a,1,8000.0,8000.0
5258,ORIT_e9f189,ORD_e9f189,BedCot_4a29,2,800.0,1600.0
5259,ORIT_ee754a,ORD_ee754a,MatSpr_acd0,1,8000.0,8000.0
5260,ORIT_ea3f41,ORD_ea3f41,PilFea_56ac,1,650.0,650.0
5261,ORIT_42a735,ORD_42a735,PilFea_8a5d,1,650.0,650.0
5262,ORIT_1f79ec,ORD_1f79ec,BolCot_31e6,1,300.0,300.0
5263,ORIT_5d79dc,ORD_5d79dc,MatSpr_ccc4,1,6000.0,6000.0
5264,ORIT_3a0cfc,ORD_3a0cfc,PilFea_115c,2,650.0,1300.0
5265,ORIT_f66e53,ORD_f66e53,BedCot_2449,4,800.0,3200.0
5266,ORIT_27cd50,ORD_27cd50,BedCot_2449,1,800.0,800.0
5267,ORIT_387395,ORD_387395,MatPoc_27a0,4,8500.0,34000.0
5268,ORIT_b1334e,ORD_b1334e,BedPol_d3de,4,500.0,2000.0
5269,ORIT_bc1a6a,ORD_bc1a6a,PilPol_3076,4,180.0,720.0
5270,ORIT_1c2818,ORD_1c2818,MatSpr_56a3,3,4000.0,12000.0
5271,ORIT_9da94c,ORD_9da94c,PilFea_56ac,3,650.0,1950.0
5272,ORIT_d8589c,ORD_d8589c,MatSpr_ba3a,3,8000.0,24000.0
5273,ORIT_908058,ORD_908058,BedCot_2449,4,800.0,3200.0
5274,ORIT_8ee749,ORD_8ee749,MatPoc_f6cb,4,17500.0,70000.0
5275,ORIT_d1ae0d,ORD_d1ae0d,BedCot_4e8b,3,1500.0,4500.0
5276,ORIT_2131a7,ORD_2131a7,BolPol_cfd7,3,220.0,660.0
5277,ORIT_3c69ee,ORD_3c69ee,MatFoa_13fa,1,7500.0,7500.0
5278,ORIT_1cc8da,ORD_1cc8da,BlaFle_5881,4,700.0,2800.0
5279,ORIT_1f9279,ORD_1f9279,MatPoc_1e64,4,8500.0,34000.0
5280,ORIT_5c3d17,ORD_5c3d17,PilCot_f078,4,250.0,1000.0
5281,ORIT_6fbb15,ORD_6fbb15,MatSpr_28ce,4,6000.0,24000.0
5282,ORIT_af7d31,ORD_af7d31,BedCot_17f5,2,1500.0,3000.0
5283,ORIT_26ab89,ORD_26ab89,PilPol_662f,1,180.0,180.0
5284,ORIT_2e13c3,ORD_2e13c3,BolPol_82d7,1,220.0,220.0
5285,ORIT_9021fe,ORD_9021fe,PilCot_b22a,1,250.0,250.0
5286,ORIT_996355,ORD_996355,MatPoc_2df5,4,17500.0,70000.0
5287,ORIT_4a784e,ORD_4a784e,BedLin_8a26,4,3800.0,15200.0
5288,ORIT_e4eeed,ORD_e4eeed,MatSpr_ba3a,1,8000.0,8000.0
5289,ORIT_e1144c,ORD_e1144c,MatPoc_27a0,2,8500.0,17000.0
5290,ORIT_ae2ea2,ORD_ae2ea2,BedCot_4e8b,1,1500.0,1500.0
5291,ORIT_538f11,ORD_538f11,MatSpr_ccc4,1,6000.0,6000.0
5292,ORIT_fe945c,ORD_fe945c,MatPoc_2df5,3,17500.0,52500.0
5293,ORIT_d7864e,ORD_d7864e,MatSpr_06ac,4,4000.0,16000.0
5294,ORIT_c9555c,ORD_c9555c,BolPol_f3ad,1,220.0,220.0
5295,ORIT_0c9775,ORD_0c9775,PilCot_b22a,4,250.0,1000.0
5296,ORIT_eef1b1,ORD_eef1b1,BedPol_e207,2,400.0,800.0
5297,ORIT_c17df0,ORD_c17df0,PilPol_662f,1,180.0,180.0
5298,ORIT_09706a,ORD_09706a,PilPol_662f,2,180.0,360.0
5299,ORIT_747564,ORD_747564,BedCot_6141,1,800.0,800.0
5300,ORIT_e7885d,ORD_e7885d,PilPol_3076,1,180.0,180.0
5301,ORIT_6cce69,ORD_6cce69,BolPol_82d7,1,220.0,220.0
5302,ORIT_ea06cf,ORD_ea06cf,BedCot_87ca,1,1200.0,1200.0
5303,ORIT_a298cc,ORD_a298cc,BlaFle_5881,1,700.0,700.0
5304,ORIT_9aa837,ORD_9aa837,PilPol_a442,1,180.0,180.0
5305,ORIT_a55572,ORD_a55572,PilPol_3076,1,180.0,180.0
5306,ORIT_913c3f,ORD_913c3f,MatPoc_6ee7,1,13000.0,13000.0
5307,ORIT_a1f9c4,ORD_a1f9c4,MatSpr_acd0,1,8000.0,8000.0
5308,ORIT_ebcf81,ORD_ebcf81,BolPol_cfd7,1,220.0,220.0
5309,ORIT_6fc101,ORD_6fc101,BedLin_f732,1,4200.0,4200.0
5310,ORIT_f06b20,ORD_f06b20,MatPoc_2df5,1,17500.0,17500.0
5311,ORIT_da3370,ORD_da3370,MatPoc_6ee7,1,13000.0,13000.0
5312,ORIT_ee0dc4,ORD_ee0dc4,PilFea_115c,3,650.0,1950.0
5313,ORIT_fdc4e7,ORD_fdc4e7,BedPol_5144,2,600.0,1200.0
5314,ORIT_f7e7a5,ORD_f7e7a5,PilFea_8a5d,2,650.0,1300.0
5315,ORIT_472201,ORD_472201,MatPoc_6ee7,3,13000.0,39000.0
5316,ORIT_f5d890,ORD_f5d890,BolCot_31e6,4,300.0,1200.0
5317,ORIT_903d34,ORD_903d34,MatPoc_45de,2,13000.0,26000.0
5318,ORIT_099767,ORD_099767,BedPol_3807,4,500.0,2000.0
5319,ORIT_ffaa2f,ORD_ffaa2f,MatSpr_ba3a,3,8000.0,24000.0
5320,ORIT_9f5280,ORD_9f5280,MatPoc_2df5,1,17500.0,17500.0
5321,ORIT_16aa77,ORD_16aa77,BolPol_82d7,4,220.0,880.0
5322,ORIT_bf239c,ORD_bf239c,BedCot_2449,3,800.0,2400.0
5323,ORIT_88e2f0,ORD_88e2f0,BedLin_8a26,1,3800.0,3800.0
5324,ORIT_0a2db1,ORD_0a2db1,MatPoc_2df5,3,17500.0,52500.0
5325,ORIT_bff583,ORD_bff583,MatPoc_27a0,1,8500.0,8500.0
5326,ORIT_6d300e,ORD_6d300e,BedCot_4a29,2,800.0,1600.0
5327,ORIT_186b30,ORD_186b30,MatPoc_f6cb,2,17500.0,35000.0
5328,ORIT_696e02,ORD_696e02,MatSpr_ba3a,2,8000.0,16000.0
5329,ORIT_3ce239,ORD_3ce239,MatPoc_45de,1,13000.0,13000.0
5330,ORIT_32db32,ORD_32db32,PilFea_8a5d,1,650.0,650.0
5331,ORIT_ba9ab3,ORD_ba9ab3,MatSpr_ccc4,1,6000.0,6000.0
5332,ORIT_d23bf8,ORD_d23bf8,PilPol_662f,2,180.0,360.0
5333,ORIT_ada803,ORD_ada803,BedPol_f406,1,500.0,500.0
5334,ORIT_e47aa1,ORD_e47aa1,MatPoc_f6cb,1,17500.0,17500.0
5335,ORIT_004da3,ORD_004da3,BedCot_4e8b,1,1500.0,1500.0
5336,ORIT_f2d941,ORD_f2d941,BlaFla_ce8e,1,600.0,600.0
5337,ORIT_5f82ad,ORD_5f82ad,BedLin_18f8,1,2000.0,2000.0
5338,ORIT_f92a4f,ORD_f92a4f,MatPoc_f6cb,1,17500.0,17500.0
5339,ORIT_24cebe,ORD_24cebe,PilFea_115c,1,650.0,650.0
5340,ORIT_0b6778,ORD_0b6778,BolPol_cfd7,1,220.0,220.0
5341,ORIT_b1aa7f,ORD_b1aa7f,MatSpr_ba3a,1,8000.0,8000.0
5342,ORIT_5b99d2,ORD_5b99d2,MatPoc_2df5,2,17500.0,35000.0
5343,ORIT_ebb0c5,ORD_ebb0c5,BedPol_5ab8,2,600.0,1200.0
5344,ORIT_360155,ORD_360155,BedLin_d846,1,2000.0,2000.0
5345,ORIT_7d44c3,ORD_7d44c3,BolPol_82d7,1,220.0,220.0
5346,ORIT_512882,ORD_512882,MatSpr_28ce,1,6000.0,6000.0
5347,ORIT_b341b6,ORD_b341b6,BedCot_6141,1,800.0,800.0
5348,ORIT_c5f4e3,ORD_c5f4e3,MatFoa_182e,2,5500.0,11000.0
5349,ORIT_b0bd7a,ORD_b0bd7a,BedCot_c645,1,1200.0,1200.0
5350,ORIT_f9f0e7,ORD_f9f0e7,PilFea_8a5d,1,650.0,650.0
5351,ORIT_60e1cc,ORD_60e1cc,BedCot_2449,3,800.0,2400.0
5352,ORIT_da5eb8,ORD_da5eb8,BedCot_4e8b,3,1500.0,4500.0
5353,ORIT_4e1fc7,ORD_4e1fc7,MatFoa_13fa,2,7500.0,15000.0
5354,ORIT_d5596a,ORD_d5596a,PilCot_b22a,3,250.0,750.0
5355,ORIT_c447d6,ORD_c447d6,MatPoc_45de,3,13000.0,39000.0
5356,ORIT_d3ac50,ORD_d3ac50,BedPol_2724,1,400.0,400.0
5357,ORIT_65091b,ORD_65091b,MatSpr_06ac,4,4000.0,16000.0
5358,ORIT_7ce478,ORD_7ce478,MatSpr_acd0,1,8000.0,8000.0
5359,ORIT_8db6cb,ORD_8db6cb,MatPoc_2df5,1,17500.0,17500.0
5360,ORIT_9609a6,ORD_9609a6,MatPoc_6ee7,2,13000.0,26000.0
5361,ORIT_a9920b,ORD_a9920b,PilPol_662f,2,180.0,360.0
5362,ORIT_b22532,ORD_b22532,BedPol_f406,3,500.0,1500.0
5363,ORIT_7fa5a6,ORD_7fa5a6,MatPoc_6ee7,4,13000.0,52000.0
5364,ORIT_2de90a,ORD_2de90a,MatSpr_06ac,2,4000.0,8000.0
5365,ORIT_23df3c,ORD_23df3c,MatSpr_ba3a,3,8000.0,24000.0
5366,ORIT_e33554,ORD_e33554,PilPol_662f,3,180.0,540.0
5367,ORIT_936965,ORD_936965,MatSpr_06ac,3,4000.0,12000.0
5368,ORIT_cf8b79,ORD_cf8b79,MatSpr_acd0,1,8000.0,8000.0
5369,ORIT_33a82f,ORD_33a82f,MatPoc_6ee7,1,13000.0,13000.0
5370,ORIT_67bafa,ORD_67bafa,MatSpr_ccc4,1,6000.0,6000.0
5371,ORIT_d08bf5,ORD_d08bf5,BedCot_17f5,1,1500.0,1500.0
5372,ORIT_ec1554,ORD_ec1554,MatPoc_f6cb,1,17500.0,17500.0
5373,ORIT_77e8f7,ORD_77e8f7,PilFea_115c,3,650.0,1950.0
5374,ORIT_689548,ORD_689548,MatSpr_ccc4,1,6000.0,6000.0
5375,ORIT_ed731b,ORD_ed731b,BolPol_f3ad,1,220.0,220.0
5376,ORIT_3275a1,ORD_3275a1,BedLin_2f24,2,2000.0,4000.0
5377,ORIT_f29064,ORD_f29064,BedPol_3807,3,500.0,1500.0
5378,ORIT_9541b2,ORD_9541b2,BedPol_d3de,3,500.0,1500.0
5379,ORIT_92eaf9,ORD_92eaf9,MatPoc_2df5,1,17500.0,17500.0
5380,ORIT_f81b1c,ORD_f81b1c,MatPoc_45de,1,13000.0,13000.0
5381,ORIT_81237a,ORD_81237a,PilFea_8a5d,3,650.0,1950.0
5382,ORIT_ce13b2,ORD_ce13b2,MatSpr_28ce,2,6000.0,12000.0
5383,ORIT_a3e9e5,ORD_a3e9e5,BedCot_2397,4,1500.0,6000.0
5384,ORIT_205b27,ORD_205b27,MatPoc_2df5,1,17500.0,17500.0
5385,ORIT_227e9b,ORD_227e9b,BedCot_2449,1,800.0,800.0
5386,ORIT_910289,ORD_910289,BlaCot_9ef6,1,2200.0,2200.0
5387,ORIT_7727bd,ORD_7727bd,MatPoc_45de,1,13000.0,13000.0
5388,ORIT_ae2c3a,ORD_ae2c3a,MatSpr_ba3a,1,8000.0,8000.0
5389,ORIT_0c67cc,ORD_0c67cc,PilFea_8a5d,1,650.0,650.0
5390,ORIT_7443bd,ORD_7443bd,BedCot_2397,1,1500.0,1500.0
5391,ORIT_c263e4,ORD_c263e4,MatPoc_6ee7,2,13000.0,26000.0
5392,ORIT_420b62,ORD_420b62,MatSpr_ccc4,2,6000.0,12000.0
5393,ORIT_43f4c0,ORD_43f4c0,MatSpr_06ac,1,4000.0,4000.0
5394,ORIT_be915b,ORD_be915b,BedLin_18f8,1,2000.0,2000.0
5395,ORIT_adf822,ORD_adf822,MatFoa_28ad,1,7500.0,7500.0
5396,ORIT_481c67,ORD_481c67,BolCot_21df,3,300.0,900.0
5397,ORIT_ecd812,ORD_ecd812,PilFea_115c,1,650.0,650.0
5398,ORIT_851d2b,ORD_851d2b,MatPoc_2df5,1,17500.0,17500.0
5399,ORIT_c7dcee,ORD_c7dcee,PilPol_3076,1,180.0,180.0
5400,ORIT_ca0368,ORD_ca0368,PilCot_f078,1,250.0,250.0
5401,ORIT_5e5750,ORD_5e5750,MatPoc_f6cb,1,17500.0,17500.0
5402,ORIT_a19811,ORD_a19811,BedCot_2449,1,800.0,800.0
5403,ORIT_246667,ORD_246667,MatPoc_f6cb,2,17500.0,35000.0
5404,ORIT_f438e9,ORD_f438e9,BedCot_2397,1,1500.0,1500.0
5405,ORIT_5c8d94,ORD_5c8d94,BedCot_2397,1,1500.0,1500.0
5406,ORIT_bdeabe,ORD_bdeabe,BlaCot_ce6c,1,2000.0,2000.0
5407,ORIT_d529d5,ORD_d529d5,BolPol_f3ad,1,220.0,220.0
5408,ORIT_b795b5,ORD_b795b5,PilPol_a442,1,180.0,180.0
5409,ORIT_1abbc4,ORD_1abbc4,MatSpr_acd0,1,8000.0,8000.0
5410,ORIT_3be13a,ORD_3be13a,BlaFla_769a,1,600.0,600.0
5411,ORIT_c22884,ORD_c22884,MatPoc_45de,1,13000.0,13000.0
5412,ORIT_ae65bc,ORD_ae65bc,MatSpr_acd0,3,8000.0,24000.0
5413,ORIT_95f756,ORD_95f756,BolCot_3050,1,300.0,300.0
5414,ORIT_c4b25c,ORD_c4b25c,BolPol_82d7,1,220.0,220.0
5415,ORIT_3b2813,ORD_3b2813,BolPol_cfd7,4,220.0,880.0
5416,ORIT_99646d,ORD_99646d,MatSpr_ba3a,4,8000.0,32000.0
5417,ORIT_3cd3f8,ORD_3cd3f8,BedCot_c645,4,1200.0,4800.0
5418,ORIT_d391ae,ORD_d391ae,PilPol_a442,3,180.0,540.0
5419,ORIT_acb223,ORD_acb223,MatPoc_6ee7,3,13000.0,39000.0
5420,ORIT_7fd481,ORD_7fd481,MatSpr_06ac,1,4000.0,4000.0
5421,ORIT_aaaf12,ORD_aaaf12,MatSpr_ccc4,3,6000.0,18000.0
5422,ORIT_0ff299,ORD_0ff299,BedCot_d278,3,1200.0,3600.0
5423,ORIT_c2f5db,ORD_c2f5db,MatPoc_f6cb,3,17500.0,52500.0
5424,ORIT_1f5d22,ORD_1f5d22,MatSpr_ba3a,4,8000.0,32000.0
5425,ORIT_4cced7,ORD_4cced7,MatSpr_56a3,3,4000.0,12000.0
5426,ORIT_c8041d,ORD_c8041d,MatPoc_f6cb,2,17500.0,35000.0
5427,ORIT_46268f,ORD_46268f,BolPol_f3ad,4,220.0,880.0
5428,ORIT_87b4f0,ORD_87b4f0,MatSpr_ccc4,4,6000.0,24000.0
5429,ORIT_759996,ORD_759996,PilFea_56ac,4,650.0,2600.0
5430,ORIT_2220e1,ORD_2220e1,MatSpr_06ac,3,4000.0,12000.0
5431,ORIT_ac8e86,ORD_ac8e86,BedCot_87ca,2,1200.0,2400.0
5432,ORIT_981ec3,ORD_981ec3,MatPoc_1e64,1,8500.0,8500.0
5433,ORIT_4bd4a8,ORD_4bd4a8,MatPoc_f6cb,2,17500.0,35000.0
5434,ORIT_4c5543,ORD_4c5543,BlaCot_503c,3,2000.0,6000.0
5435,ORIT_96748d,ORD_96748d,BedCot_4e8b,3,1500.0,4500.0
5436,ORIT_3715ce,ORD_3715ce,MatPoc_27a0,2,8500.0,17000.0
5437,ORIT_0bab80,ORD_0bab80,PilPol_3076,1,180.0,180.0
5438,ORIT_d27274,ORD_d27274,MatSpr_ccc4,1,6000.0,6000.0
5439,ORIT_691a51,ORD_691a51,MatSpr_56a3,1,4000.0,4000.0
5440,ORIT_4b7e07,ORD_4b7e07,MatFoa_28ad,1,7500.0,7500.0
5441,ORIT_e0b16a,ORD_e0b16a,MatSpr_28ce,1,6000.0,6000.0
5442,ORIT_a5dc41,ORD_a5dc41,MatSpr_28ce,2,6000.0,12000.0
5443,ORIT_b7bb48,ORD_b7bb48,BedCot_c645,1,1200.0,1200.0
5444,ORIT_1561d9,ORD_1561d9,BedCot_2397,1,1500.0,1500.0
5445,ORIT_a5cbc1,ORD_a5cbc1,MatSpr_ccc4,3,6000.0,18000.0
5446,ORIT_9580ea,ORD_9580ea,BedPol_5144,1,600.0,600.0
5447,ORIT_68b267,ORD_68b267,PilPol_a442,1,180.0,180.0
5448,ORIT_8a8f7f,ORD_8a8f7f,MatPoc_f6cb,2,17500.0,35000.0
5449,ORIT_d042b6,ORD_d042b6,PilFea_56ac,2,650.0,1300.0
5450,ORIT_355c25,ORD_355c25,BedCot_17f5,1,1500.0,1500.0
5451,ORIT_6dcd8a,ORD_6dcd8a,BedLin_5d3d,1,4200.0,4200.0
5452,ORIT_756616,ORD_756616,MatPoc_6ee7,1,13000.0,13000.0
5453,ORIT_fc68a6,ORD_fc68a6,MatFoa_13fa,1,7500.0,7500.0
5454,ORIT_dee26f,ORD_dee26f,PilPol_662f,1,180.0,180.0
5455,ORIT_4a1fa4,ORD_4a1fa4,PilFea_8a5d,1,650.0,650.0
5456,ORIT_9f1de2,ORD_9f1de2,MatSpr_acd0,1,8000.0,8000.0
5457,ORIT_af9785,ORD_af9785,MatSpr_ba3a,1,8000.0,8000.0
5458,ORIT_7caf6e,ORD_7caf6e,PilCot_f078,1,250.0,250.0
5459,ORIT_41c8db,ORD_41c8db,MatFoa_28ad,2,7500.0,15000.0
5460,ORIT_26d194,ORD_26d194,BedPol_e207,2,400.0,800.0
5461,ORIT_26d8de,ORD_26d8de,BedLin_67d1,1,3800.0,3800.0
5462,ORIT_b1c10b,ORD_b1c10b,MatSpr_acd0,3,8000.0,24000.0
5463,ORIT_21f098,ORD_21f098,MatSpr_ccc4,1,6000.0,6000.0
5464,ORIT_73f60f,ORD_73f60f,PilPol_a442,2,180.0,360.0
5465,ORIT_3513e0,ORD_3513e0,BedCot_6141,2,800.0,1600.0
5466,ORIT_49d018,ORD_49d018,MatPoc_6ee7,2,13000.0,26000.0
5467,ORIT_1e7956,ORD_1e7956,BolPol_82d7,1,220.0,220.0
5468,ORIT_ac7947,ORD_ac7947,BolPol_82d7,1,220.0,220.0
5469,ORIT_54b78c,ORD_54b78c,MatPoc_6ee7,1,13000.0,13000.0
5470,ORIT_95feeb,ORD_95feeb,MatPoc_2df5,2,17500.0,35000.0
5471,ORIT_48fa62,ORD_48fa62,BedCot_2449,1,800.0,800.0
5472,ORIT_61fe5f,ORD_61fe5f,BedCot_2449,1,800.0,800.0
5473,ORIT_7cb5a2,ORD_7cb5a2,BedCot_4e8b,1,1500.0,1500.0
5474,ORIT_f76a49,ORD_f76a49,MatSpr_ba3a,1,8000.0,8000.0
5475,ORIT_eefd5a,ORD_eefd5a,BedPol_2724,2,400.0,800.0
5476,ORIT_54ae9a,ORD_54ae9a,MatSpr_28ce,1,6000.0,6000.0
5477,ORIT_447676,ORD_447676,MatSpr_acd0,2,8000.0,16000.0
5478,ORIT_85c73e,ORD_85c73e,PilPol_3076,1,180.0,180.0
5479,ORIT_4308b3,ORD_4308b3,MatPoc_45de,1,13000.0,13000.0
5480,ORIT_da4a07,ORD_da4a07,BedCot_c645,1,1200.0,1200.0
5481,ORIT_095cd9,ORD_095cd9,BedCot_4e8b,1,1500.0,1500.0
5482,ORIT_551654,ORD_551654,BedPol_e207,2,400.0,800.0
5483,ORIT_a65b67,ORD_a65b67,MatSpr_ba3a,1,8000.0,8000.0
5484,ORIT_ea2699,ORD_ea2699,BedPol_2724,1,400.0,400.0
5485,ORIT_bfb477,ORD_bfb477,BedCot_2449,1,800.0,800.0
5486,ORIT_19376d,ORD_19376d,BolPol_82d7,1,220.0,220.0
5487,ORIT_8f25ce,ORD_8f25ce,BolFea_b87f,1,700.0,700.0
5488,ORIT_4a5cc9,ORD_4a5cc9,BolCot_21df,1,300.0,300.0
5489,ORIT_9863b4,ORD_9863b4,BolPol_f3ad,1,220.0,220.0
5490,ORIT_d3d621,ORD_d3d621,MatSpr_56a3,1,4000.0,4000.0
5491,ORIT_9dae80,ORD_9dae80,PilPol_662f,1,180.0,180.0
5492,ORIT_558cb9,ORD_558cb9,PilPol_a442,1,180.0,180.0
5493,ORIT_3da724,ORD_3da724,PilPol_662f,3,180.0,540.0
5494,ORIT_87b547,ORD_87b547,BedCot_2449,1,800.0,800.0
5495,ORIT_66e0ae,ORD_66e0ae,PilPol_662f,1,180.0,180.0
5496,ORIT_677962,ORD_677962,MatPoc_6ee7,1,13000.0,13000.0
5497,ORIT_5f495b,ORD_5f495b,BedCot_87ca,1,1200.0,1200.0
5498,ORIT_ee3e80,ORD_ee3e80,MatPoc_2df5,1,17500.0,17500.0
5499,ORIT_9c64d4,ORD_9c64d4,MatSpr_56a3,1,4000.0,4000.0
5500,ORIT_80b850,ORD_80b850,MatSpr_ba3a,1,8000.0,8000.0
5501,ORIT_e804b8,ORD_e804b8,BedCot_6141,1,800.0,800.0
5502,ORIT_ce3cab,ORD_ce3cab,BedCot_6141,1,800.0,800.0
5503,ORIT_812325,ORD_812325,MatFoa_182e,2,5500.0,11000.0
5504,ORIT_681070,ORD_681070,MatFoa_4414,2,3500.0,7000.0
5505,ORIT_57a35b,ORD_57a35b,MatSpr_06ac,1,4000.0,4000.0
5506,ORIT_345ef5,ORD_345ef5,MatPoc_f6cb,2,17500.0,35000.0
5507,ORIT_5a95d1,ORD_5a95d1,MatSpr_ccc4,3,6000.0,18000.0
5508,ORIT_ccfd53,ORD_ccfd53,MatPoc_f6cb,3,17500.0,52500.0
5509,ORIT_0e460f,ORD_0e460f,BedPol_e8c9,1,400.0,400.0
5510,ORIT_d9952b,ORD_d9952b,PilPol_662f,1,180.0,180.0
5511,ORIT_d3767e,ORD_d3767e,MatSpr_56a3,3,4000.0,12000.0
5512,ORIT_285501,ORD_285501,BedCot_6141,4,800.0,3200.0
5513,ORIT_ebda24,ORD_ebda24,BolCot_21df,1,300.0,300.0
5514,ORIT_e9da9e,ORD_e9da9e,BedPol_f406,2,500.0,1000.0
5515,ORIT_7176ef,ORD_7176ef,MatPoc_6ee7,1,13000.0,13000.0
5516,ORIT_56cdf8,ORD_56cdf8,MatSpr_acd0,1,8000.0,8000.0
5517,ORIT_10fa74,ORD_10fa74,BlaFle_33f0,1,700.0,700.0
5518,ORIT_bc4da7,ORD_bc4da7,BedCot_d278,1,1200.0,1200.0
5519,ORIT_e5e4e4,ORD_e5e4e4,MatPoc_45de,1,13000.0,13000.0
5520,ORIT_ad2a3e,ORD_ad2a3e,PilPol_3076,3,180.0,540.0
5521,ORIT_5aa846,ORD_5aa846,BedCot_4a29,2,800.0,1600.0
5522,ORIT_c65071,ORD_c65071,MatPoc_6ee7,2,13000.0,26000.0
5523,ORIT_fea6b4,ORD_fea6b4,PilFea_115c,3,650.0,1950.0
5524,ORIT_8526bf,ORD_8526bf,MatFoa_28ad,3,7500.0,22500.0
5525,ORIT_ac3eea,ORD_ac3eea,MatSpr_06ac,4,4000.0,16000.0
5526,ORIT_c89e0f,ORD_c89e0f,MatPoc_2df5,1,17500.0,17500.0
5527,ORIT_ade50b,ORD_ade50b,MatPoc_6ee7,4,13000.0,52000.0
5528,ORIT_6d0bba,ORD_6d0bba,MatSpr_ba3a,3,8000.0,24000.0
5529,ORIT_418ac6,ORD_418ac6,MatSpr_acd0,4,8000.0,32000.0
5530,ORIT_9125f4,ORD_9125f4,MatSpr_06ac,4,4000.0,16000.0
5531,ORIT_7796a9,ORD_7796a9,MatSpr_06ac,4,4000.0,16000.0
5532,ORIT_18e357,ORD_18e357,MatFoa_e09a,3,5500.0,16500.0
5533,ORIT_653c64,ORD_653c64,BolPol_f3ad,2,220.0,440.0
5534,ORIT_de27d0,ORD_de27d0,MatFoa_182e,2,5500.0,11000.0
5535,ORIT_42fe9c,ORD_42fe9c,BedPol_e8c9,1,400.0,400.0
5536,ORIT_0a03eb,ORD_0a03eb,PilFea_115c,1,650.0,650.0
5537,ORIT_426d01,ORD_426d01,BolPol_82d7,3,220.0,660.0
5538,ORIT_ac15cd,ORD_ac15cd,BedCot_2449,4,800.0,3200.0
5539,ORIT_1eccbd,ORD_1eccbd,PilPol_3076,2,180.0,360.0
5540,ORIT_da853b,ORD_da853b,MatSpr_ba3a,1,8000.0,8000.0
5541,ORIT_5b8b30,ORD_5b8b30,BolPol_cfd7,1,220.0,220.0
5542,ORIT_f8b0b5,ORD_f8b0b5,BedPol_2724,1,400.0,400.0
5543,ORIT_cbe9be,ORD_cbe9be,MatPoc_27a0,2,8500.0,17000.0
5544,ORIT_7c7de0,ORD_7c7de0,MatPoc_6ee7,1,13000.0,13000.0
5545,ORIT_e8dff2,ORD_e8dff2,BedCot_87ca,2,1200.0,2400.0
5546,ORIT_762699,ORD_762699,BedCot_17f5,2,1500.0,3000.0
5547,ORIT_8a8bc4,ORD_8a8bc4,BolCot_3050,1,300.0,300.0
5548,ORIT_2d3c10,ORD_2d3c10,BolPol_f3ad,1,220.0,220.0
5549,ORIT_8cc1af,ORD_8cc1af,MatSpr_acd0,2,8000.0,16000.0
5550,ORIT_0e6141,ORD_0e6141,BedLin_aa0f,1,4200.0,4200.0
5551,ORIT_b4bbe5,ORD_b4bbe5,BolPol_82d7,4,220.0,880.0
5552,ORIT_491e5c,ORD_491e5c,MatFoa_13fa,3,7500.0,22500.0
5553,ORIT_335cc5,ORD_335cc5,BolPol_f3ad,4,220.0,880.0
5554,ORIT_60e8b5,ORD_60e8b5,BedPol_f406,4,500.0,2000.0
5555,ORIT_a2b927,ORD_a2b927,PilPol_a442,3,180.0,540.0
5556,ORIT_e5a917,ORD_e5a917,MatPoc_f6cb,3,17500.0,52500.0
5557,ORIT_54e3c4,ORD_54e3c4,BedCot_17f5,3,1500.0,4500.0
5558,ORIT_bd5713,ORD_bd5713,MatSpr_ba3a,3,8000.0,24000.0
5559,ORIT_73e7c8,ORD_73e7c8,BedCot_17f5,3,1500.0,4500.0
5560,ORIT_b7f578,ORD_b7f578,MatPoc_6ee7,2,13000.0,26000.0
5561,ORIT_3814fb,ORD_3814fb,PilFea_115c,4,650.0,2600.0
5562,ORIT_bd208e,ORD_bd208e,PilPol_3076,4,180.0,720.0
5563,ORIT_1f70de,ORD_1f70de,BedPol_2724,2,400.0,800.0
5564,ORIT_08d5ba,ORD_08d5ba,MatPoc_f6cb,3,17500.0,52500.0
5565,ORIT_a6962b,ORD_a6962b,MatSpr_28ce,1,6000.0,6000.0
5566,ORIT_f15720,ORD_f15720,BolPol_82d7,3,220.0,660.0
5567,ORIT_f0cf78,ORD_f0cf78,MatSpr_28ce,1,6000.0,6000.0
5568,ORIT_f522ab,ORD_f522ab,PilPol_3076,1,180.0,180.0
5569,ORIT_281ef5,ORD_281ef5,PilFea_8a5d,1,650.0,650.0
5570,ORIT_688cce,ORD_688cce,MatPoc_f6cb,4,17500.0,70000.0
5571,ORIT_8ebc6b,ORD_8ebc6b,MatSpr_28ce,2,6000.0,12000.0
5572,ORIT_cc4423,ORD_cc4423,BolPol_f3ad,4,220.0,880.0
5573,ORIT_b7fe54,ORD_b7fe54,BedCot_4e8b,4,1500.0,6000.0
5574,ORIT_2c5f0d,ORD_2c5f0d,PilPol_3076,3,180.0,540.0
5575,ORIT_c14b6a,ORD_c14b6a,MatSpr_acd0,3,8000.0,24000.0
5576,ORIT_e16484,ORD_e16484,PilPol_662f,3,180.0,540.0
5577,ORIT_d54789,ORD_d54789,MatSpr_28ce,2,6000.0,12000.0
5578,ORIT_bfb391,ORD_bfb391,BolPol_82d7,3,220.0,660.0
5579,ORIT_739548,ORD_739548,MatSpr_ccc4,4,6000.0,24000.0
5580,ORIT_7ae012,ORD_7ae012,MatPoc_1e64,4,8500.0,34000.0
5581,ORIT_b7c55d,ORD_b7c55d,BedPol_e207,2,400.0,800.0
5582,ORIT_739ab1,ORD_739ab1,BedCot_6141,3,800.0,2400.0
5583,ORIT_3ce52d,ORD_3ce52d,PilCot_f078,1,250.0,250.0
5584,ORIT_93da42,ORD_93da42,MatPoc_f6cb,1,17500.0,17500.0
5585,ORIT_53d0bc,ORD_53d0bc,PilPol_662f,1,180.0,180.0
5586,ORIT_3594b9,ORD_3594b9,MatFoa_8cd2,1,3500.0,3500.0
5587,ORIT_8c9d5e,ORD_8c9d5e,PilPol_662f,3,180.0,540.0
5588,ORIT_0f14b5,ORD_0f14b5,PilCot_f078,2,250.0,500.0
5589,ORIT_3fe934,ORD_3fe934,MatFoa_8cd2,3,3500.0,10500.0
5590,ORIT_3ef69e,ORD_3ef69e,MatPoc_1e64,3,8500.0,25500.0
5591,ORIT_208c73,ORD_208c73,BedPol_e207,4,400.0,1600.0
5592,ORIT_10ec96,ORD_10ec96,PilPol_662f,4,180.0,720.0
5593,ORIT_620bfd,ORD_620bfd,MatSpr_ba3a,4,8000.0,32000.0
5594,ORIT_9fed72,ORD_9fed72,BlaFle_33f0,3,700.0,2100.0
5595,ORIT_bfba25,ORD_bfba25,BolPol_cfd7,4,220.0,880.0
5596,ORIT_244cf5,ORD_244cf5,BedCot_87ca,1,1200.0,1200.0
5597,ORIT_cd05b6,ORD_cd05b6,PilPol_662f,1,180.0,180.0
5598,ORIT_e4c12c,ORD_e4c12c,MatPoc_2df5,4,17500.0,70000.0
5599,ORIT_748416,ORD_748416,BedCot_4a29,1,800.0,800.0
5600,ORIT_fbfa44,ORD_fbfa44,MatPoc_f6cb,2,17500.0,35000.0
5601,ORIT_181179,ORD_181179,MatPoc_45de,1,13000.0,13000.0
5602,ORIT_649ab5,ORD_649ab5,BedCot_d278,1,1200.0,1200.0
5603,ORIT_7e2dc7,ORD_7e2dc7,MatSpr_28ce,1,6000.0,6000.0
5604,ORIT_83eb4f,ORD_83eb4f,BedCot_4a29,2,800.0,1600.0
5605,ORIT_c47541,ORD_c47541,MatPoc_6ee7,1,13000.0,13000.0
5606,ORIT_179775,ORD_179775,BolCot_31e6,1,300.0,300.0
5607,ORIT_51ccf1,ORD_51ccf1,PilPol_662f,1,180.0,180.0
5608,ORIT_a58347,ORD_a58347,PilFea_8a5d,1,650.0,650.0
5609,ORIT_25e265,ORD_25e265,BedCot_c645,1,1200.0,1200.0
5610,ORIT_886b9d,ORD_886b9d,MatSpr_ba3a,1,8000.0,8000.0
5611,ORIT_0bbf9f,ORD_0bbf9f,BedCot_d278,1,1200.0,1200.0
5612,ORIT_a45402,ORD_a45402,BedLin_f732,3,4200.0,12600.0
5613,ORIT_5edb18,ORD_5edb18,BedCot_d278,1,1200.0,1200.0
5614,ORIT_b83190,ORD_b83190,PilPol_3076,1,180.0,180.0
5615,ORIT_8cedff,ORD_8cedff,MatPoc_f6cb,1,17500.0,17500.0
5616,ORIT_1e6dfb,ORD_1e6dfb,MatPoc_6ee7,1,13000.0,13000.0
5617,ORIT_bac03a,ORD_bac03a,MatFoa_e09a,4,5500.0,22000.0
5618,ORIT_054e72,ORD_054e72,MatPoc_f6cb,1,17500.0,17500.0
5619,ORIT_8bcd2f,ORD_8bcd2f,BlaFle_33f0,1,700.0,700.0
5620,ORIT_e580e5,ORD_e580e5,MatPoc_45de,1,13000.0,13000.0
5621,ORIT_c94048,ORD_c94048,BolPol_f3ad,2,220.0,440.0
5622,ORIT_9c8905,ORD_9c8905,PilFea_8a5d,1,650.0,650.0
5623,ORIT_3ea9b0,ORD_3ea9b0,PilPol_a442,1,180.0,180.0
5624,ORIT_92789a,ORD_92789a,BedCot_17f5,1,1500.0,1500.0
5625,ORIT_f9f943,ORD_f9f943,MatFoa_182e,1,5500.0,5500.0
5626,ORIT_a1571f,ORD_a1571f,BedPol_5144,1,600.0,600.0
5627,ORIT_478ddc,ORD_478ddc,PilPol_a442,2,180.0,360.0
5628,ORIT_95202f,ORD_95202f,PilFea_56ac,1,650.0,650.0
5629,ORIT_0843eb,ORD_0843eb,PilPol_3076,2,180.0,360.0
5630,ORIT_0336e5,ORD_0336e5,MatSpr_ba3a,2,8000.0,16000.0
5631,ORIT_424709,ORD_424709,BedPol_d3de,2,500.0,1000.0
5632,ORIT_0c3a0e,ORD_0c3a0e,MatSpr_56a3,1,4000.0,4000.0
5633,ORIT_85f6ff,ORD_85f6ff,PilPol_3076,2,180.0,360.0
5634,ORIT_f5c30a,ORD_f5c30a,MatPoc_6ee7,1,13000.0,13000.0
5635,ORIT_f0f2db,ORD_f0f2db,BolFea_98d4,1,700.0,700.0
5636,ORIT_3cbbe1,ORD_3cbbe1,BolPol_82d7,1,220.0,220.0
5637,ORIT_e1aa60,ORD_e1aa60,MatSpr_28ce,1,6000.0,6000.0
5638,ORIT_abf0e5,ORD_abf0e5,PilPol_3076,1,180.0,180.0
5639,ORIT_df2f99,ORD_df2f99,BedCot_c645,2,1200.0,2400.0
5640,ORIT_8c4346,ORD_8c4346,PilFea_56ac,1,650.0,650.0
5641,ORIT_a7e5e3,ORD_a7e5e3,BlaCot_9781,3,1200.0,3600.0
5642,ORIT_813a93,ORD_813a93,MatSpr_ccc4,3,6000.0,18000.0
5643,ORIT_1c99c7,ORD_1c99c7,MatFoa_4414,3,3500.0,10500.0
5644,ORIT_bc41d8,ORD_bc41d8,BolPol_f3ad,4,220.0,880.0
5645,ORIT_fa60f2,ORD_fa60f2,MatPoc_6ee7,2,13000.0,26000.0
5646,ORIT_312131,ORD_312131,MatPoc_6ee7,3,13000.0,39000.0
5647,ORIT_343760,ORD_343760,MatSpr_28ce,2,6000.0,12000.0
5648,ORIT_0185bd,ORD_0185bd,BlaFla_4110,3,600.0,1800.0
5649,ORIT_430cbe,ORD_430cbe,MatSpr_ba3a,2,8000.0,16000.0
5650,ORIT_fc295a,ORD_fc295a,PilFea_115c,3,650.0,1950.0
5651,ORIT_f1e70a,ORD_f1e70a,MatSpr_acd0,3,8000.0,24000.0
5652,ORIT_d7b6c7,ORD_d7b6c7,BolPol_f3ad,3,220.0,660.0
5653,ORIT_85b3f4,ORD_85b3f4,BedCot_d278,1,1200.0,1200.0
5654,ORIT_4b7ee5,ORD_4b7ee5,BolCot_31e6,4,300.0,1200.0
5655,ORIT_0e5f88,ORD_0e5f88,BedPol_3807,4,500.0,2000.0
5656,ORIT_311301,ORD_311301,MatSpr_ba3a,1,8000.0,8000.0
5657,ORIT_c931c2,ORD_c931c2,MatSpr_ccc4,1,6000.0,6000.0
5658,ORIT_a590bb,ORD_a590bb,PilFea_8a5d,3,650.0,1950.0
5659,ORIT_03df89,ORD_03df89,BedLin_b097,3,3800.0,11400.0
5660,ORIT_df3b3e,ORD_df3b3e,BedLin_18f8,1,2000.0,2000.0
5661,ORIT_78347f,ORD_78347f,BolCot_21df,1,300.0,300.0
5662,ORIT_c0ba19,ORD_c0ba19,BedCot_4a29,1,800.0,800.0
5663,ORIT_6b38f3,ORD_6b38f3,MatSpr_ccc4,1,6000.0,6000.0
5664,ORIT_aea9c4,ORD_aea9c4,MatSpr_acd0,1,8000.0,8000.0
5665,ORIT_bc802e,ORD_bc802e,BedPol_e8c9,1,400.0,400.0
5666,ORIT_e88333,ORD_e88333,MatPoc_45de,1,13000.0,13000.0
5667,ORIT_47eba7,ORD_47eba7,BedCot_d278,1,1200.0,1200.0
5668,ORIT_436e8c,ORD_436e8c,MatSpr_06ac,1,4000.0,4000.0
5669,ORIT_f52e92,ORD_f52e92,MatSpr_28ce,2,6000.0,12000.0
5670,ORIT_b0a1bd,ORD_b0a1bd,MatPoc_f6cb,1,17500.0,17500.0
5671,ORIT_d26af1,ORD_d26af1,PilPol_a442,3,180.0,540.0
5672,ORIT_73cad7,ORD_73cad7,PilFea_8a5d,2,650.0,1300.0
5673,ORIT_2e38f8,ORD_2e38f8,BedCot_4e8b,3,1500.0,4500.0
5674,ORIT_c63fe3,ORD_c63fe3,BedCot_d278,2,1200.0,2400.0
5675,ORIT_c1680e,ORD_c1680e,BedCot_2397,3,1500.0,4500.0
5676,ORIT_045176,ORD_045176,PilFea_8a5d,2,650.0,1300.0
5677,ORIT_a858a0,ORD_a858a0,MatSpr_06ac,3,4000.0,12000.0
5678,ORIT_860de0,ORD_860de0,MatPoc_2df5,4,17500.0,70000.0
5679,ORIT_578704,ORD_578704,BedCot_4a29,4,800.0,3200.0
5680,ORIT_207e2c,ORD_207e2c,BedCot_2449,1,800.0,800.0
5681,ORIT_36d259,ORD_36d259,MatSpr_ba3a,4,8000.0,32000.0
5682,ORIT_79e743,ORD_79e743,MatPoc_2df5,1,17500.0,17500.0
5683,ORIT_a6f221,ORD_a6f221,BedPol_2724,1,400.0,400.0
5684,ORIT_9a245a,ORD_9a245a,BolCot_31e6,1,300.0,300.0
5685,ORIT_cc53b7,ORD_cc53b7,MatFoa_4414,1,3500.0,3500.0
5686,ORIT_f85ce2,ORD_f85ce2,BedCot_6141,1,800.0,800.0
5687,ORIT_fe4163,ORD_fe4163,BedCot_2397,1,1500.0,1500.0
5688,ORIT_000d59,ORD_000d59,MatSpr_ba3a,1,8000.0,8000.0
5689,ORIT_af08a6,ORD_af08a6,MatPoc_27a0,1,8500.0,8500.0
5690,ORIT_5c0b40,ORD_5c0b40,MatFoa_182e,1,5500.0,5500.0
5691,ORIT_481ea4,ORD_481ea4,PilPol_3076,1,180.0,180.0
5692,ORIT_874c05,ORD_874c05,MatSpr_ba3a,1,8000.0,8000.0
5693,ORIT_8f9f5e,ORD_8f9f5e,BedCot_4a29,1,800.0,800.0
5694,ORIT_3c6e7f,ORD_3c6e7f,MatSpr_ccc4,2,6000.0,12000.0
5695,ORIT_6051cc,ORD_6051cc,BedPol_5ab8,1,600.0,600.0
5696,ORIT_90242c,ORD_90242c,MatFoa_28ad,1,7500.0,7500.0
5697,ORIT_b95671,ORD_b95671,MatPoc_1e64,1,8500.0,8500.0
5698,ORIT_52f175,ORD_52f175,MatFoa_182e,1,5500.0,5500.0
5699,ORIT_81eae7,ORD_81eae7,MatPoc_f6cb,1,17500.0,17500.0
5700,ORIT_bb202a,ORD_bb202a,MatSpr_acd0,1,8000.0,8000.0
5701,ORIT_d3a4ae,ORD_d3a4ae,BedCot_6141,3,800.0,2400.0
5702,ORIT_5a6f3e,ORD_5a6f3e,MatSpr_06ac,3,4000.0,12000.0
5703,ORIT_133e02,ORD_133e02,PilFea_8a5d,2,650.0,1300.0
5704,ORIT_332e9d,ORD_332e9d,BedCot_17f5,4,1500.0,6000.0
5705,ORIT_cd3126,ORD_cd3126,MatFoa_8cd2,1,3500.0,3500.0
5706,ORIT_e83fa0,ORD_e83fa0,PilCot_b22a,3,250.0,750.0
5707,ORIT_e33db1,ORD_e33db1,BlaFle_7daf,2,600.0,1200.0
5708,ORIT_15f42b,ORD_15f42b,MatPoc_2df5,1,17500.0,17500.0
5709,ORIT_0bd639,ORD_0bd639,MatSpr_ba3a,1,8000.0,8000.0
5710,ORIT_c91484,ORD_c91484,MatPoc_f6cb,3,17500.0,52500.0
5711,ORIT_dfe39c,ORD_dfe39c,PilFea_8a5d,2,650.0,1300.0
5712,ORIT_450107,ORD_450107,PilCot_f078,2,250.0,500.0
5713,ORIT_f3a393,ORD_f3a393,BedCot_4a29,4,800.0,3200.0
5714,ORIT_5aceba,ORD_5aceba,MatPoc_f6cb,2,17500.0,35000.0
5715,ORIT_5c15f5,ORD_5c15f5,PilPol_3076,2,180.0,360.0
5716,ORIT_0ca89f,ORD_0ca89f,BolPol_f3ad,4,220.0,880.0
5717,ORIT_835e82,ORD_835e82,MatPoc_6ee7,3,13000.0,39000.0
5718,ORIT_3442de,ORD_3442de,MatSpr_ba3a,3,8000.0,24000.0
5719,ORIT_7b8d79,ORD_7b8d79,MatPoc_6ee7,3,13000.0,39000.0
5720,ORIT_11b5c3,ORD_11b5c3,BolCot_31e6,2,300.0,600.0
5721,ORIT_f3b311,ORD_f3b311,MatFoa_182e,1,5500.0,5500.0
5722,ORIT_be2dfe,ORD_be2dfe,MatSpr_28ce,1,6000.0,6000.0
5723,ORIT_66ef71,ORD_66ef71,BedCot_87ca,1,1200.0,1200.0
5724,ORIT_fe69a7,ORD_fe69a7,MatPoc_2df5,1,17500.0,17500.0
5725,ORIT_fbbf73,ORD_fbbf73,BedCot_2449,1,800.0,800.0
5726,ORIT_265b0d,ORD_265b0d,MatPoc_2df5,1,17500.0,17500.0
5727,ORIT_ab6af2,ORD_ab6af2,BolCot_21df,2,300.0,600.0
5728,ORIT_3ac736,ORD_3ac736,PilPol_662f,1,180.0,180.0
5729,ORIT_8881d5,ORD_8881d5,MatPoc_f6cb,1,17500.0,17500.0
5730,ORIT_68741e,ORD_68741e,BedLin_2f24,2,2000.0,4000.0
5731,ORIT_d2a2c2,ORD_d2a2c2,BedCot_2397,1,1500.0,1500.0
5732,ORIT_ffc338,ORD_ffc338,MatSpr_ba3a,1,8000.0,8000.0
5733,ORIT_f57614,ORD_f57614,MatSpr_acd0,1,8000.0,8000.0
5734,ORIT_a9bceb,ORD_a9bceb,PilPol_a442,1,180.0,180.0
5735,ORIT_89b752,ORD_89b752,MatPoc_45de,2,13000.0,26000.0
5736,ORIT_e7d64c,ORD_e7d64c,BolPol_f3ad,1,220.0,220.0
5737,ORIT_852745,ORD_852745,BlaFle_9bda,1,700.0,700.0
5738,ORIT_0d0f1a,ORD_0d0f1a,BolPol_82d7,1,220.0,220.0
5739,ORIT_e90e8d,ORD_e90e8d,MatSpr_acd0,1,8000.0,8000.0
5740,ORIT_3568c3,ORD_3568c3,MatFoa_28ad,1,7500.0,7500.0
5741,ORIT_583bd8,ORD_583bd8,MatPoc_45de,2,13000.0,26000.0
5742,ORIT_17ace5,ORD_17ace5,MatSpr_ba3a,1,8000.0,8000.0
5743,ORIT_47141a,ORD_47141a,PilCot_f078,1,250.0,250.0
5744,ORIT_740d94,ORD_740d94,MatSpr_acd0,1,8000.0,8000.0
5745,ORIT_c3c160,ORD_c3c160,PilFea_115c,2,650.0,1300.0
5746,ORIT_762fe5,ORD_762fe5,MatSpr_56a3,1,4000.0,4000.0
5747,ORIT_8eaec3,ORD_8eaec3,BedCot_2397,2,1500.0,3000.0
5748,ORIT_76e1ac,ORD_76e1ac,MatPoc_6ee7,4,13000.0,52000.0
5749,ORIT_0a6dec,ORD_0a6dec,BedCot_2449,1,800.0,800.0
5750,ORIT_f971c6,ORD_f971c6,BedCot_17f5,1,1500.0,1500.0
5751,ORIT_e61ff8,ORD_e61ff8,MatSpr_28ce,1,6000.0,6000.0
5752,ORIT_c89e24,ORD_c89e24,BolPol_cfd7,1,220.0,220.0
5753,ORIT_82d8d0,ORD_82d8d0,MatSpr_28ce,1,6000.0,6000.0
5754,ORIT_4cb1b7,ORD_4cb1b7,PilCot_3481,1,250.0,250.0
5755,ORIT_5735f4,ORD_5735f4,BedCot_4e8b,1,1500.0,1500.0
5756,ORIT_7f710c,ORD_7f710c,BedPol_5144,3,600.0,1800.0
5757,ORIT_d44e62,ORD_d44e62,BolPol_f3ad,4,220.0,880.0
5758,ORIT_2b05d8,ORD_2b05d8,MatSpr_acd0,4,8000.0,32000.0
5759,ORIT_31570c,ORD_31570c,MatPoc_f6cb,2,17500.0,35000.0
5760,ORIT_28f6b9,ORD_28f6b9,MatSpr_06ac,4,4000.0,16000.0
5761,ORIT_a034e9,ORD_a034e9,MatFoa_4414,2,3500.0,7000.0
5762,ORIT_20d8e7,ORD_20d8e7,BedCot_d278,1,1200.0,1200.0
5763,ORIT_979be7,ORD_979be7,BedCot_2449,3,800.0,2400.0
5764,ORIT_ab520b,ORD_ab520b,PilFea_56ac,2,650.0,1300.0
5765,ORIT_b19b2a,ORD_b19b2a,MatPoc_f6cb,1,17500.0,17500.0
5766,ORIT_857945,ORD_857945,PilPol_3076,1,180.0,180.0
5767,ORIT_1a8265,ORD_1a8265,BedLin_18f8,1,2000.0,2000.0
5768,ORIT_f260ed,ORD_f260ed,BolPol_cfd7,1,220.0,220.0
5769,ORIT_433cbd,ORD_433cbd,BedPol_3807,1,500.0,500.0
5770,ORIT_9c16f7,ORD_9c16f7,BedCot_2449,1,800.0,800.0
5771,ORIT_680b7c,ORD_680b7c,MatFoa_28ad,1,7500.0,7500.0
5772,ORIT_30755f,ORD_30755f,BolPol_f3ad,1,220.0,220.0
5773,ORIT_c0de62,ORD_c0de62,BolPol_82d7,1,220.0,220.0
5774,ORIT_7a1f5c,ORD_7a1f5c,MatPoc_f6cb,2,17500.0,35000.0
5775,ORIT_f4a3fe,ORD_f4a3fe,MatPoc_f6cb,2,17500.0,35000.0
5776,ORIT_b4eee3,ORD_b4eee3,BedCot_17f5,1,1500.0,1500.0
5777,ORIT_ae1f8f,ORD_ae1f8f,MatSpr_ccc4,1,6000.0,6000.0
5778,ORIT_899ea3,ORD_899ea3,MatSpr_acd0,3,8000.0,24000.0
5779,ORIT_0cd28b,ORD_0cd28b,BedPol_5144,1,600.0,600.0
5780,ORIT_23d007,ORD_23d007,MatPoc_1e64,1,8500.0,8500.0
5781,ORIT_b451ba,ORD_b451ba,PilPol_3076,2,180.0,360.0
5782,ORIT_272104,ORD_272104,PilFea_115c,1,650.0,650.0
5783,ORIT_831065,ORD_831065,MatPoc_f6cb,1,17500.0,17500.0
5784,ORIT_7a28ed,ORD_7a28ed,MatFoa_182e,1,5500.0,5500.0
5785,ORIT_cbd6cb,ORD_cbd6cb,BedPol_5ab8,2,600.0,1200.0
5786,ORIT_feb894,ORD_feb894,MatSpr_ccc4,1,6000.0,6000.0
5787,ORIT_0ec079,ORD_0ec079,PilPol_a442,1,180.0,180.0
5788,ORIT_f8e7c0,ORD_f8e7c0,PilPol_3076,1,180.0,180.0
5789,ORIT_2915da,ORD_2915da,BedCot_4e8b,1,1500.0,1500.0
5790,ORIT_114362,ORD_114362,BlaFle_9bda,1,700.0,700.0
5791,ORIT_cadd66,ORD_cadd66,MatSpr_28ce,1,6000.0,6000.0
5792,ORIT_b4c9d6,ORD_b4c9d6,BedPol_e207,1,400.0,400.0
5793,ORIT_aefc80,ORD_aefc80,MatSpr_acd0,1,8000.0,8000.0
5794,ORIT_d81e89,ORD_d81e89,BlaFle_991d,1,300.0,300.0
5795,ORIT_c5bcd4,ORD_c5bcd4,MatFoa_8cd2,1,3500.0,3500.0
5796,ORIT_ed9e40,ORD_ed9e40,BedCot_2449,1,800.0,800.0
5797,ORIT_4111ea,ORD_4111ea,MatSpr_ccc4,1,6000.0,6000.0
5798,ORIT_c944e0,ORD_c944e0,MatPoc_6ee7,3,13000.0,39000.0
5799,ORIT_d360e4,ORD_d360e4,MatPoc_45de,3,13000.0,39000.0
5800,ORIT_e1714a,ORD_e1714a,MatPoc_f6cb,3,17500.0,52500.0
5801,ORIT_bce456,ORD_bce456,MatFoa_13fa,3,7500.0,22500.0
5802,ORIT_86509e,ORD_86509e,MatSpr_ba3a,4,8000.0,32000.0
5803,ORIT_652259,ORD_652259,PilCot_f078,3,250.0,750.0
5804,ORIT_2ffad5,ORD_2ffad5,BedCot_2397,4,1500.0,6000.0
5805,ORIT_bde274,ORD_bde274,MatSpr_ccc4,4,6000.0,24000.0
5806,ORIT_654be2,ORD_654be2,MatSpr_ccc4,4,6000.0,24000.0
5807,ORIT_bd20c6,ORD_bd20c6,PilFea_115c,3,650.0,1950.0
5808,ORIT_74a770,ORD_74a770,MatFoa_182e,2,5500.0,11000.0
5809,ORIT_382b91,ORD_382b91,MatSpr_acd0,3,8000.0,24000.0
5810,ORIT_420e06,ORD_420e06,PilPol_662f,3,180.0,540.0
5811,ORIT_cc7a6e,ORD_cc7a6e,BolFea_d1d6,2,700.0,1400.0
5812,ORIT_82b931,ORD_82b931,PilFea_56ac,2,650.0,1300.0
5813,ORIT_d55201,ORD_d55201,BlaCot_ce6c,1,2000.0,2000.0
5814,ORIT_622b24,ORD_622b24,BedCot_c645,1,1200.0,1200.0
5815,ORIT_7577f2,ORD_7577f2,MatFoa_182e,1,5500.0,5500.0
5816,ORIT_ab975f,ORD_ab975f,BolCot_31e6,1,300.0,300.0
5817,ORIT_dcafac,ORD_dcafac,MatPoc_f6cb,2,17500.0,35000.0
5818,ORIT_9dde94,ORD_9dde94,BolCot_21df,3,300.0,900.0
5819,ORIT_c46dff,ORD_c46dff,BedCot_4e8b,2,1500.0,3000.0
5820,ORIT_70ae10,ORD_70ae10,BedLin_5d3d,2,4200.0,8400.0
5821,ORIT_e106a2,ORD_e106a2,BedCot_c645,4,1200.0,4800.0
5822,ORIT_921b6d,ORD_921b6d,MatSpr_28ce,3,6000.0,18000.0
5823,ORIT_3c981e,ORD_3c981e,MatSpr_ba3a,3,8000.0,24000.0
5824,ORIT_ae4d46,ORD_ae4d46,MatSpr_56a3,3,4000.0,12000.0
5825,ORIT_20a886,ORD_20a886,MatPoc_45de,1,13000.0,13000.0
5826,ORIT_3f3ced,ORD_3f3ced,MatSpr_56a3,2,4000.0,8000.0
5827,ORIT_7181ed,ORD_7181ed,MatSpr_ba3a,3,8000.0,24000.0
5828,ORIT_eeabe9,ORD_eeabe9,PilPol_3076,2,180.0,360.0
5829,ORIT_666e9c,ORD_666e9c,BolPol_82d7,4,220.0,880.0
5830,ORIT_b1ab0b,ORD_b1ab0b,MatSpr_28ce,4,6000.0,24000.0
5831,ORIT_4119d0,ORD_4119d0,BedCot_2397,1,1500.0,1500.0
5832,ORIT_4886d0,ORD_4886d0,MatFoa_182e,1,5500.0,5500.0
5833,ORIT_190025,ORD_190025,MatPoc_f6cb,4,17500.0,70000.0
5834,ORIT_93db7d,ORD_93db7d,MatFoa_28ad,3,7500.0,22500.0
5835,ORIT_50d0ea,ORD_50d0ea,MatFoa_13fa,3,7500.0,22500.0
5836,ORIT_0279ad,ORD_0279ad,MatFoa_8cd2,4,3500.0,14000.0
5837,ORIT_bf71a0,ORD_bf71a0,BedCot_2397,1,1500.0,1500.0
5838,ORIT_1af5cd,ORD_1af5cd,BolPol_cfd7,1,220.0,220.0
5839,ORIT_fc10d0,ORD_fc10d0,MatSpr_ba3a,4,8000.0,32000.0
5840,ORIT_507aff,ORD_507aff,PilPol_662f,1,180.0,180.0
5841,ORIT_fe2efd,ORD_fe2efd,BlaFle_9bda,1,700.0,700.0
5842,ORIT_228a58,ORD_228a58,BolFea_b87f,1,700.0,700.0
5843,ORIT_dabd06,ORD_dabd06,MatSpr_acd0,1,8000.0,8000.0
5844,ORIT_70d90f,ORD_70d90f,BlaFle_33f0,1,700.0,700.0
5845,ORIT_087255,ORD_087255,BedPol_2724,1,400.0,400.0
5846,ORIT_d96313,ORD_d96313,MatSpr_28ce,2,6000.0,12000.0
5847,ORIT_758240,ORD_758240,MatFoa_e09a,2,5500.0,11000.0
5848,ORIT_4248ef,ORD_4248ef,BolPol_82d7,3,220.0,660.0
5849,ORIT_cbec31,ORD_cbec31,MatFoa_4414,2,3500.0,7000.0
5850,ORIT_c70d74,ORD_c70d74,BedCot_c645,4,1200.0,4800.0
5851,ORIT_2a3baf,ORD_2a3baf,BolPol_cfd7,2,220.0,440.0
5852,ORIT_04bf70,ORD_04bf70,BedPol_239e,3,600.0,1800.0
5853,ORIT_463a67,ORD_463a67,BedCot_4a29,2,800.0,1600.0
5854,ORIT_1aa3a8,ORD_1aa3a8,BolPol_f3ad,3,220.0,660.0
5855,ORIT_149ea2,ORD_149ea2,PilPol_662f,4,180.0,720.0
5856,ORIT_e27a31,ORD_e27a31,PilPol_3076,1,180.0,180.0
5857,ORIT_7c9ad9,ORD_7c9ad9,BedCot_2397,4,1500.0,6000.0
5858,ORIT_87beb2,ORD_87beb2,BedPol_e207,2,400.0,800.0
5859,ORIT_d47a0a,ORD_d47a0a,BedCot_87ca,3,1200.0,3600.0
5860,ORIT_fd300e,ORD_fd300e,MatPoc_27a0,2,8500.0,17000.0
5861,ORIT_52493f,ORD_52493f,MatSpr_acd0,4,8000.0,32000.0
5862,ORIT_43cbf0,ORD_43cbf0,MatSpr_28ce,3,6000.0,18000.0
5863,ORIT_770885,ORD_770885,BedPol_5144,4,600.0,2400.0
5864,ORIT_6a5097,ORD_6a5097,BedCot_2449,3,800.0,2400.0
5865,ORIT_fad5c5,ORD_fad5c5,MatSpr_06ac,1,4000.0,4000.0
5866,ORIT_e5f168,ORD_e5f168,BolFea_b87f,3,700.0,2100.0
5867,ORIT_f2b265,ORD_f2b265,BedLin_2f24,3,2000.0,6000.0
5868,ORIT_efe5e3,ORD_efe5e3,BedCot_6141,1,800.0,800.0
5869,ORIT_9b9b0c,ORD_9b9b0c,BolCot_21df,4,300.0,1200.0
5870,ORIT_4538c1,ORD_4538c1,BedCot_17f5,1,1500.0,1500.0
5871,ORIT_7c6f11,ORD_7c6f11,BolPol_cfd7,2,220.0,440.0
5872,ORIT_c3c25b,ORD_c3c25b,PilPol_662f,1,180.0,180.0
5873,ORIT_112b4d,ORD_112b4d,MatPoc_2df5,3,17500.0,52500.0
5874,ORIT_cac795,ORD_cac795,BedPol_f406,4,500.0,2000.0
5875,ORIT_fbc093,ORD_fbc093,MatFoa_e09a,1,5500.0,5500.0
5876,ORIT_91e0f0,ORD_91e0f0,MatSpr_06ac,1,4000.0,4000.0
5877,ORIT_6e984a,ORD_6e984a,MatSpr_56a3,2,4000.0,8000.0
5878,ORIT_8c504d,ORD_8c504d,BolPol_cfd7,1,220.0,220.0
5879,ORIT_27f6a2,ORD_27f6a2,MatSpr_acd0,3,8000.0,24000.0
5880,ORIT_95873f,ORD_95873f,BlaCot_503c,1,2000.0,2000.0
5881,ORIT_bd057a,ORD_bd057a,BedPol_5ab8,1,600.0,600.0
5882,ORIT_229cea,ORD_229cea,BedCot_d278,1,1200.0,1200.0
5883,ORIT_52cc3b,ORD_52cc3b,BolPol_82d7,1,220.0,220.0
5884,ORIT_1625a3,ORD_1625a3,PilFea_56ac,2,650.0,1300.0
5885,ORIT_f26b3e,ORD_f26b3e,MatSpr_acd0,1,8000.0,8000.0
5886,ORIT_8b09d4,ORD_8b09d4,BedCot_2449,1,800.0,800.0
5887,ORIT_6e1c37,ORD_6e1c37,MatPoc_2df5,1,17500.0,17500.0
5888,ORIT_3e196e,ORD_3e196e,MatSpr_28ce,2,6000.0,12000.0
5889,ORIT_dda536,ORD_dda536,MatSpr_ba3a,2,8000.0,16000.0
5890,ORIT_ebf1e2,ORD_ebf1e2,PilCot_f078,1,250.0,250.0
5891,ORIT_605d91,ORD_605d91,BlaFle_33f0,3,700.0,2100.0
5892,ORIT_155d5c,ORD_155d5c,PilPol_662f,1,180.0,180.0
5893,ORIT_b80cb2,ORD_b80cb2,MatFoa_e09a,2,5500.0,11000.0
5894,ORIT_ade837,ORD_ade837,MatSpr_ba3a,1,8000.0,8000.0
5895,ORIT_dd6025,ORD_dd6025,BedCot_2449,2,800.0,1600.0
5896,ORIT_7b6236,ORD_7b6236,BolPol_f3ad,3,220.0,660.0
5897,ORIT_5e2c9f,ORD_5e2c9f,MatFoa_8cd2,3,3500.0,10500.0
5898,ORIT_2d6a7d,ORD_2d6a7d,MatFoa_182e,4,5500.0,22000.0
5899,ORIT_46e8c1,ORD_46e8c1,BlaFle_5881,1,700.0,700.0
5900,ORIT_1e1479,ORD_1e1479,BedCot_17f5,1,1500.0,1500.0
5901,ORIT_bba713,ORD_bba713,MatSpr_06ac,2,4000.0,8000.0
5902,ORIT_a18fc2,ORD_a18fc2,MatSpr_28ce,3,6000.0,18000.0
5903,ORIT_a30ea4,ORD_a30ea4,PilPol_3076,3,180.0,540.0
5904,ORIT_57ddaa,ORD_57ddaa,MatSpr_ba3a,3,8000.0,24000.0
5905,ORIT_4051df,ORD_4051df,MatPoc_2df5,1,17500.0,17500.0
5906,ORIT_30de53,ORD_30de53,PilFea_115c,4,650.0,2600.0
5907,ORIT_5e1cf4,ORD_5e1cf4,MatSpr_ccc4,3,6000.0,18000.0
5908,ORIT_815f35,ORD_815f35,MatPoc_6ee7,3,13000.0,39000.0
5909,ORIT_3ec58f,ORD_3ec58f,MatSpr_ba3a,1,8000.0,8000.0
5910,ORIT_bbf88c,ORD_bbf88c,BolPol_f3ad,2,220.0,440.0
5911,ORIT_8bf9b2,ORD_8bf9b2,PilFea_8a5d,1,650.0,650.0
5912,ORIT_d9a46e,ORD_d9a46e,BlaFle_5881,1,700.0,700.0
5913,ORIT_662327,ORD_662327,BedCot_4a29,1,800.0,800.0
5914,ORIT_5e256b,ORD_5e256b,BedPol_d3de,1,500.0,500.0
5915,ORIT_7789a1,ORD_7789a1,MatPoc_6ee7,1,13000.0,13000.0
5916,ORIT_2130c4,ORD_2130c4,MatSpr_acd0,2,8000.0,16000.0
5917,ORIT_26dc3b,ORD_26dc3b,MatPoc_45de,4,13000.0,52000.0
5918,ORIT_edc2bd,ORD_edc2bd,PilPol_662f,1,180.0,180.0
5919,ORIT_82150e,ORD_82150e,BedCot_6141,1,800.0,800.0
5920,ORIT_8812f3,ORD_8812f3,MatSpr_ccc4,3,6000.0,18000.0
5921,ORIT_8fc752,ORD_8fc752,MatFoa_182e,1,5500.0,5500.0
5922,ORIT_d333af,ORD_d333af,PilPol_a442,1,180.0,180.0
5923,ORIT_e1a163,ORD_e1a163,BolFea_b87f,2,700.0,1400.0
5924,ORIT_dc42ec,ORD_dc42ec,MatFoa_e09a,1,5500.0,5500.0
5925,ORIT_4f8645,ORD_4f8645,MatSpr_28ce,1,6000.0,6000.0
5926,ORIT_60626e,ORD_60626e,BedCot_2449,4,800.0,3200.0
5927,ORIT_32f5a9,ORD_32f5a9,BolPol_f3ad,2,220.0,440.0
5928,ORIT_7d8053,ORD_7d8053,BolPol_f3ad,2,220.0,440.0
5929,ORIT_061c66,ORD_061c66,BedCot_2397,1,1500.0,1500.0
5930,ORIT_bd6be4,ORD_bd6be4,BlaCot_6c4b,2,2200.0,4400.0
5931,ORIT_f0e35b,ORD_f0e35b,BlaFle_9bda,2,700.0,1400.0
5932,ORIT_c02d9c,ORD_c02d9c,PilCot_b22a,1,250.0,250.0
5933,ORIT_ef4d64,ORD_ef4d64,MatSpr_ccc4,4,6000.0,24000.0
5934,ORIT_3d211b,ORD_3d211b,MatSpr_06ac,1,4000.0,4000.0
5935,ORIT_03e0dd,ORD_03e0dd,PilCot_3481,1,250.0,250.0
5936,ORIT_2a16f3,ORD_2a16f3,MatPoc_1e64,1,8500.0,8500.0
5937,ORIT_043b17,ORD_043b17,BedCot_17f5,3,1500.0,4500.0
5938,ORIT_fd4002,ORD_fd4002,MatSpr_ccc4,3,6000.0,18000.0
5939,ORIT_e37b5a,ORD_e37b5a,PilPol_3076,1,180.0,180.0
5940,ORIT_a60be8,ORD_a60be8,BedPol_2724,2,400.0,800.0
5941,ORIT_59610d,ORD_59610d,MatFoa_e09a,1,5500.0,5500.0
5942,ORIT_2a8954,ORD_2a8954,PilFea_115c,3,650.0,1950.0
5943,ORIT_85459b,ORD_85459b,BedCot_17f5,2,1500.0,3000.0
5944,ORIT_cc4306,ORD_cc4306,MatPoc_f6cb,3,17500.0,52500.0
5945,ORIT_ef5b80,ORD_ef5b80,MatSpr_28ce,3,6000.0,18000.0
5946,ORIT_0ca443,ORD_0ca443,BedCot_4e8b,2,1500.0,3000.0
5947,ORIT_b6a944,ORD_b6a944,BlaCot_9781,2,1200.0,2400.0
5948,ORIT_b9b969,ORD_b9b969,BedPol_239e,4,600.0,2400.0
5949,ORIT_9b9a27,ORD_9b9a27,BedLin_18f8,1,2000.0,2000.0
5950,ORIT_c96706,ORD_c96706,BedLin_b097,4,3800.0,15200.0
5951,ORIT_acbcdd,ORD_acbcdd,MatPoc_f6cb,3,17500.0,52500.0
5952,ORIT_d012ae,ORD_d012ae,MatSpr_28ce,4,6000.0,24000.0
5953,ORIT_a31dce,ORD_a31dce,BedPol_5144,4,600.0,2400.0
5954,ORIT_61e57e,ORD_61e57e,BlaFla_78f1,2,1000.0,2000.0
5955,ORIT_832af2,ORD_832af2,MatPoc_f6cb,3,17500.0,52500.0
5956,ORIT_0240d5,ORD_0240d5,MatSpr_28ce,2,6000.0,12000.0
5957,ORIT_165b2d,ORD_165b2d,BedCot_c645,4,1200.0,4800.0
5958,ORIT_75907a,ORD_75907a,MatSpr_acd0,3,8000.0,24000.0
5959,ORIT_666c36,ORD_666c36,PilPol_662f,3,180.0,540.0
5960,ORIT_1a8db2,ORD_1a8db2,BedPol_e207,2,400.0,800.0
5961,ORIT_d83500,ORD_d83500,MatSpr_ba3a,2,8000.0,16000.0
5962,ORIT_4515e4,ORD_4515e4,MatSpr_56a3,2,4000.0,8000.0
5963,ORIT_c44255,ORD_c44255,MatPoc_27a0,1,8500.0,8500.0
5964,ORIT_84a411,ORD_84a411,BedLin_aa0f,2,4200.0,8400.0
5965,ORIT_3acdd5,ORD_3acdd5,BedPol_2724,1,400.0,400.0
5966,ORIT_5fe608,ORD_5fe608,MatSpr_ba3a,2,8000.0,16000.0
5967,ORIT_f64424,ORD_f64424,BedPol_2724,2,400.0,800.0
5968,ORIT_ecb6a7,ORD_ecb6a7,BedCot_4a29,2,800.0,1600.0
5969,ORIT_15c848,ORD_15c848,BolPol_cfd7,4,220.0,880.0
5970,ORIT_5f01c1,ORD_5f01c1,MatSpr_56a3,3,4000.0,12000.0
5971,ORIT_6792b4,ORD_6792b4,BolPol_f3ad,2,220.0,440.0
5972,ORIT_c37cb5,ORD_c37cb5,MatSpr_56a3,3,4000.0,12000.0
5973,ORIT_78a02e,ORD_78a02e,BedCot_4a29,3,800.0,2400.0
5974,ORIT_a2136f,ORD_a2136f,BedCot_87ca,3,1200.0,3600.0
5975,ORIT_bbe3b5,ORD_bbe3b5,BedCot_d278,2,1200.0,2400.0
5976,ORIT_a01d6b,ORD_a01d6b,BolPol_82d7,4,220.0,880.0
5977,ORIT_15a8c8,ORD_15a8c8,BedCot_17f5,2,1500.0,3000.0
5978,ORIT_5582e6,ORD_5582e6,MatSpr_ba3a,4,8000.0,32000.0
5979,ORIT_233a0d,ORD_233a0d,BedCot_c645,2,1200.0,2400.0
5980,ORIT_e67601,ORD_e67601,MatPoc_2df5,2,17500.0,35000.0
5981,ORIT_4a1792,ORD_4a1792,MatPoc_2df5,4,17500.0,70000.0
5982,ORIT_7b6415,ORD_7b6415,BedCot_6141,1,800.0,800.0
5983,ORIT_42f423,ORD_42f423,BedCot_4a29,1,800.0,800.0
5984,ORIT_d16aec,ORD_d16aec,BedPol_5144,1,600.0,600.0
5985,ORIT_606822,ORD_606822,BolPol_82d7,3,220.0,660.0
5986,ORIT_f095cc,ORD_f095cc,MatPoc_f6cb,1,17500.0,17500.0
5987,ORIT_634af2,ORD_634af2,MatPoc_1e64,1,8500.0,8500.0
5988,ORIT_595018,ORD_595018,MatSpr_ba3a,1,8000.0,8000.0
5989,ORIT_33d53b,ORD_33d53b,MatPoc_45de,3,13000.0,39000.0
5990,ORIT_2fc094,ORD_2fc094,MatFoa_4414,1,3500.0,3500.0
5991,ORIT_43b16c,ORD_43b16c,MatSpr_28ce,1,6000.0,6000.0
5992,ORIT_0d2e19,ORD_0d2e19,BlaFla_7645,1,1200.0,1200.0
5993,ORIT_f287db,ORD_f287db,BedPol_5144,2,600.0,1200.0
5994,ORIT_194c85,ORD_194c85,PilCot_b22a,1,250.0,250.0
5995,ORIT_ee44f8,ORD_ee44f8,BedCot_4a29,1,800.0,800.0
5996,ORIT_58f52d,ORD_58f52d,BedCot_17f5,1,1500.0,1500.0
5997,ORIT_bfc3a0,ORD_bfc3a0,BedPol_d3de,1,500.0,500.0
5998,ORIT_2a3348,ORD_2a3348,MatSpr_28ce,1,6000.0,6000.0
5999,ORIT_8514eb,ORD_8514eb,MatPoc_2df5,1,17500.0,17500.0
6000,ORIT_658a26,ORD_658a26,PilPol_3076,1,180.0,180.0
6001,ORIT_877e38,ORD_877e38,BedCot_2397,1,1500.0,1500.0
6002,ORIT_1f9139,ORD_1f9139,BedCot_17f5,1,1500.0,1500.0
6003,ORIT_8a6146,ORD_8a6146,MatSpr_56a3,1,4000.0,4000.0
6004,ORIT_5c81d7,ORD_5c81d7,BedCot_2397,2,1500.0,3000.0
6005,ORIT_aee642,ORD_aee642,BolCot_21df,1,300.0,300.0
6006,ORIT_6c7ebc,ORD_6c7ebc,BedLin_aa0f,1,4200.0,4200.0
6007,ORIT_3dfad7,ORD_3dfad7,MatSpr_56a3,3,4000.0,12000.0
6008,ORIT_b87365,ORD_b87365,BedCot_2397,1,1500.0,1500.0
6009,ORIT_6e7387,ORD_6e7387,PilPol_3076,2,180.0,360.0
6010,ORIT_f02428,ORD_f02428,BlaFle_5881,2,700.0,1400.0
6011,ORIT_ee2653,ORD_ee2653,MatSpr_ccc4,2,6000.0,12000.0
6012,ORIT_298f37,ORD_298f37,BedLin_f732,1,4200.0,4200.0
6013,ORIT_8cc61f,ORD_8cc61f,MatSpr_06ac,2,4000.0,8000.0
6014,ORIT_439b5e,ORD_439b5e,PilPol_a442,1,180.0,180.0
6015,ORIT_f73228,ORD_f73228,PilPol_a442,1,180.0,180.0
6016,ORIT_ced51c,ORD_ced51c,BedLin_f732,1,4200.0,4200.0
6017,ORIT_cab056,ORD_cab056,PilPol_a442,4,180.0,720.0
6018,ORIT_cbd896,ORD_cbd896,PilPol_3076,2,180.0,360.0
6019,ORIT_3811b5,ORD_3811b5,BedLin_b097,4,3800.0,15200.0
6020,ORIT_6b6dc0,ORD_6b6dc0,BolPol_cfd7,4,220.0,880.0
6021,ORIT_2a1a90,ORD_2a1a90,MatSpr_ccc4,4,6000.0,24000.0
6022,ORIT_d05b1e,ORD_d05b1e,PilPol_a442,3,180.0,540.0
6023,ORIT_56c1cc,ORD_56c1cc,BedCot_c645,2,1200.0,2400.0
6024,ORIT_29f0c5,ORD_29f0c5,BolPol_f3ad,3,220.0,660.0
6025,ORIT_f715c2,ORD_f715c2,PilPol_a442,1,180.0,180.0
6026,ORIT_16a58d,ORD_16a58d,MatSpr_acd0,3,8000.0,24000.0
6027,ORIT_ea52fb,ORD_ea52fb,BedCot_17f5,3,1500.0,4500.0
6028,ORIT_f4d356,ORD_f4d356,BolPol_cfd7,3,220.0,660.0
6029,ORIT_95ffcc,ORD_95ffcc,MatSpr_28ce,4,6000.0,24000.0
6030,ORIT_6c05b7,ORD_6c05b7,MatPoc_2df5,2,17500.0,35000.0
6031,ORIT_20ccd5,ORD_20ccd5,BedCot_87ca,2,1200.0,2400.0
6032,ORIT_aae3c6,ORD_aae3c6,MatSpr_ba3a,2,8000.0,16000.0
6033,ORIT_cfa5f9,ORD_cfa5f9,PilPol_662f,1,180.0,180.0
6034,ORIT_f8bbdb,ORD_f8bbdb,MatSpr_ba3a,4,8000.0,32000.0
6035,ORIT_de2255,ORD_de2255,BedCot_87ca,2,1200.0,2400.0
6036,ORIT_7efbae,ORD_7efbae,MatSpr_acd0,3,8000.0,24000.0
6037,ORIT_57e5ba,ORD_57e5ba,BolPol_82d7,1,220.0,220.0
6038,ORIT_b89f7d,ORD_b89f7d,MatPoc_2df5,1,17500.0,17500.0
6039,ORIT_83ca46,ORD_83ca46,BolCot_3050,2,300.0,600.0
6040,ORIT_eb4f67,ORD_eb4f67,MatSpr_28ce,1,6000.0,6000.0
6041,ORIT_2aa182,ORD_2aa182,MatPoc_2df5,1,17500.0,17500.0
6042,ORIT_03bdb7,ORD_03bdb7,BedPol_d3de,1,500.0,500.0
6043,ORIT_e0da94,ORD_e0da94,BedPol_239e,2,600.0,1200.0
6044,ORIT_8f07fb,ORD_8f07fb,BedCot_2449,1,800.0,800.0
6045,ORIT_67d821,ORD_67d821,MatSpr_56a3,1,4000.0,4000.0
6046,ORIT_a3b95e,ORD_a3b95e,MatSpr_ccc4,2,6000.0,12000.0
6047,ORIT_09721d,ORD_09721d,MatPoc_45de,2,13000.0,26000.0
6048,ORIT_a56e1a,ORD_a56e1a,BedCot_4a29,2,800.0,1600.0
6049,ORIT_e7f22f,ORD_e7f22f,PilFea_115c,1,650.0,650.0
6050,ORIT_ec37c2,ORD_ec37c2,MatFoa_e09a,1,5500.0,5500.0
6051,ORIT_ed33b7,ORD_ed33b7,BedCot_4a29,4,800.0,3200.0
6052,ORIT_2ebc11,ORD_2ebc11,BedPol_e8c9,1,400.0,400.0
6053,ORIT_d4522d,ORD_d4522d,BedCot_2397,1,1500.0,1500.0
6054,ORIT_f761f9,ORD_f761f9,MatSpr_56a3,1,4000.0,4000.0
6055,ORIT_cff532,ORD_cff532,BedCot_2449,3,800.0,2400.0
6056,ORIT_550649,ORD_550649,MatFoa_8cd2,1,3500.0,3500.0
6057,ORIT_3a608b,ORD_3a608b,MatSpr_06ac,1,4000.0,4000.0
6058,ORIT_c6eab4,ORD_c6eab4,MatSpr_56a3,3,4000.0,12000.0
6059,ORIT_ab13ab,ORD_ab13ab,BolPol_f3ad,4,220.0,880.0
6060,ORIT_daa060,ORD_daa060,MatSpr_ba3a,4,8000.0,32000.0
6061,ORIT_cb0186,ORD_cb0186,BedPol_f406,1,500.0,500.0
6062,ORIT_ae3d64,ORD_ae3d64,MatSpr_ccc4,1,6000.0,6000.0
6063,ORIT_d04643,ORD_d04643,BolPol_82d7,1,220.0,220.0
6064,ORIT_1a6662,ORD_1a6662,MatSpr_ba3a,1,8000.0,8000.0
6065,ORIT_69d2e4,ORD_69d2e4,PilPol_a442,1,180.0,180.0
6066,ORIT_7cdc44,ORD_7cdc44,BedCot_6141,1,800.0,800.0
6067,ORIT_85b250,ORD_85b250,BlaFle_394c,2,600.0,1200.0
6068,ORIT_75769a,ORD_75769a,MatPoc_f6cb,2,17500.0,35000.0
6069,ORIT_be7490,ORD_be7490,MatSpr_acd0,2,8000.0,16000.0
6070,ORIT_ea3297,ORD_ea3297,MatFoa_4414,1,3500.0,3500.0
6071,ORIT_aef453,ORD_aef453,MatPoc_6ee7,3,13000.0,39000.0
6072,ORIT_d945c4,ORD_d945c4,MatPoc_f6cb,2,17500.0,35000.0
6073,ORIT_ae3670,ORD_ae3670,MatSpr_ccc4,1,6000.0,6000.0
6074,ORIT_d30224,ORD_d30224,BedCot_6141,1,800.0,800.0
6075,ORIT_cc935b,ORD_cc935b,PilFea_56ac,1,650.0,650.0
6076,ORIT_df2af4,ORD_df2af4,BolPol_cfd7,1,220.0,220.0
6077,ORIT_09fd72,ORD_09fd72,MatFoa_13fa,2,7500.0,15000.0
6078,ORIT_161baf,ORD_161baf,BedLin_2f24,2,2000.0,4000.0
6079,ORIT_534938,ORD_534938,BedCot_c645,1,1200.0,1200.0
6080,ORIT_d62a9d,ORD_d62a9d,BolPol_cfd7,1,220.0,220.0
6081,ORIT_98f903,ORD_98f903,MatSpr_06ac,1,4000.0,4000.0
6082,ORIT_ca2a33,ORD_ca2a33,MatSpr_56a3,1,4000.0,4000.0
6083,ORIT_a0ca67,ORD_a0ca67,MatFoa_8cd2,1,3500.0,3500.0
6084,ORIT_692651,ORD_692651,PilFea_8a5d,2,650.0,1300.0
6085,ORIT_4fb1c2,ORD_4fb1c2,BolPol_82d7,3,220.0,660.0
6086,ORIT_fc22e5,ORD_fc22e5,PilPol_3076,2,180.0,360.0
6087,ORIT_0bf894,ORD_0bf894,BolPol_cfd7,1,220.0,220.0
6088,ORIT_b46da2,ORD_b46da2,PilFea_8a5d,1,650.0,650.0
6089,ORIT_511d71,ORD_511d71,PilPol_3076,1,180.0,180.0
6090,ORIT_3b8a90,ORD_3b8a90,MatSpr_06ac,1,4000.0,4000.0
6091,ORIT_f40fa2,ORD_f40fa2,MatSpr_acd0,2,8000.0,16000.0
6092,ORIT_d45a07,ORD_d45a07,MatSpr_acd0,1,8000.0,8000.0
6093,ORIT_68d760,ORD_68d760,MatFoa_4414,1,3500.0,3500.0
6094,ORIT_1a60c6,ORD_1a60c6,BolPol_cfd7,1,220.0,220.0
6095,ORIT_e33829,ORD_e33829,MatFoa_8cd2,1,3500.0,3500.0
6096,ORIT_3ecd63,ORD_3ecd63,PilPol_3076,2,180.0,360.0
6097,ORIT_ed4f51,ORD_ed4f51,MatSpr_28ce,1,6000.0,6000.0
6098,ORIT_28b263,ORD_28b263,BedCot_6141,1,800.0,800.0
6099,ORIT_008c58,ORD_008c58,BedPol_5ab8,1,600.0,600.0
6100,ORIT_337680,ORD_337680,BolPol_82d7,1,220.0,220.0
6101,ORIT_10322e,ORD_10322e,MatPoc_6ee7,1,13000.0,13000.0
6102,ORIT_897499,ORD_897499,BedCot_d278,1,1200.0,1200.0
6103,ORIT_dea885,ORD_dea885,MatSpr_ba3a,2,8000.0,16000.0
6104,ORIT_c05a09,ORD_c05a09,MatPoc_2df5,1,17500.0,17500.0
6105,ORIT_4a6722,ORD_4a6722,PilPol_3076,1,180.0,180.0
6106,ORIT_51fd37,ORD_51fd37,PilCot_3481,1,250.0,250.0
6107,ORIT_281f65,ORD_281f65,BolCot_21df,4,300.0,1200.0
6108,ORIT_e8f114,ORD_e8f114,BedLin_2f24,2,2000.0,4000.0
6109,ORIT_29e497,ORD_29e497,PilFea_8a5d,1,650.0,650.0
6110,ORIT_2c3bb3,ORD_2c3bb3,BolPol_cfd7,1,220.0,220.0
6111,ORIT_1f0a47,ORD_1f0a47,PilPol_a442,3,180.0,540.0
6112,ORIT_50b5d6,ORD_50b5d6,PilPol_3076,1,180.0,180.0
6113,ORIT_34f8a1,ORD_34f8a1,BedPol_239e,1,600.0,600.0
6114,ORIT_22362d,ORD_22362d,PilPol_a442,1,180.0,180.0
6115,ORIT_b09012,ORD_b09012,BedCot_4e8b,1,1500.0,1500.0
6116,ORIT_fa904c,ORD_fa904c,MatFoa_28ad,3,7500.0,22500.0
6117,ORIT_127a53,ORD_127a53,MatPoc_27a0,1,8500.0,8500.0
6118,ORIT_86644c,ORD_86644c,BedCot_4e8b,4,1500.0,6000.0
6119,ORIT_796b5c,ORD_796b5c,BedCot_2449,1,800.0,800.0
6120,ORIT_1c5fa8,ORD_1c5fa8,PilPol_a442,1,180.0,180.0
6121,ORIT_30bd19,ORD_30bd19,MatSpr_28ce,1,6000.0,6000.0
6122,ORIT_a1ced7,ORD_a1ced7,MatSpr_56a3,1,4000.0,4000.0
6123,ORIT_396e9d,ORD_396e9d,MatPoc_2df5,1,17500.0,17500.0
6124,ORIT_83bfb2,ORD_83bfb2,MatSpr_28ce,2,6000.0,12000.0
6125,ORIT_788ca2,ORD_788ca2,PilPol_a442,1,180.0,180.0
6126,ORIT_7e730e,ORD_7e730e,MatSpr_28ce,3,6000.0,18000.0
6127,ORIT_32c42e,ORD_32c42e,PilPol_a442,2,180.0,360.0
6128,ORIT_065e10,ORD_065e10,BedCot_4a29,1,800.0,800.0
6129,ORIT_7cdaaf,ORD_7cdaaf,MatFoa_182e,2,5500.0,11000.0
6130,ORIT_a742c2,ORD_a742c2,BedCot_c645,1,1200.0,1200.0
6131,ORIT_73f8c1,ORD_73f8c1,BedCot_4a29,1,800.0,800.0
6132,ORIT_e6b00b,ORD_e6b00b,BedPol_239e,1,600.0,600.0
6133,ORIT_8f81ef,ORD_8f81ef,MatSpr_acd0,1,8000.0,8000.0
6134,ORIT_6d831c,ORD_6d831c,MatSpr_acd0,1,8000.0,8000.0
6135,ORIT_8cb3ba,ORD_8cb3ba,MatPoc_45de,2,13000.0,26000.0
6136,ORIT_4b0582,ORD_4b0582,MatSpr_ba3a,3,8000.0,24000.0
6137,ORIT_1bbca3,ORD_1bbca3,PilPol_662f,1,180.0,180.0
6138,ORIT_90d728,ORD_90d728,MatSpr_ccc4,1,6000.0,6000.0
6139,ORIT_ae6613,ORD_ae6613,BedCot_2397,1,1500.0,1500.0
6140,ORIT_3d03bc,ORD_3d03bc,MatFoa_182e,1,5500.0,5500.0
6141,ORIT_24b0a0,ORD_24b0a0,BolPol_f3ad,1,220.0,220.0
6142,ORIT_ff4c50,ORD_ff4c50,MatPoc_27a0,4,8500.0,34000.0
6143,ORIT_d5de83,ORD_d5de83,MatPoc_2df5,1,17500.0,17500.0
6144,ORIT_3059f0,ORD_3059f0,BolPol_f3ad,1,220.0,220.0
6145,ORIT_1ea1b2,ORD_1ea1b2,MatFoa_13fa,1,7500.0,7500.0
6146,ORIT_94ac7c,ORD_94ac7c,BedPol_e8c9,1,400.0,400.0
6147,ORIT_fa8a3a,ORD_fa8a3a,BlaFle_394c,1,600.0,600.0
6148,ORIT_1108e1,ORD_1108e1,MatSpr_ccc4,1,6000.0,6000.0
6149,ORIT_d97ee5,ORD_d97ee5,BolPol_f3ad,3,220.0,660.0
6150,ORIT_0d1653,ORD_0d1653,BedPol_5ab8,1,600.0,600.0
6151,ORIT_820476,ORD_820476,BolPol_82d7,1,220.0,220.0
6152,ORIT_fffedf,ORD_fffedf,BlaFle_7daf,1,600.0,600.0
6153,ORIT_535fbf,ORD_535fbf,MatPoc_2df5,1,17500.0,17500.0
6154,ORIT_54ce8e,ORD_54ce8e,MatPoc_f6cb,1,17500.0,17500.0
6155,ORIT_8eeb2b,ORD_8eeb2b,MatSpr_ccc4,1,6000.0,6000.0
6156,ORIT_dd06d6,ORD_dd06d6,MatPoc_6ee7,1,13000.0,13000.0
6157,ORIT_e78c4e,ORD_e78c4e,BolPol_82d7,2,220.0,440.0
6158,ORIT_993af2,ORD_993af2,PilCot_b22a,4,250.0,1000.0
6159,ORIT_a55597,ORD_a55597,BedPol_d3de,3,500.0,1500.0
6160,ORIT_3a580f,ORD_3a580f,MatPoc_2df5,1,17500.0,17500.0
6161,ORIT_598234,ORD_598234,MatSpr_ccc4,3,6000.0,18000.0
6162,ORIT_af32d2,ORD_af32d2,MatSpr_ccc4,1,6000.0,6000.0
6163,ORIT_12366c,ORD_12366c,BedCot_c645,2,1200.0,2400.0
6164,ORIT_847b24,ORD_847b24,BedCot_4a29,3,800.0,2400.0
6165,ORIT_8e492d,ORD_8e492d,PilFea_8a5d,4,650.0,2600.0
6166,ORIT_21733c,ORD_21733c,PilCot_f078,1,250.0,250.0
6167,ORIT_0471b0,ORD_0471b0,MatSpr_06ac,4,4000.0,16000.0
6168,ORIT_b31def,ORD_b31def,BolPol_f3ad,2,220.0,440.0
6169,ORIT_107fd7,ORD_107fd7,MatSpr_56a3,4,4000.0,16000.0
6170,ORIT_9bc030,ORD_9bc030,PilPol_662f,2,180.0,360.0
6171,ORIT_eea79e,ORD_eea79e,BedPol_2724,1,400.0,400.0
6172,ORIT_07a8ed,ORD_07a8ed,MatSpr_28ce,1,6000.0,6000.0
6173,ORIT_80ee21,ORD_80ee21,BedPol_5144,1,600.0,600.0
6174,ORIT_762e85,ORD_762e85,BedCot_6141,1,800.0,800.0
6175,ORIT_81a18a,ORD_81a18a,PilPol_662f,1,180.0,180.0
6176,ORIT_34a51a,ORD_34a51a,PilFea_56ac,1,650.0,650.0
6177,ORIT_da46ac,ORD_da46ac,PilPol_3076,1,180.0,180.0
6178,ORIT_9a6a99,ORD_9a6a99,BolCot_3050,1,300.0,300.0
6179,ORIT_dbda1b,ORD_dbda1b,MatFoa_e09a,1,5500.0,5500.0
6180,ORIT_5a9aa7,ORD_5a9aa7,MatSpr_acd0,1,8000.0,8000.0
6181,ORIT_7c420b,ORD_7c420b,PilPol_a442,1,180.0,180.0
6182,ORIT_7015ee,ORD_7015ee,PilPol_a442,2,180.0,360.0
6183,ORIT_cc2936,ORD_cc2936,PilPol_3076,4,180.0,720.0
6184,ORIT_a7f6e0,ORD_a7f6e0,BedCot_6141,4,800.0,3200.0
6185,ORIT_387677,ORD_387677,MatFoa_8cd2,4,3500.0,14000.0
6186,ORIT_75d341,ORD_75d341,MatSpr_06ac,4,4000.0,16000.0
6187,ORIT_35ad20,ORD_35ad20,MatFoa_28ad,2,7500.0,15000.0
6188,ORIT_f7d9e9,ORD_f7d9e9,MatSpr_acd0,3,8000.0,24000.0
6189,ORIT_ffc349,ORD_ffc349,BedLin_d846,3,2000.0,6000.0
6190,ORIT_f6a107,ORD_f6a107,MatSpr_ccc4,3,6000.0,18000.0
6191,ORIT_4777ed,ORD_4777ed,MatSpr_28ce,4,6000.0,24000.0
6192,ORIT_c6a047,ORD_c6a047,BedCot_6141,4,800.0,3200.0
6193,ORIT_ded620,ORD_ded620,MatSpr_ba3a,3,8000.0,24000.0
6194,ORIT_62c439,ORD_62c439,MatFoa_4414,4,3500.0,14000.0
6195,ORIT_5e96af,ORD_5e96af,PilPol_a442,2,180.0,360.0
6196,ORIT_436f5e,ORD_436f5e,MatSpr_ba3a,3,8000.0,24000.0
6197,ORIT_567c08,ORD_567c08,MatFoa_13fa,4,7500.0,30000.0
6198,ORIT_ad78ff,ORD_ad78ff,PilFea_115c,4,650.0,2600.0
6199,ORIT_e65b1e,ORD_e65b1e,BedCot_2397,3,1500.0,4500.0
6200,ORIT_9f5e5f,ORD_9f5e5f,MatSpr_06ac,4,4000.0,16000.0
6201,ORIT_f33686,ORD_f33686,BedPol_e8c9,1,400.0,400.0
6202,ORIT_6bd8ea,ORD_6bd8ea,PilFea_115c,1,650.0,650.0
6203,ORIT_b73fed,ORD_b73fed,MatSpr_28ce,1,6000.0,6000.0
6204,ORIT_92081d,ORD_92081d,PilFea_115c,1,650.0,650.0
6205,ORIT_fb872d,ORD_fb872d,MatFoa_e09a,1,5500.0,5500.0
6206,ORIT_1cfbe2,ORD_1cfbe2,BedCot_4a29,2,800.0,1600.0
6207,ORIT_689250,ORD_689250,MatSpr_ba3a,1,8000.0,8000.0
6208,ORIT_b51b72,ORD_b51b72,BedPol_5144,4,600.0,2400.0
6209,ORIT_248754,ORD_248754,BolPol_82d7,2,220.0,440.0
6210,ORIT_37ecaf,ORD_37ecaf,MatSpr_ccc4,2,6000.0,12000.0
6211,ORIT_ca32ae,ORD_ca32ae,MatSpr_ba3a,3,8000.0,24000.0
6212,ORIT_0c6654,ORD_0c6654,MatPoc_6ee7,1,13000.0,13000.0
6213,ORIT_2e11c5,ORD_2e11c5,MatSpr_28ce,3,6000.0,18000.0
6214,ORIT_f11b53,ORD_f11b53,MatSpr_ccc4,1,6000.0,6000.0
6215,ORIT_c7e4d8,ORD_c7e4d8,BolPol_cfd7,1,220.0,220.0
6216,ORIT_bb832c,ORD_bb832c,MatPoc_2df5,1,17500.0,17500.0
6217,ORIT_4c4eab,ORD_4c4eab,MatPoc_45de,1,13000.0,13000.0
6218,ORIT_fb01e1,ORD_fb01e1,BolPol_cfd7,1,220.0,220.0
6219,ORIT_14a17c,ORD_14a17c,MatPoc_f6cb,1,17500.0,17500.0
6220,ORIT_3f38a9,ORD_3f38a9,MatSpr_56a3,2,4000.0,8000.0
6221,ORIT_63f354,ORD_63f354,BlaFle_394c,2,600.0,1200.0
6222,ORIT_24756e,ORD_24756e,BedLin_67d1,1,3800.0,3800.0
6223,ORIT_a5555f,ORD_a5555f,BedCot_17f5,3,1500.0,4500.0
6224,ORIT_f14ce1,ORD_f14ce1,MatPoc_45de,4,13000.0,52000.0
6225,ORIT_14f00d,ORD_14f00d,BolPol_cfd7,1,220.0,220.0
6226,ORIT_d42ea7,ORD_d42ea7,BedCot_6141,2,800.0,1600.0
6227,ORIT_290c60,ORD_290c60,BedCot_c645,1,1200.0,1200.0
6228,ORIT_c61ff5,ORD_c61ff5,BlaFle_9bda,1,700.0,700.0
6229,ORIT_e9b80d,ORD_e9b80d,PilPol_662f,1,180.0,180.0
6230,ORIT_44f7b1,ORD_44f7b1,MatPoc_45de,2,13000.0,26000.0
6231,ORIT_28c385,ORD_28c385,BedLin_5d3d,1,4200.0,4200.0
6232,ORIT_ae8026,ORD_ae8026,MatFoa_8cd2,1,3500.0,3500.0
6233,ORIT_4d19ea,ORD_4d19ea,PilPol_662f,1,180.0,180.0
6234,ORIT_1118b6,ORD_1118b6,MatSpr_56a3,1,4000.0,4000.0
6235,ORIT_836b55,ORD_836b55,PilCot_3481,1,250.0,250.0
6236,ORIT_88a38b,ORD_88a38b,MatPoc_6ee7,1,13000.0,13000.0
6237,ORIT_ac1940,ORD_ac1940,MatSpr_acd0,1,8000.0,8000.0
6238,ORIT_9c2667,ORD_9c2667,BedCot_6141,1,800.0,800.0
6239,ORIT_da0556,ORD_da0556,MatSpr_06ac,2,4000.0,8000.0
6240,ORIT_3c9fb7,ORD_3c9fb7,MatFoa_13fa,1,7500.0,7500.0
6241,ORIT_c6ac35,ORD_c6ac35,BedLin_b097,1,3800.0,3800.0
6242,ORIT_a88c42,ORD_a88c42,MatPoc_6ee7,2,13000.0,26000.0
6243,ORIT_652cf1,ORD_652cf1,MatFoa_8cd2,1,3500.0,3500.0
6244,ORIT_e9c547,ORD_e9c547,BedCot_2397,1,1500.0,1500.0
6245,ORIT_c8e15e,ORD_c8e15e,BedCot_4a29,2,800.0,1600.0
6246,ORIT_435e51,ORD_435e51,BedLin_5d3d,1,4200.0,4200.0
6247,ORIT_9244bb,ORD_9244bb,BolPol_cfd7,3,220.0,660.0
6248,ORIT_d1588b,ORD_d1588b,PilPol_3076,1,180.0,180.0
6249,ORIT_e38c1e,ORD_e38c1e,BolPol_82d7,1,220.0,220.0
6250,ORIT_14bb7f,ORD_14bb7f,BedCot_2397,2,1500.0,3000.0
6251,ORIT_76092a,ORD_76092a,BolPol_cfd7,1,220.0,220.0
6252,ORIT_1d2fcc,ORD_1d2fcc,MatFoa_e09a,1,5500.0,5500.0
6253,ORIT_ba663c,ORD_ba663c,BolPol_82d7,4,220.0,880.0
6254,ORIT_046f31,ORD_046f31,BedCot_2449,2,800.0,1600.0
6255,ORIT_6dc864,ORD_6dc864,PilFea_8a5d,1,650.0,650.0
6256,ORIT_06e2e9,ORD_06e2e9,PilPol_3076,1,180.0,180.0
6257,ORIT_c10229,ORD_c10229,PilPol_3076,3,180.0,540.0
6258,ORIT_12c27f,ORD_12c27f,MatSpr_56a3,4,4000.0,16000.0
6259,ORIT_2c44d3,ORD_2c44d3,PilPol_a442,3,180.0,540.0
6260,ORIT_edc806,ORD_edc806,BedCot_17f5,2,1500.0,3000.0
6261,ORIT_e4817b,ORD_e4817b,PilPol_a442,1,180.0,180.0
6262,ORIT_bac339,ORD_bac339,BedCot_c645,2,1200.0,2400.0
6263,ORIT_56e153,ORD_56e153,MatPoc_1e64,3,8500.0,25500.0
6264,ORIT_e41054,ORD_e41054,BlaFle_c9a0,2,600.0,1200.0
6265,ORIT_d80a5c,ORD_d80a5c,MatPoc_1e64,3,8500.0,25500.0
6266,ORIT_4263f9,ORD_4263f9,MatPoc_2df5,4,17500.0,70000.0
6267,ORIT_da7e01,ORD_da7e01,PilPol_662f,4,180.0,720.0
6268,ORIT_44b85b,ORD_44b85b,MatPoc_f6cb,4,17500.0,70000.0
6269,ORIT_f6535e,ORD_f6535e,MatPoc_6ee7,4,13000.0,52000.0
6270,ORIT_dac2ff,ORD_dac2ff,MatPoc_6ee7,4,13000.0,52000.0
6271,ORIT_e04cfd,ORD_e04cfd,MatPoc_45de,2,13000.0,26000.0
6272,ORIT_7b718b,ORD_7b718b,MatSpr_acd0,2,8000.0,16000.0
6273,ORIT_ee2a46,ORD_ee2a46,MatFoa_28ad,4,7500.0,30000.0
6274,ORIT_b10419,ORD_b10419,BedCot_17f5,2,1500.0,3000.0
6275,ORIT_df195c,ORD_df195c,BedCot_6141,4,800.0,3200.0
6276,ORIT_4b53bb,ORD_4b53bb,MatFoa_8cd2,4,3500.0,14000.0
6277,ORIT_f1c6eb,ORD_f1c6eb,MatSpr_28ce,1,6000.0,6000.0
6278,ORIT_ca4f00,ORD_ca4f00,PilFea_8a5d,1,650.0,650.0
6279,ORIT_1e18db,ORD_1e18db,PilFea_8a5d,3,650.0,1950.0
6280,ORIT_24b3ad,ORD_24b3ad,BedPol_5144,3,600.0,1800.0
6281,ORIT_9b553e,ORD_9b553e,MatSpr_ba3a,1,8000.0,8000.0
6282,ORIT_44125c,ORD_44125c,BedPol_239e,1,600.0,600.0
6283,ORIT_a37002,ORD_a37002,BedCot_4e8b,1,1500.0,1500.0
6284,ORIT_92cab6,ORD_92cab6,BolCot_21df,3,300.0,900.0
6285,ORIT_026955,ORD_026955,MatPoc_2df5,4,17500.0,70000.0
6286,ORIT_d64c8e,ORD_d64c8e,PilPol_662f,1,180.0,180.0
6287,ORIT_3be041,ORD_3be041,PilFea_56ac,1,650.0,650.0
6288,ORIT_058358,ORD_058358,BedCot_6141,4,800.0,3200.0
6289,ORIT_8f8e8e,ORD_8f8e8e,BolCot_3050,1,300.0,300.0
6290,ORIT_e02cfb,ORD_e02cfb,BedCot_6141,1,800.0,800.0
6291,ORIT_2dc79c,ORD_2dc79c,MatPoc_f6cb,1,17500.0,17500.0
6292,ORIT_bba417,ORD_bba417,MatSpr_ba3a,1,8000.0,8000.0
6293,ORIT_716ca6,ORD_716ca6,MatPoc_6ee7,1,13000.0,13000.0
6294,ORIT_e93ee2,ORD_e93ee2,MatSpr_56a3,4,4000.0,16000.0
6295,ORIT_eddd23,ORD_eddd23,BedCot_87ca,1,1200.0,1200.0
6296,ORIT_391173,ORD_391173,BedLin_d846,1,2000.0,2000.0
6297,ORIT_b3f23c,ORD_b3f23c,MatPoc_f6cb,1,17500.0,17500.0
6298,ORIT_ef9999,ORD_ef9999,MatPoc_1e64,2,8500.0,17000.0
6299,ORIT_9f2b57,ORD_9f2b57,MatSpr_ccc4,1,6000.0,6000.0
6300,ORIT_52759a,ORD_52759a,BedCot_4e8b,1,1500.0,1500.0
6301,ORIT_60a471,ORD_60a471,BlaFle_7daf,1,600.0,600.0
6302,ORIT_ee52aa,ORD_ee52aa,BedCot_4e8b,2,1500.0,3000.0
6303,ORIT_cf9636,ORD_cf9636,BlaCot_6c4b,2,2200.0,4400.0
6304,ORIT_1ebcd7,ORD_1ebcd7,MatSpr_28ce,1,6000.0,6000.0
6305,ORIT_f8e383,ORD_f8e383,MatSpr_acd0,1,8000.0,8000.0
6306,ORIT_1d689c,ORD_1d689c,PilPol_662f,3,180.0,540.0
6307,ORIT_39d5c3,ORD_39d5c3,MatPoc_1e64,1,8500.0,8500.0
6308,ORIT_46f77e,ORD_46f77e,MatSpr_ba3a,4,8000.0,32000.0
6309,ORIT_8cc0d3,ORD_8cc0d3,BlaFle_0f50,1,300.0,300.0
6310,ORIT_278112,ORD_278112,BedCot_6141,2,800.0,1600.0
6311,ORIT_5f92a1,ORD_5f92a1,MatPoc_f6cb,1,17500.0,17500.0
6312,ORIT_b86353,ORD_b86353,MatPoc_6ee7,1,13000.0,13000.0
6313,ORIT_b44653,ORD_b44653,BedCot_17f5,1,1500.0,1500.0
6314,ORIT_62d23c,ORD_62d23c,MatPoc_45de,3,13000.0,39000.0
6315,ORIT_df909d,ORD_df909d,MatPoc_45de,4,13000.0,52000.0
6316,ORIT_2d557d,ORD_2d557d,PilPol_a442,3,180.0,540.0
6317,ORIT_0dba44,ORD_0dba44,BedCot_4e8b,3,1500.0,4500.0
6318,ORIT_b2d58e,ORD_b2d58e,MatSpr_ccc4,3,6000.0,18000.0
6319,ORIT_f1b38f,ORD_f1b38f,BolCot_21df,3,300.0,900.0
6320,ORIT_f62e68,ORD_f62e68,MatPoc_45de,3,13000.0,39000.0
6321,ORIT_3b6440,ORD_3b6440,BlaFle_9bda,2,700.0,1400.0
6322,ORIT_748cde,ORD_748cde,MatPoc_2df5,3,17500.0,52500.0
6323,ORIT_d496be,ORD_d496be,MatFoa_28ad,3,7500.0,22500.0
6324,ORIT_5da527,ORD_5da527,BolPol_82d7,3,220.0,660.0
6325,ORIT_1da88d,ORD_1da88d,MatSpr_28ce,2,6000.0,12000.0
6326,ORIT_de5d32,ORD_de5d32,BedPol_239e,3,600.0,1800.0
6327,ORIT_4bb812,ORD_4bb812,BlaCot_8a14,1,1200.0,1200.0
6328,ORIT_bb5a48,ORD_bb5a48,MatPoc_2df5,1,17500.0,17500.0
6329,ORIT_929ad8,ORD_929ad8,PilPol_662f,1,180.0,180.0
6330,ORIT_b19e71,ORD_b19e71,MatSpr_ccc4,1,6000.0,6000.0
6331,ORIT_cba8b9,ORD_cba8b9,BedCot_87ca,1,1200.0,1200.0
6332,ORIT_7cc934,ORD_7cc934,MatSpr_28ce,1,6000.0,6000.0
6333,ORIT_aba6e2,ORD_aba6e2,BolPol_f3ad,4,220.0,880.0
6334,ORIT_447f9a,ORD_447f9a,MatSpr_ccc4,4,6000.0,24000.0
6335,ORIT_265091,ORD_265091,MatSpr_ccc4,3,6000.0,18000.0
6336,ORIT_e59a07,ORD_e59a07,PilFea_56ac,4,650.0,2600.0
6337,ORIT_54eeaa,ORD_54eeaa,MatPoc_f6cb,4,17500.0,70000.0
6338,ORIT_d5a9d1,ORD_d5a9d1,BedCot_4a29,3,800.0,2400.0
6339,ORIT_aac44b,ORD_aac44b,MatPoc_2df5,3,17500.0,52500.0
6340,ORIT_c8a4e7,ORD_c8a4e7,PilPol_a442,1,180.0,180.0
6341,ORIT_a39ac5,ORD_a39ac5,BolPol_82d7,4,220.0,880.0
6342,ORIT_ea8855,ORD_ea8855,PilPol_662f,1,180.0,180.0
6343,ORIT_5a56c7,ORD_5a56c7,MatSpr_ba3a,1,8000.0,8000.0
6344,ORIT_2e5f00,ORD_2e5f00,PilFea_8a5d,2,650.0,1300.0
6345,ORIT_8a4db5,ORD_8a4db5,PilPol_662f,2,180.0,360.0
6346,ORIT_c4e62f,ORD_c4e62f,BedCot_4a29,1,800.0,800.0
6347,ORIT_6271bf,ORD_6271bf,PilPol_662f,1,180.0,180.0
6348,ORIT_2bed0b,ORD_2bed0b,BolPol_f3ad,1,220.0,220.0
6349,ORIT_8721a8,ORD_8721a8,PilFea_115c,1,650.0,650.0
6350,ORIT_276236,ORD_276236,MatPoc_6ee7,1,13000.0,13000.0
6351,ORIT_38751d,ORD_38751d,MatPoc_2df5,1,17500.0,17500.0
6352,ORIT_3ceb5f,ORD_3ceb5f,MatSpr_acd0,1,8000.0,8000.0
6353,ORIT_6ce314,ORD_6ce314,PilPol_a442,1,180.0,180.0
6354,ORIT_c4c67e,ORD_c4c67e,BedCot_2397,2,1500.0,3000.0
6355,ORIT_3b1861,ORD_3b1861,BolPol_cfd7,2,220.0,440.0
6356,ORIT_9d2db8,ORD_9d2db8,MatPoc_f6cb,1,17500.0,17500.0
6357,ORIT_e1c658,ORD_e1c658,BedCot_4a29,1,800.0,800.0
6358,ORIT_4f3c73,ORD_4f3c73,MatSpr_28ce,1,6000.0,6000.0
6359,ORIT_85cc1c,ORD_85cc1c,MatFoa_4414,1,3500.0,3500.0
6360,ORIT_2c649f,ORD_2c649f,BlaFle_5881,1,700.0,700.0
6361,ORIT_9477cc,ORD_9477cc,PilCot_3481,2,250.0,500.0
6362,ORIT_a9399c,ORD_a9399c,BedCot_4e8b,3,1500.0,4500.0
6363,ORIT_b631e5,ORD_b631e5,BedPol_d3de,1,500.0,500.0
6364,ORIT_4d60f2,ORD_4d60f2,PilPol_3076,1,180.0,180.0
6365,ORIT_7917bf,ORD_7917bf,MatPoc_2df5,4,17500.0,70000.0
6366,ORIT_8433dc,ORD_8433dc,MatPoc_1e64,4,8500.0,34000.0
6367,ORIT_cab8aa,ORD_cab8aa,BedCot_4e8b,3,1500.0,4500.0
6368,ORIT_e74154,ORD_e74154,BedCot_2449,1,800.0,800.0
6369,ORIT_2ef7fe,ORD_2ef7fe,BlaFle_394c,2,600.0,1200.0
6370,ORIT_5a2bb8,ORD_5a2bb8,MatFoa_8cd2,4,3500.0,14000.0
6371,ORIT_bc4dd7,ORD_bc4dd7,BedCot_6141,2,800.0,1600.0
6372,ORIT_09f94e,ORD_09f94e,MatFoa_8cd2,2,3500.0,7000.0
6373,ORIT_53f042,ORD_53f042,BolFea_d1d6,2,700.0,1400.0
6374,ORIT_215aab,ORD_215aab,MatPoc_2df5,1,17500.0,17500.0
6375,ORIT_5470cc,ORD_5470cc,MatSpr_ba3a,4,8000.0,32000.0
6376,ORIT_96801b,ORD_96801b,BolPol_82d7,3,220.0,660.0
6377,ORIT_43a706,ORD_43a706,BlaFle_9bda,1,700.0,700.0
6378,ORIT_a02588,ORD_a02588,MatPoc_45de,2,13000.0,26000.0
6379,ORIT_c9cd8e,ORD_c9cd8e,MatSpr_06ac,3,4000.0,12000.0
6380,ORIT_3dc0d4,ORD_3dc0d4,MatSpr_28ce,3,6000.0,18000.0
6381,ORIT_a8366a,ORD_a8366a,BedPol_239e,2,600.0,1200.0
6382,ORIT_8529f6,ORD_8529f6,BedLin_f732,1,4200.0,4200.0
6383,ORIT_7ec54f,ORD_7ec54f,BolPol_82d7,2,220.0,440.0
6384,ORIT_fc921a,ORD_fc921a,MatSpr_acd0,4,8000.0,32000.0
6385,ORIT_7e6c39,ORD_7e6c39,MatPoc_f6cb,4,17500.0,70000.0
6386,ORIT_064ed2,ORD_064ed2,MatFoa_4414,2,3500.0,7000.0
6387,ORIT_88eceb,ORD_88eceb,MatSpr_06ac,2,4000.0,8000.0
6388,ORIT_982c46,ORD_982c46,BedCot_87ca,4,1200.0,4800.0
6389,ORIT_1cd803,ORD_1cd803,MatSpr_56a3,4,4000.0,16000.0
6390,ORIT_974d41,ORD_974d41,MatPoc_f6cb,3,17500.0,52500.0
6391,ORIT_43f266,ORD_43f266,BedPol_e8c9,3,400.0,1200.0
6392,ORIT_41de5d,ORD_41de5d,BolPol_f3ad,3,220.0,660.0
6393,ORIT_21f946,ORD_21f946,PilFea_8a5d,4,650.0,2600.0
6394,ORIT_a0e5a2,ORD_a0e5a2,BedPol_3807,1,500.0,500.0
6395,ORIT_069698,ORD_069698,MatSpr_ccc4,3,6000.0,18000.0
6396,ORIT_8326fe,ORD_8326fe,MatPoc_2df5,1,17500.0,17500.0
6397,ORIT_4ba5f9,ORD_4ba5f9,MatPoc_2df5,1,17500.0,17500.0
6398,ORIT_1c8bf3,ORD_1c8bf3,PilFea_8a5d,4,650.0,2600.0
6399,ORIT_a3f4c1,ORD_a3f4c1,BedPol_2724,1,400.0,400.0
6400,ORIT_09ef3d,ORD_09ef3d,MatSpr_ccc4,2,6000.0,12000.0
6401,ORIT_ec39b0,ORD_ec39b0,BedCot_4a29,2,800.0,1600.0
6402,ORIT_258ce2,ORD_258ce2,PilPol_a442,1,180.0,180.0
6403,ORIT_67c54d,ORD_67c54d,BolPol_cfd7,2,220.0,440.0
6404,ORIT_c42cf5,ORD_c42cf5,MatPoc_45de,1,13000.0,13000.0
6405,ORIT_3791cc,ORD_3791cc,MatPoc_6ee7,1,13000.0,13000.0
6406,ORIT_f73dd2,ORD_f73dd2,PilPol_662f,1,180.0,180.0
6407,ORIT_10b5cb,ORD_10b5cb,MatFoa_e09a,1,5500.0,5500.0
6408,ORIT_a9766a,ORD_a9766a,PilPol_a442,1,180.0,180.0
6409,ORIT_6b16af,ORD_6b16af,MatPoc_2df5,4,17500.0,70000.0
6410,ORIT_79633d,ORD_79633d,MatSpr_06ac,1,4000.0,4000.0
6411,ORIT_68900b,ORD_68900b,MatFoa_13fa,1,7500.0,7500.0
6412,ORIT_3e3350,ORD_3e3350,BolPol_cfd7,1,220.0,220.0
6413,ORIT_9b3989,ORD_9b3989,BolCot_21df,1,300.0,300.0
6414,ORIT_367732,ORD_367732,PilFea_115c,4,650.0,2600.0
6415,ORIT_aa21c4,ORD_aa21c4,BolCot_3050,2,300.0,600.0
6416,ORIT_d336ad,ORD_d336ad,MatSpr_28ce,3,6000.0,18000.0
6417,ORIT_76940a,ORD_76940a,MatFoa_182e,2,5500.0,11000.0
6418,ORIT_215590,ORD_215590,BedPol_239e,2,600.0,1200.0
6419,ORIT_217188,ORD_217188,MatSpr_ba3a,4,8000.0,32000.0
6420,ORIT_7c8b4b,ORD_7c8b4b,BedCot_17f5,4,1500.0,6000.0
6421,ORIT_93bf69,ORD_93bf69,MatFoa_182e,1,5500.0,5500.0
6422,ORIT_57ded9,ORD_57ded9,BedCot_2449,3,800.0,2400.0
6423,ORIT_61beba,ORD_61beba,MatSpr_56a3,2,4000.0,8000.0
6424,ORIT_8cc6ef,ORD_8cc6ef,BedPol_5144,2,600.0,1200.0
6425,ORIT_c402c2,ORD_c402c2,PilPol_662f,1,180.0,180.0
6426,ORIT_2c709a,ORD_2c709a,BedCot_4a29,1,800.0,800.0
6427,ORIT_2dc5e9,ORD_2dc5e9,BedLin_aa0f,2,4200.0,8400.0
6428,ORIT_21b6fc,ORD_21b6fc,MatSpr_ba3a,2,8000.0,16000.0
6429,ORIT_68836a,ORD_68836a,BolCot_21df,1,300.0,300.0
6430,ORIT_998d07,ORD_998d07,BedCot_2397,1,1500.0,1500.0
6431,ORIT_9d0a25,ORD_9d0a25,MatSpr_acd0,1,8000.0,8000.0
6432,ORIT_395d04,ORD_395d04,MatSpr_56a3,1,4000.0,4000.0
6433,ORIT_0fb58c,ORD_0fb58c,PilCot_f078,1,250.0,250.0
6434,ORIT_95d3f3,ORD_95d3f3,MatPoc_f6cb,1,17500.0,17500.0
6435,ORIT_384963,ORD_384963,BedCot_4e8b,1,1500.0,1500.0
6436,ORIT_fdb016,ORD_fdb016,MatSpr_06ac,1,4000.0,4000.0
6437,ORIT_d75393,ORD_d75393,BedCot_2397,1,1500.0,1500.0
6438,ORIT_48ca0d,ORD_48ca0d,MatPoc_45de,2,13000.0,26000.0
6439,ORIT_240d7b,ORD_240d7b,PilPol_a442,2,180.0,360.0
6440,ORIT_4a2a46,ORD_4a2a46,BedPol_5ab8,1,600.0,600.0
6441,ORIT_767e8f,ORD_767e8f,PilFea_56ac,1,650.0,650.0
6442,ORIT_996e22,ORD_996e22,BedCot_2449,2,800.0,1600.0
6443,ORIT_e4280e,ORD_e4280e,MatFoa_e09a,1,5500.0,5500.0
6444,ORIT_b3769b,ORD_b3769b,BedCot_4a29,1,800.0,800.0
6445,ORIT_53ff66,ORD_53ff66,BedCot_4e8b,2,1500.0,3000.0
6446,ORIT_b545cf,ORD_b545cf,MatPoc_1e64,4,8500.0,34000.0
6447,ORIT_d0c050,ORD_d0c050,MatSpr_28ce,3,6000.0,18000.0
6448,ORIT_039f4b,ORD_039f4b,BedLin_b097,1,3800.0,3800.0
6449,ORIT_1d102c,ORD_1d102c,MatSpr_ba3a,3,8000.0,24000.0
6450,ORIT_048030,ORD_048030,MatPoc_27a0,3,8500.0,25500.0
6451,ORIT_e806bd,ORD_e806bd,MatPoc_1e64,4,8500.0,34000.0
6452,ORIT_890593,ORD_890593,BedCot_2449,3,800.0,2400.0
6453,ORIT_66a70a,ORD_66a70a,MatSpr_56a3,2,4000.0,8000.0
6454,ORIT_6deb2b,ORD_6deb2b,MatPoc_f6cb,4,17500.0,70000.0
6455,ORIT_4783db,ORD_4783db,PilPol_3076,1,180.0,180.0
6456,ORIT_4c726d,ORD_4c726d,MatSpr_acd0,1,8000.0,8000.0
6457,ORIT_ff823d,ORD_ff823d,MatSpr_56a3,1,4000.0,4000.0
6458,ORIT_7e6f19,ORD_7e6f19,MatPoc_2df5,1,17500.0,17500.0
6459,ORIT_02b47d,ORD_02b47d,MatPoc_f6cb,2,17500.0,35000.0
6460,ORIT_f45ce8,ORD_f45ce8,MatSpr_ccc4,1,6000.0,6000.0
6461,ORIT_5ec715,ORD_5ec715,MatSpr_ccc4,1,6000.0,6000.0
6462,ORIT_0ba381,ORD_0ba381,MatSpr_acd0,1,8000.0,8000.0
6463,ORIT_c07cdc,ORD_c07cdc,BolPol_cfd7,1,220.0,220.0
6464,ORIT_a1ec96,ORD_a1ec96,MatSpr_acd0,1,8000.0,8000.0
6465,ORIT_4df465,ORD_4df465,BlaFle_5881,1,700.0,700.0
6466,ORIT_b2e157,ORD_b2e157,PilPol_662f,3,180.0,540.0
6467,ORIT_51159f,ORD_51159f,BedPol_e207,2,400.0,800.0
6468,ORIT_cd1755,ORD_cd1755,MatSpr_56a3,1,4000.0,4000.0
6469,ORIT_6c201a,ORD_6c201a,MatSpr_acd0,1,8000.0,8000.0
6470,ORIT_e5f29e,ORD_e5f29e,BedCot_2397,2,1500.0,3000.0
6471,ORIT_a2f02c,ORD_a2f02c,PilPol_a442,2,180.0,360.0
6472,ORIT_bf95e9,ORD_bf95e9,BedCot_4a29,3,800.0,2400.0
6473,ORIT_235789,ORD_235789,PilPol_a442,3,180.0,540.0
6474,ORIT_8ccf8a,ORD_8ccf8a,BolPol_f3ad,2,220.0,440.0
6475,ORIT_66b557,ORD_66b557,MatFoa_182e,3,5500.0,16500.0
6476,ORIT_c14221,ORD_c14221,MatFoa_28ad,2,7500.0,15000.0
6477,ORIT_df9d09,ORD_df9d09,MatPoc_2df5,2,17500.0,35000.0
6478,ORIT_df278d,ORD_df278d,BolPol_cfd7,1,220.0,220.0
6479,ORIT_de8f9a,ORD_de8f9a,PilPol_a442,4,180.0,720.0
6480,ORIT_11cbfb,ORD_11cbfb,MatPoc_2df5,2,17500.0,35000.0
6481,ORIT_2dd466,ORD_2dd466,MatSpr_06ac,2,4000.0,8000.0
6482,ORIT_7f9e0f,ORD_7f9e0f,BedPol_5144,2,600.0,1200.0
6483,ORIT_a8fb7c,ORD_a8fb7c,MatSpr_56a3,4,4000.0,16000.0
6484,ORIT_1dba5d,ORD_1dba5d,MatFoa_e09a,3,5500.0,16500.0
6485,ORIT_65e631,ORD_65e631,MatSpr_acd0,3,8000.0,24000.0
6486,ORIT_85775f,ORD_85775f,PilPol_3076,3,180.0,540.0
6487,ORIT_4ee919,ORD_4ee919,MatSpr_06ac,4,4000.0,16000.0
6488,ORIT_2ba8b7,ORD_2ba8b7,BedCot_2449,3,800.0,2400.0
6489,ORIT_a3f4bb,ORD_a3f4bb,BedCot_4e8b,3,1500.0,4500.0
6490,ORIT_f322ef,ORD_f322ef,MatSpr_ba3a,1,8000.0,8000.0
6491,ORIT_eafe33,ORD_eafe33,PilPol_3076,3,180.0,540.0
6492,ORIT_c668d2,ORD_c668d2,BedCot_4a29,1,800.0,800.0
6493,ORIT_5d33a2,ORD_5d33a2,PilPol_a442,1,180.0,180.0
6494,ORIT_7a03cc,ORD_7a03cc,BedCot_2449,1,800.0,800.0
6495,ORIT_58e968,ORD_58e968,BlaCot_ce6c,1,2000.0,2000.0
6496,ORIT_aee99f,ORD_aee99f,PilPol_3076,1,180.0,180.0
6497,ORIT_7a982a,ORD_7a982a,MatPoc_6ee7,1,13000.0,13000.0
6498,ORIT_fb2faf,ORD_fb2faf,MatSpr_ccc4,1,6000.0,6000.0
6499,ORIT_527fc8,ORD_527fc8,BolPol_f3ad,1,220.0,220.0
6500,ORIT_b8c138,ORD_b8c138,MatFoa_182e,1,5500.0,5500.0
6501,ORIT_76f874,ORD_76f874,BolPol_82d7,3,220.0,660.0
6502,ORIT_415d1d,ORD_415d1d,BedCot_4a29,3,800.0,2400.0
6503,ORIT_ac94d0,ORD_ac94d0,BedPol_e207,3,400.0,1200.0
6504,ORIT_1adf0c,ORD_1adf0c,PilPol_a442,3,180.0,540.0
6505,ORIT_bd881c,ORD_bd881c,BedPol_239e,2,600.0,1200.0
6506,ORIT_ae16c5,ORD_ae16c5,MatSpr_ba3a,4,8000.0,32000.0
6507,ORIT_22e72f,ORD_22e72f,BedPol_5ab8,4,600.0,2400.0
6508,ORIT_90764c,ORD_90764c,PilFea_8a5d,4,650.0,2600.0
6509,ORIT_8b0aee,ORD_8b0aee,BolPol_82d7,4,220.0,880.0
6510,ORIT_1cc497,ORD_1cc497,BedCot_2397,2,1500.0,3000.0
6511,ORIT_5b9f8f,ORD_5b9f8f,MatPoc_f6cb,4,17500.0,70000.0
6512,ORIT_f5f845,ORD_f5f845,MatPoc_6ee7,3,13000.0,39000.0
6513,ORIT_8c5a8e,ORD_8c5a8e,MatFoa_e09a,1,5500.0,5500.0
6514,ORIT_55aad1,ORD_55aad1,MatSpr_acd0,3,8000.0,24000.0
6515,ORIT_578197,ORD_578197,BedCot_4e8b,3,1500.0,4500.0
6516,ORIT_26819a,ORD_26819a,PilFea_56ac,1,650.0,650.0
6517,ORIT_d8a5fb,ORD_d8a5fb,MatPoc_f6cb,1,17500.0,17500.0
6518,ORIT_e5b523,ORD_e5b523,BolPol_82d7,1,220.0,220.0
6519,ORIT_5667de,ORD_5667de,BedCot_2397,2,1500.0,3000.0
6520,ORIT_b85800,ORD_b85800,MatPoc_2df5,1,17500.0,17500.0
6521,ORIT_f3f74e,ORD_f3f74e,MatSpr_acd0,1,8000.0,8000.0
6522,ORIT_28d362,ORD_28d362,BedLin_18f8,1,2000.0,2000.0
6523,ORIT_410857,ORD_410857,MatSpr_28ce,1,6000.0,6000.0
6524,ORIT_615c32,ORD_615c32,BedCot_87ca,2,1200.0,2400.0
6525,ORIT_26f881,ORD_26f881,MatSpr_ccc4,1,6000.0,6000.0
6526,ORIT_b84426,ORD_b84426,MatPoc_45de,1,13000.0,13000.0
6527,ORIT_f193b9,ORD_f193b9,MatSpr_acd0,1,8000.0,8000.0
6528,ORIT_6929f9,ORD_6929f9,BedPol_239e,1,600.0,600.0
6529,ORIT_8c3ea9,ORD_8c3ea9,BedCot_17f5,1,1500.0,1500.0
6530,ORIT_c06271,ORD_c06271,MatFoa_e09a,2,5500.0,11000.0
6531,ORIT_6aadd8,ORD_6aadd8,PilPol_3076,3,180.0,540.0
6532,ORIT_11da9b,ORD_11da9b,BolPol_82d7,4,220.0,880.0
6533,ORIT_aa8a1e,ORD_aa8a1e,BedPol_e207,3,400.0,1200.0
6534,ORIT_69bf75,ORD_69bf75,BolPol_82d7,2,220.0,440.0
6535,ORIT_23e3a8,ORD_23e3a8,MatSpr_28ce,4,6000.0,24000.0
6536,ORIT_134122,ORD_134122,MatSpr_56a3,3,4000.0,12000.0
6537,ORIT_116b88,ORD_116b88,MatSpr_acd0,3,8000.0,24000.0
6538,ORIT_601896,ORD_601896,MatSpr_28ce,3,6000.0,18000.0
6539,ORIT_5a532f,ORD_5a532f,MatSpr_ccc4,3,6000.0,18000.0
6540,ORIT_f7cb1f,ORD_f7cb1f,MatSpr_ccc4,1,6000.0,6000.0
6541,ORIT_21abcc,ORD_21abcc,BolPol_f3ad,1,220.0,220.0
6542,ORIT_2ffc12,ORD_2ffc12,MatSpr_ba3a,1,8000.0,8000.0
6543,ORIT_178eb0,ORD_178eb0,MatPoc_45de,2,13000.0,26000.0
6544,ORIT_962f48,ORD_962f48,BedPol_5ab8,2,600.0,1200.0
6545,ORIT_5b57a4,ORD_5b57a4,PilFea_8a5d,1,650.0,650.0
6546,ORIT_612186,ORD_612186,BlaCot_9ebb,1,1200.0,1200.0
6547,ORIT_851cce,ORD_851cce,MatSpr_ccc4,3,6000.0,18000.0
6548,ORIT_a6a269,ORD_a6a269,PilPol_662f,3,180.0,540.0
6549,ORIT_2f09da,ORD_2f09da,MatFoa_8cd2,2,3500.0,7000.0
6550,ORIT_4f4004,ORD_4f4004,MatPoc_2df5,4,17500.0,70000.0
6551,ORIT_e029d1,ORD_e029d1,PilPol_a442,3,180.0,540.0
6552,ORIT_4e53f9,ORD_4e53f9,MatPoc_6ee7,3,13000.0,39000.0
6553,ORIT_7e65e5,ORD_7e65e5,BedCot_87ca,4,1200.0,4800.0
6554,ORIT_0f9aca,ORD_0f9aca,MatPoc_6ee7,3,13000.0,39000.0
6555,ORIT_704fd0,ORD_704fd0,MatSpr_ba3a,1,8000.0,8000.0
6556,ORIT_25b671,ORD_25b671,MatSpr_ba3a,2,8000.0,16000.0
6557,ORIT_bcf852,ORD_bcf852,MatFoa_8cd2,1,3500.0,3500.0
6558,ORIT_8f208d,ORD_8f208d,BolCot_21df,2,300.0,600.0
6559,ORIT_0e0509,ORD_0e0509,PilPol_662f,1,180.0,180.0
6560,ORIT_8a3bbb,ORD_8a3bbb,MatSpr_ba3a,2,8000.0,16000.0
6561,ORIT_d297a3,ORD_d297a3,MatPoc_45de,1,13000.0,13000.0
6562,ORIT_801000,ORD_801000,BolPol_f3ad,1,220.0,220.0
6563,ORIT_094a93,ORD_094a93,BedCot_6141,2,800.0,1600.0
6564,ORIT_fd9b62,ORD_fd9b62,MatSpr_28ce,3,6000.0,18000.0
6565,ORIT_19247a,ORD_19247a,MatSpr_ccc4,1,6000.0,6000.0
6566,ORIT_a0bef2,ORD_a0bef2,PilPol_662f,1,180.0,180.0
6567,ORIT_c9d505,ORD_c9d505,MatSpr_28ce,2,6000.0,12000.0
6568,ORIT_42d182,ORD_42d182,BolPol_f3ad,2,220.0,440.0
6569,ORIT_a1aadb,ORD_a1aadb,BedCot_4e8b,2,1500.0,3000.0
6570,ORIT_d20f91,ORD_d20f91,BedCot_d278,1,1200.0,1200.0
6571,ORIT_161093,ORD_161093,MatFoa_13fa,2,7500.0,15000.0
6572,ORIT_32d5f5,ORD_32d5f5,MatSpr_ccc4,1,6000.0,6000.0
6573,ORIT_bf08bd,ORD_bf08bd,MatSpr_ba3a,2,8000.0,16000.0
6574,ORIT_f350ef,ORD_f350ef,MatSpr_06ac,3,4000.0,12000.0
6575,ORIT_73ef58,ORD_73ef58,MatPoc_2df5,1,17500.0,17500.0
6576,ORIT_54a99b,ORD_54a99b,MatPoc_6ee7,1,13000.0,13000.0
6577,ORIT_0b3d9b,ORD_0b3d9b,BedCot_2397,3,1500.0,4500.0
6578,ORIT_c55449,ORD_c55449,MatPoc_6ee7,3,13000.0,39000.0
6579,ORIT_83d4d6,ORD_83d4d6,PilPol_662f,1,180.0,180.0
6580,ORIT_8a3514,ORD_8a3514,MatSpr_06ac,1,4000.0,4000.0
6581,ORIT_0af95e,ORD_0af95e,MatPoc_2df5,1,17500.0,17500.0
6582,ORIT_e81c88,ORD_e81c88,PilPol_662f,1,180.0,180.0
6583,ORIT_3eadb6,ORD_3eadb6,BedCot_2449,1,800.0,800.0
6584,ORIT_f69628,ORD_f69628,PilFea_56ac,2,650.0,1300.0
6585,ORIT_9a70fa,ORD_9a70fa,PilPol_a442,3,180.0,540.0
6586,ORIT_1eb395,ORD_1eb395,BedPol_3807,1,500.0,500.0
6587,ORIT_e760fe,ORD_e760fe,BedCot_17f5,1,1500.0,1500.0
6588,ORIT_26d0fb,ORD_26d0fb,MatSpr_06ac,2,4000.0,8000.0
6589,ORIT_e3c13f,ORD_e3c13f,BedLin_5d3d,1,4200.0,4200.0
6590,ORIT_34abf5,ORD_34abf5,MatSpr_ccc4,1,6000.0,6000.0
6591,ORIT_c9e719,ORD_c9e719,PilFea_8a5d,1,650.0,650.0
6592,ORIT_8e3ea6,ORD_8e3ea6,BolPol_82d7,1,220.0,220.0
6593,ORIT_a8594b,ORD_a8594b,BedCot_4e8b,2,1500.0,3000.0
6594,ORIT_df99d6,ORD_df99d6,BedCot_4e8b,2,1500.0,3000.0
6595,ORIT_6cbebe,ORD_6cbebe,MatPoc_f6cb,1,17500.0,17500.0
6596,ORIT_839045,ORD_839045,MatSpr_28ce,4,6000.0,24000.0
6597,ORIT_49008b,ORD_49008b,BlaFla_78f1,4,1000.0,4000.0
6598,ORIT_0afe9a,ORD_0afe9a,MatPoc_f6cb,4,17500.0,70000.0
6599,ORIT_82396c,ORD_82396c,PilPol_a442,3,180.0,540.0
6600,ORIT_287263,ORD_287263,PilPol_662f,2,180.0,360.0
6601,ORIT_50b6f9,ORD_50b6f9,BedLin_aa0f,4,4200.0,16800.0
6602,ORIT_95da78,ORD_95da78,BedCot_87ca,3,1200.0,3600.0
6603,ORIT_a8d7e6,ORD_a8d7e6,MatSpr_ba3a,3,8000.0,24000.0
6604,ORIT_e308c1,ORD_e308c1,MatSpr_28ce,4,6000.0,24000.0
6605,ORIT_db2f07,ORD_db2f07,BedCot_87ca,3,1200.0,3600.0
6606,ORIT_4e3c65,ORD_4e3c65,BedCot_4e8b,1,1500.0,1500.0
6607,ORIT_ba6e3f,ORD_ba6e3f,MatSpr_ba3a,4,8000.0,32000.0
6608,ORIT_064650,ORD_064650,PilPol_662f,3,180.0,540.0
6609,ORIT_34dae5,ORD_34dae5,MatSpr_56a3,3,4000.0,12000.0
6610,ORIT_fbff26,ORD_fbff26,MatPoc_f6cb,2,17500.0,35000.0
6611,ORIT_102c2f,ORD_102c2f,BolPol_cfd7,4,220.0,880.0
6612,ORIT_fd6b7d,ORD_fd6b7d,MatPoc_2df5,1,17500.0,17500.0
6613,ORIT_4826d9,ORD_4826d9,BedCot_2397,3,1500.0,4500.0
6614,ORIT_dd97ea,ORD_dd97ea,BolPol_f3ad,4,220.0,880.0
6615,ORIT_7e7d62,ORD_7e7d62,BedCot_c645,1,1200.0,1200.0
6616,ORIT_7a08e1,ORD_7a08e1,BedPol_d3de,1,500.0,500.0
6617,ORIT_fe0f42,ORD_fe0f42,BedPol_3807,1,500.0,500.0
6618,ORIT_d2b540,ORD_d2b540,MatSpr_ccc4,1,6000.0,6000.0
6619,ORIT_5276df,ORD_5276df,MatFoa_e09a,1,5500.0,5500.0
6620,ORIT_46082e,ORD_46082e,PilPol_a442,1,180.0,180.0
6621,ORIT_f43dd6,ORD_f43dd6,BedPol_5ab8,1,600.0,600.0
6622,ORIT_c1e5b2,ORD_c1e5b2,MatPoc_f6cb,2,17500.0,35000.0
6623,ORIT_d867d6,ORD_d867d6,MatSpr_ba3a,1,8000.0,8000.0
6624,ORIT_6ccc4b,ORD_6ccc4b,MatSpr_28ce,3,6000.0,18000.0
6625,ORIT_03b997,ORD_03b997,MatFoa_e09a,1,5500.0,5500.0
6626,ORIT_d76d4c,ORD_d76d4c,BedCot_4a29,1,800.0,800.0
6627,ORIT_b81ead,ORD_b81ead,MatFoa_e09a,1,5500.0,5500.0
6628,ORIT_f1b1fa,ORD_f1b1fa,BedCot_6141,4,800.0,3200.0
6629,ORIT_329649,ORD_329649,BedLin_5d3d,1,4200.0,4200.0
6630,ORIT_6440a1,ORD_6440a1,MatSpr_acd0,3,8000.0,24000.0
6631,ORIT_56f0d6,ORD_56f0d6,BlaFla_78f1,4,1000.0,4000.0
6632,ORIT_41fa03,ORD_41fa03,BolPol_cfd7,4,220.0,880.0
6633,ORIT_5552a9,ORD_5552a9,MatPoc_2df5,4,17500.0,70000.0
6634,ORIT_688656,ORD_688656,BedPol_5ab8,2,600.0,1200.0
6635,ORIT_d8e598,ORD_d8e598,BedCot_4e8b,4,1500.0,6000.0
6636,ORIT_96d7ec,ORD_96d7ec,MatSpr_06ac,1,4000.0,4000.0
6637,ORIT_355b52,ORD_355b52,MatSpr_ccc4,2,6000.0,12000.0
6638,ORIT_3fd23c,ORD_3fd23c,MatPoc_45de,2,13000.0,26000.0
6639,ORIT_1c03d1,ORD_1c03d1,PilFea_8a5d,1,650.0,650.0
6640,ORIT_bc716b,ORD_bc716b,MatSpr_ccc4,2,6000.0,12000.0
6641,ORIT_dcab5a,ORD_dcab5a,MatPoc_f6cb,1,17500.0,17500.0
6642,ORIT_acfb60,ORD_acfb60,MatPoc_6ee7,1,13000.0,13000.0
6643,ORIT_c3be10,ORD_c3be10,MatSpr_28ce,1,6000.0,6000.0
6644,ORIT_ee7e60,ORD_ee7e60,PilPol_a442,2,180.0,360.0
6645,ORIT_3b4617,ORD_3b4617,MatPoc_f6cb,1,17500.0,17500.0
6646,ORIT_038958,ORD_038958,MatSpr_28ce,2,6000.0,12000.0
6647,ORIT_22d5a2,ORD_22d5a2,MatSpr_ba3a,1,8000.0,8000.0
6648,ORIT_9d76fc,ORD_9d76fc,MatPoc_f6cb,2,17500.0,35000.0
6649,ORIT_ba26e6,ORD_ba26e6,BlaCot_9ef6,2,2200.0,4400.0
6650,ORIT_62f26d,ORD_62f26d,MatPoc_6ee7,1,13000.0,13000.0
6651,ORIT_bd78ca,ORD_bd78ca,BedCot_d278,1,1200.0,1200.0
6652,ORIT_6c2e8e,ORD_6c2e8e,MatSpr_56a3,1,4000.0,4000.0
6653,ORIT_61f941,ORD_61f941,MatPoc_6ee7,1,13000.0,13000.0
6654,ORIT_908992,ORD_908992,PilFea_8a5d,3,650.0,1950.0
6655,ORIT_56b4fe,ORD_56b4fe,BedCot_2449,1,800.0,800.0
6656,ORIT_140eab,ORD_140eab,BolFea_98d4,1,700.0,700.0
6657,ORIT_41d17b,ORD_41d17b,MatPoc_27a0,1,8500.0,8500.0
6658,ORIT_fdafbf,ORD_fdafbf,MatSpr_28ce,3,6000.0,18000.0
6659,ORIT_eb793b,ORD_eb793b,MatSpr_56a3,1,4000.0,4000.0
6660,ORIT_0c81b6,ORD_0c81b6,PilPol_662f,1,180.0,180.0
6661,ORIT_602a7e,ORD_602a7e,MatSpr_ccc4,1,6000.0,6000.0
6662,ORIT_063f2e,ORD_063f2e,MatSpr_28ce,1,6000.0,6000.0
6663,ORIT_571609,ORD_571609,PilPol_3076,1,180.0,180.0
6664,ORIT_b3eb54,ORD_b3eb54,MatSpr_acd0,1,8000.0,8000.0
6665,ORIT_243b36,ORD_243b36,PilPol_3076,1,180.0,180.0
6666,ORIT_e558d6,ORD_e558d6,BedPol_5144,1,600.0,600.0
6667,ORIT_0e3064,ORD_0e3064,MatSpr_ba3a,1,8000.0,8000.0
6668,ORIT_5af6d1,ORD_5af6d1,MatSpr_ba3a,1,8000.0,8000.0
6669,ORIT_8d3e41,ORD_8d3e41,PilPol_662f,1,180.0,180.0
6670,ORIT_db7762,ORD_db7762,MatSpr_ba3a,1,8000.0,8000.0
6671,ORIT_d160b2,ORD_d160b2,PilPol_662f,1,180.0,180.0
6672,ORIT_e6e644,ORD_e6e644,PilFea_115c,1,650.0,650.0
6673,ORIT_fb929d,ORD_fb929d,BedCot_17f5,1,1500.0,1500.0
6674,ORIT_7ecd41,ORD_7ecd41,MatSpr_acd0,1,8000.0,8000.0
6675,ORIT_096910,ORD_096910,MatPoc_45de,1,13000.0,13000.0
6676,ORIT_128923,ORD_128923,BolCot_21df,1,300.0,300.0
6677,ORIT_ec6335,ORD_ec6335,MatPoc_1e64,2,8500.0,17000.0
6678,ORIT_7c15ac,ORD_7c15ac,BlaFle_394c,3,600.0,1800.0
6679,ORIT_67a145,ORD_67a145,BolPol_f3ad,1,220.0,220.0
6680,ORIT_fc9be8,ORD_fc9be8,BlaCot_ce6c,2,2000.0,4000.0
6681,ORIT_f62a2b,ORD_f62a2b,MatSpr_ba3a,2,8000.0,16000.0
6682,ORIT_c6ac98,ORD_c6ac98,BolCot_31e6,2,300.0,600.0
6683,ORIT_e9d6f8,ORD_e9d6f8,BlaCot_503c,3,2000.0,6000.0
6684,ORIT_55f114,ORD_55f114,BedLin_aa0f,1,4200.0,4200.0
6685,ORIT_ca07bd,ORD_ca07bd,MatSpr_06ac,4,4000.0,16000.0
6686,ORIT_3319ce,ORD_3319ce,PilPol_a442,1,180.0,180.0
6687,ORIT_6701df,ORD_6701df,BolPol_82d7,1,220.0,220.0
6688,ORIT_626ae2,ORD_626ae2,BolPol_82d7,1,220.0,220.0
6689,ORIT_53239e,ORD_53239e,BedCot_4e8b,1,1500.0,1500.0
6690,ORIT_de28f2,ORD_de28f2,PilCot_f078,1,250.0,250.0
6691,ORIT_1d008c,ORD_1d008c,MatSpr_acd0,1,8000.0,8000.0
6692,ORIT_bbad53,ORD_bbad53,PilFea_56ac,1,650.0,650.0
6693,ORIT_36d205,ORD_36d205,PilFea_56ac,1,650.0,650.0
6694,ORIT_4a3f3a,ORD_4a3f3a,MatFoa_8cd2,1,3500.0,3500.0
6695,ORIT_760147,ORD_760147,BedCot_6141,1,800.0,800.0
6696,ORIT_12376f,ORD_12376f,BlaCot_8a14,2,1200.0,2400.0
6697,ORIT_775a11,ORD_775a11,BedPol_5144,1,600.0,600.0
6698,ORIT_bf18ae,ORD_bf18ae,BlaFle_5881,1,700.0,700.0
6699,ORIT_c81a07,ORD_c81a07,MatPoc_f6cb,1,17500.0,17500.0
6700,ORIT_4b7ef6,ORD_4b7ef6,PilPol_3076,4,180.0,720.0
6701,ORIT_3c80d4,ORD_3c80d4,PilFea_115c,1,650.0,650.0
6702,ORIT_02d403,ORD_02d403,MatSpr_ccc4,1,6000.0,6000.0
6703,ORIT_389836,ORD_389836,BedCot_4e8b,1,1500.0,1500.0
6704,ORIT_54c519,ORD_54c519,BedCot_17f5,3,1500.0,4500.0
6705,ORIT_dbaa3a,ORD_dbaa3a,MatPoc_6ee7,1,13000.0,13000.0
6706,ORIT_1d83f1,ORD_1d83f1,BedPol_5144,1,600.0,600.0
6707,ORIT_5dec6f,ORD_5dec6f,MatSpr_acd0,1,8000.0,8000.0
6708,ORIT_ed79ce,ORD_ed79ce,MatFoa_182e,1,5500.0,5500.0
6709,ORIT_cc6d43,ORD_cc6d43,PilPol_662f,2,180.0,360.0
6710,ORIT_072e9b,ORD_072e9b,BedPol_2724,2,400.0,800.0
6711,ORIT_1eb851,ORD_1eb851,BedCot_4a29,1,800.0,800.0
6712,ORIT_16d0b1,ORD_16d0b1,MatSpr_06ac,3,4000.0,12000.0
6713,ORIT_314ac8,ORD_314ac8,BedPol_239e,1,600.0,600.0
6714,ORIT_7dc141,ORD_7dc141,MatPoc_f6cb,1,17500.0,17500.0
6715,ORIT_84b1f1,ORD_84b1f1,MatSpr_acd0,1,8000.0,8000.0
6716,ORIT_c8836f,ORD_c8836f,MatSpr_56a3,1,4000.0,4000.0
6717,ORIT_2b2316,ORD_2b2316,MatFoa_e09a,1,5500.0,5500.0
6718,ORIT_0f8e88,ORD_0f8e88,MatSpr_28ce,1,6000.0,6000.0
6719,ORIT_4aab25,ORD_4aab25,BedCot_2449,1,800.0,800.0
6720,ORIT_ca0da2,ORD_ca0da2,BedPol_5144,2,600.0,1200.0
6721,ORIT_2424f0,ORD_2424f0,BlaFla_f995,1,1000.0,1000.0
6722,ORIT_d83453,ORD_d83453,PilCot_3481,1,250.0,250.0
6723,ORIT_bc37fe,ORD_bc37fe,MatSpr_ccc4,4,6000.0,24000.0
6724,ORIT_2ad996,ORD_2ad996,MatFoa_8cd2,2,3500.0,7000.0
6725,ORIT_12bda6,ORD_12bda6,MatPoc_f6cb,1,17500.0,17500.0
6726,ORIT_c95820,ORD_c95820,MatPoc_f6cb,1,17500.0,17500.0
6727,ORIT_0e10ff,ORD_0e10ff,BolPol_cfd7,3,220.0,660.0
6728,ORIT_c91d6c,ORD_c91d6c,MatPoc_6ee7,2,13000.0,26000.0
6729,ORIT_5c484d,ORD_5c484d,PilCot_3481,4,250.0,1000.0
6730,ORIT_574b72,ORD_574b72,BedCot_2397,2,1500.0,3000.0
6731,ORIT_560cfa,ORD_560cfa,BedCot_4a29,3,800.0,2400.0
6732,ORIT_8d2beb,ORD_8d2beb,MatSpr_06ac,3,4000.0,12000.0
6733,ORIT_eae037,ORD_eae037,BedCot_2397,3,1500.0,4500.0
6734,ORIT_4c65b6,ORD_4c65b6,MatSpr_06ac,4,4000.0,16000.0
6735,ORIT_134c9e,ORD_134c9e,PilPol_3076,3,180.0,540.0
6736,ORIT_b782bb,ORD_b782bb,BedCot_4a29,4,800.0,3200.0
6737,ORIT_a1c04f,ORD_a1c04f,BedCot_17f5,4,1500.0,6000.0
6738,ORIT_127df7,ORD_127df7,PilPol_3076,1,180.0,180.0
6739,ORIT_8f8cf1,ORD_8f8cf1,MatPoc_45de,2,13000.0,26000.0
6740,ORIT_f2fe50,ORD_f2fe50,MatPoc_f6cb,2,17500.0,35000.0
6741,ORIT_fd4d27,ORD_fd4d27,MatSpr_06ac,1,4000.0,4000.0
6742,ORIT_5efdcf,ORD_5efdcf,PilPol_662f,2,180.0,360.0
6743,ORIT_586803,ORD_586803,MatSpr_ba3a,1,8000.0,8000.0
6744,ORIT_7a0cc2,ORD_7a0cc2,BedPol_d3de,1,500.0,500.0
6745,ORIT_adb465,ORD_adb465,BedPol_e8c9,1,400.0,400.0
6746,ORIT_af1ff7,ORD_af1ff7,MatFoa_13fa,1,7500.0,7500.0
6747,ORIT_ef8bae,ORD_ef8bae,BolFea_98d4,1,700.0,700.0
6748,ORIT_a997f6,ORD_a997f6,BolPol_82d7,1,220.0,220.0
6749,ORIT_63eca7,ORD_63eca7,MatSpr_ccc4,2,6000.0,12000.0
6750,ORIT_31fe83,ORD_31fe83,BolPol_f3ad,1,220.0,220.0
6751,ORIT_55d5e5,ORD_55d5e5,BedPol_5144,1,600.0,600.0
6752,ORIT_47e4eb,ORD_47e4eb,MatPoc_f6cb,1,17500.0,17500.0
6753,ORIT_9cb98b,ORD_9cb98b,MatFoa_8cd2,1,3500.0,3500.0
6754,ORIT_6ca712,ORD_6ca712,BolPol_cfd7,1,220.0,220.0
6755,ORIT_b63d4e,ORD_b63d4e,MatPoc_45de,1,13000.0,13000.0
6756,ORIT_9d42bb,ORD_9d42bb,MatFoa_28ad,2,7500.0,15000.0
6757,ORIT_47a764,ORD_47a764,MatSpr_ccc4,2,6000.0,12000.0
6758,ORIT_a3a678,ORD_a3a678,PilFea_56ac,1,650.0,650.0
6759,ORIT_b3d734,ORD_b3d734,MatSpr_28ce,4,6000.0,24000.0
6760,ORIT_daa2c7,ORD_daa2c7,BlaCot_b529,2,2000.0,4000.0
6761,ORIT_8e09ee,ORD_8e09ee,PilPol_662f,1,180.0,180.0
6762,ORIT_2f927d,ORD_2f927d,MatSpr_56a3,1,4000.0,4000.0
6763,ORIT_ba6b0b,ORD_ba6b0b,BedCot_d278,1,1200.0,1200.0
6764,ORIT_3665c1,ORD_3665c1,BedPol_2724,3,400.0,1200.0
6765,ORIT_ca2510,ORD_ca2510,BedCot_87ca,1,1200.0,1200.0
6766,ORIT_9c34cd,ORD_9c34cd,BlaFle_0f50,1,300.0,300.0
6767,ORIT_e27548,ORD_e27548,MatPoc_6ee7,2,13000.0,26000.0
6768,ORIT_e0663c,ORD_e0663c,PilPol_a442,1,180.0,180.0
6769,ORIT_a267c5,ORD_a267c5,MatPoc_2df5,1,17500.0,17500.0
6770,ORIT_f22466,ORD_f22466,MatSpr_28ce,1,6000.0,6000.0
6771,ORIT_ec79c3,ORD_ec79c3,BedCot_4e8b,1,1500.0,1500.0
6772,ORIT_71852f,ORD_71852f,PilFea_56ac,1,650.0,650.0
6773,ORIT_3aca92,ORD_3aca92,MatSpr_56a3,2,4000.0,8000.0
6774,ORIT_645eda,ORD_645eda,BolCot_21df,1,300.0,300.0
6775,ORIT_c05e09,ORD_c05e09,BlaCot_ce6c,2,2000.0,4000.0
6776,ORIT_7b0206,ORD_7b0206,BedLin_f732,1,4200.0,4200.0
6777,ORIT_387149,ORD_387149,PilPol_a442,1,180.0,180.0
6778,ORIT_b2b677,ORD_b2b677,MatSpr_acd0,1,8000.0,8000.0
6779,ORIT_0743c0,ORD_0743c0,MatPoc_6ee7,1,13000.0,13000.0
6780,ORIT_c3dbc3,ORD_c3dbc3,PilFea_56ac,1,650.0,650.0
6781,ORIT_63bd13,ORD_63bd13,BedPol_5ab8,1,600.0,600.0
6782,ORIT_fb0a4c,ORD_fb0a4c,BolCot_31e6,1,300.0,300.0
6783,ORIT_c75fa7,ORD_c75fa7,MatPoc_27a0,1,8500.0,8500.0
6784,ORIT_01ec1c,ORD_01ec1c,MatPoc_f6cb,2,17500.0,35000.0
6785,ORIT_6f6018,ORD_6f6018,MatSpr_28ce,1,6000.0,6000.0
6786,ORIT_86c23f,ORD_86c23f,MatSpr_28ce,1,6000.0,6000.0
6787,ORIT_dd29df,ORD_dd29df,MatFoa_4414,4,3500.0,14000.0
6788,ORIT_a89d1e,ORD_a89d1e,BedCot_4a29,3,800.0,2400.0
6789,ORIT_86f039,ORD_86f039,BedPol_239e,4,600.0,2400.0
6790,ORIT_ff4559,ORD_ff4559,MatFoa_13fa,4,7500.0,30000.0
6791,ORIT_a0e32e,ORD_a0e32e,BedCot_4a29,3,800.0,2400.0
6792,ORIT_fd574f,ORD_fd574f,BolPol_82d7,4,220.0,880.0
6793,ORIT_395bd5,ORD_395bd5,MatPoc_6ee7,3,13000.0,39000.0
6794,ORIT_45d11b,ORD_45d11b,MatSpr_acd0,2,8000.0,16000.0
6795,ORIT_91d311,ORD_91d311,MatFoa_8cd2,2,3500.0,7000.0
6796,ORIT_8deaf6,ORD_8deaf6,PilFea_115c,4,650.0,2600.0
6797,ORIT_d7ca08,ORD_d7ca08,BolPol_f3ad,4,220.0,880.0
6798,ORIT_ddfbfa,ORD_ddfbfa,MatPoc_45de,4,13000.0,52000.0
6799,ORIT_57d31d,ORD_57d31d,BedCot_d278,3,1200.0,3600.0
6800,ORIT_787e4f,ORD_787e4f,MatSpr_acd0,4,8000.0,32000.0
6801,ORIT_4d1f3a,ORD_4d1f3a,BedPol_5ab8,3,600.0,1800.0
6802,ORIT_fcf146,ORD_fcf146,PilPol_3076,2,180.0,360.0
6803,ORIT_b65382,ORD_b65382,MatPoc_6ee7,1,13000.0,13000.0
6804,ORIT_87aa89,ORD_87aa89,MatSpr_56a3,2,4000.0,8000.0
6805,ORIT_ea5c7e,ORD_ea5c7e,MatFoa_8cd2,3,3500.0,10500.0
6806,ORIT_d31712,ORD_d31712,BedCot_6141,3,800.0,2400.0
6807,ORIT_7af28d,ORD_7af28d,BedCot_d278,1,1200.0,1200.0
6808,ORIT_ac57b3,ORD_ac57b3,MatSpr_ba3a,1,8000.0,8000.0
6809,ORIT_5eddfd,ORD_5eddfd,MatPoc_45de,1,13000.0,13000.0
6810,ORIT_2d0cee,ORD_2d0cee,PilPol_3076,1,180.0,180.0
6811,ORIT_315682,ORD_315682,BedPol_f406,1,500.0,500.0
6812,ORIT_2968cd,ORD_2968cd,MatSpr_ba3a,1,8000.0,8000.0
6813,ORIT_3428a2,ORD_3428a2,MatPoc_45de,1,13000.0,13000.0
6814,ORIT_039b13,ORD_039b13,PilFea_115c,1,650.0,650.0
6815,ORIT_12e81c,ORD_12e81c,MatPoc_2df5,1,17500.0,17500.0
6816,ORIT_aa49cf,ORD_aa49cf,MatPoc_6ee7,1,13000.0,13000.0
6817,ORIT_cfa302,ORD_cfa302,BedCot_4e8b,1,1500.0,1500.0
6818,ORIT_2fe80d,ORD_2fe80d,MatFoa_4414,1,3500.0,3500.0
6819,ORIT_392d82,ORD_392d82,MatSpr_acd0,1,8000.0,8000.0
6820,ORIT_a26d4f,ORD_a26d4f,MatSpr_28ce,1,6000.0,6000.0
6821,ORIT_72b92d,ORD_72b92d,PilPol_662f,1,180.0,180.0
6822,ORIT_756ff8,ORD_756ff8,MatSpr_ba3a,1,8000.0,8000.0
6823,ORIT_c26c35,ORD_c26c35,BolCot_21df,1,300.0,300.0
6824,ORIT_37a15f,ORD_37a15f,MatPoc_27a0,4,8500.0,34000.0
6825,ORIT_b6c7de,ORD_b6c7de,MatPoc_2df5,1,17500.0,17500.0
6826,ORIT_22c393,ORD_22c393,MatSpr_06ac,1,4000.0,4000.0
6827,ORIT_7b8a6a,ORD_7b8a6a,MatSpr_56a3,1,4000.0,4000.0
6828,ORIT_5fdfb1,ORD_5fdfb1,MatSpr_ccc4,1,6000.0,6000.0
6829,ORIT_3d13cd,ORD_3d13cd,MatSpr_56a3,1,4000.0,4000.0
6830,ORIT_a5d5c8,ORD_a5d5c8,MatPoc_f6cb,1,17500.0,17500.0
6831,ORIT_9461be,ORD_9461be,MatSpr_28ce,2,6000.0,12000.0
6832,ORIT_f6cf98,ORD_f6cf98,MatSpr_28ce,2,6000.0,12000.0
6833,ORIT_bdfa59,ORD_bdfa59,BolPol_f3ad,2,220.0,440.0
6834,ORIT_bb6a80,ORD_bb6a80,BedCot_87ca,1,1200.0,1200.0
6835,ORIT_fe205a,ORD_fe205a,BolPol_f3ad,3,220.0,660.0
6836,ORIT_6aa877,ORD_6aa877,MatSpr_ccc4,2,6000.0,12000.0
6837,ORIT_9762c2,ORD_9762c2,MatPoc_f6cb,1,17500.0,17500.0
6838,ORIT_1ea81a,ORD_1ea81a,MatPoc_27a0,1,8500.0,8500.0
6839,ORIT_0feda5,ORD_0feda5,BedCot_87ca,1,1200.0,1200.0
6840,ORIT_4f4af6,ORD_4f4af6,PilFea_115c,1,650.0,650.0
6841,ORIT_426b72,ORD_426b72,BedCot_17f5,1,1500.0,1500.0
6842,ORIT_be529c,ORD_be529c,PilFea_56ac,4,650.0,2600.0
6843,ORIT_a151cb,ORD_a151cb,PilFea_8a5d,1,650.0,650.0
6844,ORIT_4762bf,ORD_4762bf,BolPol_82d7,1,220.0,220.0
6845,ORIT_740d80,ORD_740d80,BedCot_4a29,1,800.0,800.0
6846,ORIT_694083,ORD_694083,MatSpr_ccc4,2,6000.0,12000.0
6847,ORIT_2030cc,ORD_2030cc,MatSpr_ccc4,1,6000.0,6000.0
6848,ORIT_5a72b7,ORD_5a72b7,PilCot_3481,1,250.0,250.0
6849,ORIT_309ac5,ORD_309ac5,MatFoa_28ad,1,7500.0,7500.0
6850,ORIT_8f2720,ORD_8f2720,BedCot_4a29,1,800.0,800.0
6851,ORIT_11496e,ORD_11496e,PilPol_3076,2,180.0,360.0
6852,ORIT_fe9bb9,ORD_fe9bb9,PilFea_115c,1,650.0,650.0
6853,ORIT_66b0b7,ORD_66b0b7,MatSpr_ccc4,1,6000.0,6000.0
6854,ORIT_0c85fe,ORD_0c85fe,MatSpr_acd0,1,8000.0,8000.0
6855,ORIT_1f7b81,ORD_1f7b81,MatFoa_8cd2,1,3500.0,3500.0
6856,ORIT_23b260,ORD_23b260,PilCot_f078,2,250.0,500.0
6857,ORIT_500750,ORD_500750,BedLin_5d3d,1,4200.0,4200.0
6858,ORIT_e816df,ORD_e816df,BolPol_f3ad,2,220.0,440.0
6859,ORIT_617691,ORD_617691,BedCot_4e8b,1,1500.0,1500.0
6860,ORIT_aa7722,ORD_aa7722,PilFea_115c,1,650.0,650.0
6861,ORIT_141be6,ORD_141be6,BedPol_3807,2,500.0,1000.0
6862,ORIT_6218af,ORD_6218af,BedCot_17f5,2,1500.0,3000.0
6863,ORIT_9c6d54,ORD_9c6d54,MatPoc_27a0,1,8500.0,8500.0
6864,ORIT_e1ad14,ORD_e1ad14,MatSpr_acd0,1,8000.0,8000.0
6865,ORIT_f949a0,ORD_f949a0,MatSpr_28ce,1,6000.0,6000.0
6866,ORIT_94bba5,ORD_94bba5,MatPoc_2df5,1,17500.0,17500.0
6867,ORIT_74b777,ORD_74b777,BlaCot_9781,1,1200.0,1200.0
6868,ORIT_4314cb,ORD_4314cb,MatPoc_45de,2,13000.0,26000.0
6869,ORIT_3cd85c,ORD_3cd85c,BolPol_cfd7,1,220.0,220.0
6870,ORIT_0fe673,ORD_0fe673,MatPoc_6ee7,4,13000.0,52000.0
6871,ORIT_6d6c07,ORD_6d6c07,MatSpr_ba3a,3,8000.0,24000.0
6872,ORIT_0b0c8b,ORD_0b0c8b,MatSpr_acd0,2,8000.0,16000.0
6873,ORIT_8e360a,ORD_8e360a,PilPol_662f,3,180.0,540.0
6874,ORIT_8ef79c,ORD_8ef79c,BlaCot_ce6c,3,2000.0,6000.0
6875,ORIT_197509,ORD_197509,MatSpr_ccc4,2,6000.0,12000.0
6876,ORIT_51bef0,ORD_51bef0,PilPol_662f,3,180.0,540.0
6877,ORIT_eba141,ORD_eba141,MatSpr_acd0,3,8000.0,24000.0
6878,ORIT_973f32,ORD_973f32,MatFoa_e09a,3,5500.0,16500.0
6879,ORIT_687a9c,ORD_687a9c,BlaCot_503c,4,2000.0,8000.0
6880,ORIT_503a10,ORD_503a10,MatSpr_acd0,3,8000.0,24000.0
6881,ORIT_ad99ae,ORD_ad99ae,PilPol_662f,4,180.0,720.0
6882,ORIT_b2228e,ORD_b2228e,MatSpr_acd0,4,8000.0,32000.0
6883,ORIT_8481e5,ORD_8481e5,BedLin_f732,2,4200.0,8400.0
6884,ORIT_d9113a,ORD_d9113a,MatFoa_13fa,3,7500.0,22500.0
6885,ORIT_2f1488,ORD_2f1488,BolPol_f3ad,1,220.0,220.0
6886,ORIT_2f788a,ORD_2f788a,MatFoa_e09a,4,5500.0,22000.0
6887,ORIT_d8dc09,ORD_d8dc09,MatFoa_4414,4,3500.0,14000.0
6888,ORIT_1cd96e,ORD_1cd96e,MatPoc_2df5,4,17500.0,70000.0
6889,ORIT_1bb7a6,ORD_1bb7a6,MatFoa_4414,3,3500.0,10500.0
6890,ORIT_e02e58,ORD_e02e58,MatSpr_ccc4,1,6000.0,6000.0
6891,ORIT_3e1185,ORD_3e1185,PilFea_56ac,2,650.0,1300.0
6892,ORIT_326880,ORD_326880,PilCot_f078,1,250.0,250.0
6893,ORIT_da68e4,ORD_da68e4,BolCot_31e6,3,300.0,900.0
6894,ORIT_2d846c,ORD_2d846c,MatSpr_28ce,3,6000.0,18000.0
6895,ORIT_0b6de0,ORD_0b6de0,BedCot_17f5,3,1500.0,4500.0
6896,ORIT_b567f2,ORD_b567f2,MatSpr_acd0,4,8000.0,32000.0
6897,ORIT_5c9d71,ORD_5c9d71,MatSpr_ccc4,4,6000.0,24000.0
6898,ORIT_a2e3a9,ORD_a2e3a9,PilPol_3076,1,180.0,180.0
6899,ORIT_1f09e5,ORD_1f09e5,BolCot_3050,1,300.0,300.0
6900,ORIT_2aca56,ORD_2aca56,PilPol_a442,1,180.0,180.0
6901,ORIT_aadd12,ORD_aadd12,MatSpr_acd0,1,8000.0,8000.0
6902,ORIT_f377e7,ORD_f377e7,PilPol_a442,1,180.0,180.0
6903,ORIT_a7fbee,ORD_a7fbee,BlaFla_78f1,1,1000.0,1000.0
6904,ORIT_6bdd79,ORD_6bdd79,MatFoa_4414,1,3500.0,3500.0
6905,ORIT_503b14,ORD_503b14,MatPoc_2df5,1,17500.0,17500.0
6906,ORIT_33a02c,ORD_33a02c,BedCot_2397,1,1500.0,1500.0
6907,ORIT_0b9225,ORD_0b9225,BedLin_18f8,2,2000.0,4000.0
6908,ORIT_380c16,ORD_380c16,PilPol_a442,2,180.0,360.0
6909,ORIT_644003,ORD_644003,BolPol_f3ad,1,220.0,220.0
6910,ORIT_98614b,ORD_98614b,BedCot_4a29,4,800.0,3200.0
6911,ORIT_c3701c,ORD_c3701c,BolPol_f3ad,1,220.0,220.0
6912,ORIT_77f1bc,ORD_77f1bc,MatSpr_28ce,1,6000.0,6000.0
6913,ORIT_9fe8ba,ORD_9fe8ba,BedLin_aa0f,2,4200.0,8400.0
6914,ORIT_210a22,ORD_210a22,MatSpr_56a3,2,4000.0,8000.0
6915,ORIT_7e356e,ORD_7e356e,BedCot_4e8b,2,1500.0,3000.0
6916,ORIT_66dbd4,ORD_66dbd4,MatSpr_28ce,1,6000.0,6000.0
6917,ORIT_4f187f,ORD_4f187f,BedCot_c645,1,1200.0,1200.0
6918,ORIT_d47b40,ORD_d47b40,PilPol_662f,1,180.0,180.0
6919,ORIT_4725fe,ORD_4725fe,BolCot_31e6,2,300.0,600.0
6920,ORIT_e5f0c3,ORD_e5f0c3,BedCot_17f5,1,1500.0,1500.0
6921,ORIT_43175d,ORD_43175d,BedLin_5d3d,1,4200.0,4200.0
6922,ORIT_e88115,ORD_e88115,MatSpr_acd0,1,8000.0,8000.0
6923,ORIT_ddca84,ORD_ddca84,BedCot_87ca,2,1200.0,2400.0
6924,ORIT_d142fa,ORD_d142fa,MatSpr_ba3a,1,8000.0,8000.0
6925,ORIT_a4b1eb,ORD_a4b1eb,MatFoa_8cd2,2,3500.0,7000.0
6926,ORIT_13c5fb,ORD_13c5fb,MatPoc_f6cb,1,17500.0,17500.0
6927,ORIT_9a6c6d,ORD_9a6c6d,MatFoa_4414,1,3500.0,3500.0
6928,ORIT_bf7de0,ORD_bf7de0,MatPoc_45de,1,13000.0,13000.0
6929,ORIT_b859c0,ORD_b859c0,MatSpr_acd0,1,8000.0,8000.0
6930,ORIT_13bc36,ORD_13bc36,BolFea_b87f,3,700.0,2100.0
6931,ORIT_952cb9,ORD_952cb9,MatSpr_28ce,1,6000.0,6000.0
6932,ORIT_9aae7d,ORD_9aae7d,BedPol_2724,4,400.0,1600.0
6933,ORIT_2bcc92,ORD_2bcc92,MatFoa_4414,1,3500.0,3500.0
6934,ORIT_d52e7a,ORD_d52e7a,MatFoa_28ad,1,7500.0,7500.0
6935,ORIT_349366,ORD_349366,BedCot_2397,1,1500.0,1500.0
6936,ORIT_2650d8,ORD_2650d8,MatSpr_28ce,2,6000.0,12000.0
6937,ORIT_914450,ORD_914450,MatPoc_45de,1,13000.0,13000.0
6938,ORIT_c005b2,ORD_c005b2,BedCot_c645,1,1200.0,1200.0
6939,ORIT_a539c2,ORD_a539c2,MatSpr_acd0,1,8000.0,8000.0
6940,ORIT_439ea3,ORD_439ea3,BedCot_87ca,1,1200.0,1200.0
6941,ORIT_84f042,ORD_84f042,MatSpr_acd0,1,8000.0,8000.0
6942,ORIT_62605e,ORD_62605e,BolCot_31e6,1,300.0,300.0
6943,ORIT_869002,ORD_869002,MatSpr_ccc4,1,6000.0,6000.0
6944,ORIT_4bb2e1,ORD_4bb2e1,BedCot_17f5,1,1500.0,1500.0
6945,ORIT_06783a,ORD_06783a,BolPol_cfd7,1,220.0,220.0
6946,ORIT_6de7b3,ORD_6de7b3,PilCot_b22a,2,250.0,500.0
6947,ORIT_805316,ORD_805316,PilPol_a442,1,180.0,180.0
6948,ORIT_882e80,ORD_882e80,MatSpr_acd0,2,8000.0,16000.0
6949,ORIT_50b162,ORD_50b162,MatPoc_2df5,3,17500.0,52500.0
6950,ORIT_fd76a8,ORD_fd76a8,BedPol_d3de,2,500.0,1000.0
6951,ORIT_cfad3d,ORD_cfad3d,BedPol_239e,4,600.0,2400.0
6952,ORIT_a03163,ORD_a03163,MatPoc_1e64,3,8500.0,25500.0
6953,ORIT_8b4fa4,ORD_8b4fa4,MatSpr_56a3,2,4000.0,8000.0
6954,ORIT_01f27f,ORD_01f27f,BolPol_f3ad,4,220.0,880.0
6955,ORIT_837270,ORD_837270,MatSpr_56a3,3,4000.0,12000.0
6956,ORIT_953e2b,ORD_953e2b,BolFea_b87f,1,700.0,700.0
6957,ORIT_bc2505,ORD_bc2505,PilCot_3481,4,250.0,1000.0
6958,ORIT_ffcb02,ORD_ffcb02,PilPol_a442,2,180.0,360.0
6959,ORIT_154356,ORD_154356,BedCot_17f5,4,1500.0,6000.0
6960,ORIT_2c85af,ORD_2c85af,MatPoc_2df5,3,17500.0,52500.0
6961,ORIT_74c878,ORD_74c878,BedPol_239e,1,600.0,600.0
6962,ORIT_6f0c7b,ORD_6f0c7b,BlaFle_5881,1,700.0,700.0
6963,ORIT_efc60e,ORD_efc60e,BedCot_2449,4,800.0,3200.0
6964,ORIT_7eb93c,ORD_7eb93c,MatPoc_6ee7,2,13000.0,26000.0
6965,ORIT_02751d,ORD_02751d,MatFoa_4414,1,3500.0,3500.0
6966,ORIT_366248,ORD_366248,BedPol_239e,1,600.0,600.0
6967,ORIT_41abd3,ORD_41abd3,MatPoc_2df5,1,17500.0,17500.0
6968,ORIT_f374d3,ORD_f374d3,MatPoc_45de,1,13000.0,13000.0
6969,ORIT_e2e78e,ORD_e2e78e,MatSpr_28ce,1,6000.0,6000.0
6970,ORIT_f65133,ORD_f65133,MatSpr_ba3a,1,8000.0,8000.0
6971,ORIT_5ab688,ORD_5ab688,MatSpr_ba3a,1,8000.0,8000.0
6972,ORIT_2c7bb5,ORD_2c7bb5,PilFea_8a5d,1,650.0,650.0
6973,ORIT_6a81ef,ORD_6a81ef,BedCot_17f5,1,1500.0,1500.0
6974,ORIT_fbe665,ORD_fbe665,MatSpr_28ce,1,6000.0,6000.0
6975,ORIT_d6cf3b,ORD_d6cf3b,MatSpr_28ce,1,6000.0,6000.0
6976,ORIT_f7e678,ORD_f7e678,MatSpr_28ce,1,6000.0,6000.0
6977,ORIT_195f43,ORD_195f43,BolPol_cfd7,2,220.0,440.0
6978,ORIT_c22583,ORD_c22583,BlaFle_394c,1,600.0,600.0
6979,ORIT_bad42c,ORD_bad42c,BlaFle_7daf,1,600.0,600.0
6980,ORIT_44e07b,ORD_44e07b,PilFea_115c,3,650.0,1950.0
6981,ORIT_3d2f71,ORD_3d2f71,MatPoc_2df5,1,17500.0,17500.0
6982,ORIT_622e95,ORD_622e95,MatSpr_ccc4,2,6000.0,12000.0
6983,ORIT_328f8b,ORD_328f8b,MatSpr_acd0,1,8000.0,8000.0
6984,ORIT_4b5c64,ORD_4b5c64,MatPoc_45de,2,13000.0,26000.0
6985,ORIT_5a8672,ORD_5a8672,MatPoc_2df5,2,17500.0,35000.0
6986,ORIT_dd6343,ORD_dd6343,PilPol_a442,3,180.0,540.0
6987,ORIT_a73306,ORD_a73306,BlaFla_f995,1,1000.0,1000.0
6988,ORIT_b9f671,ORD_b9f671,MatPoc_45de,2,13000.0,26000.0
6989,ORIT_f7fe07,ORD_f7fe07,BedCot_2449,1,800.0,800.0
6990,ORIT_1ef0a5,ORD_1ef0a5,BlaFla_4110,1,600.0,600.0
6991,ORIT_63c6c5,ORD_63c6c5,BedPol_239e,1,600.0,600.0
6992,ORIT_7fb588,ORD_7fb588,BedCot_87ca,1,1200.0,1200.0
6993,ORIT_3ac241,ORD_3ac241,BedCot_4a29,1,800.0,800.0
6994,ORIT_689a2c,ORD_689a2c,MatSpr_28ce,1,6000.0,6000.0
6995,ORIT_3a493e,ORD_3a493e,BlaCot_6c4b,1,2200.0,2200.0
6996,ORIT_18d2ba,ORD_18d2ba,BlaFle_c9a0,2,600.0,1200.0
6997,ORIT_1afa82,ORD_1afa82,MatSpr_acd0,1,8000.0,8000.0
6998,ORIT_ef86f7,ORD_ef86f7,MatSpr_acd0,3,8000.0,24000.0
6999,ORIT_881a7e,ORD_881a7e,BedCot_2397,1,1500.0,1500.0
7000,ORIT_72f938,ORD_72f938,BedPol_3807,1,500.0,500.0
7001,ORIT_c67421,ORD_c67421,BedCot_4e8b,4,1500.0,6000.0
7002,ORIT_915865,ORD_915865,MatFoa_28ad,3,7500.0,22500.0
7003,ORIT_df7167,ORD_df7167,BedCot_4a29,1,800.0,800.0
7004,ORIT_818cbd,ORD_818cbd,BedCot_4e8b,1,1500.0,1500.0
7005,ORIT_39e74e,ORD_39e74e,MatSpr_28ce,1,6000.0,6000.0
7006,ORIT_20b281,ORD_20b281,MatSpr_ccc4,1,6000.0,6000.0
7007,ORIT_3eeb55,ORD_3eeb55,BolPol_f3ad,1,220.0,220.0
7008,ORIT_9d6f6e,ORD_9d6f6e,MatFoa_e09a,1,5500.0,5500.0
7009,ORIT_cbf223,ORD_cbf223,PilPol_a442,3,180.0,540.0
7010,ORIT_c3e71a,ORD_c3e71a,MatSpr_06ac,3,4000.0,12000.0
7011,ORIT_99b4b9,ORD_99b4b9,BedCot_17f5,2,1500.0,3000.0
7012,ORIT_842b54,ORD_842b54,PilPol_3076,3,180.0,540.0
7013,ORIT_be2d86,ORD_be2d86,MatPoc_6ee7,3,13000.0,39000.0
7014,ORIT_c9ac5d,ORD_c9ac5d,MatSpr_28ce,2,6000.0,12000.0
7015,ORIT_56cf6f,ORD_56cf6f,PilFea_115c,3,650.0,1950.0
7016,ORIT_693b69,ORD_693b69,MatSpr_06ac,4,4000.0,16000.0
7017,ORIT_60516f,ORD_60516f,MatSpr_acd0,4,8000.0,32000.0
7018,ORIT_37eb13,ORD_37eb13,MatPoc_2df5,3,17500.0,52500.0
7019,ORIT_1a2724,ORD_1a2724,MatPoc_6ee7,4,13000.0,52000.0
7020,ORIT_5d40f8,ORD_5d40f8,BedLin_f732,2,4200.0,8400.0
7021,ORIT_f4bcbb,ORD_f4bcbb,PilFea_115c,3,650.0,1950.0
7022,ORIT_1ee82d,ORD_1ee82d,MatPoc_2df5,3,17500.0,52500.0
7023,ORIT_1430f3,ORD_1430f3,BedCot_17f5,1,1500.0,1500.0
7024,ORIT_fef465,ORD_fef465,PilPol_a442,1,180.0,180.0
7025,ORIT_97a1b2,ORD_97a1b2,BlaCot_6c4b,1,2200.0,2200.0
7026,ORIT_58e3ad,ORD_58e3ad,MatPoc_2df5,1,17500.0,17500.0
7027,ORIT_9f832d,ORD_9f832d,BedCot_2397,1,1500.0,1500.0
7028,ORIT_76f9ae,ORD_76f9ae,MatSpr_06ac,1,4000.0,4000.0
7029,ORIT_b2af73,ORD_b2af73,MatFoa_13fa,1,7500.0,7500.0
7030,ORIT_bc3390,ORD_bc3390,BedCot_4e8b,2,1500.0,3000.0
7031,ORIT_18167b,ORD_18167b,PilPol_662f,4,180.0,720.0
7032,ORIT_7b1723,ORD_7b1723,PilPol_3076,2,180.0,360.0
7033,ORIT_286920,ORD_286920,MatSpr_06ac,2,4000.0,8000.0
7034,ORIT_14f0c5,ORD_14f0c5,BedLin_aa0f,3,4200.0,12600.0
7035,ORIT_381ac7,ORD_381ac7,BedPol_5144,2,600.0,1200.0
7036,ORIT_56d883,ORD_56d883,BedPol_e8c9,3,400.0,1200.0
7037,ORIT_b0e187,ORD_b0e187,BedCot_6141,4,800.0,3200.0
7038,ORIT_e7e2b9,ORD_e7e2b9,MatPoc_2df5,3,17500.0,52500.0
7039,ORIT_f26c67,ORD_f26c67,BedLin_2f24,2,2000.0,4000.0
7040,ORIT_471b88,ORD_471b88,BedCot_2449,3,800.0,2400.0
7041,ORIT_299fc7,ORD_299fc7,BedCot_d278,1,1200.0,1200.0
7042,ORIT_dd1511,ORD_dd1511,MatFoa_e09a,4,5500.0,22000.0
7043,ORIT_09f85b,ORD_09f85b,MatPoc_6ee7,4,13000.0,52000.0
7044,ORIT_3622f7,ORD_3622f7,BedLin_b097,3,3800.0,11400.0
7045,ORIT_e4e309,ORD_e4e309,MatSpr_56a3,4,4000.0,16000.0
7046,ORIT_8c292f,ORD_8c292f,MatPoc_f6cb,3,17500.0,52500.0
7047,ORIT_512b3c,ORD_512b3c,PilPol_662f,2,180.0,360.0
7048,ORIT_0a80a5,ORD_0a80a5,MatSpr_ccc4,1,6000.0,6000.0
7049,ORIT_c644f2,ORD_c644f2,BedCot_2449,2,800.0,1600.0
7050,ORIT_21d52a,ORD_21d52a,PilPol_3076,1,180.0,180.0
7051,ORIT_3d7509,ORD_3d7509,PilFea_8a5d,1,650.0,650.0
7052,ORIT_c9f288,ORD_c9f288,MatSpr_ccc4,2,6000.0,12000.0
7053,ORIT_a3e7ef,ORD_a3e7ef,MatFoa_8cd2,1,3500.0,3500.0
7054,ORIT_c8308b,ORD_c8308b,MatPoc_6ee7,3,13000.0,39000.0
7055,ORIT_8001c8,ORD_8001c8,MatSpr_acd0,1,8000.0,8000.0
7056,ORIT_47532d,ORD_47532d,MatSpr_56a3,1,4000.0,4000.0
7057,ORIT_ce70a0,ORD_ce70a0,MatPoc_2df5,1,17500.0,17500.0
7058,ORIT_d2b96f,ORD_d2b96f,BedCot_2397,3,1500.0,4500.0
7059,ORIT_76e503,ORD_76e503,PilFea_8a5d,2,650.0,1300.0
7060,ORIT_194df5,ORD_194df5,BolFea_98d4,3,700.0,2100.0
7061,ORIT_02156c,ORD_02156c,PilFea_56ac,3,650.0,1950.0
7062,ORIT_3a9226,ORD_3a9226,MatPoc_f6cb,3,17500.0,52500.0
7063,ORIT_0a46b1,ORD_0a46b1,MatSpr_06ac,3,4000.0,12000.0
7064,ORIT_b7c795,ORD_b7c795,BedPol_e207,4,400.0,1600.0
7065,ORIT_595d2d,ORD_595d2d,MatFoa_182e,2,5500.0,11000.0
7066,ORIT_ab89f4,ORD_ab89f4,BedCot_87ca,2,1200.0,2400.0
7067,ORIT_467138,ORD_467138,MatSpr_ccc4,4,6000.0,24000.0
7068,ORIT_2b4bfe,ORD_2b4bfe,MatSpr_acd0,4,8000.0,32000.0
7069,ORIT_fbc7e0,ORD_fbc7e0,MatSpr_ccc4,3,6000.0,18000.0
7070,ORIT_8f2ecb,ORD_8f2ecb,MatSpr_28ce,3,6000.0,18000.0
7071,ORIT_8b27c2,ORD_8b27c2,MatSpr_ccc4,3,6000.0,18000.0
7072,ORIT_326f6e,ORD_326f6e,BlaFla_f995,4,1000.0,4000.0
7073,ORIT_8ab319,ORD_8ab319,BedCot_c645,4,1200.0,4800.0
7074,ORIT_db5574,ORD_db5574,MatPoc_f6cb,1,17500.0,17500.0
7075,ORIT_6a926d,ORD_6a926d,MatPoc_6ee7,1,13000.0,13000.0
7076,ORIT_5d5dd8,ORD_5d5dd8,MatFoa_4414,1,3500.0,3500.0
7077,ORIT_522498,ORD_522498,BolPol_f3ad,2,220.0,440.0
7078,ORIT_af08b0,ORD_af08b0,MatPoc_6ee7,1,13000.0,13000.0
7079,ORIT_3866f1,ORD_3866f1,MatPoc_2df5,1,17500.0,17500.0
7080,ORIT_6b4584,ORD_6b4584,PilPol_a442,1,180.0,180.0
7081,ORIT_bde905,ORD_bde905,BolCot_31e6,1,300.0,300.0
7082,ORIT_f6a1fa,ORD_f6a1fa,BolPol_f3ad,2,220.0,440.0
7083,ORIT_14cb3e,ORD_14cb3e,BedPol_d3de,1,500.0,500.0
7084,ORIT_094f9a,ORD_094f9a,MatPoc_45de,3,13000.0,39000.0
7085,ORIT_2800b2,ORD_2800b2,MatSpr_ba3a,2,8000.0,16000.0
7086,ORIT_03fed7,ORD_03fed7,MatSpr_06ac,1,4000.0,4000.0
7087,ORIT_8c38bb,ORD_8c38bb,BedPol_2724,1,400.0,400.0
7088,ORIT_c21b04,ORD_c21b04,PilPol_662f,2,180.0,360.0
7089,ORIT_efae91,ORD_efae91,MatSpr_acd0,1,8000.0,8000.0
7090,ORIT_33beb3,ORD_33beb3,BedCot_87ca,3,1200.0,3600.0
7091,ORIT_a30427,ORD_a30427,MatSpr_ba3a,1,8000.0,8000.0
7092,ORIT_c386ac,ORD_c386ac,PilPol_3076,1,180.0,180.0
7093,ORIT_4bda19,ORD_4bda19,MatPoc_f6cb,1,17500.0,17500.0
7094,ORIT_3f43c5,ORD_3f43c5,BedCot_87ca,2,1200.0,2400.0
7095,ORIT_32f47e,ORD_32f47e,BedPol_2724,1,400.0,400.0
7096,ORIT_703f2e,ORD_703f2e,MatPoc_f6cb,1,17500.0,17500.0
7097,ORIT_87e5f7,ORD_87e5f7,BedCot_17f5,1,1500.0,1500.0
7098,ORIT_68c532,ORD_68c532,BedCot_2397,1,1500.0,1500.0
7099,ORIT_a72c93,ORD_a72c93,BedCot_17f5,1,1500.0,1500.0
7100,ORIT_2f434a,ORD_2f434a,BedCot_17f5,1,1500.0,1500.0
7101,ORIT_ca1069,ORD_ca1069,MatPoc_6ee7,4,13000.0,52000.0
7102,ORIT_9b3804,ORD_9b3804,MatPoc_f6cb,1,17500.0,17500.0
7103,ORIT_5b189a,ORD_5b189a,BedCot_2449,3,800.0,2400.0
7104,ORIT_b144a2,ORD_b144a2,PilFea_8a5d,1,650.0,650.0
7105,ORIT_01c985,ORD_01c985,BolCot_21df,1,300.0,300.0
7106,ORIT_64d962,ORD_64d962,MatSpr_56a3,1,4000.0,4000.0
7107,ORIT_8733b2,ORD_8733b2,MatSpr_28ce,1,6000.0,6000.0
7108,ORIT_ce120c,ORD_ce120c,MatSpr_acd0,1,8000.0,8000.0
7109,ORIT_ad2416,ORD_ad2416,BedPol_5ab8,1,600.0,600.0
7110,ORIT_d8b838,ORD_d8b838,BedLin_d846,1,2000.0,2000.0
7111,ORIT_bb0f05,ORD_bb0f05,BolPol_f3ad,3,220.0,660.0
7112,ORIT_590012,ORD_590012,MatSpr_ccc4,1,6000.0,6000.0
7113,ORIT_0ab520,ORD_0ab520,BedPol_5ab8,1,600.0,600.0
7114,ORIT_e61573,ORD_e61573,MatPoc_6ee7,2,13000.0,26000.0
7115,ORIT_4e2a01,ORD_4e2a01,BedPol_2724,2,400.0,800.0
7116,ORIT_8faac3,ORD_8faac3,MatFoa_4414,2,3500.0,7000.0
7117,ORIT_a5647c,ORD_a5647c,BedCot_2397,1,1500.0,1500.0
7118,ORIT_052614,ORD_052614,BedCot_2397,4,1500.0,6000.0
7119,ORIT_0c9652,ORD_0c9652,PilPol_3076,1,180.0,180.0
7120,ORIT_00b8d4,ORD_00b8d4,MatPoc_f6cb,2,17500.0,35000.0
7121,ORIT_54185d,ORD_54185d,MatPoc_1e64,1,8500.0,8500.0
7122,ORIT_0d7af2,ORD_0d7af2,BolPol_82d7,1,220.0,220.0
7123,ORIT_e96da8,ORD_e96da8,MatSpr_56a3,2,4000.0,8000.0
7124,ORIT_8a1f49,ORD_8a1f49,BedPol_239e,1,600.0,600.0
7125,ORIT_aaa7d1,ORD_aaa7d1,MatSpr_acd0,1,8000.0,8000.0
7126,ORIT_77e95a,ORD_77e95a,BedCot_6141,2,800.0,1600.0
7127,ORIT_36474f,ORD_36474f,BolPol_f3ad,3,220.0,660.0
7128,ORIT_41d70e,ORD_41d70e,MatPoc_45de,1,13000.0,13000.0
7129,ORIT_36d456,ORD_36d456,BlaFle_9bda,2,700.0,1400.0
7130,ORIT_ed6ddb,ORD_ed6ddb,BedPol_e8c9,1,400.0,400.0
7131,ORIT_4516ad,ORD_4516ad,BlaFle_c9a0,1,600.0,600.0
7132,ORIT_e6623d,ORD_e6623d,MatSpr_ba3a,1,8000.0,8000.0
7133,ORIT_336c48,ORD_336c48,MatPoc_2df5,1,17500.0,17500.0
7134,ORIT_bb33f3,ORD_bb33f3,MatFoa_28ad,1,7500.0,7500.0
7135,ORIT_4a0911,ORD_4a0911,BolPol_cfd7,1,220.0,220.0
7136,ORIT_0700d8,ORD_0700d8,MatPoc_27a0,1,8500.0,8500.0
7137,ORIT_f3b4ba,ORD_f3b4ba,MatSpr_56a3,2,4000.0,8000.0
7138,ORIT_7c0c50,ORD_7c0c50,BedCot_2449,1,800.0,800.0
7139,ORIT_3f4549,ORD_3f4549,BedPol_e8c9,1,400.0,400.0
7140,ORIT_81d409,ORD_81d409,BedCot_17f5,1,1500.0,1500.0
7141,ORIT_cab396,ORD_cab396,PilPol_a442,2,180.0,360.0
7142,ORIT_20ba8d,ORD_20ba8d,BedPol_f406,3,500.0,1500.0
7143,ORIT_fc259c,ORD_fc259c,MatFoa_e09a,1,5500.0,5500.0
7144,ORIT_25a62f,ORD_25a62f,PilPol_3076,1,180.0,180.0
7145,ORIT_b4dcbb,ORD_b4dcbb,MatPoc_2df5,1,17500.0,17500.0
7146,ORIT_2280f2,ORD_2280f2,PilPol_3076,1,180.0,180.0
7147,ORIT_7d9926,ORD_7d9926,MatSpr_ccc4,1,6000.0,6000.0
7148,ORIT_e9bf80,ORD_e9bf80,PilFea_56ac,1,650.0,650.0
7149,ORIT_430990,ORD_430990,PilFea_56ac,1,650.0,650.0
7150,ORIT_e7859e,ORD_e7859e,PilPol_a442,4,180.0,720.0
7151,ORIT_2859c6,ORD_2859c6,MatSpr_ccc4,1,6000.0,6000.0
7152,ORIT_f81dc7,ORD_f81dc7,MatSpr_acd0,1,8000.0,8000.0
7153,ORIT_8619cd,ORD_8619cd,MatPoc_f6cb,1,17500.0,17500.0
7154,ORIT_2ca737,ORD_2ca737,BolPol_cfd7,1,220.0,220.0
7155,ORIT_e4ee1f,ORD_e4ee1f,MatPoc_2df5,1,17500.0,17500.0
7156,ORIT_1258a8,ORD_1258a8,MatPoc_45de,1,13000.0,13000.0
7157,ORIT_368780,ORD_368780,BedPol_239e,4,600.0,2400.0
7158,ORIT_45ffa9,ORD_45ffa9,MatFoa_182e,1,5500.0,5500.0
7159,ORIT_35f38b,ORD_35f38b,PilFea_56ac,1,650.0,650.0
7160,ORIT_17b26a,ORD_17b26a,PilPol_662f,1,180.0,180.0
7161,ORIT_9bab48,ORD_9bab48,MatPoc_f6cb,3,17500.0,52500.0
7162,ORIT_b20f2c,ORD_b20f2c,MatPoc_6ee7,1,13000.0,13000.0
7163,ORIT_297a9b,ORD_297a9b,MatFoa_13fa,3,7500.0,22500.0
7164,ORIT_aef86d,ORD_aef86d,BedCot_4a29,3,800.0,2400.0
7165,ORIT_fc281c,ORD_fc281c,MatSpr_ccc4,1,6000.0,6000.0
7166,ORIT_2b6d17,ORD_2b6d17,MatPoc_f6cb,4,17500.0,70000.0
7167,ORIT_5cb444,ORD_5cb444,BolPol_f3ad,1,220.0,220.0
7168,ORIT_58a5a3,ORD_58a5a3,PilPol_3076,3,180.0,540.0
7169,ORIT_98fb65,ORD_98fb65,BedCot_c645,4,1200.0,4800.0
7170,ORIT_1f5bde,ORD_1f5bde,BolCot_31e6,2,300.0,600.0
7171,ORIT_d04b04,ORD_d04b04,PilPol_a442,1,180.0,180.0
7172,ORIT_07b155,ORD_07b155,PilPol_3076,2,180.0,360.0
7173,ORIT_7dc00a,ORD_7dc00a,BolCot_21df,4,300.0,1200.0
7174,ORIT_23ff45,ORD_23ff45,MatPoc_2df5,3,17500.0,52500.0
7175,ORIT_ef5315,ORD_ef5315,MatPoc_1e64,1,8500.0,8500.0
7176,ORIT_1ce0c9,ORD_1ce0c9,BolPol_82d7,3,220.0,660.0
7177,ORIT_99883c,ORD_99883c,MatSpr_ba3a,3,8000.0,24000.0
7178,ORIT_e2ab55,ORD_e2ab55,PilPol_662f,3,180.0,540.0
7179,ORIT_05c1e2,ORD_05c1e2,PilPol_3076,1,180.0,180.0
7180,ORIT_bbfc8e,ORD_bbfc8e,MatPoc_6ee7,1,13000.0,13000.0
7181,ORIT_2394ec,ORD_2394ec,BolPol_f3ad,1,220.0,220.0
7182,ORIT_8167cc,ORD_8167cc,MatSpr_ccc4,1,6000.0,6000.0
7183,ORIT_df9ccc,ORD_df9ccc,BolCot_31e6,1,300.0,300.0
7184,ORIT_2777b0,ORD_2777b0,BedLin_aa0f,1,4200.0,4200.0
7185,ORIT_e5bb27,ORD_e5bb27,MatSpr_ba3a,2,8000.0,16000.0
7186,ORIT_c87bb9,ORD_c87bb9,BolPol_f3ad,3,220.0,660.0
7187,ORIT_5efa1b,ORD_5efa1b,BolPol_f3ad,3,220.0,660.0
7188,ORIT_42ac65,ORD_42ac65,PilPol_662f,4,180.0,720.0
7189,ORIT_c0c8c0,ORD_c0c8c0,BedCot_2397,3,1500.0,4500.0
7190,ORIT_882915,ORD_882915,MatPoc_6ee7,2,13000.0,26000.0
7191,ORIT_8de775,ORD_8de775,MatSpr_56a3,4,4000.0,16000.0
7192,ORIT_a112a8,ORD_a112a8,BedCot_6141,2,800.0,1600.0
7193,ORIT_6021b3,ORD_6021b3,BlaCot_572e,2,2200.0,4400.0
7194,ORIT_9f010f,ORD_9f010f,PilFea_115c,1,650.0,650.0
7195,ORIT_e94ee2,ORD_e94ee2,BedCot_2397,1,1500.0,1500.0
7196,ORIT_edaa57,ORD_edaa57,MatPoc_2df5,1,17500.0,17500.0
7197,ORIT_6a2f8e,ORD_6a2f8e,PilFea_56ac,1,650.0,650.0
7198,ORIT_96edb4,ORD_96edb4,BedCot_2397,1,1500.0,1500.0
7199,ORIT_da5d9f,ORD_da5d9f,MatPoc_6ee7,1,13000.0,13000.0
7200,ORIT_52276d,ORD_52276d,PilCot_f078,1,250.0,250.0
7201,ORIT_d52b2f,ORD_d52b2f,MatPoc_f6cb,3,17500.0,52500.0
7202,ORIT_3fa03b,ORD_3fa03b,PilPol_a442,1,180.0,180.0
7203,ORIT_4bd694,ORD_4bd694,BolPol_f3ad,2,220.0,440.0
7204,ORIT_de64e1,ORD_de64e1,MatFoa_13fa,1,7500.0,7500.0
7205,ORIT_c1cd69,ORD_c1cd69,BedPol_5144,1,600.0,600.0
7206,ORIT_c0a56e,ORD_c0a56e,BedCot_4e8b,1,1500.0,1500.0
7207,ORIT_fb9880,ORD_fb9880,MatSpr_28ce,3,6000.0,18000.0
7208,ORIT_e7c72d,ORD_e7c72d,PilPol_a442,1,180.0,180.0
7209,ORIT_366a6b,ORD_366a6b,MatSpr_acd0,1,8000.0,8000.0
7210,ORIT_7ccc84,ORD_7ccc84,PilPol_3076,1,180.0,180.0
7211,ORIT_38061b,ORD_38061b,MatSpr_ba3a,4,8000.0,32000.0
7212,ORIT_11a91f,ORD_11a91f,PilPol_662f,2,180.0,360.0
7213,ORIT_a3c702,ORD_a3c702,BolPol_cfd7,3,220.0,660.0
7214,ORIT_6d451c,ORD_6d451c,PilPol_662f,3,180.0,540.0
7215,ORIT_0eec24,ORD_0eec24,MatSpr_06ac,4,4000.0,16000.0
7216,ORIT_147371,ORD_147371,MatSpr_acd0,3,8000.0,24000.0
7217,ORIT_c0719b,ORD_c0719b,BedPol_e8c9,1,400.0,400.0
7218,ORIT_3ca548,ORD_3ca548,BedCot_6141,2,800.0,1600.0
7219,ORIT_00fcab,ORD_00fcab,BedPol_d3de,3,500.0,1500.0
7220,ORIT_f4261b,ORD_f4261b,BolCot_31e6,2,300.0,600.0
7221,ORIT_f15226,ORD_f15226,BedCot_6141,3,800.0,2400.0
7222,ORIT_1452e4,ORD_1452e4,MatPoc_f6cb,3,17500.0,52500.0
7223,ORIT_407a5d,ORD_407a5d,BedCot_d278,4,1200.0,4800.0
7224,ORIT_9109a8,ORD_9109a8,PilPol_3076,3,180.0,540.0
7225,ORIT_4389aa,ORD_4389aa,MatPoc_f6cb,1,17500.0,17500.0
7226,ORIT_92f73e,ORD_92f73e,PilFea_8a5d,1,650.0,650.0
7227,ORIT_3f3dcc,ORD_3f3dcc,MatSpr_56a3,1,4000.0,4000.0
7228,ORIT_d25ecf,ORD_d25ecf,BlaFle_33f0,1,700.0,700.0
7229,ORIT_c1085b,ORD_c1085b,MatPoc_45de,1,13000.0,13000.0
7230,ORIT_af0e34,ORD_af0e34,MatSpr_acd0,1,8000.0,8000.0
7231,ORIT_770704,ORD_770704,BolPol_82d7,1,220.0,220.0
7232,ORIT_46796d,ORD_46796d,BolPol_cfd7,2,220.0,440.0
7233,ORIT_f6e58a,ORD_f6e58a,BedCot_c645,2,1200.0,2400.0
7234,ORIT_6f166f,ORD_6f166f,BedCot_2449,1,800.0,800.0
7235,ORIT_2c4817,ORD_2c4817,BlaFle_33f0,1,700.0,700.0
7236,ORIT_d7e339,ORD_d7e339,MatPoc_f6cb,1,17500.0,17500.0
7237,ORIT_34150d,ORD_34150d,BolPol_f3ad,1,220.0,220.0
7238,ORIT_d0ab23,ORD_d0ab23,MatPoc_2df5,1,17500.0,17500.0
7239,ORIT_f4a67e,ORD_f4a67e,BedPol_e8c9,1,400.0,400.0
7240,ORIT_5b1fbf,ORD_5b1fbf,BedCot_c645,1,1200.0,1200.0
7241,ORIT_b7097a,ORD_b7097a,MatSpr_28ce,1,6000.0,6000.0
7242,ORIT_ee77dd,ORD_ee77dd,MatSpr_ba3a,2,8000.0,16000.0
7243,ORIT_692c05,ORD_692c05,MatSpr_06ac,2,4000.0,8000.0
7244,ORIT_abd0a1,ORD_abd0a1,BolPol_cfd7,1,220.0,220.0
7245,ORIT_9d5a9b,ORD_9d5a9b,BolPol_cfd7,3,220.0,660.0
7246,ORIT_ac6430,ORD_ac6430,BedPol_3807,2,500.0,1000.0
7247,ORIT_fb3525,ORD_fb3525,MatSpr_28ce,1,6000.0,6000.0
7248,ORIT_d56967,ORD_d56967,PilCot_3481,1,250.0,250.0
7249,ORIT_d870d3,ORD_d870d3,MatSpr_28ce,2,6000.0,12000.0
7250,ORIT_f57a15,ORD_f57a15,MatFoa_13fa,4,7500.0,30000.0
7251,ORIT_4c00a5,ORD_4c00a5,MatPoc_6ee7,1,13000.0,13000.0
7252,ORIT_b78d80,ORD_b78d80,MatSpr_acd0,1,8000.0,8000.0
7253,ORIT_17c951,ORD_17c951,BedCot_2449,1,800.0,800.0
7254,ORIT_e02b21,ORD_e02b21,BolPol_82d7,1,220.0,220.0
7255,ORIT_974c81,ORD_974c81,BedCot_17f5,2,1500.0,3000.0
7256,ORIT_a25cc8,ORD_a25cc8,BedCot_87ca,2,1200.0,2400.0
7257,ORIT_d49331,ORD_d49331,PilFea_8a5d,2,650.0,1300.0
7258,ORIT_86bfaf,ORD_86bfaf,MatPoc_2df5,1,17500.0,17500.0
7259,ORIT_30d700,ORD_30d700,BedCot_2449,1,800.0,800.0
7260,ORIT_22370d,ORD_22370d,MatSpr_acd0,1,8000.0,8000.0
7261,ORIT_0ce0b9,ORD_0ce0b9,MatPoc_2df5,2,17500.0,35000.0
7262,ORIT_30743b,ORD_30743b,BlaFle_5881,1,700.0,700.0
7263,ORIT_b50fb3,ORD_b50fb3,BedPol_2724,1,400.0,400.0
7264,ORIT_04dadd,ORD_04dadd,MatSpr_acd0,2,8000.0,16000.0
7265,ORIT_9288b4,ORD_9288b4,MatSpr_acd0,1,8000.0,8000.0
7266,ORIT_8033fa,ORD_8033fa,MatPoc_f6cb,1,17500.0,17500.0
7267,ORIT_8b9e56,ORD_8b9e56,MatSpr_acd0,4,8000.0,32000.0
7268,ORIT_21aa1c,ORD_21aa1c,BedLin_d846,1,2000.0,2000.0
7269,ORIT_030cde,ORD_030cde,BedCot_2397,2,1500.0,3000.0
7270,ORIT_381a4b,ORD_381a4b,BedCot_4e8b,1,1500.0,1500.0
7271,ORIT_f25c20,ORD_f25c20,PilPol_a442,4,180.0,720.0
7272,ORIT_8ea7d7,ORD_8ea7d7,PilPol_3076,1,180.0,180.0
7273,ORIT_06f947,ORD_06f947,BedLin_18f8,1,2000.0,2000.0
7274,ORIT_e7a881,ORD_e7a881,MatSpr_acd0,1,8000.0,8000.0
7275,ORIT_cc6a39,ORD_cc6a39,PilPol_662f,2,180.0,360.0
7276,ORIT_c8ce1f,ORD_c8ce1f,MatPoc_6ee7,1,13000.0,13000.0
7277,ORIT_2f3af7,ORD_2f3af7,BedCot_4a29,2,800.0,1600.0
7278,ORIT_a4268f,ORD_a4268f,MatPoc_2df5,1,17500.0,17500.0
7279,ORIT_caa600,ORD_caa600,MatPoc_45de,3,13000.0,39000.0
7280,ORIT_966cff,ORD_966cff,BedPol_e207,2,400.0,800.0
7281,ORIT_028573,ORD_028573,MatPoc_f6cb,1,17500.0,17500.0
7282,ORIT_4c1ef9,ORD_4c1ef9,BedPol_2724,1,400.0,400.0
7283,ORIT_c3948e,ORD_c3948e,PilCot_3481,1,250.0,250.0
7284,ORIT_fb2469,ORD_fb2469,MatFoa_e09a,3,5500.0,16500.0
7285,ORIT_d8a73e,ORD_d8a73e,BolPol_82d7,1,220.0,220.0
7286,ORIT_83444f,ORD_83444f,BedCot_c645,3,1200.0,3600.0
7287,ORIT_2174be,ORD_2174be,MatPoc_45de,1,13000.0,13000.0
7288,ORIT_1cdbfc,ORD_1cdbfc,BedCot_2397,2,1500.0,3000.0
7289,ORIT_a44a1b,ORD_a44a1b,BedPol_d3de,3,500.0,1500.0
7290,ORIT_23ac61,ORD_23ac61,BedCot_d278,4,1200.0,4800.0
7291,ORIT_b62d68,ORD_b62d68,BedLin_18f8,4,2000.0,8000.0
7292,ORIT_22bd2d,ORD_22bd2d,BolCot_3050,3,300.0,900.0
7293,ORIT_4fb8e5,ORD_4fb8e5,BolCot_31e6,4,300.0,1200.0
7294,ORIT_79a485,ORD_79a485,BolCot_3050,2,300.0,600.0
7295,ORIT_eb0040,ORD_eb0040,BolFea_d1d6,3,700.0,2100.0
7296,ORIT_72e993,ORD_72e993,BedCot_4e8b,3,1500.0,4500.0
7297,ORIT_d08c5d,ORD_d08c5d,BlaCot_9ebb,1,1200.0,1200.0
7298,ORIT_3ac8af,ORD_3ac8af,PilFea_8a5d,3,650.0,1950.0
7299,ORIT_167837,ORD_167837,MatSpr_ba3a,3,8000.0,24000.0
7300,ORIT_ecce01,ORD_ecce01,MatFoa_182e,4,5500.0,22000.0
7301,ORIT_65739f,ORD_65739f,BedCot_6141,4,800.0,3200.0
7302,ORIT_bfc260,ORD_bfc260,MatSpr_acd0,1,8000.0,8000.0
7303,ORIT_3631d0,ORD_3631d0,BolCot_21df,1,300.0,300.0
7304,ORIT_aded28,ORD_aded28,BedPol_3807,1,500.0,500.0
7305,ORIT_8cd86c,ORD_8cd86c,BlaCot_8a14,2,1200.0,2400.0
7306,ORIT_c163fc,ORD_c163fc,BedCot_2449,1,800.0,800.0
7307,ORIT_158084,ORD_158084,BedPol_f406,1,500.0,500.0
7308,ORIT_a9de74,ORD_a9de74,BedCot_d278,2,1200.0,2400.0
7309,ORIT_e4c51e,ORD_e4c51e,BlaFle_394c,2,600.0,1200.0
7310,ORIT_77e687,ORD_77e687,PilFea_56ac,3,650.0,1950.0
7311,ORIT_5d7b12,ORD_5d7b12,MatSpr_acd0,2,8000.0,16000.0
7312,ORIT_39cd99,ORD_39cd99,MatPoc_1e64,1,8500.0,8500.0
7313,ORIT_165b1c,ORD_165b1c,MatPoc_6ee7,1,13000.0,13000.0
7314,ORIT_4db33c,ORD_4db33c,MatPoc_2df5,1,17500.0,17500.0
7315,ORIT_71c27f,ORD_71c27f,BlaFle_1485,1,300.0,300.0
7316,ORIT_d49f27,ORD_d49f27,MatSpr_acd0,2,8000.0,16000.0
7317,ORIT_552eff,ORD_552eff,MatPoc_2df5,1,17500.0,17500.0
7318,ORIT_bbc715,ORD_bbc715,MatPoc_1e64,3,8500.0,25500.0
7319,ORIT_6bdb98,ORD_6bdb98,BolPol_82d7,2,220.0,440.0
7320,ORIT_18fd13,ORD_18fd13,BedPol_5144,1,600.0,600.0
7321,ORIT_c019b9,ORD_c019b9,BedCot_4a29,1,800.0,800.0
7322,ORIT_632067,ORD_632067,PilFea_115c,3,650.0,1950.0
7323,ORIT_d7299b,ORD_d7299b,BolPol_82d7,1,220.0,220.0
7324,ORIT_7a35fa,ORD_7a35fa,MatPoc_f6cb,1,17500.0,17500.0
7325,ORIT_fab785,ORD_fab785,MatPoc_2df5,1,17500.0,17500.0
7326,ORIT_6789f1,ORD_6789f1,BolCot_3050,1,300.0,300.0
7327,ORIT_e1a3ce,ORD_e1a3ce,BedPol_e8c9,1,400.0,400.0
7328,ORIT_6c3638,ORD_6c3638,BedCot_c645,1,1200.0,1200.0
7329,ORIT_752f08,ORD_752f08,MatPoc_f6cb,4,17500.0,70000.0
7330,ORIT_66612e,ORD_66612e,MatSpr_06ac,4,4000.0,16000.0
7331,ORIT_878b91,ORD_878b91,PilFea_56ac,4,650.0,2600.0
7332,ORIT_20b00f,ORD_20b00f,MatPoc_27a0,1,8500.0,8500.0
7333,ORIT_7db399,ORD_7db399,BedLin_8a26,1,3800.0,3800.0
7334,ORIT_1b4576,ORD_1b4576,MatSpr_ccc4,2,6000.0,12000.0
7335,ORIT_9112fc,ORD_9112fc,MatSpr_ccc4,1,6000.0,6000.0
7336,ORIT_9455df,ORD_9455df,PilPol_a442,1,180.0,180.0
7337,ORIT_449502,ORD_449502,BolPol_cfd7,2,220.0,440.0
7338,ORIT_981d97,ORD_981d97,MatPoc_45de,1,13000.0,13000.0
7339,ORIT_6520ef,ORD_6520ef,MatSpr_06ac,1,4000.0,4000.0
7340,ORIT_471de6,ORD_471de6,MatSpr_28ce,1,6000.0,6000.0
7341,ORIT_a2344d,ORD_a2344d,BlaCot_8a14,1,1200.0,1200.0
7342,ORIT_3c4ffd,ORD_3c4ffd,MatPoc_45de,1,13000.0,13000.0
7343,ORIT_3f8398,ORD_3f8398,MatSpr_ba3a,1,8000.0,8000.0
7344,ORIT_f6e77d,ORD_f6e77d,MatSpr_28ce,1,6000.0,6000.0
7345,ORIT_ee54f5,ORD_ee54f5,BlaFla_769a,1,600.0,600.0
7346,ORIT_09b79c,ORD_09b79c,PilFea_56ac,1,650.0,650.0
7347,ORIT_d29d14,ORD_d29d14,MatFoa_e09a,1,5500.0,5500.0
7348,ORIT_ce5966,ORD_ce5966,MatPoc_27a0,1,8500.0,8500.0
7349,ORIT_bf7096,ORD_bf7096,MatPoc_f6cb,1,17500.0,17500.0
7350,ORIT_67f2f5,ORD_67f2f5,PilPol_662f,2,180.0,360.0
7351,ORIT_73427d,ORD_73427d,MatPoc_6ee7,1,13000.0,13000.0
7352,ORIT_24886b,ORD_24886b,BedCot_2397,1,1500.0,1500.0
7353,ORIT_9b39a9,ORD_9b39a9,BedPol_5ab8,1,600.0,600.0
7354,ORIT_78304b,ORD_78304b,MatSpr_56a3,2,4000.0,8000.0
7355,ORIT_df8dd2,ORD_df8dd2,BolCot_31e6,2,300.0,600.0
7356,ORIT_88727b,ORD_88727b,BedCot_6141,3,800.0,2400.0
7357,ORIT_f2d91b,ORD_f2d91b,MatSpr_ba3a,1,8000.0,8000.0
7358,ORIT_498906,ORD_498906,MatFoa_8cd2,1,3500.0,3500.0
7359,ORIT_d1f7bc,ORD_d1f7bc,MatSpr_ba3a,2,8000.0,16000.0
7360,ORIT_2e146b,ORD_2e146b,MatPoc_6ee7,1,13000.0,13000.0
7361,ORIT_ab0744,ORD_ab0744,MatFoa_13fa,2,7500.0,15000.0
7362,ORIT_8a8143,ORD_8a8143,BedCot_2397,1,1500.0,1500.0
7363,ORIT_35612e,ORD_35612e,BedLin_8a26,1,3800.0,3800.0
7364,ORIT_a4f329,ORD_a4f329,BedCot_d278,1,1200.0,1200.0
7365,ORIT_15bb76,ORD_15bb76,BolPol_82d7,1,220.0,220.0
7366,ORIT_beabb8,ORD_beabb8,BedCot_87ca,2,1200.0,2400.0
7367,ORIT_df9500,ORD_df9500,MatPoc_2df5,3,17500.0,52500.0
7368,ORIT_f028d2,ORD_f028d2,PilPol_662f,1,180.0,180.0
7369,ORIT_3aa6c4,ORD_3aa6c4,BolPol_82d7,3,220.0,660.0
7370,ORIT_bc43fd,ORD_bc43fd,PilPol_3076,2,180.0,360.0
7371,ORIT_1b3811,ORD_1b3811,BlaCot_572e,2,2200.0,4400.0
7372,ORIT_be5dd7,ORD_be5dd7,BolPol_cfd7,1,220.0,220.0
7373,ORIT_58100f,ORD_58100f,MatSpr_ba3a,2,8000.0,16000.0
7374,ORIT_670a34,ORD_670a34,MatPoc_f6cb,2,17500.0,35000.0
7375,ORIT_c4c502,ORD_c4c502,BedCot_17f5,1,1500.0,1500.0
7376,ORIT_32ce23,ORD_32ce23,PilPol_662f,1,180.0,180.0
7377,ORIT_4ade44,ORD_4ade44,BedCot_87ca,1,1200.0,1200.0
7378,ORIT_0cbef2,ORD_0cbef2,PilPol_a442,1,180.0,180.0
7379,ORIT_f87492,ORD_f87492,PilPol_a442,1,180.0,180.0
7380,ORIT_838741,ORD_838741,MatSpr_ba3a,3,8000.0,24000.0
7381,ORIT_8b6ea8,ORD_8b6ea8,MatSpr_ccc4,2,6000.0,12000.0
7382,ORIT_e00f66,ORD_e00f66,MatPoc_45de,1,13000.0,13000.0
7383,ORIT_78c3d6,ORD_78c3d6,MatSpr_ba3a,1,8000.0,8000.0
7384,ORIT_799d48,ORD_799d48,BlaFle_7daf,2,600.0,1200.0
7385,ORIT_ada9af,ORD_ada9af,MatSpr_ccc4,1,6000.0,6000.0
7386,ORIT_3deee1,ORD_3deee1,PilPol_3076,2,180.0,360.0
7387,ORIT_9bf44c,ORD_9bf44c,MatPoc_f6cb,4,17500.0,70000.0
7388,ORIT_70b7d5,ORD_70b7d5,MatFoa_4414,1,3500.0,3500.0
7389,ORIT_502ab3,ORD_502ab3,BedCot_4e8b,4,1500.0,6000.0
7390,ORIT_72011d,ORD_72011d,BedPol_d3de,3,500.0,1500.0
7391,ORIT_765d27,ORD_765d27,BedCot_17f5,1,1500.0,1500.0
7392,ORIT_4e99b2,ORD_4e99b2,BedLin_18f8,1,2000.0,2000.0
7393,ORIT_e1ecb7,ORD_e1ecb7,MatSpr_06ac,1,4000.0,4000.0
7394,ORIT_3540f2,ORD_3540f2,PilCot_3481,1,250.0,250.0
7395,ORIT_ae81e9,ORD_ae81e9,MatFoa_13fa,1,7500.0,7500.0
7396,ORIT_9b84a9,ORD_9b84a9,MatFoa_8cd2,1,3500.0,3500.0
7397,ORIT_179906,ORD_179906,BolPol_cfd7,1,220.0,220.0
7398,ORIT_e1d954,ORD_e1d954,PilPol_662f,1,180.0,180.0
7399,ORIT_55ffb1,ORD_55ffb1,MatPoc_2df5,1,17500.0,17500.0
7400,ORIT_09f413,ORD_09f413,BedCot_87ca,1,1200.0,1200.0
7401,ORIT_b34612,ORD_b34612,BedPol_5ab8,1,600.0,600.0
7402,ORIT_cedb32,ORD_cedb32,PilFea_56ac,1,650.0,650.0
7403,ORIT_386e9f,ORD_386e9f,BolFea_d1d6,1,700.0,700.0
7404,ORIT_72ef47,ORD_72ef47,PilPol_662f,2,180.0,360.0
7405,ORIT_6b60b9,ORD_6b60b9,MatSpr_ba3a,2,8000.0,16000.0
7406,ORIT_04c6f3,ORD_04c6f3,PilPol_662f,3,180.0,540.0
7407,ORIT_22649c,ORD_22649c,MatPoc_2df5,3,17500.0,52500.0
7408,ORIT_1616e8,ORD_1616e8,BedLin_5d3d,4,4200.0,16800.0
7409,ORIT_7b30b8,ORD_7b30b8,MatFoa_182e,3,5500.0,16500.0
7410,ORIT_f848ad,ORD_f848ad,MatPoc_2df5,1,17500.0,17500.0
7411,ORIT_d8ca9b,ORD_d8ca9b,PilFea_56ac,3,650.0,1950.0
7412,ORIT_ca6a29,ORD_ca6a29,MatPoc_f6cb,3,17500.0,52500.0
7413,ORIT_bb9cba,ORD_bb9cba,BedCot_4e8b,3,1500.0,4500.0
7414,ORIT_e26351,ORD_e26351,BolPol_f3ad,1,220.0,220.0
7415,ORIT_a01c42,ORD_a01c42,PilPol_3076,1,180.0,180.0
7416,ORIT_c784f8,ORD_c784f8,PilFea_8a5d,1,650.0,650.0
7417,ORIT_c76b71,ORD_c76b71,BolPol_82d7,2,220.0,440.0
7418,ORIT_69ce18,ORD_69ce18,PilFea_115c,1,650.0,650.0
7419,ORIT_d01bb5,ORD_d01bb5,BolPol_82d7,1,220.0,220.0
7420,ORIT_451a1d,ORD_451a1d,MatPoc_6ee7,1,13000.0,13000.0
7421,ORIT_f24a78,ORD_f24a78,MatPoc_f6cb,1,17500.0,17500.0
7422,ORIT_64280f,ORD_64280f,PilPol_3076,1,180.0,180.0
7423,ORIT_a4fe5f,ORD_a4fe5f,MatSpr_ba3a,1,8000.0,8000.0
7424,ORIT_e4ab31,ORD_e4ab31,PilPol_3076,1,180.0,180.0
7425,ORIT_6d236a,ORD_6d236a,MatSpr_ba3a,1,8000.0,8000.0
7426,ORIT_43d103,ORD_43d103,MatSpr_ccc4,1,6000.0,6000.0
7427,ORIT_b4c200,ORD_b4c200,MatFoa_28ad,3,7500.0,22500.0
7428,ORIT_5124ec,ORD_5124ec,MatFoa_8cd2,3,3500.0,10500.0
7429,ORIT_6f19a0,ORD_6f19a0,MatPoc_27a0,4,8500.0,34000.0
7430,ORIT_778b36,ORD_778b36,MatSpr_28ce,2,6000.0,12000.0
7431,ORIT_a1b2df,ORD_a1b2df,MatPoc_f6cb,3,17500.0,52500.0
7432,ORIT_d86912,ORD_d86912,BedCot_17f5,3,1500.0,4500.0
7433,ORIT_789df9,ORD_789df9,BedCot_d278,4,1200.0,4800.0
7434,ORIT_d59bb4,ORD_d59bb4,BedLin_5d3d,4,4200.0,16800.0
7435,ORIT_d50c12,ORD_d50c12,BedCot_d278,2,1200.0,2400.0
7436,ORIT_ff0007,ORD_ff0007,PilFea_56ac,1,650.0,650.0
7437,ORIT_5fb62e,ORD_5fb62e,BedPol_5ab8,1,600.0,600.0
7438,ORIT_707c45,ORD_707c45,BedPol_d3de,1,500.0,500.0
7439,ORIT_fd9a4b,ORD_fd9a4b,PilPol_3076,1,180.0,180.0
7440,ORIT_3d6379,ORD_3d6379,MatPoc_2df5,1,17500.0,17500.0
7441,ORIT_1d8d26,ORD_1d8d26,BolCot_31e6,2,300.0,600.0
7442,ORIT_e1dc1d,ORD_e1dc1d,PilPol_a442,1,180.0,180.0
7443,ORIT_4ec2cf,ORD_4ec2cf,BedCot_c645,2,1200.0,2400.0
7444,ORIT_e8d550,ORD_e8d550,PilPol_a442,1,180.0,180.0
7445,ORIT_6435c1,ORD_6435c1,MatSpr_ccc4,1,6000.0,6000.0
7446,ORIT_129e0b,ORD_129e0b,MatPoc_f6cb,1,17500.0,17500.0
7447,ORIT_e74775,ORD_e74775,MatSpr_28ce,1,6000.0,6000.0
7448,ORIT_dae96b,ORD_dae96b,MatSpr_ccc4,2,6000.0,12000.0
7449,ORIT_a7b14d,ORD_a7b14d,MatSpr_28ce,2,6000.0,12000.0
7450,ORIT_a5231d,ORD_a5231d,BolPol_f3ad,1,220.0,220.0
7451,ORIT_595ce2,ORD_595ce2,MatPoc_2df5,1,17500.0,17500.0
7452,ORIT_eed640,ORD_eed640,MatFoa_28ad,2,7500.0,15000.0
7453,ORIT_b77342,ORD_b77342,MatPoc_2df5,1,17500.0,17500.0
7454,ORIT_e6d44b,ORD_e6d44b,MatPoc_2df5,1,17500.0,17500.0
7455,ORIT_64c309,ORD_64c309,MatFoa_8cd2,1,3500.0,3500.0
7456,ORIT_3c7de5,ORD_3c7de5,PilPol_3076,2,180.0,360.0
7457,ORIT_3e975e,ORD_3e975e,MatSpr_ba3a,1,8000.0,8000.0
7458,ORIT_935b67,ORD_935b67,MatPoc_f6cb,3,17500.0,52500.0
7459,ORIT_5cc86b,ORD_5cc86b,MatPoc_27a0,2,8500.0,17000.0
7460,ORIT_38c243,ORD_38c243,BolPol_cfd7,4,220.0,880.0
7461,ORIT_175d5e,ORD_175d5e,BolPol_f3ad,4,220.0,880.0
7462,ORIT_b5c332,ORD_b5c332,BedPol_5144,3,600.0,1800.0
7463,ORIT_76a45a,ORD_76a45a,MatSpr_28ce,3,6000.0,18000.0
7464,ORIT_e8038a,ORD_e8038a,PilPol_662f,3,180.0,540.0
7465,ORIT_c2cdc5,ORD_c2cdc5,BolCot_31e6,3,300.0,900.0
7466,ORIT_7375ea,ORD_7375ea,PilFea_56ac,1,650.0,650.0
7467,ORIT_08d2eb,ORD_08d2eb,BedCot_4a29,1,800.0,800.0
7468,ORIT_a52718,ORD_a52718,MatSpr_ba3a,1,8000.0,8000.0
7469,ORIT_6c4091,ORD_6c4091,MatSpr_acd0,2,8000.0,16000.0
7470,ORIT_81ad2a,ORD_81ad2a,BolPol_f3ad,3,220.0,660.0
7471,ORIT_12e09a,ORD_12e09a,BlaFle_9bda,1,700.0,700.0
7472,ORIT_b94d10,ORD_b94d10,MatPoc_6ee7,1,13000.0,13000.0
7473,ORIT_ddd76a,ORD_ddd76a,MatFoa_e09a,1,5500.0,5500.0
7474,ORIT_c8499d,ORD_c8499d,MatPoc_f6cb,1,17500.0,17500.0
7475,ORIT_eef64f,ORD_eef64f,MatSpr_acd0,3,8000.0,24000.0
7476,ORIT_5d895c,ORD_5d895c,PilFea_8a5d,1,650.0,650.0
7477,ORIT_768f35,ORD_768f35,MatPoc_f6cb,2,17500.0,35000.0
7478,ORIT_cad6ad,ORD_cad6ad,BedCot_17f5,2,1500.0,3000.0
7479,ORIT_0cbdf2,ORD_0cbdf2,MatSpr_ba3a,1,8000.0,8000.0
7480,ORIT_2a994e,ORD_2a994e,BedPol_3807,1,500.0,500.0
7481,ORIT_bd82cf,ORD_bd82cf,BedCot_2449,3,800.0,2400.0
7482,ORIT_8e2575,ORD_8e2575,MatSpr_acd0,3,8000.0,24000.0
7483,ORIT_3cca07,ORD_3cca07,BolPol_cfd7,1,220.0,220.0
7484,ORIT_364c95,ORD_364c95,MatSpr_ba3a,1,8000.0,8000.0
7485,ORIT_dacfeb,ORD_dacfeb,BedPol_d3de,3,500.0,1500.0
7486,ORIT_aa5a9a,ORD_aa5a9a,MatSpr_acd0,3,8000.0,24000.0
7487,ORIT_245101,ORD_245101,BedPol_2724,3,400.0,1200.0
7488,ORIT_034f23,ORD_034f23,BedLin_d846,2,2000.0,4000.0
7489,ORIT_8d7746,ORD_8d7746,BedCot_c645,1,1200.0,1200.0
7490,ORIT_87978f,ORD_87978f,PilFea_8a5d,1,650.0,650.0
7491,ORIT_722ca4,ORD_722ca4,MatSpr_ccc4,2,6000.0,12000.0
7492,ORIT_695278,ORD_695278,MatFoa_8cd2,2,3500.0,7000.0
7493,ORIT_9c4862,ORD_9c4862,MatPoc_45de,3,13000.0,39000.0
7494,ORIT_aeb190,ORD_aeb190,BedCot_6141,3,800.0,2400.0
7495,ORIT_70df1a,ORD_70df1a,PilFea_8a5d,2,650.0,1300.0
7496,ORIT_f519a5,ORD_f519a5,BolPol_f3ad,4,220.0,880.0
7497,ORIT_6e3318,ORD_6e3318,BedCot_4a29,2,800.0,1600.0
7498,ORIT_bec46d,ORD_bec46d,PilPol_3076,4,180.0,720.0
7499,ORIT_47758d,ORD_47758d,BedCot_6141,1,800.0,800.0
7500,ORIT_e10500,ORD_e10500,BedPol_5144,1,600.0,600.0
7501,ORIT_5b1179,ORD_5b1179,MatPoc_2df5,1,17500.0,17500.0
7502,ORIT_55b9e0,ORD_55b9e0,BedPol_d3de,1,500.0,500.0
7503,ORIT_aa2295,ORD_aa2295,MatFoa_e09a,1,5500.0,5500.0
7504,ORIT_77da25,ORD_77da25,MatSpr_acd0,3,8000.0,24000.0
7505,ORIT_2dc5c6,ORD_2dc5c6,BedCot_4e8b,3,1500.0,4500.0
7506,ORIT_95ebfd,ORD_95ebfd,BedCot_4e8b,3,1500.0,4500.0
7507,ORIT_d2acf9,ORD_d2acf9,BlaCot_503c,3,2000.0,6000.0
7508,ORIT_e4340e,ORD_e4340e,MatSpr_56a3,3,4000.0,12000.0
7509,ORIT_1378e2,ORD_1378e2,BedCot_d278,4,1200.0,4800.0
7510,ORIT_838f5d,ORD_838f5d,MatSpr_06ac,3,4000.0,12000.0
7511,ORIT_794732,ORD_794732,MatFoa_8cd2,1,3500.0,3500.0
7512,ORIT_52b856,ORD_52b856,PilFea_115c,3,650.0,1950.0
7513,ORIT_7b7d1e,ORD_7b7d1e,BolPol_cfd7,3,220.0,660.0
7514,ORIT_f3e365,ORD_f3e365,BolPol_f3ad,1,220.0,220.0
7515,ORIT_fd1cd6,ORD_fd1cd6,BlaFle_c9a0,3,600.0,1800.0
7516,ORIT_b7bcef,ORD_b7bcef,BedCot_c645,4,1200.0,4800.0
7517,ORIT_0ceb09,ORD_0ceb09,MatSpr_ba3a,1,8000.0,8000.0
7518,ORIT_2609f7,ORD_2609f7,MatSpr_ccc4,2,6000.0,12000.0
7519,ORIT_ddc549,ORD_ddc549,BedPol_239e,2,600.0,1200.0
7520,ORIT_20c423,ORD_20c423,MatSpr_ccc4,1,6000.0,6000.0
7521,ORIT_ff47a4,ORD_ff47a4,MatSpr_56a3,1,4000.0,4000.0
7522,ORIT_4ef18e,ORD_4ef18e,MatSpr_acd0,1,8000.0,8000.0
7523,ORIT_ea4972,ORD_ea4972,BolCot_31e6,1,300.0,300.0
7524,ORIT_6d639f,ORD_6d639f,BedCot_4e8b,1,1500.0,1500.0
7525,ORIT_f398b1,ORD_f398b1,BedPol_239e,1,600.0,600.0
7526,ORIT_4f5f43,ORD_4f5f43,MatSpr_28ce,2,6000.0,12000.0
7527,ORIT_be7244,ORD_be7244,PilFea_8a5d,1,650.0,650.0
7528,ORIT_9242ee,ORD_9242ee,MatSpr_acd0,1,8000.0,8000.0
7529,ORIT_680d76,ORD_680d76,BedCot_c645,1,1200.0,1200.0
7530,ORIT_cb66e2,ORD_cb66e2,BedLin_2f24,1,2000.0,2000.0
7531,ORIT_ff8dbc,ORD_ff8dbc,PilPol_a442,1,180.0,180.0
7532,ORIT_b6faa5,ORD_b6faa5,MatPoc_6ee7,1,13000.0,13000.0
7533,ORIT_81ba91,ORD_81ba91,BedLin_d846,2,2000.0,4000.0
7534,ORIT_8e1484,ORD_8e1484,BolPol_82d7,2,220.0,440.0
7535,ORIT_800d7f,ORD_800d7f,BolCot_31e6,1,300.0,300.0
7536,ORIT_87077d,ORD_87077d,MatPoc_2df5,1,17500.0,17500.0
7537,ORIT_61bda2,ORD_61bda2,BolPol_82d7,1,220.0,220.0
7538,ORIT_6338ae,ORD_6338ae,MatFoa_8cd2,2,3500.0,7000.0
7539,ORIT_fb9762,ORD_fb9762,MatPoc_2df5,1,17500.0,17500.0
7540,ORIT_9af637,ORD_9af637,MatPoc_1e64,2,8500.0,17000.0
7541,ORIT_802445,ORD_802445,MatSpr_ba3a,1,8000.0,8000.0
7542,ORIT_cb640e,ORD_cb640e,MatSpr_06ac,1,4000.0,4000.0
7543,ORIT_2de4e5,ORD_2de4e5,PilPol_3076,1,180.0,180.0
7544,ORIT_31ba4d,ORD_31ba4d,BedCot_4a29,1,800.0,800.0
7545,ORIT_9324e4,ORD_9324e4,BolPol_f3ad,2,220.0,440.0
7546,ORIT_8a38d4,ORD_8a38d4,PilPol_a442,4,180.0,720.0
7547,ORIT_df9453,ORD_df9453,PilPol_3076,3,180.0,540.0
7548,ORIT_02f0ac,ORD_02f0ac,MatPoc_6ee7,3,13000.0,39000.0
7549,ORIT_674a5f,ORD_674a5f,BedCot_4e8b,4,1500.0,6000.0
7550,ORIT_f2509c,ORD_f2509c,MatSpr_56a3,4,4000.0,16000.0
7551,ORIT_e11952,ORD_e11952,PilPol_3076,3,180.0,540.0
7552,ORIT_482049,ORD_482049,PilPol_a442,2,180.0,360.0
7553,ORIT_2589e1,ORD_2589e1,BedLin_5d3d,4,4200.0,16800.0
7554,ORIT_9f2ebb,ORD_9f2ebb,MatSpr_06ac,4,4000.0,16000.0
7555,ORIT_561ca6,ORD_561ca6,BolFea_d1d6,3,700.0,2100.0
7556,ORIT_933030,ORD_933030,BolPol_f3ad,3,220.0,660.0
7557,ORIT_545139,ORD_545139,BedPol_2724,2,400.0,800.0
7558,ORIT_9522e8,ORD_9522e8,BedPol_e8c9,4,400.0,1600.0
7559,ORIT_155c04,ORD_155c04,MatSpr_acd0,3,8000.0,24000.0
7560,ORIT_810972,ORD_810972,MatSpr_ba3a,3,8000.0,24000.0
7561,ORIT_a2e42a,ORD_a2e42a,BedCot_4e8b,3,1500.0,4500.0
7562,ORIT_c22163,ORD_c22163,BolPol_f3ad,2,220.0,440.0
7563,ORIT_38a8f2,ORD_38a8f2,MatPoc_f6cb,1,17500.0,17500.0
7564,ORIT_6a60e9,ORD_6a60e9,BlaFle_c9a0,1,600.0,600.0
7565,ORIT_05a188,ORD_05a188,MatSpr_28ce,2,6000.0,12000.0
7566,ORIT_f64f0e,ORD_f64f0e,BedCot_17f5,2,1500.0,3000.0
7567,ORIT_ec9ee6,ORD_ec9ee6,BedCot_87ca,1,1200.0,1200.0
7568,ORIT_be891b,ORD_be891b,BlaFle_1485,2,300.0,600.0
7569,ORIT_c13149,ORD_c13149,MatPoc_45de,3,13000.0,39000.0
7570,ORIT_0c4ea7,ORD_0c4ea7,MatSpr_ccc4,1,6000.0,6000.0
7571,ORIT_50e152,ORD_50e152,MatSpr_ba3a,1,8000.0,8000.0
7572,ORIT_40402e,ORD_40402e,BedCot_17f5,1,1500.0,1500.0
7573,ORIT_a449b2,ORD_a449b2,BedCot_c645,1,1200.0,1200.0
7574,ORIT_088ed8,ORD_088ed8,MatSpr_ccc4,1,6000.0,6000.0
7575,ORIT_c52268,ORD_c52268,BedCot_2397,1,1500.0,1500.0
7576,ORIT_6ffe61,ORD_6ffe61,BedCot_4a29,1,800.0,800.0
7577,ORIT_22e4ed,ORD_22e4ed,BedPol_3807,1,500.0,500.0
7578,ORIT_4ec5a8,ORD_4ec5a8,MatFoa_e09a,1,5500.0,5500.0
7579,ORIT_78bfb9,ORD_78bfb9,MatPoc_2df5,1,17500.0,17500.0
7580,ORIT_c4cebc,ORD_c4cebc,MatPoc_6ee7,1,13000.0,13000.0
7581,ORIT_d472ad,ORD_d472ad,BedLin_8a26,1,3800.0,3800.0
7582,ORIT_a83296,ORD_a83296,MatSpr_ba3a,1,8000.0,8000.0
7583,ORIT_4135af,ORD_4135af,MatPoc_2df5,2,17500.0,35000.0
7584,ORIT_03b173,ORD_03b173,PilFea_115c,2,650.0,1300.0
7585,ORIT_d475c1,ORD_d475c1,MatPoc_2df5,3,17500.0,52500.0
7586,ORIT_b15c95,ORD_b15c95,MatPoc_f6cb,1,17500.0,17500.0
7587,ORIT_40526f,ORD_40526f,MatSpr_ccc4,2,6000.0,12000.0
7588,ORIT_25bd72,ORD_25bd72,PilPol_a442,1,180.0,180.0
7589,ORIT_391cac,ORD_391cac,PilFea_115c,2,650.0,1300.0
7590,ORIT_97f2fb,ORD_97f2fb,MatPoc_1e64,1,8500.0,8500.0
7591,ORIT_f9e4d3,ORD_f9e4d3,MatFoa_28ad,1,7500.0,7500.0
7592,ORIT_280d1e,ORD_280d1e,MatPoc_2df5,2,17500.0,35000.0
7593,ORIT_be7a2a,ORD_be7a2a,BedCot_6141,1,800.0,800.0
7594,ORIT_ebaa6b,ORD_ebaa6b,MatFoa_e09a,3,5500.0,16500.0
7595,ORIT_f8a578,ORD_f8a578,PilPol_662f,2,180.0,360.0
7596,ORIT_9be622,ORD_9be622,BolPol_cfd7,2,220.0,440.0
7597,ORIT_ce3421,ORD_ce3421,BolPol_cfd7,2,220.0,440.0
7598,ORIT_1951d5,ORD_1951d5,PilPol_a442,2,180.0,360.0
7599,ORIT_e47d4a,ORD_e47d4a,MatSpr_ba3a,2,8000.0,16000.0
7600,ORIT_84345c,ORD_84345c,MatPoc_27a0,1,8500.0,8500.0
7601,ORIT_3c8fd1,ORD_3c8fd1,PilPol_a442,1,180.0,180.0
7602,ORIT_3474af,ORD_3474af,PilFea_56ac,1,650.0,650.0
7603,ORIT_7f9a66,ORD_7f9a66,MatSpr_ccc4,1,6000.0,6000.0
7604,ORIT_089212,ORD_089212,BedCot_2449,3,800.0,2400.0
7605,ORIT_03c63f,ORD_03c63f,MatFoa_182e,2,5500.0,11000.0
7606,ORIT_9edddd,ORD_9edddd,MatSpr_ba3a,1,8000.0,8000.0
7607,ORIT_beabad,ORD_beabad,BolCot_31e6,3,300.0,900.0
7608,ORIT_83a66e,ORD_83a66e,BedCot_4e8b,1,1500.0,1500.0
7609,ORIT_cfa50a,ORD_cfa50a,MatSpr_ccc4,2,6000.0,12000.0
7610,ORIT_bb1c56,ORD_bb1c56,MatSpr_acd0,3,8000.0,24000.0
7611,ORIT_af6180,ORD_af6180,BolPol_82d7,2,220.0,440.0
7612,ORIT_2d8214,ORD_2d8214,MatSpr_ba3a,1,8000.0,8000.0
7613,ORIT_2b7b8b,ORD_2b7b8b,MatFoa_e09a,2,5500.0,11000.0
7614,ORIT_8c4b68,ORD_8c4b68,PilFea_8a5d,2,650.0,1300.0
7615,ORIT_8b54a1,ORD_8b54a1,MatPoc_2df5,1,17500.0,17500.0
7616,ORIT_677896,ORD_677896,PilFea_56ac,3,650.0,1950.0
7617,ORIT_8b64fd,ORD_8b64fd,BedPol_e207,1,400.0,400.0
7618,ORIT_3d732c,ORD_3d732c,BedPol_e207,1,400.0,400.0
7619,ORIT_21000a,ORD_21000a,MatSpr_06ac,2,4000.0,8000.0
7620,ORIT_5b365d,ORD_5b365d,PilPol_662f,2,180.0,360.0
7621,ORIT_f2c17f,ORD_f2c17f,PilFea_8a5d,2,650.0,1300.0
7622,ORIT_d851bd,ORD_d851bd,PilFea_115c,1,650.0,650.0
7623,ORIT_2a1625,ORD_2a1625,BedPol_e8c9,1,400.0,400.0
7624,ORIT_139378,ORD_139378,BedCot_4a29,1,800.0,800.0
7625,ORIT_c3be29,ORD_c3be29,MatSpr_28ce,2,6000.0,12000.0
7626,ORIT_3b138c,ORD_3b138c,MatPoc_2df5,1,17500.0,17500.0
7627,ORIT_337f48,ORD_337f48,PilPol_a442,1,180.0,180.0
7628,ORIT_24b171,ORD_24b171,BedCot_4e8b,1,1500.0,1500.0
7629,ORIT_eb7f1e,ORD_eb7f1e,MatPoc_2df5,2,17500.0,35000.0
7630,ORIT_e05424,ORD_e05424,BolPol_cfd7,1,220.0,220.0
7631,ORIT_7c2ce9,ORD_7c2ce9,PilCot_b22a,3,250.0,750.0
7632,ORIT_9f5115,ORD_9f5115,BedPol_5ab8,1,600.0,600.0
7633,ORIT_ea7a70,ORD_ea7a70,MatPoc_6ee7,1,13000.0,13000.0
7634,ORIT_a83ea3,ORD_a83ea3,BedLin_f732,1,4200.0,4200.0
7635,ORIT_a9c36a,ORD_a9c36a,MatPoc_45de,1,13000.0,13000.0
7636,ORIT_5c4dbe,ORD_5c4dbe,MatFoa_4414,2,3500.0,7000.0
7637,ORIT_b49b93,ORD_b49b93,BedCot_87ca,1,1200.0,1200.0
7638,ORIT_4a05f4,ORD_4a05f4,BedCot_2397,1,1500.0,1500.0
7639,ORIT_823845,ORD_823845,MatSpr_ccc4,2,6000.0,12000.0
7640,ORIT_250fb7,ORD_250fb7,MatSpr_06ac,1,4000.0,4000.0
7641,ORIT_ceb987,ORD_ceb987,PilPol_a442,1,180.0,180.0
7642,ORIT_16d9dd,ORD_16d9dd,BedCot_17f5,1,1500.0,1500.0
7643,ORIT_12136a,ORD_12136a,BedPol_d3de,1,500.0,500.0
7644,ORIT_e265fe,ORD_e265fe,BolPol_f3ad,1,220.0,220.0
7645,ORIT_952ff8,ORD_952ff8,BedPol_3807,1,500.0,500.0
7646,ORIT_8ed82b,ORD_8ed82b,PilPol_662f,3,180.0,540.0
7647,ORIT_e8c2cd,ORD_e8c2cd,BolPol_82d7,3,220.0,660.0
7648,ORIT_4f4133,ORD_4f4133,PilFea_8a5d,1,650.0,650.0
7649,ORIT_df3596,ORD_df3596,BedCot_2449,3,800.0,2400.0
7650,ORIT_12dba3,ORD_12dba3,BedCot_2397,4,1500.0,6000.0
7651,ORIT_f8a297,ORD_f8a297,MatSpr_28ce,3,6000.0,18000.0
7652,ORIT_e62eff,ORD_e62eff,MatFoa_13fa,3,7500.0,22500.0
7653,ORIT_b76f5b,ORD_b76f5b,BedPol_5ab8,3,600.0,1800.0
7654,ORIT_5548c1,ORD_5548c1,PilPol_3076,2,180.0,360.0
7655,ORIT_00f857,ORD_00f857,PilFea_115c,4,650.0,2600.0
7656,ORIT_2034bd,ORD_2034bd,MatSpr_ba3a,4,8000.0,32000.0
7657,ORIT_68b747,ORD_68b747,MatSpr_ba3a,1,8000.0,8000.0
7658,ORIT_1de0f1,ORD_1de0f1,MatSpr_ccc4,1,6000.0,6000.0
7659,ORIT_d26f85,ORD_d26f85,MatPoc_f6cb,1,17500.0,17500.0
7660,ORIT_b41cb8,ORD_b41cb8,MatSpr_28ce,2,6000.0,12000.0
7661,ORIT_59dc74,ORD_59dc74,BedCot_4a29,1,800.0,800.0
7662,ORIT_6050c7,ORD_6050c7,BedCot_4e8b,3,1500.0,4500.0
7663,ORIT_c8b1f5,ORD_c8b1f5,BedCot_2397,2,1500.0,3000.0
7664,ORIT_e9b56d,ORD_e9b56d,MatSpr_06ac,2,4000.0,8000.0
7665,ORIT_d98c57,ORD_d98c57,BlaFla_7645,1,1200.0,1200.0
7666,ORIT_389786,ORD_389786,MatPoc_f6cb,1,17500.0,17500.0
7667,ORIT_10ed9c,ORD_10ed9c,MatSpr_ba3a,1,8000.0,8000.0
7668,ORIT_b5dc34,ORD_b5dc34,MatFoa_182e,3,5500.0,16500.0
7669,ORIT_f54457,ORD_f54457,BedPol_239e,2,600.0,1200.0
7670,ORIT_652fcb,ORD_652fcb,BedCot_4e8b,3,1500.0,4500.0
7671,ORIT_251a9b,ORD_251a9b,MatPoc_f6cb,2,17500.0,35000.0
7672,ORIT_eee83e,ORD_eee83e,PilFea_56ac,1,650.0,650.0
7673,ORIT_f48c08,ORD_f48c08,MatSpr_ccc4,1,6000.0,6000.0
7674,ORIT_5545f4,ORD_5545f4,MatSpr_56a3,1,4000.0,4000.0
7675,ORIT_5b0fae,ORD_5b0fae,MatPoc_2df5,1,17500.0,17500.0
7676,ORIT_090f3d,ORD_090f3d,MatSpr_acd0,3,8000.0,24000.0
7677,ORIT_9ad1fa,ORD_9ad1fa,BolPol_f3ad,4,220.0,880.0
7678,ORIT_793c92,ORD_793c92,MatSpr_ccc4,4,6000.0,24000.0
7679,ORIT_3b2590,ORD_3b2590,BolCot_21df,3,300.0,900.0
7680,ORIT_87c9dd,ORD_87c9dd,BlaCot_503c,2,2000.0,4000.0
7681,ORIT_2583ff,ORD_2583ff,BedLin_5d3d,2,4200.0,8400.0
7682,ORIT_8a1414,ORD_8a1414,BedLin_5d3d,3,4200.0,12600.0
7683,ORIT_9a2fa2,ORD_9a2fa2,BedPol_e8c9,4,400.0,1600.0
7684,ORIT_f7d4df,ORD_f7d4df,BolPol_82d7,2,220.0,440.0
7685,ORIT_0b6645,ORD_0b6645,MatSpr_ccc4,4,6000.0,24000.0
7686,ORIT_2ae54c,ORD_2ae54c,MatPoc_1e64,2,8500.0,17000.0
7687,ORIT_3867d6,ORD_3867d6,BolFea_98d4,2,700.0,1400.0
7688,ORIT_0292c0,ORD_0292c0,MatFoa_28ad,4,7500.0,30000.0
7689,ORIT_b0dd79,ORD_b0dd79,BolPol_f3ad,4,220.0,880.0
7690,ORIT_5dff1c,ORD_5dff1c,BolPol_cfd7,3,220.0,660.0
7691,ORIT_07dcda,ORD_07dcda,MatPoc_f6cb,4,17500.0,70000.0
7692,ORIT_c21ffa,ORD_c21ffa,BedCot_2397,3,1500.0,4500.0
7693,ORIT_61d8ef,ORD_61d8ef,MatFoa_182e,2,5500.0,11000.0
7694,ORIT_7236f6,ORD_7236f6,MatSpr_ccc4,3,6000.0,18000.0
7695,ORIT_00e486,ORD_00e486,BedCot_2397,1,1500.0,1500.0
7696,ORIT_0b3cb4,ORD_0b3cb4,MatSpr_28ce,2,6000.0,12000.0
7697,ORIT_655574,ORD_655574,BolPol_82d7,3,220.0,660.0
7698,ORIT_d59c08,ORD_d59c08,PilPol_a442,2,180.0,360.0
7699,ORIT_729e46,ORD_729e46,BedPol_e207,1,400.0,400.0
7700,ORIT_397d37,ORD_397d37,MatSpr_28ce,1,6000.0,6000.0
7701,ORIT_34ef4f,ORD_34ef4f,MatFoa_13fa,1,7500.0,7500.0
7702,ORIT_7ee4b5,ORD_7ee4b5,MatSpr_28ce,3,6000.0,18000.0
7703,ORIT_74f3d8,ORD_74f3d8,MatPoc_6ee7,1,13000.0,13000.0
7704,ORIT_5c6bd9,ORD_5c6bd9,PilPol_a442,1,180.0,180.0
7705,ORIT_8c6bf8,ORD_8c6bf8,BedCot_2397,1,1500.0,1500.0
7706,ORIT_8c937a,ORD_8c937a,BedLin_18f8,3,2000.0,6000.0
7707,ORIT_a8b25f,ORD_a8b25f,MatSpr_acd0,3,8000.0,24000.0
7708,ORIT_26822a,ORD_26822a,PilPol_3076,2,180.0,360.0
7709,ORIT_c74c1f,ORD_c74c1f,BolPol_f3ad,3,220.0,660.0
7710,ORIT_5d46e8,ORD_5d46e8,BlaFla_f995,4,1000.0,4000.0
7711,ORIT_3f44fa,ORD_3f44fa,PilPol_a442,4,180.0,720.0
7712,ORIT_802dda,ORD_802dda,MatFoa_4414,1,3500.0,3500.0
7713,ORIT_65bc4f,ORD_65bc4f,BolCot_3050,1,300.0,300.0
7714,ORIT_e00b0b,ORD_e00b0b,MatPoc_2df5,4,17500.0,70000.0
7715,ORIT_b0456f,ORD_b0456f,MatSpr_ccc4,4,6000.0,24000.0
7716,ORIT_ccd94e,ORD_ccd94e,MatSpr_06ac,1,4000.0,4000.0
7717,ORIT_6844c3,ORD_6844c3,BedPol_2724,3,400.0,1200.0
7718,ORIT_dfe533,ORD_dfe533,MatFoa_13fa,1,7500.0,7500.0
7719,ORIT_a59357,ORD_a59357,BedCot_2397,3,1500.0,4500.0
7720,ORIT_21bae3,ORD_21bae3,MatSpr_ccc4,2,6000.0,12000.0
7721,ORIT_cdaddd,ORD_cdaddd,MatPoc_2df5,1,17500.0,17500.0
7722,ORIT_e04a46,ORD_e04a46,PilFea_56ac,1,650.0,650.0
7723,ORIT_a46d50,ORD_a46d50,BlaCot_9781,1,1200.0,1200.0
7724,ORIT_579d29,ORD_579d29,BedLin_d846,3,2000.0,6000.0
7725,ORIT_51b7cb,ORD_51b7cb,BlaCot_ce6c,1,2000.0,2000.0
7726,ORIT_918c5c,ORD_918c5c,BedCot_4e8b,1,1500.0,1500.0
7727,ORIT_547d1e,ORD_547d1e,MatPoc_2df5,1,17500.0,17500.0
7728,ORIT_c94b87,ORD_c94b87,BolCot_31e6,4,300.0,1200.0
7729,ORIT_d98f21,ORD_d98f21,PilFea_56ac,1,650.0,650.0
7730,ORIT_f8dd2a,ORD_f8dd2a,MatSpr_ba3a,1,8000.0,8000.0
7731,ORIT_86d85e,ORD_86d85e,BedPol_5ab8,1,600.0,600.0
7732,ORIT_5fe3aa,ORD_5fe3aa,BedCot_87ca,1,1200.0,1200.0
7733,ORIT_96d0ff,ORD_96d0ff,BedCot_2449,4,800.0,3200.0
7734,ORIT_414de2,ORD_414de2,MatSpr_ba3a,4,8000.0,32000.0
7735,ORIT_b61fab,ORD_b61fab,MatSpr_ba3a,3,8000.0,24000.0
7736,ORIT_ce905b,ORD_ce905b,MatPoc_f6cb,2,17500.0,35000.0
7737,ORIT_ce3de7,ORD_ce3de7,BedPol_5ab8,3,600.0,1800.0
7738,ORIT_43ee84,ORD_43ee84,BedCot_87ca,1,1200.0,1200.0
7739,ORIT_206c46,ORD_206c46,MatSpr_ba3a,3,8000.0,24000.0
7740,ORIT_45809e,ORD_45809e,MatSpr_ccc4,2,6000.0,12000.0
7741,ORIT_18af0a,ORD_18af0a,BedLin_aa0f,1,4200.0,4200.0
7742,ORIT_918d8d,ORD_918d8d,MatPoc_45de,1,13000.0,13000.0
7743,ORIT_a6c2ba,ORD_a6c2ba,MatPoc_f6cb,1,17500.0,17500.0
7744,ORIT_a8d917,ORD_a8d917,BlaCot_b529,1,2000.0,2000.0
7745,ORIT_4936b1,ORD_4936b1,BedPol_5144,1,600.0,600.0
7746,ORIT_307a52,ORD_307a52,MatSpr_ccc4,1,6000.0,6000.0
7747,ORIT_e493dd,ORD_e493dd,BedCot_4e8b,2,1500.0,3000.0
7748,ORIT_373fca,ORD_373fca,MatSpr_56a3,1,4000.0,4000.0
7749,ORIT_8f84c3,ORD_8f84c3,BolPol_f3ad,2,220.0,440.0
7750,ORIT_9ed20c,ORD_9ed20c,PilPol_3076,1,180.0,180.0
7751,ORIT_4a53c9,ORD_4a53c9,BedCot_4a29,2,800.0,1600.0
7752,ORIT_546316,ORD_546316,BedPol_5144,1,600.0,600.0
7753,ORIT_3eda7a,ORD_3eda7a,BolCot_31e6,2,300.0,600.0
7754,ORIT_64fc0b,ORD_64fc0b,BedCot_2397,1,1500.0,1500.0
7755,ORIT_19b199,ORD_19b199,BedPol_5ab8,3,600.0,1800.0
7756,ORIT_691bf0,ORD_691bf0,BlaFle_394c,1,600.0,600.0
7757,ORIT_f72aa4,ORD_f72aa4,MatFoa_e09a,3,5500.0,16500.0
7758,ORIT_67da50,ORD_67da50,BedCot_2449,1,800.0,800.0
7759,ORIT_764950,ORD_764950,MatSpr_28ce,2,6000.0,12000.0
7760,ORIT_c4bc42,ORD_c4bc42,MatPoc_2df5,1,17500.0,17500.0
7761,ORIT_07e09d,ORD_07e09d,MatPoc_2df5,1,17500.0,17500.0
7762,ORIT_cb724a,ORD_cb724a,BolPol_cfd7,1,220.0,220.0
7763,ORIT_707c48,ORD_707c48,BolPol_cfd7,1,220.0,220.0
7764,ORIT_c25527,ORD_c25527,BedCot_6141,1,800.0,800.0
7765,ORIT_078d22,ORD_078d22,MatFoa_182e,1,5500.0,5500.0
7766,ORIT_c5f57b,ORD_c5f57b,BedPol_2724,1,400.0,400.0
7767,ORIT_789c30,ORD_789c30,BedLin_5d3d,2,4200.0,8400.0
7768,ORIT_90c068,ORD_90c068,BedCot_6141,2,800.0,1600.0
7769,ORIT_123fc1,ORD_123fc1,PilFea_8a5d,1,650.0,650.0
7770,ORIT_fb3dd2,ORD_fb3dd2,MatSpr_28ce,1,6000.0,6000.0
7771,ORIT_546037,ORD_546037,MatPoc_6ee7,2,13000.0,26000.0
7772,ORIT_832e6c,ORD_832e6c,MatFoa_e09a,3,5500.0,16500.0
7773,ORIT_658f70,ORD_658f70,MatSpr_28ce,2,6000.0,12000.0
7774,ORIT_8aa721,ORD_8aa721,MatPoc_45de,2,13000.0,26000.0
7775,ORIT_cdb274,ORD_cdb274,MatSpr_ccc4,2,6000.0,12000.0
7776,ORIT_b88fb6,ORD_b88fb6,BedCot_4e8b,1,1500.0,1500.0
7777,ORIT_3bd749,ORD_3bd749,MatSpr_28ce,2,6000.0,12000.0
7778,ORIT_369270,ORD_369270,BedCot_4a29,1,800.0,800.0
7779,ORIT_922e09,ORD_922e09,BedCot_4a29,1,800.0,800.0
7780,ORIT_9444d6,ORD_9444d6,BedPol_e207,1,400.0,400.0
7781,ORIT_c76133,ORD_c76133,MatPoc_6ee7,1,13000.0,13000.0
7782,ORIT_5a099c,ORD_5a099c,BolPol_cfd7,2,220.0,440.0
7783,ORIT_85b017,ORD_85b017,MatFoa_13fa,1,7500.0,7500.0
7784,ORIT_54a1a2,ORD_54a1a2,BedPol_e8c9,1,400.0,400.0
7785,ORIT_5bc083,ORD_5bc083,BedLin_8a26,3,3800.0,11400.0
7786,ORIT_57284d,ORD_57284d,BedCot_17f5,1,1500.0,1500.0
7787,ORIT_a8aecf,ORD_a8aecf,BolFea_b87f,2,700.0,1400.0
7788,ORIT_75e7ee,ORD_75e7ee,BolPol_82d7,1,220.0,220.0
7789,ORIT_1d370f,ORD_1d370f,MatSpr_56a3,1,4000.0,4000.0
7790,ORIT_8b5c65,ORD_8b5c65,MatPoc_f6cb,1,17500.0,17500.0
7791,ORIT_8ec12d,ORD_8ec12d,MatPoc_f6cb,1,17500.0,17500.0
7792,ORIT_b7d4c4,ORD_b7d4c4,MatSpr_ccc4,2,6000.0,12000.0
7793,ORIT_f31fd2,ORD_f31fd2,BlaCot_9ebb,1,1200.0,1200.0
7794,ORIT_a3da40,ORD_a3da40,MatSpr_28ce,2,6000.0,12000.0
7795,ORIT_d9c7c9,ORD_d9c7c9,PilPol_a442,1,180.0,180.0
7796,ORIT_764800,ORD_764800,BedPol_e207,1,400.0,400.0
7797,ORIT_57a005,ORD_57a005,MatPoc_6ee7,1,13000.0,13000.0
7798,ORIT_2ce179,ORD_2ce179,MatPoc_45de,1,13000.0,13000.0
7799,ORIT_37b582,ORD_37b582,BolPol_82d7,1,220.0,220.0
7800,ORIT_97fbc6,ORD_97fbc6,BolPol_cfd7,1,220.0,220.0
7801,ORIT_93be98,ORD_93be98,BlaFla_7645,3,1200.0,3600.0
7802,ORIT_eec492,ORD_eec492,PilPol_a442,3,180.0,540.0
7803,ORIT_4ac36b,ORD_4ac36b,PilPol_a442,3,180.0,540.0
7804,ORIT_b21c33,ORD_b21c33,MatPoc_6ee7,2,13000.0,26000.0
7805,ORIT_8628ee,ORD_8628ee,BedCot_d278,3,1200.0,3600.0
7806,ORIT_d87586,ORD_d87586,MatPoc_45de,3,13000.0,39000.0
7807,ORIT_e1694e,ORD_e1694e,BolPol_cfd7,4,220.0,880.0
7808,ORIT_56bf28,ORD_56bf28,MatPoc_f6cb,1,17500.0,17500.0
7809,ORIT_9189bc,ORD_9189bc,MatPoc_45de,2,13000.0,26000.0
7810,ORIT_c7e23d,ORD_c7e23d,MatSpr_56a3,2,4000.0,8000.0
7811,ORIT_0ef3fc,ORD_0ef3fc,BedPol_5ab8,2,600.0,1200.0
7812,ORIT_ec6594,ORD_ec6594,MatFoa_e09a,1,5500.0,5500.0
7813,ORIT_444285,ORD_444285,BedCot_4e8b,1,1500.0,1500.0
7814,ORIT_69b594,ORD_69b594,MatSpr_acd0,2,8000.0,16000.0
7815,ORIT_f984c5,ORD_f984c5,MatSpr_28ce,1,6000.0,6000.0
7816,ORIT_dbcf5d,ORD_dbcf5d,PilFea_8a5d,1,650.0,650.0
7817,ORIT_a67ed7,ORD_a67ed7,MatSpr_ba3a,1,8000.0,8000.0
7818,ORIT_26ca75,ORD_26ca75,BedPol_f406,3,500.0,1500.0
7819,ORIT_a40bca,ORD_a40bca,MatPoc_2df5,1,17500.0,17500.0
7820,ORIT_f15578,ORD_f15578,PilPol_3076,1,180.0,180.0
7821,ORIT_505464,ORD_505464,BlaFle_5881,1,700.0,700.0
7822,ORIT_3d3b3b,ORD_3d3b3b,PilPol_3076,1,180.0,180.0
7823,ORIT_88c06a,ORD_88c06a,BolCot_21df,1,300.0,300.0
7824,ORIT_ec5338,ORD_ec5338,MatPoc_2df5,2,17500.0,35000.0
7825,ORIT_b64cfe,ORD_b64cfe,BedCot_2449,2,800.0,1600.0
7826,ORIT_4c2bee,ORD_4c2bee,BedPol_239e,1,600.0,600.0
7827,ORIT_8abc1d,ORD_8abc1d,MatSpr_28ce,1,6000.0,6000.0
7828,ORIT_9c35db,ORD_9c35db,MatPoc_45de,1,13000.0,13000.0
7829,ORIT_aca2d4,ORD_aca2d4,BedCot_2397,2,1500.0,3000.0
7830,ORIT_a09d81,ORD_a09d81,BlaFle_33f0,2,700.0,1400.0
7831,ORIT_3d67eb,ORD_3d67eb,MatSpr_acd0,1,8000.0,8000.0
7832,ORIT_d7adfc,ORD_d7adfc,BedPol_5144,1,600.0,600.0
7833,ORIT_858a65,ORD_858a65,MatSpr_28ce,1,6000.0,6000.0
7834,ORIT_e5c21d,ORD_e5c21d,MatPoc_45de,1,13000.0,13000.0
7835,ORIT_5086ed,ORD_5086ed,MatPoc_f6cb,1,17500.0,17500.0
7836,ORIT_fb0db0,ORD_fb0db0,MatSpr_06ac,1,4000.0,4000.0
7837,ORIT_3b7493,ORD_3b7493,MatSpr_acd0,2,8000.0,16000.0
7838,ORIT_f18b2e,ORD_f18b2e,PilPol_a442,1,180.0,180.0
7839,ORIT_71da48,ORD_71da48,BedCot_87ca,1,1200.0,1200.0
7840,ORIT_5ec24c,ORD_5ec24c,MatSpr_ccc4,1,6000.0,6000.0
7841,ORIT_de0aef,ORD_de0aef,BolPol_82d7,1,220.0,220.0
7842,ORIT_516205,ORD_516205,MatSpr_ccc4,1,6000.0,6000.0
7843,ORIT_73f45f,ORD_73f45f,BedCot_c645,1,1200.0,1200.0
7844,ORIT_de374a,ORD_de374a,MatFoa_e09a,1,5500.0,5500.0
7845,ORIT_dacd22,ORD_dacd22,MatSpr_acd0,1,8000.0,8000.0
7846,ORIT_509ae9,ORD_509ae9,PilPol_3076,1,180.0,180.0
7847,ORIT_c76d84,ORD_c76d84,PilFea_56ac,1,650.0,650.0
7848,ORIT_6289e4,ORD_6289e4,MatSpr_acd0,2,8000.0,16000.0
7849,ORIT_debf3b,ORD_debf3b,PilPol_a442,1,180.0,180.0
7850,ORIT_6a310d,ORD_6a310d,MatSpr_ccc4,2,6000.0,12000.0
7851,ORIT_e94c4b,ORD_e94c4b,MatSpr_28ce,1,6000.0,6000.0
7852,ORIT_0e478b,ORD_0e478b,PilFea_56ac,2,650.0,1300.0
7853,ORIT_7fd031,ORD_7fd031,MatPoc_f6cb,1,17500.0,17500.0
7854,ORIT_bb6c62,ORD_bb6c62,BedLin_18f8,1,2000.0,2000.0
7855,ORIT_a06283,ORD_a06283,PilPol_3076,1,180.0,180.0
7856,ORIT_0d2b43,ORD_0d2b43,BedPol_239e,3,600.0,1800.0
7857,ORIT_960bca,ORD_960bca,MatFoa_e09a,4,5500.0,22000.0
7858,ORIT_0e44da,ORD_0e44da,MatSpr_28ce,3,6000.0,18000.0
7859,ORIT_d183a3,ORD_d183a3,BedPol_e207,4,400.0,1600.0
7860,ORIT_99556d,ORD_99556d,MatFoa_e09a,4,5500.0,22000.0
7861,ORIT_3789a0,ORD_3789a0,BedPol_5ab8,3,600.0,1800.0
7862,ORIT_b47ccc,ORD_b47ccc,BolPol_f3ad,3,220.0,660.0
7863,ORIT_9c7022,ORD_9c7022,MatFoa_e09a,3,5500.0,16500.0
7864,ORIT_881d91,ORD_881d91,MatFoa_182e,4,5500.0,22000.0
7865,ORIT_7210e6,ORD_7210e6,MatPoc_45de,3,13000.0,39000.0
7866,ORIT_a18ec3,ORD_a18ec3,BedCot_4e8b,2,1500.0,3000.0
7867,ORIT_bd8c81,ORD_bd8c81,BedPol_e207,3,400.0,1200.0
7868,ORIT_f7c666,ORD_f7c666,MatFoa_e09a,3,5500.0,16500.0
7869,ORIT_d2ab11,ORD_d2ab11,MatSpr_28ce,2,6000.0,12000.0
7870,ORIT_931140,ORD_931140,PilFea_115c,1,650.0,650.0
7871,ORIT_e0593d,ORD_e0593d,BedCot_d278,2,1200.0,2400.0
7872,ORIT_e865cf,ORD_e865cf,MatSpr_06ac,1,4000.0,4000.0
7873,ORIT_35271c,ORD_35271c,MatPoc_2df5,1,17500.0,17500.0
7874,ORIT_9264ce,ORD_9264ce,MatFoa_e09a,1,5500.0,5500.0
7875,ORIT_ba44bf,ORD_ba44bf,PilPol_a442,1,180.0,180.0
7876,ORIT_a10e31,ORD_a10e31,MatPoc_6ee7,3,13000.0,39000.0
7877,ORIT_c058de,ORD_c058de,MatFoa_182e,2,5500.0,11000.0
7878,ORIT_e2ccdd,ORD_e2ccdd,BedCot_2397,3,1500.0,4500.0
7879,ORIT_2e6f52,ORD_2e6f52,MatPoc_1e64,2,8500.0,17000.0
7880,ORIT_0ff5b1,ORD_0ff5b1,BedCot_2449,2,800.0,1600.0
7881,ORIT_513a0b,ORD_513a0b,BedPol_2724,4,400.0,1600.0
7882,ORIT_7ee970,ORD_7ee970,BolCot_21df,1,300.0,300.0
7883,ORIT_ad602f,ORD_ad602f,BolCot_31e6,2,300.0,600.0
7884,ORIT_8547da,ORD_8547da,MatSpr_28ce,3,6000.0,18000.0
7885,ORIT_3bab4a,ORD_3bab4a,BolCot_21df,3,300.0,900.0
7886,ORIT_d85d8a,ORD_d85d8a,PilPol_662f,3,180.0,540.0
7887,ORIT_99c315,ORD_99c315,MatSpr_ccc4,1,6000.0,6000.0
7888,ORIT_a19cd3,ORD_a19cd3,BedCot_d278,1,1200.0,1200.0
7889,ORIT_220fd0,ORD_220fd0,BedLin_67d1,1,3800.0,3800.0
7890,ORIT_952412,ORD_952412,MatSpr_ba3a,1,8000.0,8000.0
7891,ORIT_914e57,ORD_914e57,PilPol_662f,2,180.0,360.0
7892,ORIT_95c2cb,ORD_95c2cb,BedCot_d278,3,1200.0,3600.0
7893,ORIT_0f2b25,ORD_0f2b25,PilPol_662f,1,180.0,180.0
7894,ORIT_3e6806,ORD_3e6806,BedPol_e207,1,400.0,400.0
7895,ORIT_f62480,ORD_f62480,BedPol_5144,1,600.0,600.0
7896,ORIT_5634d5,ORD_5634d5,BedPol_f406,1,500.0,500.0
7897,ORIT_38c392,ORD_38c392,MatFoa_e09a,1,5500.0,5500.0
7898,ORIT_a96684,ORD_a96684,MatPoc_f6cb,1,17500.0,17500.0
7899,ORIT_b8942c,ORD_b8942c,BolPol_82d7,3,220.0,660.0
7900,ORIT_e083b2,ORD_e083b2,MatFoa_e09a,1,5500.0,5500.0
7901,ORIT_36e4de,ORD_36e4de,BedCot_2449,2,800.0,1600.0
7902,ORIT_db77d5,ORD_db77d5,BedPol_3807,2,500.0,1000.0
7903,ORIT_fa1f1e,ORD_fa1f1e,MatPoc_f6cb,1,17500.0,17500.0
7904,ORIT_a69e3d,ORD_a69e3d,BedCot_2449,1,800.0,800.0
7905,ORIT_5ad675,ORD_5ad675,MatFoa_e09a,1,5500.0,5500.0
7906,ORIT_a52900,ORD_a52900,PilPol_a442,3,180.0,540.0
7907,ORIT_163145,ORD_163145,BolPol_82d7,3,220.0,660.0
7908,ORIT_f2cf0b,ORD_f2cf0b,BedLin_5d3d,1,4200.0,4200.0
7909,ORIT_815190,ORD_815190,BedPol_f406,2,500.0,1000.0
7910,ORIT_e0ad3c,ORD_e0ad3c,MatSpr_28ce,1,6000.0,6000.0
7911,ORIT_da5e5c,ORD_da5e5c,MatPoc_45de,1,13000.0,13000.0
7912,ORIT_509318,ORD_509318,BedLin_2f24,1,2000.0,2000.0
7913,ORIT_ed3797,ORD_ed3797,PilPol_662f,1,180.0,180.0
7914,ORIT_d80d63,ORD_d80d63,MatPoc_f6cb,2,17500.0,35000.0
7915,ORIT_cb96de,ORD_cb96de,MatSpr_acd0,1,8000.0,8000.0
7916,ORIT_0474ee,ORD_0474ee,MatPoc_f6cb,1,17500.0,17500.0
7917,ORIT_08e005,ORD_08e005,MatSpr_ba3a,1,8000.0,8000.0
7918,ORIT_c2cb1f,ORD_c2cb1f,BlaFla_ce8e,1,600.0,600.0
7919,ORIT_cf0b0e,ORD_cf0b0e,MatPoc_2df5,4,17500.0,70000.0
7920,ORIT_ae34e6,ORD_ae34e6,MatSpr_ba3a,1,8000.0,8000.0
7921,ORIT_06f823,ORD_06f823,BedPol_f406,1,500.0,500.0
7922,ORIT_af7498,ORD_af7498,PilPol_662f,1,180.0,180.0
7923,ORIT_0b5206,ORD_0b5206,MatPoc_6ee7,1,13000.0,13000.0
7924,ORIT_008dd5,ORD_008dd5,MatSpr_ccc4,3,6000.0,18000.0
7925,ORIT_01f368,ORD_01f368,MatPoc_f6cb,3,17500.0,52500.0
7926,ORIT_7b889c,ORD_7b889c,BedCot_4e8b,4,1500.0,6000.0
7927,ORIT_81c85f,ORD_81c85f,MatSpr_ccc4,3,6000.0,18000.0
7928,ORIT_ece7b9,ORD_ece7b9,PilPol_3076,3,180.0,540.0
7929,ORIT_5f7edf,ORD_5f7edf,MatPoc_f6cb,4,17500.0,70000.0
7930,ORIT_a0ff5e,ORD_a0ff5e,MatFoa_8cd2,3,3500.0,10500.0
7931,ORIT_adaf61,ORD_adaf61,MatPoc_45de,1,13000.0,13000.0
7932,ORIT_1fbbcd,ORD_1fbbcd,MatFoa_8cd2,4,3500.0,14000.0
7933,ORIT_064a39,ORD_064a39,MatPoc_6ee7,4,13000.0,52000.0
7934,ORIT_42607f,ORD_42607f,BolCot_31e6,3,300.0,900.0
7935,ORIT_ac139e,ORD_ac139e,MatSpr_ba3a,4,8000.0,32000.0
7936,ORIT_dbbde0,ORD_dbbde0,BolPol_f3ad,3,220.0,660.0
7937,ORIT_7102cc,ORD_7102cc,BlaFla_7645,4,1200.0,4800.0
7938,ORIT_8ab846,ORD_8ab846,MatPoc_6ee7,3,13000.0,39000.0
7939,ORIT_9fe4a5,ORD_9fe4a5,MatPoc_f6cb,2,17500.0,35000.0
7940,ORIT_c39d61,ORD_c39d61,MatSpr_ccc4,3,6000.0,18000.0
7941,ORIT_6b49d4,ORD_6b49d4,BedCot_4a29,1,800.0,800.0
7942,ORIT_7a37ae,ORD_7a37ae,PilPol_3076,1,180.0,180.0
7943,ORIT_b6b218,ORD_b6b218,BolCot_3050,1,300.0,300.0
7944,ORIT_65cd1a,ORD_65cd1a,BedCot_87ca,1,1200.0,1200.0
7945,ORIT_745b66,ORD_745b66,PilPol_a442,1,180.0,180.0
7946,ORIT_654baa,ORD_654baa,BedLin_18f8,1,2000.0,2000.0
7947,ORIT_aa2ae7,ORD_aa2ae7,MatSpr_28ce,1,6000.0,6000.0
7948,ORIT_371de0,ORD_371de0,MatPoc_f6cb,1,17500.0,17500.0
7949,ORIT_e58c0c,ORD_e58c0c,BolPol_f3ad,1,220.0,220.0
7950,ORIT_62c4ad,ORD_62c4ad,BedCot_87ca,1,1200.0,1200.0
7951,ORIT_eb8bd4,ORD_eb8bd4,MatFoa_8cd2,1,3500.0,3500.0
7952,ORIT_e4fe1e,ORD_e4fe1e,MatSpr_ccc4,1,6000.0,6000.0
7953,ORIT_bb3cc4,ORD_bb3cc4,PilPol_a442,1,180.0,180.0
7954,ORIT_1f9959,ORD_1f9959,BedCot_4a29,1,800.0,800.0
7955,ORIT_729fa2,ORD_729fa2,BlaFle_9bda,1,700.0,700.0
7956,ORIT_dacff0,ORD_dacff0,BolPol_f3ad,1,220.0,220.0
7957,ORIT_2bd5f3,ORD_2bd5f3,PilPol_3076,2,180.0,360.0
7958,ORIT_5e6ef5,ORD_5e6ef5,BedCot_2397,2,1500.0,3000.0
7959,ORIT_b60410,ORD_b60410,MatSpr_56a3,1,4000.0,4000.0
7960,ORIT_9f6267,ORD_9f6267,BedCot_d278,1,1200.0,1200.0
7961,ORIT_84b78d,ORD_84b78d,BedCot_4e8b,2,1500.0,3000.0
7962,ORIT_98add7,ORD_98add7,BlaCot_503c,1,2000.0,2000.0
7963,ORIT_f4b976,ORD_f4b976,MatSpr_ccc4,1,6000.0,6000.0
7964,ORIT_752618,ORD_752618,BlaFle_33f0,2,700.0,1400.0
7965,ORIT_71538c,ORD_71538c,BolPol_f3ad,2,220.0,440.0
7966,ORIT_42e14e,ORD_42e14e,BedCot_2449,1,800.0,800.0
7967,ORIT_28169f,ORD_28169f,MatPoc_6ee7,1,13000.0,13000.0
7968,ORIT_cde3be,ORD_cde3be,BedCot_6141,3,800.0,2400.0
7969,ORIT_353a45,ORD_353a45,BolCot_3050,1,300.0,300.0
7970,ORIT_fbfdd5,ORD_fbfdd5,MatSpr_56a3,1,4000.0,4000.0
7971,ORIT_405684,ORD_405684,BolCot_21df,2,300.0,600.0
7972,ORIT_9e5392,ORD_9e5392,MatPoc_2df5,1,17500.0,17500.0
7973,ORIT_7c52d3,ORD_7c52d3,PilPol_662f,1,180.0,180.0
7974,ORIT_acf83b,ORD_acf83b,BlaFle_5881,1,700.0,700.0
7975,ORIT_8ff377,ORD_8ff377,BedCot_17f5,1,1500.0,1500.0
7976,ORIT_a25763,ORD_a25763,MatPoc_f6cb,3,17500.0,52500.0
7977,ORIT_ac773b,ORD_ac773b,MatSpr_28ce,1,6000.0,6000.0
7978,ORIT_5bdf8c,ORD_5bdf8c,MatPoc_45de,1,13000.0,13000.0
7979,ORIT_bcac1c,ORD_bcac1c,PilFea_8a5d,2,650.0,1300.0
7980,ORIT_e03952,ORD_e03952,MatPoc_2df5,1,17500.0,17500.0
7981,ORIT_71fe5a,ORD_71fe5a,MatFoa_182e,1,5500.0,5500.0
7982,ORIT_e30c1b,ORD_e30c1b,MatSpr_28ce,1,6000.0,6000.0
7983,ORIT_1cbc87,ORD_1cbc87,MatPoc_45de,1,13000.0,13000.0
7984,ORIT_0ec507,ORD_0ec507,BedCot_17f5,2,1500.0,3000.0
7985,ORIT_4bf77a,ORD_4bf77a,MatPoc_45de,2,13000.0,26000.0
7986,ORIT_f5add5,ORD_f5add5,MatSpr_ba3a,1,8000.0,8000.0
7987,ORIT_49e73f,ORD_49e73f,MatSpr_28ce,1,6000.0,6000.0
7988,ORIT_e25cfc,ORD_e25cfc,BlaFle_394c,3,600.0,1800.0
7989,ORIT_b87cfc,ORD_b87cfc,BolPol_cfd7,4,220.0,880.0
7990,ORIT_144329,ORD_144329,MatSpr_28ce,3,6000.0,18000.0
7991,ORIT_c83d1b,ORD_c83d1b,BolPol_cfd7,3,220.0,660.0
7992,ORIT_a67422,ORD_a67422,BedCot_c645,3,1200.0,3600.0
7993,ORIT_0aa786,ORD_0aa786,PilPol_3076,4,180.0,720.0
7994,ORIT_951da6,ORD_951da6,MatSpr_28ce,4,6000.0,24000.0
7995,ORIT_00130f,ORD_00130f,BolPol_f3ad,3,220.0,660.0
7996,ORIT_84885d,ORD_84885d,BedLin_f732,3,4200.0,12600.0
7997,ORIT_3f51ae,ORD_3f51ae,BolPol_82d7,1,220.0,220.0
7998,ORIT_d8a619,ORD_d8a619,BedCot_87ca,3,1200.0,3600.0
7999,ORIT_b68f6d,ORD_b68f6d,BedPol_d3de,3,500.0,1500.0
8000,ORIT_21a7fb,ORD_21a7fb,MatPoc_2df5,1,17500.0,17500.0
8001,ORIT_71d814,ORD_71d814,BolFea_98d4,1,700.0,700.0
8002,ORIT_07a31a,ORD_07a31a,MatFoa_28ad,2,7500.0,15000.0
8003,ORIT_222fc8,ORD_222fc8,MatFoa_4414,3,3500.0,10500.0
8004,ORIT_d34342,ORD_d34342,MatPoc_f6cb,2,17500.0,35000.0
8005,ORIT_045e37,ORD_045e37,BedCot_2397,2,1500.0,3000.0
8006,ORIT_fe044d,ORD_fe044d,BedCot_4e8b,3,1500.0,4500.0
8007,ORIT_a7444d,ORD_a7444d,MatSpr_28ce,4,6000.0,24000.0
8008,ORIT_f12c33,ORD_f12c33,PilCot_b22a,1,250.0,250.0
8009,ORIT_fa59d2,ORD_fa59d2,BedCot_4a29,4,800.0,3200.0
8010,ORIT_c2b52f,ORD_c2b52f,PilFea_56ac,3,650.0,1950.0
8011,ORIT_61c51f,ORD_61c51f,MatPoc_6ee7,3,13000.0,39000.0
8012,ORIT_71ae33,ORD_71ae33,PilFea_115c,4,650.0,2600.0
8013,ORIT_49a9a4,ORD_49a9a4,MatPoc_1e64,2,8500.0,17000.0
8014,ORIT_dee5b2,ORD_dee5b2,MatSpr_ba3a,3,8000.0,24000.0
8015,ORIT_bc28e1,ORD_bc28e1,PilPol_662f,1,180.0,180.0
8016,ORIT_e32977,ORD_e32977,BedCot_d278,1,1200.0,1200.0
8017,ORIT_0e3976,ORD_0e3976,MatFoa_13fa,1,7500.0,7500.0
8018,ORIT_be42b0,ORD_be42b0,BedCot_2397,2,1500.0,3000.0
8019,ORIT_24dd5d,ORD_24dd5d,MatPoc_6ee7,1,13000.0,13000.0
8020,ORIT_af5069,ORD_af5069,BedCot_6141,1,800.0,800.0
8021,ORIT_9ff1a3,ORD_9ff1a3,MatPoc_f6cb,1,17500.0,17500.0
8022,ORIT_fb267b,ORD_fb267b,MatSpr_28ce,1,6000.0,6000.0
8023,ORIT_7a0c04,ORD_7a0c04,MatPoc_1e64,1,8500.0,8500.0
8024,ORIT_4ecde6,ORD_4ecde6,BedCot_2397,2,1500.0,3000.0
8025,ORIT_2c9040,ORD_2c9040,BedCot_4e8b,1,1500.0,1500.0
8026,ORIT_f47d1d,ORD_f47d1d,MatPoc_f6cb,1,17500.0,17500.0
8027,ORIT_d2ea74,ORD_d2ea74,BedPol_2724,1,400.0,400.0
8028,ORIT_a4906a,ORD_a4906a,MatFoa_182e,1,5500.0,5500.0
8029,ORIT_149bce,ORD_149bce,MatSpr_06ac,2,4000.0,8000.0
8030,ORIT_fbec3a,ORD_fbec3a,MatSpr_28ce,3,6000.0,18000.0
8031,ORIT_c5b956,ORD_c5b956,MatFoa_13fa,2,7500.0,15000.0
8032,ORIT_6d71a5,ORD_6d71a5,BedCot_2449,1,800.0,800.0
8033,ORIT_a78549,ORD_a78549,MatPoc_2df5,1,17500.0,17500.0
8034,ORIT_859282,ORD_859282,BedLin_d846,1,2000.0,2000.0
8035,ORIT_0fdcf1,ORD_0fdcf1,MatSpr_28ce,1,6000.0,6000.0
8036,ORIT_2413cb,ORD_2413cb,PilCot_b22a,1,250.0,250.0
8037,ORIT_66078b,ORD_66078b,BlaFla_4110,1,600.0,600.0
8038,ORIT_32998f,ORD_32998f,MatSpr_ccc4,2,6000.0,12000.0
8039,ORIT_ac7dd3,ORD_ac7dd3,MatSpr_28ce,1,6000.0,6000.0
8040,ORIT_104bb6,ORD_104bb6,MatFoa_28ad,3,7500.0,22500.0
8041,ORIT_5cc805,ORD_5cc805,MatSpr_ccc4,2,6000.0,12000.0
8042,ORIT_9d9751,ORD_9d9751,MatPoc_2df5,3,17500.0,52500.0
8043,ORIT_12819c,ORD_12819c,MatSpr_28ce,1,6000.0,6000.0
8044,ORIT_356831,ORD_356831,MatPoc_1e64,1,8500.0,8500.0
8045,ORIT_c620ed,ORD_c620ed,MatSpr_ba3a,1,8000.0,8000.0
8046,ORIT_8c90b8,ORD_8c90b8,MatPoc_45de,3,13000.0,39000.0
8047,ORIT_702a07,ORD_702a07,MatPoc_6ee7,1,13000.0,13000.0
8048,ORIT_8855b4,ORD_8855b4,PilFea_115c,1,650.0,650.0
8049,ORIT_c18f88,ORD_c18f88,MatPoc_45de,3,13000.0,39000.0
8050,ORIT_4c529c,ORD_4c529c,MatSpr_ba3a,2,8000.0,16000.0
8051,ORIT_9597b7,ORD_9597b7,MatSpr_28ce,1,6000.0,6000.0
8052,ORIT_3efaf6,ORD_3efaf6,PilPol_3076,1,180.0,180.0
8053,ORIT_c90ea9,ORD_c90ea9,BlaFle_394c,4,600.0,2400.0
8054,ORIT_3ff3f7,ORD_3ff3f7,MatSpr_ccc4,1,6000.0,6000.0
8055,ORIT_03f9fc,ORD_03f9fc,MatPoc_6ee7,1,13000.0,13000.0
8056,ORIT_558930,ORD_558930,PilPol_3076,1,180.0,180.0
8057,ORIT_e0c4a7,ORD_e0c4a7,MatPoc_45de,1,13000.0,13000.0
8058,ORIT_46a449,ORD_46a449,PilFea_8a5d,4,650.0,2600.0
8059,ORIT_05b8f7,ORD_05b8f7,MatPoc_1e64,2,8500.0,17000.0
8060,ORIT_67da21,ORD_67da21,MatPoc_6ee7,1,13000.0,13000.0
8061,ORIT_b419f7,ORD_b419f7,BolPol_cfd7,1,220.0,220.0
8062,ORIT_18d447,ORD_18d447,BedPol_5ab8,3,600.0,1800.0
8063,ORIT_c3e372,ORD_c3e372,BedPol_239e,1,600.0,600.0
8064,ORIT_5ce193,ORD_5ce193,BedCot_4a29,1,800.0,800.0
8065,ORIT_297b2c,ORD_297b2c,BolCot_31e6,2,300.0,600.0
8066,ORIT_b1122e,ORD_b1122e,BedCot_4a29,1,800.0,800.0
8067,ORIT_475be9,ORD_475be9,MatSpr_acd0,4,8000.0,32000.0
8068,ORIT_6e2469,ORD_6e2469,MatPoc_f6cb,1,17500.0,17500.0
8069,ORIT_1d56fa,ORD_1d56fa,MatPoc_f6cb,1,17500.0,17500.0
8070,ORIT_43a34e,ORD_43a34e,MatSpr_06ac,2,4000.0,8000.0
8071,ORIT_4ddfcd,ORD_4ddfcd,MatPoc_f6cb,1,17500.0,17500.0
8072,ORIT_5f9a1d,ORD_5f9a1d,MatSpr_ba3a,1,8000.0,8000.0
8073,ORIT_c6968b,ORD_c6968b,MatPoc_27a0,1,8500.0,8500.0
8074,ORIT_906658,ORD_906658,MatSpr_06ac,1,4000.0,4000.0
8075,ORIT_d9b186,ORD_d9b186,MatSpr_acd0,1,8000.0,8000.0
8076,ORIT_a7c20b,ORD_a7c20b,MatPoc_f6cb,2,17500.0,35000.0
8077,ORIT_eab843,ORD_eab843,PilPol_3076,1,180.0,180.0
8078,ORIT_2eec8e,ORD_2eec8e,MatPoc_f6cb,1,17500.0,17500.0
8079,ORIT_58a2a3,ORD_58a2a3,BolCot_3050,1,300.0,300.0
8080,ORIT_35d450,ORD_35d450,PilFea_56ac,1,650.0,650.0
8081,ORIT_9f6788,ORD_9f6788,MatSpr_06ac,1,4000.0,4000.0
8082,ORIT_ff1262,ORD_ff1262,MatFoa_e09a,1,5500.0,5500.0
8083,ORIT_a7a6cb,ORD_a7a6cb,MatSpr_28ce,2,6000.0,12000.0
8084,ORIT_1cd286,ORD_1cd286,BolCot_21df,4,300.0,1200.0
8085,ORIT_bb90d5,ORD_bb90d5,MatSpr_28ce,2,6000.0,12000.0
8086,ORIT_964aa1,ORD_964aa1,BlaFle_9bda,2,700.0,1400.0
8087,ORIT_087cb5,ORD_087cb5,MatFoa_4414,1,3500.0,3500.0
8088,ORIT_baaeb8,ORD_baaeb8,BedCot_87ca,3,1200.0,3600.0
8089,ORIT_9f9852,ORD_9f9852,MatSpr_06ac,1,4000.0,4000.0
8090,ORIT_62dcd9,ORD_62dcd9,BedCot_2397,1,1500.0,1500.0
8091,ORIT_222123,ORD_222123,MatFoa_13fa,1,7500.0,7500.0
8092,ORIT_7e443e,ORD_7e443e,MatSpr_28ce,3,6000.0,18000.0
8093,ORIT_486d15,ORD_486d15,MatSpr_56a3,3,4000.0,12000.0
8094,ORIT_e21a21,ORD_e21a21,BolPol_cfd7,1,220.0,220.0
8095,ORIT_32a497,ORD_32a497,MatSpr_acd0,1,8000.0,8000.0
8096,ORIT_8e99fc,ORD_8e99fc,BedCot_17f5,1,1500.0,1500.0
8097,ORIT_ba7b0e,ORD_ba7b0e,PilPol_a442,1,180.0,180.0
8098,ORIT_336f03,ORD_336f03,BlaFle_7daf,1,600.0,600.0
8099,ORIT_94dcb6,ORD_94dcb6,MatSpr_06ac,1,4000.0,4000.0
8100,ORIT_783be6,ORD_783be6,BedLin_5d3d,2,4200.0,8400.0
8101,ORIT_3d01d7,ORD_3d01d7,PilFea_115c,1,650.0,650.0
8102,ORIT_764f27,ORD_764f27,MatPoc_f6cb,1,17500.0,17500.0
8103,ORIT_7be450,ORD_7be450,MatSpr_ccc4,1,6000.0,6000.0
8104,ORIT_5c4366,ORD_5c4366,BedCot_87ca,1,1200.0,1200.0
8105,ORIT_20a19b,ORD_20a19b,BolPol_82d7,1,220.0,220.0
8106,ORIT_02b0b9,ORD_02b0b9,MatFoa_e09a,1,5500.0,5500.0
8107,ORIT_6302e6,ORD_6302e6,PilPol_a442,1,180.0,180.0
8108,ORIT_3b24d0,ORD_3b24d0,BedCot_2397,1,1500.0,1500.0
8109,ORIT_4afe72,ORD_4afe72,BolPol_f3ad,1,220.0,220.0
8110,ORIT_a43e95,ORD_a43e95,BlaCot_572e,1,2200.0,2200.0
8111,ORIT_4101eb,ORD_4101eb,MatPoc_f6cb,1,17500.0,17500.0
8112,ORIT_e5b9e9,ORD_e5b9e9,MatSpr_28ce,2,6000.0,12000.0
8113,ORIT_61230d,ORD_61230d,MatSpr_06ac,1,4000.0,4000.0
8114,ORIT_42a30e,ORD_42a30e,BedCot_4e8b,2,1500.0,3000.0
8115,ORIT_08f736,ORD_08f736,MatPoc_f6cb,1,17500.0,17500.0
8116,ORIT_e21995,ORD_e21995,MatSpr_28ce,1,6000.0,6000.0
8117,ORIT_898ad9,ORD_898ad9,BlaFle_394c,1,600.0,600.0
8118,ORIT_675339,ORD_675339,MatSpr_06ac,4,4000.0,16000.0
8119,ORIT_ee1205,ORD_ee1205,MatFoa_8cd2,1,3500.0,3500.0
8120,ORIT_a0f3df,ORD_a0f3df,BolPol_82d7,3,220.0,660.0
8121,ORIT_777b13,ORD_777b13,BedPol_f406,1,500.0,500.0
8122,ORIT_fc47a8,ORD_fc47a8,PilFea_56ac,1,650.0,650.0
8123,ORIT_c8c6dd,ORD_c8c6dd,MatSpr_28ce,1,6000.0,6000.0
8124,ORIT_d93794,ORD_d93794,MatPoc_6ee7,4,13000.0,52000.0
8125,ORIT_2aba9d,ORD_2aba9d,MatPoc_27a0,4,8500.0,34000.0
8126,ORIT_64b11e,ORD_64b11e,BedCot_6141,4,800.0,3200.0
8127,ORIT_9f2ea8,ORD_9f2ea8,MatSpr_28ce,4,6000.0,24000.0
8128,ORIT_72e95f,ORD_72e95f,MatSpr_acd0,3,8000.0,24000.0
8129,ORIT_399d08,ORD_399d08,PilFea_8a5d,3,650.0,1950.0
8130,ORIT_082e2a,ORD_082e2a,BolPol_82d7,3,220.0,660.0
8131,ORIT_fd3d67,ORD_fd3d67,MatPoc_6ee7,1,13000.0,13000.0
8132,ORIT_1fca10,ORD_1fca10,BlaFla_5f55,2,1200.0,2400.0
8133,ORIT_d3d94b,ORD_d3d94b,PilFea_115c,3,650.0,1950.0
8134,ORIT_3d2695,ORD_3d2695,BolPol_cfd7,3,220.0,660.0
8135,ORIT_ad5aca,ORD_ad5aca,BedCot_2397,1,1500.0,1500.0
8136,ORIT_d2d26e,ORD_d2d26e,MatPoc_6ee7,1,13000.0,13000.0
8137,ORIT_6aa344,ORD_6aa344,MatPoc_f6cb,1,17500.0,17500.0
8138,ORIT_c371bf,ORD_c371bf,BolPol_cfd7,1,220.0,220.0
8139,ORIT_dc27f1,ORD_dc27f1,BedCot_2449,1,800.0,800.0
8140,ORIT_0193de,ORD_0193de,BedPol_d3de,1,500.0,500.0
8141,ORIT_32ea0a,ORD_32ea0a,MatSpr_28ce,2,6000.0,12000.0
8142,ORIT_d3fefa,ORD_d3fefa,PilFea_56ac,2,650.0,1300.0
8143,ORIT_b59138,ORD_b59138,BlaFle_c9a0,1,600.0,600.0
8144,ORIT_fd16ee,ORD_fd16ee,MatSpr_ba3a,1,8000.0,8000.0
8145,ORIT_2c17c5,ORD_2c17c5,MatFoa_13fa,1,7500.0,7500.0
8146,ORIT_567dc6,ORD_567dc6,BedPol_3807,1,500.0,500.0
8147,ORIT_6599d1,ORD_6599d1,BedPol_239e,4,600.0,2400.0
8148,ORIT_a3575f,ORD_a3575f,PilPol_3076,1,180.0,180.0
8149,ORIT_d7185c,ORD_d7185c,BedCot_c645,4,1200.0,4800.0
8150,ORIT_8548aa,ORD_8548aa,MatSpr_28ce,1,6000.0,6000.0
8151,ORIT_2c5381,ORD_2c5381,BlaFle_9bda,1,700.0,700.0
8152,ORIT_ef6e7e,ORD_ef6e7e,BedCot_d278,2,1200.0,2400.0
8153,ORIT_3d995a,ORD_3d995a,PilPol_a442,1,180.0,180.0
8154,ORIT_bb65e6,ORD_bb65e6,PilFea_8a5d,1,650.0,650.0
8155,ORIT_9fc94a,ORD_9fc94a,PilPol_3076,1,180.0,180.0
8156,ORIT_4c4bd3,ORD_4c4bd3,BedCot_4a29,1,800.0,800.0
8157,ORIT_4d58b3,ORD_4d58b3,BolPol_82d7,1,220.0,220.0
8158,ORIT_a301ab,ORD_a301ab,MatFoa_28ad,1,7500.0,7500.0
8159,ORIT_acc03f,ORD_acc03f,MatPoc_2df5,1,17500.0,17500.0
8160,ORIT_4b5cef,ORD_4b5cef,MatSpr_ccc4,3,6000.0,18000.0
8161,ORIT_5b811f,ORD_5b811f,BlaFle_394c,1,600.0,600.0
8162,ORIT_842448,ORD_842448,MatPoc_6ee7,1,13000.0,13000.0
8163,ORIT_14df7f,ORD_14df7f,MatPoc_6ee7,3,13000.0,39000.0
8164,ORIT_8dc352,ORD_8dc352,BolPol_f3ad,1,220.0,220.0
8165,ORIT_5e72bd,ORD_5e72bd,MatPoc_45de,1,13000.0,13000.0
8166,ORIT_23bb25,ORD_23bb25,MatSpr_ccc4,1,6000.0,6000.0
8167,ORIT_24a7df,ORD_24a7df,BedCot_2449,1,800.0,800.0
8168,ORIT_a4f985,ORD_a4f985,PilPol_a442,2,180.0,360.0
8169,ORIT_60f38f,ORD_60f38f,MatPoc_f6cb,2,17500.0,35000.0
8170,ORIT_218320,ORD_218320,BolCot_3050,1,300.0,300.0
8171,ORIT_582644,ORD_582644,MatPoc_27a0,1,8500.0,8500.0
8172,ORIT_00bf3e,ORD_00bf3e,BlaCot_6c4b,1,2200.0,2200.0
8173,ORIT_5cd50c,ORD_5cd50c,MatPoc_f6cb,2,17500.0,35000.0
8174,ORIT_07f338,ORD_07f338,MatSpr_56a3,1,4000.0,4000.0
8175,ORIT_3e2842,ORD_3e2842,MatFoa_182e,1,5500.0,5500.0
8176,ORIT_526fde,ORD_526fde,MatSpr_acd0,1,8000.0,8000.0
8177,ORIT_bbecde,ORD_bbecde,PilFea_56ac,1,650.0,650.0
8178,ORIT_800ac3,ORD_800ac3,PilPol_662f,3,180.0,540.0
8179,ORIT_529d7c,ORD_529d7c,MatPoc_2df5,1,17500.0,17500.0
8180,ORIT_5da830,ORD_5da830,BedCot_4a29,1,800.0,800.0
8181,ORIT_277db8,ORD_277db8,MatSpr_ccc4,1,6000.0,6000.0
8182,ORIT_49a9ed,ORD_49a9ed,BedCot_4e8b,3,1500.0,4500.0
8183,ORIT_de3ad7,ORD_de3ad7,MatFoa_28ad,3,7500.0,22500.0
8184,ORIT_3481c2,ORD_3481c2,MatFoa_28ad,3,7500.0,22500.0
8185,ORIT_1e4a0b,ORD_1e4a0b,MatSpr_56a3,2,4000.0,8000.0
8186,ORIT_42d3ff,ORD_42d3ff,MatPoc_6ee7,3,13000.0,39000.0
8187,ORIT_fdb34f,ORD_fdb34f,MatSpr_ccc4,4,6000.0,24000.0
8188,ORIT_756ee3,ORD_756ee3,MatFoa_182e,3,5500.0,16500.0
8189,ORIT_a05174,ORD_a05174,MatSpr_28ce,4,6000.0,24000.0
8190,ORIT_7e3241,ORD_7e3241,MatPoc_45de,3,13000.0,39000.0
8191,ORIT_5bebb6,ORD_5bebb6,PilPol_662f,2,180.0,360.0
8192,ORIT_f4ad3a,ORD_f4ad3a,BolCot_21df,3,300.0,900.0
8193,ORIT_889de3,ORD_889de3,MatPoc_f6cb,1,17500.0,17500.0
8194,ORIT_0498ea,ORD_0498ea,MatPoc_6ee7,3,13000.0,39000.0
8195,ORIT_4cda4f,ORD_4cda4f,BedPol_5ab8,2,600.0,1200.0
8196,ORIT_d4bbb8,ORD_d4bbb8,MatPoc_f6cb,2,17500.0,35000.0
8197,ORIT_d3f923,ORD_d3f923,MatSpr_06ac,2,4000.0,8000.0
8198,ORIT_5edd51,ORD_5edd51,PilPol_a442,4,180.0,720.0
8199,ORIT_ab17c3,ORD_ab17c3,PilPol_a442,1,180.0,180.0
8200,ORIT_c8561d,ORD_c8561d,PilPol_662f,1,180.0,180.0
8201,ORIT_6707a6,ORD_6707a6,MatSpr_28ce,1,6000.0,6000.0
8202,ORIT_1cde4d,ORD_1cde4d,MatSpr_28ce,1,6000.0,6000.0
8203,ORIT_fadde7,ORD_fadde7,MatPoc_2df5,1,17500.0,17500.0
8204,ORIT_fa2196,ORD_fa2196,PilPol_a442,1,180.0,180.0
8205,ORIT_209ddb,ORD_209ddb,MatSpr_28ce,4,6000.0,24000.0
8206,ORIT_9bee22,ORD_9bee22,MatPoc_2df5,4,17500.0,70000.0
8207,ORIT_559ca1,ORD_559ca1,PilFea_115c,4,650.0,2600.0
8208,ORIT_f62dab,ORD_f62dab,BedCot_87ca,4,1200.0,4800.0
8209,ORIT_0886b7,ORD_0886b7,BedCot_2397,4,1500.0,6000.0
8210,ORIT_fc2461,ORD_fc2461,PilPol_3076,3,180.0,540.0
8211,ORIT_136c3a,ORD_136c3a,BedCot_87ca,4,1200.0,4800.0
8212,ORIT_5e6a84,ORD_5e6a84,MatSpr_acd0,2,8000.0,16000.0
8213,ORIT_534f9e,ORD_534f9e,MatSpr_ccc4,3,6000.0,18000.0
8214,ORIT_64b232,ORD_64b232,MatFoa_8cd2,2,3500.0,7000.0
8215,ORIT_a036ac,ORD_a036ac,BolCot_31e6,1,300.0,300.0
8216,ORIT_4f5a77,ORD_4f5a77,MatFoa_13fa,4,7500.0,30000.0
8217,ORIT_876a79,ORD_876a79,MatFoa_182e,4,5500.0,22000.0
8218,ORIT_e2fa3c,ORD_e2fa3c,MatSpr_acd0,4,8000.0,32000.0
8219,ORIT_d501b6,ORD_d501b6,PilPol_a442,4,180.0,720.0
8220,ORIT_b38d80,ORD_b38d80,MatFoa_4414,3,3500.0,10500.0
8221,ORIT_155309,ORD_155309,MatFoa_e09a,3,5500.0,16500.0
8222,ORIT_8105f2,ORD_8105f2,MatPoc_6ee7,2,13000.0,26000.0
8223,ORIT_faef39,ORD_faef39,PilCot_3481,1,250.0,250.0
8224,ORIT_aff751,ORD_aff751,PilFea_8a5d,3,650.0,1950.0
8225,ORIT_a58b64,ORD_a58b64,MatPoc_2df5,2,17500.0,35000.0
8226,ORIT_687bd5,ORD_687bd5,MatSpr_28ce,1,6000.0,6000.0
8227,ORIT_e0286f,ORD_e0286f,BedCot_2449,1,800.0,800.0
8228,ORIT_70566b,ORD_70566b,MatSpr_ccc4,1,6000.0,6000.0
8229,ORIT_acf459,ORD_acf459,BedPol_f406,3,500.0,1500.0
8230,ORIT_1d3b4c,ORD_1d3b4c,MatSpr_28ce,1,6000.0,6000.0
8231,ORIT_925a92,ORD_925a92,MatPoc_f6cb,2,17500.0,35000.0
8232,ORIT_7d6046,ORD_7d6046,MatFoa_13fa,4,7500.0,30000.0
8233,ORIT_1be80b,ORD_1be80b,BolCot_21df,1,300.0,300.0
8234,ORIT_703408,ORD_703408,PilFea_115c,1,650.0,650.0
8235,ORIT_9bf1fe,ORD_9bf1fe,MatSpr_28ce,1,6000.0,6000.0
8236,ORIT_924db6,ORD_924db6,PilPol_662f,2,180.0,360.0
8237,ORIT_f88cbf,ORD_f88cbf,MatPoc_1e64,2,8500.0,17000.0
8238,ORIT_b5572c,ORD_b5572c,BedCot_4e8b,2,1500.0,3000.0
8239,ORIT_d96c75,ORD_d96c75,MatPoc_45de,1,13000.0,13000.0
8240,ORIT_3223d3,ORD_3223d3,MatSpr_06ac,1,4000.0,4000.0
8241,ORIT_8e70b3,ORD_8e70b3,PilPol_3076,1,180.0,180.0
8242,ORIT_e322e6,ORD_e322e6,PilFea_115c,1,650.0,650.0
8243,ORIT_063cf3,ORD_063cf3,MatPoc_45de,2,13000.0,26000.0
8244,ORIT_3ad6ce,ORD_3ad6ce,PilCot_3481,1,250.0,250.0
8245,ORIT_03ae7d,ORD_03ae7d,MatFoa_e09a,1,5500.0,5500.0
8246,ORIT_2d9e2f,ORD_2d9e2f,BedLin_67d1,1,3800.0,3800.0
8247,ORIT_2c4cdd,ORD_2c4cdd,MatSpr_ccc4,1,6000.0,6000.0
8248,ORIT_19fe46,ORD_19fe46,BedCot_2397,1,1500.0,1500.0
8249,ORIT_496669,ORD_496669,MatPoc_45de,1,13000.0,13000.0
8250,ORIT_121042,ORD_121042,MatSpr_ba3a,1,8000.0,8000.0
8251,ORIT_2df053,ORD_2df053,BedLin_d846,2,2000.0,4000.0
8252,ORIT_8f996c,ORD_8f996c,MatPoc_2df5,1,17500.0,17500.0
8253,ORIT_873703,ORD_873703,MatPoc_45de,2,13000.0,26000.0
8254,ORIT_265cdf,ORD_265cdf,BedCot_6141,1,800.0,800.0
8255,ORIT_1f8558,ORD_1f8558,MatFoa_182e,2,5500.0,11000.0
8256,ORIT_f5a069,ORD_f5a069,MatSpr_acd0,1,8000.0,8000.0
8257,ORIT_0d9fc9,ORD_0d9fc9,MatSpr_56a3,4,4000.0,16000.0
8258,ORIT_523e47,ORD_523e47,PilPol_662f,2,180.0,360.0
8259,ORIT_f1bfd1,ORD_f1bfd1,MatSpr_56a3,4,4000.0,16000.0
8260,ORIT_b00b01,ORD_b00b01,BedCot_6141,3,800.0,2400.0
8261,ORIT_ed57a4,ORD_ed57a4,BolPol_82d7,4,220.0,880.0
8262,ORIT_83a52c,ORD_83a52c,BedCot_2397,2,1500.0,3000.0
8263,ORIT_b5cbcc,ORD_b5cbcc,BedCot_d278,4,1200.0,4800.0
8264,ORIT_278458,ORD_278458,MatPoc_45de,3,13000.0,39000.0
8265,ORIT_d25678,ORD_d25678,MatPoc_2df5,1,17500.0,17500.0
8266,ORIT_3e33c2,ORD_3e33c2,MatSpr_ccc4,2,6000.0,12000.0
8267,ORIT_a90349,ORD_a90349,MatSpr_ccc4,1,6000.0,6000.0
8268,ORIT_ec0345,ORD_ec0345,MatSpr_ccc4,1,6000.0,6000.0
8269,ORIT_19643e,ORD_19643e,BedCot_2449,1,800.0,800.0
8270,ORIT_f18c81,ORD_f18c81,PilCot_3481,1,250.0,250.0
8271,ORIT_7853b3,ORD_7853b3,BedCot_6141,1,800.0,800.0
8272,ORIT_42c38a,ORD_42c38a,PilPol_662f,1,180.0,180.0
8273,ORIT_17570b,ORD_17570b,MatSpr_ccc4,2,6000.0,12000.0
8274,ORIT_f7e643,ORD_f7e643,MatSpr_acd0,1,8000.0,8000.0
8275,ORIT_2b042f,ORD_2b042f,MatFoa_e09a,3,5500.0,16500.0
8276,ORIT_29cac3,ORD_29cac3,MatSpr_ba3a,3,8000.0,24000.0
8277,ORIT_29c92f,ORD_29c92f,MatSpr_acd0,1,8000.0,8000.0
8278,ORIT_e3f4e3,ORD_e3f4e3,MatPoc_45de,1,13000.0,13000.0
8279,ORIT_7ab7af,ORD_7ab7af,BlaFle_33f0,1,700.0,700.0
8280,ORIT_cd755d,ORD_cd755d,PilFea_8a5d,1,650.0,650.0
8281,ORIT_6451ac,ORD_6451ac,MatPoc_2df5,1,17500.0,17500.0
8282,ORIT_7a3e2a,ORD_7a3e2a,MatPoc_2df5,1,17500.0,17500.0
8283,ORIT_d7e1a5,ORD_d7e1a5,MatFoa_182e,1,5500.0,5500.0
8284,ORIT_6ca40b,ORD_6ca40b,BedPol_5ab8,1,600.0,600.0
8285,ORIT_613d6b,ORD_613d6b,MatFoa_13fa,1,7500.0,7500.0
8286,ORIT_250c29,ORD_250c29,BolCot_21df,1,300.0,300.0
8287,ORIT_97ebf3,ORD_97ebf3,MatSpr_ccc4,1,6000.0,6000.0
8288,ORIT_e9c35b,ORD_e9c35b,BedCot_4a29,3,800.0,2400.0
8289,ORIT_040269,ORD_040269,BedPol_5ab8,1,600.0,600.0
8290,ORIT_b49f22,ORD_b49f22,MatFoa_13fa,1,7500.0,7500.0
8291,ORIT_e677a5,ORD_e677a5,BolPol_cfd7,1,220.0,220.0
8292,ORIT_15ef16,ORD_15ef16,PilPol_662f,1,180.0,180.0
8293,ORIT_c8aee3,ORD_c8aee3,MatSpr_56a3,4,4000.0,16000.0
8294,ORIT_df28e5,ORD_df28e5,BedCot_6141,1,800.0,800.0
8295,ORIT_37f0a9,ORD_37f0a9,PilPol_a442,1,180.0,180.0
8296,ORIT_8a7087,ORD_8a7087,BedCot_87ca,1,1200.0,1200.0
8297,ORIT_2d6ea1,ORD_2d6ea1,MatSpr_ba3a,1,8000.0,8000.0
8298,ORIT_cdb0a3,ORD_cdb0a3,MatPoc_f6cb,3,17500.0,52500.0
8299,ORIT_b3a816,ORD_b3a816,MatPoc_6ee7,2,13000.0,26000.0
8300,ORIT_adf26a,ORD_adf26a,PilPol_a442,1,180.0,180.0
8301,ORIT_bc6bd4,ORD_bc6bd4,PilFea_115c,3,650.0,1950.0
8302,ORIT_96c27f,ORD_96c27f,BlaFle_394c,2,600.0,1200.0
8303,ORIT_fd7fd8,ORD_fd7fd8,MatPoc_6ee7,1,13000.0,13000.0
8304,ORIT_83eb00,ORD_83eb00,PilFea_8a5d,2,650.0,1300.0
8305,ORIT_9389af,ORD_9389af,PilPol_662f,2,180.0,360.0
8306,ORIT_367200,ORD_367200,PilPol_a442,2,180.0,360.0
8307,ORIT_e6b64f,ORD_e6b64f,MatSpr_28ce,3,6000.0,18000.0
8308,ORIT_e562c1,ORD_e562c1,MatSpr_28ce,2,6000.0,12000.0
8309,ORIT_abc573,ORD_abc573,BolPol_82d7,1,220.0,220.0
8310,ORIT_0676f3,ORD_0676f3,PilFea_8a5d,1,650.0,650.0
8311,ORIT_e8ee9d,ORD_e8ee9d,PilCot_f078,2,250.0,500.0
8312,ORIT_33d8aa,ORD_33d8aa,MatFoa_13fa,1,7500.0,7500.0
8313,ORIT_4c73da,ORD_4c73da,PilPol_662f,1,180.0,180.0
8314,ORIT_398b04,ORD_398b04,PilPol_3076,1,180.0,180.0
8315,ORIT_cc8293,ORD_cc8293,MatPoc_f6cb,1,17500.0,17500.0
8316,ORIT_4893dd,ORD_4893dd,BolPol_f3ad,1,220.0,220.0
8317,ORIT_8595e9,ORD_8595e9,MatPoc_f6cb,1,17500.0,17500.0
8318,ORIT_3e25fa,ORD_3e25fa,BedPol_d3de,1,500.0,500.0
8319,ORIT_8b36dc,ORD_8b36dc,MatPoc_45de,1,13000.0,13000.0
8320,ORIT_90a95c,ORD_90a95c,MatPoc_45de,1,13000.0,13000.0
8321,ORIT_6d15d6,ORD_6d15d6,MatSpr_28ce,1,6000.0,6000.0
8322,ORIT_3e5b65,ORD_3e5b65,BedCot_4a29,2,800.0,1600.0
8323,ORIT_df6521,ORD_df6521,BedPol_e207,1,400.0,400.0
8324,ORIT_f09b94,ORD_f09b94,BolPol_f3ad,2,220.0,440.0
8325,ORIT_2a03b7,ORD_2a03b7,BedPol_2724,2,400.0,800.0
8326,ORIT_99aee7,ORD_99aee7,BedCot_4a29,2,800.0,1600.0
8327,ORIT_e34329,ORD_e34329,MatSpr_28ce,1,6000.0,6000.0
8328,ORIT_5ab38a,ORD_5ab38a,BolPol_82d7,2,220.0,440.0
8329,ORIT_b77ac4,ORD_b77ac4,MatSpr_ccc4,3,6000.0,18000.0
8330,ORIT_a6a9eb,ORD_a6a9eb,MatPoc_f6cb,1,17500.0,17500.0
8331,ORIT_7715a7,ORD_7715a7,PilFea_8a5d,1,650.0,650.0
8332,ORIT_2e933a,ORD_2e933a,BedPol_239e,1,600.0,600.0
8333,ORIT_a8679a,ORD_a8679a,MatSpr_06ac,1,4000.0,4000.0
8334,ORIT_41a92c,ORD_41a92c,BedCot_2449,3,800.0,2400.0
8335,ORIT_69117f,ORD_69117f,BedCot_17f5,1,1500.0,1500.0
8336,ORIT_db959b,ORD_db959b,MatSpr_ccc4,4,6000.0,24000.0
8337,ORIT_010dd0,ORD_010dd0,MatSpr_acd0,1,8000.0,8000.0
8338,ORIT_2b6ede,ORD_2b6ede,MatSpr_ccc4,4,6000.0,24000.0
8339,ORIT_a38c72,ORD_a38c72,MatSpr_ba3a,1,8000.0,8000.0
8340,ORIT_14ee69,ORD_14ee69,MatSpr_28ce,1,6000.0,6000.0
8341,ORIT_a48139,ORD_a48139,BedCot_4a29,1,800.0,800.0
8342,ORIT_3d6dfa,ORD_3d6dfa,PilPol_662f,1,180.0,180.0
8343,ORIT_b1f2e2,ORD_b1f2e2,BedCot_4a29,1,800.0,800.0
8344,ORIT_d597aa,ORD_d597aa,MatPoc_27a0,1,8500.0,8500.0
8345,ORIT_b89bdc,ORD_b89bdc,BedCot_d278,1,1200.0,1200.0
8346,ORIT_01bdcc,ORD_01bdcc,MatSpr_28ce,1,6000.0,6000.0
8347,ORIT_450c25,ORD_450c25,BolPol_cfd7,1,220.0,220.0
8348,ORIT_a3ee3f,ORD_a3ee3f,BolPol_cfd7,1,220.0,220.0
8349,ORIT_584d24,ORD_584d24,BedCot_4a29,3,800.0,2400.0
8350,ORIT_d6a606,ORD_d6a606,BedCot_6141,4,800.0,3200.0
8351,ORIT_def2d3,ORD_def2d3,MatPoc_f6cb,1,17500.0,17500.0
8352,ORIT_fa18e3,ORD_fa18e3,PilPol_a442,1,180.0,180.0
8353,ORIT_b1560f,ORD_b1560f,MatSpr_28ce,1,6000.0,6000.0
8354,ORIT_44ca32,ORD_44ca32,MatSpr_ccc4,2,6000.0,12000.0
8355,ORIT_14a73e,ORD_14a73e,PilPol_a442,2,180.0,360.0
8356,ORIT_e3743c,ORD_e3743c,BedLin_18f8,4,2000.0,8000.0
8357,ORIT_4e3004,ORD_4e3004,PilPol_3076,3,180.0,540.0
8358,ORIT_6021ef,ORD_6021ef,MatSpr_ba3a,3,8000.0,24000.0
8359,ORIT_17ae30,ORD_17ae30,MatSpr_ba3a,4,8000.0,32000.0
8360,ORIT_ec7511,ORD_ec7511,MatSpr_28ce,2,6000.0,12000.0
8361,ORIT_1200ae,ORD_1200ae,BedLin_f732,4,4200.0,16800.0
8362,ORIT_44db05,ORD_44db05,BolPol_f3ad,3,220.0,660.0
8363,ORIT_60b67c,ORD_60b67c,PilFea_115c,3,650.0,1950.0
8364,ORIT_32cc48,ORD_32cc48,BedCot_4a29,1,800.0,800.0
8365,ORIT_a7d15f,ORD_a7d15f,BolCot_3050,4,300.0,1200.0
8366,ORIT_e1b0d2,ORD_e1b0d2,BolPol_82d7,4,220.0,880.0
8367,ORIT_02afe6,ORD_02afe6,BedLin_f732,2,4200.0,8400.0
8368,ORIT_5687b4,ORD_5687b4,MatSpr_ba3a,1,8000.0,8000.0
8369,ORIT_d653d7,ORD_d653d7,BolPol_82d7,1,220.0,220.0
8370,ORIT_5229ef,ORD_5229ef,MatSpr_acd0,1,8000.0,8000.0
8371,ORIT_80654e,ORD_80654e,BolPol_cfd7,1,220.0,220.0
8372,ORIT_b6f556,ORD_b6f556,MatPoc_2df5,1,17500.0,17500.0
8373,ORIT_d711f0,ORD_d711f0,BlaFle_0f50,1,300.0,300.0
8374,ORIT_baf152,ORD_baf152,BedCot_87ca,1,1200.0,1200.0
8375,ORIT_3363f9,ORD_3363f9,BedCot_4e8b,2,1500.0,3000.0
8376,ORIT_522c7e,ORD_522c7e,PilCot_f078,2,250.0,500.0
8377,ORIT_de1a9a,ORD_de1a9a,MatPoc_2df5,3,17500.0,52500.0
8378,ORIT_914317,ORD_914317,MatFoa_e09a,3,5500.0,16500.0
8379,ORIT_c7fe90,ORD_c7fe90,BedLin_8a26,2,3800.0,7600.0
8380,ORIT_030220,ORD_030220,BolCot_3050,1,300.0,300.0
8381,ORIT_3421e0,ORD_3421e0,MatSpr_ccc4,2,6000.0,12000.0
8382,ORIT_2504de,ORD_2504de,BedCot_2449,1,800.0,800.0
8383,ORIT_2597de,ORD_2597de,PilFea_56ac,1,650.0,650.0
8384,ORIT_31774e,ORD_31774e,BlaFle_5881,1,700.0,700.0
8385,ORIT_17ccc6,ORD_17ccc6,MatSpr_56a3,3,4000.0,12000.0
8386,ORIT_faf09c,ORD_faf09c,BolPol_f3ad,4,220.0,880.0
8387,ORIT_c42863,ORD_c42863,MatSpr_06ac,3,4000.0,12000.0
8388,ORIT_cd04ab,ORD_cd04ab,BedPol_3807,3,500.0,1500.0
8389,ORIT_b904ff,ORD_b904ff,MatFoa_13fa,3,7500.0,22500.0
8390,ORIT_e08c8b,ORD_e08c8b,BedCot_17f5,4,1500.0,6000.0
8391,ORIT_0414c7,ORD_0414c7,MatPoc_2df5,2,17500.0,35000.0
8392,ORIT_aae2b7,ORD_aae2b7,BolPol_cfd7,3,220.0,660.0
8393,ORIT_4e4b97,ORD_4e4b97,MatFoa_13fa,3,7500.0,22500.0
8394,ORIT_4946f7,ORD_4946f7,MatPoc_2df5,4,17500.0,70000.0
8395,ORIT_c38a6c,ORD_c38a6c,BedPol_e8c9,2,400.0,800.0
8396,ORIT_bb2477,ORD_bb2477,PilPol_662f,3,180.0,540.0
8397,ORIT_a713da,ORD_a713da,MatSpr_56a3,3,4000.0,12000.0
8398,ORIT_815720,ORD_815720,BolPol_82d7,1,220.0,220.0
8399,ORIT_a29417,ORD_a29417,MatSpr_56a3,3,4000.0,12000.0
8400,ORIT_a05d99,ORD_a05d99,BedCot_d278,3,1200.0,3600.0
8401,ORIT_6fe21f,ORD_6fe21f,PilPol_a442,1,180.0,180.0
8402,ORIT_b750fd,ORD_b750fd,MatSpr_acd0,2,8000.0,16000.0
8403,ORIT_a2d183,ORD_a2d183,MatSpr_acd0,1,8000.0,8000.0
8404,ORIT_e654a8,ORD_e654a8,MatPoc_6ee7,1,13000.0,13000.0
8405,ORIT_4ae536,ORD_4ae536,MatPoc_f6cb,1,17500.0,17500.0
8406,ORIT_b61d20,ORD_b61d20,MatSpr_ba3a,2,8000.0,16000.0
8407,ORIT_a2155c,ORD_a2155c,MatSpr_acd0,2,8000.0,16000.0
8408,ORIT_4bcfe3,ORD_4bcfe3,MatFoa_8cd2,2,3500.0,7000.0
8409,ORIT_6cc918,ORD_6cc918,MatSpr_28ce,1,6000.0,6000.0
8410,ORIT_286587,ORD_286587,PilPol_a442,2,180.0,360.0
8411,ORIT_4cc71a,ORD_4cc71a,PilPol_a442,1,180.0,180.0
8412,ORIT_c8847b,ORD_c8847b,MatSpr_28ce,1,6000.0,6000.0
8413,ORIT_6f3b71,ORD_6f3b71,BedPol_2724,1,400.0,400.0
8414,ORIT_86fda2,ORD_86fda2,BedPol_f406,4,500.0,2000.0
8415,ORIT_d7c78a,ORD_d7c78a,MatSpr_ba3a,1,8000.0,8000.0
8416,ORIT_fc60fa,ORD_fc60fa,MatSpr_ccc4,1,6000.0,6000.0
8417,ORIT_069b56,ORD_069b56,MatPoc_f6cb,1,17500.0,17500.0
8418,ORIT_2e1ba9,ORD_2e1ba9,BedCot_2397,2,1500.0,3000.0
8419,ORIT_961042,ORD_961042,MatPoc_2df5,1,17500.0,17500.0
8420,ORIT_9aed89,ORD_9aed89,BedCot_4a29,1,800.0,800.0
8421,ORIT_51bfd0,ORD_51bfd0,PilFea_56ac,2,650.0,1300.0
8422,ORIT_199918,ORD_199918,MatPoc_2df5,1,17500.0,17500.0
8423,ORIT_2b0ca2,ORD_2b0ca2,MatSpr_ba3a,3,8000.0,24000.0
8424,ORIT_73c3f5,ORD_73c3f5,MatPoc_45de,1,13000.0,13000.0
8425,ORIT_a4563e,ORD_a4563e,MatFoa_4414,3,3500.0,10500.0
8426,ORIT_e1fea2,ORD_e1fea2,MatPoc_45de,2,13000.0,26000.0
8427,ORIT_fb2c35,ORD_fb2c35,MatSpr_28ce,4,6000.0,24000.0
8428,ORIT_a7e330,ORD_a7e330,MatPoc_f6cb,2,17500.0,35000.0
8429,ORIT_618b9d,ORD_618b9d,BedPol_239e,2,600.0,1200.0
8430,ORIT_9d5263,ORD_9d5263,MatPoc_1e64,4,8500.0,34000.0
8431,ORIT_6ec15d,ORD_6ec15d,PilPol_3076,2,180.0,360.0
8432,ORIT_40cbfc,ORD_40cbfc,MatPoc_6ee7,4,13000.0,52000.0
8433,ORIT_ae0d5c,ORD_ae0d5c,PilPol_3076,3,180.0,540.0
8434,ORIT_d0d70b,ORD_d0d70b,BlaFle_9bda,2,700.0,1400.0
8435,ORIT_5cab69,ORD_5cab69,MatSpr_acd0,3,8000.0,24000.0
8436,ORIT_4a8343,ORD_4a8343,MatSpr_acd0,3,8000.0,24000.0
8437,ORIT_ddbe64,ORD_ddbe64,PilPol_a442,4,180.0,720.0
8438,ORIT_31a95b,ORD_31a95b,PilCot_f078,3,250.0,750.0
8439,ORIT_768267,ORD_768267,MatPoc_2df5,4,17500.0,70000.0
8440,ORIT_860868,ORD_860868,MatSpr_56a3,2,4000.0,8000.0
8441,ORIT_f2e69f,ORD_f2e69f,BedCot_17f5,4,1500.0,6000.0
8442,ORIT_d16d2e,ORD_d16d2e,PilPol_3076,1,180.0,180.0
8443,ORIT_2e5d58,ORD_2e5d58,MatPoc_1e64,4,8500.0,34000.0
8444,ORIT_9ec5e1,ORD_9ec5e1,MatPoc_2df5,2,17500.0,35000.0
8445,ORIT_521b9d,ORD_521b9d,MatSpr_ba3a,1,8000.0,8000.0
8446,ORIT_02e133,ORD_02e133,MatSpr_ba3a,2,8000.0,16000.0
8447,ORIT_09e723,ORD_09e723,MatSpr_ccc4,1,6000.0,6000.0
8448,ORIT_1a7293,ORD_1a7293,MatFoa_8cd2,1,3500.0,3500.0
8449,ORIT_43cd79,ORD_43cd79,MatSpr_ba3a,1,8000.0,8000.0
8450,ORIT_df4792,ORD_df4792,BlaFle_c9a0,1,600.0,600.0
8451,ORIT_3c84a7,ORD_3c84a7,MatPoc_6ee7,4,13000.0,52000.0
8452,ORIT_089b7c,ORD_089b7c,PilFea_115c,1,650.0,650.0
8453,ORIT_a8316c,ORD_a8316c,BolPol_f3ad,1,220.0,220.0
8454,ORIT_7039bb,ORD_7039bb,MatPoc_f6cb,1,17500.0,17500.0
8455,ORIT_70407c,ORD_70407c,BedCot_2397,1,1500.0,1500.0
8456,ORIT_f5438a,ORD_f5438a,BedPol_5144,4,600.0,2400.0
8457,ORIT_51a4b3,ORD_51a4b3,BolPol_82d7,3,220.0,660.0
8458,ORIT_4132b0,ORD_4132b0,BolPol_82d7,2,220.0,440.0
8459,ORIT_93c3ca,ORD_93c3ca,PilCot_b22a,3,250.0,750.0
8460,ORIT_83432a,ORD_83432a,PilPol_a442,3,180.0,540.0
8461,ORIT_f0ca27,ORD_f0ca27,MatFoa_28ad,3,7500.0,22500.0
8462,ORIT_a02ca5,ORD_a02ca5,PilPol_a442,3,180.0,540.0
8463,ORIT_d52765,ORD_d52765,MatSpr_ccc4,3,6000.0,18000.0
8464,ORIT_a2c335,ORD_a2c335,MatFoa_8cd2,3,3500.0,10500.0
8465,ORIT_c692a6,ORD_c692a6,MatPoc_45de,4,13000.0,52000.0
8466,ORIT_634923,ORD_634923,BedPol_e207,3,400.0,1200.0
8467,ORIT_ea7410,ORD_ea7410,BedCot_87ca,3,1200.0,3600.0
8468,ORIT_c4cc76,ORD_c4cc76,PilFea_115c,4,650.0,2600.0
8469,ORIT_0384be,ORD_0384be,MatSpr_06ac,1,4000.0,4000.0
8470,ORIT_789860,ORD_789860,BolPol_f3ad,1,220.0,220.0
8471,ORIT_24780e,ORD_24780e,BedPol_5144,3,600.0,1800.0
8472,ORIT_f86a02,ORD_f86a02,BedPol_e8c9,1,400.0,400.0
8473,ORIT_c57088,ORD_c57088,MatFoa_182e,1,5500.0,5500.0
8474,ORIT_bc4d29,ORD_bc4d29,MatSpr_ccc4,1,6000.0,6000.0
8475,ORIT_552e36,ORD_552e36,BedCot_2449,1,800.0,800.0
8476,ORIT_5b03cb,ORD_5b03cb,BolPol_cfd7,2,220.0,440.0
8477,ORIT_6a5fc4,ORD_6a5fc4,BolPol_82d7,1,220.0,220.0
8478,ORIT_370755,ORD_370755,MatPoc_45de,1,13000.0,13000.0
8479,ORIT_2ee203,ORD_2ee203,MatSpr_28ce,1,6000.0,6000.0
8480,ORIT_15b7a7,ORD_15b7a7,MatSpr_ba3a,1,8000.0,8000.0
8481,ORIT_5ccdf5,ORD_5ccdf5,MatSpr_acd0,3,8000.0,24000.0
8482,ORIT_b25d40,ORD_b25d40,BolPol_cfd7,3,220.0,660.0
8483,ORIT_e0d088,ORD_e0d088,PilPol_3076,1,180.0,180.0
8484,ORIT_bdee1b,ORD_bdee1b,MatPoc_f6cb,1,17500.0,17500.0
8485,ORIT_6ee0f6,ORD_6ee0f6,BedCot_4a29,3,800.0,2400.0
8486,ORIT_ac5095,ORD_ac5095,MatPoc_f6cb,1,17500.0,17500.0
8487,ORIT_120299,ORD_120299,MatSpr_acd0,4,8000.0,32000.0
8488,ORIT_bbb65e,ORD_bbb65e,MatSpr_acd0,2,8000.0,16000.0
8489,ORIT_093e9c,ORD_093e9c,MatPoc_f6cb,1,17500.0,17500.0
8490,ORIT_2ab8e6,ORD_2ab8e6,MatPoc_f6cb,3,17500.0,52500.0
8491,ORIT_d7850e,ORD_d7850e,BedCot_17f5,4,1500.0,6000.0
8492,ORIT_a71208,ORD_a71208,PilPol_a442,3,180.0,540.0
8493,ORIT_693916,ORD_693916,MatSpr_ccc4,3,6000.0,18000.0
8494,ORIT_f490da,ORD_f490da,BedCot_87ca,3,1200.0,3600.0
8495,ORIT_d3e2b1,ORD_d3e2b1,MatPoc_f6cb,4,17500.0,70000.0
8496,ORIT_dcab8b,ORD_dcab8b,BolPol_cfd7,3,220.0,660.0
8497,ORIT_66c8ee,ORD_66c8ee,PilCot_3481,3,250.0,750.0
8498,ORIT_45e1b1,ORD_45e1b1,PilFea_115c,3,650.0,1950.0
8499,ORIT_ebd7a8,ORD_ebd7a8,PilCot_b22a,4,250.0,1000.0
8500,ORIT_44bcaa,ORD_44bcaa,BedLin_f732,3,4200.0,12600.0
8501,ORIT_8ea801,ORD_8ea801,BedPol_e8c9,2,400.0,800.0
8502,ORIT_2e18a5,ORD_2e18a5,PilCot_f078,1,250.0,250.0
8503,ORIT_b88b9a,ORD_b88b9a,BolCot_31e6,2,300.0,600.0
8504,ORIT_b2aff6,ORD_b2aff6,MatSpr_56a3,1,4000.0,4000.0
8505,ORIT_ce0de5,ORD_ce0de5,MatSpr_28ce,1,6000.0,6000.0
8506,ORIT_c3f470,ORD_c3f470,BedPol_f406,1,500.0,500.0
8507,ORIT_b3be7a,ORD_b3be7a,MatFoa_4414,1,3500.0,3500.0
8508,ORIT_d23126,ORD_d23126,MatPoc_2df5,1,17500.0,17500.0
8509,ORIT_a440a6,ORD_a440a6,MatPoc_2df5,2,17500.0,35000.0
8510,ORIT_d1e53f,ORD_d1e53f,BlaFle_33f0,3,700.0,2100.0
8511,ORIT_cab778,ORD_cab778,BedPol_e8c9,1,400.0,400.0
8512,ORIT_0dd781,ORD_0dd781,PilPol_662f,1,180.0,180.0
8513,ORIT_97d9b7,ORD_97d9b7,BolPol_cfd7,2,220.0,440.0
8514,ORIT_f20e13,ORD_f20e13,MatPoc_6ee7,1,13000.0,13000.0
8515,ORIT_4664d9,ORD_4664d9,MatPoc_45de,2,13000.0,26000.0
8516,ORIT_f2b8d0,ORD_f2b8d0,MatSpr_ccc4,2,6000.0,12000.0
8517,ORIT_01583b,ORD_01583b,MatSpr_06ac,2,4000.0,8000.0
8518,ORIT_472599,ORD_472599,BedCot_17f5,3,1500.0,4500.0
8519,ORIT_725057,ORD_725057,PilCot_f078,3,250.0,750.0
8520,ORIT_d9add0,ORD_d9add0,MatSpr_28ce,1,6000.0,6000.0
8521,ORIT_1b0e79,ORD_1b0e79,BlaCot_9ef6,1,2200.0,2200.0
8522,ORIT_2ef960,ORD_2ef960,MatSpr_ccc4,1,6000.0,6000.0
8523,ORIT_d0b1a8,ORD_d0b1a8,MatSpr_ba3a,3,8000.0,24000.0
8524,ORIT_670a47,ORD_670a47,BedCot_87ca,3,1200.0,3600.0
8525,ORIT_2a71f1,ORD_2a71f1,MatSpr_acd0,1,8000.0,8000.0
8526,ORIT_776a00,ORD_776a00,BolPol_f3ad,1,220.0,220.0
8527,ORIT_afdcde,ORD_afdcde,BlaFla_78f1,4,1000.0,4000.0
8528,ORIT_b80eb8,ORD_b80eb8,BlaFle_5881,3,700.0,2100.0
8529,ORIT_12a777,ORD_12a777,BolPol_82d7,3,220.0,660.0
8530,ORIT_df2c81,ORD_df2c81,MatFoa_8cd2,3,3500.0,10500.0
8531,ORIT_fc63e4,ORD_fc63e4,BolPol_f3ad,2,220.0,440.0
8532,ORIT_d09a11,ORD_d09a11,MatFoa_28ad,1,7500.0,7500.0
8533,ORIT_efe4dc,ORD_efe4dc,MatSpr_28ce,2,6000.0,12000.0
8534,ORIT_3de92d,ORD_3de92d,MatSpr_ccc4,1,6000.0,6000.0
8535,ORIT_da9cbc,ORD_da9cbc,MatSpr_28ce,4,6000.0,24000.0
8536,ORIT_5570e1,ORD_5570e1,PilPol_3076,2,180.0,360.0
8537,ORIT_7f76eb,ORD_7f76eb,MatSpr_ba3a,2,8000.0,16000.0
8538,ORIT_51bb59,ORD_51bb59,PilPol_a442,1,180.0,180.0
8539,ORIT_a81516,ORD_a81516,BedCot_d278,2,1200.0,2400.0
8540,ORIT_c954ec,ORD_c954ec,BedCot_4a29,2,800.0,1600.0
8541,ORIT_bede1a,ORD_bede1a,BedLin_aa0f,3,4200.0,12600.0
8542,ORIT_1dc00e,ORD_1dc00e,PilPol_a442,4,180.0,720.0
8543,ORIT_35e098,ORD_35e098,MatSpr_ccc4,3,6000.0,18000.0
8544,ORIT_a797d9,ORD_a797d9,BedCot_17f5,3,1500.0,4500.0
8545,ORIT_8696fe,ORD_8696fe,BedPol_2724,2,400.0,800.0
8546,ORIT_321caf,ORD_321caf,BolCot_31e6,1,300.0,300.0
8547,ORIT_f82698,ORD_f82698,BolPol_82d7,1,220.0,220.0
8548,ORIT_e32672,ORD_e32672,BlaFla_f995,1,1000.0,1000.0
8549,ORIT_bc012c,ORD_bc012c,PilCot_f078,3,250.0,750.0
8550,ORIT_c4c421,ORD_c4c421,MatPoc_f6cb,2,17500.0,35000.0
8551,ORIT_8bcbc1,ORD_8bcbc1,MatSpr_56a3,2,4000.0,8000.0
8552,ORIT_8b3d93,ORD_8b3d93,PilPol_a442,3,180.0,540.0
8553,ORIT_ea55b5,ORD_ea55b5,BedPol_239e,2,600.0,1200.0
8554,ORIT_c88643,ORD_c88643,MatFoa_28ad,2,7500.0,15000.0
8555,ORIT_ab046d,ORD_ab046d,MatPoc_27a0,3,8500.0,25500.0
8556,ORIT_c47842,ORD_c47842,MatSpr_28ce,3,6000.0,18000.0
8557,ORIT_43ba56,ORD_43ba56,BolPol_82d7,4,220.0,880.0
8558,ORIT_177152,ORD_177152,MatFoa_13fa,3,7500.0,22500.0
8559,ORIT_e87171,ORD_e87171,BedPol_e207,1,400.0,400.0
8560,ORIT_9c7fbe,ORD_9c7fbe,MatFoa_8cd2,2,3500.0,7000.0
8561,ORIT_d0ce47,ORD_d0ce47,MatSpr_acd0,2,8000.0,16000.0
8562,ORIT_151869,ORD_151869,MatSpr_ccc4,1,6000.0,6000.0
8563,ORIT_2d658c,ORD_2d658c,MatFoa_182e,1,5500.0,5500.0
8564,ORIT_a5a1fc,ORD_a5a1fc,BedPol_5ab8,2,600.0,1200.0
8565,ORIT_cfa326,ORD_cfa326,MatSpr_ba3a,3,8000.0,24000.0
8566,ORIT_d940c0,ORD_d940c0,PilPol_3076,4,180.0,720.0
8567,ORIT_ef2c84,ORD_ef2c84,MatSpr_acd0,3,8000.0,24000.0
8568,ORIT_443c29,ORD_443c29,MatPoc_2df5,2,17500.0,35000.0
8569,ORIT_c52d84,ORD_c52d84,MatSpr_ba3a,4,8000.0,32000.0
8570,ORIT_eacdbd,ORD_eacdbd,PilPol_3076,2,180.0,360.0
8571,ORIT_74ef16,ORD_74ef16,MatFoa_28ad,3,7500.0,22500.0
8572,ORIT_6be8d6,ORD_6be8d6,BedPol_e8c9,3,400.0,1200.0
8573,ORIT_cc05ba,ORD_cc05ba,PilPol_a442,3,180.0,540.0
8574,ORIT_75cc7e,ORD_75cc7e,BolPol_82d7,4,220.0,880.0
8575,ORIT_1961b8,ORD_1961b8,BolPol_f3ad,3,220.0,660.0
8576,ORIT_d17cea,ORD_d17cea,MatSpr_ccc4,1,6000.0,6000.0
8577,ORIT_16c0de,ORD_16c0de,BedCot_d278,1,1200.0,1200.0
8578,ORIT_c6e00f,ORD_c6e00f,MatFoa_28ad,1,7500.0,7500.0
8579,ORIT_b77972,ORD_b77972,MatSpr_acd0,1,8000.0,8000.0
8580,ORIT_d7afa7,ORD_d7afa7,MatSpr_28ce,1,6000.0,6000.0
8581,ORIT_af5116,ORD_af5116,PilFea_8a5d,1,650.0,650.0
8582,ORIT_a42682,ORD_a42682,BedCot_4a29,1,800.0,800.0
8583,ORIT_c5d84a,ORD_c5d84a,MatPoc_45de,2,13000.0,26000.0
8584,ORIT_4b8e40,ORD_4b8e40,BedCot_17f5,1,1500.0,1500.0
8585,ORIT_84a190,ORD_84a190,BolPol_cfd7,1,220.0,220.0
8586,ORIT_e5855d,ORD_e5855d,MatSpr_28ce,1,6000.0,6000.0
8587,ORIT_687a36,ORD_687a36,PilFea_115c,3,650.0,1950.0
8588,ORIT_2f904c,ORD_2f904c,BedLin_8a26,2,3800.0,7600.0
8589,ORIT_8764de,ORD_8764de,PilPol_3076,2,180.0,360.0
8590,ORIT_0e9c77,ORD_0e9c77,PilPol_a442,1,180.0,180.0
8591,ORIT_61d7b1,ORD_61d7b1,MatSpr_ccc4,3,6000.0,18000.0
8592,ORIT_8937cf,ORD_8937cf,MatPoc_2df5,2,17500.0,35000.0
8593,ORIT_1f84a5,ORD_1f84a5,MatSpr_acd0,1,8000.0,8000.0
8594,ORIT_7e7849,ORD_7e7849,BedCot_87ca,2,1200.0,2400.0
8595,ORIT_6b2dcc,ORD_6b2dcc,MatFoa_28ad,1,7500.0,7500.0
8596,ORIT_d9597c,ORD_d9597c,BedCot_87ca,4,1200.0,4800.0
8597,ORIT_6a2db9,ORD_6a2db9,MatPoc_45de,2,13000.0,26000.0
8598,ORIT_35a557,ORD_35a557,MatSpr_ba3a,3,8000.0,24000.0
8599,ORIT_1e2b31,ORD_1e2b31,BlaFle_9bda,1,700.0,700.0
8600,ORIT_218274,ORD_218274,MatPoc_2df5,1,17500.0,17500.0
8601,ORIT_bbe020,ORD_bbe020,MatSpr_acd0,1,8000.0,8000.0
8602,ORIT_dbe0bb,ORD_dbe0bb,PilPol_662f,2,180.0,360.0
8603,ORIT_b63059,ORD_b63059,MatSpr_ccc4,1,6000.0,6000.0
8604,ORIT_b4a26d,ORD_b4a26d,PilPol_662f,1,180.0,180.0
8605,ORIT_12a8ad,ORD_12a8ad,BedCot_4e8b,2,1500.0,3000.0
8606,ORIT_c9ae9d,ORD_c9ae9d,BlaFle_5881,1,700.0,700.0
8607,ORIT_f6045e,ORD_f6045e,BedCot_17f5,1,1500.0,1500.0
8608,ORIT_6f6bff,ORD_6f6bff,MatSpr_56a3,2,4000.0,8000.0
8609,ORIT_09e64e,ORD_09e64e,PilFea_115c,2,650.0,1300.0
8610,ORIT_02eac6,ORD_02eac6,MatFoa_e09a,1,5500.0,5500.0
8611,ORIT_91300d,ORD_91300d,MatPoc_6ee7,1,13000.0,13000.0
8612,ORIT_1f5a8a,ORD_1f5a8a,MatPoc_6ee7,2,13000.0,26000.0
8613,ORIT_429cf0,ORD_429cf0,BedCot_87ca,1,1200.0,1200.0
8614,ORIT_bff223,ORD_bff223,PilFea_115c,1,650.0,650.0
8615,ORIT_043e77,ORD_043e77,MatPoc_2df5,1,17500.0,17500.0
8616,ORIT_ae0171,ORD_ae0171,BolPol_f3ad,1,220.0,220.0
8617,ORIT_2a5eb7,ORD_2a5eb7,BedLin_aa0f,2,4200.0,8400.0
8618,ORIT_1ead18,ORD_1ead18,MatSpr_28ce,1,6000.0,6000.0
8619,ORIT_8b481f,ORD_8b481f,MatSpr_ccc4,4,6000.0,24000.0
8620,ORIT_d0689a,ORD_d0689a,MatPoc_2df5,4,17500.0,70000.0
8621,ORIT_edb6c7,ORD_edb6c7,BlaFle_c9a0,1,600.0,600.0
8622,ORIT_7371a7,ORD_7371a7,BlaFle_991d,3,300.0,900.0
8623,ORIT_4f4b21,ORD_4f4b21,MatFoa_28ad,4,7500.0,30000.0
8624,ORIT_8b184f,ORD_8b184f,BolPol_f3ad,3,220.0,660.0
8625,ORIT_a18d81,ORD_a18d81,PilFea_115c,3,650.0,1950.0
8626,ORIT_7eaba3,ORD_7eaba3,PilPol_662f,2,180.0,360.0
8627,ORIT_b050e7,ORD_b050e7,MatFoa_e09a,2,5500.0,11000.0
8628,ORIT_19db80,ORD_19db80,PilFea_56ac,1,650.0,650.0
8629,ORIT_9be4ea,ORD_9be4ea,BlaCot_ce6c,2,2000.0,4000.0
8630,ORIT_98edf6,ORD_98edf6,BedCot_4a29,3,800.0,2400.0
8631,ORIT_edbf2b,ORD_edbf2b,BlaFle_c9a0,1,600.0,600.0
8632,ORIT_6b43f3,ORD_6b43f3,MatSpr_acd0,4,8000.0,32000.0
8633,ORIT_cc8f2d,ORD_cc8f2d,BlaFle_1485,3,300.0,900.0
8634,ORIT_bc0cf9,ORD_bc0cf9,BedCot_6141,2,800.0,1600.0
8635,ORIT_88697f,ORD_88697f,BedCot_4a29,3,800.0,2400.0
8636,ORIT_b5d1b0,ORD_b5d1b0,BedCot_2397,3,1500.0,4500.0
8637,ORIT_2a988b,ORD_2a988b,BolPol_f3ad,3,220.0,660.0
8638,ORIT_bc8ee4,ORD_bc8ee4,BolPol_cfd7,3,220.0,660.0
8639,ORIT_e36f4b,ORD_e36f4b,MatPoc_45de,4,13000.0,52000.0
8640,ORIT_bdb4d1,ORD_bdb4d1,BedPol_e207,2,400.0,800.0
8641,ORIT_d73c16,ORD_d73c16,MatPoc_6ee7,4,13000.0,52000.0
8642,ORIT_793a69,ORD_793a69,BedCot_2397,1,1500.0,1500.0
8643,ORIT_bd0c98,ORD_bd0c98,BedCot_2449,4,800.0,3200.0
8644,ORIT_e9d7a8,ORD_e9d7a8,MatSpr_28ce,3,6000.0,18000.0
8645,ORIT_a949cf,ORD_a949cf,MatSpr_ba3a,2,8000.0,16000.0
8646,ORIT_2b19f2,ORD_2b19f2,PilFea_56ac,1,650.0,650.0
8647,ORIT_b283e9,ORD_b283e9,PilPol_662f,4,180.0,720.0
8648,ORIT_031b3a,ORD_031b3a,PilFea_56ac,1,650.0,650.0
8649,ORIT_38e44e,ORD_38e44e,PilPol_a442,1,180.0,180.0
8650,ORIT_ed3be7,ORD_ed3be7,PilPol_3076,1,180.0,180.0
8651,ORIT_b53dc9,ORD_b53dc9,BedCot_c645,2,1200.0,2400.0
8652,ORIT_a2510b,ORD_a2510b,BlaFle_7daf,1,600.0,600.0
8653,ORIT_a185f3,ORD_a185f3,MatPoc_45de,1,13000.0,13000.0
8654,ORIT_7b9928,ORD_7b9928,MatFoa_13fa,3,7500.0,22500.0
8655,ORIT_3e7dc1,ORD_3e7dc1,BedCot_6141,3,800.0,2400.0
8656,ORIT_60e4e2,ORD_60e4e2,MatPoc_45de,1,13000.0,13000.0
8657,ORIT_977c1c,ORD_977c1c,BolPol_cfd7,1,220.0,220.0
8658,ORIT_c00c78,ORD_c00c78,MatSpr_28ce,1,6000.0,6000.0
8659,ORIT_da7356,ORD_da7356,BedCot_d278,1,1200.0,1200.0
8660,ORIT_fb81aa,ORD_fb81aa,BedCot_6141,1,800.0,800.0
8661,ORIT_6cfb20,ORD_6cfb20,PilPol_a442,1,180.0,180.0
8662,ORIT_bbccc4,ORD_bbccc4,MatFoa_e09a,1,5500.0,5500.0
8663,ORIT_0c1318,ORD_0c1318,BedPol_e207,1,400.0,400.0
8664,ORIT_5eed39,ORD_5eed39,PilPol_3076,1,180.0,180.0
8665,ORIT_4cb39c,ORD_4cb39c,BedPol_e8c9,2,400.0,800.0
8666,ORIT_286271,ORD_286271,BedPol_5ab8,3,600.0,1800.0
8667,ORIT_771fdc,ORD_771fdc,BolCot_3050,1,300.0,300.0
8668,ORIT_12189b,ORD_12189b,BedPol_e8c9,1,400.0,400.0
8669,ORIT_c0a0f4,ORD_c0a0f4,MatSpr_ba3a,1,8000.0,8000.0
8670,ORIT_86ab44,ORD_86ab44,BedPol_2724,1,400.0,400.0
8671,ORIT_9650cd,ORD_9650cd,MatSpr_28ce,1,6000.0,6000.0
8672,ORIT_f23bd5,ORD_f23bd5,BedCot_4a29,3,800.0,2400.0
8673,ORIT_a65aec,ORD_a65aec,MatPoc_f6cb,1,17500.0,17500.0
8674,ORIT_b587df,ORD_b587df,BedCot_2449,3,800.0,2400.0
8675,ORIT_2709aa,ORD_2709aa,PilFea_115c,4,650.0,2600.0
8676,ORIT_0f2007,ORD_0f2007,BolPol_82d7,4,220.0,880.0
8677,ORIT_50d734,ORD_50d734,BedPol_2724,1,400.0,400.0
8678,ORIT_0cc2aa,ORD_0cc2aa,MatFoa_28ad,1,7500.0,7500.0
8679,ORIT_37f25a,ORD_37f25a,BedPol_3807,1,500.0,500.0
8680,ORIT_bd0562,ORD_bd0562,MatSpr_56a3,3,4000.0,12000.0
8681,ORIT_f205e5,ORD_f205e5,BedCot_d278,1,1200.0,1200.0
8682,ORIT_224c8b,ORD_224c8b,BedCot_2397,1,1500.0,1500.0
8683,ORIT_1044c3,ORD_1044c3,PilPol_662f,1,180.0,180.0
8684,ORIT_313be6,ORD_313be6,BolCot_21df,1,300.0,300.0
8685,ORIT_44df74,ORD_44df74,PilPol_662f,1,180.0,180.0
8686,ORIT_f56846,ORD_f56846,MatSpr_06ac,1,4000.0,4000.0
8687,ORIT_3e7191,ORD_3e7191,MatSpr_acd0,2,8000.0,16000.0
8688,ORIT_9e2612,ORD_9e2612,BolPol_f3ad,4,220.0,880.0
8689,ORIT_3c9e1f,ORD_3c9e1f,BolPol_82d7,4,220.0,880.0
8690,ORIT_7ecddf,ORD_7ecddf,BedCot_17f5,3,1500.0,4500.0
8691,ORIT_455e36,ORD_455e36,BolCot_31e6,2,300.0,600.0
8692,ORIT_cd505a,ORD_cd505a,BedPol_5ab8,4,600.0,2400.0
8693,ORIT_1226ce,ORD_1226ce,MatSpr_28ce,3,6000.0,18000.0
8694,ORIT_ec3f0c,ORD_ec3f0c,MatPoc_2df5,2,17500.0,35000.0
8695,ORIT_2119f7,ORD_2119f7,MatFoa_182e,3,5500.0,16500.0
8696,ORIT_23ff77,ORD_23ff77,MatPoc_6ee7,3,13000.0,39000.0
8697,ORIT_c122c5,ORD_c122c5,BolPol_cfd7,2,220.0,440.0
8698,ORIT_016ea3,ORD_016ea3,MatPoc_6ee7,1,13000.0,13000.0
8699,ORIT_3c20f8,ORD_3c20f8,BedPol_5ab8,1,600.0,600.0
8700,ORIT_0cecde,ORD_0cecde,MatSpr_acd0,2,8000.0,16000.0
8701,ORIT_11381f,ORD_11381f,PilPol_662f,1,180.0,180.0
8702,ORIT_0c20aa,ORD_0c20aa,MatSpr_ccc4,2,6000.0,12000.0
8703,ORIT_8d2ad1,ORD_8d2ad1,MatSpr_ba3a,4,8000.0,32000.0
8704,ORIT_de9e63,ORD_de9e63,MatSpr_ccc4,3,6000.0,18000.0
8705,ORIT_2e14e2,ORD_2e14e2,PilFea_8a5d,3,650.0,1950.0
8706,ORIT_b57508,ORD_b57508,MatFoa_e09a,1,5500.0,5500.0
8707,ORIT_6d1739,ORD_6d1739,PilPol_662f,2,180.0,360.0
8708,ORIT_549858,ORD_549858,MatSpr_28ce,4,6000.0,24000.0
8709,ORIT_ac8983,ORD_ac8983,BedCot_d278,1,1200.0,1200.0
8710,ORIT_219703,ORD_219703,MatSpr_acd0,3,8000.0,24000.0
8711,ORIT_aec2d8,ORD_aec2d8,BedCot_2397,4,1500.0,6000.0
8712,ORIT_730ed5,ORD_730ed5,PilFea_56ac,3,650.0,1950.0
8713,ORIT_a1880c,ORD_a1880c,BedCot_2397,3,1500.0,4500.0
8714,ORIT_8a7f76,ORD_8a7f76,MatFoa_182e,3,5500.0,16500.0
8715,ORIT_af1689,ORD_af1689,BolCot_3050,1,300.0,300.0
8716,ORIT_3ce00a,ORD_3ce00a,MatPoc_6ee7,4,13000.0,52000.0
8717,ORIT_213d43,ORD_213d43,BedLin_5d3d,3,4200.0,12600.0
8718,ORIT_abc86a,ORD_abc86a,BolPol_82d7,4,220.0,880.0
8719,ORIT_23f51e,ORD_23f51e,PilFea_8a5d,2,650.0,1300.0
8720,ORIT_44f2ea,ORD_44f2ea,PilPol_662f,3,180.0,540.0
8721,ORIT_e534f2,ORD_e534f2,BedCot_c645,4,1200.0,4800.0
8722,ORIT_6b7f30,ORD_6b7f30,MatPoc_2df5,2,17500.0,35000.0
8723,ORIT_74f06a,ORD_74f06a,MatFoa_8cd2,2,3500.0,7000.0
8724,ORIT_5bd380,ORD_5bd380,MatPoc_f6cb,2,17500.0,35000.0
8725,ORIT_f2e70b,ORD_f2e70b,BolPol_f3ad,1,220.0,220.0
8726,ORIT_6cebc3,ORD_6cebc3,PilPol_662f,2,180.0,360.0
8727,ORIT_fdbc50,ORD_fdbc50,BedPol_5ab8,1,600.0,600.0
8728,ORIT_55a0d7,ORD_55a0d7,BedCot_2397,1,1500.0,1500.0
8729,ORIT_5d602e,ORD_5d602e,MatPoc_45de,1,13000.0,13000.0
8730,ORIT_fb6f6b,ORD_fb6f6b,MatSpr_28ce,2,6000.0,12000.0
8731,ORIT_31ae58,ORD_31ae58,PilCot_f078,2,250.0,500.0
8732,ORIT_905270,ORD_905270,MatSpr_ba3a,2,8000.0,16000.0
8733,ORIT_fd9648,ORD_fd9648,MatPoc_2df5,1,17500.0,17500.0
8734,ORIT_a42201,ORD_a42201,BolPol_82d7,3,220.0,660.0
8735,ORIT_4c5cb6,ORD_4c5cb6,BedPol_5144,1,600.0,600.0
8736,ORIT_f651a1,ORD_f651a1,MatSpr_28ce,1,6000.0,6000.0
8737,ORIT_42d2d1,ORD_42d2d1,BedCot_2397,1,1500.0,1500.0
8738,ORIT_500608,ORD_500608,PilPol_3076,1,180.0,180.0
8739,ORIT_a6d1a9,ORD_a6d1a9,MatPoc_2df5,1,17500.0,17500.0
8740,ORIT_2be4f4,ORD_2be4f4,PilPol_3076,1,180.0,180.0
8741,ORIT_406c05,ORD_406c05,BedLin_8a26,1,3800.0,3800.0
8742,ORIT_8f0e5a,ORD_8f0e5a,BedPol_239e,1,600.0,600.0
8743,ORIT_80639a,ORD_80639a,PilPol_3076,3,180.0,540.0
8744,ORIT_92e70b,ORD_92e70b,MatSpr_ccc4,1,6000.0,6000.0
8745,ORIT_05af5d,ORD_05af5d,MatFoa_13fa,1,7500.0,7500.0
8746,ORIT_f51cf4,ORD_f51cf4,MatFoa_28ad,3,7500.0,22500.0
8747,ORIT_4586af,ORD_4586af,PilFea_8a5d,1,650.0,650.0
8748,ORIT_c41c7a,ORD_c41c7a,MatSpr_28ce,2,6000.0,12000.0
8749,ORIT_fb0787,ORD_fb0787,PilPol_662f,1,180.0,180.0
8750,ORIT_e10ca8,ORD_e10ca8,BolPol_cfd7,1,220.0,220.0
8751,ORIT_910de8,ORD_910de8,PilPol_a442,1,180.0,180.0
8752,ORIT_2cc413,ORD_2cc413,PilFea_8a5d,4,650.0,2600.0
8753,ORIT_5bc249,ORD_5bc249,BedPol_2724,2,400.0,800.0
8754,ORIT_b1c207,ORD_b1c207,MatSpr_28ce,1,6000.0,6000.0
8755,ORIT_b566f0,ORD_b566f0,MatSpr_acd0,2,8000.0,16000.0
8756,ORIT_445d55,ORD_445d55,BedCot_2449,1,800.0,800.0
8757,ORIT_58dcaf,ORD_58dcaf,MatSpr_acd0,3,8000.0,24000.0
8758,ORIT_d4dd5e,ORD_d4dd5e,BedCot_6141,3,800.0,2400.0
8759,ORIT_f6b2d8,ORD_f6b2d8,BolPol_cfd7,2,220.0,440.0
8760,ORIT_2a64be,ORD_2a64be,PilPol_662f,4,180.0,720.0
8761,ORIT_d733db,ORD_d733db,BedCot_2449,3,800.0,2400.0
8762,ORIT_19a4a7,ORD_19a4a7,MatFoa_e09a,2,5500.0,11000.0
8763,ORIT_cc97ae,ORD_cc97ae,MatPoc_2df5,1,17500.0,17500.0
8764,ORIT_2f6b19,ORD_2f6b19,MatSpr_28ce,1,6000.0,6000.0
8765,ORIT_6a7ca6,ORD_6a7ca6,MatFoa_e09a,1,5500.0,5500.0
8766,ORIT_4dab83,ORD_4dab83,MatSpr_56a3,2,4000.0,8000.0
8767,ORIT_21a7ee,ORD_21a7ee,BolCot_3050,1,300.0,300.0
8768,ORIT_d8d8ff,ORD_d8d8ff,BedCot_4a29,4,800.0,3200.0
8769,ORIT_a1eb14,ORD_a1eb14,MatSpr_acd0,3,8000.0,24000.0
8770,ORIT_e3c3e6,ORD_e3c3e6,BedCot_17f5,1,1500.0,1500.0
8771,ORIT_c17115,ORD_c17115,BolCot_21df,3,300.0,900.0
8772,ORIT_c4858d,ORD_c4858d,MatPoc_1e64,3,8500.0,25500.0
8773,ORIT_4ba677,ORD_4ba677,MatPoc_6ee7,3,13000.0,39000.0
8774,ORIT_e9f81e,ORD_e9f81e,MatSpr_acd0,4,8000.0,32000.0
8775,ORIT_d2fd63,ORD_d2fd63,PilCot_f078,3,250.0,750.0
8776,ORIT_fa7171,ORD_fa7171,BedCot_2397,2,1500.0,3000.0
8777,ORIT_b323db,ORD_b323db,PilFea_115c,4,650.0,2600.0
8778,ORIT_6a1c10,ORD_6a1c10,PilPol_662f,2,180.0,360.0
8779,ORIT_6fa29d,ORD_6fa29d,PilFea_8a5d,2,650.0,1300.0
8780,ORIT_fee629,ORD_fee629,MatFoa_28ad,3,7500.0,22500.0
8781,ORIT_0bdd0b,ORD_0bdd0b,MatFoa_e09a,2,5500.0,11000.0
8782,ORIT_529c14,ORD_529c14,MatPoc_2df5,2,17500.0,35000.0
8783,ORIT_4194e0,ORD_4194e0,MatSpr_ba3a,3,8000.0,24000.0
8784,ORIT_832f2f,ORD_832f2f,BlaFle_0f50,3,300.0,900.0
8785,ORIT_d859b7,ORD_d859b7,MatSpr_ba3a,2,8000.0,16000.0
8786,ORIT_4102ab,ORD_4102ab,BedCot_4e8b,4,1500.0,6000.0
8787,ORIT_c93fc6,ORD_c93fc6,BedPol_239e,4,600.0,2400.0
8788,ORIT_39b953,ORD_39b953,BedCot_4a29,3,800.0,2400.0
8789,ORIT_85b7fd,ORD_85b7fd,MatFoa_13fa,3,7500.0,22500.0
8790,ORIT_6ff9c2,ORD_6ff9c2,MatPoc_f6cb,2,17500.0,35000.0
8791,ORIT_cc2441,ORD_cc2441,MatPoc_27a0,1,8500.0,8500.0
8792,ORIT_a84f44,ORD_a84f44,MatSpr_ba3a,1,8000.0,8000.0
8793,ORIT_e3dd54,ORD_e3dd54,BolPol_82d7,1,220.0,220.0
8794,ORIT_f1c9ff,ORD_f1c9ff,MatSpr_28ce,1,6000.0,6000.0
8795,ORIT_3108bf,ORD_3108bf,PilCot_b22a,1,250.0,250.0
8796,ORIT_8f5e17,ORD_8f5e17,MatSpr_06ac,2,4000.0,8000.0
8797,ORIT_6e6936,ORD_6e6936,PilPol_662f,2,180.0,360.0
8798,ORIT_b0a63b,ORD_b0a63b,MatSpr_acd0,1,8000.0,8000.0
8799,ORIT_b9ecc5,ORD_b9ecc5,MatPoc_2df5,2,17500.0,35000.0
8800,ORIT_4ccc81,ORD_4ccc81,MatSpr_acd0,3,8000.0,24000.0
8801,ORIT_2c7393,ORD_2c7393,MatPoc_45de,2,13000.0,26000.0
8802,ORIT_3cf6a1,ORD_3cf6a1,MatFoa_4414,1,3500.0,3500.0
8803,ORIT_48fb78,ORD_48fb78,MatSpr_56a3,1,4000.0,4000.0
8804,ORIT_bdcfce,ORD_bdcfce,MatPoc_2df5,2,17500.0,35000.0
8805,ORIT_2bde91,ORD_2bde91,BedCot_17f5,1,1500.0,1500.0
8806,ORIT_34ffb9,ORD_34ffb9,PilPol_662f,1,180.0,180.0
8807,ORIT_705dca,ORD_705dca,BedCot_2449,1,800.0,800.0
8808,ORIT_5efd0e,ORD_5efd0e,PilFea_8a5d,1,650.0,650.0
8809,ORIT_2ed46c,ORD_2ed46c,MatFoa_e09a,1,5500.0,5500.0
8810,ORIT_a505b9,ORD_a505b9,BedCot_4e8b,1,1500.0,1500.0
8811,ORIT_d13e77,ORD_d13e77,MatPoc_27a0,1,8500.0,8500.0
8812,ORIT_2a7ff3,ORD_2a7ff3,MatSpr_ccc4,4,6000.0,24000.0
8813,ORIT_f6a1d3,ORD_f6a1d3,MatSpr_28ce,1,6000.0,6000.0
8814,ORIT_d11eaa,ORD_d11eaa,MatSpr_acd0,1,8000.0,8000.0
8815,ORIT_47d676,ORD_47d676,PilFea_115c,2,650.0,1300.0
8816,ORIT_55d4e3,ORD_55d4e3,MatSpr_ccc4,2,6000.0,12000.0
8817,ORIT_b9cdb3,ORD_b9cdb3,MatPoc_45de,1,13000.0,13000.0
8818,ORIT_01525b,ORD_01525b,BedCot_4e8b,1,1500.0,1500.0
8819,ORIT_465588,ORD_465588,MatSpr_acd0,1,8000.0,8000.0
8820,ORIT_7047d9,ORD_7047d9,MatPoc_45de,1,13000.0,13000.0
8821,ORIT_5fc95d,ORD_5fc95d,PilFea_8a5d,1,650.0,650.0
8822,ORIT_0f4d7b,ORD_0f4d7b,MatPoc_45de,1,13000.0,13000.0
8823,ORIT_63e043,ORD_63e043,MatPoc_f6cb,1,17500.0,17500.0
8824,ORIT_5500fd,ORD_5500fd,MatSpr_28ce,1,6000.0,6000.0
8825,ORIT_ed4286,ORD_ed4286,MatPoc_f6cb,1,17500.0,17500.0
8826,ORIT_a2be04,ORD_a2be04,BedCot_87ca,3,1200.0,3600.0
8827,ORIT_b2c242,ORD_b2c242,BedLin_f732,2,4200.0,8400.0
8828,ORIT_20366f,ORD_20366f,MatSpr_28ce,1,6000.0,6000.0
8829,ORIT_af613b,ORD_af613b,MatSpr_28ce,2,6000.0,12000.0
8830,ORIT_ce5f2f,ORD_ce5f2f,MatSpr_28ce,1,6000.0,6000.0
8831,ORIT_1bc75b,ORD_1bc75b,MatPoc_f6cb,2,17500.0,35000.0
8832,ORIT_60eab2,ORD_60eab2,MatSpr_56a3,1,4000.0,4000.0
8833,ORIT_83b2c2,ORD_83b2c2,MatFoa_4414,1,3500.0,3500.0
8834,ORIT_2a055c,ORD_2a055c,MatFoa_e09a,4,5500.0,22000.0
8835,ORIT_006478,ORD_006478,MatSpr_acd0,1,8000.0,8000.0
8836,ORIT_e936d4,ORD_e936d4,BedCot_4a29,2,800.0,1600.0
8837,ORIT_c025df,ORD_c025df,MatPoc_2df5,2,17500.0,35000.0
8838,ORIT_7a4215,ORD_7a4215,MatFoa_13fa,1,7500.0,7500.0
8839,ORIT_56c6d6,ORD_56c6d6,BolPol_82d7,1,220.0,220.0
8840,ORIT_39ac30,ORD_39ac30,PilFea_115c,1,650.0,650.0
8841,ORIT_0dc9e7,ORD_0dc9e7,BolPol_cfd7,2,220.0,440.0
8842,ORIT_5b8512,ORD_5b8512,MatFoa_182e,1,5500.0,5500.0
8843,ORIT_335c38,ORD_335c38,MatFoa_28ad,1,7500.0,7500.0
8844,ORIT_dc508d,ORD_dc508d,MatSpr_ccc4,1,6000.0,6000.0
8845,ORIT_9857f1,ORD_9857f1,BedCot_6141,1,800.0,800.0
8846,ORIT_e04924,ORD_e04924,MatSpr_ba3a,1,8000.0,8000.0
8847,ORIT_913074,ORD_913074,MatPoc_f6cb,3,17500.0,52500.0
8848,ORIT_230f5c,ORD_230f5c,MatSpr_ccc4,1,6000.0,6000.0
8849,ORIT_e250e4,ORD_e250e4,PilPol_662f,1,180.0,180.0
8850,ORIT_fa4c69,ORD_fa4c69,BedCot_c645,1,1200.0,1200.0
8851,ORIT_d79b7f,ORD_d79b7f,MatPoc_f6cb,1,17500.0,17500.0
8852,ORIT_46a18d,ORD_46a18d,PilPol_a442,2,180.0,360.0
8853,ORIT_2ac546,ORD_2ac546,MatSpr_acd0,1,8000.0,8000.0
8854,ORIT_20a101,ORD_20a101,MatFoa_28ad,3,7500.0,22500.0
8855,ORIT_ba9785,ORD_ba9785,PilFea_56ac,1,650.0,650.0
8856,ORIT_203feb,ORD_203feb,BedLin_5d3d,2,4200.0,8400.0
8857,ORIT_0a4051,ORD_0a4051,BedPol_2724,1,400.0,400.0
8858,ORIT_712776,ORD_712776,BolPol_cfd7,1,220.0,220.0
8859,ORIT_b2c864,ORD_b2c864,MatPoc_2df5,3,17500.0,52500.0
8860,ORIT_8faa9b,ORD_8faa9b,BedCot_c645,1,1200.0,1200.0
8861,ORIT_107377,ORD_107377,BedCot_2449,1,800.0,800.0
8862,ORIT_633c06,ORD_633c06,MatPoc_1e64,2,8500.0,17000.0
8863,ORIT_8eb7fe,ORD_8eb7fe,BlaCot_9ef6,1,2200.0,2200.0
8864,ORIT_a1c3e4,ORD_a1c3e4,MatSpr_ccc4,1,6000.0,6000.0
8865,ORIT_ba7b52,ORD_ba7b52,BlaCot_9ef6,1,2200.0,2200.0
8866,ORIT_cf6941,ORD_cf6941,MatFoa_28ad,1,7500.0,7500.0
8867,ORIT_3cf842,ORD_3cf842,MatPoc_45de,1,13000.0,13000.0
8868,ORIT_d005d0,ORD_d005d0,MatSpr_06ac,1,4000.0,4000.0
8869,ORIT_9b8fc9,ORD_9b8fc9,BedCot_2397,1,1500.0,1500.0
8870,ORIT_42bf0e,ORD_42bf0e,BolPol_82d7,2,220.0,440.0
8871,ORIT_6b46c4,ORD_6b46c4,BedCot_c645,2,1200.0,2400.0
8872,ORIT_9cef95,ORD_9cef95,MatPoc_45de,1,13000.0,13000.0
8873,ORIT_184384,ORD_184384,BedCot_4e8b,1,1500.0,1500.0
8874,ORIT_96af57,ORD_96af57,PilFea_8a5d,2,650.0,1300.0
8875,ORIT_2bb735,ORD_2bb735,BedCot_17f5,3,1500.0,4500.0
8876,ORIT_dd0e88,ORD_dd0e88,MatSpr_ba3a,1,8000.0,8000.0
8877,ORIT_dd614a,ORD_dd614a,MatFoa_4414,1,3500.0,3500.0
8878,ORIT_e3c6dd,ORD_e3c6dd,BedCot_6141,1,800.0,800.0
8879,ORIT_4e0b18,ORD_4e0b18,BolCot_3050,3,300.0,900.0
8880,ORIT_a0cb74,ORD_a0cb74,BolPol_cfd7,2,220.0,440.0
8881,ORIT_d6cb17,ORD_d6cb17,MatSpr_ba3a,1,8000.0,8000.0
8882,ORIT_8120ba,ORD_8120ba,MatSpr_28ce,4,6000.0,24000.0
8883,ORIT_4e78e5,ORD_4e78e5,BedCot_17f5,3,1500.0,4500.0
8884,ORIT_da4e0b,ORD_da4e0b,MatPoc_6ee7,3,13000.0,39000.0
8885,ORIT_187b38,ORD_187b38,PilFea_56ac,3,650.0,1950.0
8886,ORIT_60a9fe,ORD_60a9fe,PilPol_662f,4,180.0,720.0
8887,ORIT_b40a46,ORD_b40a46,BolPol_82d7,4,220.0,880.0
8888,ORIT_458feb,ORD_458feb,BedCot_2449,4,800.0,3200.0
8889,ORIT_b12410,ORD_b12410,MatSpr_acd0,4,8000.0,32000.0
8890,ORIT_09480a,ORD_09480a,PilPol_3076,2,180.0,360.0
8891,ORIT_cb365b,ORD_cb365b,MatFoa_28ad,4,7500.0,30000.0
8892,ORIT_e4eec9,ORD_e4eec9,MatPoc_f6cb,1,17500.0,17500.0
8893,ORIT_112420,ORD_112420,BedCot_17f5,1,1500.0,1500.0
8894,ORIT_456eaa,ORD_456eaa,MatSpr_ccc4,1,6000.0,6000.0
8895,ORIT_4452ae,ORD_4452ae,MatPoc_2df5,1,17500.0,17500.0
8896,ORIT_0d3ec3,ORD_0d3ec3,MatFoa_182e,1,5500.0,5500.0
8897,ORIT_8eace7,ORD_8eace7,MatSpr_28ce,1,6000.0,6000.0
8898,ORIT_e39054,ORD_e39054,BedPol_3807,1,500.0,500.0
8899,ORIT_925286,ORD_925286,PilFea_115c,1,650.0,650.0
8900,ORIT_4ac063,ORD_4ac063,BedCot_17f5,1,1500.0,1500.0
8901,ORIT_dc1933,ORD_dc1933,BolPol_f3ad,3,220.0,660.0
8902,ORIT_88ec64,ORD_88ec64,MatPoc_f6cb,2,17500.0,35000.0
8903,ORIT_5a8c8c,ORD_5a8c8c,BedPol_f406,1,500.0,500.0
8904,ORIT_87f77f,ORD_87f77f,MatPoc_6ee7,3,13000.0,39000.0
8905,ORIT_db377d,ORD_db377d,PilPol_a442,3,180.0,540.0
8906,ORIT_006ddf,ORD_006ddf,BedPol_2724,1,400.0,400.0
8907,ORIT_880434,ORD_880434,BolCot_31e6,1,300.0,300.0
8908,ORIT_a0571e,ORD_a0571e,BedCot_d278,1,1200.0,1200.0
8909,ORIT_8a07a5,ORD_8a07a5,MatSpr_56a3,2,4000.0,8000.0
8910,ORIT_610c4b,ORD_610c4b,MatSpr_ba3a,1,8000.0,8000.0
8911,ORIT_ff7cd6,ORD_ff7cd6,MatSpr_ba3a,1,8000.0,8000.0
8912,ORIT_a8ac84,ORD_a8ac84,BolPol_82d7,4,220.0,880.0
8913,ORIT_320529,ORD_320529,BedCot_4a29,2,800.0,1600.0
8914,ORIT_a87348,ORD_a87348,BedCot_2397,2,1500.0,3000.0
8915,ORIT_3cccea,ORD_3cccea,MatSpr_acd0,1,8000.0,8000.0
8916,ORIT_86736c,ORD_86736c,BlaFle_394c,4,600.0,2400.0
8917,ORIT_13e85a,ORD_13e85a,MatPoc_6ee7,2,13000.0,26000.0
8918,ORIT_29cd41,ORD_29cd41,MatSpr_ba3a,1,8000.0,8000.0
8919,ORIT_d03c4c,ORD_d03c4c,BolCot_21df,1,300.0,300.0
8920,ORIT_58e714,ORD_58e714,MatPoc_f6cb,1,17500.0,17500.0
8921,ORIT_4719e2,ORD_4719e2,BolPol_f3ad,1,220.0,220.0
8922,ORIT_8e5796,ORD_8e5796,PilPol_662f,1,180.0,180.0
8923,ORIT_3d7205,ORD_3d7205,BedLin_aa0f,1,4200.0,4200.0
8924,ORIT_ad83f3,ORD_ad83f3,BedCot_6141,1,800.0,800.0
8925,ORIT_a821d1,ORD_a821d1,BedPol_2724,1,400.0,400.0
8926,ORIT_031666,ORD_031666,BedPol_f406,1,500.0,500.0
8927,ORIT_49861b,ORD_49861b,BedCot_d278,1,1200.0,1200.0
8928,ORIT_73ccca,ORD_73ccca,BedLin_f732,4,4200.0,16800.0
8929,ORIT_0e18bf,ORD_0e18bf,MatPoc_27a0,4,8500.0,34000.0
8930,ORIT_93f4e7,ORD_93f4e7,BedPol_d3de,3,500.0,1500.0
8931,ORIT_46678b,ORD_46678b,MatPoc_6ee7,1,13000.0,13000.0
8932,ORIT_b0be96,ORD_b0be96,MatSpr_56a3,2,4000.0,8000.0
8933,ORIT_9ef6fd,ORD_9ef6fd,MatSpr_28ce,2,6000.0,12000.0
8934,ORIT_a3c24b,ORD_a3c24b,MatFoa_13fa,3,7500.0,22500.0
8935,ORIT_790c16,ORD_790c16,MatPoc_f6cb,3,17500.0,52500.0
8936,ORIT_d89f84,ORD_d89f84,PilPol_3076,3,180.0,540.0
8937,ORIT_bc3e89,ORD_bc3e89,PilFea_8a5d,4,650.0,2600.0
8938,ORIT_b1640e,ORD_b1640e,MatSpr_ccc4,2,6000.0,12000.0
8939,ORIT_63aa3c,ORD_63aa3c,PilFea_56ac,3,650.0,1950.0
8940,ORIT_d67a0f,ORD_d67a0f,MatSpr_28ce,3,6000.0,18000.0
8941,ORIT_6745cc,ORD_6745cc,BedCot_2397,1,1500.0,1500.0
8942,ORIT_f2d53d,ORD_f2d53d,PilFea_8a5d,1,650.0,650.0
8943,ORIT_9c51e0,ORD_9c51e0,BedCot_2397,1,1500.0,1500.0
8944,ORIT_711704,ORD_711704,PilPol_3076,1,180.0,180.0
8945,ORIT_1497b5,ORD_1497b5,BedPol_5144,1,600.0,600.0
8946,ORIT_ebe71e,ORD_ebe71e,BedCot_17f5,1,1500.0,1500.0
8947,ORIT_9e2dcb,ORD_9e2dcb,MatFoa_182e,2,5500.0,11000.0
8948,ORIT_97754b,ORD_97754b,MatSpr_ccc4,1,6000.0,6000.0
8949,ORIT_2bfa5c,ORD_2bfa5c,BedPol_e8c9,3,400.0,1200.0
8950,ORIT_8a1458,ORD_8a1458,PilPol_3076,1,180.0,180.0
8951,ORIT_064866,ORD_064866,BedLin_aa0f,1,4200.0,4200.0
8952,ORIT_0ed786,ORD_0ed786,MatFoa_8cd2,1,3500.0,3500.0
8953,ORIT_913a63,ORD_913a63,MatSpr_acd0,1,8000.0,8000.0
8954,ORIT_87da5d,ORD_87da5d,PilFea_115c,2,650.0,1300.0
8955,ORIT_58465d,ORD_58465d,BedPol_5ab8,2,600.0,1200.0
8956,ORIT_ee3fe8,ORD_ee3fe8,BedCot_4e8b,3,1500.0,4500.0
8957,ORIT_cfb724,ORD_cfb724,PilPol_662f,1,180.0,180.0
8958,ORIT_f0f65a,ORD_f0f65a,PilPol_662f,2,180.0,360.0
8959,ORIT_b1a2e1,ORD_b1a2e1,MatPoc_45de,1,13000.0,13000.0
8960,ORIT_118e0a,ORD_118e0a,BolPol_f3ad,2,220.0,440.0
8961,ORIT_7e14e9,ORD_7e14e9,PilCot_3481,2,250.0,500.0
8962,ORIT_c69d02,ORD_c69d02,MatSpr_28ce,3,6000.0,18000.0
8963,ORIT_afa000,ORD_afa000,MatPoc_2df5,4,17500.0,70000.0
8964,ORIT_5fea51,ORD_5fea51,BolPol_cfd7,1,220.0,220.0
8965,ORIT_fb3353,ORD_fb3353,MatSpr_acd0,2,8000.0,16000.0
8966,ORIT_363b2e,ORD_363b2e,MatSpr_acd0,4,8000.0,32000.0
8967,ORIT_224c49,ORD_224c49,BedCot_87ca,3,1200.0,3600.0
8968,ORIT_18a6bd,ORD_18a6bd,BedCot_87ca,4,1200.0,4800.0
8969,ORIT_d3d167,ORD_d3d167,PilPol_662f,1,180.0,180.0
8970,ORIT_e053bc,ORD_e053bc,MatFoa_8cd2,3,3500.0,10500.0
8971,ORIT_a8ff80,ORD_a8ff80,PilPol_3076,3,180.0,540.0
8972,ORIT_82c8ea,ORD_82c8ea,PilCot_f078,1,250.0,250.0
8973,ORIT_14bf9a,ORD_14bf9a,MatPoc_6ee7,2,13000.0,26000.0
8974,ORIT_c2b3b9,ORD_c2b3b9,MatPoc_1e64,1,8500.0,8500.0
8975,ORIT_de31a3,ORD_de31a3,MatPoc_2df5,1,17500.0,17500.0
8976,ORIT_f599b6,ORD_f599b6,PilPol_662f,3,180.0,540.0
8977,ORIT_f071e7,ORD_f071e7,MatPoc_6ee7,2,13000.0,26000.0
8978,ORIT_834ce0,ORD_834ce0,PilPol_a442,4,180.0,720.0
8979,ORIT_e74998,ORD_e74998,PilPol_3076,4,180.0,720.0
8980,ORIT_0a95a8,ORD_0a95a8,BedCot_17f5,3,1500.0,4500.0
8981,ORIT_bb7e36,ORD_bb7e36,BedCot_87ca,3,1200.0,3600.0
8982,ORIT_54894c,ORD_54894c,MatSpr_ccc4,2,6000.0,12000.0
8983,ORIT_df818f,ORD_df818f,MatSpr_ccc4,3,6000.0,18000.0
8984,ORIT_3cde71,ORD_3cde71,BedLin_f732,4,4200.0,16800.0
8985,ORIT_0163d3,ORD_0163d3,BolCot_31e6,4,300.0,1200.0
8986,ORIT_df92f3,ORD_df92f3,MatSpr_ccc4,3,6000.0,18000.0
8987,ORIT_754352,ORD_754352,MatPoc_2df5,1,17500.0,17500.0
8988,ORIT_9683d1,ORD_9683d1,PilPol_662f,3,180.0,540.0
8989,ORIT_ce0405,ORD_ce0405,PilPol_a442,3,180.0,540.0
8990,ORIT_762cdd,ORD_762cdd,MatFoa_e09a,3,5500.0,16500.0
8991,ORIT_b9e57e,ORD_b9e57e,BolCot_3050,2,300.0,600.0
8992,ORIT_5fef41,ORD_5fef41,PilFea_8a5d,3,650.0,1950.0
8993,ORIT_676581,ORD_676581,MatSpr_ccc4,1,6000.0,6000.0
8994,ORIT_5809d5,ORD_5809d5,MatPoc_6ee7,2,13000.0,26000.0
8995,ORIT_39c8a7,ORD_39c8a7,MatPoc_6ee7,3,13000.0,39000.0
8996,ORIT_cc5f37,ORD_cc5f37,BedCot_2449,3,800.0,2400.0
8997,ORIT_79899e,ORD_79899e,MatSpr_ba3a,1,8000.0,8000.0
8998,ORIT_4a200c,ORD_4a200c,BolPol_82d7,1,220.0,220.0
8999,ORIT_b1cb09,ORD_b1cb09,BedPol_e207,1,400.0,400.0
9000,ORIT_69c8be,ORD_69c8be,PilCot_f078,1,250.0,250.0
9001,ORIT_53777b,ORD_53777b,PilPol_3076,1,180.0,180.0
9002,ORIT_f5152f,ORD_f5152f,MatPoc_2df5,1,17500.0,17500.0
9003,ORIT_e33da3,ORD_e33da3,BedCot_6141,1,800.0,800.0
9004,ORIT_d3e5b3,ORD_d3e5b3,MatFoa_13fa,1,7500.0,7500.0
9005,ORIT_ef7818,ORD_ef7818,BedLin_aa0f,1,4200.0,4200.0
9006,ORIT_5f0333,ORD_5f0333,MatPoc_2df5,4,17500.0,70000.0
9007,ORIT_2481ae,ORD_2481ae,BolCot_3050,1,300.0,300.0
9008,ORIT_52a45e,ORD_52a45e,BlaCot_8a14,1,1200.0,1200.0
9009,ORIT_e476af,ORD_e476af,BolCot_21df,2,300.0,600.0
9010,ORIT_52cef3,ORD_52cef3,MatPoc_f6cb,1,17500.0,17500.0
9011,ORIT_4d7d56,ORD_4d7d56,BedCot_17f5,1,1500.0,1500.0
9012,ORIT_617ee5,ORD_617ee5,PilFea_56ac,1,650.0,650.0
9013,ORIT_c015f6,ORD_c015f6,BedCot_2449,1,800.0,800.0
9014,ORIT_4c7fbc,ORD_4c7fbc,MatSpr_acd0,2,8000.0,16000.0
9015,ORIT_d7dbc6,ORD_d7dbc6,BolFea_d1d6,1,700.0,700.0
9016,ORIT_37a5e8,ORD_37a5e8,BolPol_f3ad,2,220.0,440.0
9017,ORIT_db9026,ORD_db9026,BedCot_2397,2,1500.0,3000.0
9018,ORIT_fd5c8a,ORD_fd5c8a,BlaCot_572e,1,2200.0,2200.0
9019,ORIT_0cbe45,ORD_0cbe45,MatSpr_28ce,1,6000.0,6000.0
9020,ORIT_496fec,ORD_496fec,BolPol_f3ad,1,220.0,220.0
9021,ORIT_3d591e,ORD_3d591e,BedLin_18f8,2,2000.0,4000.0
9022,ORIT_f9068b,ORD_f9068b,MatFoa_e09a,1,5500.0,5500.0
9023,ORIT_dbe9b9,ORD_dbe9b9,PilPol_3076,1,180.0,180.0
9024,ORIT_d63eed,ORD_d63eed,BlaCot_ce6c,3,2000.0,6000.0
9025,ORIT_372c6e,ORD_372c6e,BedCot_2397,3,1500.0,4500.0
9026,ORIT_8ecae1,ORD_8ecae1,BedPol_e8c9,3,400.0,1200.0
9027,ORIT_91265b,ORD_91265b,MatPoc_f6cb,2,17500.0,35000.0
9028,ORIT_1137bb,ORD_1137bb,BedPol_5ab8,3,600.0,1800.0
9029,ORIT_d1ab9d,ORD_d1ab9d,BolPol_cfd7,3,220.0,660.0
9030,ORIT_b89710,ORD_b89710,BolPol_cfd7,4,220.0,880.0
9031,ORIT_1de801,ORD_1de801,MatSpr_06ac,3,4000.0,12000.0
9032,ORIT_dfd64f,ORD_dfd64f,MatSpr_ba3a,2,8000.0,16000.0
9033,ORIT_332c42,ORD_332c42,MatPoc_f6cb,4,17500.0,70000.0
9034,ORIT_f9529d,ORD_f9529d,BedCot_87ca,4,1200.0,4800.0
9035,ORIT_62777a,ORD_62777a,MatPoc_f6cb,4,17500.0,70000.0
9036,ORIT_f1f85f,ORD_f1f85f,MatSpr_28ce,2,6000.0,12000.0
9037,ORIT_7d9c1e,ORD_7d9c1e,BedCot_17f5,4,1500.0,6000.0
9038,ORIT_242c4e,ORD_242c4e,BedCot_87ca,1,1200.0,1200.0
9039,ORIT_1d2bd1,ORD_1d2bd1,MatSpr_acd0,1,8000.0,8000.0
9040,ORIT_cac0e8,ORD_cac0e8,PilFea_115c,2,650.0,1300.0
9041,ORIT_ee5e16,ORD_ee5e16,BedCot_6141,3,800.0,2400.0
9042,ORIT_210c22,ORD_210c22,BedCot_17f5,2,1500.0,3000.0
9043,ORIT_ce7bf6,ORD_ce7bf6,PilCot_f078,1,250.0,250.0
9044,ORIT_714392,ORD_714392,PilPol_3076,1,180.0,180.0
9045,ORIT_8ee5d1,ORD_8ee5d1,BedCot_2449,2,800.0,1600.0
9046,ORIT_71b690,ORD_71b690,BolPol_f3ad,1,220.0,220.0
9047,ORIT_820082,ORD_820082,MatPoc_2df5,1,17500.0,17500.0
9048,ORIT_dfadc6,ORD_dfadc6,BedCot_4a29,1,800.0,800.0
9049,ORIT_9dd5af,ORD_9dd5af,BedPol_5ab8,1,600.0,600.0
9050,ORIT_84ccc6,ORD_84ccc6,PilPol_a442,2,180.0,360.0
9051,ORIT_8736e7,ORD_8736e7,BedCot_17f5,3,1500.0,4500.0
9052,ORIT_d5a6ea,ORD_d5a6ea,MatSpr_ccc4,1,6000.0,6000.0
9053,ORIT_c1df61,ORD_c1df61,BolPol_f3ad,1,220.0,220.0
9054,ORIT_92ae52,ORD_92ae52,MatSpr_28ce,1,6000.0,6000.0
9055,ORIT_d5ec6d,ORD_d5ec6d,MatSpr_06ac,1,4000.0,4000.0
9056,ORIT_0d7b45,ORD_0d7b45,BlaFle_33f0,2,700.0,1400.0
9057,ORIT_2e5781,ORD_2e5781,MatPoc_2df5,1,17500.0,17500.0
9058,ORIT_a8c2d1,ORD_a8c2d1,BolPol_82d7,1,220.0,220.0
9059,ORIT_222188,ORD_222188,MatSpr_56a3,3,4000.0,12000.0
9060,ORIT_2c0ef0,ORD_2c0ef0,BedLin_8a26,1,3800.0,3800.0
9061,ORIT_12c0f2,ORD_12c0f2,BolCot_21df,1,300.0,300.0
9062,ORIT_05e19f,ORD_05e19f,BedCot_4e8b,1,1500.0,1500.0
9063,ORIT_a5103c,ORD_a5103c,BolPol_cfd7,1,220.0,220.0
9064,ORIT_b8c645,ORD_b8c645,MatFoa_182e,1,5500.0,5500.0
9065,ORIT_ee5b41,ORD_ee5b41,MatPoc_f6cb,1,17500.0,17500.0
9066,ORIT_f1b771,ORD_f1b771,BlaFle_9bda,2,700.0,1400.0
9067,ORIT_4f2dc1,ORD_4f2dc1,MatSpr_ccc4,1,6000.0,6000.0
9068,ORIT_44411b,ORD_44411b,MatPoc_2df5,1,17500.0,17500.0
9069,ORIT_1953f4,ORD_1953f4,PilPol_662f,1,180.0,180.0
9070,ORIT_4240fc,ORD_4240fc,PilFea_56ac,3,650.0,1950.0
9071,ORIT_fd7105,ORD_fd7105,BlaFle_7daf,2,600.0,1200.0
9072,ORIT_d9feb9,ORD_d9feb9,MatSpr_ccc4,1,6000.0,6000.0
9073,ORIT_f37506,ORD_f37506,PilPol_a442,1,180.0,180.0
9074,ORIT_6cb903,ORD_6cb903,MatSpr_28ce,2,6000.0,12000.0
9075,ORIT_9ab42f,ORD_9ab42f,MatSpr_56a3,2,4000.0,8000.0
9076,ORIT_49677c,ORD_49677c,MatSpr_acd0,1,8000.0,8000.0
9077,ORIT_1b31ee,ORD_1b31ee,BedCot_17f5,1,1500.0,1500.0
9078,ORIT_76ff2c,ORD_76ff2c,BlaCot_572e,3,2200.0,6600.0
9079,ORIT_15df0d,ORD_15df0d,MatSpr_ccc4,1,6000.0,6000.0
9080,ORIT_7be913,ORD_7be913,PilFea_8a5d,3,650.0,1950.0
9081,ORIT_16cc0a,ORD_16cc0a,MatPoc_2df5,1,17500.0,17500.0
9082,ORIT_2e9c13,ORD_2e9c13,MatFoa_8cd2,1,3500.0,3500.0
9083,ORIT_8006f8,ORD_8006f8,MatSpr_acd0,1,8000.0,8000.0
9084,ORIT_356d82,ORD_356d82,BolCot_21df,2,300.0,600.0
9085,ORIT_4c3f4a,ORD_4c3f4a,MatSpr_acd0,1,8000.0,8000.0
9086,ORIT_be595c,ORD_be595c,MatPoc_f6cb,2,17500.0,35000.0
9087,ORIT_d3fcaf,ORD_d3fcaf,PilFea_115c,2,650.0,1300.0
9088,ORIT_c07e79,ORD_c07e79,BedCot_2397,2,1500.0,3000.0
9089,ORIT_319264,ORD_319264,MatPoc_f6cb,1,17500.0,17500.0
9090,ORIT_7df50f,ORD_7df50f,BlaCot_503c,1,2000.0,2000.0
9091,ORIT_ac7d44,ORD_ac7d44,MatPoc_6ee7,1,13000.0,13000.0
9092,ORIT_d3d636,ORD_d3d636,PilPol_a442,3,180.0,540.0
9093,ORIT_7ee9af,ORD_7ee9af,MatPoc_2df5,1,17500.0,17500.0
9094,ORIT_fd7b90,ORD_fd7b90,MatSpr_ccc4,1,6000.0,6000.0
9095,ORIT_7fe27a,ORD_7fe27a,MatSpr_ccc4,1,6000.0,6000.0
9096,ORIT_a00465,ORD_a00465,MatPoc_2df5,1,17500.0,17500.0
9097,ORIT_61b7fe,ORD_61b7fe,MatSpr_ba3a,1,8000.0,8000.0
9098,ORIT_5be066,ORD_5be066,BolCot_21df,1,300.0,300.0
9099,ORIT_8f2a35,ORD_8f2a35,MatSpr_28ce,1,6000.0,6000.0
9100,ORIT_172aa8,ORD_172aa8,BedCot_4e8b,1,1500.0,1500.0
9101,ORIT_775d4f,ORD_775d4f,MatFoa_28ad,3,7500.0,22500.0
9102,ORIT_27e897,ORD_27e897,MatPoc_f6cb,1,17500.0,17500.0
9103,ORIT_f56e64,ORD_f56e64,PilPol_a442,2,180.0,360.0
9104,ORIT_5885aa,ORD_5885aa,MatSpr_ccc4,1,6000.0,6000.0
9105,ORIT_7b492d,ORD_7b492d,PilCot_f078,1,250.0,250.0
9106,ORIT_c1e394,ORD_c1e394,MatSpr_28ce,1,6000.0,6000.0
9107,ORIT_0e5bb8,ORD_0e5bb8,MatSpr_acd0,1,8000.0,8000.0
9108,ORIT_de7b16,ORD_de7b16,BlaFle_1485,1,300.0,300.0
9109,ORIT_7c3945,ORD_7c3945,PilFea_56ac,1,650.0,650.0
9110,ORIT_d5c304,ORD_d5c304,BedCot_17f5,2,1500.0,3000.0
9111,ORIT_4c9621,ORD_4c9621,BedLin_5d3d,1,4200.0,4200.0
9112,ORIT_41c3b0,ORD_41c3b0,MatSpr_06ac,1,4000.0,4000.0
9113,ORIT_8b134d,ORD_8b134d,MatFoa_182e,2,5500.0,11000.0
9114,ORIT_4bc37b,ORD_4bc37b,BedLin_5d3d,1,4200.0,4200.0
9115,ORIT_70e195,ORD_70e195,PilFea_56ac,1,650.0,650.0
9116,ORIT_2a79c0,ORD_2a79c0,MatSpr_28ce,1,6000.0,6000.0
9117,ORIT_3c12bc,ORD_3c12bc,BedPol_239e,1,600.0,600.0
9118,ORIT_1c70cd,ORD_1c70cd,MatSpr_ccc4,1,6000.0,6000.0
9119,ORIT_261634,ORD_261634,MatSpr_28ce,1,6000.0,6000.0
9120,ORIT_0f7638,ORD_0f7638,BolPol_f3ad,1,220.0,220.0
9121,ORIT_9101f5,ORD_9101f5,MatPoc_2df5,1,17500.0,17500.0
9122,ORIT_58ff61,ORD_58ff61,MatSpr_56a3,1,4000.0,4000.0
9123,ORIT_3a7a7d,ORD_3a7a7d,MatSpr_06ac,2,4000.0,8000.0
9124,ORIT_8e2738,ORD_8e2738,BolPol_f3ad,1,220.0,220.0
9125,ORIT_6ba85a,ORD_6ba85a,PilFea_56ac,3,650.0,1950.0
9126,ORIT_1802b3,ORD_1802b3,MatFoa_182e,1,5500.0,5500.0
9127,ORIT_c773c5,ORD_c773c5,MatSpr_ccc4,1,6000.0,6000.0
9128,ORIT_6ee56f,ORD_6ee56f,BolCot_21df,1,300.0,300.0
9129,ORIT_bbaba0,ORD_bbaba0,MatSpr_ba3a,1,8000.0,8000.0
9130,ORIT_49c5b8,ORD_49c5b8,MatSpr_ccc4,1,6000.0,6000.0
9131,ORIT_5a2cd0,ORD_5a2cd0,MatPoc_45de,1,13000.0,13000.0
9132,ORIT_0bf430,ORD_0bf430,PilPol_662f,1,180.0,180.0
9133,ORIT_d6485e,ORD_d6485e,MatFoa_4414,1,3500.0,3500.0
9134,ORIT_d2671d,ORD_d2671d,BedPol_2724,1,400.0,400.0
9135,ORIT_549d0e,ORD_549d0e,MatPoc_f6cb,1,17500.0,17500.0
9136,ORIT_5ba2a5,ORD_5ba2a5,PilPol_662f,1,180.0,180.0
9137,ORIT_144e74,ORD_144e74,PilFea_8a5d,2,650.0,1300.0
9138,ORIT_1cfbd7,ORD_1cfbd7,BedCot_6141,2,800.0,1600.0
9139,ORIT_882240,ORD_882240,BolCot_21df,1,300.0,300.0
9140,ORIT_bd06e7,ORD_bd06e7,MatSpr_28ce,1,6000.0,6000.0
9141,ORIT_a893fa,ORD_a893fa,BlaCot_ce6c,1,2000.0,2000.0
9142,ORIT_dd6f59,ORD_dd6f59,PilFea_115c,1,650.0,650.0
9143,ORIT_cfa836,ORD_cfa836,BedLin_8a26,2,3800.0,7600.0
9144,ORIT_9664ec,ORD_9664ec,BedPol_5ab8,2,600.0,1200.0
9145,ORIT_ff0893,ORD_ff0893,MatSpr_acd0,1,8000.0,8000.0
9146,ORIT_91ab25,ORD_91ab25,PilFea_56ac,3,650.0,1950.0
9147,ORIT_ca0600,ORD_ca0600,BedCot_2449,2,800.0,1600.0
9148,ORIT_4a2598,ORD_4a2598,BedCot_4a29,3,800.0,2400.0
9149,ORIT_01b015,ORD_01b015,BolPol_f3ad,2,220.0,440.0
9150,ORIT_ba9d08,ORD_ba9d08,BedCot_2397,1,1500.0,1500.0
9151,ORIT_866e2d,ORD_866e2d,BolPol_cfd7,3,220.0,660.0
9152,ORIT_99f0ed,ORD_99f0ed,MatSpr_28ce,4,6000.0,24000.0
9153,ORIT_401203,ORD_401203,BolCot_21df,4,300.0,1200.0
9154,ORIT_edb098,ORD_edb098,PilFea_8a5d,1,650.0,650.0
9155,ORIT_fecc68,ORD_fecc68,MatPoc_2df5,1,17500.0,17500.0
9156,ORIT_44e34a,ORD_44e34a,PilPol_3076,1,180.0,180.0
9157,ORIT_8cd128,ORD_8cd128,MatFoa_28ad,2,7500.0,15000.0
9158,ORIT_0129dd,ORD_0129dd,MatSpr_acd0,1,8000.0,8000.0
9159,ORIT_92caf4,ORD_92caf4,BedCot_87ca,1,1200.0,1200.0
9160,ORIT_280fe8,ORD_280fe8,MatSpr_acd0,1,8000.0,8000.0
9161,ORIT_b23c64,ORD_b23c64,MatSpr_06ac,4,4000.0,16000.0
9162,ORIT_51018d,ORD_51018d,BedCot_6141,3,800.0,2400.0
9163,ORIT_d792ae,ORD_d792ae,PilPol_a442,1,180.0,180.0
9164,ORIT_f6b634,ORD_f6b634,MatPoc_2df5,2,17500.0,35000.0
9165,ORIT_07bcb3,ORD_07bcb3,BlaFle_33f0,1,700.0,700.0
9166,ORIT_098dc6,ORD_098dc6,MatSpr_ba3a,1,8000.0,8000.0
9167,ORIT_716c33,ORD_716c33,MatPoc_f6cb,1,17500.0,17500.0
9168,ORIT_c92c80,ORD_c92c80,MatSpr_ba3a,3,8000.0,24000.0
9169,ORIT_f864a7,ORD_f864a7,MatPoc_6ee7,4,13000.0,52000.0
9170,ORIT_1ab2a0,ORD_1ab2a0,MatSpr_56a3,1,4000.0,4000.0
9171,ORIT_4f5456,ORD_4f5456,MatFoa_13fa,1,7500.0,7500.0
9172,ORIT_c617d5,ORD_c617d5,MatSpr_28ce,2,6000.0,12000.0
9173,ORIT_c0885e,ORD_c0885e,BedCot_2397,2,1500.0,3000.0
9174,ORIT_e8c12c,ORD_e8c12c,BedPol_e207,1,400.0,400.0
9175,ORIT_770587,ORD_770587,MatSpr_ba3a,2,8000.0,16000.0
9176,ORIT_942d0c,ORD_942d0c,BlaFla_5f55,1,1200.0,1200.0
9177,ORIT_eb49b4,ORD_eb49b4,MatSpr_28ce,1,6000.0,6000.0
9178,ORIT_1411f8,ORD_1411f8,MatSpr_ccc4,1,6000.0,6000.0
9179,ORIT_903b72,ORD_903b72,PilPol_a442,1,180.0,180.0
9180,ORIT_c7aac2,ORD_c7aac2,BedCot_2397,1,1500.0,1500.0
9181,ORIT_04b98d,ORD_04b98d,MatPoc_2df5,1,17500.0,17500.0
9182,ORIT_865da7,ORD_865da7,PilPol_a442,1,180.0,180.0
9183,ORIT_cd01db,ORD_cd01db,BedPol_5144,1,600.0,600.0
9184,ORIT_c74ab9,ORD_c74ab9,BedLin_b097,4,3800.0,15200.0
9185,ORIT_f54b4f,ORD_f54b4f,MatSpr_28ce,2,6000.0,12000.0
9186,ORIT_e27460,ORD_e27460,BolPol_cfd7,1,220.0,220.0
9187,ORIT_75c4c3,ORD_75c4c3,PilFea_56ac,1,650.0,650.0
9188,ORIT_965031,ORD_965031,BolPol_cfd7,3,220.0,660.0
9189,ORIT_b310a6,ORD_b310a6,MatSpr_acd0,1,8000.0,8000.0
9190,ORIT_6dcff1,ORD_6dcff1,MatPoc_f6cb,1,17500.0,17500.0
9191,ORIT_229648,ORD_229648,MatSpr_acd0,2,8000.0,16000.0
9192,ORIT_b97e9c,ORD_b97e9c,BlaFle_9bda,1,700.0,700.0
9193,ORIT_a3c7c1,ORD_a3c7c1,MatPoc_27a0,3,8500.0,25500.0
9194,ORIT_1afc0d,ORD_1afc0d,PilPol_662f,1,180.0,180.0
9195,ORIT_9e3fe6,ORD_9e3fe6,MatSpr_56a3,3,4000.0,12000.0
9196,ORIT_60d31b,ORD_60d31b,BolPol_f3ad,1,220.0,220.0
9197,ORIT_fff267,ORD_fff267,BedCot_87ca,1,1200.0,1200.0
9198,ORIT_c6772d,ORD_c6772d,MatSpr_06ac,1,4000.0,4000.0
9199,ORIT_3950b2,ORD_3950b2,BedPol_e207,1,400.0,400.0
9200,ORIT_40211a,ORD_40211a,MatSpr_06ac,1,4000.0,4000.0
9201,ORIT_de862d,ORD_de862d,BedCot_4e8b,1,1500.0,1500.0
9202,ORIT_4d6ba3,ORD_4d6ba3,MatSpr_56a3,1,4000.0,4000.0
9203,ORIT_693280,ORD_693280,MatFoa_e09a,1,5500.0,5500.0
9204,ORIT_de951e,ORD_de951e,PilPol_662f,1,180.0,180.0
9205,ORIT_63db13,ORD_63db13,BolPol_82d7,2,220.0,440.0
9206,ORIT_c5aeba,ORD_c5aeba,MatFoa_8cd2,3,3500.0,10500.0
9207,ORIT_70365e,ORD_70365e,MatPoc_45de,1,13000.0,13000.0
9208,ORIT_d275ee,ORD_d275ee,BedCot_2397,1,1500.0,1500.0
9209,ORIT_68f2de,ORD_68f2de,BolPol_82d7,3,220.0,660.0
9210,ORIT_1b5714,ORD_1b5714,MatPoc_f6cb,3,17500.0,52500.0
9211,ORIT_399d00,ORD_399d00,MatPoc_f6cb,4,17500.0,70000.0
9212,ORIT_5c413d,ORD_5c413d,MatSpr_ba3a,3,8000.0,24000.0
9213,ORIT_73c25b,ORD_73c25b,MatSpr_56a3,4,4000.0,16000.0
9214,ORIT_153bfc,ORD_153bfc,PilFea_8a5d,4,650.0,2600.0
9215,ORIT_c1fc67,ORD_c1fc67,PilFea_115c,3,650.0,1950.0
9216,ORIT_ed8fba,ORD_ed8fba,BolPol_cfd7,3,220.0,660.0
9217,ORIT_834f85,ORD_834f85,MatSpr_28ce,1,6000.0,6000.0
9218,ORIT_004246,ORD_004246,MatSpr_28ce,1,6000.0,6000.0
9219,ORIT_d44200,ORD_d44200,BolPol_82d7,1,220.0,220.0
9220,ORIT_284aab,ORD_284aab,MatSpr_28ce,1,6000.0,6000.0
9221,ORIT_0f13d8,ORD_0f13d8,PilPol_662f,1,180.0,180.0
9222,ORIT_d1895b,ORD_d1895b,BolPol_cfd7,1,220.0,220.0
9223,ORIT_a89de5,ORD_a89de5,MatPoc_2df5,1,17500.0,17500.0
9224,ORIT_8ef4d2,ORD_8ef4d2,BedCot_2397,1,1500.0,1500.0
9225,ORIT_13c8ab,ORD_13c8ab,BedCot_6141,1,800.0,800.0
9226,ORIT_d450a7,ORD_d450a7,BedCot_c645,1,1200.0,1200.0
9227,ORIT_e98265,ORD_e98265,MatPoc_2df5,2,17500.0,35000.0
9228,ORIT_c76fbd,ORD_c76fbd,PilPol_3076,1,180.0,180.0
9229,ORIT_edffe1,ORD_edffe1,MatPoc_6ee7,3,13000.0,39000.0
9230,ORIT_a6d373,ORD_a6d373,PilPol_662f,3,180.0,540.0
9231,ORIT_a1ec26,ORD_a1ec26,PilPol_3076,2,180.0,360.0
9232,ORIT_44a792,ORD_44a792,MatSpr_28ce,4,6000.0,24000.0
9233,ORIT_dbdbcd,ORD_dbdbcd,MatPoc_1e64,3,8500.0,25500.0
9234,ORIT_2f6415,ORD_2f6415,MatPoc_45de,4,13000.0,52000.0
9235,ORIT_34717a,ORD_34717a,BedPol_2724,3,400.0,1200.0
9236,ORIT_865355,ORD_865355,PilPol_662f,3,180.0,540.0
9237,ORIT_947bbe,ORD_947bbe,MatSpr_ba3a,4,8000.0,32000.0
9238,ORIT_dbc674,ORD_dbc674,BedPol_f406,3,500.0,1500.0
9239,ORIT_b607f2,ORD_b607f2,BedPol_2724,4,400.0,1600.0
9240,ORIT_6da0c3,ORD_6da0c3,MatPoc_2df5,4,17500.0,70000.0
9241,ORIT_4be0c3,ORD_4be0c3,MatSpr_ba3a,4,8000.0,32000.0
9242,ORIT_69889f,ORD_69889f,BlaFle_33f0,4,700.0,2800.0
9243,ORIT_b302a0,ORD_b302a0,MatPoc_f6cb,4,17500.0,70000.0
9244,ORIT_87fd31,ORD_87fd31,BedPol_2724,1,400.0,400.0
9245,ORIT_c142bd,ORD_c142bd,BolCot_3050,1,300.0,300.0
9246,ORIT_a6305a,ORD_a6305a,MatPoc_6ee7,1,13000.0,13000.0
9247,ORIT_d66664,ORD_d66664,BedCot_2449,2,800.0,1600.0
9248,ORIT_d15996,ORD_d15996,MatPoc_6ee7,1,13000.0,13000.0
9249,ORIT_8a09b2,ORD_8a09b2,BedCot_2397,1,1500.0,1500.0
9250,ORIT_01388a,ORD_01388a,BedPol_f406,4,500.0,2000.0
9251,ORIT_d2dc7e,ORD_d2dc7e,PilPol_662f,2,180.0,360.0
9252,ORIT_f35a66,ORD_f35a66,MatPoc_6ee7,1,13000.0,13000.0
9253,ORIT_e62c99,ORD_e62c99,MatPoc_2df5,1,17500.0,17500.0
9254,ORIT_528e76,ORD_528e76,BlaFle_394c,3,600.0,1800.0
9255,ORIT_a01985,ORD_a01985,BedCot_17f5,2,1500.0,3000.0
9256,ORIT_7dd564,ORD_7dd564,BedCot_2449,1,800.0,800.0
9257,ORIT_712cd0,ORD_712cd0,MatSpr_56a3,1,4000.0,4000.0
9258,ORIT_b039dd,ORD_b039dd,BedLin_8a26,1,3800.0,3800.0
9259,ORIT_e07522,ORD_e07522,BlaFle_394c,1,600.0,600.0
9260,ORIT_42c433,ORD_42c433,BlaFle_5881,1,700.0,700.0
9261,ORIT_dd7f22,ORD_dd7f22,BedCot_4a29,1,800.0,800.0
9262,ORIT_950fb2,ORD_950fb2,BolPol_cfd7,1,220.0,220.0
9263,ORIT_459992,ORD_459992,MatSpr_ba3a,4,8000.0,32000.0
9264,ORIT_31a29a,ORD_31a29a,BlaFle_991d,1,300.0,300.0
9265,ORIT_4f9ddf,ORD_4f9ddf,BedLin_67d1,1,3800.0,3800.0
9266,ORIT_193ad5,ORD_193ad5,MatPoc_2df5,3,17500.0,52500.0
9267,ORIT_888fd7,ORD_888fd7,MatSpr_06ac,1,4000.0,4000.0
9268,ORIT_e5841a,ORD_e5841a,BlaCot_572e,1,2200.0,2200.0
9269,ORIT_388c3e,ORD_388c3e,MatSpr_28ce,3,6000.0,18000.0
9270,ORIT_a80bc8,ORD_a80bc8,BedPol_e207,1,400.0,400.0
9271,ORIT_8c876c,ORD_8c876c,BedCot_4a29,1,800.0,800.0
9272,ORIT_76b8ee,ORD_76b8ee,BolPol_cfd7,2,220.0,440.0
9273,ORIT_ca00a2,ORD_ca00a2,BolPol_cfd7,1,220.0,220.0
9274,ORIT_8dd962,ORD_8dd962,BolPol_f3ad,1,220.0,220.0
9275,ORIT_d956f8,ORD_d956f8,BedLin_5d3d,1,4200.0,4200.0
9276,ORIT_3836d3,ORD_3836d3,BlaCot_503c,1,2000.0,2000.0
9277,ORIT_5dfc53,ORD_5dfc53,MatSpr_28ce,1,6000.0,6000.0
9278,ORIT_7ff049,ORD_7ff049,BedLin_67d1,4,3800.0,15200.0
9279,ORIT_739f63,ORD_739f63,MatSpr_06ac,4,4000.0,16000.0
9280,ORIT_991779,ORD_991779,PilPol_662f,1,180.0,180.0
9281,ORIT_e99271,ORD_e99271,MatFoa_4414,1,3500.0,3500.0
9282,ORIT_11614b,ORD_11614b,BedCot_c645,1,1200.0,1200.0
9283,ORIT_394cfd,ORD_394cfd,PilPol_a442,1,180.0,180.0
9284,ORIT_183af6,ORD_183af6,PilCot_f078,2,250.0,500.0
9285,ORIT_ad0c9e,ORD_ad0c9e,BedPol_5ab8,1,600.0,600.0
9286,ORIT_7c9a39,ORD_7c9a39,BedCot_4a29,2,800.0,1600.0
9287,ORIT_eae528,ORD_eae528,BedCot_2449,1,800.0,800.0
9288,ORIT_486284,ORD_486284,BedCot_17f5,1,1500.0,1500.0
9289,ORIT_5515dc,ORD_5515dc,BedCot_2397,1,1500.0,1500.0
9290,ORIT_5b0771,ORD_5b0771,PilPol_a442,3,180.0,540.0
9291,ORIT_75cb15,ORD_75cb15,BolPol_f3ad,2,220.0,440.0
9292,ORIT_c63978,ORD_c63978,MatPoc_45de,1,13000.0,13000.0
9293,ORIT_b8cb95,ORD_b8cb95,BolPol_f3ad,1,220.0,220.0
9294,ORIT_c9d69e,ORD_c9d69e,MatFoa_e09a,1,5500.0,5500.0
9295,ORIT_254157,ORD_254157,BedPol_5ab8,1,600.0,600.0
9296,ORIT_b71c49,ORD_b71c49,MatSpr_ccc4,1,6000.0,6000.0
9297,ORIT_837747,ORD_837747,BedCot_6141,1,800.0,800.0
9298,ORIT_0540bc,ORD_0540bc,BedCot_d278,1,1200.0,1200.0
9299,ORIT_06dc40,ORD_06dc40,MatSpr_ccc4,2,6000.0,12000.0
9300,ORIT_73e829,ORD_73e829,MatSpr_ccc4,3,6000.0,18000.0
9301,ORIT_094530,ORD_094530,PilPol_3076,1,180.0,180.0
9302,ORIT_c4aa87,ORD_c4aa87,MatFoa_182e,4,5500.0,22000.0
9303,ORIT_e0df02,ORD_e0df02,MatSpr_56a3,1,4000.0,4000.0
9304,ORIT_6b8e28,ORD_6b8e28,MatSpr_acd0,1,8000.0,8000.0
9305,ORIT_5038f8,ORD_5038f8,MatPoc_f6cb,3,17500.0,52500.0
9306,ORIT_db8560,ORD_db8560,MatSpr_06ac,3,4000.0,12000.0
9307,ORIT_67f3cd,ORD_67f3cd,BedLin_d846,1,2000.0,2000.0
9308,ORIT_049cf2,ORD_049cf2,BolPol_cfd7,1,220.0,220.0
9309,ORIT_85d0e7,ORD_85d0e7,MatFoa_e09a,1,5500.0,5500.0
9310,ORIT_8016de,ORD_8016de,MatSpr_ba3a,1,8000.0,8000.0
9311,ORIT_990029,ORD_990029,BedCot_17f5,4,1500.0,6000.0
9312,ORIT_f311bd,ORD_f311bd,MatSpr_28ce,4,6000.0,24000.0
9313,ORIT_765787,ORD_765787,MatPoc_27a0,3,8500.0,25500.0
9314,ORIT_a33173,ORD_a33173,BedCot_6141,3,800.0,2400.0
9315,ORIT_f82bde,ORD_f82bde,MatPoc_f6cb,3,17500.0,52500.0
9316,ORIT_54cc73,ORD_54cc73,MatFoa_182e,4,5500.0,22000.0
9317,ORIT_77d477,ORD_77d477,PilFea_56ac,3,650.0,1950.0
9318,ORIT_cd7fef,ORD_cd7fef,MatSpr_ba3a,3,8000.0,24000.0
9319,ORIT_e3928a,ORD_e3928a,PilPol_a442,4,180.0,720.0
9320,ORIT_f28447,ORD_f28447,BolPol_82d7,1,220.0,220.0
9321,ORIT_0da897,ORD_0da897,MatPoc_f6cb,1,17500.0,17500.0
9322,ORIT_9bbe44,ORD_9bbe44,MatSpr_06ac,2,4000.0,8000.0
9323,ORIT_af82df,ORD_af82df,PilPol_662f,1,180.0,180.0
9324,ORIT_de9125,ORD_de9125,BedCot_2397,1,1500.0,1500.0
9325,ORIT_44d435,ORD_44d435,MatSpr_56a3,1,4000.0,4000.0
9326,ORIT_602de6,ORD_602de6,MatPoc_2df5,2,17500.0,35000.0
9327,ORIT_eea78b,ORD_eea78b,BlaFle_5881,2,700.0,1400.0
9328,ORIT_9d56cd,ORD_9d56cd,MatFoa_4414,2,3500.0,7000.0
9329,ORIT_14a37a,ORD_14a37a,MatSpr_28ce,1,6000.0,6000.0
9330,ORIT_264b00,ORD_264b00,BedCot_2397,2,1500.0,3000.0
9331,ORIT_0ed6d3,ORD_0ed6d3,BedCot_2449,1,800.0,800.0
9332,ORIT_f8878e,ORD_f8878e,PilPol_3076,1,180.0,180.0
9333,ORIT_cd3c1a,ORD_cd3c1a,BedCot_2397,1,1500.0,1500.0
9334,ORIT_8406b0,ORD_8406b0,MatSpr_acd0,1,8000.0,8000.0
9335,ORIT_c70e78,ORD_c70e78,PilPol_a442,3,180.0,540.0
9336,ORIT_12239c,ORD_12239c,MatPoc_6ee7,1,13000.0,13000.0
9337,ORIT_0b0b8a,ORD_0b0b8a,BolPol_82d7,1,220.0,220.0
9338,ORIT_280077,ORD_280077,BedPol_239e,1,600.0,600.0
9339,ORIT_9c8dcf,ORD_9c8dcf,BedCot_2449,1,800.0,800.0
9340,ORIT_5ae779,ORD_5ae779,BedLin_aa0f,1,4200.0,4200.0
9341,ORIT_d158fd,ORD_d158fd,BedCot_17f5,1,1500.0,1500.0
9342,ORIT_1bf96f,ORD_1bf96f,MatPoc_2df5,1,17500.0,17500.0
9343,ORIT_f45ecb,ORD_f45ecb,MatSpr_28ce,2,6000.0,12000.0
9344,ORIT_db82eb,ORD_db82eb,BedCot_2397,2,1500.0,3000.0
9345,ORIT_8dda0e,ORD_8dda0e,MatPoc_2df5,2,17500.0,35000.0
9346,ORIT_adcd13,ORD_adcd13,MatPoc_6ee7,2,13000.0,26000.0
9347,ORIT_607057,ORD_607057,BedCot_4e8b,4,1500.0,6000.0
9348,ORIT_ce5415,ORD_ce5415,BedCot_2449,4,800.0,3200.0
9349,ORIT_2901ad,ORD_2901ad,MatPoc_f6cb,2,17500.0,35000.0
9350,ORIT_6e880d,ORD_6e880d,MatFoa_8cd2,3,3500.0,10500.0
9351,ORIT_5d699b,ORD_5d699b,BedCot_4a29,4,800.0,3200.0
9352,ORIT_5a9a69,ORD_5a9a69,MatFoa_182e,4,5500.0,22000.0
9353,ORIT_d40382,ORD_d40382,BedCot_4a29,4,800.0,3200.0
9354,ORIT_368fd9,ORD_368fd9,MatSpr_28ce,2,6000.0,12000.0
9355,ORIT_c8d55d,ORD_c8d55d,BlaFle_9bda,1,700.0,700.0
9356,ORIT_1b0838,ORD_1b0838,MatPoc_2df5,3,17500.0,52500.0
9357,ORIT_2693fc,ORD_2693fc,BedCot_c645,1,1200.0,1200.0
9358,ORIT_c584c3,ORD_c584c3,MatSpr_ba3a,1,8000.0,8000.0
9359,ORIT_32a3dd,ORD_32a3dd,MatPoc_f6cb,1,17500.0,17500.0
9360,ORIT_8d36e5,ORD_8d36e5,MatPoc_45de,2,13000.0,26000.0
9361,ORIT_f3499f,ORD_f3499f,MatSpr_ccc4,1,6000.0,6000.0
9362,ORIT_5094b2,ORD_5094b2,MatSpr_ba3a,2,8000.0,16000.0
9363,ORIT_3a7ebf,ORD_3a7ebf,PilPol_3076,1,180.0,180.0
9364,ORIT_9efb50,ORD_9efb50,BedCot_c645,2,1200.0,2400.0
9365,ORIT_302592,ORD_302592,BedCot_4e8b,1,1500.0,1500.0
9366,ORIT_dd83f6,ORD_dd83f6,MatSpr_28ce,1,6000.0,6000.0
9367,ORIT_55d36a,ORD_55d36a,MatSpr_56a3,1,4000.0,4000.0
9368,ORIT_395dba,ORD_395dba,BedCot_2397,1,1500.0,1500.0
9369,ORIT_8ef008,ORD_8ef008,BolPol_82d7,1,220.0,220.0
9370,ORIT_17d22b,ORD_17d22b,PilPol_3076,1,180.0,180.0
9371,ORIT_6a31dd,ORD_6a31dd,MatPoc_6ee7,1,13000.0,13000.0
9372,ORIT_ada418,ORD_ada418,MatFoa_4414,1,3500.0,3500.0
9373,ORIT_660e6b,ORD_660e6b,BedCot_4a29,1,800.0,800.0
9374,ORIT_ff0b17,ORD_ff0b17,PilPol_662f,1,180.0,180.0
9375,ORIT_cfc68e,ORD_cfc68e,BedCot_4e8b,1,1500.0,1500.0
9376,ORIT_d57b81,ORD_d57b81,BedCot_2397,1,1500.0,1500.0
9377,ORIT_10fd20,ORD_10fd20,BlaFla_1d9c,1,1000.0,1000.0
9378,ORIT_d3bf90,ORD_d3bf90,MatPoc_45de,1,13000.0,13000.0
9379,ORIT_811c90,ORD_811c90,BlaFle_5881,3,700.0,2100.0
9380,ORIT_9726dd,ORD_9726dd,BedCot_4e8b,3,1500.0,4500.0
9381,ORIT_5fb39a,ORD_5fb39a,MatFoa_182e,1,5500.0,5500.0
9382,ORIT_a6c5b8,ORD_a6c5b8,PilCot_3481,1,250.0,250.0
9383,ORIT_550785,ORD_550785,BolCot_3050,3,300.0,900.0
9384,ORIT_be4ffc,ORD_be4ffc,MatPoc_45de,3,13000.0,39000.0
9385,ORIT_46212e,ORD_46212e,BedCot_4a29,4,800.0,3200.0
9386,ORIT_20500d,ORD_20500d,BedPol_239e,2,600.0,1200.0
9387,ORIT_3841ec,ORD_3841ec,MatSpr_28ce,1,6000.0,6000.0
9388,ORIT_e2dfc5,ORD_e2dfc5,MatPoc_2df5,1,17500.0,17500.0
9389,ORIT_441c00,ORD_441c00,MatPoc_27a0,1,8500.0,8500.0
9390,ORIT_7ea5ce,ORD_7ea5ce,MatPoc_45de,1,13000.0,13000.0
9391,ORIT_a5c42a,ORD_a5c42a,BedPol_239e,2,600.0,1200.0
9392,ORIT_c59e94,ORD_c59e94,MatSpr_56a3,1,4000.0,4000.0
9393,ORIT_72885c,ORD_72885c,BedPol_d3de,2,500.0,1000.0
9394,ORIT_eee52d,ORD_eee52d,BedCot_17f5,1,1500.0,1500.0
9395,ORIT_311233,ORD_311233,PilFea_115c,1,650.0,650.0
9396,ORIT_72c1de,ORD_72c1de,MatFoa_182e,1,5500.0,5500.0
9397,ORIT_6ef6c4,ORD_6ef6c4,BedCot_c645,2,1200.0,2400.0
9398,ORIT_5106ea,ORD_5106ea,BedPol_f406,3,500.0,1500.0
9399,ORIT_d1d691,ORD_d1d691,BlaFle_991d,2,300.0,600.0
9400,ORIT_1b280b,ORD_1b280b,BolPol_f3ad,4,220.0,880.0
9401,ORIT_01cb66,ORD_01cb66,MatPoc_6ee7,2,13000.0,26000.0
9402,ORIT_b09be8,ORD_b09be8,MatPoc_6ee7,3,13000.0,39000.0
9403,ORIT_3723c6,ORD_3723c6,PilFea_8a5d,3,650.0,1950.0
9404,ORIT_8d294d,ORD_8d294d,BlaCot_572e,3,2200.0,6600.0
9405,ORIT_1f9ab1,ORD_1f9ab1,MatSpr_ccc4,3,6000.0,18000.0
9406,ORIT_778f0d,ORD_778f0d,MatPoc_2df5,3,17500.0,52500.0
9407,ORIT_39394e,ORD_39394e,MatPoc_6ee7,4,13000.0,52000.0
9408,ORIT_c00aea,ORD_c00aea,BedCot_6141,2,800.0,1600.0
9409,ORIT_1c7551,ORD_1c7551,PilFea_8a5d,3,650.0,1950.0
9410,ORIT_6bf8ac,ORD_6bf8ac,BedCot_17f5,3,1500.0,4500.0
9411,ORIT_48b728,ORD_48b728,BedPol_e8c9,1,400.0,400.0
9412,ORIT_344d7e,ORD_344d7e,MatSpr_acd0,3,8000.0,24000.0
9413,ORIT_e46af5,ORD_e46af5,PilPol_a442,3,180.0,540.0
9414,ORIT_dee53b,ORD_dee53b,PilPol_662f,3,180.0,540.0
9415,ORIT_a1b9be,ORD_a1b9be,BolPol_cfd7,4,220.0,880.0
9416,ORIT_23d6ed,ORD_23d6ed,BolCot_3050,1,300.0,300.0
9417,ORIT_bdbfb0,ORD_bdbfb0,MatFoa_182e,1,5500.0,5500.0
9418,ORIT_9e7ebd,ORD_9e7ebd,MatPoc_6ee7,4,13000.0,52000.0
9419,ORIT_182411,ORD_182411,MatSpr_acd0,4,8000.0,32000.0
9420,ORIT_324b0a,ORD_324b0a,MatSpr_ba3a,1,8000.0,8000.0
9421,ORIT_067e1e,ORD_067e1e,MatFoa_182e,1,5500.0,5500.0
9422,ORIT_5cc11c,ORD_5cc11c,PilPol_3076,3,180.0,540.0
9423,ORIT_aa2972,ORD_aa2972,MatSpr_acd0,1,8000.0,8000.0
9424,ORIT_c23d1f,ORD_c23d1f,BolPol_f3ad,1,220.0,220.0
9425,ORIT_5288c1,ORD_5288c1,MatSpr_ccc4,2,6000.0,12000.0
9426,ORIT_62e4b3,ORD_62e4b3,BedCot_4a29,1,800.0,800.0
9427,ORIT_ab9bb5,ORD_ab9bb5,PilFea_115c,3,650.0,1950.0
9428,ORIT_aa74f7,ORD_aa74f7,BedCot_d278,2,1200.0,2400.0
9429,ORIT_e3b5cc,ORD_e3b5cc,PilFea_8a5d,2,650.0,1300.0
9430,ORIT_c2027d,ORD_c2027d,MatSpr_28ce,1,6000.0,6000.0
9431,ORIT_8b4bab,ORD_8b4bab,MatFoa_28ad,1,7500.0,7500.0
9432,ORIT_69bba7,ORD_69bba7,MatSpr_06ac,1,4000.0,4000.0
9433,ORIT_b0eade,ORD_b0eade,MatPoc_6ee7,1,13000.0,13000.0
9434,ORIT_35792e,ORD_35792e,MatSpr_06ac,1,4000.0,4000.0
9435,ORIT_aab11a,ORD_aab11a,PilFea_8a5d,1,650.0,650.0
9436,ORIT_e8256a,ORD_e8256a,MatSpr_ccc4,1,6000.0,6000.0
9437,ORIT_1b6fb5,ORD_1b6fb5,MatPoc_f6cb,2,17500.0,35000.0
9438,ORIT_46474d,ORD_46474d,BedCot_c645,1,1200.0,1200.0
9439,ORIT_c31774,ORD_c31774,MatSpr_ccc4,1,6000.0,6000.0
9440,ORIT_140fdf,ORD_140fdf,MatSpr_28ce,1,6000.0,6000.0
9441,ORIT_bbd150,ORD_bbd150,BolCot_21df,1,300.0,300.0
9442,ORIT_8972d3,ORD_8972d3,MatFoa_182e,1,5500.0,5500.0
9443,ORIT_89006c,ORD_89006c,MatFoa_8cd2,3,3500.0,10500.0
9444,ORIT_c839bb,ORD_c839bb,MatSpr_ccc4,2,6000.0,12000.0
9445,ORIT_f926a3,ORD_f926a3,BolPol_f3ad,1,220.0,220.0
9446,ORIT_fdf608,ORD_fdf608,MatSpr_acd0,3,8000.0,24000.0
9447,ORIT_54bf39,ORD_54bf39,MatPoc_6ee7,2,13000.0,26000.0
9448,ORIT_8c2ef9,ORD_8c2ef9,MatSpr_acd0,3,8000.0,24000.0
9449,ORIT_4ef45d,ORD_4ef45d,MatSpr_06ac,2,4000.0,8000.0
9450,ORIT_1d629f,ORD_1d629f,MatSpr_ccc4,4,6000.0,24000.0
9451,ORIT_82c2bb,ORD_82c2bb,BolPol_cfd7,1,220.0,220.0
9452,ORIT_63c83a,ORD_63c83a,BedCot_4a29,4,800.0,3200.0
9453,ORIT_65c5f0,ORD_65c5f0,MatSpr_28ce,3,6000.0,18000.0
9454,ORIT_b134cb,ORD_b134cb,MatSpr_acd0,1,8000.0,8000.0
9455,ORIT_7149a1,ORD_7149a1,MatPoc_2df5,3,17500.0,52500.0
9456,ORIT_20d862,ORD_20d862,MatPoc_45de,4,13000.0,52000.0
9457,ORIT_2589de,ORD_2589de,MatSpr_ba3a,3,8000.0,24000.0
9458,ORIT_8f7866,ORD_8f7866,MatSpr_acd0,2,8000.0,16000.0
9459,ORIT_98c98f,ORD_98c98f,BedPol_2724,3,400.0,1200.0
9460,ORIT_b68ee7,ORD_b68ee7,BedCot_d278,3,1200.0,3600.0
9461,ORIT_a67a3d,ORD_a67a3d,BolCot_21df,2,300.0,600.0
9462,ORIT_fa618c,ORD_fa618c,BlaFle_33f0,2,700.0,1400.0
9463,ORIT_ddf299,ORD_ddf299,BedCot_2397,1,1500.0,1500.0
9464,ORIT_59e2be,ORD_59e2be,MatFoa_182e,1,5500.0,5500.0
9465,ORIT_83e308,ORD_83e308,BedLin_f732,1,4200.0,4200.0
9466,ORIT_3f7ea4,ORD_3f7ea4,MatSpr_06ac,1,4000.0,4000.0
9467,ORIT_00cd4c,ORD_00cd4c,BlaFle_394c,1,600.0,600.0
9468,ORIT_a6ce6a,ORD_a6ce6a,MatPoc_2df5,4,17500.0,70000.0
9469,ORIT_91496a,ORD_91496a,BedCot_4e8b,3,1500.0,4500.0
9470,ORIT_808319,ORD_808319,PilPol_3076,3,180.0,540.0
9471,ORIT_e0a4c0,ORD_e0a4c0,BedPol_e207,3,400.0,1200.0
9472,ORIT_1b101a,ORD_1b101a,PilPol_662f,4,180.0,720.0
9473,ORIT_159a9a,ORD_159a9a,BedPol_239e,4,600.0,2400.0
9474,ORIT_8e95cd,ORD_8e95cd,PilFea_115c,3,650.0,1950.0
9475,ORIT_191eaf,ORD_191eaf,MatSpr_06ac,4,4000.0,16000.0
9476,ORIT_1e1df9,ORD_1e1df9,BedCot_6141,3,800.0,2400.0
9477,ORIT_6e6af3,ORD_6e6af3,MatSpr_06ac,4,4000.0,16000.0
9478,ORIT_bca459,ORD_bca459,MatPoc_2df5,1,17500.0,17500.0
9479,ORIT_259b76,ORD_259b76,MatFoa_8cd2,1,3500.0,3500.0
9480,ORIT_3663ad,ORD_3663ad,PilPol_a442,1,180.0,180.0
9481,ORIT_28d0e3,ORD_28d0e3,PilPol_3076,1,180.0,180.0
9482,ORIT_0ec874,ORD_0ec874,MatSpr_06ac,1,4000.0,4000.0
9483,ORIT_39d1bb,ORD_39d1bb,BedCot_2397,1,1500.0,1500.0
9484,ORIT_064ca9,ORD_064ca9,MatFoa_182e,1,5500.0,5500.0
9485,ORIT_19ee20,ORD_19ee20,BedPol_2724,1,400.0,400.0
9486,ORIT_4685e7,ORD_4685e7,MatPoc_6ee7,1,13000.0,13000.0
9487,ORIT_fbf808,ORD_fbf808,MatFoa_e09a,1,5500.0,5500.0
9488,ORIT_cf785e,ORD_cf785e,MatSpr_ccc4,3,6000.0,18000.0
9489,ORIT_8d1e19,ORD_8d1e19,BedCot_4a29,4,800.0,3200.0
9490,ORIT_0a4664,ORD_0a4664,MatSpr_28ce,3,6000.0,18000.0
9491,ORIT_5b42cd,ORD_5b42cd,MatSpr_56a3,1,4000.0,4000.0
9492,ORIT_da4dc6,ORD_da4dc6,PilFea_8a5d,4,650.0,2600.0
9493,ORIT_c5db2e,ORD_c5db2e,MatSpr_28ce,4,6000.0,24000.0
9494,ORIT_3881b7,ORD_3881b7,MatSpr_acd0,4,8000.0,32000.0
9495,ORIT_75dcff,ORD_75dcff,MatFoa_182e,2,5500.0,11000.0
9496,ORIT_e9e133,ORD_e9e133,MatPoc_6ee7,2,13000.0,26000.0
9497,ORIT_548f48,ORD_548f48,BolPol_cfd7,1,220.0,220.0
9498,ORIT_589edc,ORD_589edc,MatPoc_2df5,3,17500.0,52500.0
9499,ORIT_fbc5d8,ORD_fbc5d8,MatFoa_13fa,4,7500.0,30000.0
9500,ORIT_a70370,ORD_a70370,BolPol_82d7,1,220.0,220.0
9501,ORIT_4a6cd5,ORD_4a6cd5,BedLin_f732,2,4200.0,8400.0
9502,ORIT_2fb491,ORD_2fb491,PilFea_115c,2,650.0,1300.0
9503,ORIT_32ad3e,ORD_32ad3e,MatPoc_f6cb,1,17500.0,17500.0
9504,ORIT_d1856b,ORD_d1856b,BolPol_f3ad,2,220.0,440.0
9505,ORIT_42e640,ORD_42e640,BedCot_2449,1,800.0,800.0
9506,ORIT_a4b35d,ORD_a4b35d,MatSpr_ccc4,2,6000.0,12000.0
9507,ORIT_9eb2e0,ORD_9eb2e0,MatSpr_56a3,3,4000.0,12000.0
9508,ORIT_08371d,ORD_08371d,BolPol_cfd7,4,220.0,880.0
9509,ORIT_d6dea5,ORD_d6dea5,PilFea_56ac,4,650.0,2600.0
9510,ORIT_55cd7c,ORD_55cd7c,BedCot_17f5,1,1500.0,1500.0
9511,ORIT_f30d6a,ORD_f30d6a,PilPol_3076,4,180.0,720.0
9512,ORIT_ef7772,ORD_ef7772,BolPol_cfd7,4,220.0,880.0
9513,ORIT_f079ce,ORD_f079ce,MatSpr_56a3,2,4000.0,8000.0
9514,ORIT_26ad8b,ORD_26ad8b,MatPoc_2df5,3,17500.0,52500.0
9515,ORIT_e1aab9,ORD_e1aab9,MatSpr_ccc4,3,6000.0,18000.0
9516,ORIT_40a958,ORD_40a958,MatSpr_ccc4,4,6000.0,24000.0
9517,ORIT_d8b78d,ORD_d8b78d,MatFoa_e09a,3,5500.0,16500.0
9518,ORIT_428b20,ORD_428b20,PilPol_3076,3,180.0,540.0
9519,ORIT_5fae43,ORD_5fae43,MatSpr_06ac,1,4000.0,4000.0
9520,ORIT_66e464,ORD_66e464,MatPoc_1e64,4,8500.0,34000.0
9521,ORIT_655975,ORD_655975,PilPol_a442,3,180.0,540.0
9522,ORIT_49f520,ORD_49f520,PilPol_3076,1,180.0,180.0
9523,ORIT_da9cce,ORD_da9cce,MatSpr_ccc4,2,6000.0,12000.0
9524,ORIT_b51c83,ORD_b51c83,BedPol_d3de,3,500.0,1500.0
9525,ORIT_c252e7,ORD_c252e7,PilPol_a442,2,180.0,360.0
9526,ORIT_ae27b8,ORD_ae27b8,BedCot_2397,3,1500.0,4500.0
9527,ORIT_b07dc1,ORD_b07dc1,BlaFle_c9a0,2,600.0,1200.0
9528,ORIT_3f2186,ORD_3f2186,MatFoa_28ad,4,7500.0,30000.0
9529,ORIT_3859ff,ORD_3859ff,MatSpr_ba3a,4,8000.0,32000.0
9530,ORIT_4ec0ab,ORD_4ec0ab,MatSpr_06ac,1,4000.0,4000.0
9531,ORIT_a942a2,ORD_a942a2,MatFoa_13fa,1,7500.0,7500.0
9532,ORIT_29ce51,ORD_29ce51,PilFea_8a5d,4,650.0,2600.0
9533,ORIT_33fb64,ORD_33fb64,MatSpr_acd0,3,8000.0,24000.0
9534,ORIT_dee309,ORD_dee309,BedLin_d846,1,2000.0,2000.0
9535,ORIT_c5433c,ORD_c5433c,MatPoc_f6cb,1,17500.0,17500.0
9536,ORIT_1e3c99,ORD_1e3c99,MatFoa_28ad,1,7500.0,7500.0
9537,ORIT_90ff3f,ORD_90ff3f,BedCot_17f5,1,1500.0,1500.0
9538,ORIT_9ead2d,ORD_9ead2d,BedCot_17f5,3,1500.0,4500.0
9539,ORIT_ed73ed,ORD_ed73ed,MatFoa_182e,1,5500.0,5500.0
9540,ORIT_72103e,ORD_72103e,MatSpr_acd0,3,8000.0,24000.0
9541,ORIT_2f61ac,ORD_2f61ac,BolCot_3050,4,300.0,1200.0
9542,ORIT_0344b6,ORD_0344b6,MatPoc_f6cb,1,17500.0,17500.0
9543,ORIT_ae3e46,ORD_ae3e46,BedCot_2449,1,800.0,800.0
9544,ORIT_9b30f5,ORD_9b30f5,BedCot_2397,1,1500.0,1500.0
9545,ORIT_ee8214,ORD_ee8214,MatPoc_6ee7,1,13000.0,13000.0
9546,ORIT_a4b02d,ORD_a4b02d,BlaFle_c9a0,1,600.0,600.0
9547,ORIT_ea9e86,ORD_ea9e86,BedPol_5144,1,600.0,600.0
9548,ORIT_bce8a1,ORD_bce8a1,MatPoc_6ee7,1,13000.0,13000.0
9549,ORIT_afbb21,ORD_afbb21,BlaCot_572e,1,2200.0,2200.0
9550,ORIT_aa77cc,ORD_aa77cc,MatPoc_2df5,1,17500.0,17500.0
9551,ORIT_243bc7,ORD_243bc7,PilPol_3076,1,180.0,180.0
9552,ORIT_8094fb,ORD_8094fb,BedCot_17f5,2,1500.0,3000.0
9553,ORIT_25dde4,ORD_25dde4,BedCot_2449,3,800.0,2400.0
9554,ORIT_0ab714,ORD_0ab714,BedCot_2449,2,800.0,1600.0
9555,ORIT_651209,ORD_651209,BolPol_82d7,1,220.0,220.0
9556,ORIT_8907ce,ORD_8907ce,MatSpr_28ce,1,6000.0,6000.0
9557,ORIT_480db2,ORD_480db2,PilPol_3076,1,180.0,180.0
9558,ORIT_5126cd,ORD_5126cd,MatPoc_2df5,2,17500.0,35000.0
9559,ORIT_4f9787,ORD_4f9787,MatSpr_ccc4,1,6000.0,6000.0
9560,ORIT_d47009,ORD_d47009,MatPoc_45de,2,13000.0,26000.0
9561,ORIT_2938f9,ORD_2938f9,BedCot_6141,1,800.0,800.0
9562,ORIT_088ae3,ORD_088ae3,MatPoc_6ee7,3,13000.0,39000.0
9563,ORIT_603bd2,ORD_603bd2,PilCot_f078,3,250.0,750.0
9564,ORIT_45f39c,ORD_45f39c,BedCot_2449,3,800.0,2400.0
9565,ORIT_ff174c,ORD_ff174c,MatFoa_13fa,4,7500.0,30000.0
9566,ORIT_6aefce,ORD_6aefce,MatPoc_f6cb,3,17500.0,52500.0
9567,ORIT_1b2711,ORD_1b2711,PilPol_a442,3,180.0,540.0
9568,ORIT_e1ef35,ORD_e1ef35,BolPol_82d7,4,220.0,880.0
9569,ORIT_a178f8,ORD_a178f8,PilFea_8a5d,2,650.0,1300.0
9570,ORIT_3009cc,ORD_3009cc,MatPoc_f6cb,3,17500.0,52500.0
9571,ORIT_0aa23c,ORD_0aa23c,MatPoc_6ee7,3,13000.0,39000.0
9572,ORIT_d795a9,ORD_d795a9,BlaFla_7645,2,1200.0,2400.0
9573,ORIT_01c69f,ORD_01c69f,MatSpr_28ce,4,6000.0,24000.0
9574,ORIT_f839ea,ORD_f839ea,PilPol_a442,2,180.0,360.0
9575,ORIT_4a8e3b,ORD_4a8e3b,BolPol_82d7,4,220.0,880.0
9576,ORIT_9d7701,ORD_9d7701,MatPoc_6ee7,1,13000.0,13000.0
9577,ORIT_78b34e,ORD_78b34e,MatPoc_2df5,1,17500.0,17500.0
9578,ORIT_4043c4,ORD_4043c4,BedPol_d3de,1,500.0,500.0
9579,ORIT_3bf807,ORD_3bf807,PilPol_662f,1,180.0,180.0
9580,ORIT_77c7ba,ORD_77c7ba,BedCot_c645,1,1200.0,1200.0
9581,ORIT_cda836,ORD_cda836,BlaCot_9ebb,2,1200.0,2400.0
9582,ORIT_c63b61,ORD_c63b61,MatSpr_acd0,1,8000.0,8000.0
9583,ORIT_611a44,ORD_611a44,MatSpr_56a3,1,4000.0,4000.0
9584,ORIT_c1d668,ORD_c1d668,MatFoa_e09a,1,5500.0,5500.0
9585,ORIT_8c70d0,ORD_8c70d0,MatPoc_6ee7,1,13000.0,13000.0
9586,ORIT_dc7c9d,ORD_dc7c9d,BedCot_4a29,1,800.0,800.0
9587,ORIT_a8e8ee,ORD_a8e8ee,BedPol_239e,1,600.0,600.0
9588,ORIT_54aa67,ORD_54aa67,MatPoc_2df5,1,17500.0,17500.0
9589,ORIT_5304d6,ORD_5304d6,BolPol_82d7,1,220.0,220.0
9590,ORIT_d321c5,ORD_d321c5,PilPol_a442,3,180.0,540.0
9591,ORIT_64f129,ORD_64f129,MatSpr_ccc4,1,6000.0,6000.0
9592,ORIT_af9d5b,ORD_af9d5b,PilPol_662f,1,180.0,180.0
9593,ORIT_0aadc3,ORD_0aadc3,MatPoc_f6cb,1,17500.0,17500.0
9594,ORIT_40f4c5,ORD_40f4c5,BolPol_82d7,2,220.0,440.0
9595,ORIT_488a32,ORD_488a32,BedCot_2397,3,1500.0,4500.0
9596,ORIT_c8f7ea,ORD_c8f7ea,BedCot_2397,4,1500.0,6000.0
9597,ORIT_056655,ORD_056655,MatPoc_45de,4,13000.0,52000.0
9598,ORIT_4ef121,ORD_4ef121,MatSpr_28ce,3,6000.0,18000.0
9599,ORIT_c5180c,ORD_c5180c,MatPoc_f6cb,2,17500.0,35000.0
9600,ORIT_c36841,ORD_c36841,MatPoc_1e64,2,8500.0,17000.0
9601,ORIT_0916e4,ORD_0916e4,BedCot_4e8b,4,1500.0,6000.0
9602,ORIT_adbd31,ORD_adbd31,MatPoc_2df5,1,17500.0,17500.0
9603,ORIT_ba3a2b,ORD_ba3a2b,BedPol_f406,1,500.0,500.0
9604,ORIT_fb7c6a,ORD_fb7c6a,MatPoc_2df5,1,17500.0,17500.0
9605,ORIT_bad270,ORD_bad270,MatSpr_ba3a,1,8000.0,8000.0
9606,ORIT_be7a91,ORD_be7a91,MatSpr_28ce,3,6000.0,18000.0
9607,ORIT_fd04eb,ORD_fd04eb,BedPol_5144,3,600.0,1800.0
9608,ORIT_f37326,ORD_f37326,MatPoc_2df5,2,17500.0,35000.0
9609,ORIT_2d5c8e,ORD_2d5c8e,MatFoa_182e,3,5500.0,16500.0
9610,ORIT_b1b2b4,ORD_b1b2b4,BedCot_d278,4,1200.0,4800.0
9611,ORIT_858575,ORD_858575,MatPoc_6ee7,3,13000.0,39000.0
9612,ORIT_a70ea6,ORD_a70ea6,PilFea_115c,3,650.0,1950.0
9613,ORIT_cdf062,ORD_cdf062,MatSpr_28ce,2,6000.0,12000.0
9614,ORIT_b736c2,ORD_b736c2,MatSpr_28ce,1,6000.0,6000.0
9615,ORIT_9dc17e,ORD_9dc17e,MatFoa_e09a,1,5500.0,5500.0
9616,ORIT_b21e22,ORD_b21e22,MatFoa_8cd2,1,3500.0,3500.0
9617,ORIT_ca0a94,ORD_ca0a94,BolPol_82d7,1,220.0,220.0
9618,ORIT_e05747,ORD_e05747,BolCot_3050,1,300.0,300.0
9619,ORIT_dddd0b,ORD_dddd0b,BolPol_f3ad,1,220.0,220.0
9620,ORIT_166d90,ORD_166d90,BlaCot_ce6c,3,2000.0,6000.0
9621,ORIT_ebf5f5,ORD_ebf5f5,BlaFle_c9a0,1,600.0,600.0
9622,ORIT_191024,ORD_191024,PilPol_a442,3,180.0,540.0
9623,ORIT_eb59bb,ORD_eb59bb,BolPol_f3ad,1,220.0,220.0
9624,ORIT_e4a65a,ORD_e4a65a,MatPoc_6ee7,4,13000.0,52000.0
9625,ORIT_c04297,ORD_c04297,MatSpr_06ac,1,4000.0,4000.0
9626,ORIT_f8cc97,ORD_f8cc97,MatSpr_28ce,1,6000.0,6000.0
9627,ORIT_b2b6a5,ORD_b2b6a5,BedCot_c645,1,1200.0,1200.0
9628,ORIT_794dc4,ORD_794dc4,PilFea_115c,1,650.0,650.0
9629,ORIT_667b40,ORD_667b40,BolFea_b87f,1,700.0,700.0
9630,ORIT_246fb8,ORD_246fb8,MatSpr_acd0,1,8000.0,8000.0
9631,ORIT_0c20c0,ORD_0c20c0,BedPol_5ab8,1,600.0,600.0
9632,ORIT_4626a5,ORD_4626a5,BedCot_2449,2,800.0,1600.0
9633,ORIT_367ce6,ORD_367ce6,PilFea_8a5d,1,650.0,650.0
9634,ORIT_5aaed3,ORD_5aaed3,MatSpr_acd0,1,8000.0,8000.0
9635,ORIT_80d0e7,ORD_80d0e7,MatPoc_6ee7,1,13000.0,13000.0
9636,ORIT_683c3a,ORD_683c3a,MatPoc_2df5,4,17500.0,70000.0
9637,ORIT_32af79,ORD_32af79,MatPoc_f6cb,2,17500.0,35000.0
9638,ORIT_317884,ORD_317884,MatPoc_27a0,4,8500.0,34000.0
9639,ORIT_56caf4,ORD_56caf4,MatSpr_ccc4,1,6000.0,6000.0
9640,ORIT_c1315b,ORD_c1315b,BedCot_2397,1,1500.0,1500.0
9641,ORIT_764ef2,ORD_764ef2,BedCot_6141,1,800.0,800.0
9642,ORIT_ac2b17,ORD_ac2b17,MatFoa_182e,1,5500.0,5500.0
9643,ORIT_f8832e,ORD_f8832e,PilPol_662f,1,180.0,180.0
9644,ORIT_174efe,ORD_174efe,MatPoc_f6cb,1,17500.0,17500.0
9645,ORIT_20cc82,ORD_20cc82,BolCot_21df,1,300.0,300.0
9646,ORIT_88dd62,ORD_88dd62,PilPol_a442,1,180.0,180.0
9647,ORIT_ab04e9,ORD_ab04e9,MatSpr_06ac,1,4000.0,4000.0
9648,ORIT_6e474d,ORD_6e474d,BolPol_cfd7,1,220.0,220.0
9649,ORIT_67eb99,ORD_67eb99,BlaFle_7daf,1,600.0,600.0
9650,ORIT_b51309,ORD_b51309,PilPol_3076,2,180.0,360.0
9651,ORIT_fac628,ORD_fac628,MatSpr_56a3,1,4000.0,4000.0
9652,ORIT_331bc9,ORD_331bc9,MatPoc_45de,3,13000.0,39000.0
9653,ORIT_22b6df,ORD_22b6df,BedCot_4e8b,2,1500.0,3000.0
9654,ORIT_81d45a,ORD_81d45a,MatPoc_2df5,3,17500.0,52500.0
9655,ORIT_0caf27,ORD_0caf27,PilFea_56ac,4,650.0,2600.0
9656,ORIT_fbc3e7,ORD_fbc3e7,MatPoc_f6cb,3,17500.0,52500.0
9657,ORIT_717df9,ORD_717df9,MatSpr_28ce,1,6000.0,6000.0
9658,ORIT_5a0595,ORD_5a0595,MatSpr_56a3,4,4000.0,16000.0
9659,ORIT_c99208,ORD_c99208,BedCot_2449,3,800.0,2400.0
9660,ORIT_aced6b,ORD_aced6b,BedPol_d3de,4,500.0,2000.0
9661,ORIT_891848,ORD_891848,MatSpr_06ac,4,4000.0,16000.0
9662,ORIT_e4fcea,ORD_e4fcea,BlaCot_6c4b,4,2200.0,8800.0
9663,ORIT_5707fb,ORD_5707fb,PilFea_115c,4,650.0,2600.0
9664,ORIT_d70e9f,ORD_d70e9f,MatSpr_56a3,3,4000.0,12000.0
9665,ORIT_c87b97,ORD_c87b97,MatSpr_ccc4,4,6000.0,24000.0
9666,ORIT_b3048f,ORD_b3048f,MatFoa_e09a,3,5500.0,16500.0
9667,ORIT_e00d15,ORD_e00d15,MatFoa_e09a,3,5500.0,16500.0
9668,ORIT_72b163,ORD_72b163,PilPol_a442,2,180.0,360.0
9669,ORIT_78f84e,ORD_78f84e,MatSpr_28ce,4,6000.0,24000.0
9670,ORIT_ea6a3a,ORD_ea6a3a,MatSpr_ccc4,1,6000.0,6000.0
9671,ORIT_0b0f4e,ORD_0b0f4e,MatSpr_ba3a,2,8000.0,16000.0
9672,ORIT_ab8d1c,ORD_ab8d1c,MatSpr_ba3a,1,8000.0,8000.0
9673,ORIT_50c182,ORD_50c182,BedPol_e207,1,400.0,400.0
9674,ORIT_0bc5d1,ORD_0bc5d1,PilPol_a442,2,180.0,360.0
9675,ORIT_98e096,ORD_98e096,BedCot_2397,1,1500.0,1500.0
9676,ORIT_207efa,ORD_207efa,MatSpr_ba3a,1,8000.0,8000.0
9677,ORIT_360bdf,ORD_360bdf,BlaFle_7daf,3,600.0,1800.0
9678,ORIT_000252,ORD_000252,MatSpr_06ac,1,4000.0,4000.0
9679,ORIT_5a47e8,ORD_5a47e8,BedPol_2724,1,400.0,400.0
9680,ORIT_8cb81b,ORD_8cb81b,MatPoc_f6cb,1,17500.0,17500.0
9681,ORIT_a1cdad,ORD_a1cdad,MatFoa_182e,1,5500.0,5500.0
9682,ORIT_a173e6,ORD_a173e6,BedPol_5ab8,3,600.0,1800.0
9683,ORIT_896b97,ORD_896b97,MatPoc_f6cb,4,17500.0,70000.0
9684,ORIT_cfe950,ORD_cfe950,MatSpr_28ce,4,6000.0,24000.0
9685,ORIT_9bd7c4,ORD_9bd7c4,MatPoc_45de,3,13000.0,39000.0
9686,ORIT_b7dda0,ORD_b7dda0,MatSpr_acd0,2,8000.0,16000.0
9687,ORIT_f4bc29,ORD_f4bc29,BolPol_82d7,2,220.0,440.0
9688,ORIT_05f6d5,ORD_05f6d5,MatSpr_ccc4,2,6000.0,12000.0
9689,ORIT_ead595,ORD_ead595,BedPol_5144,3,600.0,1800.0
9690,ORIT_4b8b5b,ORD_4b8b5b,MatSpr_ccc4,2,6000.0,12000.0
9691,ORIT_c76155,ORD_c76155,MatSpr_28ce,3,6000.0,18000.0
9692,ORIT_ed8297,ORD_ed8297,MatFoa_13fa,4,7500.0,30000.0
9693,ORIT_4c8507,ORD_4c8507,MatSpr_ccc4,3,6000.0,18000.0
9694,ORIT_c50a02,ORD_c50a02,BedCot_6141,1,800.0,800.0
9695,ORIT_a25e0b,ORD_a25e0b,BedCot_2449,1,800.0,800.0
9696,ORIT_b607ea,ORD_b607ea,MatPoc_27a0,4,8500.0,34000.0
9697,ORIT_fc392d,ORD_fc392d,MatPoc_6ee7,3,13000.0,39000.0
9698,ORIT_f32df1,ORD_f32df1,PilFea_8a5d,3,650.0,1950.0
9699,ORIT_54de94,ORD_54de94,BedPol_5144,1,600.0,600.0
9700,ORIT_85ad0f,ORD_85ad0f,PilFea_56ac,1,650.0,650.0
9701,ORIT_adc637,ORD_adc637,BedCot_87ca,2,1200.0,2400.0
9702,ORIT_809846,ORD_809846,BedCot_4a29,1,800.0,800.0
9703,ORIT_b07e95,ORD_b07e95,MatSpr_ccc4,1,6000.0,6000.0
9704,ORIT_9af614,ORD_9af614,MatPoc_f6cb,2,17500.0,35000.0
9705,ORIT_c1ad1e,ORD_c1ad1e,BedCot_4a29,1,800.0,800.0
9706,ORIT_f15aab,ORD_f15aab,MatPoc_f6cb,1,17500.0,17500.0
9707,ORIT_20ff7c,ORD_20ff7c,BolCot_21df,1,300.0,300.0
9708,ORIT_f49818,ORD_f49818,BlaFle_33f0,1,700.0,700.0
9709,ORIT_673561,ORD_673561,MatSpr_ccc4,1,6000.0,6000.0
9710,ORIT_39cd13,ORD_39cd13,MatPoc_f6cb,1,17500.0,17500.0
9711,ORIT_c509f1,ORD_c509f1,BolPol_cfd7,1,220.0,220.0
9712,ORIT_734b45,ORD_734b45,MatPoc_2df5,2,17500.0,35000.0
9713,ORIT_b01b93,ORD_b01b93,BedPol_5144,1,600.0,600.0
9714,ORIT_dd504b,ORD_dd504b,MatSpr_06ac,1,4000.0,4000.0
9715,ORIT_ec5e38,ORD_ec5e38,BlaFle_5881,1,700.0,700.0
9716,ORIT_b551f2,ORD_b551f2,BedCot_4e8b,1,1500.0,1500.0
9717,ORIT_e5af04,ORD_e5af04,MatPoc_2df5,1,17500.0,17500.0
9718,ORIT_4baa7d,ORD_4baa7d,BolPol_f3ad,2,220.0,440.0
9719,ORIT_af6114,ORD_af6114,MatPoc_2df5,1,17500.0,17500.0
9720,ORIT_fe5b7e,ORD_fe5b7e,MatPoc_45de,1,13000.0,13000.0
9721,ORIT_c5def1,ORD_c5def1,MatPoc_f6cb,1,17500.0,17500.0
9722,ORIT_8bfc3d,ORD_8bfc3d,MatSpr_06ac,3,4000.0,12000.0
9723,ORIT_d43e3e,ORD_d43e3e,PilPol_662f,1,180.0,180.0
9724,ORIT_915355,ORD_915355,BedCot_2397,1,1500.0,1500.0
9725,ORIT_2bf5e4,ORD_2bf5e4,PilPol_3076,1,180.0,180.0
9726,ORIT_c6c239,ORD_c6c239,MatSpr_ccc4,2,6000.0,12000.0
9727,ORIT_b67745,ORD_b67745,BlaCot_572e,1,2200.0,2200.0
9728,ORIT_0e34e4,ORD_0e34e4,MatSpr_ba3a,3,8000.0,24000.0
9729,ORIT_c12f63,ORD_c12f63,BedPol_2724,2,400.0,800.0
9730,ORIT_b682c2,ORD_b682c2,MatFoa_13fa,4,7500.0,30000.0
9731,ORIT_7b9338,ORD_7b9338,BedCot_6141,4,800.0,3200.0
9732,ORIT_35468f,ORD_35468f,PilPol_a442,3,180.0,540.0
9733,ORIT_2dd005,ORD_2dd005,MatPoc_1e64,3,8500.0,25500.0
9734,ORIT_6c6ddc,ORD_6c6ddc,PilFea_8a5d,3,650.0,1950.0
9735,ORIT_f6e196,ORD_f6e196,BedCot_4e8b,4,1500.0,6000.0
9736,ORIT_09c742,ORD_09c742,MatPoc_2df5,4,17500.0,70000.0
9737,ORIT_cd89b6,ORD_cd89b6,MatSpr_56a3,4,4000.0,16000.0
9738,ORIT_987b58,ORD_987b58,MatSpr_06ac,2,4000.0,8000.0
9739,ORIT_0d60a0,ORD_0d60a0,PilFea_8a5d,1,650.0,650.0
9740,ORIT_5323d9,ORD_5323d9,MatFoa_28ad,1,7500.0,7500.0
9741,ORIT_595ce6,ORD_595ce6,PilFea_115c,1,650.0,650.0
9742,ORIT_e25d1a,ORD_e25d1a,MatSpr_ba3a,1,8000.0,8000.0
9743,ORIT_e78539,ORD_e78539,MatSpr_ccc4,2,6000.0,12000.0
9744,ORIT_7c1a7c,ORD_7c1a7c,MatSpr_56a3,1,4000.0,4000.0
9745,ORIT_b80cfa,ORD_b80cfa,MatPoc_f6cb,1,17500.0,17500.0
9746,ORIT_57927b,ORD_57927b,MatSpr_56a3,1,4000.0,4000.0
9747,ORIT_460060,ORD_460060,BolPol_f3ad,1,220.0,220.0
9748,ORIT_68513c,ORD_68513c,BedCot_2449,1,800.0,800.0
9749,ORIT_a43d12,ORD_a43d12,BlaCot_9ebb,1,1200.0,1200.0
9750,ORIT_d7c548,ORD_d7c548,BedCot_87ca,1,1200.0,1200.0
9751,ORIT_545092,ORD_545092,PilPol_662f,1,180.0,180.0
9752,ORIT_bba16c,ORD_bba16c,BedLin_8a26,1,3800.0,3800.0
9753,ORIT_88d3b6,ORD_88d3b6,MatPoc_6ee7,2,13000.0,26000.0
9754,ORIT_18bd21,ORD_18bd21,BedCot_4a29,3,800.0,2400.0
9755,ORIT_ed1afe,ORD_ed1afe,MatPoc_f6cb,1,17500.0,17500.0
9756,ORIT_b898c7,ORD_b898c7,MatFoa_182e,1,5500.0,5500.0
9757,ORIT_79b88d,ORD_79b88d,BedLin_8a26,1,3800.0,3800.0
9758,ORIT_c1be0d,ORD_c1be0d,MatSpr_56a3,1,4000.0,4000.0
9759,ORIT_fa67b7,ORD_fa67b7,MatFoa_182e,1,5500.0,5500.0
9760,ORIT_80b739,ORD_80b739,MatPoc_f6cb,1,17500.0,17500.0
9761,ORIT_27b66c,ORD_27b66c,BolFea_d1d6,1,700.0,700.0
9762,ORIT_28f8ca,ORD_28f8ca,MatSpr_ccc4,1,6000.0,6000.0
9763,ORIT_25e7f4,ORD_25e7f4,BedCot_2449,2,800.0,1600.0
9764,ORIT_e6c46b,ORD_e6c46b,BedPol_5ab8,1,600.0,600.0
9765,ORIT_a4ac6f,ORD_a4ac6f,MatFoa_28ad,1,7500.0,7500.0
9766,ORIT_99f01b,ORD_99f01b,MatSpr_acd0,1,8000.0,8000.0
9767,ORIT_7dd9e9,ORD_7dd9e9,BedCot_17f5,1,1500.0,1500.0
9768,ORIT_2f192e,ORD_2f192e,PilPol_3076,2,180.0,360.0
9769,ORIT_7d7e0f,ORD_7d7e0f,MatPoc_2df5,1,17500.0,17500.0
9770,ORIT_956ae7,ORD_956ae7,BlaFle_394c,2,600.0,1200.0
9771,ORIT_8fc6dc,ORD_8fc6dc,MatSpr_ba3a,1,8000.0,8000.0
9772,ORIT_ff8bd4,ORD_ff8bd4,MatPoc_f6cb,1,17500.0,17500.0
9773,ORIT_dbdb2f,ORD_dbdb2f,BedPol_239e,1,600.0,600.0
9774,ORIT_3e4489,ORD_3e4489,MatSpr_acd0,1,8000.0,8000.0
9775,ORIT_fe932b,ORD_fe932b,PilCot_b22a,1,250.0,250.0
9776,ORIT_a6a121,ORD_a6a121,MatPoc_6ee7,4,13000.0,52000.0
9777,ORIT_c82c77,ORD_c82c77,PilPol_3076,2,180.0,360.0
9778,ORIT_9cbbf3,ORD_9cbbf3,MatPoc_6ee7,1,13000.0,13000.0
9779,ORIT_9448a8,ORD_9448a8,MatFoa_28ad,1,7500.0,7500.0
9780,ORIT_0f09c2,ORD_0f09c2,BedCot_87ca,2,1200.0,2400.0
9781,ORIT_20e803,ORD_20e803,BedCot_c645,4,1200.0,4800.0
9782,ORIT_701b08,ORD_701b08,MatPoc_f6cb,4,17500.0,70000.0
9783,ORIT_38f301,ORD_38f301,BedCot_17f5,4,1500.0,6000.0
9784,ORIT_7c7fae,ORD_7c7fae,BedCot_17f5,2,1500.0,3000.0
9785,ORIT_94b7c0,ORD_94b7c0,MatFoa_13fa,3,7500.0,22500.0
9786,ORIT_64adf5,ORD_64adf5,MatPoc_2df5,3,17500.0,52500.0
9787,ORIT_d5b919,ORD_d5b919,BedPol_e207,1,400.0,400.0
9788,ORIT_f7e677,ORD_f7e677,BedCot_2397,2,1500.0,3000.0
9789,ORIT_395f87,ORD_395f87,BolCot_3050,4,300.0,1200.0
9790,ORIT_2a2b04,ORD_2a2b04,BlaFle_1485,4,300.0,1200.0
9791,ORIT_549c19,ORD_549c19,MatFoa_e09a,3,5500.0,16500.0
9792,ORIT_0bee7c,ORD_0bee7c,BedCot_17f5,4,1500.0,6000.0
9793,ORIT_2aff5f,ORD_2aff5f,BedCot_4e8b,4,1500.0,6000.0
9794,ORIT_43c346,ORD_43c346,BolPol_82d7,4,220.0,880.0
9795,ORIT_6edd5d,ORD_6edd5d,BlaFle_7daf,2,600.0,1200.0
9796,ORIT_eaec4b,ORD_eaec4b,BedCot_6141,4,800.0,3200.0
9797,ORIT_2c1e66,ORD_2c1e66,BedCot_4a29,4,800.0,3200.0
9798,ORIT_841db5,ORD_841db5,PilFea_56ac,4,650.0,2600.0
9799,ORIT_62711c,ORD_62711c,MatSpr_acd0,1,8000.0,8000.0
9800,ORIT_6aba83,ORD_6aba83,MatSpr_28ce,1,6000.0,6000.0
9801,ORIT_623bed,ORD_623bed,PilFea_8a5d,1,650.0,650.0
9802,ORIT_56f545,ORD_56f545,MatFoa_28ad,3,7500.0,22500.0
9803,ORIT_e36138,ORD_e36138,MatFoa_e09a,1,5500.0,5500.0
9804,ORIT_4e5112,ORD_4e5112,BedPol_5ab8,1,600.0,600.0
9805,ORIT_054065,ORD_054065,MatSpr_ba3a,3,8000.0,24000.0
9806,ORIT_a5a999,ORD_a5a999,PilPol_662f,4,180.0,720.0
9807,ORIT_d45e02,ORD_d45e02,BolPol_82d7,2,220.0,440.0
9808,ORIT_e7399a,ORD_e7399a,BlaFle_1485,4,300.0,1200.0
9809,ORIT_1996ac,ORD_1996ac,BedCot_2397,2,1500.0,3000.0
9810,ORIT_daaf3b,ORD_daaf3b,MatSpr_56a3,2,4000.0,8000.0
9811,ORIT_efd6d5,ORD_efd6d5,PilFea_8a5d,4,650.0,2600.0
9812,ORIT_198fc6,ORD_198fc6,BedCot_2397,4,1500.0,6000.0
9813,ORIT_43c82b,ORD_43c82b,MatPoc_6ee7,4,13000.0,52000.0
9814,ORIT_2dc68a,ORD_2dc68a,BolPol_f3ad,3,220.0,660.0
9815,ORIT_4fe585,ORD_4fe585,MatFoa_182e,3,5500.0,16500.0
9816,ORIT_24750e,ORD_24750e,MatSpr_acd0,3,8000.0,24000.0
9817,ORIT_98c7b6,ORD_98c7b6,PilPol_3076,1,180.0,180.0
9818,ORIT_042a15,ORD_042a15,PilPol_662f,2,180.0,360.0
9819,ORIT_c532ce,ORD_c532ce,MatFoa_28ad,2,7500.0,15000.0
9820,ORIT_2838e2,ORD_2838e2,BedPol_e207,4,400.0,1600.0
9821,ORIT_924c7d,ORD_924c7d,BolPol_cfd7,4,220.0,880.0
9822,ORIT_a2b22e,ORD_a2b22e,PilPol_a442,2,180.0,360.0
9823,ORIT_fa97d6,ORD_fa97d6,BolPol_82d7,3,220.0,660.0
9824,ORIT_5e6215,ORD_5e6215,BlaCot_572e,1,2200.0,2200.0
9825,ORIT_b64ee2,ORD_b64ee2,MatFoa_4414,1,3500.0,3500.0
9826,ORIT_f5e2ea,ORD_f5e2ea,MatPoc_f6cb,1,17500.0,17500.0
9827,ORIT_a2108d,ORD_a2108d,PilFea_8a5d,1,650.0,650.0
9828,ORIT_262438,ORD_262438,MatSpr_ba3a,1,8000.0,8000.0
9829,ORIT_2d881f,ORD_2d881f,BedCot_4e8b,1,1500.0,1500.0
9830,ORIT_cc638e,ORD_cc638e,MatSpr_ba3a,1,8000.0,8000.0
9831,ORIT_f4fbe9,ORD_f4fbe9,BolPol_f3ad,1,220.0,220.0
9832,ORIT_de2716,ORD_de2716,MatPoc_45de,1,13000.0,13000.0
9833,ORIT_f726eb,ORD_f726eb,BolPol_cfd7,4,220.0,880.0
9834,ORIT_dba4a3,ORD_dba4a3,BedCot_17f5,2,1500.0,3000.0
9835,ORIT_206965,ORD_206965,BedCot_2449,3,800.0,2400.0
9836,ORIT_ae8e7f,ORD_ae8e7f,MatPoc_6ee7,3,13000.0,39000.0
9837,ORIT_050ff0,ORD_050ff0,BedCot_4a29,4,800.0,3200.0
9838,ORIT_33cdea,ORD_33cdea,BedCot_4e8b,3,1500.0,4500.0
9839,ORIT_dedc6b,ORD_dedc6b,BolPol_f3ad,3,220.0,660.0
9840,ORIT_0f8898,ORD_0f8898,BlaFle_9bda,4,700.0,2800.0
9841,ORIT_e98036,ORD_e98036,PilFea_56ac,4,650.0,2600.0
9842,ORIT_d3c3e7,ORD_d3c3e7,MatPoc_f6cb,3,17500.0,52500.0
9843,ORIT_99eb10,ORD_99eb10,MatPoc_45de,3,13000.0,39000.0
9844,ORIT_23ad44,ORD_23ad44,MatSpr_06ac,3,4000.0,12000.0
9845,ORIT_d4f6bb,ORD_d4f6bb,MatSpr_ccc4,4,6000.0,24000.0
9846,ORIT_16c03e,ORD_16c03e,MatSpr_06ac,3,4000.0,12000.0
9847,ORIT_5bd2e6,ORD_5bd2e6,MatPoc_6ee7,3,13000.0,39000.0
9848,ORIT_cf80e0,ORD_cf80e0,BedCot_c645,3,1200.0,3600.0
9849,ORIT_856ded,ORD_856ded,BedLin_b097,4,3800.0,15200.0
9850,ORIT_897d53,ORD_897d53,BedPol_e207,2,400.0,800.0
9851,ORIT_460410,ORD_460410,MatSpr_ccc4,1,6000.0,6000.0
9852,ORIT_3cc549,ORD_3cc549,BolPol_cfd7,1,220.0,220.0
9853,ORIT_f2593f,ORD_f2593f,MatPoc_6ee7,1,13000.0,13000.0
9854,ORIT_a9fbde,ORD_a9fbde,BedLin_b097,1,3800.0,3800.0
9855,ORIT_f56f60,ORD_f56f60,MatPoc_f6cb,1,17500.0,17500.0
9856,ORIT_310363,ORD_310363,PilFea_56ac,1,650.0,650.0
9857,ORIT_efe98b,ORD_efe98b,PilFea_8a5d,2,650.0,1300.0
9858,ORIT_8ea128,ORD_8ea128,PilPol_662f,4,180.0,720.0
9859,ORIT_4f224e,ORD_4f224e,MatSpr_06ac,1,4000.0,4000.0
9860,ORIT_074c4d,ORD_074c4d,PilFea_115c,1,650.0,650.0
9861,ORIT_806c4e,ORD_806c4e,PilPol_662f,1,180.0,180.0
9862,ORIT_61a0f6,ORD_61a0f6,MatPoc_2df5,1,17500.0,17500.0
9863,ORIT_b2c6da,ORD_b2c6da,MatPoc_6ee7,1,13000.0,13000.0
9864,ORIT_57321b,ORD_57321b,MatFoa_4414,1,3500.0,3500.0
9865,ORIT_f0dfe1,ORD_f0dfe1,MatSpr_28ce,1,6000.0,6000.0
9866,ORIT_d58b6e,ORD_d58b6e,BedLin_2f24,1,2000.0,2000.0
9867,ORIT_8edb84,ORD_8edb84,BolPol_cfd7,3,220.0,660.0
9868,ORIT_96a721,ORD_96a721,BedCot_4a29,2,800.0,1600.0
9869,ORIT_e5e354,ORD_e5e354,MatFoa_4414,1,3500.0,3500.0
9870,ORIT_de0f9e,ORD_de0f9e,BedCot_6141,1,800.0,800.0
9871,ORIT_098473,ORD_098473,BedCot_d278,1,1200.0,1200.0
9872,ORIT_c0cf5d,ORD_c0cf5d,MatSpr_28ce,4,6000.0,24000.0
9873,ORIT_a1c9d1,ORD_a1c9d1,MatPoc_6ee7,4,13000.0,52000.0
9874,ORIT_b7a451,ORD_b7a451,MatPoc_1e64,3,8500.0,25500.0
9875,ORIT_4c5347,ORD_4c5347,BedCot_6141,3,800.0,2400.0
9876,ORIT_9ee980,ORD_9ee980,BedCot_2397,2,1500.0,3000.0
9877,ORIT_23b6cb,ORD_23b6cb,BedCot_17f5,4,1500.0,6000.0
9878,ORIT_96a5b8,ORD_96a5b8,MatSpr_28ce,4,6000.0,24000.0
9879,ORIT_874e2e,ORD_874e2e,PilPol_662f,3,180.0,540.0
9880,ORIT_821367,ORD_821367,MatSpr_acd0,4,8000.0,32000.0
9881,ORIT_a95d4d,ORD_a95d4d,MatSpr_ba3a,4,8000.0,32000.0
9882,ORIT_9841b3,ORD_9841b3,MatPoc_1e64,2,8500.0,17000.0
9883,ORIT_adea66,ORD_adea66,MatSpr_ba3a,4,8000.0,32000.0
9884,ORIT_99e3ec,ORD_99e3ec,BolPol_82d7,3,220.0,660.0
9885,ORIT_151ad2,ORD_151ad2,BolCot_3050,3,300.0,900.0
9886,ORIT_fcd80c,ORD_fcd80c,MatSpr_ccc4,2,6000.0,12000.0
9887,ORIT_ee7f88,ORD_ee7f88,BedCot_2397,3,1500.0,4500.0
9888,ORIT_822ad6,ORD_822ad6,PilFea_8a5d,4,650.0,2600.0
9889,ORIT_0bb20c,ORD_0bb20c,BedCot_c645,2,1200.0,2400.0
9890,ORIT_c1bd85,ORD_c1bd85,MatPoc_f6cb,2,17500.0,35000.0
9891,ORIT_8782c8,ORD_8782c8,MatSpr_ccc4,1,6000.0,6000.0
9892,ORIT_fb123d,ORD_fb123d,BedCot_c645,1,1200.0,1200.0
9893,ORIT_fa4d62,ORD_fa4d62,PilFea_56ac,1,650.0,650.0
9894,ORIT_6fbe39,ORD_6fbe39,BlaFle_7daf,1,600.0,600.0
9895,ORIT_e23d73,ORD_e23d73,MatSpr_06ac,3,4000.0,12000.0
9896,ORIT_57409a,ORD_57409a,MatSpr_acd0,1,8000.0,8000.0
9897,ORIT_141903,ORD_141903,BedPol_239e,2,600.0,1200.0
9898,ORIT_5efdff,ORD_5efdff,BlaFle_394c,2,600.0,1200.0
9899,ORIT_e48df4,ORD_e48df4,MatPoc_2df5,1,17500.0,17500.0
9900,ORIT_de4eeb,ORD_de4eeb,MatSpr_ba3a,1,8000.0,8000.0
9901,ORIT_f50ec7,ORD_f50ec7,MatSpr_ccc4,1,6000.0,6000.0
9902,ORIT_22ea51,ORD_22ea51,MatSpr_ccc4,2,6000.0,12000.0
9903,ORIT_4e978a,ORD_4e978a,MatSpr_28ce,1,6000.0,6000.0
9904,ORIT_5c2b77,ORD_5c2b77,MatSpr_ba3a,2,8000.0,16000.0
9905,ORIT_a4144f,ORD_a4144f,MatSpr_56a3,2,4000.0,8000.0
9906,ORIT_7060b7,ORD_7060b7,MatSpr_acd0,1,8000.0,8000.0
9907,ORIT_9bf188,ORD_9bf188,MatFoa_4414,3,3500.0,10500.0
9908,ORIT_644c51,ORD_644c51,PilPol_662f,2,180.0,360.0
9909,ORIT_2f31be,ORD_2f31be,BedPol_2724,1,400.0,400.0
9910,ORIT_e5cbd2,ORD_e5cbd2,MatSpr_acd0,1,8000.0,8000.0
9911,ORIT_820bfa,ORD_820bfa,MatSpr_56a3,1,4000.0,4000.0
9912,ORIT_e3c68c,ORD_e3c68c,BedCot_4e8b,1,1500.0,1500.0
9913,ORIT_abcbed,ORD_abcbed,BedCot_2449,1,800.0,800.0
9914,ORIT_2c78e7,ORD_2c78e7,MatSpr_28ce,1,6000.0,6000.0
9915,ORIT_f09c6d,ORD_f09c6d,BedCot_d278,4,1200.0,4800.0
9916,ORIT_a9fa74,ORD_a9fa74,BolPol_82d7,1,220.0,220.0
9917,ORIT_3ed538,ORD_3ed538,MatPoc_6ee7,1,13000.0,13000.0
9918,ORIT_3a5929,ORD_3a5929,PilFea_56ac,1,650.0,650.0
9919,ORIT_31690f,ORD_31690f,MatPoc_45de,1,13000.0,13000.0
9920,ORIT_6db0d5,ORD_6db0d5,MatPoc_f6cb,1,17500.0,17500.0
9921,ORIT_106b23,ORD_106b23,MatSpr_ccc4,1,6000.0,6000.0
9922,ORIT_4c9f42,ORD_4c9f42,MatPoc_45de,1,13000.0,13000.0
9923,ORIT_1ca50f,ORD_1ca50f,BedCot_4e8b,3,1500.0,4500.0
9924,ORIT_b70ea0,ORD_b70ea0,MatFoa_8cd2,1,3500.0,3500.0
9925,ORIT_3675ed,ORD_3675ed,BolPol_82d7,1,220.0,220.0
9926,ORIT_5ac01e,ORD_5ac01e,BedCot_4e8b,3,1500.0,4500.0
9927,ORIT_8967fb,ORD_8967fb,PilPol_662f,1,180.0,180.0
9928,ORIT_ee10a6,ORD_ee10a6,PilFea_8a5d,2,650.0,1300.0
9929,ORIT_a410c8,ORD_a410c8,BolPol_cfd7,1,220.0,220.0
9930,ORIT_232abd,ORD_232abd,MatFoa_e09a,1,5500.0,5500.0
9931,ORIT_36bc41,ORD_36bc41,PilPol_a442,2,180.0,360.0
9932,ORIT_216aaa,ORD_216aaa,BolPol_cfd7,1,220.0,220.0
9933,ORIT_8b78cb,ORD_8b78cb,MatFoa_e09a,1,5500.0,5500.0
9934,ORIT_4ce514,ORD_4ce514,MatPoc_2df5,1,17500.0,17500.0
9935,ORIT_c1313f,ORD_c1313f,PilFea_56ac,1,650.0,650.0
9936,ORIT_5f4c53,ORD_5f4c53,BolPol_82d7,1,220.0,220.0
9937,ORIT_6e66fc,ORD_6e66fc,BedPol_3807,1,500.0,500.0
9938,ORIT_76a7fc,ORD_76a7fc,MatPoc_2df5,1,17500.0,17500.0
9939,ORIT_e3a594,ORD_e3a594,PilPol_a442,1,180.0,180.0
9940,ORIT_c98996,ORD_c98996,MatSpr_28ce,2,6000.0,12000.0
9941,ORIT_b79666,ORD_b79666,BlaFle_1485,1,300.0,300.0
9942,ORIT_c8666d,ORD_c8666d,MatSpr_ba3a,1,8000.0,8000.0
9943,ORIT_f8bce1,ORD_f8bce1,BolPol_cfd7,2,220.0,440.0
9944,ORIT_bd60dd,ORD_bd60dd,MatPoc_f6cb,2,17500.0,35000.0
9945,ORIT_a6be8d,ORD_a6be8d,MatPoc_2df5,1,17500.0,17500.0
9946,ORIT_190733,ORD_190733,MatSpr_acd0,1,8000.0,8000.0
9947,ORIT_eb5e3c,ORD_eb5e3c,MatFoa_28ad,1,7500.0,7500.0
9948,ORIT_da6b14,ORD_da6b14,MatFoa_28ad,1,7500.0,7500.0
9949,ORIT_90336a,ORD_90336a,BolPol_82d7,1,220.0,220.0
9950,ORIT_e13b1f,ORD_e13b1f,MatSpr_ccc4,1,6000.0,6000.0
9951,ORIT_a5ff07,ORD_a5ff07,BlaFla_f995,1,1000.0,1000.0
9952,ORIT_bb0acf,ORD_bb0acf,MatPoc_45de,2,13000.0,26000.0
9953,ORIT_247b2b,ORD_247b2b,BedPol_e8c9,1,400.0,400.0
9954,ORIT_e3479b,ORD_e3479b,MatSpr_28ce,1,6000.0,6000.0
9955,ORIT_808601,ORD_808601,MatFoa_e09a,1,5500.0,5500.0
9956,ORIT_dc433b,ORD_dc433b,BolPol_cfd7,3,220.0,660.0
9957,ORIT_ff283c,ORD_ff283c,MatSpr_ba3a,1,8000.0,8000.0
9958,ORIT_6255f6,ORD_6255f6,BedCot_87ca,2,1200.0,2400.0
9959,ORIT_a5c2c5,ORD_a5c2c5,MatFoa_4414,1,3500.0,3500.0
9960,ORIT_9cd22f,ORD_9cd22f,BedCot_6141,1,800.0,800.0
9961,ORIT_49e9bd,ORD_49e9bd,MatSpr_ccc4,3,6000.0,18000.0
9962,ORIT_1269c7,ORD_1269c7,BolPol_f3ad,4,220.0,880.0
9963,ORIT_eca987,ORD_eca987,BolCot_31e6,4,300.0,1200.0
9964,ORIT_e80f1a,ORD_e80f1a,MatSpr_ba3a,3,8000.0,24000.0
9965,ORIT_8fd65e,ORD_8fd65e,MatPoc_2df5,3,17500.0,52500.0
9966,ORIT_9cb819,ORD_9cb819,MatSpr_06ac,2,4000.0,8000.0
9967,ORIT_36866d,ORD_36866d,MatSpr_ccc4,3,6000.0,18000.0
9968,ORIT_d8bf2c,ORD_d8bf2c,BolPol_82d7,3,220.0,660.0
9969,ORIT_fbfd89,ORD_fbfd89,MatSpr_ccc4,4,6000.0,24000.0
9970,ORIT_d7ff30,ORD_d7ff30,MatSpr_28ce,3,6000.0,18000.0
9971,ORIT_0fbd35,ORD_0fbd35,MatPoc_6ee7,3,13000.0,39000.0
9972,ORIT_9a00b2,ORD_9a00b2,PilCot_b22a,2,250.0,500.0
9973,ORIT_9e75c7,ORD_9e75c7,MatSpr_ccc4,2,6000.0,12000.0
9974,ORIT_dee727,ORD_dee727,MatFoa_8cd2,1,3500.0,3500.0
9975,ORIT_302aa4,ORD_302aa4,MatFoa_182e,1,5500.0,5500.0
9976,ORIT_89629b,ORD_89629b,MatSpr_56a3,1,4000.0,4000.0
9977,ORIT_755a55,ORD_755a55,PilFea_115c,2,650.0,1300.0
9978,ORIT_73df75,ORD_73df75,MatPoc_f6cb,2,17500.0,35000.0
9979,ORIT_e48104,ORD_e48104,MatPoc_2df5,3,17500.0,52500.0
9980,ORIT_d6ba00,ORD_d6ba00,BedPol_2724,3,400.0,1200.0
9981,ORIT_a0779a,ORD_a0779a,BedLin_d846,1,2000.0,2000.0
9982,ORIT_4a743c,ORD_4a743c,PilPol_a442,3,180.0,540.0
9983,ORIT_344542,ORD_344542,MatSpr_06ac,3,4000.0,12000.0
9984,ORIT_bded7b,ORD_bded7b,BedLin_5d3d,3,4200.0,12600.0
9985,ORIT_9a3f15,ORD_9a3f15,MatPoc_2df5,1,17500.0,17500.0
9986,ORIT_e314c3,ORD_e314c3,MatPoc_2df5,4,17500.0,70000.0
9987,ORIT_e6491b,ORD_e6491b,MatPoc_2df5,4,17500.0,70000.0
9988,ORIT_d73c68,ORD_d73c68,MatPoc_2df5,4,17500.0,70000.0
9989,ORIT_cbef24,ORD_cbef24,BedCot_4a29,4,800.0,3200.0
9990,ORIT_15378d,ORD_15378d,BlaFle_c9a0,3,600.0,1800.0
9991,ORIT_e67095,ORD_e67095,MatPoc_45de,3,13000.0,39000.0
9992,ORIT_267068,ORD_267068,MatFoa_182e,4,5500.0,22000.0
9993,ORIT_933500,ORD_933500,BedCot_6141,4,800.0,3200.0
9994,ORIT_366550,ORD_366550,MatFoa_e09a,4,5500.0,22000.0
9995,ORIT_80ff60,ORD_80ff60,BolPol_82d7,1,220.0,220.0
9996,ORIT_bc8856,ORD_bc8856,BedPol_3807,3,500.0,1500.0
9997,ORIT_c9086e,ORD_c9086e,PilFea_8a5d,3,650.0,1950.0
9998,ORIT_66c33a,ORD_66c33a,PilFea_8a5d,1,650.0,650.0
9999,ORIT_cd50ac,ORD_cd50ac,BedCot_6141,1,800.0,800.0
10000,ORIT_653942,ORD_653942,BedCot_2397,2,1500.0,3000.0
10001,ORIT_598217,ORD_598217,MatPoc_45de,1,13000.0,13000.0
10002,ORIT_d73bb5,ORD_d73bb5,MatSpr_ccc4,2,6000.0,12000.0
10003,ORIT_527889,ORD_527889,BedCot_c645,2,1200.0,2400.0
10004,ORIT_76de65,ORD_76de65,BedCot_d278,1,1200.0,1200.0
10005,ORIT_a594ef,ORD_a594ef,MatPoc_45de,1,13000.0,13000.0
10006,ORIT_14604e,ORD_14604e,PilPol_3076,1,180.0,180.0
10007,ORIT_3d3250,ORD_3d3250,PilPol_3076,2,180.0,360.0
10008,ORIT_f6cb31,ORD_f6cb31,MatPoc_f6cb,1,17500.0,17500.0
10009,ORIT_4502ad,ORD_4502ad,MatSpr_ccc4,1,6000.0,6000.0
10010,ORIT_b455d5,ORD_b455d5,MatSpr_06ac,2,4000.0,8000.0
10011,ORIT_d2d388,ORD_d2d388,MatSpr_56a3,1,4000.0,4000.0
10012,ORIT_762c40,ORD_762c40,MatSpr_acd0,1,8000.0,8000.0
10013,ORIT_cdc175,ORD_cdc175,MatSpr_56a3,1,4000.0,4000.0
10014,ORIT_cef632,ORD_cef632,BedCot_4e8b,1,1500.0,1500.0
10015,ORIT_e2d0e2,ORD_e2d0e2,BedLin_d846,1,2000.0,2000.0
10016,ORIT_69816d,ORD_69816d,MatSpr_ba3a,1,8000.0,8000.0
10017,ORIT_7ed9ed,ORD_7ed9ed,BedCot_2449,2,800.0,1600.0
10018,ORIT_8f81f0,ORD_8f81f0,BedCot_4a29,3,800.0,2400.0
10019,ORIT_62cd88,ORD_62cd88,BedCot_2397,1,1500.0,1500.0
10020,ORIT_28dddf,ORD_28dddf,PilPol_a442,1,180.0,180.0
10021,ORIT_8b57a7,ORD_8b57a7,BolPol_cfd7,2,220.0,440.0
10022,ORIT_6c3377,ORD_6c3377,BlaFle_1485,1,300.0,300.0
10023,ORIT_ed0fc5,ORD_ed0fc5,BlaFle_7daf,1,600.0,600.0
10024,ORIT_96a136,ORD_96a136,MatSpr_acd0,1,8000.0,8000.0
10025,ORIT_d3ff75,ORD_d3ff75,BlaFle_33f0,1,700.0,700.0
10026,ORIT_363115,ORD_363115,MatPoc_45de,2,13000.0,26000.0
10027,ORIT_7a9b74,ORD_7a9b74,MatSpr_ccc4,1,6000.0,6000.0
10028,ORIT_5d9c9c,ORD_5d9c9c,BedCot_17f5,1,1500.0,1500.0
10029,ORIT_e94dea,ORD_e94dea,PilFea_115c,1,650.0,650.0
10030,ORIT_dfeaff,ORD_dfeaff,PilPol_3076,1,180.0,180.0
10031,ORIT_cd52f9,ORD_cd52f9,MatPoc_27a0,2,8500.0,17000.0
10032,ORIT_229815,ORD_229815,BedLin_b097,1,3800.0,3800.0
10033,ORIT_956fe2,ORD_956fe2,MatFoa_13fa,2,7500.0,15000.0
10034,ORIT_278dbe,ORD_278dbe,MatPoc_6ee7,3,13000.0,39000.0
10035,ORIT_42e9be,ORD_42e9be,MatPoc_f6cb,1,17500.0,17500.0
10036,ORIT_a82ded,ORD_a82ded,BedCot_2449,1,800.0,800.0
10037,ORIT_92affa,ORD_92affa,MatPoc_f6cb,2,17500.0,35000.0
10038,ORIT_662e95,ORD_662e95,MatFoa_182e,1,5500.0,5500.0
10039,ORIT_1ee371,ORD_1ee371,BedCot_6141,1,800.0,800.0
10040,ORIT_1f0976,ORD_1f0976,BedPol_3807,2,500.0,1000.0
10041,ORIT_f7af73,ORD_f7af73,BedLin_5d3d,1,4200.0,4200.0
10042,ORIT_3c637a,ORD_3c637a,BedCot_17f5,1,1500.0,1500.0
10043,ORIT_c87823,ORD_c87823,MatSpr_ccc4,1,6000.0,6000.0
10044,ORIT_7e3f07,ORD_7e3f07,PilCot_3481,1,250.0,250.0
10045,ORIT_cf760b,ORD_cf760b,MatSpr_28ce,1,6000.0,6000.0
10046,ORIT_4c26fc,ORD_4c26fc,BedPol_f406,1,500.0,500.0
10047,ORIT_b80917,ORD_b80917,PilPol_662f,2,180.0,360.0
10048,ORIT_367d2b,ORD_367d2b,MatPoc_f6cb,1,17500.0,17500.0
10049,ORIT_478e29,ORD_478e29,MatSpr_ba3a,2,8000.0,16000.0
10050,ORIT_33ad1f,ORD_33ad1f,BedCot_c645,1,1200.0,1200.0
10051,ORIT_7b3685,ORD_7b3685,BlaFle_1485,1,300.0,300.0
10052,ORIT_354303,ORD_354303,MatSpr_28ce,1,6000.0,6000.0
10053,ORIT_6cd78c,ORD_6cd78c,BedCot_2449,1,800.0,800.0
10054,ORIT_c32edc,ORD_c32edc,BolPol_cfd7,2,220.0,440.0
10055,ORIT_b70565,ORD_b70565,MatSpr_28ce,1,6000.0,6000.0
10056,ORIT_003c35,ORD_003c35,PilPol_a442,1,180.0,180.0
10057,ORIT_028326,ORD_028326,BedPol_5ab8,1,600.0,600.0
10058,ORIT_7d033b,ORD_7d033b,MatPoc_27a0,1,8500.0,8500.0
10059,ORIT_98bba2,ORD_98bba2,MatPoc_f6cb,1,17500.0,17500.0
10060,ORIT_3ff08d,ORD_3ff08d,BedCot_17f5,2,1500.0,3000.0
10061,ORIT_aa5d3d,ORD_aa5d3d,BedPol_239e,2,600.0,1200.0
10062,ORIT_a65de7,ORD_a65de7,BedPol_5144,3,600.0,1800.0
10063,ORIT_cac1e6,ORD_cac1e6,BedCot_d278,3,1200.0,3600.0
10064,ORIT_082149,ORD_082149,MatPoc_45de,2,13000.0,26000.0
10065,ORIT_c1a706,ORD_c1a706,MatPoc_f6cb,3,17500.0,52500.0
10066,ORIT_72f745,ORD_72f745,BlaCot_572e,3,2200.0,6600.0
10067,ORIT_ae1734,ORD_ae1734,BedCot_d278,4,1200.0,4800.0
10068,ORIT_4e7c2b,ORD_4e7c2b,MatSpr_ba3a,4,8000.0,32000.0
10069,ORIT_61c535,ORD_61c535,MatFoa_182e,3,5500.0,16500.0
10070,ORIT_5f7518,ORD_5f7518,PilPol_662f,1,180.0,180.0
10071,ORIT_0ee4b1,ORD_0ee4b1,BedCot_17f5,3,1500.0,4500.0
10072,ORIT_d3e23c,ORD_d3e23c,BedCot_4a29,3,800.0,2400.0
10073,ORIT_faad2f,ORD_faad2f,MatSpr_ba3a,4,8000.0,32000.0
10074,ORIT_18084a,ORD_18084a,MatSpr_acd0,2,8000.0,16000.0
10075,ORIT_3b943f,ORD_3b943f,MatSpr_56a3,2,4000.0,8000.0
10076,ORIT_775f1d,ORD_775f1d,PilFea_56ac,4,650.0,2600.0
10077,ORIT_e3f271,ORD_e3f271,MatSpr_ccc4,4,6000.0,24000.0
10078,ORIT_552d40,ORD_552d40,BedCot_87ca,3,1200.0,3600.0
10079,ORIT_ace111,ORD_ace111,MatSpr_ba3a,1,8000.0,8000.0
10080,ORIT_e2804e,ORD_e2804e,BedPol_e8c9,1,400.0,400.0
10081,ORIT_235f59,ORD_235f59,MatSpr_28ce,1,6000.0,6000.0
10082,ORIT_ca7ed4,ORD_ca7ed4,BedCot_2397,1,1500.0,1500.0
10083,ORIT_ce133f,ORD_ce133f,MatSpr_acd0,1,8000.0,8000.0
10084,ORIT_af39b8,ORD_af39b8,BedCot_d278,2,1200.0,2400.0
10085,ORIT_cab0c5,ORD_cab0c5,MatPoc_2df5,2,17500.0,35000.0
10086,ORIT_716010,ORD_716010,PilPol_3076,3,180.0,540.0
10087,ORIT_55880e,ORD_55880e,BolPol_cfd7,2,220.0,440.0
10088,ORIT_fbb3d1,ORD_fbb3d1,MatFoa_e09a,1,5500.0,5500.0
10089,ORIT_6730f3,ORD_6730f3,BedCot_d278,2,1200.0,2400.0
10090,ORIT_176474,ORD_176474,MatSpr_acd0,1,8000.0,8000.0
10091,ORIT_8b635c,ORD_8b635c,MatPoc_1e64,3,8500.0,25500.0
10092,ORIT_97a768,ORD_97a768,MatSpr_28ce,2,6000.0,12000.0
10093,ORIT_e8804f,ORD_e8804f,BedCot_4a29,1,800.0,800.0
10094,ORIT_d11069,ORD_d11069,BolPol_82d7,1,220.0,220.0
10095,ORIT_2e70c4,ORD_2e70c4,BolPol_82d7,1,220.0,220.0
10096,ORIT_971bde,ORD_971bde,BolPol_82d7,1,220.0,220.0
10097,ORIT_128e82,ORD_128e82,PilPol_a442,1,180.0,180.0
10098,ORIT_eac373,ORD_eac373,BedCot_c645,1,1200.0,1200.0
10099,ORIT_e54695,ORD_e54695,PilPol_662f,1,180.0,180.0
10100,ORIT_0f94e8,ORD_0f94e8,MatPoc_45de,1,13000.0,13000.0
10101,ORIT_2eded7,ORD_2eded7,BolPol_f3ad,1,220.0,220.0
10102,ORIT_6ea5c7,ORD_6ea5c7,BolPol_f3ad,2,220.0,440.0
10103,ORIT_b3a4a7,ORD_b3a4a7,BedCot_4e8b,1,1500.0,1500.0
10104,ORIT_bfd832,ORD_bfd832,BolPol_f3ad,2,220.0,440.0
10105,ORIT_423275,ORD_423275,BolCot_3050,1,300.0,300.0
10106,ORIT_d0aa13,ORD_d0aa13,PilPol_662f,2,180.0,360.0
10107,ORIT_04ac3f,ORD_04ac3f,BolPol_f3ad,1,220.0,220.0
10108,ORIT_5915dd,ORD_5915dd,BolPol_82d7,1,220.0,220.0
10109,ORIT_daa084,ORD_daa084,MatSpr_56a3,3,4000.0,12000.0
10110,ORIT_6066fa,ORD_6066fa,BlaFle_33f0,1,700.0,700.0
10111,ORIT_6d2274,ORD_6d2274,BolCot_21df,1,300.0,300.0
10112,ORIT_aa1ada,ORD_aa1ada,MatFoa_8cd2,1,3500.0,3500.0
10113,ORIT_2bd35c,ORD_2bd35c,BolCot_31e6,3,300.0,900.0
10114,ORIT_d10f2b,ORD_d10f2b,BedCot_2449,1,800.0,800.0
10115,ORIT_7b9473,ORD_7b9473,BolPol_f3ad,1,220.0,220.0
10116,ORIT_5a0ccd,ORD_5a0ccd,BedPol_5ab8,1,600.0,600.0
10117,ORIT_01ca72,ORD_01ca72,BolPol_f3ad,1,220.0,220.0
10118,ORIT_d0ad34,ORD_d0ad34,PilPol_a442,2,180.0,360.0
10119,ORIT_9f8599,ORD_9f8599,BedPol_5144,2,600.0,1200.0
10120,ORIT_1c3d11,ORD_1c3d11,BolPol_f3ad,2,220.0,440.0
10121,ORIT_5e6947,ORD_5e6947,MatPoc_45de,2,13000.0,26000.0
10122,ORIT_dc4c37,ORD_dc4c37,MatSpr_ba3a,1,8000.0,8000.0
10123,ORIT_41fae6,ORD_41fae6,MatPoc_45de,1,13000.0,13000.0
10124,ORIT_2340fe,ORD_2340fe,BedCot_2449,1,800.0,800.0
10125,ORIT_6589c8,ORD_6589c8,BolPol_82d7,1,220.0,220.0
10126,ORIT_337c41,ORD_337c41,PilFea_8a5d,1,650.0,650.0
10127,ORIT_eb9def,ORD_eb9def,MatSpr_ba3a,2,8000.0,16000.0
10128,ORIT_739882,ORD_739882,MatSpr_acd0,1,8000.0,8000.0
10129,ORIT_958da8,ORD_958da8,PilPol_a442,1,180.0,180.0
10130,ORIT_ed1196,ORD_ed1196,MatPoc_f6cb,1,17500.0,17500.0
10131,ORIT_78c121,ORD_78c121,MatPoc_2df5,3,17500.0,52500.0
10132,ORIT_71c598,ORD_71c598,PilPol_662f,2,180.0,360.0
10133,ORIT_2c0039,ORD_2c0039,MatSpr_ba3a,4,8000.0,32000.0
10134,ORIT_15fa7e,ORD_15fa7e,BlaFle_33f0,3,700.0,2100.0
10135,ORIT_9c15df,ORD_9c15df,PilFea_115c,2,650.0,1300.0
10136,ORIT_f07ae5,ORD_f07ae5,MatPoc_27a0,1,8500.0,8500.0
10137,ORIT_c0da11,ORD_c0da11,PilPol_3076,4,180.0,720.0
10138,ORIT_e33263,ORD_e33263,PilPol_3076,3,180.0,540.0
10139,ORIT_a58912,ORD_a58912,MatSpr_ccc4,4,6000.0,24000.0
10140,ORIT_000dad,ORD_000dad,MatSpr_28ce,3,6000.0,18000.0
10141,ORIT_33465a,ORD_33465a,PilPol_662f,1,180.0,180.0
10142,ORIT_de6db8,ORD_de6db8,BedCot_4a29,2,800.0,1600.0
10143,ORIT_cb48ee,ORD_cb48ee,MatPoc_2df5,2,17500.0,35000.0
10144,ORIT_145246,ORD_145246,MatPoc_2df5,4,17500.0,70000.0
10145,ORIT_b962c5,ORD_b962c5,BedCot_17f5,3,1500.0,4500.0
10146,ORIT_4a425e,ORD_4a425e,MatFoa_28ad,3,7500.0,22500.0
10147,ORIT_9ac7e5,ORD_9ac7e5,BedPol_5ab8,3,600.0,1800.0
10148,ORIT_6d233d,ORD_6d233d,BedCot_87ca,1,1200.0,1200.0
10149,ORIT_6856c6,ORD_6856c6,MatPoc_2df5,1,17500.0,17500.0
10150,ORIT_8ce1d9,ORD_8ce1d9,PilCot_3481,1,250.0,250.0
10151,ORIT_4bea25,ORD_4bea25,MatPoc_6ee7,3,13000.0,39000.0
10152,ORIT_d8a121,ORD_d8a121,BedCot_2397,1,1500.0,1500.0
10153,ORIT_21d4d7,ORD_21d4d7,MatFoa_28ad,1,7500.0,7500.0
10154,ORIT_c7872f,ORD_c7872f,PilPol_a442,3,180.0,540.0
10155,ORIT_320cb7,ORD_320cb7,MatSpr_28ce,1,6000.0,6000.0
10156,ORIT_8d21ba,ORD_8d21ba,MatSpr_acd0,3,8000.0,24000.0
10157,ORIT_98a79d,ORD_98a79d,BedCot_d278,1,1200.0,1200.0
10158,ORIT_17c434,ORD_17c434,BedCot_d278,1,1200.0,1200.0
10159,ORIT_dc56d7,ORD_dc56d7,BedPol_239e,3,600.0,1800.0
10160,ORIT_15d179,ORD_15d179,MatSpr_28ce,2,6000.0,12000.0
10161,ORIT_ffbbe9,ORD_ffbbe9,MatSpr_acd0,1,8000.0,8000.0
10162,ORIT_68c7e9,ORD_68c7e9,BedCot_2397,2,1500.0,3000.0
10163,ORIT_ffaa3d,ORD_ffaa3d,PilPol_3076,1,180.0,180.0
10164,ORIT_967ba9,ORD_967ba9,BedCot_c645,4,1200.0,4800.0
10165,ORIT_473abc,ORD_473abc,BolFea_b87f,1,700.0,700.0
10166,ORIT_a2d679,ORD_a2d679,BolPol_cfd7,1,220.0,220.0
10167,ORIT_d1fe3f,ORD_d1fe3f,MatFoa_28ad,1,7500.0,7500.0
10168,ORIT_644276,ORD_644276,BedCot_d278,1,1200.0,1200.0
10169,ORIT_b3e90c,ORD_b3e90c,BolPol_f3ad,2,220.0,440.0
10170,ORIT_235c72,ORD_235c72,PilPol_662f,3,180.0,540.0
10171,ORIT_df481a,ORD_df481a,BedCot_c645,2,1200.0,2400.0
10172,ORIT_274d21,ORD_274d21,MatFoa_28ad,3,7500.0,22500.0
10173,ORIT_6afe79,ORD_6afe79,MatSpr_06ac,4,4000.0,16000.0
10174,ORIT_9a5754,ORD_9a5754,MatSpr_ba3a,2,8000.0,16000.0
10175,ORIT_214c04,ORD_214c04,MatSpr_28ce,3,6000.0,18000.0
10176,ORIT_1351c8,ORD_1351c8,PilPol_3076,2,180.0,360.0
10177,ORIT_5497bd,ORD_5497bd,MatSpr_ba3a,2,8000.0,16000.0
10178,ORIT_5186dc,ORD_5186dc,BedCot_2397,4,1500.0,6000.0
10179,ORIT_624bf0,ORD_624bf0,MatSpr_56a3,3,4000.0,12000.0
10180,ORIT_173b3c,ORD_173b3c,MatSpr_ccc4,3,6000.0,18000.0
10181,ORIT_352eb7,ORD_352eb7,MatPoc_2df5,1,17500.0,17500.0
10182,ORIT_d24274,ORD_d24274,MatSpr_ba3a,2,8000.0,16000.0
10183,ORIT_560c1b,ORD_560c1b,MatSpr_ba3a,3,8000.0,24000.0
10184,ORIT_0d49d4,ORD_0d49d4,MatSpr_ccc4,3,6000.0,18000.0
10185,ORIT_5a2497,ORD_5a2497,PilFea_115c,3,650.0,1950.0
10186,ORIT_3f7e40,ORD_3f7e40,BedCot_6141,1,800.0,800.0
10187,ORIT_24f62a,ORD_24f62a,MatPoc_2df5,4,17500.0,70000.0
10188,ORIT_363714,ORD_363714,MatSpr_acd0,2,8000.0,16000.0
10189,ORIT_d7754a,ORD_d7754a,BedPol_239e,4,600.0,2400.0
10190,ORIT_5412c3,ORD_5412c3,BedLin_aa0f,4,4200.0,16800.0
10191,ORIT_4e97e2,ORD_4e97e2,BedCot_2449,2,800.0,1600.0
10192,ORIT_07bebf,ORD_07bebf,MatFoa_28ad,3,7500.0,22500.0
10193,ORIT_fb188f,ORD_fb188f,BolCot_21df,3,300.0,900.0
10194,ORIT_6c2c25,ORD_6c2c25,MatSpr_ba3a,4,8000.0,32000.0
10195,ORIT_c443eb,ORD_c443eb,PilPol_3076,1,180.0,180.0
10196,ORIT_f99b92,ORD_f99b92,BolFea_d1d6,4,700.0,2800.0
10197,ORIT_70d5d4,ORD_70d5d4,MatSpr_acd0,4,8000.0,32000.0
10198,ORIT_1de04b,ORD_1de04b,BedLin_5d3d,2,4200.0,8400.0
10199,ORIT_e92937,ORD_e92937,MatPoc_2df5,3,17500.0,52500.0
10200,ORIT_a3b423,ORD_a3b423,BedCot_2397,1,1500.0,1500.0
10201,ORIT_fc15c1,ORD_fc15c1,BedCot_17f5,1,1500.0,1500.0
10202,ORIT_093efa,ORD_093efa,BedCot_17f5,1,1500.0,1500.0
10203,ORIT_4fbd01,ORD_4fbd01,MatFoa_8cd2,1,3500.0,3500.0
10204,ORIT_f67646,ORD_f67646,MatSpr_06ac,2,4000.0,8000.0
10205,ORIT_5f2310,ORD_5f2310,MatPoc_6ee7,2,13000.0,26000.0
10206,ORIT_dfe1d1,ORD_dfe1d1,BedPol_2724,2,400.0,800.0
10207,ORIT_af13bb,ORD_af13bb,MatFoa_e09a,3,5500.0,16500.0
10208,ORIT_46cd76,ORD_46cd76,MatPoc_2df5,1,17500.0,17500.0
10209,ORIT_5fb680,ORD_5fb680,MatPoc_f6cb,1,17500.0,17500.0
10210,ORIT_4b9e71,ORD_4b9e71,MatPoc_45de,1,13000.0,13000.0
10211,ORIT_e6f0ba,ORD_e6f0ba,BedPol_239e,3,600.0,1800.0
10212,ORIT_57e426,ORD_57e426,BlaFla_1d9c,2,1000.0,2000.0
10213,ORIT_d1557b,ORD_d1557b,MatPoc_2df5,3,17500.0,52500.0
10214,ORIT_b75bff,ORD_b75bff,MatFoa_4414,1,3500.0,3500.0
10215,ORIT_8f9753,ORD_8f9753,BolPol_f3ad,2,220.0,440.0
10216,ORIT_97ff5e,ORD_97ff5e,MatFoa_e09a,3,5500.0,16500.0
10217,ORIT_f7b31c,ORD_f7b31c,BedCot_4e8b,4,1500.0,6000.0
10218,ORIT_1a2db4,ORD_1a2db4,BedCot_4e8b,4,1500.0,6000.0
10219,ORIT_64e6d4,ORD_64e6d4,BedPol_5144,2,600.0,1200.0
10220,ORIT_70ab0a,ORD_70ab0a,MatPoc_2df5,3,17500.0,52500.0
10221,ORIT_3357ed,ORD_3357ed,BolPol_cfd7,3,220.0,660.0
10222,ORIT_88285c,ORD_88285c,MatSpr_ccc4,3,6000.0,18000.0
10223,ORIT_d40368,ORD_d40368,MatPoc_1e64,2,8500.0,17000.0
10224,ORIT_d9431b,ORD_d9431b,MatPoc_f6cb,1,17500.0,17500.0
10225,ORIT_ea4050,ORD_ea4050,BedPol_5ab8,1,600.0,600.0
10226,ORIT_55afd4,ORD_55afd4,BolPol_cfd7,3,220.0,660.0
10227,ORIT_e688c2,ORD_e688c2,MatSpr_acd0,1,8000.0,8000.0
10228,ORIT_660481,ORD_660481,BedCot_2397,3,1500.0,4500.0
10229,ORIT_fb3315,ORD_fb3315,MatFoa_182e,1,5500.0,5500.0
10230,ORIT_40a8f4,ORD_40a8f4,PilPol_662f,3,180.0,540.0
10231,ORIT_bf59c6,ORD_bf59c6,BedPol_e8c9,1,400.0,400.0
10232,ORIT_c02b2f,ORD_c02b2f,BedCot_87ca,2,1200.0,2400.0
10233,ORIT_463d3f,ORD_463d3f,MatSpr_acd0,2,8000.0,16000.0
10234,ORIT_d07405,ORD_d07405,MatPoc_6ee7,1,13000.0,13000.0
10235,ORIT_1d3154,ORD_1d3154,BedCot_4e8b,1,1500.0,1500.0
10236,ORIT_b2f2d6,ORD_b2f2d6,BedCot_c645,1,1200.0,1200.0
10237,ORIT_987b0a,ORD_987b0a,BedCot_2449,1,800.0,800.0
10238,ORIT_2f8e85,ORD_2f8e85,MatPoc_45de,1,13000.0,13000.0
10239,ORIT_d9d7eb,ORD_d9d7eb,MatPoc_2df5,2,17500.0,35000.0
10240,ORIT_23ac08,ORD_23ac08,MatSpr_28ce,1,6000.0,6000.0
10241,ORIT_f4d301,ORD_f4d301,MatPoc_f6cb,1,17500.0,17500.0
10242,ORIT_e4ef3b,ORD_e4ef3b,BedCot_17f5,2,1500.0,3000.0
10243,ORIT_040ed3,ORD_040ed3,MatSpr_acd0,1,8000.0,8000.0
10244,ORIT_dd7077,ORD_dd7077,MatFoa_182e,1,5500.0,5500.0
10245,ORIT_8a4ceb,ORD_8a4ceb,PilPol_3076,2,180.0,360.0
10246,ORIT_fdb983,ORD_fdb983,BolPol_82d7,2,220.0,440.0
10247,ORIT_dce874,ORD_dce874,BedCot_2449,3,800.0,2400.0
10248,ORIT_d110f6,ORD_d110f6,BedPol_e8c9,3,400.0,1200.0
10249,ORIT_33b81c,ORD_33b81c,BolPol_f3ad,2,220.0,440.0
10250,ORIT_4ea1d3,ORD_4ea1d3,MatFoa_13fa,3,7500.0,22500.0
10251,ORIT_d5531b,ORD_d5531b,MatFoa_182e,4,5500.0,22000.0
10252,ORIT_8f8da9,ORD_8f8da9,MatPoc_45de,4,13000.0,52000.0
10253,ORIT_bcec5d,ORD_bcec5d,PilFea_115c,2,650.0,1300.0
10254,ORIT_8b3640,ORD_8b3640,PilPol_a442,3,180.0,540.0
10255,ORIT_824ad8,ORD_824ad8,PilPol_662f,4,180.0,720.0
10256,ORIT_daea0a,ORD_daea0a,MatFoa_8cd2,4,3500.0,14000.0
10257,ORIT_37f85c,ORD_37f85c,BolCot_21df,1,300.0,300.0
10258,ORIT_d5d8f7,ORD_d5d8f7,BolPol_82d7,3,220.0,660.0
10259,ORIT_ece060,ORD_ece060,BedCot_4e8b,3,1500.0,4500.0
10260,ORIT_b05a17,ORD_b05a17,BedCot_d278,1,1200.0,1200.0
10261,ORIT_dfca29,ORD_dfca29,PilFea_115c,2,650.0,1300.0
10262,ORIT_d10f33,ORD_d10f33,BedCot_4a29,2,800.0,1600.0
10263,ORIT_bd1eeb,ORD_bd1eeb,PilPol_3076,4,180.0,720.0
10264,ORIT_ec115e,ORD_ec115e,BedCot_6141,1,800.0,800.0
10265,ORIT_246a3a,ORD_246a3a,MatSpr_ccc4,1,6000.0,6000.0
10266,ORIT_1388e2,ORD_1388e2,MatPoc_f6cb,1,17500.0,17500.0
10267,ORIT_127f37,ORD_127f37,PilPol_3076,1,180.0,180.0
10268,ORIT_54ece8,ORD_54ece8,MatSpr_06ac,1,4000.0,4000.0
10269,ORIT_a89238,ORD_a89238,BedCot_87ca,1,1200.0,1200.0
10270,ORIT_13a494,ORD_13a494,MatFoa_e09a,1,5500.0,5500.0
10271,ORIT_afecfd,ORD_afecfd,PilPol_a442,1,180.0,180.0
10272,ORIT_d486d4,ORD_d486d4,MatSpr_ccc4,1,6000.0,6000.0
10273,ORIT_1639a2,ORD_1639a2,BolCot_3050,1,300.0,300.0
10274,ORIT_4702f5,ORD_4702f5,PilPol_3076,2,180.0,360.0
10275,ORIT_a76c66,ORD_a76c66,MatSpr_56a3,1,4000.0,4000.0
10276,ORIT_f5ddd9,ORD_f5ddd9,MatSpr_28ce,1,6000.0,6000.0
10277,ORIT_857305,ORD_857305,BedPol_239e,1,600.0,600.0
10278,ORIT_c9765c,ORD_c9765c,BedCot_4e8b,2,1500.0,3000.0
10279,ORIT_ab58f8,ORD_ab58f8,PilPol_662f,3,180.0,540.0
10280,ORIT_35d3ac,ORD_35d3ac,MatPoc_f6cb,2,17500.0,35000.0
10281,ORIT_0464c6,ORD_0464c6,BolPol_82d7,1,220.0,220.0
10282,ORIT_ba46a5,ORD_ba46a5,MatPoc_f6cb,1,17500.0,17500.0
10283,ORIT_271584,ORD_271584,MatPoc_f6cb,1,17500.0,17500.0
10284,ORIT_b7fef6,ORD_b7fef6,MatSpr_06ac,1,4000.0,4000.0
10285,ORIT_1ee428,ORD_1ee428,MatPoc_2df5,1,17500.0,17500.0
10286,ORIT_4257bd,ORD_4257bd,BedCot_87ca,1,1200.0,1200.0
10287,ORIT_0312c9,ORD_0312c9,BedCot_17f5,2,1500.0,3000.0
10288,ORIT_0af023,ORD_0af023,BlaCot_572e,1,2200.0,2200.0
10289,ORIT_40af13,ORD_40af13,MatSpr_28ce,1,6000.0,6000.0
10290,ORIT_7e5107,ORD_7e5107,BedCot_2397,1,1500.0,1500.0
10291,ORIT_420b82,ORD_420b82,MatFoa_182e,3,5500.0,16500.0
10292,ORIT_28c0cd,ORD_28c0cd,MatSpr_ba3a,3,8000.0,24000.0
10293,ORIT_988e05,ORD_988e05,BedCot_2449,4,800.0,3200.0
10294,ORIT_3e4e57,ORD_3e4e57,BolFea_d1d6,2,700.0,1400.0
10295,ORIT_5fbcc3,ORD_5fbcc3,MatSpr_ba3a,2,8000.0,16000.0
10296,ORIT_4b9fc9,ORD_4b9fc9,BedCot_87ca,2,1200.0,2400.0
10297,ORIT_8302c1,ORD_8302c1,BedCot_17f5,3,1500.0,4500.0
10298,ORIT_ea0227,ORD_ea0227,MatSpr_ccc4,3,6000.0,18000.0
10299,ORIT_62e4ae,ORD_62e4ae,MatSpr_ba3a,3,8000.0,24000.0
10300,ORIT_5efad2,ORD_5efad2,PilPol_662f,2,180.0,360.0
10301,ORIT_5f1fba,ORD_5f1fba,BolPol_f3ad,1,220.0,220.0
10302,ORIT_a9d375,ORD_a9d375,BedCot_17f5,1,1500.0,1500.0
10303,ORIT_2f1fc3,ORD_2f1fc3,BedCot_2397,1,1500.0,1500.0
10304,ORIT_7e464f,ORD_7e464f,MatPoc_f6cb,1,17500.0,17500.0
10305,ORIT_e19c03,ORD_e19c03,BolCot_3050,1,300.0,300.0
10306,ORIT_444e49,ORD_444e49,MatSpr_28ce,1,6000.0,6000.0
10307,ORIT_6b4ccc,ORD_6b4ccc,MatSpr_28ce,1,6000.0,6000.0
10308,ORIT_2d883e,ORD_2d883e,MatPoc_f6cb,1,17500.0,17500.0
10309,ORIT_4bc0bc,ORD_4bc0bc,MatPoc_2df5,1,17500.0,17500.0
10310,ORIT_d3d122,ORD_d3d122,PilPol_3076,1,180.0,180.0
10311,ORIT_0d3977,ORD_0d3977,PilPol_662f,2,180.0,360.0
10312,ORIT_5bd182,ORD_5bd182,MatSpr_ba3a,2,8000.0,16000.0
10313,ORIT_efb7d5,ORD_efb7d5,BedCot_2397,4,1500.0,6000.0
10314,ORIT_0f77a9,ORD_0f77a9,MatSpr_ccc4,3,6000.0,18000.0
10315,ORIT_2e8b00,ORD_2e8b00,MatFoa_4414,4,3500.0,14000.0
10316,ORIT_8433c0,ORD_8433c0,MatSpr_06ac,1,4000.0,4000.0
10317,ORIT_03be2c,ORD_03be2c,MatFoa_182e,4,5500.0,22000.0
10318,ORIT_a6d8d5,ORD_a6d8d5,MatPoc_f6cb,2,17500.0,35000.0
10319,ORIT_2c68e9,ORD_2c68e9,PilPol_3076,2,180.0,360.0
10320,ORIT_171744,ORD_171744,MatSpr_acd0,3,8000.0,24000.0
10321,ORIT_73d177,ORD_73d177,MatFoa_28ad,3,7500.0,22500.0
10322,ORIT_577677,ORD_577677,MatPoc_f6cb,2,17500.0,35000.0
10323,ORIT_56f424,ORD_56f424,PilFea_115c,3,650.0,1950.0
10324,ORIT_8e2922,ORD_8e2922,MatSpr_acd0,3,8000.0,24000.0
10325,ORIT_6faba5,ORD_6faba5,MatSpr_acd0,3,8000.0,24000.0
10326,ORIT_ba0065,ORD_ba0065,MatSpr_28ce,3,6000.0,18000.0
10327,ORIT_6613d9,ORD_6613d9,BedPol_e207,3,400.0,1200.0
10328,ORIT_23b09f,ORD_23b09f,MatPoc_2df5,1,17500.0,17500.0
10329,ORIT_291166,ORD_291166,MatSpr_06ac,1,4000.0,4000.0
10330,ORIT_581647,ORD_581647,MatSpr_acd0,4,8000.0,32000.0
10331,ORIT_64def3,ORD_64def3,BolPol_82d7,1,220.0,220.0
10332,ORIT_9f5ead,ORD_9f5ead,MatPoc_f6cb,1,17500.0,17500.0
10333,ORIT_46a422,ORD_46a422,MatSpr_acd0,1,8000.0,8000.0
10334,ORIT_c7ae71,ORD_c7ae71,MatSpr_06ac,1,4000.0,4000.0
10335,ORIT_dfcaaa,ORD_dfcaaa,MatSpr_ba3a,4,8000.0,32000.0
10336,ORIT_24e59a,ORD_24e59a,MatSpr_acd0,1,8000.0,8000.0
10337,ORIT_253c51,ORD_253c51,BedPol_2724,3,400.0,1200.0
10338,ORIT_7547e6,ORD_7547e6,PilPol_a442,4,180.0,720.0
10339,ORIT_dafebd,ORD_dafebd,BedCot_6141,1,800.0,800.0
10340,ORIT_f8e84f,ORD_f8e84f,MatPoc_2df5,1,17500.0,17500.0
10341,ORIT_7d33da,ORD_7d33da,MatPoc_f6cb,1,17500.0,17500.0
10342,ORIT_f2c41c,ORD_f2c41c,PilFea_8a5d,1,650.0,650.0
10343,ORIT_6ee3c5,ORD_6ee3c5,BolFea_98d4,2,700.0,1400.0
10344,ORIT_ef55b3,ORD_ef55b3,BolPol_cfd7,2,220.0,440.0
10345,ORIT_82d2b7,ORD_82d2b7,MatSpr_56a3,1,4000.0,4000.0
10346,ORIT_0c0bc6,ORD_0c0bc6,BedCot_4a29,1,800.0,800.0
10347,ORIT_1cf0ff,ORD_1cf0ff,MatSpr_28ce,3,6000.0,18000.0
10348,ORIT_0239fe,ORD_0239fe,PilPol_662f,1,180.0,180.0
10349,ORIT_8834f4,ORD_8834f4,PilPol_3076,2,180.0,360.0
10350,ORIT_393177,ORD_393177,MatPoc_45de,1,13000.0,13000.0
10351,ORIT_c9e772,ORD_c9e772,MatPoc_45de,2,13000.0,26000.0
10352,ORIT_35072e,ORD_35072e,BedLin_b097,2,3800.0,7600.0
10353,ORIT_e1804e,ORD_e1804e,MatPoc_6ee7,1,13000.0,13000.0
10354,ORIT_d0c22c,ORD_d0c22c,MatPoc_6ee7,1,13000.0,13000.0
10355,ORIT_4ea427,ORD_4ea427,BedCot_6141,1,800.0,800.0
10356,ORIT_90196e,ORD_90196e,MatSpr_acd0,2,8000.0,16000.0
10357,ORIT_7043c1,ORD_7043c1,MatSpr_acd0,4,8000.0,32000.0
10358,ORIT_ffe495,ORD_ffe495,MatSpr_acd0,4,8000.0,32000.0
10359,ORIT_03dd58,ORD_03dd58,MatSpr_ccc4,3,6000.0,18000.0
10360,ORIT_2aa07f,ORD_2aa07f,MatFoa_13fa,2,7500.0,15000.0
10361,ORIT_e682c7,ORD_e682c7,MatFoa_e09a,1,5500.0,5500.0
10362,ORIT_8b459e,ORD_8b459e,PilFea_115c,3,650.0,1950.0
10363,ORIT_404917,ORD_404917,PilPol_a442,2,180.0,360.0
10364,ORIT_74fc93,ORD_74fc93,MatSpr_acd0,4,8000.0,32000.0
10365,ORIT_b06b09,ORD_b06b09,PilFea_115c,4,650.0,2600.0
10366,ORIT_7e70d3,ORD_7e70d3,BedCot_2397,3,1500.0,4500.0
10367,ORIT_2731d6,ORD_2731d6,BedCot_d278,3,1200.0,3600.0
10368,ORIT_132685,ORD_132685,BolPol_82d7,2,220.0,440.0
10369,ORIT_4d6fef,ORD_4d6fef,MatSpr_ba3a,3,8000.0,24000.0
10370,ORIT_0a3add,ORD_0a3add,BedPol_5ab8,4,600.0,2400.0
10371,ORIT_3ea7cf,ORD_3ea7cf,MatSpr_ccc4,2,6000.0,12000.0
10372,ORIT_3a1b67,ORD_3a1b67,PilPol_662f,1,180.0,180.0
10373,ORIT_d09577,ORD_d09577,MatFoa_8cd2,3,3500.0,10500.0
10374,ORIT_b6f913,ORD_b6f913,BedLin_5d3d,3,4200.0,12600.0
10375,ORIT_27c616,ORD_27c616,BolPol_f3ad,2,220.0,440.0
10376,ORIT_d93e38,ORD_d93e38,BolPol_cfd7,1,220.0,220.0
10377,ORIT_f77132,ORD_f77132,BedCot_4e8b,1,1500.0,1500.0
10378,ORIT_17b15a,ORD_17b15a,MatPoc_f6cb,2,17500.0,35000.0
10379,ORIT_c31641,ORD_c31641,MatPoc_45de,1,13000.0,13000.0
10380,ORIT_2c7c6a,ORD_2c7c6a,MatSpr_28ce,2,6000.0,12000.0
10381,ORIT_8ba968,ORD_8ba968,BlaFle_0f50,1,300.0,300.0
10382,ORIT_ddd7ef,ORD_ddd7ef,MatFoa_28ad,2,7500.0,15000.0
10383,ORIT_154028,ORD_154028,PilFea_115c,1,650.0,650.0
10384,ORIT_4844cd,ORD_4844cd,BedPol_e207,1,400.0,400.0
10385,ORIT_d366fc,ORD_d366fc,MatFoa_182e,1,5500.0,5500.0
10386,ORIT_810aa2,ORD_810aa2,PilPol_a442,1,180.0,180.0
10387,ORIT_22bf65,ORD_22bf65,MatSpr_56a3,1,4000.0,4000.0
10388,ORIT_f8793b,ORD_f8793b,MatPoc_27a0,1,8500.0,8500.0
10389,ORIT_5dfb25,ORD_5dfb25,MatSpr_ba3a,1,8000.0,8000.0
10390,ORIT_e3890a,ORD_e3890a,BedPol_5ab8,1,600.0,600.0
10391,ORIT_ef5d31,ORD_ef5d31,BedPol_d3de,1,500.0,500.0
10392,ORIT_230390,ORD_230390,PilCot_3481,3,250.0,750.0
10393,ORIT_b8fa5e,ORD_b8fa5e,MatSpr_28ce,1,6000.0,6000.0
10394,ORIT_433a8f,ORD_433a8f,MatSpr_ccc4,4,6000.0,24000.0
10395,ORIT_15919d,ORD_15919d,BolCot_31e6,3,300.0,900.0
10396,ORIT_e16c23,ORD_e16c23,MatFoa_13fa,2,7500.0,15000.0
10397,ORIT_9b7158,ORD_9b7158,MatSpr_28ce,3,6000.0,18000.0
10398,ORIT_48480a,ORD_48480a,BedCot_2397,2,1500.0,3000.0
10399,ORIT_c44c34,ORD_c44c34,MatFoa_e09a,3,5500.0,16500.0
10400,ORIT_c80b53,ORD_c80b53,MatSpr_acd0,3,8000.0,24000.0
10401,ORIT_32a574,ORD_32a574,MatPoc_2df5,3,17500.0,52500.0
10402,ORIT_5e8da6,ORD_5e8da6,MatFoa_13fa,2,7500.0,15000.0
10403,ORIT_d9db16,ORD_d9db16,MatSpr_28ce,1,6000.0,6000.0
10404,ORIT_89c565,ORD_89c565,BlaCot_9ef6,3,2200.0,6600.0
10405,ORIT_4daf89,ORD_4daf89,BedCot_17f5,3,1500.0,4500.0
10406,ORIT_36df2d,ORD_36df2d,MatPoc_45de,2,13000.0,26000.0
10407,ORIT_d5b369,ORD_d5b369,PilFea_8a5d,3,650.0,1950.0
10408,ORIT_c1bc26,ORD_c1bc26,BedCot_87ca,3,1200.0,3600.0
10409,ORIT_4c0679,ORD_4c0679,BedCot_2449,4,800.0,3200.0
10410,ORIT_c3da41,ORD_c3da41,MatSpr_ccc4,3,6000.0,18000.0
10411,ORIT_65142a,ORD_65142a,PilFea_56ac,3,650.0,1950.0
10412,ORIT_e654b9,ORD_e654b9,BedPol_e8c9,3,400.0,1200.0
10413,ORIT_4da68e,ORD_4da68e,PilFea_115c,4,650.0,2600.0
10414,ORIT_debb4c,ORD_debb4c,BedLin_18f8,3,2000.0,6000.0
10415,ORIT_fa1a71,ORD_fa1a71,MatSpr_acd0,2,8000.0,16000.0
10416,ORIT_d09c3b,ORD_d09c3b,MatPoc_2df5,3,17500.0,52500.0
10417,ORIT_15042d,ORD_15042d,MatSpr_56a3,1,4000.0,4000.0
10418,ORIT_3653c9,ORD_3653c9,BedCot_17f5,1,1500.0,1500.0
10419,ORIT_79d392,ORD_79d392,PilPol_662f,1,180.0,180.0
10420,ORIT_dba086,ORD_dba086,MatSpr_06ac,1,4000.0,4000.0
10421,ORIT_62ec26,ORD_62ec26,MatSpr_28ce,1,6000.0,6000.0
10422,ORIT_62ee92,ORD_62ee92,BedCot_17f5,1,1500.0,1500.0
10423,ORIT_f8f5c9,ORD_f8f5c9,MatSpr_06ac,1,4000.0,4000.0
10424,ORIT_da36b3,ORD_da36b3,MatPoc_27a0,2,8500.0,17000.0
10425,ORIT_0e2cfc,ORD_0e2cfc,MatSpr_ba3a,2,8000.0,16000.0
10426,ORIT_e4b135,ORD_e4b135,MatPoc_f6cb,2,17500.0,35000.0
10427,ORIT_f0a10e,ORD_f0a10e,BedCot_4e8b,1,1500.0,1500.0
10428,ORIT_60c8f1,ORD_60c8f1,BedCot_4a29,2,800.0,1600.0
10429,ORIT_e1984e,ORD_e1984e,MatSpr_acd0,1,8000.0,8000.0
10430,ORIT_4e77f9,ORD_4e77f9,BedCot_2397,2,1500.0,3000.0
10431,ORIT_04b039,ORD_04b039,BedCot_6141,1,800.0,800.0
10432,ORIT_58af83,ORD_58af83,PilPol_3076,1,180.0,180.0
10433,ORIT_c972c9,ORD_c972c9,MatPoc_f6cb,1,17500.0,17500.0
10434,ORIT_07df07,ORD_07df07,BedCot_17f5,1,1500.0,1500.0
10435,ORIT_879ea4,ORD_879ea4,MatFoa_8cd2,4,3500.0,14000.0
10436,ORIT_fb8fae,ORD_fb8fae,MatSpr_ba3a,1,8000.0,8000.0
10437,ORIT_794588,ORD_794588,MatPoc_45de,1,13000.0,13000.0
10438,ORIT_3d954d,ORD_3d954d,MatPoc_2df5,1,17500.0,17500.0
10439,ORIT_89e76b,ORD_89e76b,BedCot_87ca,1,1200.0,1200.0
10440,ORIT_0766e6,ORD_0766e6,BolPol_82d7,2,220.0,440.0
10441,ORIT_4c3902,ORD_4c3902,BedCot_2397,2,1500.0,3000.0
10442,ORIT_c58019,ORD_c58019,BedCot_6141,1,800.0,800.0
10443,ORIT_999cb5,ORD_999cb5,MatPoc_27a0,3,8500.0,25500.0
10444,ORIT_f17d10,ORD_f17d10,MatSpr_ccc4,3,6000.0,18000.0
10445,ORIT_e56b07,ORD_e56b07,BedLin_aa0f,1,4200.0,4200.0
10446,ORIT_8580f9,ORD_8580f9,BedLin_d846,1,2000.0,2000.0
10447,ORIT_b5d757,ORD_b5d757,PilFea_56ac,2,650.0,1300.0
10448,ORIT_939033,ORD_939033,BedPol_d3de,3,500.0,1500.0
10449,ORIT_42e3a9,ORD_42e3a9,BedPol_f406,2,500.0,1000.0
10450,ORIT_247842,ORD_247842,BedCot_2449,1,800.0,800.0
10451,ORIT_755913,ORD_755913,MatPoc_2df5,1,17500.0,17500.0
10452,ORIT_1a2fe3,ORD_1a2fe3,BedCot_87ca,1,1200.0,1200.0
10453,ORIT_411815,ORD_411815,MatFoa_182e,1,5500.0,5500.0
10454,ORIT_dee67d,ORD_dee67d,BolCot_3050,1,300.0,300.0
10455,ORIT_14d2b4,ORD_14d2b4,MatFoa_28ad,1,7500.0,7500.0
10456,ORIT_ece84a,ORD_ece84a,PilPol_3076,2,180.0,360.0
10457,ORIT_21dcc0,ORD_21dcc0,BedCot_17f5,1,1500.0,1500.0
10458,ORIT_07fe50,ORD_07fe50,BolPol_cfd7,1,220.0,220.0
10459,ORIT_77fd43,ORD_77fd43,PilPol_3076,1,180.0,180.0
10460,ORIT_a62b6e,ORD_a62b6e,BedPol_5ab8,2,600.0,1200.0
10461,ORIT_cf9929,ORD_cf9929,MatSpr_acd0,1,8000.0,8000.0
10462,ORIT_826c62,ORD_826c62,MatPoc_f6cb,1,17500.0,17500.0
10463,ORIT_4dcc8a,ORD_4dcc8a,BedPol_e8c9,1,400.0,400.0
10464,ORIT_258158,ORD_258158,BedPol_239e,1,600.0,600.0
10465,ORIT_ecbcca,ORD_ecbcca,MatSpr_ccc4,1,6000.0,6000.0
10466,ORIT_acb889,ORD_acb889,BolPol_f3ad,1,220.0,220.0
10467,ORIT_bd3a21,ORD_bd3a21,PilFea_115c,1,650.0,650.0
10468,ORIT_788c96,ORD_788c96,PilFea_8a5d,1,650.0,650.0
10469,ORIT_bccece,ORD_bccece,BedLin_d846,1,2000.0,2000.0
10470,ORIT_22a926,ORD_22a926,BedLin_5d3d,1,4200.0,4200.0
10471,ORIT_f80552,ORD_f80552,MatSpr_ccc4,1,6000.0,6000.0
10472,ORIT_e45083,ORD_e45083,MatPoc_45de,1,13000.0,13000.0
10473,ORIT_0e3740,ORD_0e3740,BedCot_4e8b,2,1500.0,3000.0
10474,ORIT_b88ebd,ORD_b88ebd,MatPoc_27a0,1,8500.0,8500.0
10475,ORIT_6fbc8b,ORD_6fbc8b,BedCot_2397,1,1500.0,1500.0
10476,ORIT_bef74e,ORD_bef74e,BedPol_e207,2,400.0,800.0
10477,ORIT_530a87,ORD_530a87,MatSpr_56a3,2,4000.0,8000.0
10478,ORIT_1fb30f,ORD_1fb30f,BedCot_2449,1,800.0,800.0
10479,ORIT_ecfa38,ORD_ecfa38,BolPol_82d7,1,220.0,220.0
10480,ORIT_724745,ORD_724745,BedPol_239e,1,600.0,600.0
10481,ORIT_33b13a,ORD_33b13a,MatSpr_acd0,2,8000.0,16000.0
10482,ORIT_16ae88,ORD_16ae88,BedCot_17f5,1,1500.0,1500.0
10483,ORIT_5e8829,ORD_5e8829,PilFea_56ac,2,650.0,1300.0
10484,ORIT_63021c,ORD_63021c,BolFea_d1d6,2,700.0,1400.0
10485,ORIT_9e7d5c,ORD_9e7d5c,PilPol_a442,1,180.0,180.0
10486,ORIT_cb4171,ORD_cb4171,MatSpr_56a3,2,4000.0,8000.0
10487,ORIT_a48be9,ORD_a48be9,MatFoa_13fa,1,7500.0,7500.0
10488,ORIT_c9663a,ORD_c9663a,MatFoa_4414,2,3500.0,7000.0
10489,ORIT_2f4f66,ORD_2f4f66,BedCot_2397,1,1500.0,1500.0
10490,ORIT_c34151,ORD_c34151,MatPoc_45de,1,13000.0,13000.0
10491,ORIT_d925aa,ORD_d925aa,PilFea_56ac,1,650.0,650.0
10492,ORIT_96f3f7,ORD_96f3f7,BolPol_82d7,1,220.0,220.0
10493,ORIT_9cd5a1,ORD_9cd5a1,PilPol_662f,1,180.0,180.0
10494,ORIT_72be9a,ORD_72be9a,BedCot_6141,1,800.0,800.0
10495,ORIT_088b06,ORD_088b06,MatFoa_8cd2,1,3500.0,3500.0
10496,ORIT_be03e3,ORD_be03e3,MatSpr_ccc4,2,6000.0,12000.0
10497,ORIT_4e0001,ORD_4e0001,MatPoc_2df5,1,17500.0,17500.0
10498,ORIT_5ba9b3,ORD_5ba9b3,MatPoc_45de,1,13000.0,13000.0
10499,ORIT_45fe69,ORD_45fe69,MatPoc_6ee7,3,13000.0,39000.0
10500,ORIT_8f4004,ORD_8f4004,BolPol_82d7,1,220.0,220.0
10501,ORIT_9bec35,ORD_9bec35,MatFoa_182e,1,5500.0,5500.0
10502,ORIT_a80e0a,ORD_a80e0a,MatSpr_ba3a,1,8000.0,8000.0
10503,ORIT_5f016e,ORD_5f016e,BolPol_f3ad,2,220.0,440.0
10504,ORIT_e791ac,ORD_e791ac,BedCot_2397,1,1500.0,1500.0
10505,ORIT_618bdf,ORD_618bdf,BolPol_f3ad,2,220.0,440.0
10506,ORIT_ae3cfa,ORD_ae3cfa,MatSpr_28ce,1,6000.0,6000.0
10507,ORIT_e6ab35,ORD_e6ab35,BedPol_2724,3,400.0,1200.0
10508,ORIT_6bec42,ORD_6bec42,BedCot_4e8b,2,1500.0,3000.0
10509,ORIT_ad2e2c,ORD_ad2e2c,MatPoc_6ee7,4,13000.0,52000.0
10510,ORIT_c910b0,ORD_c910b0,MatSpr_56a3,1,4000.0,4000.0
10511,ORIT_da9019,ORD_da9019,BolPol_cfd7,1,220.0,220.0
10512,ORIT_395c42,ORD_395c42,BedCot_6141,1,800.0,800.0
10513,ORIT_6c5e07,ORD_6c5e07,MatFoa_e09a,1,5500.0,5500.0
10514,ORIT_0eac9c,ORD_0eac9c,MatPoc_1e64,4,8500.0,34000.0
10515,ORIT_73dbed,ORD_73dbed,MatPoc_f6cb,1,17500.0,17500.0
10516,ORIT_5029cb,ORD_5029cb,BlaCot_9ebb,3,1200.0,3600.0
10517,ORIT_671e98,ORD_671e98,MatSpr_28ce,3,6000.0,18000.0
10518,ORIT_0330e8,ORD_0330e8,PilPol_662f,4,180.0,720.0
10519,ORIT_0d638f,ORD_0d638f,MatPoc_f6cb,4,17500.0,70000.0
10520,ORIT_a339b4,ORD_a339b4,MatSpr_56a3,2,4000.0,8000.0
10521,ORIT_d2b865,ORD_d2b865,PilPol_a442,3,180.0,540.0
10522,ORIT_d5ab9d,ORD_d5ab9d,PilPol_3076,4,180.0,720.0
10523,ORIT_1d1b83,ORD_1d1b83,PilPol_3076,3,180.0,540.0
10524,ORIT_fe6358,ORD_fe6358,MatPoc_f6cb,3,17500.0,52500.0
10525,ORIT_c72246,ORD_c72246,BedCot_c645,2,1200.0,2400.0
10526,ORIT_e71cae,ORD_e71cae,MatPoc_f6cb,1,17500.0,17500.0
10527,ORIT_2e9959,ORD_2e9959,BolCot_21df,3,300.0,900.0
10528,ORIT_a27179,ORD_a27179,PilFea_115c,3,650.0,1950.0
10529,ORIT_ed4fd9,ORD_ed4fd9,MatFoa_4414,1,3500.0,3500.0
10530,ORIT_81c22c,ORD_81c22c,BedPol_5144,3,600.0,1800.0
10531,ORIT_f1b866,ORD_f1b866,BedCot_2397,3,1500.0,4500.0
10532,ORIT_2d7ad1,ORD_2d7ad1,BedPol_e207,4,400.0,1600.0
10533,ORIT_a1a034,ORD_a1a034,BedLin_2f24,1,2000.0,2000.0
10534,ORIT_6b2e9e,ORD_6b2e9e,MatPoc_2df5,2,17500.0,35000.0
10535,ORIT_c0e4d1,ORD_c0e4d1,BolCot_31e6,3,300.0,900.0
10536,ORIT_b2fd3f,ORD_b2fd3f,MatSpr_28ce,2,6000.0,12000.0
10537,ORIT_ef315f,ORD_ef315f,MatPoc_f6cb,3,17500.0,52500.0
10538,ORIT_7a7fec,ORD_7a7fec,BedCot_2397,4,1500.0,6000.0
10539,ORIT_dd96c0,ORD_dd96c0,PilFea_8a5d,3,650.0,1950.0
10540,ORIT_59fa74,ORD_59fa74,PilCot_b22a,3,250.0,750.0
10541,ORIT_226d44,ORD_226d44,MatSpr_acd0,2,8000.0,16000.0
10542,ORIT_653263,ORD_653263,PilCot_3481,3,250.0,750.0
10543,ORIT_679118,ORD_679118,MatFoa_182e,1,5500.0,5500.0
10544,ORIT_cb4c6b,ORD_cb4c6b,PilPol_a442,1,180.0,180.0
10545,ORIT_fa45ff,ORD_fa45ff,PilFea_56ac,1,650.0,650.0
10546,ORIT_7ae925,ORD_7ae925,BedCot_17f5,1,1500.0,1500.0
10547,ORIT_9e9454,ORD_9e9454,BolCot_21df,1,300.0,300.0
10548,ORIT_2f9980,ORD_2f9980,BedCot_4a29,2,800.0,1600.0
10549,ORIT_d35eaa,ORD_d35eaa,BolFea_98d4,1,700.0,700.0
10550,ORIT_417e68,ORD_417e68,PilPol_3076,3,180.0,540.0
10551,ORIT_f35a0d,ORD_f35a0d,BolPol_f3ad,4,220.0,880.0
10552,ORIT_594882,ORD_594882,BedPol_2724,3,400.0,1200.0
10553,ORIT_39d8bb,ORD_39d8bb,MatSpr_28ce,4,6000.0,24000.0
10554,ORIT_53ffdb,ORD_53ffdb,MatSpr_ccc4,3,6000.0,18000.0
10555,ORIT_cfeb47,ORD_cfeb47,MatFoa_28ad,3,7500.0,22500.0
10556,ORIT_1015d6,ORD_1015d6,BolFea_d1d6,4,700.0,2800.0
10557,ORIT_c14bc6,ORD_c14bc6,PilPol_3076,2,180.0,360.0
10558,ORIT_92ed59,ORD_92ed59,BolCot_21df,4,300.0,1200.0
10559,ORIT_06aafb,ORD_06aafb,PilPol_a442,3,180.0,540.0
10560,ORIT_02a18c,ORD_02a18c,MatSpr_ccc4,3,6000.0,18000.0
10561,ORIT_79a4c2,ORD_79a4c2,MatSpr_acd0,4,8000.0,32000.0
10562,ORIT_8a10ef,ORD_8a10ef,BolCot_3050,2,300.0,600.0
10563,ORIT_6a0b78,ORD_6a0b78,BedCot_17f5,3,1500.0,4500.0
10564,ORIT_5147b9,ORD_5147b9,BedCot_4a29,3,800.0,2400.0
10565,ORIT_075d77,ORD_075d77,PilPol_a442,1,180.0,180.0
10566,ORIT_706352,ORD_706352,BolPol_cfd7,3,220.0,660.0
10567,ORIT_6beffe,ORD_6beffe,BolPol_f3ad,3,220.0,660.0
10568,ORIT_5b5e8a,ORD_5b5e8a,MatSpr_acd0,2,8000.0,16000.0
10569,ORIT_eff742,ORD_eff742,BedCot_2397,2,1500.0,3000.0
10570,ORIT_1b5a44,ORD_1b5a44,BedCot_4e8b,1,1500.0,1500.0
10571,ORIT_15cdb2,ORD_15cdb2,PilPol_3076,2,180.0,360.0
10572,ORIT_c2ea72,ORD_c2ea72,BlaFle_33f0,2,700.0,1400.0
10573,ORIT_96536e,ORD_96536e,BedCot_2397,1,1500.0,1500.0
10574,ORIT_be34aa,ORD_be34aa,MatSpr_acd0,1,8000.0,8000.0
10575,ORIT_beac30,ORD_beac30,PilPol_3076,2,180.0,360.0
10576,ORIT_30bb7a,ORD_30bb7a,MatPoc_45de,2,13000.0,26000.0
10577,ORIT_ed9980,ORD_ed9980,MatSpr_06ac,1,4000.0,4000.0
10578,ORIT_437278,ORD_437278,MatSpr_ccc4,2,6000.0,12000.0
10579,ORIT_369af1,ORD_369af1,PilPol_3076,3,180.0,540.0
10580,ORIT_e8626a,ORD_e8626a,BedPol_e207,4,400.0,1600.0
10581,ORIT_123eff,ORD_123eff,BedLin_aa0f,4,4200.0,16800.0
10582,ORIT_92ceac,ORD_92ceac,BedLin_f732,3,4200.0,12600.0
10583,ORIT_d5a087,ORD_d5a087,BlaCot_6c4b,3,2200.0,6600.0
10584,ORIT_db0bdd,ORD_db0bdd,PilFea_115c,3,650.0,1950.0
10585,ORIT_7237a0,ORD_7237a0,MatSpr_acd0,3,8000.0,24000.0
10586,ORIT_7d05e5,ORD_7d05e5,BedPol_3807,2,500.0,1000.0
10587,ORIT_bf6981,ORD_bf6981,MatPoc_2df5,3,17500.0,52500.0
10588,ORIT_c491ca,ORD_c491ca,BedCot_2397,3,1500.0,4500.0
10589,ORIT_6b0d68,ORD_6b0d68,MatSpr_28ce,3,6000.0,18000.0
10590,ORIT_6df90f,ORD_6df90f,BolPol_cfd7,1,220.0,220.0
10591,ORIT_df6832,ORD_df6832,PilFea_8a5d,1,650.0,650.0
10592,ORIT_b8169d,ORD_b8169d,PilPol_3076,1,180.0,180.0
10593,ORIT_fd4ed4,ORD_fd4ed4,PilFea_115c,1,650.0,650.0
10594,ORIT_e70b1c,ORD_e70b1c,MatSpr_56a3,3,4000.0,12000.0
10595,ORIT_a27293,ORD_a27293,BedPol_f406,1,500.0,500.0
10596,ORIT_0583eb,ORD_0583eb,BedLin_f732,1,4200.0,4200.0
10597,ORIT_9d56fa,ORD_9d56fa,MatPoc_1e64,1,8500.0,8500.0
10598,ORIT_b52d5b,ORD_b52d5b,BedCot_87ca,1,1200.0,1200.0
10599,ORIT_16361d,ORD_16361d,BedCot_6141,2,800.0,1600.0
10600,ORIT_1712a2,ORD_1712a2,BolCot_31e6,1,300.0,300.0
10601,ORIT_333c69,ORD_333c69,BlaFle_c9a0,1,600.0,600.0
10602,ORIT_23a729,ORD_23a729,BolCot_21df,1,300.0,300.0
10603,ORIT_72d5ca,ORD_72d5ca,BedPol_e8c9,1,400.0,400.0
10604,ORIT_8925bc,ORD_8925bc,MatSpr_ccc4,1,6000.0,6000.0
10605,ORIT_815187,ORD_815187,BedCot_4e8b,2,1500.0,3000.0
10606,ORIT_192787,ORD_192787,PilPol_a442,1,180.0,180.0
10607,ORIT_669a39,ORD_669a39,PilPol_3076,1,180.0,180.0
10608,ORIT_774aac,ORD_774aac,MatSpr_acd0,1,8000.0,8000.0
10609,ORIT_f531d7,ORD_f531d7,MatSpr_28ce,1,6000.0,6000.0
10610,ORIT_f6f211,ORD_f6f211,BedPol_e207,1,400.0,400.0
10611,ORIT_33ec34,ORD_33ec34,BedCot_2449,1,800.0,800.0
10612,ORIT_1a63d7,ORD_1a63d7,MatSpr_ccc4,1,6000.0,6000.0
10613,ORIT_c65f21,ORD_c65f21,MatSpr_acd0,1,8000.0,8000.0
10614,ORIT_b7f7b6,ORD_b7f7b6,MatSpr_ba3a,1,8000.0,8000.0
10615,ORIT_c50a6e,ORD_c50a6e,BedCot_17f5,1,1500.0,1500.0
10616,ORIT_3e3fa9,ORD_3e3fa9,PilPol_a442,1,180.0,180.0
10617,ORIT_b28492,ORD_b28492,MatSpr_28ce,1,6000.0,6000.0
10618,ORIT_58c9aa,ORD_58c9aa,BlaFle_33f0,1,700.0,700.0
10619,ORIT_91e7e0,ORD_91e7e0,BlaFle_7daf,1,600.0,600.0
10620,ORIT_2ee92f,ORD_2ee92f,MatPoc_27a0,1,8500.0,8500.0
10621,ORIT_3631f2,ORD_3631f2,BedCot_2397,2,1500.0,3000.0
10622,ORIT_f134fe,ORD_f134fe,BedPol_e8c9,1,400.0,400.0
10623,ORIT_c6519c,ORD_c6519c,MatSpr_ba3a,1,8000.0,8000.0
10624,ORIT_d4ce7d,ORD_d4ce7d,BedPol_239e,1,600.0,600.0
10625,ORIT_5eb831,ORD_5eb831,BedPol_5ab8,4,600.0,2400.0
10626,ORIT_b9a2cf,ORD_b9a2cf,BedPol_5ab8,3,600.0,1800.0
10627,ORIT_ec91cb,ORD_ec91cb,PilCot_f078,4,250.0,1000.0
10628,ORIT_5bca95,ORD_5bca95,PilFea_115c,3,650.0,1950.0
10629,ORIT_0d3ef5,ORD_0d3ef5,PilPol_662f,3,180.0,540.0
10630,ORIT_563cc5,ORD_563cc5,MatFoa_4414,3,3500.0,10500.0
10631,ORIT_59492f,ORD_59492f,MatPoc_6ee7,3,13000.0,39000.0
10632,ORIT_da85aa,ORD_da85aa,MatPoc_2df5,4,17500.0,70000.0
10633,ORIT_0cb7b4,ORD_0cb7b4,BolPol_cfd7,3,220.0,660.0
10634,ORIT_cf38c0,ORD_cf38c0,PilFea_115c,1,650.0,650.0
10635,ORIT_933819,ORD_933819,BedCot_17f5,2,1500.0,3000.0
10636,ORIT_c673b7,ORD_c673b7,BedCot_c645,3,1200.0,3600.0
10637,ORIT_84e09d,ORD_84e09d,BedPol_3807,3,500.0,1500.0
10638,ORIT_ba1a57,ORD_ba1a57,PilPol_662f,2,180.0,360.0
10639,ORIT_921f30,ORD_921f30,BolCot_31e6,3,300.0,900.0
10640,ORIT_5ea918,ORD_5ea918,BedCot_6141,4,800.0,3200.0
10641,ORIT_313933,ORD_313933,PilCot_f078,4,250.0,1000.0
10642,ORIT_6f6ecb,ORD_6f6ecb,MatPoc_f6cb,3,17500.0,52500.0
10643,ORIT_227d74,ORD_227d74,MatPoc_45de,3,13000.0,39000.0
10644,ORIT_963ece,ORD_963ece,BolPol_f3ad,3,220.0,660.0
10645,ORIT_e1b1d4,ORD_e1b1d4,BedCot_17f5,1,1500.0,1500.0
10646,ORIT_131745,ORD_131745,PilPol_3076,3,180.0,540.0
10647,ORIT_c500b1,ORD_c500b1,MatFoa_28ad,3,7500.0,22500.0
10648,ORIT_6c248a,ORD_6c248a,BedCot_87ca,3,1200.0,3600.0
10649,ORIT_7fc1a3,ORD_7fc1a3,PilPol_662f,3,180.0,540.0
10650,ORIT_071325,ORD_071325,BedCot_4e8b,4,1500.0,6000.0
10651,ORIT_542d1c,ORD_542d1c,MatSpr_56a3,4,4000.0,16000.0
10652,ORIT_bb759d,ORD_bb759d,PilFea_8a5d,4,650.0,2600.0
10653,ORIT_0d379c,ORD_0d379c,MatSpr_ba3a,2,8000.0,16000.0
10654,ORIT_bd74bb,ORD_bd74bb,BedPol_5144,2,600.0,1200.0
10655,ORIT_ef8e2d,ORD_ef8e2d,BolPol_cfd7,4,220.0,880.0
10656,ORIT_48f571,ORD_48f571,BedCot_2449,3,800.0,2400.0
10657,ORIT_23fd57,ORD_23fd57,MatFoa_8cd2,4,3500.0,14000.0
10658,ORIT_785bcf,ORD_785bcf,BolCot_31e6,1,300.0,300.0
10659,ORIT_7c59d4,ORD_7c59d4,PilFea_56ac,3,650.0,1950.0
10660,ORIT_34f9f7,ORD_34f9f7,MatPoc_2df5,4,17500.0,70000.0
10661,ORIT_79a304,ORD_79a304,MatSpr_56a3,4,4000.0,16000.0
10662,ORIT_887c92,ORD_887c92,PilPol_662f,3,180.0,540.0
10663,ORIT_52b82f,ORD_52b82f,MatPoc_1e64,4,8500.0,34000.0
10664,ORIT_29bf86,ORD_29bf86,BolCot_31e6,1,300.0,300.0
10665,ORIT_dc6476,ORD_dc6476,MatFoa_13fa,4,7500.0,30000.0
10666,ORIT_a7e5e8,ORD_a7e5e8,BedCot_4e8b,1,1500.0,1500.0
10667,ORIT_dc041a,ORD_dc041a,BedPol_2724,1,400.0,400.0
10668,ORIT_af1f36,ORD_af1f36,PilFea_8a5d,1,650.0,650.0
10669,ORIT_248ec5,ORD_248ec5,MatPoc_1e64,1,8500.0,8500.0
10670,ORIT_aca625,ORD_aca625,MatPoc_27a0,4,8500.0,34000.0
10671,ORIT_881ec9,ORD_881ec9,PilPol_662f,2,180.0,360.0
10672,ORIT_c6f24f,ORD_c6f24f,MatFoa_13fa,2,7500.0,15000.0
10673,ORIT_82324a,ORD_82324a,BedCot_d278,1,1200.0,1200.0
10674,ORIT_17396e,ORD_17396e,BolPol_f3ad,1,220.0,220.0
10675,ORIT_62d0f2,ORD_62d0f2,MatPoc_2df5,1,17500.0,17500.0
10676,ORIT_f0ad83,ORD_f0ad83,MatSpr_ccc4,1,6000.0,6000.0
10677,ORIT_0ec157,ORD_0ec157,MatSpr_28ce,1,6000.0,6000.0
10678,ORIT_b30dbd,ORD_b30dbd,MatSpr_ba3a,1,8000.0,8000.0
10679,ORIT_343c25,ORD_343c25,PilPol_662f,1,180.0,180.0
10680,ORIT_bc953d,ORD_bc953d,BedCot_17f5,1,1500.0,1500.0
10681,ORIT_e5b5eb,ORD_e5b5eb,PilPol_662f,1,180.0,180.0
10682,ORIT_ac9ddb,ORD_ac9ddb,MatPoc_45de,1,13000.0,13000.0
10683,ORIT_81f560,ORD_81f560,BlaCot_9ef6,1,2200.0,2200.0
10684,ORIT_9d6e2f,ORD_9d6e2f,MatPoc_27a0,1,8500.0,8500.0
10685,ORIT_858ccb,ORD_858ccb,BedCot_2397,2,1500.0,3000.0
10686,ORIT_3af34e,ORD_3af34e,BedCot_4e8b,1,1500.0,1500.0
10687,ORIT_d206a0,ORD_d206a0,BedPol_5ab8,1,600.0,600.0
10688,ORIT_30c993,ORD_30c993,BlaFla_1d9c,4,1000.0,4000.0
10689,ORIT_a6bf33,ORD_a6bf33,MatSpr_28ce,3,6000.0,18000.0
10690,ORIT_0951ad,ORD_0951ad,BedCot_d278,4,1200.0,4800.0
10691,ORIT_ac55ae,ORD_ac55ae,BlaCot_9ebb,4,1200.0,4800.0
10692,ORIT_f810a7,ORD_f810a7,MatSpr_acd0,1,8000.0,8000.0
10693,ORIT_fc3c5c,ORD_fc3c5c,MatSpr_ccc4,2,6000.0,12000.0
10694,ORIT_fa4673,ORD_fa4673,MatSpr_56a3,2,4000.0,8000.0
10695,ORIT_bb9b00,ORD_bb9b00,BolPol_82d7,2,220.0,440.0
10696,ORIT_a45ef0,ORD_a45ef0,MatSpr_ba3a,4,8000.0,32000.0
10697,ORIT_49fa82,ORD_49fa82,PilFea_115c,4,650.0,2600.0
10698,ORIT_df74e5,ORD_df74e5,BedCot_c645,1,1200.0,1200.0
10699,ORIT_5b45d0,ORD_5b45d0,MatSpr_28ce,4,6000.0,24000.0
10700,ORIT_91bcae,ORD_91bcae,PilPol_a442,2,180.0,360.0
10701,ORIT_25582a,ORD_25582a,PilCot_3481,3,250.0,750.0
10702,ORIT_5b25f1,ORD_5b25f1,MatPoc_1e64,3,8500.0,25500.0
10703,ORIT_b234e0,ORD_b234e0,MatFoa_e09a,3,5500.0,16500.0
10704,ORIT_ef013a,ORD_ef013a,MatSpr_ba3a,3,8000.0,24000.0
10705,ORIT_b8ef97,ORD_b8ef97,MatFoa_182e,4,5500.0,22000.0
10706,ORIT_b5ff37,ORD_b5ff37,BolPol_f3ad,3,220.0,660.0
10707,ORIT_6b2cc1,ORD_6b2cc1,MatSpr_acd0,3,8000.0,24000.0
10708,ORIT_8e5e44,ORD_8e5e44,PilPol_a442,4,180.0,720.0
10709,ORIT_2ea2b6,ORD_2ea2b6,PilPol_3076,2,180.0,360.0
10710,ORIT_5adc4b,ORD_5adc4b,MatPoc_f6cb,3,17500.0,52500.0
10711,ORIT_94b5b3,ORD_94b5b3,BedCot_c645,2,1200.0,2400.0
10712,ORIT_45dd50,ORD_45dd50,MatFoa_4414,2,3500.0,7000.0
10713,ORIT_d9c18a,ORD_d9c18a,PilFea_56ac,1,650.0,650.0
10714,ORIT_eebd6b,ORD_eebd6b,BedCot_2449,1,800.0,800.0
10715,ORIT_460576,ORD_460576,PilCot_b22a,1,250.0,250.0
10716,ORIT_bbdfb4,ORD_bbdfb4,MatPoc_45de,1,13000.0,13000.0
10717,ORIT_69cbcc,ORD_69cbcc,BedLin_5d3d,1,4200.0,4200.0
10718,ORIT_3ef8c7,ORD_3ef8c7,BolPol_82d7,1,220.0,220.0
10719,ORIT_36953e,ORD_36953e,PilPol_662f,2,180.0,360.0
10720,ORIT_f9f67d,ORD_f9f67d,MatPoc_6ee7,1,13000.0,13000.0
10721,ORIT_186500,ORD_186500,BedPol_3807,1,500.0,500.0
10722,ORIT_a8e046,ORD_a8e046,PilFea_8a5d,2,650.0,1300.0
10723,ORIT_8ad727,ORD_8ad727,PilPol_3076,2,180.0,360.0
10724,ORIT_8d3a7a,ORD_8d3a7a,BedPol_5ab8,1,600.0,600.0
10725,ORIT_57d415,ORD_57d415,MatFoa_182e,1,5500.0,5500.0
10726,ORIT_ab88d5,ORD_ab88d5,BolPol_cfd7,1,220.0,220.0
10727,ORIT_b0e10f,ORD_b0e10f,BolPol_f3ad,4,220.0,880.0
10728,ORIT_9c7274,ORD_9c7274,MatSpr_acd0,4,8000.0,32000.0
10729,ORIT_eb22aa,ORD_eb22aa,BolCot_31e6,2,300.0,600.0
10730,ORIT_ca3225,ORD_ca3225,MatPoc_45de,2,13000.0,26000.0
10731,ORIT_5b0dac,ORD_5b0dac,PilPol_3076,3,180.0,540.0
10732,ORIT_cb68e8,ORD_cb68e8,BolPol_f3ad,1,220.0,220.0
10733,ORIT_02f481,ORD_02f481,BedCot_2449,3,800.0,2400.0
10734,ORIT_05c71a,ORD_05c71a,BedCot_4e8b,1,1500.0,1500.0
10735,ORIT_709b6b,ORD_709b6b,BedCot_2449,4,800.0,3200.0
10736,ORIT_390733,ORD_390733,BolPol_82d7,1,220.0,220.0
10737,ORIT_c61ea2,ORD_c61ea2,BolPol_82d7,1,220.0,220.0
10738,ORIT_2542e1,ORD_2542e1,PilFea_56ac,2,650.0,1300.0
10739,ORIT_4cd316,ORD_4cd316,PilFea_8a5d,2,650.0,1300.0
10740,ORIT_09d8a5,ORD_09d8a5,MatSpr_28ce,2,6000.0,12000.0
10741,ORIT_fa091f,ORD_fa091f,MatSpr_acd0,2,8000.0,16000.0
10742,ORIT_abac55,ORD_abac55,MatPoc_f6cb,1,17500.0,17500.0
10743,ORIT_4ae53d,ORD_4ae53d,MatSpr_56a3,1,4000.0,4000.0
10744,ORIT_65ec34,ORD_65ec34,MatPoc_45de,1,13000.0,13000.0
10745,ORIT_a811e5,ORD_a811e5,BolPol_cfd7,1,220.0,220.0
10746,ORIT_c35964,ORD_c35964,MatSpr_28ce,1,6000.0,6000.0
10747,ORIT_87cb3c,ORD_87cb3c,MatFoa_182e,3,5500.0,16500.0
10748,ORIT_6f3ad9,ORD_6f3ad9,PilFea_115c,1,650.0,650.0
10749,ORIT_37d114,ORD_37d114,PilPol_662f,1,180.0,180.0
10750,ORIT_dad978,ORD_dad978,MatSpr_06ac,1,4000.0,4000.0
10751,ORIT_a30961,ORD_a30961,BlaFla_5f55,1,1200.0,1200.0
10752,ORIT_6b553e,ORD_6b553e,BedPol_5144,2,600.0,1200.0
10753,ORIT_ec4bb4,ORD_ec4bb4,BolCot_21df,2,300.0,600.0
10754,ORIT_26c0ef,ORD_26c0ef,MatPoc_f6cb,4,17500.0,70000.0
10755,ORIT_03d6f8,ORD_03d6f8,MatFoa_e09a,1,5500.0,5500.0
10756,ORIT_65b64c,ORD_65b64c,MatPoc_45de,1,13000.0,13000.0
10757,ORIT_6ef6c5,ORD_6ef6c5,BlaCot_503c,2,2000.0,4000.0
10758,ORIT_957978,ORD_957978,PilFea_8a5d,1,650.0,650.0
10759,ORIT_4f6d91,ORD_4f6d91,PilPol_3076,1,180.0,180.0
10760,ORIT_409452,ORD_409452,BedCot_d278,1,1200.0,1200.0
10761,ORIT_28c5c0,ORD_28c5c0,BolPol_82d7,1,220.0,220.0
10762,ORIT_62ba03,ORD_62ba03,MatPoc_f6cb,1,17500.0,17500.0
10763,ORIT_d1a45f,ORD_d1a45f,MatSpr_28ce,1,6000.0,6000.0
10764,ORIT_aea479,ORD_aea479,BedPol_e8c9,2,400.0,800.0
10765,ORIT_e18a90,ORD_e18a90,BolPol_cfd7,2,220.0,440.0
10766,ORIT_89d572,ORD_89d572,BedCot_4e8b,3,1500.0,4500.0
10767,ORIT_a5a821,ORD_a5a821,PilPol_662f,1,180.0,180.0
10768,ORIT_5c3274,ORD_5c3274,MatSpr_ba3a,2,8000.0,16000.0
10769,ORIT_e9e6af,ORD_e9e6af,MatSpr_28ce,2,6000.0,12000.0
10770,ORIT_3ffaa1,ORD_3ffaa1,MatPoc_45de,1,13000.0,13000.0
10771,ORIT_36a61d,ORD_36a61d,MatSpr_06ac,1,4000.0,4000.0
10772,ORIT_96842a,ORD_96842a,BedCot_2397,1,1500.0,1500.0
10773,ORIT_e276cc,ORD_e276cc,MatSpr_ba3a,4,8000.0,32000.0
10774,ORIT_c4d274,ORD_c4d274,BedPol_239e,1,600.0,600.0
10775,ORIT_829a6f,ORD_829a6f,BedCot_2397,2,1500.0,3000.0
10776,ORIT_b6dd48,ORD_b6dd48,BolPol_cfd7,1,220.0,220.0
10777,ORIT_eebc2e,ORD_eebc2e,MatSpr_28ce,1,6000.0,6000.0
10778,ORIT_5fc337,ORD_5fc337,MatSpr_28ce,1,6000.0,6000.0
10779,ORIT_af3148,ORD_af3148,PilPol_a442,1,180.0,180.0
10780,ORIT_38b118,ORD_38b118,MatFoa_28ad,1,7500.0,7500.0
10781,ORIT_dd5241,ORD_dd5241,MatPoc_45de,2,13000.0,26000.0
10782,ORIT_1d2f5a,ORD_1d2f5a,MatSpr_28ce,2,6000.0,12000.0
10783,ORIT_0fb7bd,ORD_0fb7bd,MatPoc_1e64,1,8500.0,8500.0
10784,ORIT_cb301d,ORD_cb301d,BolCot_31e6,1,300.0,300.0
10785,ORIT_a3f1a4,ORD_a3f1a4,BedLin_f732,1,4200.0,4200.0
10786,ORIT_d53166,ORD_d53166,BedPol_5ab8,1,600.0,600.0
10787,ORIT_15f7f0,ORD_15f7f0,MatPoc_6ee7,1,13000.0,13000.0
10788,ORIT_d9b705,ORD_d9b705,BedCot_4e8b,2,1500.0,3000.0
10789,ORIT_9b8ee1,ORD_9b8ee1,MatFoa_e09a,2,5500.0,11000.0
10790,ORIT_75f520,ORD_75f520,MatSpr_56a3,1,4000.0,4000.0
10791,ORIT_6562c2,ORD_6562c2,BolCot_21df,2,300.0,600.0
10792,ORIT_8e91bf,ORD_8e91bf,BolCot_3050,2,300.0,600.0
10793,ORIT_ecff52,ORD_ecff52,BedCot_4e8b,1,1500.0,1500.0
10794,ORIT_fcb9c3,ORD_fcb9c3,MatSpr_ccc4,2,6000.0,12000.0
10795,ORIT_2942d4,ORD_2942d4,PilFea_56ac,3,650.0,1950.0
10796,ORIT_ee2238,ORD_ee2238,BolPol_82d7,1,220.0,220.0
10797,ORIT_ca348c,ORD_ca348c,MatFoa_182e,1,5500.0,5500.0
10798,ORIT_49eb6a,ORD_49eb6a,BedCot_4a29,1,800.0,800.0
10799,ORIT_67ef3d,ORD_67ef3d,MatSpr_ba3a,1,8000.0,8000.0
10800,ORIT_1ebca9,ORD_1ebca9,MatFoa_8cd2,1,3500.0,3500.0
10801,ORIT_02e658,ORD_02e658,PilCot_3481,1,250.0,250.0
10802,ORIT_cd69f1,ORD_cd69f1,MatSpr_acd0,2,8000.0,16000.0
10803,ORIT_6db06b,ORD_6db06b,BedCot_87ca,1,1200.0,1200.0
10804,ORIT_0bf360,ORD_0bf360,BolPol_f3ad,1,220.0,220.0
10805,ORIT_919cd9,ORD_919cd9,MatSpr_ccc4,3,6000.0,18000.0
10806,ORIT_749c3c,ORD_749c3c,MatFoa_e09a,4,5500.0,22000.0
10807,ORIT_470196,ORD_470196,MatPoc_1e64,4,8500.0,34000.0
10808,ORIT_03981c,ORD_03981c,BlaCot_9ebb,4,1200.0,4800.0
10809,ORIT_fe1fff,ORD_fe1fff,BedCot_d278,2,1200.0,2400.0
10810,ORIT_64d3ba,ORD_64d3ba,BedPol_e207,4,400.0,1600.0
10811,ORIT_d206df,ORD_d206df,BedCot_6141,3,800.0,2400.0
10812,ORIT_56c2a8,ORD_56c2a8,PilPol_3076,3,180.0,540.0
10813,ORIT_8a02ff,ORD_8a02ff,BedCot_17f5,3,1500.0,4500.0
10814,ORIT_3f6581,ORD_3f6581,MatSpr_28ce,2,6000.0,12000.0
10815,ORIT_72c2a9,ORD_72c2a9,MatSpr_06ac,1,4000.0,4000.0
10816,ORIT_d10b00,ORD_d10b00,MatPoc_45de,1,13000.0,13000.0
10817,ORIT_fc3cbc,ORD_fc3cbc,MatPoc_27a0,1,8500.0,8500.0
10818,ORIT_4c966c,ORD_4c966c,MatFoa_28ad,1,7500.0,7500.0
10819,ORIT_7533b9,ORD_7533b9,BolPol_cfd7,1,220.0,220.0
10820,ORIT_47f904,ORD_47f904,MatPoc_f6cb,2,17500.0,35000.0
10821,ORIT_a56e29,ORD_a56e29,BedCot_87ca,1,1200.0,1200.0
10822,ORIT_39632d,ORD_39632d,PilPol_662f,1,180.0,180.0
10823,ORIT_849431,ORD_849431,BolPol_cfd7,1,220.0,220.0
10824,ORIT_7e9813,ORD_7e9813,BedCot_4a29,1,800.0,800.0
10825,ORIT_3a0968,ORD_3a0968,BolPol_f3ad,1,220.0,220.0
10826,ORIT_81602d,ORD_81602d,MatSpr_56a3,1,4000.0,4000.0
10827,ORIT_c03a87,ORD_c03a87,BedCot_d278,1,1200.0,1200.0
10828,ORIT_37287d,ORD_37287d,MatSpr_06ac,1,4000.0,4000.0
10829,ORIT_17ff12,ORD_17ff12,MatPoc_2df5,1,17500.0,17500.0
10830,ORIT_aee42f,ORD_aee42f,MatPoc_6ee7,1,13000.0,13000.0
10831,ORIT_f0dbda,ORD_f0dbda,BedCot_2397,1,1500.0,1500.0
10832,ORIT_8bd7b0,ORD_8bd7b0,MatPoc_45de,1,13000.0,13000.0
10833,ORIT_68a8dc,ORD_68a8dc,MatPoc_6ee7,2,13000.0,26000.0
10834,ORIT_96810c,ORD_96810c,PilFea_56ac,2,650.0,1300.0
10835,ORIT_b57c02,ORD_b57c02,MatSpr_acd0,2,8000.0,16000.0
10836,ORIT_d2f951,ORD_d2f951,PilPol_662f,1,180.0,180.0
10837,ORIT_f6c9bf,ORD_f6c9bf,BolPol_82d7,1,220.0,220.0
10838,ORIT_b4cea2,ORD_b4cea2,MatPoc_2df5,2,17500.0,35000.0
10839,ORIT_cd77cf,ORD_cd77cf,BedCot_2397,3,1500.0,4500.0
10840,ORIT_61d81e,ORD_61d81e,MatSpr_ccc4,1,6000.0,6000.0
10841,ORIT_0644ae,ORD_0644ae,MatPoc_6ee7,1,13000.0,13000.0
10842,ORIT_263563,ORD_263563,MatPoc_1e64,1,8500.0,8500.0
10843,ORIT_5f57f4,ORD_5f57f4,BlaFle_7daf,1,600.0,600.0
10844,ORIT_7bc6b2,ORD_7bc6b2,MatSpr_28ce,1,6000.0,6000.0
10845,ORIT_00faba,ORD_00faba,MatPoc_45de,1,13000.0,13000.0
10846,ORIT_b954c7,ORD_b954c7,MatPoc_6ee7,2,13000.0,26000.0
10847,ORIT_5d203c,ORD_5d203c,MatFoa_13fa,2,7500.0,15000.0
10848,ORIT_ddf5d1,ORD_ddf5d1,MatSpr_ba3a,1,8000.0,8000.0
10849,ORIT_e2d30c,ORD_e2d30c,PilFea_8a5d,2,650.0,1300.0
10850,ORIT_a0efb4,ORD_a0efb4,BedCot_4e8b,2,1500.0,3000.0
10851,ORIT_726223,ORD_726223,MatSpr_ccc4,1,6000.0,6000.0
10852,ORIT_18e500,ORD_18e500,MatPoc_2df5,1,17500.0,17500.0
10853,ORIT_e6f819,ORD_e6f819,BedPol_5144,1,600.0,600.0
10854,ORIT_ea0505,ORD_ea0505,PilPol_a442,1,180.0,180.0
10855,ORIT_71641b,ORD_71641b,BedCot_2449,1,800.0,800.0
10856,ORIT_1d824e,ORD_1d824e,MatFoa_182e,1,5500.0,5500.0
10857,ORIT_5d9704,ORD_5d9704,BedCot_4a29,1,800.0,800.0
10858,ORIT_8a1918,ORD_8a1918,BedCot_17f5,2,1500.0,3000.0
10859,ORIT_26e9e9,ORD_26e9e9,MatPoc_6ee7,4,13000.0,52000.0
10860,ORIT_7d87b7,ORD_7d87b7,MatSpr_28ce,4,6000.0,24000.0
10861,ORIT_4e7e7b,ORD_4e7e7b,PilFea_115c,4,650.0,2600.0
10862,ORIT_81a675,ORD_81a675,BedPol_239e,4,600.0,2400.0
10863,ORIT_6d0fab,ORD_6d0fab,PilPol_a442,3,180.0,540.0
10864,ORIT_8a196f,ORD_8a196f,MatSpr_ba3a,3,8000.0,24000.0
10865,ORIT_73a582,ORD_73a582,BlaFle_394c,3,600.0,1800.0
10866,ORIT_d02836,ORD_d02836,MatSpr_28ce,2,6000.0,12000.0
10867,ORIT_3b2fed,ORD_3b2fed,PilFea_115c,1,650.0,650.0
10868,ORIT_20da2b,ORD_20da2b,MatPoc_f6cb,1,17500.0,17500.0
10869,ORIT_dd3c2e,ORD_dd3c2e,MatSpr_acd0,1,8000.0,8000.0
10870,ORIT_7a67fc,ORD_7a67fc,MatPoc_6ee7,1,13000.0,13000.0
10871,ORIT_ab92a2,ORD_ab92a2,BolPol_cfd7,1,220.0,220.0
10872,ORIT_f01131,ORD_f01131,BlaFle_9bda,3,700.0,2100.0
10873,ORIT_e7e886,ORD_e7e886,BedCot_2449,1,800.0,800.0
10874,ORIT_a70f5e,ORD_a70f5e,BedCot_6141,1,800.0,800.0
10875,ORIT_9d4412,ORD_9d4412,MatPoc_f6cb,1,17500.0,17500.0
10876,ORIT_a0f4ad,ORD_a0f4ad,BedLin_aa0f,1,4200.0,4200.0
10877,ORIT_982e6f,ORD_982e6f,BolCot_21df,1,300.0,300.0
10878,ORIT_79acb6,ORD_79acb6,BedCot_2449,1,800.0,800.0
10879,ORIT_c681a1,ORD_c681a1,MatPoc_f6cb,2,17500.0,35000.0
10880,ORIT_5ddd80,ORD_5ddd80,MatPoc_45de,1,13000.0,13000.0
10881,ORIT_58667d,ORD_58667d,MatSpr_ba3a,2,8000.0,16000.0
10882,ORIT_94d43e,ORD_94d43e,BlaCot_b529,2,2000.0,4000.0
10883,ORIT_ccef42,ORD_ccef42,MatFoa_e09a,1,5500.0,5500.0
10884,ORIT_b25dc6,ORD_b25dc6,BolPol_f3ad,1,220.0,220.0
10885,ORIT_9f01c4,ORD_9f01c4,BedCot_87ca,1,1200.0,1200.0
10886,ORIT_8ace8b,ORD_8ace8b,MatSpr_acd0,2,8000.0,16000.0
10887,ORIT_31a442,ORD_31a442,MatPoc_f6cb,1,17500.0,17500.0
10888,ORIT_20299d,ORD_20299d,BlaFle_9bda,1,700.0,700.0
10889,ORIT_6b7309,ORD_6b7309,BlaFla_ad01,1,1200.0,1200.0
10890,ORIT_f2e861,ORD_f2e861,BedCot_c645,2,1200.0,2400.0
10891,ORIT_2950c1,ORD_2950c1,BlaFle_33f0,1,700.0,700.0
10892,ORIT_2a2df8,ORD_2a2df8,MatSpr_ccc4,1,6000.0,6000.0
10893,ORIT_96cbeb,ORD_96cbeb,MatSpr_acd0,1,8000.0,8000.0
10894,ORIT_400217,ORD_400217,BedCot_17f5,4,1500.0,6000.0
10895,ORIT_d073c3,ORD_d073c3,BlaFle_c9a0,2,600.0,1200.0
10896,ORIT_88950a,ORD_88950a,MatPoc_2df5,3,17500.0,52500.0
10897,ORIT_c84388,ORD_c84388,MatSpr_06ac,2,4000.0,8000.0
10898,ORIT_52b1d5,ORD_52b1d5,MatFoa_4414,1,3500.0,3500.0
10899,ORIT_4ba255,ORD_4ba255,MatSpr_acd0,1,8000.0,8000.0
10900,ORIT_1e4b88,ORD_1e4b88,BedLin_f732,1,4200.0,4200.0
10901,ORIT_bed86e,ORD_bed86e,MatSpr_ccc4,2,6000.0,12000.0
10902,ORIT_1002d0,ORD_1002d0,BedCot_6141,1,800.0,800.0
10903,ORIT_66d2d9,ORD_66d2d9,MatSpr_acd0,1,8000.0,8000.0
10904,ORIT_7fe8d3,ORD_7fe8d3,PilPol_662f,3,180.0,540.0
10905,ORIT_71c188,ORD_71c188,BedLin_18f8,2,2000.0,4000.0
10906,ORIT_7f8174,ORD_7f8174,BolPol_cfd7,1,220.0,220.0
10907,ORIT_258777,ORD_258777,BedLin_f732,1,4200.0,4200.0
10908,ORIT_1bcccc,ORD_1bcccc,BolPol_82d7,1,220.0,220.0
10909,ORIT_f91754,ORD_f91754,BedPol_5144,1,600.0,600.0
10910,ORIT_ac1b07,ORD_ac1b07,MatPoc_45de,1,13000.0,13000.0
10911,ORIT_d80267,ORD_d80267,MatPoc_2df5,1,17500.0,17500.0
10912,ORIT_812f44,ORD_812f44,BedLin_2f24,1,2000.0,2000.0
10913,ORIT_0a2a06,ORD_0a2a06,MatPoc_2df5,4,17500.0,70000.0
10914,ORIT_16cb7b,ORD_16cb7b,MatPoc_f6cb,2,17500.0,35000.0
10915,ORIT_665d6c,ORD_665d6c,MatPoc_6ee7,1,13000.0,13000.0
10916,ORIT_08ad24,ORD_08ad24,BedCot_87ca,2,1200.0,2400.0
10917,ORIT_6a3bd5,ORD_6a3bd5,BedCot_4e8b,1,1500.0,1500.0
10918,ORIT_77613a,ORD_77613a,MatSpr_acd0,1,8000.0,8000.0
10919,ORIT_deac42,ORD_deac42,BedPol_f406,2,500.0,1000.0
10920,ORIT_2d5a1f,ORD_2d5a1f,MatSpr_56a3,1,4000.0,4000.0
10921,ORIT_d01b92,ORD_d01b92,MatSpr_ccc4,1,6000.0,6000.0
10922,ORIT_ca6ff0,ORD_ca6ff0,MatSpr_56a3,4,4000.0,16000.0
10923,ORIT_f2b087,ORD_f2b087,MatSpr_acd0,1,8000.0,8000.0
10924,ORIT_495e32,ORD_495e32,MatPoc_27a0,1,8500.0,8500.0
10925,ORIT_4746cb,ORD_4746cb,MatFoa_13fa,2,7500.0,15000.0
10926,ORIT_84903a,ORD_84903a,BolCot_21df,1,300.0,300.0
10927,ORIT_765859,ORD_765859,PilPol_3076,2,180.0,360.0
10928,ORIT_1dcf78,ORD_1dcf78,BedPol_2724,1,400.0,400.0
10929,ORIT_ecb7e8,ORD_ecb7e8,MatSpr_06ac,1,4000.0,4000.0
10930,ORIT_cc16f3,ORD_cc16f3,MatSpr_06ac,1,4000.0,4000.0
10931,ORIT_9c1fd9,ORD_9c1fd9,BedCot_4e8b,1,1500.0,1500.0
10932,ORIT_fef96d,ORD_fef96d,BedCot_2449,1,800.0,800.0
10933,ORIT_798e99,ORD_798e99,BedCot_17f5,1,1500.0,1500.0
10934,ORIT_be510c,ORD_be510c,BlaCot_b529,2,2000.0,4000.0
10935,ORIT_bfa676,ORD_bfa676,MatSpr_acd0,3,8000.0,24000.0
10936,ORIT_50e718,ORD_50e718,BedCot_4e8b,2,1500.0,3000.0
10937,ORIT_ba44d8,ORD_ba44d8,BolCot_31e6,2,300.0,600.0
10938,ORIT_99d658,ORD_99d658,MatSpr_56a3,1,4000.0,4000.0
10939,ORIT_ce1e1a,ORD_ce1e1a,MatSpr_56a3,1,4000.0,4000.0
10940,ORIT_e60188,ORD_e60188,PilFea_115c,1,650.0,650.0
10941,ORIT_234d58,ORD_234d58,MatPoc_f6cb,2,17500.0,35000.0
10942,ORIT_cb2f61,ORD_cb2f61,MatPoc_f6cb,1,17500.0,17500.0
10943,ORIT_0f50d2,ORD_0f50d2,BedCot_6141,1,800.0,800.0
10944,ORIT_c2d2e7,ORD_c2d2e7,MatPoc_f6cb,1,17500.0,17500.0
10945,ORIT_687c1d,ORD_687c1d,BedCot_2449,2,800.0,1600.0
10946,ORIT_1dee04,ORD_1dee04,MatSpr_ccc4,1,6000.0,6000.0
10947,ORIT_38e411,ORD_38e411,MatPoc_f6cb,1,17500.0,17500.0
10948,ORIT_3d9979,ORD_3d9979,BedCot_17f5,1,1500.0,1500.0
10949,ORIT_161289,ORD_161289,MatSpr_ba3a,1,8000.0,8000.0
10950,ORIT_20bbe6,ORD_20bbe6,BedCot_d278,2,1200.0,2400.0
10951,ORIT_cd5586,ORD_cd5586,BedCot_2449,1,800.0,800.0
10952,ORIT_20fa53,ORD_20fa53,MatPoc_2df5,1,17500.0,17500.0
10953,ORIT_f5bef7,ORD_f5bef7,MatSpr_28ce,1,6000.0,6000.0
10954,ORIT_646bfb,ORD_646bfb,BedLin_b097,1,3800.0,3800.0
10955,ORIT_0746a8,ORD_0746a8,BedCot_6141,1,800.0,800.0
10956,ORIT_913503,ORD_913503,PilPol_662f,1,180.0,180.0
10957,ORIT_ad54c3,ORD_ad54c3,MatPoc_f6cb,1,17500.0,17500.0
10958,ORIT_fa7b21,ORD_fa7b21,MatSpr_ccc4,2,6000.0,12000.0
10959,ORIT_01710a,ORD_01710a,MatPoc_27a0,1,8500.0,8500.0
10960,ORIT_939cfc,ORD_939cfc,MatPoc_6ee7,1,13000.0,13000.0
10961,ORIT_9e24f0,ORD_9e24f0,BedLin_f732,1,4200.0,4200.0
10962,ORIT_395dad,ORD_395dad,MatSpr_acd0,1,8000.0,8000.0
10963,ORIT_04612a,ORD_04612a,BedCot_17f5,1,1500.0,1500.0
10964,ORIT_c4799e,ORD_c4799e,BedCot_17f5,1,1500.0,1500.0
10965,ORIT_94a7a1,ORD_94a7a1,MatSpr_ba3a,2,8000.0,16000.0
10966,ORIT_216126,ORD_216126,MatSpr_56a3,3,4000.0,12000.0
10967,ORIT_cf4784,ORD_cf4784,BolPol_82d7,1,220.0,220.0
10968,ORIT_259915,ORD_259915,PilFea_115c,1,650.0,650.0
10969,ORIT_ad694a,ORD_ad694a,BedCot_2397,2,1500.0,3000.0
10970,ORIT_e95d16,ORD_e95d16,BedCot_4a29,1,800.0,800.0
10971,ORIT_4a2dc9,ORD_4a2dc9,BlaCot_6c4b,4,2200.0,8800.0
10972,ORIT_8b3190,ORD_8b3190,BlaFla_ad01,3,1200.0,3600.0
10973,ORIT_c4f37c,ORD_c4f37c,BolPol_82d7,2,220.0,440.0
10974,ORIT_e9cc26,ORD_e9cc26,MatSpr_acd0,1,8000.0,8000.0
10975,ORIT_96be12,ORD_96be12,MatSpr_ba3a,2,8000.0,16000.0
10976,ORIT_03407f,ORD_03407f,PilPol_3076,4,180.0,720.0
10977,ORIT_c6e268,ORD_c6e268,PilFea_8a5d,4,650.0,2600.0
10978,ORIT_a194d2,ORD_a194d2,BlaFle_1485,4,300.0,1200.0
10979,ORIT_900945,ORD_900945,BedCot_4e8b,1,1500.0,1500.0
10980,ORIT_b3dbfb,ORD_b3dbfb,BolCot_31e6,1,300.0,300.0
10981,ORIT_38c0f8,ORD_38c0f8,MatSpr_ba3a,1,8000.0,8000.0
10982,ORIT_ca3219,ORD_ca3219,PilPol_a442,1,180.0,180.0
10983,ORIT_dec34f,ORD_dec34f,BedCot_2397,1,1500.0,1500.0
10984,ORIT_9f2fb7,ORD_9f2fb7,MatPoc_6ee7,1,13000.0,13000.0
10985,ORIT_fce36b,ORD_fce36b,BolPol_f3ad,1,220.0,220.0
10986,ORIT_bb93f4,ORD_bb93f4,MatFoa_13fa,1,7500.0,7500.0
10987,ORIT_75e839,ORD_75e839,MatFoa_13fa,1,7500.0,7500.0
10988,ORIT_c6f14b,ORD_c6f14b,BedPol_f406,1,500.0,500.0
10989,ORIT_792f15,ORD_792f15,BedCot_4a29,3,800.0,2400.0
10990,ORIT_ae01cd,ORD_ae01cd,MatSpr_28ce,1,6000.0,6000.0
10991,ORIT_082f30,ORD_082f30,BedCot_4e8b,1,1500.0,1500.0
10992,ORIT_abdadc,ORD_abdadc,BedCot_2397,1,1500.0,1500.0
10993,ORIT_8e5439,ORD_8e5439,MatSpr_06ac,2,4000.0,8000.0
10994,ORIT_715a28,ORD_715a28,MatPoc_2df5,1,17500.0,17500.0
10995,ORIT_18bbd4,ORD_18bbd4,BolPol_f3ad,1,220.0,220.0
10996,ORIT_84ec58,ORD_84ec58,BolPol_f3ad,2,220.0,440.0
10997,ORIT_2bec3f,ORD_2bec3f,BedCot_4a29,2,800.0,1600.0
10998,ORIT_18ea8e,ORD_18ea8e,BedLin_18f8,3,2000.0,6000.0
10999,ORIT_b7e156,ORD_b7e156,BedCot_2449,3,800.0,2400.0
11000,ORIT_626bab,ORD_626bab,MatPoc_2df5,3,17500.0,52500.0
11001,ORIT_bc6edf,ORD_bc6edf,MatSpr_56a3,1,4000.0,4000.0
11002,ORIT_9e4be4,ORD_9e4be4,PilPol_a442,3,180.0,540.0
11003,ORIT_da0a59,ORD_da0a59,MatSpr_06ac,3,4000.0,12000.0
11004,ORIT_120837,ORD_120837,MatSpr_28ce,4,6000.0,24000.0
11005,ORIT_b0dc9a,ORD_b0dc9a,MatSpr_acd0,4,8000.0,32000.0
11006,ORIT_cde08a,ORD_cde08a,MatFoa_13fa,3,7500.0,22500.0
11007,ORIT_65c2da,ORD_65c2da,MatPoc_45de,4,13000.0,52000.0
11008,ORIT_0f92bc,ORD_0f92bc,PilCot_f078,3,250.0,750.0
11009,ORIT_e792f2,ORD_e792f2,BedCot_2449,4,800.0,3200.0
11010,ORIT_1bd6e4,ORD_1bd6e4,BedCot_4a29,4,800.0,3200.0
11011,ORIT_56b830,ORD_56b830,MatSpr_ccc4,3,6000.0,18000.0
11012,ORIT_d7d007,ORD_d7d007,MatSpr_56a3,4,4000.0,16000.0
11013,ORIT_4aecea,ORD_4aecea,MatSpr_28ce,4,6000.0,24000.0
11014,ORIT_151dd5,ORD_151dd5,PilFea_56ac,1,650.0,650.0
11015,ORIT_f89240,ORD_f89240,BedCot_87ca,2,1200.0,2400.0
11016,ORIT_4223b5,ORD_4223b5,MatFoa_182e,1,5500.0,5500.0
11017,ORIT_520710,ORD_520710,BolPol_f3ad,1,220.0,220.0
11018,ORIT_21b083,ORD_21b083,MatPoc_f6cb,2,17500.0,35000.0
11019,ORIT_75418e,ORD_75418e,MatSpr_acd0,3,8000.0,24000.0
11020,ORIT_dd2e4c,ORD_dd2e4c,MatSpr_56a3,1,4000.0,4000.0
11021,ORIT_4e3818,ORD_4e3818,MatPoc_f6cb,1,17500.0,17500.0
11022,ORIT_9faa9e,ORD_9faa9e,BolPol_82d7,1,220.0,220.0
11023,ORIT_246086,ORD_246086,PilPol_a442,1,180.0,180.0
11024,ORIT_10efc5,ORD_10efc5,MatSpr_ba3a,4,8000.0,32000.0
11025,ORIT_f8d558,ORD_f8d558,MatSpr_ba3a,2,8000.0,16000.0
11026,ORIT_39f1a8,ORD_39f1a8,BedLin_8a26,1,3800.0,3800.0
11027,ORIT_b3953a,ORD_b3953a,PilPol_3076,1,180.0,180.0
11028,ORIT_8b1f35,ORD_8b1f35,PilPol_a442,2,180.0,360.0
11029,ORIT_0d861a,ORD_0d861a,BedPol_e207,2,400.0,800.0
11030,ORIT_ddcb3c,ORD_ddcb3c,MatSpr_28ce,1,6000.0,6000.0
11031,ORIT_44bcc5,ORD_44bcc5,MatSpr_ba3a,1,8000.0,8000.0
11032,ORIT_819a9c,ORD_819a9c,BolCot_31e6,1,300.0,300.0
11033,ORIT_7950ec,ORD_7950ec,BlaCot_ce6c,3,2000.0,6000.0
11034,ORIT_9aca0f,ORD_9aca0f,MatSpr_ba3a,2,8000.0,16000.0
11035,ORIT_4859a9,ORD_4859a9,MatFoa_8cd2,4,3500.0,14000.0
11036,ORIT_be3785,ORD_be3785,BolCot_3050,1,300.0,300.0
11037,ORIT_84a25c,ORD_84a25c,BlaFle_394c,1,600.0,600.0
11038,ORIT_9b85de,ORD_9b85de,BolPol_82d7,1,220.0,220.0
11039,ORIT_b0d782,ORD_b0d782,MatFoa_8cd2,1,3500.0,3500.0
11040,ORIT_10c173,ORD_10c173,MatPoc_45de,3,13000.0,39000.0
11041,ORIT_8e035d,ORD_8e035d,BedPol_2724,1,400.0,400.0
11042,ORIT_c686d8,ORD_c686d8,BedCot_4a29,4,800.0,3200.0
11043,ORIT_45da3c,ORD_45da3c,BolPol_cfd7,1,220.0,220.0
11044,ORIT_a0875f,ORD_a0875f,PilCot_b22a,2,250.0,500.0
11045,ORIT_7b97db,ORD_7b97db,PilPol_3076,3,180.0,540.0
11046,ORIT_3529d0,ORD_3529d0,BlaFle_33f0,2,700.0,1400.0
11047,ORIT_2f0b91,ORD_2f0b91,PilPol_3076,1,180.0,180.0
11048,ORIT_ad2fc7,ORD_ad2fc7,BedCot_6141,2,800.0,1600.0
11049,ORIT_b66070,ORD_b66070,BedPol_5ab8,1,600.0,600.0
11050,ORIT_47dd5f,ORD_47dd5f,MatPoc_f6cb,1,17500.0,17500.0
11051,ORIT_1feb58,ORD_1feb58,BedCot_2397,1,1500.0,1500.0
11052,ORIT_6cb4ee,ORD_6cb4ee,BedCot_6141,1,800.0,800.0
11053,ORIT_53bb69,ORD_53bb69,BolPol_82d7,1,220.0,220.0
11054,ORIT_77d729,ORD_77d729,MatSpr_ccc4,3,6000.0,18000.0
11055,ORIT_13ca19,ORD_13ca19,MatSpr_ccc4,1,6000.0,6000.0
11056,ORIT_2baf30,ORD_2baf30,MatPoc_6ee7,3,13000.0,39000.0
11057,ORIT_4d1cf7,ORD_4d1cf7,BolCot_21df,4,300.0,1200.0
11058,ORIT_982525,ORD_982525,BedCot_87ca,1,1200.0,1200.0
11059,ORIT_386147,ORD_386147,PilPol_a442,4,180.0,720.0
11060,ORIT_95cd8d,ORD_95cd8d,MatFoa_182e,4,5500.0,22000.0
11061,ORIT_fd99f0,ORD_fd99f0,BedCot_6141,1,800.0,800.0
11062,ORIT_249ffd,ORD_249ffd,BedCot_c645,1,1200.0,1200.0
11063,ORIT_a82696,ORD_a82696,MatPoc_f6cb,1,17500.0,17500.0
11064,ORIT_e78297,ORD_e78297,BedCot_2397,2,1500.0,3000.0
11065,ORIT_c5117f,ORD_c5117f,MatPoc_f6cb,1,17500.0,17500.0
11066,ORIT_3ab3dc,ORD_3ab3dc,BlaCot_b529,2,2000.0,4000.0
11067,ORIT_dd7db5,ORD_dd7db5,BedPol_5ab8,2,600.0,1200.0
11068,ORIT_8b944b,ORD_8b944b,BlaCot_8a14,4,1200.0,4800.0
11069,ORIT_630ba4,ORD_630ba4,BedCot_2449,3,800.0,2400.0
11070,ORIT_9246f8,ORD_9246f8,BedCot_4a29,2,800.0,1600.0
11071,ORIT_968c4b,ORD_968c4b,BedCot_2397,3,1500.0,4500.0
11072,ORIT_823224,ORD_823224,PilFea_8a5d,2,650.0,1300.0
11073,ORIT_23d38c,ORD_23d38c,MatSpr_ba3a,3,8000.0,24000.0
11074,ORIT_7b5d96,ORD_7b5d96,BedCot_d278,4,1200.0,4800.0
11075,ORIT_5c2d9f,ORD_5c2d9f,MatSpr_06ac,3,4000.0,12000.0
11076,ORIT_5390e5,ORD_5390e5,BedCot_2449,3,800.0,2400.0
11077,ORIT_a80aff,ORD_a80aff,BedCot_17f5,3,1500.0,4500.0
11078,ORIT_c315b7,ORD_c315b7,BedCot_2397,3,1500.0,4500.0
11079,ORIT_e9dd18,ORD_e9dd18,MatSpr_28ce,1,6000.0,6000.0
11080,ORIT_5d58d2,ORD_5d58d2,MatSpr_acd0,2,8000.0,16000.0
11081,ORIT_fe2876,ORD_fe2876,PilPol_3076,1,180.0,180.0
11082,ORIT_84388b,ORD_84388b,PilPol_3076,2,180.0,360.0
11083,ORIT_d5958e,ORD_d5958e,BedPol_5ab8,1,600.0,600.0
11084,ORIT_c11b71,ORD_c11b71,BedCot_2449,1,800.0,800.0
11085,ORIT_13e59f,ORD_13e59f,BedCot_2397,1,1500.0,1500.0
11086,ORIT_4bf38e,ORD_4bf38e,BedCot_2449,1,800.0,800.0
11087,ORIT_b6b9d9,ORD_b6b9d9,BedPol_2724,1,400.0,400.0
11088,ORIT_7a9287,ORD_7a9287,MatFoa_8cd2,3,3500.0,10500.0
11089,ORIT_5982f2,ORD_5982f2,BolPol_82d7,1,220.0,220.0
11090,ORIT_097440,ORD_097440,MatFoa_28ad,1,7500.0,7500.0
11091,ORIT_83d3fe,ORD_83d3fe,MatSpr_ccc4,1,6000.0,6000.0
11092,ORIT_376e84,ORD_376e84,MatSpr_ccc4,1,6000.0,6000.0
11093,ORIT_1cd7b0,ORD_1cd7b0,MatPoc_6ee7,4,13000.0,52000.0
11094,ORIT_3f00e9,ORD_3f00e9,MatSpr_06ac,4,4000.0,16000.0
11095,ORIT_0fe2d5,ORD_0fe2d5,PilFea_115c,1,650.0,650.0
11096,ORIT_d3d2ec,ORD_d3d2ec,PilPol_a442,1,180.0,180.0
11097,ORIT_68d0b1,ORD_68d0b1,BlaFle_c9a0,1,600.0,600.0
11098,ORIT_8425aa,ORD_8425aa,BedPol_5144,4,600.0,2400.0
11099,ORIT_263eed,ORD_263eed,MatSpr_ccc4,4,6000.0,24000.0
11100,ORIT_46bab1,ORD_46bab1,PilPol_a442,4,180.0,720.0
11101,ORIT_e2c613,ORD_e2c613,BedCot_2449,3,800.0,2400.0
11102,ORIT_527b0c,ORD_527b0c,MatFoa_8cd2,3,3500.0,10500.0
11103,ORIT_c87c5e,ORD_c87c5e,MatPoc_f6cb,4,17500.0,70000.0
11104,ORIT_83e6b3,ORD_83e6b3,MatPoc_45de,4,13000.0,52000.0
11105,ORIT_4f23e0,ORD_4f23e0,PilPol_a442,2,180.0,360.0
11106,ORIT_787416,ORD_787416,BedCot_4e8b,2,1500.0,3000.0
11107,ORIT_5079e9,ORD_5079e9,MatSpr_ba3a,2,8000.0,16000.0
11108,ORIT_da72ec,ORD_da72ec,PilPol_662f,3,180.0,540.0
11109,ORIT_5e2561,ORD_5e2561,MatFoa_13fa,2,7500.0,15000.0
11110,ORIT_0cebc1,ORD_0cebc1,PilFea_8a5d,4,650.0,2600.0
11111,ORIT_1c211a,ORD_1c211a,MatPoc_6ee7,2,13000.0,26000.0
11112,ORIT_fc608f,ORD_fc608f,BedCot_4e8b,3,1500.0,4500.0
11113,ORIT_e792c4,ORD_e792c4,MatPoc_45de,3,13000.0,39000.0
11114,ORIT_ca3ada,ORD_ca3ada,BolPol_82d7,3,220.0,660.0
11115,ORIT_ef0edb,ORD_ef0edb,BolCot_31e6,3,300.0,900.0
11116,ORIT_32393e,ORD_32393e,MatSpr_06ac,4,4000.0,16000.0
11117,ORIT_d08e2f,ORD_d08e2f,BlaFle_9bda,2,700.0,1400.0
11118,ORIT_de7f12,ORD_de7f12,MatPoc_f6cb,4,17500.0,70000.0
11119,ORIT_8b63cd,ORD_8b63cd,MatSpr_28ce,2,6000.0,12000.0
11120,ORIT_2f1ca0,ORD_2f1ca0,MatPoc_6ee7,3,13000.0,39000.0
11121,ORIT_56ea73,ORD_56ea73,BolCot_21df,1,300.0,300.0
11122,ORIT_e36b19,ORD_e36b19,MatFoa_4414,1,3500.0,3500.0
11123,ORIT_ddb0aa,ORD_ddb0aa,MatSpr_acd0,2,8000.0,16000.0
11124,ORIT_d9903f,ORD_d9903f,MatPoc_6ee7,2,13000.0,26000.0
11125,ORIT_1e39df,ORD_1e39df,BedPol_d3de,1,500.0,500.0
11126,ORIT_f60070,ORD_f60070,PilCot_f078,1,250.0,250.0
11127,ORIT_d9d47b,ORD_d9d47b,BedCot_2397,1,1500.0,1500.0
11128,ORIT_adb9ad,ORD_adb9ad,MatSpr_06ac,1,4000.0,4000.0
11129,ORIT_60b816,ORD_60b816,MatPoc_2df5,2,17500.0,35000.0
11130,ORIT_be713c,ORD_be713c,PilPol_a442,2,180.0,360.0
11131,ORIT_509e45,ORD_509e45,BolPol_82d7,1,220.0,220.0
11132,ORIT_0856b4,ORD_0856b4,MatSpr_acd0,1,8000.0,8000.0
11133,ORIT_d39e4a,ORD_d39e4a,BolPol_82d7,3,220.0,660.0
11134,ORIT_ce30ba,ORD_ce30ba,MatSpr_ccc4,1,6000.0,6000.0
11135,ORIT_58f2ac,ORD_58f2ac,MatSpr_06ac,2,4000.0,8000.0
11136,ORIT_28ac80,ORD_28ac80,MatPoc_1e64,1,8500.0,8500.0
11137,ORIT_1db4b4,ORD_1db4b4,MatSpr_acd0,1,8000.0,8000.0
11138,ORIT_69f444,ORD_69f444,MatFoa_13fa,4,7500.0,30000.0
11139,ORIT_9627ac,ORD_9627ac,MatPoc_f6cb,4,17500.0,70000.0
11140,ORIT_f9c97f,ORD_f9c97f,MatSpr_ccc4,1,6000.0,6000.0
11141,ORIT_2bac64,ORD_2bac64,MatPoc_45de,2,13000.0,26000.0
11142,ORIT_c0c529,ORD_c0c529,MatSpr_28ce,4,6000.0,24000.0
11143,ORIT_7aa759,ORD_7aa759,PilFea_56ac,2,650.0,1300.0
11144,ORIT_b70d84,ORD_b70d84,MatPoc_f6cb,3,17500.0,52500.0
11145,ORIT_1ba23e,ORD_1ba23e,BedCot_2397,3,1500.0,4500.0
11146,ORIT_b37d12,ORD_b37d12,MatFoa_182e,4,5500.0,22000.0
11147,ORIT_2350e2,ORD_2350e2,BedCot_2397,1,1500.0,1500.0
11148,ORIT_a97d74,ORD_a97d74,MatSpr_56a3,4,4000.0,16000.0
11149,ORIT_359049,ORD_359049,BedCot_87ca,4,1200.0,4800.0
11150,ORIT_a8d1c0,ORD_a8d1c0,BedPol_e8c9,3,400.0,1200.0
11151,ORIT_53dbdc,ORD_53dbdc,PilPol_a442,3,180.0,540.0
11152,ORIT_40364a,ORD_40364a,MatSpr_acd0,4,8000.0,32000.0
11153,ORIT_bfca92,ORD_bfca92,MatFoa_8cd2,2,3500.0,7000.0
11154,ORIT_dce554,ORD_dce554,MatPoc_2df5,4,17500.0,70000.0
11155,ORIT_90bc89,ORD_90bc89,MatSpr_06ac,3,4000.0,12000.0
11156,ORIT_f54b93,ORD_f54b93,MatFoa_182e,1,5500.0,5500.0
11157,ORIT_1f7641,ORD_1f7641,MatFoa_e09a,3,5500.0,16500.0
11158,ORIT_ca10fd,ORD_ca10fd,BolCot_31e6,3,300.0,900.0
11159,ORIT_6b197b,ORD_6b197b,PilPol_662f,1,180.0,180.0
11160,ORIT_ec594f,ORD_ec594f,MatSpr_28ce,2,6000.0,12000.0
11161,ORIT_8bd500,ORD_8bd500,BolPol_f3ad,1,220.0,220.0
11162,ORIT_6e7503,ORD_6e7503,MatPoc_6ee7,1,13000.0,13000.0
11163,ORIT_f02ee5,ORD_f02ee5,MatSpr_ccc4,3,6000.0,18000.0
11164,ORIT_1797cf,ORD_1797cf,BedCot_17f5,2,1500.0,3000.0
11165,ORIT_fe7d29,ORD_fe7d29,MatPoc_45de,2,13000.0,26000.0
11166,ORIT_7fa31b,ORD_7fa31b,BedCot_2397,2,1500.0,3000.0
11167,ORIT_f368cd,ORD_f368cd,MatPoc_f6cb,1,17500.0,17500.0
11168,ORIT_6cb88a,ORD_6cb88a,PilFea_56ac,3,650.0,1950.0
11169,ORIT_b19bee,ORD_b19bee,MatPoc_6ee7,1,13000.0,13000.0
11170,ORIT_407aef,ORD_407aef,MatPoc_2df5,1,17500.0,17500.0
11171,ORIT_341601,ORD_341601,MatSpr_56a3,1,4000.0,4000.0
11172,ORIT_d13672,ORD_d13672,MatFoa_182e,1,5500.0,5500.0
11173,ORIT_301a41,ORD_301a41,MatFoa_e09a,1,5500.0,5500.0
11174,ORIT_f61957,ORD_f61957,PilPol_662f,3,180.0,540.0
11175,ORIT_ca1a3f,ORD_ca1a3f,PilPol_3076,1,180.0,180.0
11176,ORIT_ad379e,ORD_ad379e,BedPol_2724,1,400.0,400.0
11177,ORIT_5448e1,ORD_5448e1,MatPoc_f6cb,2,17500.0,35000.0
11178,ORIT_f7269e,ORD_f7269e,BlaFle_33f0,2,700.0,1400.0
11179,ORIT_63c40d,ORD_63c40d,BolPol_f3ad,1,220.0,220.0
11180,ORIT_61bbb2,ORD_61bbb2,PilPol_3076,1,180.0,180.0
11181,ORIT_1e7050,ORD_1e7050,BlaCot_572e,1,2200.0,2200.0
11182,ORIT_008bc5,ORD_008bc5,PilFea_8a5d,3,650.0,1950.0
11183,ORIT_0a4884,ORD_0a4884,MatPoc_6ee7,1,13000.0,13000.0
11184,ORIT_129708,ORD_129708,PilPol_3076,1,180.0,180.0
11185,ORIT_63de58,ORD_63de58,PilPol_3076,2,180.0,360.0
11186,ORIT_59e0ca,ORD_59e0ca,MatPoc_27a0,2,8500.0,17000.0
11187,ORIT_7576ec,ORD_7576ec,BedCot_2397,1,1500.0,1500.0
11188,ORIT_21ad37,ORD_21ad37,MatFoa_e09a,1,5500.0,5500.0
11189,ORIT_3a90e5,ORD_3a90e5,MatPoc_f6cb,2,17500.0,35000.0
11190,ORIT_1cec7f,ORD_1cec7f,MatFoa_13fa,1,7500.0,7500.0
11191,ORIT_99ac53,ORD_99ac53,PilFea_56ac,4,650.0,2600.0
11192,ORIT_40347d,ORD_40347d,BedPol_3807,1,500.0,500.0
11193,ORIT_6b94d1,ORD_6b94d1,PilFea_115c,1,650.0,650.0
11194,ORIT_7ad208,ORD_7ad208,BedCot_d278,1,1200.0,1200.0
11195,ORIT_3b2c9e,ORD_3b2c9e,PilFea_115c,1,650.0,650.0
11196,ORIT_7ada70,ORD_7ada70,MatFoa_e09a,1,5500.0,5500.0
11197,ORIT_7d9633,ORD_7d9633,MatPoc_45de,1,13000.0,13000.0
11198,ORIT_c9cd91,ORD_c9cd91,MatPoc_2df5,3,17500.0,52500.0
11199,ORIT_115f9b,ORD_115f9b,MatSpr_56a3,1,4000.0,4000.0
11200,ORIT_8ff6ae,ORD_8ff6ae,PilFea_56ac,1,650.0,650.0
11201,ORIT_ed4a58,ORD_ed4a58,BedPol_5ab8,1,600.0,600.0
11202,ORIT_d5092f,ORD_d5092f,BedCot_17f5,1,1500.0,1500.0
11203,ORIT_5919c4,ORD_5919c4,MatPoc_2df5,1,17500.0,17500.0
11204,ORIT_432dfd,ORD_432dfd,MatFoa_e09a,1,5500.0,5500.0
11205,ORIT_92295a,ORD_92295a,BolPol_cfd7,1,220.0,220.0
11206,ORIT_2d5898,ORD_2d5898,MatPoc_45de,1,13000.0,13000.0
11207,ORIT_8d9e5f,ORD_8d9e5f,MatPoc_2df5,1,17500.0,17500.0
11208,ORIT_4769be,ORD_4769be,MatSpr_06ac,1,4000.0,4000.0
11209,ORIT_a173c4,ORD_a173c4,MatSpr_acd0,1,8000.0,8000.0
11210,ORIT_a4256f,ORD_a4256f,MatPoc_2df5,2,17500.0,35000.0
11211,ORIT_147a80,ORD_147a80,MatSpr_06ac,1,4000.0,4000.0
11212,ORIT_3aad17,ORD_3aad17,BedLin_18f8,2,2000.0,4000.0
11213,ORIT_583e08,ORD_583e08,MatFoa_182e,1,5500.0,5500.0
11214,ORIT_ee3ea2,ORD_ee3ea2,MatPoc_45de,1,13000.0,13000.0
11215,ORIT_684fa1,ORD_684fa1,BedCot_17f5,1,1500.0,1500.0
11216,ORIT_c426c1,ORD_c426c1,MatSpr_06ac,1,4000.0,4000.0
11217,ORIT_82a188,ORD_82a188,MatSpr_56a3,3,4000.0,12000.0
11218,ORIT_524a07,ORD_524a07,BlaCot_9ef6,1,2200.0,2200.0
11219,ORIT_040991,ORD_040991,MatPoc_f6cb,1,17500.0,17500.0
11220,ORIT_2dd764,ORD_2dd764,BlaFle_991d,1,300.0,300.0
11221,ORIT_2e072e,ORD_2e072e,MatSpr_ba3a,1,8000.0,8000.0
11222,ORIT_f6254c,ORD_f6254c,MatPoc_f6cb,2,17500.0,35000.0
11223,ORIT_875b7b,ORD_875b7b,MatSpr_ccc4,1,6000.0,6000.0
11224,ORIT_e53c65,ORD_e53c65,PilFea_8a5d,1,650.0,650.0
11225,ORIT_93c217,ORD_93c217,BolPol_82d7,3,220.0,660.0
11226,ORIT_3f2df4,ORD_3f2df4,MatPoc_f6cb,3,17500.0,52500.0
11227,ORIT_53033f,ORD_53033f,MatPoc_2df5,1,17500.0,17500.0
11228,ORIT_ce2be7,ORD_ce2be7,MatSpr_28ce,3,6000.0,18000.0
11229,ORIT_4b3ac8,ORD_4b3ac8,BolCot_21df,1,300.0,300.0
11230,ORIT_16f17c,ORD_16f17c,BolCot_21df,1,300.0,300.0
11231,ORIT_9a812d,ORD_9a812d,BedPol_2724,1,400.0,400.0
11232,ORIT_105ffe,ORD_105ffe,BlaFla_ad01,2,1200.0,2400.0
11233,ORIT_6061aa,ORD_6061aa,MatSpr_ccc4,2,6000.0,12000.0
11234,ORIT_d2c5fb,ORD_d2c5fb,MatSpr_28ce,1,6000.0,6000.0
11235,ORIT_ae0d32,ORD_ae0d32,MatSpr_ba3a,1,8000.0,8000.0
11236,ORIT_e8e3ac,ORD_e8e3ac,MatPoc_2df5,1,17500.0,17500.0
11237,ORIT_7c8ab3,ORD_7c8ab3,MatPoc_1e64,1,8500.0,8500.0
11238,ORIT_c47592,ORD_c47592,MatPoc_f6cb,1,17500.0,17500.0
11239,ORIT_0ad74a,ORD_0ad74a,MatPoc_f6cb,1,17500.0,17500.0
11240,ORIT_94dbab,ORD_94dbab,MatPoc_f6cb,1,17500.0,17500.0
11241,ORIT_965b6d,ORD_965b6d,MatFoa_e09a,1,5500.0,5500.0
11242,ORIT_6f4d1c,ORD_6f4d1c,MatPoc_45de,1,13000.0,13000.0
11243,ORIT_4ebdfb,ORD_4ebdfb,MatPoc_6ee7,1,13000.0,13000.0
11244,ORIT_f56eea,ORD_f56eea,BolPol_cfd7,1,220.0,220.0
11245,ORIT_949cc5,ORD_949cc5,MatSpr_28ce,1,6000.0,6000.0
11246,ORIT_b25c56,ORD_b25c56,MatSpr_28ce,4,6000.0,24000.0
11247,ORIT_ad56ad,ORD_ad56ad,BedCot_6141,1,800.0,800.0
11248,ORIT_ec0d84,ORD_ec0d84,PilPol_a442,2,180.0,360.0
11249,ORIT_251488,ORD_251488,MatPoc_f6cb,1,17500.0,17500.0
11250,ORIT_a9f85b,ORD_a9f85b,MatSpr_28ce,1,6000.0,6000.0
11251,ORIT_722bf8,ORD_722bf8,BedCot_4a29,1,800.0,800.0
11252,ORIT_12f0e4,ORD_12f0e4,BedLin_2f24,1,2000.0,2000.0
11253,ORIT_a57512,ORD_a57512,BedPol_2724,1,400.0,400.0
11254,ORIT_7e7515,ORD_7e7515,BedLin_8a26,2,3800.0,7600.0
11255,ORIT_bea593,ORD_bea593,PilFea_115c,3,650.0,1950.0
11256,ORIT_2577bc,ORD_2577bc,MatSpr_acd0,1,8000.0,8000.0
11257,ORIT_e13dc6,ORD_e13dc6,BedCot_17f5,1,1500.0,1500.0
11258,ORIT_92549a,ORD_92549a,MatSpr_28ce,1,6000.0,6000.0
11259,ORIT_7deb97,ORD_7deb97,MatPoc_2df5,2,17500.0,35000.0
11260,ORIT_b7dcd7,ORD_b7dcd7,PilFea_56ac,2,650.0,1300.0
11261,ORIT_02d468,ORD_02d468,MatFoa_e09a,1,5500.0,5500.0
11262,ORIT_017022,ORD_017022,BolPol_cfd7,2,220.0,440.0
11263,ORIT_9226a9,ORD_9226a9,MatSpr_acd0,4,8000.0,32000.0
11264,ORIT_aa31ed,ORD_aa31ed,PilPol_662f,1,180.0,180.0
11265,ORIT_fa809e,ORD_fa809e,MatPoc_2df5,1,17500.0,17500.0
11266,ORIT_4c8459,ORD_4c8459,BlaCot_6c4b,1,2200.0,2200.0
11267,ORIT_589908,ORD_589908,BedCot_2397,3,1500.0,4500.0
11268,ORIT_cd6c4f,ORD_cd6c4f,MatPoc_f6cb,1,17500.0,17500.0
11269,ORIT_9752b5,ORD_9752b5,MatSpr_ccc4,1,6000.0,6000.0
11270,ORIT_d455f8,ORD_d455f8,BedCot_87ca,1,1200.0,1200.0
11271,ORIT_d0cec0,ORD_d0cec0,BlaFle_33f0,1,700.0,700.0
11272,ORIT_f30944,ORD_f30944,MatSpr_56a3,1,4000.0,4000.0
11273,ORIT_d43a0f,ORD_d43a0f,MatPoc_2df5,2,17500.0,35000.0
11274,ORIT_241cfa,ORD_241cfa,BolPol_cfd7,3,220.0,660.0
11275,ORIT_33f5fe,ORD_33f5fe,MatPoc_2df5,1,17500.0,17500.0
11276,ORIT_24ab9c,ORD_24ab9c,BolPol_cfd7,1,220.0,220.0
11277,ORIT_40861e,ORD_40861e,BedPol_5ab8,2,600.0,1200.0
11278,ORIT_aa2099,ORD_aa2099,MatPoc_6ee7,2,13000.0,26000.0
11279,ORIT_984c14,ORD_984c14,MatSpr_ba3a,3,8000.0,24000.0
11280,ORIT_4cc7e7,ORD_4cc7e7,PilFea_56ac,2,650.0,1300.0
11281,ORIT_bea1b6,ORD_bea1b6,PilPol_3076,3,180.0,540.0
11282,ORIT_95d7af,ORD_95d7af,MatPoc_2df5,2,17500.0,35000.0
11283,ORIT_034ab1,ORD_034ab1,MatSpr_06ac,2,4000.0,8000.0
11284,ORIT_09ad7a,ORD_09ad7a,BedPol_e207,1,400.0,400.0
11285,ORIT_912b48,ORD_912b48,PilPol_662f,1,180.0,180.0
11286,ORIT_47c262,ORD_47c262,BedCot_6141,1,800.0,800.0
11287,ORIT_476612,ORD_476612,MatPoc_45de,2,13000.0,26000.0
11288,ORIT_6e8638,ORD_6e8638,MatSpr_28ce,1,6000.0,6000.0
11289,ORIT_b6aba1,ORD_b6aba1,BolPol_82d7,1,220.0,220.0
11290,ORIT_b7acae,ORD_b7acae,PilPol_662f,1,180.0,180.0
11291,ORIT_1166ca,ORD_1166ca,BedCot_6141,1,800.0,800.0
11292,ORIT_b319a7,ORD_b319a7,MatPoc_1e64,2,8500.0,17000.0
11293,ORIT_822e46,ORD_822e46,PilPol_662f,1,180.0,180.0
11294,ORIT_f7d952,ORD_f7d952,MatPoc_f6cb,1,17500.0,17500.0
11295,ORIT_abd281,ORD_abd281,BedLin_5d3d,1,4200.0,4200.0
11296,ORIT_99cd7e,ORD_99cd7e,MatSpr_acd0,3,8000.0,24000.0
11297,ORIT_7ebd81,ORD_7ebd81,MatPoc_f6cb,4,17500.0,70000.0
11298,ORIT_3c0ca0,ORD_3c0ca0,MatFoa_28ad,4,7500.0,30000.0
11299,ORIT_7be4c9,ORD_7be4c9,PilPol_a442,3,180.0,540.0
11300,ORIT_54af93,ORD_54af93,BedPol_239e,3,600.0,1800.0
11301,ORIT_393ccb,ORD_393ccb,BedCot_2397,3,1500.0,4500.0
11302,ORIT_7dec87,ORD_7dec87,MatPoc_6ee7,2,13000.0,26000.0
11303,ORIT_7341d0,ORD_7341d0,BedCot_2397,4,1500.0,6000.0
11304,ORIT_4617f8,ORD_4617f8,BlaFle_0f50,1,300.0,300.0
11305,ORIT_537dce,ORD_537dce,PilPol_662f,4,180.0,720.0
11306,ORIT_2a8f80,ORD_2a8f80,MatSpr_acd0,3,8000.0,24000.0
11307,ORIT_162265,ORD_162265,MatPoc_45de,2,13000.0,26000.0
11308,ORIT_20cd61,ORD_20cd61,PilPol_662f,3,180.0,540.0
11309,ORIT_8efcfa,ORD_8efcfa,MatSpr_28ce,4,6000.0,24000.0
11310,ORIT_cadcff,ORD_cadcff,MatPoc_2df5,3,17500.0,52500.0
11311,ORIT_588b32,ORD_588b32,BedCot_17f5,4,1500.0,6000.0
11312,ORIT_749184,ORD_749184,BolFea_d1d6,3,700.0,2100.0
11313,ORIT_d0b09d,ORD_d0b09d,MatPoc_2df5,2,17500.0,35000.0
11314,ORIT_b8f0bd,ORD_b8f0bd,BolPol_82d7,2,220.0,440.0
11315,ORIT_b22d06,ORD_b22d06,BolPol_f3ad,1,220.0,220.0
11316,ORIT_812828,ORD_812828,BolPol_82d7,1,220.0,220.0
11317,ORIT_3df2c9,ORD_3df2c9,MatFoa_13fa,1,7500.0,7500.0
11318,ORIT_1c18b7,ORD_1c18b7,BedCot_2449,3,800.0,2400.0
11319,ORIT_0a3365,ORD_0a3365,MatPoc_2df5,1,17500.0,17500.0
11320,ORIT_ed348b,ORD_ed348b,BolPol_cfd7,1,220.0,220.0
11321,ORIT_a95178,ORD_a95178,MatSpr_ccc4,1,6000.0,6000.0
11322,ORIT_45e3c1,ORD_45e3c1,MatSpr_28ce,4,6000.0,24000.0
11323,ORIT_35943a,ORD_35943a,MatSpr_ba3a,4,8000.0,32000.0
11324,ORIT_a4c04e,ORD_a4c04e,MatPoc_2df5,1,17500.0,17500.0
11325,ORIT_964061,ORD_964061,MatSpr_06ac,2,4000.0,8000.0
11326,ORIT_25f8a1,ORD_25f8a1,MatPoc_45de,2,13000.0,26000.0
11327,ORIT_f3075e,ORD_f3075e,BedPol_2724,1,400.0,400.0
11328,ORIT_1a794f,ORD_1a794f,MatFoa_e09a,1,5500.0,5500.0
11329,ORIT_08f1c0,ORD_08f1c0,BedPol_5144,3,600.0,1800.0
11330,ORIT_785427,ORD_785427,BedPol_f406,1,500.0,500.0
11331,ORIT_c24e62,ORD_c24e62,MatSpr_56a3,2,4000.0,8000.0
11332,ORIT_deded9,ORD_deded9,MatSpr_acd0,2,8000.0,16000.0
11333,ORIT_cd133c,ORD_cd133c,BolPol_f3ad,1,220.0,220.0
11334,ORIT_cd4a9f,ORD_cd4a9f,PilFea_8a5d,1,650.0,650.0
11335,ORIT_043711,ORD_043711,BedCot_2449,1,800.0,800.0
11336,ORIT_87938e,ORD_87938e,PilCot_b22a,2,250.0,500.0
11337,ORIT_b6eaba,ORD_b6eaba,BedCot_d278,2,1200.0,2400.0
11338,ORIT_0b42df,ORD_0b42df,MatPoc_6ee7,1,13000.0,13000.0
11339,ORIT_33e07f,ORD_33e07f,PilPol_a442,1,180.0,180.0
11340,ORIT_1e7335,ORD_1e7335,MatSpr_acd0,1,8000.0,8000.0
11341,ORIT_47425c,ORD_47425c,MatSpr_28ce,1,6000.0,6000.0
11342,ORIT_ff9d7a,ORD_ff9d7a,BedCot_2397,1,1500.0,1500.0
11343,ORIT_73b3a9,ORD_73b3a9,PilPol_a442,2,180.0,360.0
11344,ORIT_aea56e,ORD_aea56e,BedPol_5144,1,600.0,600.0
11345,ORIT_8ac171,ORD_8ac171,PilCot_3481,3,250.0,750.0
11346,ORIT_9eb81d,ORD_9eb81d,PilPol_3076,1,180.0,180.0
11347,ORIT_037f61,ORD_037f61,BedCot_d278,1,1200.0,1200.0
11348,ORIT_43bcee,ORD_43bcee,BolPol_f3ad,1,220.0,220.0
11349,ORIT_1918d0,ORD_1918d0,BedCot_87ca,2,1200.0,2400.0
11350,ORIT_2f0c57,ORD_2f0c57,BlaCot_ce6c,1,2000.0,2000.0
11351,ORIT_2dd558,ORD_2dd558,MatPoc_f6cb,1,17500.0,17500.0
11352,ORIT_917b46,ORD_917b46,BedPol_3807,1,500.0,500.0
11353,ORIT_e47bec,ORD_e47bec,BedCot_17f5,3,1500.0,4500.0
11354,ORIT_128bcc,ORD_128bcc,MatPoc_1e64,1,8500.0,8500.0
11355,ORIT_4e9efd,ORD_4e9efd,BedCot_2397,1,1500.0,1500.0
11356,ORIT_2c3e72,ORD_2c3e72,BedCot_d278,1,1200.0,1200.0
11357,ORIT_6c8efa,ORD_6c8efa,BedPol_239e,1,600.0,600.0
11358,ORIT_1b76c6,ORD_1b76c6,MatPoc_45de,1,13000.0,13000.0
11359,ORIT_499a15,ORD_499a15,MatFoa_4414,2,3500.0,7000.0
11360,ORIT_544596,ORD_544596,BolPol_cfd7,1,220.0,220.0
11361,ORIT_0adaf6,ORD_0adaf6,BlaCot_ce6c,3,2000.0,6000.0
11362,ORIT_0b2974,ORD_0b2974,BedCot_4e8b,2,1500.0,3000.0
11363,ORIT_2bf385,ORD_2bf385,BedCot_c645,1,1200.0,1200.0
11364,ORIT_27f1b0,ORD_27f1b0,MatPoc_6ee7,1,13000.0,13000.0
11365,ORIT_5fbdc6,ORD_5fbdc6,MatSpr_56a3,2,4000.0,8000.0
11366,ORIT_eeae2f,ORD_eeae2f,MatPoc_f6cb,1,17500.0,17500.0
11367,ORIT_d3dc18,ORD_d3dc18,MatPoc_2df5,1,17500.0,17500.0
11368,ORIT_a05def,ORD_a05def,MatPoc_2df5,1,17500.0,17500.0
11369,ORIT_a67bb5,ORD_a67bb5,MatSpr_acd0,2,8000.0,16000.0
11370,ORIT_0d2bd2,ORD_0d2bd2,MatSpr_ccc4,1,6000.0,6000.0
11371,ORIT_bc7d5e,ORD_bc7d5e,MatSpr_56a3,2,4000.0,8000.0
11372,ORIT_4491f2,ORD_4491f2,MatSpr_acd0,1,8000.0,8000.0
11373,ORIT_24880f,ORD_24880f,PilPol_a442,1,180.0,180.0
11374,ORIT_47d20c,ORD_47d20c,MatSpr_acd0,1,8000.0,8000.0
11375,ORIT_0e377f,ORD_0e377f,PilFea_8a5d,1,650.0,650.0
11376,ORIT_50427c,ORD_50427c,PilPol_a442,1,180.0,180.0
11377,ORIT_30a031,ORD_30a031,BedCot_2397,2,1500.0,3000.0
11378,ORIT_aaab37,ORD_aaab37,BedPol_e207,1,400.0,400.0
11379,ORIT_4cc457,ORD_4cc457,PilPol_a442,1,180.0,180.0
11380,ORIT_65ed26,ORD_65ed26,MatFoa_28ad,1,7500.0,7500.0
11381,ORIT_2a133c,ORD_2a133c,MatSpr_ccc4,1,6000.0,6000.0
11382,ORIT_f214af,ORD_f214af,MatSpr_06ac,2,4000.0,8000.0
11383,ORIT_b7e237,ORD_b7e237,BolPol_f3ad,1,220.0,220.0
11384,ORIT_9eb8cf,ORD_9eb8cf,BolPol_f3ad,2,220.0,440.0
11385,ORIT_07e9e9,ORD_07e9e9,BolPol_82d7,1,220.0,220.0
11386,ORIT_80b4d6,ORD_80b4d6,BolPol_f3ad,1,220.0,220.0
11387,ORIT_521e60,ORD_521e60,MatSpr_ccc4,1,6000.0,6000.0
11388,ORIT_3cd9a1,ORD_3cd9a1,BedPol_5144,1,600.0,600.0
11389,ORIT_b79e08,ORD_b79e08,MatSpr_acd0,1,8000.0,8000.0
11390,ORIT_3bf122,ORD_3bf122,MatSpr_28ce,4,6000.0,24000.0
11391,ORIT_c1119f,ORD_c1119f,BedCot_17f5,1,1500.0,1500.0
11392,ORIT_00eccf,ORD_00eccf,PilPol_662f,1,180.0,180.0
11393,ORIT_d59c64,ORD_d59c64,MatSpr_ba3a,2,8000.0,16000.0
11394,ORIT_81889a,ORD_81889a,MatSpr_acd0,1,8000.0,8000.0
11395,ORIT_e84561,ORD_e84561,PilPol_3076,2,180.0,360.0
11396,ORIT_659f9e,ORD_659f9e,BolCot_21df,1,300.0,300.0
11397,ORIT_ee455c,ORD_ee455c,BedCot_d278,1,1200.0,1200.0
11398,ORIT_a57b2d,ORD_a57b2d,PilFea_56ac,3,650.0,1950.0
11399,ORIT_2e1443,ORD_2e1443,PilFea_8a5d,1,650.0,650.0
11400,ORIT_f8d4a8,ORD_f8d4a8,BedCot_d278,1,1200.0,1200.0
11401,ORIT_f98f29,ORD_f98f29,MatFoa_28ad,1,7500.0,7500.0
11402,ORIT_270f72,ORD_270f72,BolPol_82d7,1,220.0,220.0
11403,ORIT_f7ed41,ORD_f7ed41,BedCot_2397,1,1500.0,1500.0
11404,ORIT_f402de,ORD_f402de,BolPol_f3ad,1,220.0,220.0
11405,ORIT_d3a470,ORD_d3a470,BedCot_6141,1,800.0,800.0
11406,ORIT_318a99,ORD_318a99,MatSpr_ccc4,1,6000.0,6000.0
11407,ORIT_3e17d9,ORD_3e17d9,PilPol_662f,1,180.0,180.0
11408,ORIT_0d017b,ORD_0d017b,MatPoc_6ee7,2,13000.0,26000.0
11409,ORIT_c17f00,ORD_c17f00,MatSpr_28ce,2,6000.0,12000.0
11410,ORIT_340c25,ORD_340c25,MatSpr_ba3a,3,8000.0,24000.0
11411,ORIT_0105a7,ORD_0105a7,BedCot_17f5,2,1500.0,3000.0
11412,ORIT_7cba2f,ORD_7cba2f,BolFea_98d4,3,700.0,2100.0
11413,ORIT_25c4d1,ORD_25c4d1,MatFoa_182e,4,5500.0,22000.0
11414,ORIT_72604b,ORD_72604b,MatSpr_acd0,3,8000.0,24000.0
11415,ORIT_dac5cb,ORD_dac5cb,BolPol_f3ad,4,220.0,880.0
11416,ORIT_21b067,ORD_21b067,BedPol_d3de,2,500.0,1000.0
11417,ORIT_d71515,ORD_d71515,BedPol_5144,1,600.0,600.0
11418,ORIT_b3f503,ORD_b3f503,BolPol_82d7,3,220.0,660.0
11419,ORIT_f14889,ORD_f14889,MatSpr_ccc4,1,6000.0,6000.0
11420,ORIT_3226e2,ORD_3226e2,MatPoc_f6cb,4,17500.0,70000.0
11421,ORIT_eb5300,ORD_eb5300,BedLin_d846,1,2000.0,2000.0
11422,ORIT_502c6f,ORD_502c6f,MatPoc_6ee7,3,13000.0,39000.0
11423,ORIT_1a3b43,ORD_1a3b43,MatSpr_ccc4,1,6000.0,6000.0
11424,ORIT_c17dc3,ORD_c17dc3,MatPoc_f6cb,3,17500.0,52500.0
11425,ORIT_9eec7d,ORD_9eec7d,BlaFla_78f1,3,1000.0,3000.0
11426,ORIT_972090,ORD_972090,MatSpr_28ce,1,6000.0,6000.0
11427,ORIT_7d5c8e,ORD_7d5c8e,MatFoa_182e,1,5500.0,5500.0
11428,ORIT_a88176,ORD_a88176,MatSpr_28ce,1,6000.0,6000.0
11429,ORIT_709189,ORD_709189,MatSpr_28ce,1,6000.0,6000.0
11430,ORIT_449fa5,ORD_449fa5,MatSpr_ccc4,1,6000.0,6000.0
11431,ORIT_30565e,ORD_30565e,MatSpr_ba3a,1,8000.0,8000.0
11432,ORIT_f56f3b,ORD_f56f3b,BedCot_6141,4,800.0,3200.0
11433,ORIT_d1c26d,ORD_d1c26d,MatPoc_45de,3,13000.0,39000.0
11434,ORIT_7d0c88,ORD_7d0c88,PilPol_3076,4,180.0,720.0
11435,ORIT_956de7,ORD_956de7,BolPol_82d7,3,220.0,660.0
11436,ORIT_e2b9e6,ORD_e2b9e6,BedCot_4e8b,4,1500.0,6000.0
11437,ORIT_3a3663,ORD_3a3663,MatSpr_ba3a,3,8000.0,24000.0
11438,ORIT_77c022,ORD_77c022,MatPoc_f6cb,3,17500.0,52500.0
11439,ORIT_4bbe13,ORD_4bbe13,BedCot_2397,2,1500.0,3000.0
11440,ORIT_e4bdde,ORD_e4bdde,BolPol_f3ad,3,220.0,660.0
11441,ORIT_96bc3e,ORD_96bc3e,MatSpr_ccc4,4,6000.0,24000.0
11442,ORIT_f7ca48,ORD_f7ca48,MatSpr_ba3a,4,8000.0,32000.0
11443,ORIT_b4d005,ORD_b4d005,BedPol_e8c9,3,400.0,1200.0
11444,ORIT_3ac41f,ORD_3ac41f,BedPol_e8c9,1,400.0,400.0
11445,ORIT_a314c3,ORD_a314c3,MatSpr_ba3a,3,8000.0,24000.0
11446,ORIT_1f45f1,ORD_1f45f1,MatPoc_f6cb,4,17500.0,70000.0
11447,ORIT_9b9e66,ORD_9b9e66,MatPoc_2df5,1,17500.0,17500.0
11448,ORIT_120b72,ORD_120b72,MatFoa_8cd2,1,3500.0,3500.0
11449,ORIT_78fbee,ORD_78fbee,MatPoc_f6cb,2,17500.0,35000.0
11450,ORIT_4ac5b7,ORD_4ac5b7,BolFea_d1d6,1,700.0,700.0
11451,ORIT_99f305,ORD_99f305,PilPol_a442,4,180.0,720.0
11452,ORIT_64f2ca,ORD_64f2ca,MatSpr_ba3a,1,8000.0,8000.0
11453,ORIT_516981,ORD_516981,MatFoa_4414,4,3500.0,14000.0
11454,ORIT_91cb55,ORD_91cb55,MatFoa_182e,4,5500.0,22000.0
11455,ORIT_df64b3,ORD_df64b3,MatFoa_4414,4,3500.0,14000.0
11456,ORIT_36ac0b,ORD_36ac0b,MatPoc_45de,3,13000.0,39000.0
11457,ORIT_3c5fa5,ORD_3c5fa5,PilCot_b22a,1,250.0,250.0
11458,ORIT_1e2231,ORD_1e2231,PilFea_56ac,4,650.0,2600.0
11459,ORIT_d76c95,ORD_d76c95,MatSpr_acd0,2,8000.0,16000.0
11460,ORIT_935095,ORD_935095,BlaCot_8a14,3,1200.0,3600.0
11461,ORIT_bd08db,ORD_bd08db,PilPol_662f,2,180.0,360.0
11462,ORIT_03f8e3,ORD_03f8e3,MatSpr_acd0,2,8000.0,16000.0
11463,ORIT_6a87a2,ORD_6a87a2,BedCot_2397,1,1500.0,1500.0
11464,ORIT_bbe521,ORD_bbe521,MatFoa_e09a,1,5500.0,5500.0
11465,ORIT_76e787,ORD_76e787,BolPol_82d7,1,220.0,220.0
11466,ORIT_0bfcbb,ORD_0bfcbb,MatSpr_56a3,3,4000.0,12000.0
11467,ORIT_e9b0f2,ORD_e9b0f2,MatSpr_28ce,3,6000.0,18000.0
11468,ORIT_c7f819,ORD_c7f819,PilFea_56ac,3,650.0,1950.0
11469,ORIT_f2824d,ORD_f2824d,BedCot_d278,4,1200.0,4800.0
11470,ORIT_7006eb,ORD_7006eb,MatSpr_06ac,3,4000.0,12000.0
11471,ORIT_105b5b,ORD_105b5b,PilPol_662f,2,180.0,360.0
11472,ORIT_ec9f50,ORD_ec9f50,MatFoa_28ad,1,7500.0,7500.0
11473,ORIT_f2eb51,ORD_f2eb51,BolCot_31e6,1,300.0,300.0
11474,ORIT_ebb838,ORD_ebb838,MatSpr_ccc4,2,6000.0,12000.0
11475,ORIT_9664f9,ORD_9664f9,BedCot_2397,1,1500.0,1500.0
11476,ORIT_48c2b3,ORD_48c2b3,BolFea_98d4,1,700.0,700.0
11477,ORIT_7798b1,ORD_7798b1,PilPol_3076,1,180.0,180.0
11478,ORIT_20aa02,ORD_20aa02,MatFoa_8cd2,1,3500.0,3500.0
11479,ORIT_607b28,ORD_607b28,BedCot_c645,1,1200.0,1200.0
11480,ORIT_f85060,ORD_f85060,MatSpr_28ce,1,6000.0,6000.0
11481,ORIT_510204,ORD_510204,BedCot_4a29,3,800.0,2400.0
11482,ORIT_58b51d,ORD_58b51d,MatSpr_ba3a,2,8000.0,16000.0
11483,ORIT_b9bce1,ORD_b9bce1,BedCot_6141,1,800.0,800.0
11484,ORIT_663afa,ORD_663afa,BedCot_d278,1,1200.0,1200.0
11485,ORIT_52154d,ORD_52154d,MatSpr_28ce,1,6000.0,6000.0
11486,ORIT_61f9f7,ORD_61f9f7,BlaCot_8a14,4,1200.0,4800.0
11487,ORIT_a54800,ORD_a54800,BedPol_5ab8,2,600.0,1200.0
11488,ORIT_a5ea2a,ORD_a5ea2a,PilPol_3076,2,180.0,360.0
11489,ORIT_9b876a,ORD_9b876a,MatSpr_56a3,2,4000.0,8000.0
11490,ORIT_878984,ORD_878984,MatPoc_f6cb,3,17500.0,52500.0
11491,ORIT_201d08,ORD_201d08,BedCot_17f5,1,1500.0,1500.0
11492,ORIT_2b6c41,ORD_2b6c41,MatFoa_28ad,3,7500.0,22500.0
11493,ORIT_1f2a05,ORD_1f2a05,BedCot_6141,1,800.0,800.0
11494,ORIT_d1bbcb,ORD_d1bbcb,PilFea_8a5d,1,650.0,650.0
11495,ORIT_2c8391,ORD_2c8391,BedCot_6141,1,800.0,800.0
11496,ORIT_efdb73,ORD_efdb73,BlaCot_9ef6,1,2200.0,2200.0
11497,ORIT_a4ee8b,ORD_a4ee8b,MatPoc_6ee7,1,13000.0,13000.0
11498,ORIT_c7361f,ORD_c7361f,PilPol_662f,1,180.0,180.0
11499,ORIT_a4831b,ORD_a4831b,BedLin_f732,2,4200.0,8400.0
11500,ORIT_11f5b3,ORD_11f5b3,MatSpr_acd0,3,8000.0,24000.0
11501,ORIT_68d775,ORD_68d775,MatSpr_ccc4,2,6000.0,12000.0
11502,ORIT_8fa605,ORD_8fa605,PilPol_3076,2,180.0,360.0
11503,ORIT_cde002,ORD_cde002,MatSpr_ba3a,2,8000.0,16000.0
11504,ORIT_f3d6ca,ORD_f3d6ca,BedCot_2449,2,800.0,1600.0
11505,ORIT_844bb2,ORD_844bb2,MatSpr_ccc4,1,6000.0,6000.0
11506,ORIT_bac37f,ORD_bac37f,BolPol_82d7,2,220.0,440.0
11507,ORIT_e6e8b0,ORD_e6e8b0,BedLin_d846,1,2000.0,2000.0
11508,ORIT_924f07,ORD_924f07,PilPol_3076,2,180.0,360.0
11509,ORIT_4546e1,ORD_4546e1,MatSpr_ba3a,1,8000.0,8000.0
11510,ORIT_e9197d,ORD_e9197d,PilFea_115c,1,650.0,650.0
11511,ORIT_298add,ORD_298add,MatFoa_e09a,1,5500.0,5500.0
11512,ORIT_679831,ORD_679831,MatSpr_ccc4,1,6000.0,6000.0
11513,ORIT_640fae,ORD_640fae,MatPoc_45de,1,13000.0,13000.0
