,Order_ID,Customer_ID,Customer_Type,Order_Date,Payment_ID,Status_ID,Created_At
0,ORD_8cd272,CUST_8cd272,One_Time,2024-09-26,PAY_e09a,STAT_8cd2,2024-09-26
1,ORD_4414ca,CUST_2df5c5,One_Time,2025-11-21,PAY_e09a,STAT_8cd2,2025-11-21
2,ORD_e09a37,CUST_239e83,One_Time,2025-11-28,PAY_4414,STAT_4414,2025-11-28
3,ORD_182efa,CUST_a31124,One_Time,2022-03-23,PAY_4414,STAT_8cd2,2022-03-23
4,ORD_28ad5d,CUST_9781a8,One_Time,2026-04-03,PAY_182e,STAT_e09a,2026-04-03
5,ORD_13fac3,CUST_5f55ee,One_Time,2024-06-13,PAY_4414,STAT_4414,2024-06-13
6,ORD_56a3be,CUST_9255b9,One_Time,2026-05-05,PAY_182e,STAT_8cd2,2026-05-05
7,ORD_06ac42,CUST_41c4c5,One_Time,2025-05-10,PAY_8cd2,STAT_8cd2,2025-05-10
8,ORD_ccc456,CUST_b8ec4b,One_Time,2025-03-28,PAY_e09a,STAT_8cd2,2025-03-28
9,ORD_28cec5,CUST_c0f3c3,One_Time,2025-08-16,PAY_4414,STAT_e09a,2025-08-16
10,ORD_ba3ae8,CUST_61003a,Commercial,2025-04-18,PAY_182e,STAT_4414,2025-04-18
11,ORD_acd024,CUST_61003a,Commercial,2022-06-01,PAY_8cd2,STAT_8cd2,2022-06-01
12,ORD_1e64a4,CUST_61003a,Commercial,2022-04-26,PAY_e09a,STAT_182e,2022-04-26
13,ORD_27a048,CUST_61003a,Commercial,2024-02-06,PAY_e09a,STAT_8cd2,2024-02-06
14,ORD_6ee75b,CUST_61003a,Commercial,2022-04-26,PAY_182e,STAT_182e,2022-04-26
15,ORD_45de4b,CUST_61003a,Commercial,2025-04-22,PAY_4414,STAT_e09a,2025-04-22
16,ORD_2df5c5,CUST_61003a,Commercial,2023-09-10,PAY_4414,STAT_4414,2023-09-10
17,ORD_f6cbaf,CUST_61003a,Commercial,2025-07-23,PAY_182e,STAT_4414,2025-07-23
18,ORD_2449e4,CUST_61003a,Commercial,2024-02-25,PAY_e09a,STAT_4414,2024-02-25
19,ORD_6141fa,CUST_61003a,Commercial,2022-04-26,PAY_182e,STAT_8cd2,2022-04-26
20,ORD_4a29a2,CUST_d037f7,Repeat,2025-03-19,PAY_4414,STAT_4414,2025-03-19
21,ORD_c645e8,CUST_d037f7,Repeat,2025-03-19,PAY_8cd2,STAT_4414,2025-03-19
22,ORD_d27894,CUST_d037f7,Repeat,2025-03-19,PAY_4414,STAT_182e,2025-03-19
23,ORD_87ca8f,CUST_d037f7,Repeat,2025-03-19,PAY_e09a,STAT_e09a,2025-03-19
24,ORD_239738,CUST_3effc6,One_Time,2025-01-26,PAY_e09a,STAT_4414,2025-01-26
25,ORD_4e8b88,CUST_fcde2a,One_Time,2025-09-05,PAY_4414,STAT_e09a,2025-09-05
26,ORD_17f531,CUST_461869,One_Time,2026-02-20,PAY_182e,STAT_e09a,2026-02-20
27,ORD_e8c93f,CUST_fe3cb1,One_Time,2024-09-01,PAY_182e,STAT_e09a,2024-09-01
28,ORD_272497,CUST_5a0ab6,One_Time,2025-10-23,PAY_8cd2,STAT_4414,2025-10-23
29,ORD_e207fb,CUST_d76b2e,Repeat,2026-04-28,PAY_e09a,STAT_4414,2026-04-28
30,ORD_3807e4,CUST_d76b2e,Repeat,2026-04-28,PAY_8cd2,STAT_182e,2026-04-28
31,ORD_f40636,CUST_d76b2e,Repeat,2026-04-28,PAY_8cd2,STAT_e09a,2026-04-28
32,ORD_d3de81,CUST_d76b2e,Repeat,2026-04-28,PAY_8cd2,STAT_4414,2026-04-28
33,ORD_51449e,CUST_d76b2e,Repeat,2026-04-28,PAY_8cd2,STAT_4414,2026-04-28
34,ORD_239e83,CUST_8b3e08,One_Time,2025-04-24,PAY_182e,STAT_8cd2,2025-04-24
35,ORD_5ab8e4,CUST_d45b66,One_Time,2025-05-27,PAY_4414,STAT_8cd2,2025-05-27
36,ORD_18f876,CUST_eae095,One_Time,2022-10-01,PAY_8cd2,STAT_8cd2,2022-10-01
37,ORD_2f2436,CUST_023ec6,One_Time,2022-08-27,PAY_4414,STAT_4414,2022-08-27
38,ORD_d846d9,CUST_b08602,One_Time,2024-11-18,PAY_8cd2,STAT_e09a,2024-11-18
39,ORD_8a26e0,CUST_670d9e,One_Time,2023-11-24,PAY_182e,STAT_8cd2,2023-11-24
40,ORD_b09731,CUST_9e102c,One_Time,2023-10-05,PAY_4414,STAT_4414,2023-10-05
41,ORD_67d14a,CUST_2f7280,Repeat,2025-11-21,PAY_e09a,STAT_4414,2025-11-21
42,ORD_aa0fd2,CUST_2f7280,Repeat,2025-11-21,PAY_4414,STAT_4414,2025-11-21
43,ORD_5d3da4,CUST_2f7280,Repeat,2026-03-18,PAY_8cd2,STAT_182e,2026-03-18
44,ORD_f73236,CUST_2f7280,Repeat,2026-04-06,PAY_182e,STAT_182e,2026-04-06
45,ORD_3481ae,CUST_2f7280,Repeat,2025-11-21,PAY_182e,STAT_4414,2025-11-21
46,ORD_f07815,CUST_8e05ee,One_Time,2022-11-08,PAY_e09a,STAT_4414,2022-11-08
47,ORD_b22a14,CUST_64c80a,One_Time,2025-01-19,PAY_4414,STAT_e09a,2025-01-19
48,ORD_8a5d1c,CUST_f011ec,One_Time,2026-03-18,PAY_182e,STAT_182e,2026-03-18
49,ORD_115c61,CUST_768c6e,One_Time,2022-09-11,PAY_e09a,STAT_4414,2022-09-11
50,ORD_56acd1,CUST_022476,One_Time,2025-06-18,PAY_4414,STAT_182e,2025-06-18
51,ORD_3076c1,CUST_d8e782,One_Time,2025-07-15,PAY_8cd2,STAT_e09a,2025-07-15
52,ORD_662f36,CUST_dccbdf,Repeat,2023-02-21,PAY_182e,STAT_182e,2023-02-21
53,ORD_a442d1,CUST_dccbdf,Repeat,2022-04-18,PAY_4414,STAT_182e,2022-04-18
54,ORD_30508d,CUST_2f5a5c,One_Time,2024-04-15,PAY_4414,STAT_182e,2024-04-15
55,ORD_31e638,CUST_a0c1ee,One_Time,2025-06-15,PAY_e09a,STAT_182e,2025-06-15
56,ORD_21df41,CUST_94e417,One_Time,2026-01-22,PAY_e09a,STAT_8cd2,2026-01-22
57,ORD_98d483,CUST_c062dd,Repeat,2024-05-01,PAY_e09a,STAT_e09a,2024-05-01
58,ORD_d1d699,CUST_c062dd,Repeat,2022-07-22,PAY_8cd2,STAT_e09a,2022-07-22
59,ORD_b87f98,CUST_c062dd,Repeat,2023-01-13,PAY_8cd2,STAT_e09a,2023-01-13
60,ORD_f3ad36,CUST_c062dd,Repeat,2023-05-05,PAY_182e,STAT_4414,2023-05-05
61,ORD_cfd70e,CUST_c062dd,Repeat,2025-12-21,PAY_4414,STAT_4414,2025-12-21
62,ORD_82d771,CUST_d49cfd,Commercial,2026-02-17,PAY_4414,STAT_8cd2,2026-02-17
63,ORD_9ebb68,CUST_d49cfd,Commercial,2023-12-26,PAY_4414,STAT_4414,2023-12-26
64,ORD_9781a8,CUST_d49cfd,Commercial,2025-03-14,PAY_182e,STAT_182e,2025-03-14
65,ORD_8a1460,CUST_d49cfd,Commercial,2023-12-26,PAY_4414,STAT_e09a,2023-12-26
66,ORD_503c55,CUST_d49cfd,Commercial,2025-08-07,PAY_4414,STAT_e09a,2025-08-07
67,ORD_ce6c4e,CUST_d49cfd,Commercial,2023-12-26,PAY_4414,STAT_4414,2023-12-26
68,ORD_b5292c,CUST_d49cfd,Commercial,2024-08-26,PAY_8cd2,STAT_182e,2024-08-26
69,ORD_572eed,CUST_d49cfd,Commercial,2025-02-27,PAY_8cd2,STAT_8cd2,2025-02-27
70,ORD_9ef64d,CUST_d49cfd,Commercial,2024-05-03,PAY_182e,STAT_e09a,2024-05-03
71,ORD_6c4b64,CUST_d49cfd,Commercial,2023-12-26,PAY_8cd2,STAT_e09a,2023-12-26
72,ORD_769a37,CUST_d49cfd,Commercial,2023-12-26,PAY_4414,STAT_182e,2023-12-26
73,ORD_ce8efa,CUST_d49cfd,Commercial,2023-12-26,PAY_4414,STAT_182e,2023-12-26
74,ORD_41101c,CUST_d49cfd,Commercial,2026-02-09,PAY_8cd2,STAT_8cd2,2026-02-09
75,ORD_f99560,CUST_d49cfd,Commercial,2026-01-22,PAY_e09a,STAT_182e,2026-01-22
76,ORD_1d9ce9,CUST_d49cfd,Commercial,2023-12-26,PAY_e09a,STAT_e09a,2023-12-26
77,ORD_78f1b0,CUST_d49cfd,Commercial,2025-04-11,PAY_4414,STAT_e09a,2025-04-11
78,ORD_7645ce,CUST_d49cfd,Commercial,2023-12-26,PAY_8cd2,STAT_182e,2023-12-26
79,ORD_ad01ba,CUST_d49cfd,Commercial,2024-04-20,PAY_8cd2,STAT_e09a,2024-04-20
80,ORD_5f55ee,CUST_d49cfd,Commercial,2024-10-25,PAY_182e,STAT_4414,2024-10-25
81,ORD_991d44,CUST_5fe498,Repeat,2025-02-19,PAY_8cd2,STAT_8cd2,2025-02-19
82,ORD_148547,CUST_5fe498,Repeat,2025-03-01,PAY_e09a,STAT_4414,2025-03-01
83,ORD_0f50a1,CUST_5fe498,Repeat,2025-02-19,PAY_182e,STAT_4414,2025-02-19
84,ORD_c9a0ca,CUST_5fe498,Repeat,2025-02-19,PAY_182e,STAT_4414,2025-02-19
85,ORD_394ca6,CUST_57f2c3,One_Time,2023-09-02,PAY_182e,STAT_182e,2023-09-02
86,ORD_7daf9e,CUST_ad6bf8,One_Time,2024-10-08,PAY_4414,STAT_182e,2024-10-08
87,ORD_5881e2,CUST_ce0c27,One_Time,2022-04-28,PAY_182e,STAT_182e,2022-04-28
88,ORD_33f035,CUST_ad4656,One_Time,2023-08-25,PAY_4414,STAT_8cd2,2023-08-25
89,ORD_9bda4b,CUST_2601fa,One_Time,2025-04-07,PAY_8cd2,STAT_182e,2025-04-07
90,ORD_d158dd,CUST_3e97ef,One_Time,2025-01-19,PAY_4414,STAT_8cd2,2025-01-19
91,ORD_09fb31,CUST_dddc3b,Repeat,2025-10-19,PAY_182e,STAT_e09a,2025-10-19
92,ORD_b8c88c,CUST_dddc3b,Repeat,2025-07-06,PAY_182e,STAT_4414,2025-07-06
93,ORD_fce1f5,CUST_dddc3b,Repeat,2026-01-15,PAY_e09a,STAT_8cd2,2026-01-15
94,ORD_009560,CUST_dddc3b,Repeat,2026-01-28,PAY_8cd2,STAT_8cd2,2026-01-28
95,ORD_025766,CUST_44df34,One_Time,2025-04-17,PAY_4414,STAT_e09a,2025-04-17
96,ORD_7fb44e,CUST_1cb392,One_Time,2026-02-09,PAY_e09a,STAT_182e,2026-02-09
97,ORD_6d55a1,CUST_5f3218,One_Time,2024-06-27,PAY_e09a,STAT_8cd2,2024-06-27
98,ORD_a6c526,CUST_d2d8f2,One_Time,2025-09-21,PAY_182e,STAT_182e,2025-09-21
99,ORD_1fcc78,CUST_8985ba,One_Time,2026-02-11,PAY_4414,STAT_8cd2,2026-02-11
100,ORD_66703e,CUST_407171,Repeat,2024-04-26,PAY_182e,STAT_e09a,2024-04-26
101,ORD_8f3264,CUST_407171,Repeat,2024-03-27,PAY_8cd2,STAT_4414,2024-03-27
102,ORD_08a9f2,CUST_407171,Repeat,2024-03-27,PAY_e09a,STAT_8cd2,2024-03-27
103,ORD_77c92d,CUST_407171,Repeat,2024-03-27,PAY_8cd2,STAT_4414,2024-03-27
104,ORD_af92f5,CUST_407171,Repeat,2024-03-27,PAY_e09a,STAT_e09a,2024-03-27
105,ORD_2999ec,CUST_879456,One_Time,2022-05-05,PAY_e09a,STAT_8cd2,2022-05-05
106,ORD_727a3d,CUST_5b0f7b,Repeat,2022-12-27,PAY_8cd2,STAT_e09a,2022-12-27
107,ORD_60e635,CUST_5b0f7b,Repeat,2022-12-27,PAY_8cd2,STAT_4414,2022-12-27
108,ORD_fd3a3e,CUST_f20de7,Repeat,2024-07-15,PAY_8cd2,STAT_4414,2024-07-15
109,ORD_09a31a,CUST_f20de7,Repeat,2024-07-15,PAY_4414,STAT_e09a,2024-07-15
110,ORD_dbb792,CUST_f20de7,Repeat,2024-07-15,PAY_e09a,STAT_182e,2024-07-15
111,ORD_f4520b,CUST_f20de7,Repeat,2024-07-15,PAY_182e,STAT_e09a,2024-07-15
112,ORD_600d7c,CUST_f20de7,Repeat,2024-07-15,PAY_4414,STAT_e09a,2024-07-15
113,ORD_e93849,CUST_f20de7,Repeat,2024-07-15,PAY_4414,STAT_8cd2,2024-07-15
114,ORD_ba7067,CUST_77c357,One_Time,2024-11-16,PAY_e09a,STAT_4414,2024-11-16
115,ORD_664e2d,CUST_e73b62,Repeat,2024-03-24,PAY_4414,STAT_182e,2024-03-24
116,ORD_849d94,CUST_e73b62,Repeat,2025-02-20,PAY_4414,STAT_4414,2025-02-20
117,ORD_4d577e,CUST_e73b62,Repeat,2023-01-15,PAY_e09a,STAT_8cd2,2023-01-15
118,ORD_d741a2,CUST_e73b62,Repeat,2022-12-27,PAY_4414,STAT_e09a,2022-12-27
119,ORD_98ff6e,CUST_e73b62,Repeat,2022-12-27,PAY_182e,STAT_182e,2022-12-27
120,ORD_c4b448,CUST_e73b62,Repeat,2024-07-23,PAY_8cd2,STAT_182e,2024-07-23
121,ORD_b4d84b,CUST_b79909,One_Time,2026-03-01,PAY_4414,STAT_8cd2,2026-03-01
122,ORD_5d6db4,CUST_3129a6,One_Time,2023-11-10,PAY_e09a,STAT_e09a,2023-11-10
123,ORD_92a49c,CUST_13b294,One_Time,2025-07-24,PAY_182e,STAT_4414,2025-07-24
124,ORD_d436a1,CUST_e7a5c8,Repeat,2025-04-01,PAY_4414,STAT_e09a,2025-04-01
125,ORD_256b36,CUST_e7a5c8,Repeat,2025-02-10,PAY_4414,STAT_4414,2025-02-10
126,ORD_af53a5,CUST_e7a5c8,Repeat,2025-02-10,PAY_8cd2,STAT_182e,2025-02-10
127,ORD_6ec73f,CUST_e7a5c8,Repeat,2025-02-10,PAY_8cd2,STAT_182e,2025-02-10
128,ORD_358ed4,CUST_57b81b,One_Time,2024-06-26,PAY_8cd2,STAT_8cd2,2024-06-26
129,ORD_e8611e,CUST_eef7e5,One_Time,2024-07-22,PAY_4414,STAT_4414,2024-07-22
130,ORD_5fed38,CUST_90be48,One_Time,2024-12-06,PAY_8cd2,STAT_8cd2,2024-12-06
131,ORD_db07d1,CUST_ef7d35,One_Time,2022-08-19,PAY_182e,STAT_8cd2,2022-08-19
132,ORD_b48d5e,CUST_4042f2,One_Time,2026-04-13,PAY_e09a,STAT_8cd2,2026-04-13
133,ORD_7cec94,CUST_03e703,One_Time,2024-01-16,PAY_e09a,STAT_4414,2024-01-16
134,ORD_97b0f8,CUST_ef4e13,One_Time,2024-09-11,PAY_8cd2,STAT_8cd2,2024-09-11
135,ORD_02d82d,CUST_4d8805,One_Time,2022-04-14,PAY_4414,STAT_182e,2022-04-14
136,ORD_bd789d,CUST_1e6dbe,One_Time,2022-08-19,PAY_4414,STAT_e09a,2022-08-19
137,ORD_9cbbc2,CUST_f192d8,One_Time,2023-10-05,PAY_4414,STAT_4414,2023-10-05
138,ORD_e4c54a,CUST_ec34bf,One_Time,2025-11-19,PAY_4414,STAT_4414,2025-11-19
139,ORD_692fa8,CUST_7b700e,Repeat,2026-01-13,PAY_e09a,STAT_182e,2026-01-13
140,ORD_a133e9,CUST_7b700e,Repeat,2025-10-14,PAY_e09a,STAT_e09a,2025-10-14
141,ORD_eb27cb,CUST_7b700e,Repeat,2025-06-13,PAY_e09a,STAT_8cd2,2025-06-13
142,ORD_4e9178,CUST_7b700e,Repeat,2025-06-13,PAY_4414,STAT_8cd2,2025-06-13
143,ORD_a98b69,CUST_6e9518,One_Time,2025-02-27,PAY_8cd2,STAT_e09a,2025-02-27
144,ORD_59450b,CUST_e90f85,Repeat,2025-08-27,PAY_4414,STAT_4414,2025-08-27
145,ORD_976e58,CUST_e90f85,Repeat,2025-08-27,PAY_182e,STAT_8cd2,2025-08-27
146,ORD_e7507b,CUST_e90f85,Repeat,2025-08-27,PAY_4414,STAT_8cd2,2025-08-27
147,ORD_130474,CUST_e90f85,Repeat,2025-08-27,PAY_4414,STAT_8cd2,2025-08-27
148,ORD_7cafe8,CUST_e90f85,Repeat,2026-04-06,PAY_4414,STAT_8cd2,2026-04-06
149,ORD_465a15,CUST_e90f85,Repeat,2025-08-27,PAY_4414,STAT_8cd2,2025-08-27
150,ORD_cf1b93,CUST_149473,Repeat,2025-06-01,PAY_4414,STAT_e09a,2025-06-01
151,ORD_3d3e13,CUST_149473,Repeat,2025-06-01,PAY_8cd2,STAT_8cd2,2025-06-01
152,ORD_630192,CUST_e10dfc,One_Time,2025-02-27,PAY_182e,STAT_8cd2,2025-02-27
153,ORD_fc6103,CUST_369b50,One_Time,2025-07-21,PAY_8cd2,STAT_4414,2025-07-21
154,ORD_aed090,CUST_f289d0,One_Time,2025-01-13,PAY_e09a,STAT_e09a,2025-01-13
155,ORD_425b85,CUST_2228f6,One_Time,2025-06-28,PAY_8cd2,STAT_4414,2025-06-28
156,ORD_ce57e4,CUST_33a17a,One_Time,2022-08-11,PAY_8cd2,STAT_4414,2022-08-11
157,ORD_b0211b,CUST_d78063,One_Time,2023-09-24,PAY_182e,STAT_182e,2023-09-24
158,ORD_a4de4d,CUST_c4c15c,One_Time,2025-12-07,PAY_e09a,STAT_182e,2025-12-07
159,ORD_b2025a,CUST_f50607,Repeat,2025-08-02,PAY_e09a,STAT_182e,2025-08-02
160,ORD_80e71f,CUST_f50607,Repeat,2025-10-24,PAY_4414,STAT_4414,2025-10-24
161,ORD_de6606,CUST_f50607,Repeat,2024-06-23,PAY_182e,STAT_4414,2024-06-23
162,ORD_24985b,CUST_e3a971,Commercial,2022-02-23,PAY_e09a,STAT_4414,2022-02-23
163,ORD_f72b41,CUST_e3a971,Commercial,2026-01-13,PAY_8cd2,STAT_8cd2,2026-01-13
164,ORD_7dd4b2,CUST_e3a971,Commercial,2022-02-23,PAY_4414,STAT_182e,2022-02-23
165,ORD_c3df9a,CUST_e3a971,Commercial,2025-06-16,PAY_4414,STAT_e09a,2025-06-16
166,ORD_b394fe,CUST_e3a971,Commercial,2024-10-21,PAY_4414,STAT_182e,2024-10-21
167,ORD_c5f8e5,CUST_e3a971,Commercial,2024-02-22,PAY_4414,STAT_e09a,2024-02-22
168,ORD_316cee,CUST_e3a971,Commercial,2022-09-21,PAY_e09a,STAT_8cd2,2022-09-21
169,ORD_2df3a3,CUST_e3a971,Commercial,2023-12-16,PAY_8cd2,STAT_4414,2023-12-16
170,ORD_3310a4,CUST_e3a971,Commercial,2022-02-23,PAY_e09a,STAT_e09a,2022-02-23
171,ORD_c34a88,CUST_e3a971,Commercial,2025-01-11,PAY_e09a,STAT_182e,2025-01-11
172,ORD_055c7d,CUST_e3a971,Commercial,2023-10-21,PAY_182e,STAT_182e,2023-10-21
173,ORD_98eb8b,CUST_e3a971,Commercial,2023-06-02,PAY_4414,STAT_182e,2023-06-02
174,ORD_02dcc3,CUST_e3a971,Commercial,2022-02-23,PAY_4414,STAT_e09a,2022-02-23
175,ORD_13a132,CUST_e3a971,Commercial,2024-08-20,PAY_8cd2,STAT_182e,2024-08-20
176,ORD_53004f,CUST_e3a971,Commercial,2025-12-18,PAY_8cd2,STAT_182e,2025-12-18
177,ORD_b1feb9,CUST_34876f,One_Time,2023-08-11,PAY_182e,STAT_8cd2,2023-08-11
178,ORD_3808c9,CUST_ce41e5,One_Time,2025-01-20,PAY_4414,STAT_e09a,2025-01-20
179,ORD_225da7,CUST_c5ad1d,Commercial,2025-06-23,PAY_8cd2,STAT_182e,2025-06-23
180,ORD_822340,CUST_c5ad1d,Commercial,2022-08-17,PAY_8cd2,STAT_8cd2,2022-08-17
181,ORD_707669,CUST_c5ad1d,Commercial,2024-04-04,PAY_4414,STAT_e09a,2024-04-04
182,ORD_3effc6,CUST_c5ad1d,Commercial,2023-12-12,PAY_4414,STAT_e09a,2023-12-12
183,ORD_ef1c88,CUST_c5ad1d,Commercial,2022-08-02,PAY_182e,STAT_e09a,2022-08-02
184,ORD_c9451c,CUST_c5ad1d,Commercial,2024-09-26,PAY_4414,STAT_e09a,2024-09-26
185,ORD_e1f193,CUST_c5ad1d,Commercial,2023-10-23,PAY_182e,STAT_e09a,2023-10-23
186,ORD_43bcab,CUST_c5ad1d,Commercial,2023-01-15,PAY_8cd2,STAT_182e,2023-01-15
187,ORD_c7b0b5,CUST_c5ad1d,Commercial,2025-12-25,PAY_e09a,STAT_8cd2,2025-12-25
188,ORD_c2f84c,CUST_c5ad1d,Commercial,2024-09-22,PAY_8cd2,STAT_8cd2,2024-09-22
189,ORD_e99844,CUST_c5ad1d,Commercial,2022-01-14,PAY_4414,STAT_e09a,2022-01-14
190,ORD_3b8151,CUST_c5ad1d,Commercial,2023-01-06,PAY_e09a,STAT_8cd2,2023-01-06
191,ORD_b6c3d6,CUST_e4acdc,One_Time,2022-07-24,PAY_4414,STAT_e09a,2022-07-24
192,ORD_19802e,CUST_45645d,One_Time,2026-03-13,PAY_e09a,STAT_e09a,2026-03-13
193,ORD_4ea4d3,CUST_616f38,Repeat,2026-05-11,PAY_4414,STAT_182e,2026-05-11
194,ORD_156dea,CUST_616f38,Repeat,2025-05-24,PAY_e09a,STAT_4414,2025-05-24
195,ORD_fb754a,CUST_616f38,Repeat,2026-05-15,PAY_e09a,STAT_182e,2026-05-15
196,ORD_77ca73,CUST_e9680e,One_Time,2026-05-02,PAY_8cd2,STAT_8cd2,2026-05-02
197,ORD_22845a,CUST_912d7b,One_Time,2024-01-12,PAY_8cd2,STAT_4414,2024-01-12
198,ORD_7976c2,CUST_1455bd,One_Time,2025-01-19,PAY_182e,STAT_182e,2025-01-19
199,ORD_8ca311,CUST_93a02b,One_Time,2022-09-27,PAY_182e,STAT_4414,2022-09-27
200,ORD_ef122f,CUST_939ea4,One_Time,2025-01-06,PAY_4414,STAT_182e,2025-01-06
201,ORD_21fa9b,CUST_7c9a9c,One_Time,2024-12-27,PAY_8cd2,STAT_8cd2,2024-12-27
202,ORD_42ed5d,CUST_934eab,One_Time,2025-09-14,PAY_e09a,STAT_182e,2025-09-14
203,ORD_d9097b,CUST_4a6eda,Repeat,2024-11-21,PAY_182e,STAT_4414,2024-11-21
204,ORD_7a83f4,CUST_4a6eda,Repeat,2025-06-20,PAY_e09a,STAT_4414,2025-06-20
205,ORD_d1160f,CUST_4a6eda,Repeat,2024-01-18,PAY_182e,STAT_182e,2024-01-18
206,ORD_f63fa9,CUST_4a6eda,Repeat,2025-11-19,PAY_e09a,STAT_4414,2025-11-19
207,ORD_a17af3,CUST_4a6eda,Repeat,2022-12-27,PAY_182e,STAT_182e,2022-12-27
208,ORD_d2efe1,CUST_4a6eda,Repeat,2024-11-22,PAY_8cd2,STAT_e09a,2024-11-22
209,ORD_6bff60,CUST_8b8112,Commercial,2024-10-04,PAY_8cd2,STAT_e09a,2024-10-04
210,ORD_803a81,CUST_8b8112,Commercial,2024-10-21,PAY_4414,STAT_182e,2024-10-21
211,ORD_38fa19,CUST_8b8112,Commercial,2022-01-15,PAY_4414,STAT_4414,2022-01-15
212,ORD_7866dd,CUST_8b8112,Commercial,2022-01-15,PAY_4414,STAT_8cd2,2022-01-15
213,ORD_ec296f,CUST_8b8112,Commercial,2025-11-10,PAY_182e,STAT_e09a,2025-11-10
214,ORD_f57cc7,CUST_8b8112,Commercial,2022-10-01,PAY_8cd2,STAT_e09a,2022-10-01
215,ORD_509e48,CUST_8b8112,Commercial,2022-04-01,PAY_e09a,STAT_e09a,2022-04-01
216,ORD_f8186c,CUST_8b8112,Commercial,2023-07-25,PAY_8cd2,STAT_4414,2023-07-25
217,ORD_30d538,CUST_8b8112,Commercial,2022-01-15,PAY_4414,STAT_8cd2,2022-01-15
218,ORD_ad7f88,CUST_8b8112,Commercial,2023-11-22,PAY_8cd2,STAT_182e,2023-11-22
219,ORD_4284be,CUST_8b8112,Commercial,2022-07-10,PAY_182e,STAT_182e,2022-07-10
220,ORD_ac20f5,CUST_8b8112,Commercial,2023-09-10,PAY_4414,STAT_4414,2023-09-10
221,ORD_ac05db,CUST_8b8112,Commercial,2024-04-14,PAY_8cd2,STAT_182e,2024-04-14
222,ORD_efec0d,CUST_8b8112,Commercial,2024-12-12,PAY_8cd2,STAT_182e,2024-12-12
223,ORD_948540,CUST_8b8112,Commercial,2024-12-15,PAY_182e,STAT_8cd2,2024-12-15
224,ORD_9d9587,CUST_8b8112,Commercial,2022-04-11,PAY_e09a,STAT_4414,2022-04-11
225,ORD_a40347,CUST_8b8112,Commercial,2023-03-02,PAY_8cd2,STAT_8cd2,2023-03-02
226,ORD_a769d6,CUST_c6964c,One_Time,2024-07-03,PAY_4414,STAT_e09a,2024-07-03
227,ORD_e33eb7,CUST_65440d,One_Time,2026-01-18,PAY_8cd2,STAT_182e,2026-01-18
228,ORD_5d9ad9,CUST_865da3,One_Time,2024-06-23,PAY_e09a,STAT_8cd2,2024-06-23
229,ORD_28d1a2,CUST_3e45c3,One_Time,2026-04-03,PAY_e09a,STAT_182e,2026-04-03
230,ORD_5f045a,CUST_8a9510,One_Time,2026-01-09,PAY_e09a,STAT_4414,2026-01-09
231,ORD_ca402b,CUST_94fcd2,Repeat,2023-07-03,PAY_e09a,STAT_e09a,2023-07-03
232,ORD_4932e3,CUST_94fcd2,Repeat,2023-03-11,PAY_182e,STAT_182e,2023-03-11
233,ORD_1fcee9,CUST_94fcd2,Repeat,2023-03-11,PAY_8cd2,STAT_8cd2,2023-03-11
234,ORD_c425d3,CUST_70e065,Repeat,2024-11-19,PAY_8cd2,STAT_182e,2024-11-19
235,ORD_81ae2b,CUST_70e065,Repeat,2024-11-19,PAY_4414,STAT_182e,2024-11-19
236,ORD_a9b6de,CUST_70e065,Repeat,2025-06-15,PAY_e09a,STAT_8cd2,2025-06-15
237,ORD_b92dac,CUST_4d40c4,One_Time,2024-06-20,PAY_8cd2,STAT_8cd2,2024-06-20
238,ORD_647f1f,CUST_d6cf1c,One_Time,2024-06-26,PAY_4414,STAT_e09a,2024-06-26
239,ORD_8e3ef0,CUST_d7259c,One_Time,2025-11-14,PAY_4414,STAT_e09a,2025-11-14
240,ORD_62cf9b,CUST_807f84,One_Time,2022-07-16,PAY_8cd2,STAT_8cd2,2022-07-16
241,ORD_bef58c,CUST_1fa836,One_Time,2024-08-27,PAY_e09a,STAT_182e,2024-08-27
242,ORD_4cb62e,CUST_27e182,One_Time,2025-10-15,PAY_4414,STAT_182e,2025-10-15
243,ORD_bb4d5a,CUST_e165e2,One_Time,2023-05-27,PAY_182e,STAT_4414,2023-05-27
244,ORD_7443f4,CUST_99a11c,One_Time,2025-02-23,PAY_e09a,STAT_4414,2025-02-23
245,ORD_edf3f2,CUST_d9f541,Commercial,2024-05-16,PAY_182e,STAT_e09a,2024-05-16
246,ORD_87325e,CUST_d9f541,Commercial,2024-05-16,PAY_4414,STAT_182e,2024-05-16
247,ORD_fd603e,CUST_d9f541,Commercial,2025-11-12,PAY_182e,STAT_8cd2,2025-11-12
248,ORD_31be29,CUST_d9f541,Commercial,2026-04-27,PAY_e09a,STAT_182e,2026-04-27
249,ORD_661ee3,CUST_d9f541,Commercial,2025-12-13,PAY_182e,STAT_8cd2,2025-12-13
250,ORD_88105f,CUST_d9f541,Commercial,2024-05-16,PAY_182e,STAT_e09a,2024-05-16
251,ORD_c91377,CUST_d9f541,Commercial,2025-11-23,PAY_8cd2,STAT_182e,2025-11-23
252,ORD_626ad3,CUST_d9f541,Commercial,2024-05-16,PAY_8cd2,STAT_e09a,2024-05-16
253,ORD_19bf43,CUST_d9f541,Commercial,2024-05-16,PAY_182e,STAT_e09a,2024-05-16
254,ORD_6b0eaa,CUST_d9f541,Commercial,2025-03-09,PAY_182e,STAT_182e,2025-03-09
255,ORD_384ce9,CUST_62150e,Repeat,2026-04-23,PAY_182e,STAT_182e,2026-04-23
256,ORD_a3ca8a,CUST_62150e,Repeat,2026-04-23,PAY_4414,STAT_8cd2,2026-04-23
257,ORD_b091e7,CUST_62150e,Repeat,2026-04-23,PAY_e09a,STAT_e09a,2026-04-23
258,ORD_ffa5c5,CUST_62150e,Repeat,2026-04-23,PAY_4414,STAT_8cd2,2026-04-23
259,ORD_22a15e,CUST_62150e,Repeat,2026-04-23,PAY_182e,STAT_182e,2026-04-23
260,ORD_4ee3f1,CUST_e0c1cd,One_Time,2025-04-26,PAY_e09a,STAT_8cd2,2025-04-26
261,ORD_00de05,CUST_ebd0d4,One_Time,2024-12-25,PAY_4414,STAT_182e,2024-12-25
262,ORD_20c4d0,CUST_dc4ab2,One_Time,2026-01-01,PAY_8cd2,STAT_4414,2026-01-01
263,ORD_2de3df,CUST_27d2ef,Repeat,2022-08-02,PAY_182e,STAT_4414,2022-08-02
264,ORD_e549ac,CUST_27d2ef,Repeat,2024-10-08,PAY_e09a,STAT_182e,2024-10-08
265,ORD_1935f0,CUST_27d2ef,Repeat,2022-08-02,PAY_182e,STAT_4414,2022-08-02
266,ORD_9717a1,CUST_27d2ef,Repeat,2022-08-26,PAY_e09a,STAT_4414,2022-08-26
267,ORD_5a184f,CUST_8ab9a2,Repeat,2023-12-06,PAY_182e,STAT_182e,2023-12-06
268,ORD_854f46,CUST_8ab9a2,Repeat,2023-06-18,PAY_4414,STAT_e09a,2023-06-18
269,ORD_59f99e,CUST_8ab9a2,Repeat,2024-03-08,PAY_8cd2,STAT_182e,2024-03-08
270,ORD_2544e1,CUST_8ab9a2,Repeat,2023-07-18,PAY_8cd2,STAT_e09a,2023-07-18
271,ORD_68d647,CUST_8ab9a2,Repeat,2023-06-18,PAY_e09a,STAT_182e,2023-06-18
272,ORD_4ee496,CUST_8ab9a2,Repeat,2023-06-18,PAY_182e,STAT_e09a,2023-06-18
273,ORD_0fe178,CUST_be6dd1,One_Time,2025-12-28,PAY_8cd2,STAT_8cd2,2025-12-28
274,ORD_fd689c,CUST_225b28,Repeat,2026-05-10,PAY_8cd2,STAT_e09a,2026-05-10
275,ORD_9cd508,CUST_225b28,Repeat,2026-05-10,PAY_e09a,STAT_e09a,2026-05-10
276,ORD_32da2d,CUST_225b28,Repeat,2026-05-10,PAY_e09a,STAT_4414,2026-05-10
277,ORD_625095,CUST_225b28,Repeat,2026-05-10,PAY_8cd2,STAT_182e,2026-05-10
278,ORD_df7855,CUST_b32775,Repeat,2025-07-04,PAY_182e,STAT_182e,2025-07-04
279,ORD_8a78bd,CUST_b32775,Repeat,2025-07-04,PAY_4414,STAT_4414,2025-07-04
280,ORD_52bde5,CUST_b32775,Repeat,2025-07-04,PAY_4414,STAT_182e,2025-07-04
281,ORD_2c2e38,CUST_b32775,Repeat,2025-07-04,PAY_e09a,STAT_4414,2025-07-04
282,ORD_222f0d,CUST_0ccd0e,One_Time,2024-03-21,PAY_e09a,STAT_182e,2024-03-21
283,ORD_9c1e39,CUST_8401b8,Repeat,2025-08-14,PAY_182e,STAT_4414,2025-08-14
284,ORD_35b4dc,CUST_8401b8,Repeat,2025-08-14,PAY_4414,STAT_8cd2,2025-08-14
285,ORD_159925,CUST_8401b8,Repeat,2025-08-14,PAY_8cd2,STAT_182e,2025-08-14
286,ORD_581ee4,CUST_8401b8,Repeat,2025-08-14,PAY_e09a,STAT_4414,2025-08-14
287,ORD_736c11,CUST_8401b8,Repeat,2025-08-14,PAY_4414,STAT_e09a,2025-08-14
288,ORD_d95f6e,CUST_e0c2cc,One_Time,2026-05-24,PAY_182e,STAT_8cd2,2026-05-24
289,ORD_d843b8,CUST_bf419a,One_Time,2024-01-08,PAY_8cd2,STAT_4414,2024-01-08
290,ORD_19b3cc,CUST_9b5a61,One_Time,2025-09-18,PAY_8cd2,STAT_4414,2025-09-18
291,ORD_cddb18,CUST_af1d23,One_Time,2024-01-18,PAY_182e,STAT_4414,2024-01-18
292,ORD_753490,CUST_016a03,One_Time,2026-03-28,PAY_4414,STAT_8cd2,2026-03-28
293,ORD_6580e6,CUST_97a303,One_Time,2025-06-01,PAY_182e,STAT_182e,2025-06-01
294,ORD_794917,CUST_363909,One_Time,2025-12-10,PAY_e09a,STAT_4414,2025-12-10
295,ORD_771f02,CUST_5cc17f,One_Time,2025-12-10,PAY_182e,STAT_4414,2025-12-10
296,ORD_85bca5,CUST_df5600,Repeat,2026-05-03,PAY_8cd2,STAT_e09a,2026-05-03
297,ORD_5dde63,CUST_df5600,Repeat,2026-05-03,PAY_4414,STAT_8cd2,2026-05-03
298,ORD_47e904,CUST_df5600,Repeat,2026-05-03,PAY_e09a,STAT_8cd2,2026-05-03
299,ORD_6eaaed,CUST_df5600,Repeat,2026-05-03,PAY_182e,STAT_182e,2026-05-03
300,ORD_53f222,CUST_df5600,Repeat,2026-05-03,PAY_182e,STAT_182e,2026-05-03
301,ORD_d42f33,CUST_b551d4,One_Time,2025-11-15,PAY_e09a,STAT_e09a,2025-11-15
302,ORD_fa8d8c,CUST_da693c,One_Time,2022-08-22,PAY_8cd2,STAT_182e,2022-08-22
303,ORD_f31eb2,CUST_739791,One_Time,2025-03-17,PAY_4414,STAT_e09a,2025-03-17
304,ORD_ff62d7,CUST_e0d976,Repeat,2025-10-25,PAY_e09a,STAT_182e,2025-10-25
305,ORD_38e459,CUST_e0d976,Repeat,2023-09-10,PAY_e09a,STAT_4414,2023-09-10
306,ORD_8e5a2b,CUST_d6af52,One_Time,2023-12-12,PAY_8cd2,STAT_4414,2023-12-12
307,ORD_688dc1,CUST_def650,One_Time,2026-04-04,PAY_8cd2,STAT_e09a,2026-04-04
308,ORD_12e260,CUST_89520f,One_Time,2025-12-20,PAY_e09a,STAT_e09a,2025-12-20
309,ORD_89f7b9,CUST_5e4a5b,One_Time,2026-05-27,PAY_e09a,STAT_e09a,2026-05-27
310,ORD_0a9a2a,CUST_695e25,One_Time,2025-10-17,PAY_e09a,STAT_e09a,2025-10-17
311,ORD_0e42dd,CUST_ae885e,One_Time,2024-05-02,PAY_4414,STAT_182e,2024-05-02
312,ORD_b643a1,CUST_db9a64,One_Time,2023-12-18,PAY_8cd2,STAT_182e,2023-12-18
313,ORD_86183c,CUST_ea65bf,Repeat,2024-02-12,PAY_4414,STAT_8cd2,2024-02-12
314,ORD_11a197,CUST_ea65bf,Repeat,2024-02-12,PAY_8cd2,STAT_8cd2,2024-02-12
315,ORD_15711c,CUST_ea65bf,Repeat,2024-02-12,PAY_182e,STAT_182e,2024-02-12
316,ORD_a25d49,CUST_ea65bf,Repeat,2024-12-27,PAY_4414,STAT_e09a,2024-12-27
317,ORD_6b94c1,CUST_56c6f7,One_Time,2025-03-16,PAY_8cd2,STAT_8cd2,2025-03-16
318,ORD_d4828b,CUST_92263e,One_Time,2026-02-13,PAY_182e,STAT_e09a,2026-02-13
319,ORD_f3071b,CUST_3f7808,Repeat,2025-01-19,PAY_182e,STAT_182e,2025-01-19
320,ORD_ea59f9,CUST_3f7808,Repeat,2024-01-10,PAY_e09a,STAT_182e,2024-01-10
321,ORD_67d43c,CUST_3f7808,Repeat,2025-12-12,PAY_182e,STAT_182e,2025-12-12
322,ORD_419209,CUST_3f7808,Repeat,2021-09-13,PAY_e09a,STAT_8cd2,2021-09-13
323,ORD_0dba91,CUST_8ce453,One_Time,2025-06-11,PAY_4414,STAT_182e,2025-06-11
324,ORD_700ff1,CUST_f82854,Repeat,2022-11-10,PAY_e09a,STAT_8cd2,2022-11-10
325,ORD_56efcb,CUST_f82854,Repeat,2023-08-18,PAY_e09a,STAT_4414,2023-08-18
326,ORD_9c9d61,CUST_bb5301,One_Time,2023-10-26,PAY_4414,STAT_182e,2023-10-26
327,ORD_2d5138,CUST_15dac7,One_Time,2022-12-19,PAY_8cd2,STAT_8cd2,2022-12-19
328,ORD_c6074a,CUST_93ac1f,One_Time,2026-05-11,PAY_8cd2,STAT_e09a,2026-05-11
329,ORD_66e3bf,CUST_19ddc8,One_Time,2024-04-22,PAY_182e,STAT_8cd2,2024-04-22
330,ORD_683308,CUST_8d2d53,Repeat,2026-04-27,PAY_4414,STAT_4414,2026-04-27
331,ORD_81dc7d,CUST_8d2d53,Repeat,2026-04-27,PAY_e09a,STAT_8cd2,2026-04-27
332,ORD_1fd6fe,CUST_8d2d53,Repeat,2026-04-27,PAY_e09a,STAT_4414,2026-04-27
333,ORD_53c8ca,CUST_8d2d53,Repeat,2026-04-27,PAY_182e,STAT_8cd2,2026-04-27
334,ORD_316d6e,CUST_8d2d53,Repeat,2026-04-27,PAY_e09a,STAT_4414,2026-04-27
335,ORD_effa9b,CUST_8d2d53,Repeat,2026-04-27,PAY_8cd2,STAT_8cd2,2026-04-27
336,ORD_3a0580,CUST_cee938,One_Time,2023-03-21,PAY_e09a,STAT_8cd2,2023-03-21
337,ORD_f64833,CUST_493edd,One_Time,2024-02-14,PAY_8cd2,STAT_4414,2024-02-14
338,ORD_088c97,CUST_957f8d,One_Time,2023-09-06,PAY_8cd2,STAT_8cd2,2023-09-06
339,ORD_670cc6,CUST_1f565b,One_Time,2026-04-07,PAY_182e,STAT_4414,2026-04-07
340,ORD_693549,CUST_abb174,Commercial,2025-11-22,PAY_4414,STAT_e09a,2025-11-22
341,ORD_5ce548,CUST_abb174,Commercial,2024-10-06,PAY_e09a,STAT_4414,2024-10-06
342,ORD_7c631f,CUST_abb174,Commercial,2025-11-10,PAY_4414,STAT_8cd2,2025-11-10
343,ORD_033e12,CUST_abb174,Commercial,2024-10-06,PAY_8cd2,STAT_182e,2024-10-06
344,ORD_df707a,CUST_abb174,Commercial,2024-10-06,PAY_182e,STAT_182e,2024-10-06
345,ORD_15ecb6,CUST_abb174,Commercial,2024-10-06,PAY_e09a,STAT_e09a,2024-10-06
346,ORD_d15a67,CUST_abb174,Commercial,2026-05-26,PAY_e09a,STAT_8cd2,2026-05-26
347,ORD_8556de,CUST_abb174,Commercial,2024-10-22,PAY_182e,STAT_8cd2,2024-10-22
348,ORD_e446e9,CUST_abb174,Commercial,2024-10-06,PAY_8cd2,STAT_182e,2024-10-06
349,ORD_f81fa0,CUST_c6ba88,One_Time,2023-07-28,PAY_4414,STAT_4414,2023-07-28
350,ORD_aa1b49,CUST_d2719e,One_Time,2025-11-11,PAY_8cd2,STAT_182e,2025-11-11
351,ORD_3e440b,CUST_840b42,One_Time,2025-01-23,PAY_8cd2,STAT_4414,2025-01-23
352,ORD_5a5bf7,CUST_f55a9b,One_Time,2022-11-28,PAY_4414,STAT_4414,2022-11-28
353,ORD_6c9e1a,CUST_81d60f,One_Time,2024-04-16,PAY_8cd2,STAT_4414,2024-04-16
354,ORD_759612,CUST_18e147,One_Time,2026-02-07,PAY_182e,STAT_4414,2026-02-07
355,ORD_5b91e5,CUST_591d08,Repeat,2025-12-06,PAY_e09a,STAT_4414,2025-12-06
356,ORD_83925c,CUST_591d08,Repeat,2025-12-06,PAY_4414,STAT_8cd2,2025-12-06
357,ORD_a6fc16,CUST_591d08,Repeat,2025-12-06,PAY_e09a,STAT_e09a,2025-12-06
358,ORD_6a1052,CUST_591d08,Repeat,2025-12-06,PAY_4414,STAT_182e,2025-12-06
359,ORD_d7f9b3,CUST_591d08,Repeat,2025-12-06,PAY_8cd2,STAT_4414,2025-12-06
360,ORD_5a0b06,CUST_591d08,Repeat,2025-12-06,PAY_8cd2,STAT_182e,2025-12-06
361,ORD_357af1,CUST_3ef69d,Repeat,2026-02-03,PAY_8cd2,STAT_182e,2026-02-03
362,ORD_8eaa47,CUST_3ef69d,Repeat,2026-02-03,PAY_4414,STAT_8cd2,2026-02-03
363,ORD_1f54a8,CUST_3ef69d,Repeat,2026-02-03,PAY_e09a,STAT_e09a,2026-02-03
364,ORD_16e45e,CUST_3ef69d,Repeat,2026-04-03,PAY_e09a,STAT_4414,2026-04-03
365,ORD_96640e,CUST_d384c9,Repeat,2024-06-06,PAY_e09a,STAT_8cd2,2024-06-06
366,ORD_fb2745,CUST_d384c9,Repeat,2024-06-06,PAY_8cd2,STAT_182e,2024-06-06
367,ORD_a7834b,CUST_b10095,One_Time,2024-10-15,PAY_8cd2,STAT_e09a,2024-10-15
368,ORD_a2fd6a,CUST_134381,One_Time,2026-03-18,PAY_182e,STAT_4414,2026-03-18
369,ORD_32a2bf,CUST_91b17e,One_Time,2024-05-18,PAY_e09a,STAT_182e,2024-05-18
370,ORD_1b9a61,CUST_fc8242,One_Time,2024-05-11,PAY_182e,STAT_4414,2024-05-11
371,ORD_0fe383,CUST_ed697f,One_Time,2025-06-25,PAY_4414,STAT_4414,2025-06-25
372,ORD_8da8ea,CUST_471853,Repeat,2026-02-16,PAY_8cd2,STAT_4414,2026-02-16
373,ORD_16075c,CUST_471853,Repeat,2026-02-16,PAY_8cd2,STAT_4414,2026-02-16
374,ORD_bb1b15,CUST_471853,Repeat,2026-02-16,PAY_4414,STAT_e09a,2026-02-16
375,ORD_0d9f95,CUST_471853,Repeat,2026-02-16,PAY_4414,STAT_182e,2026-02-16
376,ORD_5cc4e8,CUST_b34b7a,Commercial,2023-03-11,PAY_182e,STAT_8cd2,2023-03-11
377,ORD_a83cdc,CUST_b34b7a,Commercial,2023-06-26,PAY_4414,STAT_e09a,2023-06-26
378,ORD_5914d6,CUST_b34b7a,Commercial,2025-09-08,PAY_8cd2,STAT_8cd2,2025-09-08
379,ORD_8a82d3,CUST_b34b7a,Commercial,2024-05-25,PAY_182e,STAT_182e,2024-05-25
380,ORD_f13445,CUST_b34b7a,Commercial,2024-05-02,PAY_182e,STAT_e09a,2024-05-02
381,ORD_2cf6ed,CUST_b34b7a,Commercial,2024-01-27,PAY_4414,STAT_182e,2024-01-27
382,ORD_371878,CUST_b34b7a,Commercial,2023-03-11,PAY_8cd2,STAT_8cd2,2023-03-11
383,ORD_7e68d5,CUST_b34b7a,Commercial,2023-03-11,PAY_182e,STAT_8cd2,2023-03-11
384,ORD_16d18e,CUST_b34b7a,Commercial,2023-03-11,PAY_8cd2,STAT_e09a,2023-03-11
385,ORD_609f1f,CUST_b34b7a,Commercial,2026-02-13,PAY_e09a,STAT_8cd2,2026-02-13
386,ORD_da1ddd,CUST_7c39ce,One_Time,2024-10-18,PAY_e09a,STAT_8cd2,2024-10-18
387,ORD_0aabf8,CUST_763ae5,Repeat,2024-12-24,PAY_4414,STAT_182e,2024-12-24
388,ORD_b87fbf,CUST_763ae5,Repeat,2024-12-24,PAY_e09a,STAT_4414,2024-12-24
389,ORD_2a0997,CUST_763ae5,Repeat,2024-12-24,PAY_182e,STAT_182e,2024-12-24
390,ORD_37cadd,CUST_763ae5,Repeat,2026-05-13,PAY_8cd2,STAT_e09a,2026-05-13
391,ORD_d67343,CUST_763ae5,Repeat,2024-12-24,PAY_8cd2,STAT_e09a,2024-12-24
392,ORD_ed89b0,CUST_763ae5,Repeat,2024-12-24,PAY_8cd2,STAT_e09a,2024-12-24
393,ORD_a38317,CUST_26e414,One_Time,2022-07-09,PAY_e09a,STAT_182e,2022-07-09
394,ORD_f96cf8,CUST_4df0cf,One_Time,2026-01-01,PAY_4414,STAT_8cd2,2026-01-01
395,ORD_07c62a,CUST_24f32b,One_Time,2021-12-03,PAY_e09a,STAT_8cd2,2021-12-03
396,ORD_3b1936,CUST_4729fa,One_Time,2026-03-24,PAY_8cd2,STAT_e09a,2026-03-24
397,ORD_64c80a,CUST_92b76b,Repeat,2023-06-01,PAY_e09a,STAT_8cd2,2023-06-01
398,ORD_045e03,CUST_92b76b,Repeat,2024-07-17,PAY_4414,STAT_e09a,2024-07-17
399,ORD_7a7647,CUST_391ad3,One_Time,2023-04-24,PAY_4414,STAT_4414,2023-04-24
400,ORD_76739d,CUST_c2e102,One_Time,2025-01-26,PAY_8cd2,STAT_e09a,2025-01-26
401,ORD_7c14c8,CUST_96a9c4,One_Time,2025-05-15,PAY_8cd2,STAT_182e,2025-05-15
402,ORD_b45af6,CUST_18d00a,One_Time,2026-04-19,PAY_4414,STAT_8cd2,2026-04-19
403,ORD_8c2247,CUST_21839e,Commercial,2022-10-23,PAY_4414,STAT_182e,2022-10-23
404,ORD_942b3a,CUST_21839e,Commercial,2025-04-26,PAY_8cd2,STAT_4414,2025-04-26
405,ORD_e06908,CUST_21839e,Commercial,2025-11-23,PAY_4414,STAT_e09a,2025-11-23
406,ORD_15054c,CUST_21839e,Commercial,2022-10-23,PAY_8cd2,STAT_8cd2,2022-10-23
407,ORD_fca92b,CUST_21839e,Commercial,2022-10-23,PAY_e09a,STAT_8cd2,2022-10-23
408,ORD_c899e2,CUST_21839e,Commercial,2024-07-03,PAY_e09a,STAT_182e,2024-07-03
409,ORD_399d3c,CUST_21839e,Commercial,2022-10-23,PAY_e09a,STAT_8cd2,2022-10-23
410,ORD_a1163e,CUST_21839e,Commercial,2022-10-23,PAY_182e,STAT_e09a,2022-10-23
411,ORD_0aa117,CUST_21839e,Commercial,2025-03-06,PAY_e09a,STAT_4414,2025-03-06
412,ORD_78e63e,CUST_21839e,Commercial,2024-12-26,PAY_e09a,STAT_8cd2,2024-12-26
413,ORD_0772d7,CUST_21839e,Commercial,2026-01-18,PAY_e09a,STAT_4414,2026-01-18
414,ORD_5993a4,CUST_21839e,Commercial,2026-02-03,PAY_182e,STAT_8cd2,2026-02-03
415,ORD_e5441b,CUST_21839e,Commercial,2025-01-22,PAY_4414,STAT_4414,2025-01-22
416,ORD_0af56f,CUST_21839e,Commercial,2022-10-23,PAY_8cd2,STAT_182e,2022-10-23
417,ORD_7645e1,CUST_21839e,Commercial,2023-07-27,PAY_8cd2,STAT_8cd2,2023-07-27
418,ORD_a03d78,CUST_21839e,Commercial,2022-10-23,PAY_e09a,STAT_e09a,2022-10-23
419,ORD_652ada,CUST_21839e,Commercial,2025-08-27,PAY_4414,STAT_182e,2025-08-27
420,ORD_0f6ac9,CUST_21839e,Commercial,2025-09-08,PAY_4414,STAT_e09a,2025-09-08
421,ORD_6ca75c,CUST_21839e,Commercial,2023-07-26,PAY_e09a,STAT_182e,2023-07-26
422,ORD_499b8d,CUST_ffb86a,One_Time,2024-03-17,PAY_e09a,STAT_8cd2,2024-03-17
423,ORD_aa59cb,CUST_cf7211,One_Time,2025-04-06,PAY_4414,STAT_182e,2025-04-06
424,ORD_1cf5b0,CUST_d18af2,One_Time,2025-01-08,PAY_e09a,STAT_182e,2025-01-08
425,ORD_d2d78a,CUST_8925be,Repeat,2026-04-08,PAY_e09a,STAT_182e,2026-04-08
426,ORD_0d9172,CUST_8925be,Repeat,2024-07-25,PAY_8cd2,STAT_182e,2024-07-25
427,ORD_5e0c35,CUST_8925be,Repeat,2022-12-23,PAY_4414,STAT_182e,2022-12-23
428,ORD_7afaa3,CUST_8925be,Repeat,2022-12-23,PAY_182e,STAT_182e,2022-12-23
429,ORD_96e528,CUST_8925be,Repeat,2022-12-23,PAY_e09a,STAT_e09a,2022-12-23
430,ORD_aa0ed9,CUST_16514d,Repeat,2024-05-12,PAY_182e,STAT_e09a,2024-05-12
431,ORD_037572,CUST_16514d,Repeat,2024-05-12,PAY_e09a,STAT_e09a,2024-05-12
432,ORD_fb318a,CUST_16514d,Repeat,2024-05-12,PAY_182e,STAT_e09a,2024-05-12
433,ORD_d52206,CUST_badc39,Repeat,2025-04-16,PAY_4414,STAT_e09a,2025-04-16
434,ORD_a1c154,CUST_badc39,Repeat,2025-04-16,PAY_182e,STAT_8cd2,2025-04-16
435,ORD_538da7,CUST_a495ec,One_Time,2023-11-09,PAY_e09a,STAT_8cd2,2023-11-09
436,ORD_d31a17,CUST_5cf8c5,Repeat,2025-11-01,PAY_182e,STAT_e09a,2025-11-01
437,ORD_edc683,CUST_5cf8c5,Repeat,2025-11-01,PAY_e09a,STAT_182e,2025-11-01
438,ORD_d17915,CUST_5cf8c5,Repeat,2025-11-01,PAY_8cd2,STAT_4414,2025-11-01
439,ORD_3ca6d4,CUST_5cf8c5,Repeat,2025-11-24,PAY_8cd2,STAT_8cd2,2025-11-24
440,ORD_d55ee2,CUST_5cf8c5,Repeat,2025-11-01,PAY_182e,STAT_8cd2,2025-11-01
441,ORD_21ca54,CUST_69e09e,Repeat,2025-06-11,PAY_e09a,STAT_182e,2025-06-11
442,ORD_8f474d,CUST_69e09e,Repeat,2024-08-20,PAY_8cd2,STAT_8cd2,2024-08-20
443,ORD_654c09,CUST_69e09e,Repeat,2026-02-02,PAY_e09a,STAT_e09a,2026-02-02
444,ORD_8705e2,CUST_69e09e,Repeat,2024-08-20,PAY_4414,STAT_8cd2,2024-08-20
445,ORD_b553cc,CUST_416523,Commercial,2023-11-23,PAY_4414,STAT_182e,2023-11-23
446,ORD_f6b49f,CUST_416523,Commercial,2023-03-24,PAY_182e,STAT_182e,2023-03-24
447,ORD_5f0e8d,CUST_416523,Commercial,2026-05-13,PAY_4414,STAT_e09a,2026-05-13
448,ORD_b35740,CUST_416523,Commercial,2024-10-24,PAY_4414,STAT_182e,2024-10-24
449,ORD_44910f,CUST_416523,Commercial,2022-08-28,PAY_182e,STAT_4414,2022-08-28
450,ORD_74e62e,CUST_416523,Commercial,2021-09-17,PAY_4414,STAT_e09a,2021-09-17
451,ORD_d8e782,CUST_416523,Commercial,2024-02-19,PAY_4414,STAT_182e,2024-02-19
452,ORD_aa18fa,CUST_416523,Commercial,2026-01-26,PAY_e09a,STAT_182e,2026-01-26
453,ORD_b3efbf,CUST_416523,Commercial,2026-02-17,PAY_4414,STAT_e09a,2026-02-17
454,ORD_86ef41,CUST_416523,Commercial,2024-08-01,PAY_8cd2,STAT_8cd2,2024-08-01
455,ORD_c9b33c,CUST_416523,Commercial,2024-09-04,PAY_e09a,STAT_e09a,2024-09-04
456,ORD_fb4646,CUST_416523,Commercial,2024-04-10,PAY_182e,STAT_e09a,2024-04-10
457,ORD_136f87,CUST_416523,Commercial,2024-04-22,PAY_182e,STAT_182e,2024-04-22
458,ORD_786f4f,CUST_416523,Commercial,2021-09-17,PAY_e09a,STAT_e09a,2021-09-17
459,ORD_f07b53,CUST_416523,Commercial,2021-12-05,PAY_e09a,STAT_4414,2021-12-05
460,ORD_cb1266,CUST_416523,Commercial,2025-02-20,PAY_182e,STAT_4414,2025-02-20
461,ORD_708fd0,CUST_416523,Commercial,2024-07-15,PAY_8cd2,STAT_4414,2024-07-15
462,ORD_b6901f,CUST_416523,Commercial,2022-02-05,PAY_182e,STAT_8cd2,2022-02-05
463,ORD_112aa7,CUST_416523,Commercial,2024-10-09,PAY_8cd2,STAT_e09a,2024-10-09
464,ORD_4eacee,CUST_d044de,One_Time,2025-06-02,PAY_182e,STAT_182e,2025-06-02
465,ORD_36cf92,CUST_e0baa5,Repeat,2025-02-28,PAY_8cd2,STAT_4414,2025-02-28
466,ORD_ffee26,CUST_e0baa5,Repeat,2023-01-24,PAY_e09a,STAT_182e,2023-01-24
467,ORD_61038f,CUST_e0baa5,Repeat,2025-10-06,PAY_e09a,STAT_e09a,2025-10-06
468,ORD_512573,CUST_e0baa5,Repeat,2023-11-03,PAY_e09a,STAT_182e,2023-11-03
469,ORD_fc8eea,CUST_e0baa5,Repeat,2023-01-24,PAY_4414,STAT_4414,2023-01-24
470,ORD_529f94,CUST_4c584d,Repeat,2025-08-26,PAY_8cd2,STAT_182e,2025-08-26
471,ORD_622c6d,CUST_4c584d,Repeat,2023-09-03,PAY_182e,STAT_8cd2,2023-09-03
472,ORD_ba842e,CUST_4c584d,Repeat,2024-06-20,PAY_182e,STAT_e09a,2024-06-20
473,ORD_fbd4e0,CUST_4c584d,Repeat,2023-09-03,PAY_e09a,STAT_e09a,2023-09-03
474,ORD_9a1c11,CUST_4d7101,Repeat,2022-11-10,PAY_182e,STAT_182e,2022-11-10
475,ORD_c93ffd,CUST_4d7101,Repeat,2026-03-23,PAY_e09a,STAT_e09a,2026-03-23
476,ORD_d8a44d,CUST_4d7101,Repeat,2025-09-09,PAY_182e,STAT_4414,2025-09-09
477,ORD_ead6ce,CUST_4d7101,Repeat,2024-04-03,PAY_4414,STAT_182e,2024-04-03
478,ORD_05a8d6,CUST_4d7101,Repeat,2022-11-10,PAY_8cd2,STAT_e09a,2022-11-10
479,ORD_3f42b1,CUST_e9ccdf,One_Time,2026-01-16,PAY_182e,STAT_182e,2026-01-16
480,ORD_c63bf9,CUST_8b0309,One_Time,2024-12-02,PAY_4414,STAT_8cd2,2024-12-02
481,ORD_00e005,CUST_88495f,One_Time,2024-04-01,PAY_8cd2,STAT_182e,2024-04-01
482,ORD_d89b5e,CUST_e8cee9,Repeat,2025-04-21,PAY_e09a,STAT_182e,2025-04-21
483,ORD_b91e1d,CUST_e8cee9,Repeat,2025-04-21,PAY_4414,STAT_182e,2025-04-21
484,ORD_ea8922,CUST_e8cee9,Repeat,2025-04-21,PAY_8cd2,STAT_4414,2025-04-21
485,ORD_4ed903,CUST_e8cee9,Repeat,2025-04-21,PAY_e09a,STAT_8cd2,2025-04-21
486,ORD_774096,CUST_e8cee9,Repeat,2026-02-28,PAY_e09a,STAT_182e,2026-02-28
487,ORD_fd49e1,CUST_c61f8c,One_Time,2026-01-10,PAY_8cd2,STAT_182e,2026-01-10
488,ORD_2e6c4a,CUST_cee508,One_Time,2025-09-15,PAY_182e,STAT_4414,2025-09-15
489,ORD_e0c339,CUST_d8ef94,One_Time,2026-01-03,PAY_8cd2,STAT_182e,2026-01-03
490,ORD_b4e678,CUST_e4850a,One_Time,2025-12-11,PAY_4414,STAT_e09a,2025-12-11
491,ORD_a2171a,CUST_ca0a81,One_Time,2025-02-07,PAY_8cd2,STAT_182e,2025-02-07
492,ORD_cd1088,CUST_d9ed1d,Repeat,2026-03-04,PAY_4414,STAT_8cd2,2026-03-04
493,ORD_69ac34,CUST_d9ed1d,Repeat,2026-03-04,PAY_4414,STAT_4414,2026-03-04
494,ORD_724faf,CUST_d9ed1d,Repeat,2026-03-04,PAY_4414,STAT_182e,2026-03-04
495,ORD_80d360,CUST_710361,One_Time,2022-07-07,PAY_8cd2,STAT_4414,2022-07-07
496,ORD_a02960,CUST_aa7f1f,One_Time,2024-12-03,PAY_e09a,STAT_4414,2024-12-03
497,ORD_c7771c,CUST_846a79,One_Time,2024-12-15,PAY_4414,STAT_e09a,2024-12-15
498,ORD_448b7b,CUST_f36066,Repeat,2026-05-28,PAY_8cd2,STAT_8cd2,2026-05-28
499,ORD_043b10,CUST_f36066,Repeat,2026-05-28,PAY_4414,STAT_4414,2026-05-28
500,ORD_7500b4,CUST_f36066,Repeat,2026-05-28,PAY_8cd2,STAT_182e,2026-05-28
501,ORD_a863ee,CUST_f36066,Repeat,2026-05-28,PAY_182e,STAT_4414,2026-05-28
502,ORD_3ac920,CUST_c109b2,One_Time,2023-11-22,PAY_182e,STAT_182e,2023-11-22
503,ORD_d5fa21,CUST_48ef7a,One_Time,2024-11-27,PAY_4414,STAT_4414,2024-11-27
504,ORD_a8c4c7,CUST_bd317e,One_Time,2025-03-11,PAY_8cd2,STAT_8cd2,2025-03-11
505,ORD_ae3fc2,CUST_5d7617,One_Time,2025-05-25,PAY_8cd2,STAT_182e,2025-05-25
506,ORD_fed971,CUST_85ab34,Repeat,2024-04-16,PAY_e09a,STAT_8cd2,2024-04-16
507,ORD_1ce0ea,CUST_85ab34,Repeat,2024-04-16,PAY_4414,STAT_4414,2024-04-16
508,ORD_4a198b,CUST_bb391e,One_Time,2023-10-07,PAY_4414,STAT_4414,2023-10-07
509,ORD_fb5f7e,CUST_8e2102,One_Time,2024-11-19,PAY_4414,STAT_182e,2024-11-19
510,ORD_08993a,CUST_f8e056,One_Time,2025-03-21,PAY_8cd2,STAT_4414,2025-03-21
511,ORD_ed40d0,CUST_d18e98,One_Time,2023-11-03,PAY_4414,STAT_182e,2023-11-03
512,ORD_97ce1a,CUST_25ad0a,One_Time,2024-05-10,PAY_8cd2,STAT_e09a,2024-05-10
513,ORD_1b46ea,CUST_5726e0,One_Time,2024-09-06,PAY_e09a,STAT_8cd2,2024-09-06
514,ORD_a3c0fe,CUST_be28cd,One_Time,2026-05-08,PAY_8cd2,STAT_182e,2026-05-08
515,ORD_907382,CUST_51042a,One_Time,2024-02-28,PAY_4414,STAT_e09a,2024-02-28
516,ORD_d525ee,CUST_d7ea22,One_Time,2026-04-24,PAY_e09a,STAT_4414,2026-04-24
517,ORD_8dc531,CUST_f04fac,Repeat,2025-08-28,PAY_8cd2,STAT_182e,2025-08-28
518,ORD_a4cf56,CUST_f04fac,Repeat,2023-10-20,PAY_e09a,STAT_182e,2023-10-20
519,ORD_2da2d7,CUST_f04fac,Repeat,2023-05-14,PAY_4414,STAT_4414,2023-05-14
520,ORD_04376d,CUST_c7315b,One_Time,2026-02-27,PAY_8cd2,STAT_4414,2026-02-27
521,ORD_4fbe48,CUST_74be52,One_Time,2024-10-04,PAY_e09a,STAT_8cd2,2024-10-04
522,ORD_a8ddf9,CUST_760a4d,One_Time,2022-06-09,PAY_8cd2,STAT_e09a,2022-06-09
523,ORD_70db26,CUST_8daf1a,One_Time,2024-05-08,PAY_4414,STAT_4414,2024-05-08
524,ORD_179457,CUST_1ad75b,Repeat,2022-07-07,PAY_e09a,STAT_182e,2022-07-07
525,ORD_99f03c,CUST_1ad75b,Repeat,2026-02-27,PAY_182e,STAT_4414,2026-02-27
526,ORD_f1898f,CUST_1ad75b,Repeat,2025-11-27,PAY_e09a,STAT_182e,2025-11-27
527,ORD_acb8cb,CUST_2179c0,One_Time,2026-01-09,PAY_182e,STAT_e09a,2026-01-09
528,ORD_a16e0f,CUST_c53c61,Repeat,2026-01-27,PAY_8cd2,STAT_182e,2026-01-27
529,ORD_af2c5a,CUST_c53c61,Repeat,2023-05-24,PAY_8cd2,STAT_8cd2,2023-05-24
530,ORD_688df9,CUST_990a95,One_Time,2023-04-17,PAY_182e,STAT_8cd2,2023-04-17
531,ORD_601500,CUST_d93a3b,Repeat,2025-07-12,PAY_e09a,STAT_4414,2025-07-12
532,ORD_849ee0,CUST_d93a3b,Repeat,2025-07-12,PAY_182e,STAT_4414,2025-07-12
533,ORD_267725,CUST_f51da1,One_Time,2026-01-26,PAY_182e,STAT_e09a,2026-01-26
534,ORD_6fc36d,CUST_e5430f,One_Time,2024-07-11,PAY_4414,STAT_182e,2024-07-11
535,ORD_bb9feb,CUST_4173a6,One_Time,2023-10-12,PAY_182e,STAT_4414,2023-10-12
536,ORD_15ba1f,CUST_60ac34,One_Time,2024-12-08,PAY_e09a,STAT_4414,2024-12-08
537,ORD_e0d2aa,CUST_c4c348,One_Time,2025-02-04,PAY_182e,STAT_182e,2025-02-04
538,ORD_b9ff76,CUST_5550ee,One_Time,2023-06-05,PAY_182e,STAT_182e,2023-06-05
539,ORD_740bf9,CUST_cf147c,One_Time,2026-05-26,PAY_4414,STAT_4414,2026-05-26
540,ORD_b25d77,CUST_2920fb,One_Time,2026-02-25,PAY_8cd2,STAT_8cd2,2026-02-25
541,ORD_dd2ace,CUST_b0668d,One_Time,2023-09-27,PAY_e09a,STAT_182e,2023-09-27
542,ORD_493e43,CUST_af11af,Repeat,2022-08-18,PAY_182e,STAT_4414,2022-08-18
543,ORD_ec0261,CUST_af11af,Repeat,2025-11-15,PAY_182e,STAT_4414,2025-11-15
544,ORD_9fc6d2,CUST_af11af,Repeat,2025-08-25,PAY_8cd2,STAT_182e,2025-08-25
545,ORD_4125ad,CUST_af11af,Repeat,2023-09-07,PAY_4414,STAT_e09a,2023-09-07
546,ORD_08800f,CUST_ae04e6,One_Time,2022-10-03,PAY_4414,STAT_e09a,2022-10-03
547,ORD_debe6a,CUST_082898,One_Time,2025-06-05,PAY_8cd2,STAT_8cd2,2025-06-05
548,ORD_86fd6b,CUST_2abe8a,One_Time,2025-04-23,PAY_4414,STAT_182e,2025-04-23
549,ORD_5711da,CUST_a16efe,One_Time,2026-01-24,PAY_4414,STAT_4414,2026-01-24
550,ORD_ecbdcb,CUST_70bcfb,One_Time,2025-12-06,PAY_8cd2,STAT_182e,2025-12-06
551,ORD_423722,CUST_00c0ec,One_Time,2025-10-16,PAY_e09a,STAT_182e,2025-10-16
552,ORD_c296b7,CUST_e9dbc9,One_Time,2025-10-21,PAY_8cd2,STAT_182e,2025-10-21
553,ORD_867365,CUST_252804,One_Time,2026-02-03,PAY_e09a,STAT_8cd2,2026-02-03
554,ORD_5e3bf5,CUST_841fd7,One_Time,2024-03-13,PAY_182e,STAT_4414,2024-03-13
555,ORD_f8d92a,CUST_c7a839,Repeat,2023-06-17,PAY_e09a,STAT_182e,2023-06-17
556,ORD_4a2c66,CUST_c7a839,Repeat,2022-12-05,PAY_182e,STAT_8cd2,2022-12-05
557,ORD_0e1e92,CUST_d074af,Repeat,2024-08-28,PAY_4414,STAT_182e,2024-08-28
558,ORD_9f14f5,CUST_d074af,Repeat,2025-04-06,PAY_4414,STAT_8cd2,2025-04-06
559,ORD_9e3c66,CUST_d074af,Repeat,2024-08-28,PAY_182e,STAT_182e,2024-08-28
560,ORD_f1cb4a,CUST_d074af,Repeat,2024-08-28,PAY_8cd2,STAT_8cd2,2024-08-28
561,ORD_45c90f,CUST_0b2fdd,Commercial,2024-04-17,PAY_4414,STAT_4414,2024-04-17
562,ORD_fa9b54,CUST_0b2fdd,Commercial,2025-10-22,PAY_182e,STAT_182e,2025-10-22
563,ORD_6e8e39,CUST_0b2fdd,Commercial,2025-02-17,PAY_4414,STAT_4414,2025-02-17
564,ORD_573b65,CUST_0b2fdd,Commercial,2024-04-17,PAY_4414,STAT_4414,2024-04-17
565,ORD_14e722,CUST_0b2fdd,Commercial,2024-04-17,PAY_e09a,STAT_e09a,2024-04-17
566,ORD_23a676,CUST_0b2fdd,Commercial,2025-11-24,PAY_182e,STAT_e09a,2025-11-24
567,ORD_ca0397,CUST_0b2fdd,Commercial,2024-04-17,PAY_182e,STAT_e09a,2024-04-17
568,ORD_2120e7,CUST_0b2fdd,Commercial,2025-02-04,PAY_8cd2,STAT_4414,2025-02-04
569,ORD_5bde9e,CUST_0b2fdd,Commercial,2024-04-17,PAY_4414,STAT_4414,2024-04-17
570,ORD_2f5e0e,CUST_0b2fdd,Commercial,2024-04-17,PAY_4414,STAT_8cd2,2024-04-17
571,ORD_3ab435,CUST_0b2fdd,Commercial,2024-04-17,PAY_182e,STAT_182e,2024-04-17
572,ORD_eeaf2c,CUST_0b2fdd,Commercial,2024-04-17,PAY_182e,STAT_182e,2024-04-17
573,ORD_c7a5c1,CUST_0b2fdd,Commercial,2025-08-01,PAY_e09a,STAT_8cd2,2025-08-01
574,ORD_10140b,CUST_0b2fdd,Commercial,2025-08-26,PAY_182e,STAT_4414,2025-08-26
575,ORD_5b037c,CUST_0b2fdd,Commercial,2024-04-17,PAY_e09a,STAT_4414,2024-04-17
576,ORD_1cf3ad,CUST_0b2fdd,Commercial,2024-04-17,PAY_4414,STAT_4414,2024-04-17
577,ORD_860426,CUST_0b2fdd,Commercial,2025-10-05,PAY_4414,STAT_8cd2,2025-10-05
578,ORD_49b952,CUST_0b2fdd,Commercial,2024-04-17,PAY_8cd2,STAT_182e,2024-04-17
579,ORD_d64522,CUST_318910,One_Time,2024-05-16,PAY_182e,STAT_4414,2024-05-16
580,ORD_898335,CUST_72b5ed,One_Time,2024-02-13,PAY_e09a,STAT_8cd2,2024-02-13
581,ORD_503c0c,CUST_94e4c1,One_Time,2024-07-25,PAY_4414,STAT_8cd2,2024-07-25
582,ORD_831190,CUST_e52394,One_Time,2025-06-04,PAY_8cd2,STAT_182e,2025-06-04
583,ORD_0eb505,CUST_f42c6e,One_Time,2025-06-04,PAY_182e,STAT_e09a,2025-06-04
584,ORD_4a9303,CUST_4275ff,One_Time,2023-05-11,PAY_4414,STAT_4414,2023-05-11
585,ORD_4de1a0,CUST_5e0989,One_Time,2025-06-15,PAY_e09a,STAT_182e,2025-06-15
586,ORD_90b748,CUST_9f6f0e,One_Time,2025-07-27,PAY_e09a,STAT_4414,2025-07-27
587,ORD_76323c,CUST_adaade,Repeat,2025-08-18,PAY_8cd2,STAT_4414,2025-08-18
588,ORD_356fde,CUST_adaade,Repeat,2025-08-18,PAY_182e,STAT_4414,2025-08-18
589,ORD_6712dc,CUST_adaade,Repeat,2025-08-18,PAY_182e,STAT_8cd2,2025-08-18
590,ORD_b66b96,CUST_adaade,Repeat,2025-08-18,PAY_8cd2,STAT_8cd2,2025-08-18
591,ORD_ad6bf8,CUST_302f79,One_Time,2024-08-21,PAY_8cd2,STAT_182e,2024-08-21
592,ORD_28d246,CUST_5a1d47,One_Time,2022-11-07,PAY_e09a,STAT_182e,2022-11-07
593,ORD_8065ba,CUST_13710a,One_Time,2025-06-11,PAY_e09a,STAT_4414,2025-06-11
594,ORD_9159fd,CUST_462fb6,One_Time,2024-05-03,PAY_4414,STAT_4414,2024-05-03
595,ORD_3e40d7,CUST_036247,One_Time,2024-11-23,PAY_182e,STAT_e09a,2024-11-23
596,ORD_5cd8c4,CUST_60dca4,Commercial,2026-01-05,PAY_182e,STAT_4414,2026-01-05
597,ORD_386927,CUST_60dca4,Commercial,2024-09-08,PAY_e09a,STAT_182e,2024-09-08
598,ORD_09c72b,CUST_60dca4,Commercial,2023-11-17,PAY_182e,STAT_4414,2023-11-17
599,ORD_aea3ba,CUST_60dca4,Commercial,2023-11-17,PAY_182e,STAT_182e,2023-11-17
600,ORD_74f19c,CUST_60dca4,Commercial,2023-11-17,PAY_8cd2,STAT_4414,2023-11-17
601,ORD_e716f9,CUST_60dca4,Commercial,2023-11-17,PAY_e09a,STAT_4414,2023-11-17
602,ORD_6e662e,CUST_60dca4,Commercial,2023-11-17,PAY_8cd2,STAT_e09a,2023-11-17
603,ORD_6426b5,CUST_60dca4,Commercial,2023-11-17,PAY_8cd2,STAT_8cd2,2023-11-17
604,ORD_4ddfce,CUST_60dca4,Commercial,2023-11-17,PAY_e09a,STAT_182e,2023-11-17
605,ORD_603db5,CUST_60dca4,Commercial,2024-02-23,PAY_e09a,STAT_182e,2024-02-23
606,ORD_abb79d,CUST_60dca4,Commercial,2023-11-17,PAY_4414,STAT_e09a,2023-11-17
607,ORD_a7d614,CUST_60dca4,Commercial,2023-11-17,PAY_182e,STAT_182e,2023-11-17
608,ORD_9b9a5f,CUST_60dca4,Commercial,2023-11-17,PAY_e09a,STAT_e09a,2023-11-17
609,ORD_f00c11,CUST_60dca4,Commercial,2024-04-05,PAY_8cd2,STAT_182e,2024-04-05
610,ORD_31e89d,CUST_60dca4,Commercial,2023-11-17,PAY_e09a,STAT_182e,2023-11-17
611,ORD_553e88,CUST_85d865,Repeat,2024-10-28,PAY_4414,STAT_e09a,2024-10-28
612,ORD_410309,CUST_85d865,Repeat,2024-09-01,PAY_4414,STAT_e09a,2024-09-01
613,ORD_ebdd80,CUST_85d865,Repeat,2024-06-07,PAY_182e,STAT_8cd2,2024-06-07
614,ORD_f44d57,CUST_85d865,Repeat,2025-10-16,PAY_e09a,STAT_182e,2025-10-16
615,ORD_08e460,CUST_85d865,Repeat,2024-10-19,PAY_e09a,STAT_182e,2024-10-19
616,ORD_b4d985,CUST_c5ac4e,One_Time,2026-03-12,PAY_8cd2,STAT_4414,2026-03-12
617,ORD_c82749,CUST_1f5c46,One_Time,2024-10-02,PAY_8cd2,STAT_8cd2,2024-10-02
618,ORD_88b3a1,CUST_8a6361,One_Time,2023-11-20,PAY_e09a,STAT_8cd2,2023-11-20
619,ORD_2675d3,CUST_e17cac,One_Time,2025-06-06,PAY_4414,STAT_182e,2025-06-06
620,ORD_ef9516,CUST_055dfa,One_Time,2024-04-11,PAY_182e,STAT_8cd2,2024-04-11
621,ORD_8db305,CUST_cbad8a,One_Time,2026-05-26,PAY_8cd2,STAT_4414,2026-05-26
622,ORD_ad4656,CUST_187c8a,One_Time,2025-07-04,PAY_4414,STAT_4414,2025-07-04
623,ORD_58ad98,CUST_9569c3,One_Time,2025-01-23,PAY_182e,STAT_8cd2,2025-01-23
624,ORD_c499c8,CUST_0fa03d,One_Time,2023-09-25,PAY_e09a,STAT_e09a,2023-09-25
625,ORD_8d223b,CUST_93a0fb,One_Time,2024-05-14,PAY_182e,STAT_4414,2024-05-14
626,ORD_73b867,CUST_6878c9,One_Time,2025-11-03,PAY_182e,STAT_8cd2,2025-11-03
627,ORD_739d44,CUST_776de5,One_Time,2025-05-28,PAY_e09a,STAT_8cd2,2025-05-28
628,ORD_c36375,CUST_6cc6ee,Repeat,2025-10-19,PAY_e09a,STAT_e09a,2025-10-19
629,ORD_c9df24,CUST_6cc6ee,Repeat,2023-10-02,PAY_e09a,STAT_182e,2023-10-02
630,ORD_128995,CUST_6cc6ee,Repeat,2023-01-09,PAY_182e,STAT_182e,2023-01-09
631,ORD_611c3b,CUST_6cc6ee,Repeat,2023-10-02,PAY_e09a,STAT_8cd2,2023-10-02
632,ORD_39796a,CUST_6cc6ee,Repeat,2024-09-05,PAY_e09a,STAT_182e,2024-09-05
633,ORD_5e387d,CUST_6cc6ee,Repeat,2023-01-10,PAY_182e,STAT_8cd2,2023-01-10
634,ORD_1cb803,CUST_e26aa3,One_Time,2022-11-23,PAY_8cd2,STAT_e09a,2022-11-23
635,ORD_291962,CUST_bc321d,One_Time,2026-04-03,PAY_4414,STAT_8cd2,2026-04-03
636,ORD_40df56,CUST_896ad0,One_Time,2025-11-22,PAY_e09a,STAT_4414,2025-11-22
637,ORD_71c07c,CUST_d922f5,One_Time,2026-01-07,PAY_e09a,STAT_4414,2026-01-07
638,ORD_99bf17,CUST_57aa64,One_Time,2025-04-27,PAY_4414,STAT_8cd2,2025-04-27
639,ORD_66d878,CUST_c6f6ab,One_Time,2025-01-04,PAY_8cd2,STAT_e09a,2025-01-04
640,ORD_6cce6a,CUST_9aa61d,One_Time,2025-07-10,PAY_182e,STAT_8cd2,2025-07-10
641,ORD_c4e56f,CUST_23cddc,One_Time,2024-03-14,PAY_e09a,STAT_8cd2,2024-03-14
642,ORD_c1b602,CUST_398486,Repeat,2022-03-05,PAY_182e,STAT_8cd2,2022-03-05
643,ORD_384e75,CUST_398486,Repeat,2024-10-20,PAY_4414,STAT_4414,2024-10-20
644,ORD_cb6911,CUST_398486,Repeat,2022-12-25,PAY_8cd2,STAT_182e,2022-12-25
645,ORD_c846d0,CUST_398486,Repeat,2026-01-23,PAY_e09a,STAT_182e,2026-01-23
646,ORD_cc53a5,CUST_398486,Repeat,2025-05-21,PAY_182e,STAT_e09a,2025-05-21
647,ORD_6eb612,CUST_398486,Repeat,2023-03-09,PAY_4414,STAT_4414,2023-03-09
648,ORD_d02767,CUST_181b68,Commercial,2025-02-21,PAY_8cd2,STAT_4414,2025-02-21
649,ORD_298055,CUST_181b68,Commercial,2025-04-11,PAY_182e,STAT_4414,2025-04-11
650,ORD_2d2719,CUST_181b68,Commercial,2023-04-04,PAY_e09a,STAT_e09a,2023-04-04
651,ORD_9b9037,CUST_181b68,Commercial,2023-04-04,PAY_8cd2,STAT_e09a,2023-04-04
652,ORD_6ebf00,CUST_181b68,Commercial,2023-04-04,PAY_8cd2,STAT_4414,2023-04-04
653,ORD_02d017,CUST_181b68,Commercial,2025-02-13,PAY_182e,STAT_8cd2,2025-02-13
654,ORD_a4e955,CUST_181b68,Commercial,2023-04-04,PAY_4414,STAT_182e,2023-04-04
655,ORD_e2a144,CUST_181b68,Commercial,2023-04-04,PAY_182e,STAT_e09a,2023-04-04
656,ORD_25c5aa,CUST_181b68,Commercial,2024-06-22,PAY_4414,STAT_182e,2024-06-22
657,ORD_5c681b,CUST_2ae15e,One_Time,2025-11-08,PAY_e09a,STAT_4414,2025-11-08
658,ORD_5dfeed,CUST_24610f,One_Time,2024-07-28,PAY_182e,STAT_8cd2,2024-07-28
659,ORD_b88d83,CUST_9a039d,Repeat,2026-01-16,PAY_e09a,STAT_8cd2,2026-01-16
660,ORD_4e97a1,CUST_9a039d,Repeat,2026-01-16,PAY_8cd2,STAT_e09a,2026-01-16
661,ORD_3122b8,CUST_9a039d,Repeat,2026-01-16,PAY_4414,STAT_8cd2,2026-01-16
662,ORD_92d2b5,CUST_9a039d,Repeat,2026-01-16,PAY_182e,STAT_182e,2026-01-16
663,ORD_e17aef,CUST_9a039d,Repeat,2026-01-16,PAY_4414,STAT_e09a,2026-01-16
664,ORD_c0626b,CUST_5a9998,One_Time,2024-08-15,PAY_8cd2,STAT_182e,2024-08-15
665,ORD_c91384,CUST_cbd1dd,One_Time,2023-09-10,PAY_4414,STAT_8cd2,2023-09-10
666,ORD_5c1c80,CUST_f055e6,One_Time,2026-01-10,PAY_e09a,STAT_4414,2026-01-10
667,ORD_3a90bf,CUST_4865c7,Repeat,2024-06-26,PAY_8cd2,STAT_182e,2024-06-26
668,ORD_bad897,CUST_4865c7,Repeat,2024-10-23,PAY_4414,STAT_8cd2,2024-10-23
669,ORD_bb09ec,CUST_4865c7,Repeat,2025-04-27,PAY_4414,STAT_e09a,2025-04-27
670,ORD_439772,CUST_4865c7,Repeat,2023-08-19,PAY_e09a,STAT_4414,2023-08-19
671,ORD_b2cf22,CUST_4865c7,Repeat,2023-08-19,PAY_e09a,STAT_8cd2,2023-08-19
672,ORD_70fb99,CUST_effa0f,One_Time,2026-02-17,PAY_182e,STAT_4414,2026-02-17
673,ORD_5738ba,CUST_b9607e,Commercial,2025-04-08,PAY_4414,STAT_182e,2025-04-08
674,ORD_d79e53,CUST_b9607e,Commercial,2023-08-27,PAY_e09a,STAT_182e,2023-08-27
675,ORD_2c7271,CUST_b9607e,Commercial,2023-08-27,PAY_182e,STAT_e09a,2023-08-27
676,ORD_ebcfcb,CUST_b9607e,Commercial,2024-06-06,PAY_182e,STAT_8cd2,2024-06-06
677,ORD_58b22a,CUST_b9607e,Commercial,2026-02-22,PAY_e09a,STAT_e09a,2026-02-22
678,ORD_44df34,CUST_b9607e,Commercial,2023-08-27,PAY_4414,STAT_182e,2023-08-27
679,ORD_52440a,CUST_b9607e,Commercial,2023-08-27,PAY_e09a,STAT_e09a,2023-08-27
680,ORD_ec5bfc,CUST_b9607e,Commercial,2024-01-22,PAY_182e,STAT_182e,2024-01-22
681,ORD_b7aa80,CUST_b9607e,Commercial,2023-08-27,PAY_8cd2,STAT_4414,2023-08-27
682,ORD_605f6c,CUST_b9607e,Commercial,2025-12-01,PAY_e09a,STAT_e09a,2025-12-01
683,ORD_530a8a,CUST_b9607e,Commercial,2026-04-24,PAY_4414,STAT_182e,2026-04-24
684,ORD_cbb297,CUST_1bb6a6,Commercial,2024-03-25,PAY_8cd2,STAT_8cd2,2024-03-25
685,ORD_1265c3,CUST_1bb6a6,Commercial,2024-03-25,PAY_e09a,STAT_8cd2,2024-03-25
686,ORD_cc192a,CUST_1bb6a6,Commercial,2024-03-25,PAY_4414,STAT_e09a,2024-03-25
687,ORD_9df8e5,CUST_1bb6a6,Commercial,2024-03-25,PAY_4414,STAT_8cd2,2024-03-25
688,ORD_b66144,CUST_1bb6a6,Commercial,2024-03-25,PAY_8cd2,STAT_8cd2,2024-03-25
689,ORD_8a4999,CUST_1bb6a6,Commercial,2024-03-25,PAY_4414,STAT_e09a,2024-03-25
690,ORD_2b62bf,CUST_1bb6a6,Commercial,2024-03-25,PAY_e09a,STAT_182e,2024-03-25
691,ORD_516c41,CUST_1bb6a6,Commercial,2024-03-25,PAY_182e,STAT_4414,2024-03-25
692,ORD_24ebc6,CUST_1bb6a6,Commercial,2026-05-05,PAY_182e,STAT_4414,2026-05-05
693,ORD_7e0e7a,CUST_1bb6a6,Commercial,2024-03-25,PAY_8cd2,STAT_182e,2024-03-25
694,ORD_6392c1,CUST_1bb6a6,Commercial,2026-04-22,PAY_182e,STAT_4414,2026-04-22
695,ORD_0ae98c,CUST_1bb6a6,Commercial,2024-03-25,PAY_4414,STAT_4414,2024-03-25
696,ORD_1cc146,CUST_1bb6a6,Commercial,2024-12-23,PAY_e09a,STAT_e09a,2024-12-23
697,ORD_cf1337,CUST_1bb6a6,Commercial,2024-03-25,PAY_4414,STAT_4414,2024-03-25
698,ORD_129f5c,CUST_1bb6a6,Commercial,2025-11-02,PAY_182e,STAT_e09a,2025-11-02
699,ORD_0ad227,CUST_1bb6a6,Commercial,2024-09-10,PAY_4414,STAT_8cd2,2024-09-10
700,ORD_817838,CUST_1bb6a6,Commercial,2024-03-25,PAY_8cd2,STAT_182e,2024-03-25
701,ORD_560e02,CUST_1bb6a6,Commercial,2025-11-18,PAY_182e,STAT_182e,2025-11-18
702,ORD_c67b5f,CUST_1bb6a6,Commercial,2026-03-28,PAY_8cd2,STAT_e09a,2026-03-28
703,ORD_aa7c29,CUST_0e8425,One_Time,2026-03-24,PAY_182e,STAT_e09a,2026-03-24
704,ORD_d0f0e9,CUST_f8cc26,One_Time,2023-05-04,PAY_e09a,STAT_182e,2023-05-04
705,ORD_0300cd,CUST_3baadd,One_Time,2025-08-07,PAY_182e,STAT_4414,2025-08-07
706,ORD_077df3,CUST_7b06ad,One_Time,2026-02-17,PAY_8cd2,STAT_4414,2026-02-17
707,ORD_957af7,CUST_72323e,Repeat,2025-07-25,PAY_8cd2,STAT_8cd2,2025-07-25
708,ORD_7fb7be,CUST_72323e,Repeat,2026-05-23,PAY_4414,STAT_e09a,2026-05-23
709,ORD_b15f75,CUST_72323e,Repeat,2025-07-25,PAY_e09a,STAT_4414,2025-07-25
710,ORD_731971,CUST_72323e,Repeat,2025-10-21,PAY_4414,STAT_182e,2025-10-21
711,ORD_bf533f,CUST_df248b,One_Time,2021-11-11,PAY_8cd2,STAT_8cd2,2021-11-11
712,ORD_2b4f2b,CUST_4313c2,One_Time,2024-06-11,PAY_182e,STAT_182e,2024-06-11
713,ORD_62de60,CUST_8976af,One_Time,2025-06-07,PAY_8cd2,STAT_4414,2025-06-07
714,ORD_51be2a,CUST_e5f1a5,One_Time,2025-06-08,PAY_e09a,STAT_e09a,2025-06-08
715,ORD_c88da4,CUST_efc138,Repeat,2025-08-08,PAY_182e,STAT_e09a,2025-08-08
716,ORD_530332,CUST_efc138,Repeat,2025-08-08,PAY_8cd2,STAT_8cd2,2025-08-08
717,ORD_f30dd2,CUST_cf9ab3,One_Time,2026-01-19,PAY_e09a,STAT_8cd2,2026-01-19
718,ORD_12b809,CUST_476ccc,Repeat,2025-10-23,PAY_e09a,STAT_8cd2,2025-10-23
719,ORD_fce982,CUST_476ccc,Repeat,2024-07-21,PAY_8cd2,STAT_182e,2024-07-21
720,ORD_43aaae,CUST_316010,One_Time,2024-05-14,PAY_4414,STAT_e09a,2024-05-14
721,ORD_ba744d,CUST_bdec24,Repeat,2026-05-22,PAY_4414,STAT_182e,2026-05-22
722,ORD_c0f1bf,CUST_bdec24,Repeat,2025-11-03,PAY_4414,STAT_e09a,2025-11-03
723,ORD_887f4f,CUST_bdec24,Repeat,2025-08-22,PAY_4414,STAT_8cd2,2025-08-22
724,ORD_7ec871,CUST_bdec24,Repeat,2024-01-06,PAY_e09a,STAT_4414,2024-01-06
725,ORD_d2d8f2,CUST_c86b62,One_Time,2025-01-27,PAY_e09a,STAT_e09a,2025-01-27
726,ORD_70bd5b,CUST_cae8d9,Repeat,2026-02-27,PAY_182e,STAT_e09a,2026-02-27
727,ORD_b415ab,CUST_cae8d9,Repeat,2026-02-27,PAY_182e,STAT_4414,2026-02-27
728,ORD_a9f891,CUST_f08ef0,Commercial,2023-06-19,PAY_4414,STAT_4414,2023-06-19
729,ORD_06922a,CUST_f08ef0,Commercial,2025-03-21,PAY_e09a,STAT_8cd2,2025-03-21
730,ORD_27e800,CUST_f08ef0,Commercial,2026-01-17,PAY_4414,STAT_8cd2,2026-01-17
731,ORD_ddf86e,CUST_f08ef0,Commercial,2026-01-15,PAY_182e,STAT_8cd2,2026-01-15
732,ORD_97a50d,CUST_f08ef0,Commercial,2023-02-07,PAY_182e,STAT_e09a,2023-02-07
733,ORD_c18999,CUST_f08ef0,Commercial,2023-11-24,PAY_4414,STAT_e09a,2023-11-24
734,ORD_3cbc72,CUST_f08ef0,Commercial,2024-03-04,PAY_182e,STAT_4414,2024-03-04
735,ORD_d80912,CUST_f08ef0,Commercial,2025-09-20,PAY_e09a,STAT_8cd2,2025-09-20
736,ORD_40765c,CUST_f08ef0,Commercial,2023-04-27,PAY_4414,STAT_4414,2023-04-27
737,ORD_342e76,CUST_f08ef0,Commercial,2025-08-24,PAY_4414,STAT_e09a,2025-08-24
738,ORD_d257fe,CUST_f08ef0,Commercial,2023-06-28,PAY_8cd2,STAT_e09a,2023-06-28
739,ORD_090966,CUST_f08ef0,Commercial,2023-02-07,PAY_182e,STAT_8cd2,2023-02-07
740,ORD_584d23,CUST_f08ef0,Commercial,2023-02-07,PAY_182e,STAT_8cd2,2023-02-07
741,ORD_b45e9a,CUST_f08ef0,Commercial,2026-03-28,PAY_182e,STAT_8cd2,2026-03-28
742,ORD_5fb3f6,CUST_f08ef0,Commercial,2023-02-07,PAY_e09a,STAT_8cd2,2023-02-07
743,ORD_fb82b0,CUST_f08ef0,Commercial,2026-03-19,PAY_8cd2,STAT_8cd2,2026-03-19
744,ORD_4d3d21,CUST_f08ef0,Commercial,2026-05-03,PAY_182e,STAT_e09a,2026-05-03
745,ORD_d45496,CUST_f08ef0,Commercial,2023-08-04,PAY_e09a,STAT_8cd2,2023-08-04
746,ORD_4509e1,CUST_f08ef0,Commercial,2023-11-13,PAY_e09a,STAT_182e,2023-11-13
747,ORD_736df5,CUST_70e9db,One_Time,2023-11-26,PAY_4414,STAT_4414,2023-11-26
748,ORD_c0cc0a,CUST_b994d8,One_Time,2025-09-16,PAY_4414,STAT_182e,2025-09-16
749,ORD_2bfe75,CUST_a21c9e,One_Time,2025-02-23,PAY_8cd2,STAT_8cd2,2025-02-23
750,ORD_542839,CUST_5454b8,Commercial,2023-04-08,PAY_4414,STAT_182e,2023-04-08
751,ORD_e7eec2,CUST_5454b8,Commercial,2023-08-15,PAY_8cd2,STAT_e09a,2023-08-15
752,ORD_e0bc1c,CUST_5454b8,Commercial,2022-11-15,PAY_8cd2,STAT_8cd2,2022-11-15
753,ORD_19ceaf,CUST_5454b8,Commercial,2022-11-15,PAY_182e,STAT_4414,2022-11-15
754,ORD_5ac340,CUST_5454b8,Commercial,2024-06-15,PAY_4414,STAT_4414,2024-06-15
755,ORD_8fecb2,CUST_5454b8,Commercial,2025-05-06,PAY_4414,STAT_8cd2,2025-05-06
756,ORD_1e15bd,CUST_5454b8,Commercial,2023-07-28,PAY_8cd2,STAT_8cd2,2023-07-28
757,ORD_e69879,CUST_5454b8,Commercial,2024-07-10,PAY_e09a,STAT_4414,2024-07-10
758,ORD_8fce19,CUST_5454b8,Commercial,2024-08-04,PAY_8cd2,STAT_e09a,2024-08-04
759,ORD_8eb30f,CUST_6762e6,One_Time,2022-08-05,PAY_182e,STAT_182e,2022-08-05
760,ORD_cbdf2c,CUST_7cb662,One_Time,2025-09-09,PAY_182e,STAT_8cd2,2025-09-09
761,ORD_2ec391,CUST_65c2ec,Repeat,2025-05-23,PAY_e09a,STAT_182e,2025-05-23
762,ORD_91fe39,CUST_65c2ec,Repeat,2022-08-14,PAY_182e,STAT_4414,2022-08-14
763,ORD_242696,CUST_65c2ec,Repeat,2026-01-04,PAY_8cd2,STAT_8cd2,2026-01-04
764,ORD_8c7c0c,CUST_65c2ec,Repeat,2022-08-14,PAY_4414,STAT_8cd2,2022-08-14
765,ORD_80595d,CUST_65c2ec,Repeat,2024-04-25,PAY_182e,STAT_8cd2,2024-04-25
766,ORD_c66d34,CUST_857f67,Repeat,2023-04-14,PAY_8cd2,STAT_8cd2,2023-04-14
767,ORD_eca88c,CUST_857f67,Repeat,2025-10-19,PAY_e09a,STAT_4414,2025-10-19
768,ORD_a087fc,CUST_857f67,Repeat,2025-06-07,PAY_e09a,STAT_4414,2025-06-07
769,ORD_d7eb00,CUST_857f67,Repeat,2022-10-11,PAY_8cd2,STAT_e09a,2022-10-11
770,ORD_0a3169,CUST_857f67,Repeat,2022-09-27,PAY_e09a,STAT_4414,2022-09-27
771,ORD_cc1310,CUST_caf1ba,One_Time,2025-12-21,PAY_182e,STAT_e09a,2025-12-21
772,ORD_a72f68,CUST_db5113,One_Time,2025-01-21,PAY_4414,STAT_8cd2,2025-01-21
773,ORD_07b6bb,CUST_32f1cd,One_Time,2025-11-15,PAY_e09a,STAT_4414,2025-11-15
774,ORD_927fbf,CUST_bfcf3e,One_Time,2024-10-11,PAY_4414,STAT_8cd2,2024-10-11
775,ORD_9fd87c,CUST_dc198a,Commercial,2023-10-05,PAY_e09a,STAT_182e,2023-10-05
776,ORD_53c145,CUST_dc198a,Commercial,2024-03-04,PAY_182e,STAT_4414,2024-03-04
777,ORD_6294d1,CUST_dc198a,Commercial,2023-10-05,PAY_182e,STAT_182e,2023-10-05
778,ORD_5168a1,CUST_dc198a,Commercial,2024-03-22,PAY_e09a,STAT_e09a,2024-03-22
779,ORD_518dba,CUST_dc198a,Commercial,2025-06-11,PAY_182e,STAT_e09a,2025-06-11
780,ORD_75f6c6,CUST_dc198a,Commercial,2023-10-05,PAY_e09a,STAT_4414,2023-10-05
781,ORD_53ed74,CUST_dc198a,Commercial,2023-11-06,PAY_182e,STAT_4414,2023-11-06
782,ORD_83bd9a,CUST_dc198a,Commercial,2025-08-17,PAY_182e,STAT_182e,2025-08-17
783,ORD_691980,CUST_7204de,One_Time,2025-11-01,PAY_4414,STAT_182e,2025-11-01
784,ORD_5e85b7,CUST_ea6892,One_Time,2025-05-16,PAY_4414,STAT_4414,2025-05-16
785,ORD_18b2d7,CUST_b483ac,One_Time,2025-06-10,PAY_8cd2,STAT_8cd2,2025-06-10
786,ORD_2bf5bf,CUST_6ba70e,One_Time,2026-02-20,PAY_8cd2,STAT_4414,2026-02-20
787,ORD_8b866e,CUST_9220ed,One_Time,2023-10-27,PAY_e09a,STAT_8cd2,2023-10-27
788,ORD_5befe5,CUST_bfceb5,One_Time,2025-02-13,PAY_e09a,STAT_8cd2,2025-02-13
789,ORD_06b0fc,CUST_7aef08,One_Time,2026-05-12,PAY_4414,STAT_e09a,2026-05-12
790,ORD_e3d260,CUST_af1615,Commercial,2025-09-13,PAY_182e,STAT_182e,2025-09-13
791,ORD_e3f057,CUST_af1615,Commercial,2025-09-13,PAY_182e,STAT_4414,2025-09-13
792,ORD_bcab72,CUST_af1615,Commercial,2025-10-17,PAY_e09a,STAT_4414,2025-10-17
793,ORD_361a60,CUST_af1615,Commercial,2025-09-13,PAY_182e,STAT_8cd2,2025-09-13
794,ORD_4e3666,CUST_af1615,Commercial,2026-04-07,PAY_e09a,STAT_4414,2026-04-07
795,ORD_a7f6a7,CUST_af1615,Commercial,2025-09-13,PAY_8cd2,STAT_4414,2025-09-13
796,ORD_dbe1c7,CUST_af1615,Commercial,2025-09-13,PAY_4414,STAT_4414,2025-09-13
797,ORD_366273,CUST_af1615,Commercial,2025-09-13,PAY_4414,STAT_8cd2,2025-09-13
798,ORD_b7754f,CUST_af1615,Commercial,2026-02-25,PAY_4414,STAT_182e,2026-02-25
799,ORD_eaccf8,CUST_af1615,Commercial,2025-09-13,PAY_e09a,STAT_e09a,2025-09-13
800,ORD_375b52,CUST_af1615,Commercial,2025-09-13,PAY_8cd2,STAT_182e,2025-09-13
801,ORD_45529e,CUST_af1615,Commercial,2025-09-13,PAY_4414,STAT_4414,2025-09-13
802,ORD_0489ae,CUST_af1615,Commercial,2025-11-01,PAY_e09a,STAT_182e,2025-11-01
803,ORD_167d33,CUST_586a81,One_Time,2026-02-25,PAY_4414,STAT_182e,2026-02-25
804,ORD_d71230,CUST_8b214b,One_Time,2023-05-22,PAY_4414,STAT_8cd2,2023-05-22
805,ORD_ae05a2,CUST_a2f5a2,Repeat,2026-02-20,PAY_4414,STAT_8cd2,2026-02-20
806,ORD_05b6d8,CUST_a2f5a2,Repeat,2024-08-25,PAY_8cd2,STAT_4414,2024-08-25
807,ORD_7e3697,CUST_a2f5a2,Repeat,2024-08-25,PAY_182e,STAT_e09a,2024-08-25
808,ORD_df8ea3,CUST_a2f5a2,Repeat,2024-08-25,PAY_e09a,STAT_e09a,2024-08-25
809,ORD_1b2e07,CUST_2f9da9,One_Time,2024-06-11,PAY_4414,STAT_8cd2,2024-06-11
810,ORD_377485,CUST_c841ff,Commercial,2024-07-09,PAY_182e,STAT_182e,2024-07-09
811,ORD_0db544,CUST_c841ff,Commercial,2025-09-02,PAY_4414,STAT_8cd2,2025-09-02
812,ORD_e6c469,CUST_c841ff,Commercial,2024-07-09,PAY_8cd2,STAT_4414,2024-07-09
813,ORD_adf65a,CUST_c841ff,Commercial,2024-07-13,PAY_8cd2,STAT_182e,2024-07-13
814,ORD_2d74e3,CUST_c841ff,Commercial,2024-11-18,PAY_e09a,STAT_8cd2,2024-11-18
815,ORD_d4a4ab,CUST_c841ff,Commercial,2024-07-09,PAY_182e,STAT_4414,2024-07-09
816,ORD_af151c,CUST_c841ff,Commercial,2024-07-09,PAY_8cd2,STAT_4414,2024-07-09
817,ORD_ca06f1,CUST_c841ff,Commercial,2024-07-09,PAY_4414,STAT_e09a,2024-07-09
818,ORD_68b686,CUST_c841ff,Commercial,2024-07-09,PAY_8cd2,STAT_e09a,2024-07-09
819,ORD_4da88d,CUST_c841ff,Commercial,2024-10-10,PAY_4414,STAT_182e,2024-10-10
820,ORD_050fee,CUST_c841ff,Commercial,2025-09-01,PAY_8cd2,STAT_e09a,2025-09-01
821,ORD_ff26d4,CUST_c841ff,Commercial,2024-07-09,PAY_182e,STAT_4414,2024-07-09
822,ORD_72950c,CUST_c841ff,Commercial,2024-07-09,PAY_182e,STAT_8cd2,2024-07-09
823,ORD_f21dcf,CUST_c841ff,Commercial,2024-07-09,PAY_8cd2,STAT_182e,2024-07-09
824,ORD_ab92cc,CUST_c841ff,Commercial,2025-06-03,PAY_8cd2,STAT_4414,2025-06-03
825,ORD_04390f,CUST_c841ff,Commercial,2024-07-09,PAY_e09a,STAT_182e,2024-07-09
826,ORD_f61a1e,CUST_c841ff,Commercial,2024-07-09,PAY_e09a,STAT_e09a,2024-07-09
827,ORD_bec12a,CUST_c841ff,Commercial,2024-11-09,PAY_182e,STAT_4414,2024-11-09
828,ORD_9502f3,CUST_c841ff,Commercial,2024-07-09,PAY_4414,STAT_8cd2,2024-07-09
829,ORD_5b3c9b,CUST_352129,One_Time,2022-04-09,PAY_e09a,STAT_e09a,2022-04-09
830,ORD_ce31e8,CUST_eae4a9,Repeat,2022-12-27,PAY_8cd2,STAT_8cd2,2022-12-27
831,ORD_802e65,CUST_eae4a9,Repeat,2025-04-22,PAY_182e,STAT_182e,2025-04-22
832,ORD_5fdf51,CUST_eae4a9,Repeat,2023-05-04,PAY_e09a,STAT_e09a,2023-05-04
833,ORD_ff7e12,CUST_eae4a9,Repeat,2024-11-08,PAY_4414,STAT_8cd2,2024-11-08
834,ORD_6b5063,CUST_613365,One_Time,2024-07-15,PAY_182e,STAT_e09a,2024-07-15
835,ORD_ab9a5a,CUST_b43604,Repeat,2025-01-04,PAY_8cd2,STAT_182e,2025-01-04
836,ORD_6269a1,CUST_b43604,Repeat,2024-04-15,PAY_8cd2,STAT_4414,2024-04-15
837,ORD_00611e,CUST_b43604,Repeat,2024-04-15,PAY_182e,STAT_e09a,2024-04-15
838,ORD_5ceb1b,CUST_b43604,Repeat,2025-05-07,PAY_e09a,STAT_e09a,2025-05-07
839,ORD_d01205,CUST_b43604,Repeat,2024-04-15,PAY_4414,STAT_e09a,2024-04-15
840,ORD_38c48d,CUST_b43604,Repeat,2024-04-15,PAY_4414,STAT_182e,2024-04-15
841,ORD_0ecc4f,CUST_d61050,One_Time,2023-07-27,PAY_8cd2,STAT_e09a,2023-07-27
842,ORD_5141e2,CUST_17be2b,One_Time,2022-07-11,PAY_182e,STAT_8cd2,2022-07-11
843,ORD_7673ec,CUST_ae2c3a,One_Time,2026-01-17,PAY_e09a,STAT_182e,2026-01-17
844,ORD_d26cda,CUST_49bc1d,Repeat,2024-02-13,PAY_e09a,STAT_8cd2,2024-02-13
845,ORD_1ef8a0,CUST_49bc1d,Repeat,2026-02-01,PAY_8cd2,STAT_182e,2026-02-01
846,ORD_51cf54,CUST_34a2af,Repeat,2024-12-26,PAY_e09a,STAT_182e,2024-12-26
847,ORD_e05435,CUST_34a2af,Repeat,2024-12-26,PAY_8cd2,STAT_182e,2024-12-26
848,ORD_320899,CUST_34a2af,Repeat,2024-12-26,PAY_8cd2,STAT_8cd2,2024-12-26
849,ORD_5df7eb,CUST_34a2af,Repeat,2025-09-03,PAY_4414,STAT_8cd2,2025-09-03
850,ORD_334183,CUST_3bb129,One_Time,2026-04-03,PAY_e09a,STAT_8cd2,2026-04-03
851,ORD_624731,CUST_6710d6,One_Time,2025-08-15,PAY_e09a,STAT_8cd2,2025-08-15
852,ORD_5bd5fc,CUST_26d194,One_Time,2025-12-09,PAY_182e,STAT_182e,2025-12-09
853,ORD_8e20a8,CUST_9f40a0,One_Time,2025-04-02,PAY_e09a,STAT_e09a,2025-04-02
854,ORD_37ad27,CUST_8e7243,Commercial,2024-07-11,PAY_8cd2,STAT_182e,2024-07-11
855,ORD_9a5308,CUST_8e7243,Commercial,2024-02-12,PAY_4414,STAT_4414,2024-02-12
856,ORD_d71366,CUST_8e7243,Commercial,2025-08-20,PAY_4414,STAT_4414,2025-08-20
857,ORD_37d97d,CUST_8e7243,Commercial,2022-05-25,PAY_4414,STAT_8cd2,2022-05-25
858,ORD_f9fb95,CUST_8e7243,Commercial,2024-11-13,PAY_4414,STAT_e09a,2024-11-13
859,ORD_9a3019,CUST_8e7243,Commercial,2025-11-05,PAY_e09a,STAT_e09a,2025-11-05
860,ORD_9c81b7,CUST_8e7243,Commercial,2023-12-04,PAY_4414,STAT_182e,2023-12-04
861,ORD_598258,CUST_8e7243,Commercial,2021-07-15,PAY_4414,STAT_8cd2,2021-07-15
862,ORD_6c8d82,CUST_8e7243,Commercial,2025-09-12,PAY_182e,STAT_4414,2025-09-12
863,ORD_2c343d,CUST_8e7243,Commercial,2023-10-12,PAY_8cd2,STAT_4414,2023-10-12
864,ORD_d074b9,CUST_8e7243,Commercial,2023-07-10,PAY_e09a,STAT_e09a,2023-07-10
865,ORD_950199,CUST_8e7243,Commercial,2024-06-11,PAY_182e,STAT_8cd2,2024-06-11
866,ORD_f6c241,CUST_8e7243,Commercial,2025-02-28,PAY_8cd2,STAT_4414,2025-02-28
867,ORD_dd7fa2,CUST_8e7243,Commercial,2022-12-14,PAY_4414,STAT_182e,2022-12-14
868,ORD_1d18b2,CUST_8e7243,Commercial,2023-04-05,PAY_e09a,STAT_e09a,2023-04-05
869,ORD_4bf63f,CUST_8e7243,Commercial,2024-03-13,PAY_e09a,STAT_e09a,2024-03-13
870,ORD_f6a650,CUST_8e7243,Commercial,2022-07-23,PAY_4414,STAT_182e,2022-07-23
871,ORD_e2a514,CUST_8e7243,Commercial,2026-01-18,PAY_e09a,STAT_182e,2026-01-18
872,ORD_d2060e,CUST_8e7243,Commercial,2023-04-11,PAY_8cd2,STAT_4414,2023-04-11
873,ORD_d245fa,CUST_ef4b63,One_Time,2021-10-12,PAY_4414,STAT_e09a,2021-10-12
874,ORD_8ca6e5,CUST_2ebd8b,One_Time,2026-01-25,PAY_4414,STAT_e09a,2026-01-25
875,ORD_ee6506,CUST_d0da9b,One_Time,2024-03-27,PAY_4414,STAT_182e,2024-03-27
876,ORD_fea48f,CUST_d17ad5,Repeat,2023-12-16,PAY_182e,STAT_8cd2,2023-12-16
877,ORD_392fcb,CUST_d17ad5,Repeat,2023-12-16,PAY_182e,STAT_8cd2,2023-12-16
878,ORD_40a21c,CUST_cb1abe,One_Time,2025-12-18,PAY_e09a,STAT_8cd2,2025-12-18
879,ORD_b9cfb2,CUST_ca28a4,One_Time,2023-05-05,PAY_8cd2,STAT_182e,2023-05-05
880,ORD_424d99,CUST_723212,Repeat,2021-06-05,PAY_8cd2,STAT_e09a,2021-06-05
881,ORD_8187c2,CUST_723212,Repeat,2022-08-09,PAY_e09a,STAT_4414,2022-08-09
882,ORD_af3d6e,CUST_723212,Repeat,2022-08-14,PAY_8cd2,STAT_8cd2,2022-08-14
883,ORD_9b6544,CUST_723212,Repeat,2025-10-08,PAY_8cd2,STAT_4414,2025-10-08
884,ORD_d31a26,CUST_c47541,One_Time,2024-02-02,PAY_e09a,STAT_8cd2,2024-02-02
885,ORD_d9e06a,CUST_c71d48,Repeat,2023-08-04,PAY_4414,STAT_182e,2023-08-04
886,ORD_6f4774,CUST_c71d48,Repeat,2023-08-04,PAY_182e,STAT_e09a,2023-08-04
887,ORD_0c3442,CUST_0c3a0e,Repeat,2023-07-26,PAY_4414,STAT_e09a,2023-07-26
888,ORD_279dbc,CUST_0c3a0e,Repeat,2022-05-14,PAY_4414,STAT_e09a,2022-05-14
889,ORD_5bee4e,CUST_0c3a0e,Repeat,2023-10-23,PAY_182e,STAT_182e,2023-10-23
890,ORD_42b21a,CUST_0185bd,One_Time,2024-05-18,PAY_4414,STAT_e09a,2024-05-18
891,ORD_c4944d,CUST_b848c3,One_Time,2026-04-18,PAY_8cd2,STAT_182e,2026-04-18
892,ORD_ff9be2,CUST_a5696b,One_Time,2025-03-08,PAY_4414,STAT_182e,2025-03-08
893,ORD_36ebc5,CUST_8c3c57,One_Time,2026-02-06,PAY_4414,STAT_4414,2026-02-06
894,ORD_39ffe1,CUST_94c7b4,One_Time,2024-07-14,PAY_182e,STAT_e09a,2024-07-14
895,ORD_4b4dae,CUST_4bc08c,One_Time,2023-12-10,PAY_8cd2,STAT_182e,2023-12-10
896,ORD_99fbfe,CUST_5eacec,One_Time,2023-04-15,PAY_4414,STAT_e09a,2023-04-15
897,ORD_1ca685,CUST_d44e62,Repeat,2023-09-18,PAY_182e,STAT_e09a,2023-09-18
898,ORD_a3de1b,CUST_d44e62,Repeat,2023-10-03,PAY_4414,STAT_e09a,2023-10-03
899,ORD_256737,CUST_cf9578,Repeat,2022-03-21,PAY_182e,STAT_182e,2022-03-21
900,ORD_4dd859,CUST_cf9578,Repeat,2025-11-16,PAY_e09a,STAT_4414,2025-11-16
901,ORD_d46e99,CUST_cf9578,Repeat,2023-08-12,PAY_8cd2,STAT_4414,2023-08-12
902,ORD_da3af7,CUST_cf9578,Repeat,2025-10-19,PAY_e09a,STAT_4414,2025-10-19
903,ORD_fce682,CUST_cf9578,Repeat,2025-05-19,PAY_182e,STAT_8cd2,2025-05-19
904,ORD_74eba3,CUST_cf9578,Repeat,2025-08-10,PAY_8cd2,STAT_8cd2,2025-08-10
905,ORD_1bb487,CUST_cbd6cb,One_Time,2026-03-23,PAY_4414,STAT_182e,2026-03-23
906,ORD_57b81b,CUST_51dab3,One_Time,2023-04-26,PAY_4414,STAT_4414,2023-04-26
907,ORD_c4f4e4,CUST_361a4b,One_Time,2024-06-20,PAY_e09a,STAT_8cd2,2024-06-20
908,ORD_aaa799,CUST_8de074,Repeat,2023-05-18,PAY_8cd2,STAT_4414,2023-05-18
909,ORD_76f3aa,CUST_8de074,Repeat,2024-07-08,PAY_e09a,STAT_182e,2024-07-08
910,ORD_ae7fe7,CUST_8de074,Repeat,2025-05-14,PAY_8cd2,STAT_4414,2025-05-14
911,ORD_46dd81,CUST_8de074,Repeat,2023-05-08,PAY_e09a,STAT_4414,2023-05-08
912,ORD_a7cf54,CUST_8de074,Repeat,2025-06-04,PAY_e09a,STAT_e09a,2025-06-04
913,ORD_ff034a,CUST_8de074,Repeat,2023-04-26,PAY_8cd2,STAT_182e,2023-04-26
914,ORD_a916fb,CUST_7f5ba6,Repeat,2024-11-09,PAY_8cd2,STAT_8cd2,2024-11-09
915,ORD_6c433f,CUST_7f5ba6,Repeat,2024-11-09,PAY_e09a,STAT_4414,2024-11-09
916,ORD_b82ffe,CUST_7f5ba6,Repeat,2024-11-09,PAY_8cd2,STAT_4414,2024-11-09
917,ORD_d0d498,CUST_f2f445,One_Time,2025-08-23,PAY_e09a,STAT_4414,2025-08-23
918,ORD_686a9f,CUST_397433,One_Time,2025-02-15,PAY_8cd2,STAT_e09a,2025-02-15
919,ORD_780430,CUST_8466f4,Commercial,2025-08-15,PAY_e09a,STAT_8cd2,2025-08-15
920,ORD_a546f9,CUST_8466f4,Commercial,2023-11-02,PAY_182e,STAT_8cd2,2023-11-02
921,ORD_eef7e5,CUST_8466f4,Commercial,2023-11-02,PAY_e09a,STAT_4414,2023-11-02
922,ORD_3ccf26,CUST_8466f4,Commercial,2023-11-11,PAY_182e,STAT_182e,2023-11-11
923,ORD_f21195,CUST_8466f4,Commercial,2023-11-02,PAY_4414,STAT_8cd2,2023-11-02
924,ORD_4cd6fd,CUST_8466f4,Commercial,2026-04-22,PAY_182e,STAT_8cd2,2026-04-22
925,ORD_993778,CUST_8466f4,Commercial,2024-04-20,PAY_4414,STAT_8cd2,2024-04-20
926,ORD_897539,CUST_8466f4,Commercial,2023-11-02,PAY_182e,STAT_4414,2023-11-02
927,ORD_c849ca,CUST_8466f4,Commercial,2023-11-02,PAY_182e,STAT_4414,2023-11-02
928,ORD_6a1259,CUST_8466f4,Commercial,2025-05-23,PAY_182e,STAT_4414,2025-05-23
929,ORD_35f24f,CUST_8466f4,Commercial,2023-11-02,PAY_182e,STAT_4414,2023-11-02
930,ORD_71e7e4,CUST_8466f4,Commercial,2023-11-02,PAY_e09a,STAT_182e,2023-11-02
931,ORD_44b5e5,CUST_8466f4,Commercial,2023-11-02,PAY_8cd2,STAT_4414,2023-11-02
932,ORD_41f1ca,CUST_8466f4,Commercial,2026-01-28,PAY_e09a,STAT_182e,2026-01-28
933,ORD_745289,CUST_8466f4,Commercial,2025-03-09,PAY_182e,STAT_e09a,2025-03-09
934,ORD_671e7c,CUST_8466f4,Commercial,2023-11-02,PAY_e09a,STAT_182e,2023-11-02
935,ORD_fbb705,CUST_ff2a45,One_Time,2026-03-23,PAY_4414,STAT_4414,2026-03-23
936,ORD_a004bc,CUST_6f34fa,One_Time,2025-11-22,PAY_182e,STAT_e09a,2025-11-22
937,ORD_89fe61,CUST_aa0501,One_Time,2023-06-28,PAY_e09a,STAT_e09a,2023-06-28
938,ORD_4dc4ed,CUST_4ec0fe,One_Time,2025-08-03,PAY_8cd2,STAT_8cd2,2025-08-03
939,ORD_231b71,CUST_20b6d1,One_Time,2026-03-27,PAY_4414,STAT_182e,2026-03-27
940,ORD_deaff9,CUST_8ef00a,Repeat,2026-02-16,PAY_4414,STAT_182e,2026-02-16
941,ORD_06d62b,CUST_8ef00a,Repeat,2026-02-16,PAY_e09a,STAT_8cd2,2026-02-16
942,ORD_341561,CUST_1c0c44,Repeat,2024-03-07,PAY_e09a,STAT_4414,2024-03-07
943,ORD_76a5eb,CUST_1c0c44,Repeat,2026-03-22,PAY_e09a,STAT_e09a,2026-03-22
944,ORD_ebf4cd,CUST_1c0c44,Repeat,2024-03-07,PAY_4414,STAT_182e,2024-03-07
945,ORD_ce7edd,CUST_1c0c44,Repeat,2026-01-14,PAY_182e,STAT_e09a,2026-01-14
946,ORD_adf419,CUST_1c0c44,Repeat,2024-03-07,PAY_8cd2,STAT_e09a,2024-03-07
947,ORD_10e30b,CUST_2b7d12,Repeat,2023-09-22,PAY_4414,STAT_4414,2023-09-22
948,ORD_f17569,CUST_2b7d12,Repeat,2023-09-22,PAY_182e,STAT_182e,2023-09-22
949,ORD_0cecfe,CUST_2b7d12,Repeat,2023-09-22,PAY_182e,STAT_8cd2,2023-09-22
950,ORD_9ed46c,CUST_2b7d12,Repeat,2024-12-08,PAY_182e,STAT_e09a,2024-12-08
951,ORD_438652,CUST_b5da93,One_Time,2024-08-26,PAY_182e,STAT_8cd2,2024-08-26
952,ORD_60a332,CUST_d7d917,Commercial,2025-04-19,PAY_8cd2,STAT_4414,2025-04-19
953,ORD_93377c,CUST_d7d917,Commercial,2025-08-06,PAY_e09a,STAT_8cd2,2025-08-06
954,ORD_5579d1,CUST_d7d917,Commercial,2024-01-05,PAY_e09a,STAT_e09a,2024-01-05
955,ORD_6a398d,CUST_d7d917,Commercial,2024-01-05,PAY_8cd2,STAT_8cd2,2024-01-05
956,ORD_c5e583,CUST_d7d917,Commercial,2024-01-05,PAY_8cd2,STAT_8cd2,2024-01-05
957,ORD_8eb34e,CUST_d7d917,Commercial,2024-05-16,PAY_4414,STAT_182e,2024-05-16
958,ORD_3a1927,CUST_d7d917,Commercial,2024-01-05,PAY_4414,STAT_182e,2024-01-05
959,ORD_3facde,CUST_d7d917,Commercial,2024-01-05,PAY_4414,STAT_182e,2024-01-05
960,ORD_21df9e,CUST_d7d917,Commercial,2024-11-28,PAY_182e,STAT_4414,2024-11-28
961,ORD_6c98ee,CUST_d7d917,Commercial,2024-07-27,PAY_4414,STAT_182e,2024-07-27
962,ORD_3db0e3,CUST_d7d917,Commercial,2025-06-14,PAY_182e,STAT_182e,2025-06-14
963,ORD_4042f2,CUST_d7d917,Commercial,2024-01-05,PAY_e09a,STAT_4414,2024-01-05
964,ORD_14c7ef,CUST_d7d917,Commercial,2024-01-05,PAY_e09a,STAT_8cd2,2024-01-05
965,ORD_69277a,CUST_d7d917,Commercial,2024-02-22,PAY_182e,STAT_4414,2024-02-22
966,ORD_342e8f,CUST_d7d917,Commercial,2024-09-17,PAY_e09a,STAT_e09a,2024-09-17
967,ORD_bb3b20,CUST_d7d917,Commercial,2024-10-16,PAY_182e,STAT_4414,2024-10-16
968,ORD_5dc26c,CUST_d7d917,Commercial,2024-01-05,PAY_8cd2,STAT_8cd2,2024-01-05
969,ORD_e3b104,CUST_d7d917,Commercial,2025-07-18,PAY_e09a,STAT_182e,2025-07-18
970,ORD_0e667f,CUST_766b1e,One_Time,2025-06-10,PAY_4414,STAT_182e,2025-06-10
971,ORD_b53abf,CUST_75769a,Repeat,2025-11-25,PAY_182e,STAT_8cd2,2025-11-25
972,ORD_24816b,CUST_75769a,Repeat,2025-11-25,PAY_4414,STAT_182e,2025-11-25
973,ORD_8c0735,CUST_75769a,Repeat,2025-11-25,PAY_8cd2,STAT_8cd2,2025-11-25
974,ORD_f78ef0,CUST_7d6bdd,One_Time,2024-09-22,PAY_8cd2,STAT_8cd2,2024-09-22
975,ORD_c907a8,CUST_bae9bd,Repeat,2026-04-28,PAY_182e,STAT_8cd2,2026-04-28
976,ORD_1fb607,CUST_bae9bd,Repeat,2024-06-22,PAY_8cd2,STAT_4414,2024-06-22
977,ORD_e83f75,CUST_d0854a,One_Time,2024-10-28,PAY_e09a,STAT_4414,2024-10-28
978,ORD_987071,CUST_73f8c1,One_Time,2026-04-02,PAY_182e,STAT_e09a,2026-04-02
979,ORD_109562,CUST_1119b0,Repeat,2023-05-08,PAY_182e,STAT_8cd2,2023-05-08
980,ORD_c29e9b,CUST_1119b0,Repeat,2023-05-08,PAY_8cd2,STAT_e09a,2023-05-08
981,ORD_6db9d4,CUST_1119b0,Repeat,2025-01-21,PAY_4414,STAT_182e,2025-01-21
982,ORD_50388b,CUST_1119b0,Repeat,2023-05-08,PAY_182e,STAT_182e,2023-05-08
983,ORD_3e04ce,CUST_a0a3a1,One_Time,2024-10-14,PAY_182e,STAT_182e,2024-10-14
984,ORD_d23119,CUST_511635,Repeat,2022-08-15,PAY_182e,STAT_8cd2,2022-08-15
985,ORD_4c4936,CUST_511635,Repeat,2025-09-06,PAY_8cd2,STAT_8cd2,2025-09-06
986,ORD_a112a2,CUST_4d3b37,One_Time,2026-05-09,PAY_4414,STAT_8cd2,2026-05-09
987,ORD_cef041,CUST_9ecc17,Repeat,2025-12-01,PAY_8cd2,STAT_4414,2025-12-01
988,ORD_d9b09a,CUST_9ecc17,Repeat,2025-12-01,PAY_182e,STAT_8cd2,2025-12-01
989,ORD_f26c54,CUST_9ecc17,Repeat,2025-12-01,PAY_182e,STAT_e09a,2025-12-01
990,ORD_4e5597,CUST_9ecc17,Repeat,2025-12-01,PAY_4414,STAT_e09a,2025-12-01
991,ORD_12507a,CUST_9ecc17,Repeat,2025-12-01,PAY_8cd2,STAT_182e,2025-12-01
992,ORD_0f160e,CUST_0aac88,One_Time,2025-11-19,PAY_4414,STAT_e09a,2025-11-19
993,ORD_a975c0,CUST_c6727c,Repeat,2022-07-26,PAY_e09a,STAT_e09a,2022-07-26
994,ORD_2fe31e,CUST_c6727c,Repeat,2026-02-17,PAY_e09a,STAT_182e,2026-02-17
995,ORD_ef4e13,CUST_c6727c,Repeat,2025-03-14,PAY_e09a,STAT_182e,2025-03-14
996,ORD_6519b7,CUST_c6727c,Repeat,2025-12-18,PAY_4414,STAT_8cd2,2025-12-18
997,ORD_697962,CUST_7f79c2,One_Time,2025-09-12,PAY_e09a,STAT_e09a,2025-09-12
998,ORD_c1298c,CUST_1b1bd0,One_Time,2023-10-24,PAY_e09a,STAT_8cd2,2023-10-24
999,ORD_08b0ba,CUST_874594,One_Time,2025-10-28,PAY_182e,STAT_182e,2025-10-28
1000,ORD_213661,CUST_aa5628,One_Time,2025-11-13,PAY_8cd2,STAT_4414,2025-11-13
1001,ORD_59d89d,CUST_62d23c,One_Time,2024-12-01,PAY_8cd2,STAT_182e,2024-12-01
1002,ORD_d14709,CUST_929ad8,One_Time,2025-09-08,PAY_182e,STAT_182e,2025-09-08
1003,ORD_7a33ac,CUST_689a78,One_Time,2024-09-26,PAY_8cd2,STAT_4414,2024-09-26
1004,ORD_88b48c,CUST_1d2d3b,One_Time,2026-03-08,PAY_8cd2,STAT_182e,2026-03-08
1005,ORD_41fafb,CUST_53f042,Repeat,2026-05-09,PAY_8cd2,STAT_182e,2026-05-09
1006,ORD_cb45b9,CUST_53f042,Repeat,2026-05-09,PAY_8cd2,STAT_4414,2026-05-09
1007,ORD_a590bf,CUST_f51394,One_Time,2023-01-16,PAY_e09a,STAT_182e,2023-01-16
1008,ORD_8ef876,CUST_57a284,One_Time,2026-02-25,PAY_4414,STAT_8cd2,2026-02-25
1009,ORD_d80c48,CUST_84e5a0,One_Time,2024-07-12,PAY_182e,STAT_8cd2,2024-07-12
1010,ORD_a0e3b6,CUST_9d0a25,Repeat,2024-08-19,PAY_4414,STAT_4414,2024-08-19
1011,ORD_723496,CUST_9d0a25,Repeat,2025-11-04,PAY_4414,STAT_8cd2,2025-11-04
1012,ORD_79d3e1,CUST_9d0a25,Repeat,2023-07-28,PAY_182e,STAT_8cd2,2023-07-28
1013,ORD_1386f5,CUST_478fba,One_Time,2022-03-14,PAY_8cd2,STAT_e09a,2022-03-14
1014,ORD_53c9ca,CUST_dd8467,One_Time,2026-01-05,PAY_8cd2,STAT_8cd2,2026-01-05
1015,ORD_1d36de,CUST_2dd466,One_Time,2024-01-23,PAY_182e,STAT_4414,2024-01-23
1016,ORD_fdba13,CUST_69c548,Repeat,2024-12-03,PAY_4414,STAT_4414,2024-12-03
1017,ORD_90bab3,CUST_69c548,Repeat,2024-12-03,PAY_4414,STAT_4414,2024-12-03
1018,ORD_8a2ec1,CUST_69c548,Repeat,2024-12-03,PAY_4414,STAT_e09a,2024-12-03
1019,ORD_f14d0a,CUST_1cc497,One_Time,2025-10-01,PAY_182e,STAT_8cd2,2025-10-01
1020,ORD_15f101,CUST_26f881,Commercial,2026-01-10,PAY_e09a,STAT_182e,2026-01-10
1021,ORD_932c82,CUST_26f881,Commercial,2026-05-18,PAY_182e,STAT_e09a,2026-05-18
1022,ORD_604e46,CUST_26f881,Commercial,2024-12-14,PAY_8cd2,STAT_182e,2024-12-14
1023,ORD_1e6dbe,CUST_26f881,Commercial,2024-12-14,PAY_182e,STAT_e09a,2024-12-14
1024,ORD_7d76da,CUST_26f881,Commercial,2024-12-14,PAY_e09a,STAT_182e,2024-12-14
1025,ORD_de4150,CUST_26f881,Commercial,2025-05-01,PAY_e09a,STAT_8cd2,2025-05-01
1026,ORD_a77af2,CUST_26f881,Commercial,2026-03-01,PAY_e09a,STAT_182e,2026-03-01
1027,ORD_821b5e,CUST_26f881,Commercial,2024-12-14,PAY_e09a,STAT_e09a,2024-12-14
1028,ORD_6b2442,CUST_26f881,Commercial,2024-12-14,PAY_8cd2,STAT_8cd2,2024-12-14
1029,ORD_d58377,CUST_26f881,Commercial,2026-03-02,PAY_182e,STAT_4414,2026-03-02
1030,ORD_4ec95d,CUST_26f881,Commercial,2024-12-14,PAY_182e,STAT_182e,2024-12-14
1031,ORD_c2a336,CUST_26f881,Commercial,2024-12-14,PAY_4414,STAT_182e,2024-12-14
1032,ORD_e6c830,CUST_26f881,Commercial,2024-12-14,PAY_4414,STAT_8cd2,2024-12-14
1033,ORD_f02329,CUST_f01d5d,One_Time,2023-12-16,PAY_8cd2,STAT_e09a,2023-12-16
1034,ORD_581195,CUST_b408fe,One_Time,2023-11-22,PAY_182e,STAT_4414,2023-11-22
1035,ORD_540491,CUST_566593,One_Time,2024-08-13,PAY_182e,STAT_e09a,2024-08-13
1036,ORD_4bbb27,CUST_fe255b,One_Time,2025-10-24,PAY_182e,STAT_8cd2,2025-10-24
1037,ORD_d594bc,CUST_0afe9a,One_Time,2025-01-06,PAY_4414,STAT_182e,2025-01-06
1038,ORD_65588d,CUST_94fae6,One_Time,2025-06-07,PAY_4414,STAT_4414,2025-06-07
1039,ORD_f192d8,CUST_b7854a,Repeat,2026-03-27,PAY_182e,STAT_182e,2026-03-27
1040,ORD_0d6b23,CUST_b7854a,Repeat,2026-03-27,PAY_8cd2,STAT_8cd2,2026-03-27
1041,ORD_bea30d,CUST_82e097,One_Time,2022-08-19,PAY_182e,STAT_182e,2022-08-19
1042,ORD_8a0a97,CUST_1cfbf7,One_Time,2025-10-23,PAY_4414,STAT_182e,2025-10-23
1043,ORD_4fd621,CUST_3b8c79,One_Time,2024-02-13,PAY_4414,STAT_182e,2024-02-13
1044,ORD_5e39c8,CUST_eff5da,One_Time,2025-11-07,PAY_182e,STAT_182e,2025-11-07
1045,ORD_617197,CUST_389836,Commercial,2023-02-11,PAY_8cd2,STAT_8cd2,2023-02-11
1046,ORD_1944ba,CUST_389836,Commercial,2026-04-02,PAY_e09a,STAT_e09a,2026-04-02
1047,ORD_d22feb,CUST_389836,Commercial,2023-09-09,PAY_e09a,STAT_8cd2,2023-09-09
1048,ORD_10ce96,CUST_389836,Commercial,2022-05-28,PAY_8cd2,STAT_182e,2022-05-28
1049,ORD_7ef4ea,CUST_389836,Commercial,2022-11-10,PAY_182e,STAT_182e,2022-11-10
1050,ORD_a6e4a7,CUST_389836,Commercial,2022-08-08,PAY_8cd2,STAT_e09a,2022-08-08
1051,ORD_c9f2f2,CUST_389836,Commercial,2026-04-20,PAY_e09a,STAT_e09a,2026-04-20
1052,ORD_b24e8b,CUST_389836,Commercial,2022-05-28,PAY_8cd2,STAT_182e,2022-05-28
1053,ORD_d193e1,CUST_4aab25,One_Time,2025-12-09,PAY_8cd2,STAT_182e,2025-12-09
1054,ORD_5bf5ac,CUST_8d2beb,Repeat,2022-04-04,PAY_8cd2,STAT_e09a,2022-04-04
1055,ORD_ec34bf,CUST_8d2beb,Repeat,2025-04-08,PAY_8cd2,STAT_8cd2,2025-04-08
1056,ORD_898f6b,CUST_8d2beb,Repeat,2026-04-27,PAY_e09a,STAT_8cd2,2026-04-27
1057,ORD_14a525,CUST_f53287,Repeat,2024-07-24,PAY_4414,STAT_4414,2024-07-24
1058,ORD_f151f6,CUST_f53287,Repeat,2024-07-24,PAY_e09a,STAT_4414,2024-07-24
1059,ORD_986d89,CUST_f53287,Repeat,2024-07-24,PAY_182e,STAT_182e,2024-07-24
1060,ORD_270b01,CUST_f53287,Repeat,2024-07-24,PAY_e09a,STAT_e09a,2024-07-24
1061,ORD_d99e89,CUST_f53287,Repeat,2024-07-24,PAY_8cd2,STAT_182e,2024-07-24
1062,ORD_ff347b,CUST_f53287,Repeat,2024-07-24,PAY_4414,STAT_4414,2024-07-24
1063,ORD_664ca7,CUST_6c7113,Repeat,2025-03-21,PAY_e09a,STAT_8cd2,2025-03-21
1064,ORD_bbfd49,CUST_6c7113,Repeat,2025-03-21,PAY_4414,STAT_8cd2,2025-03-21
1065,ORD_a77b27,CUST_6c7113,Repeat,2025-03-21,PAY_182e,STAT_8cd2,2025-03-21
1066,ORD_63d22f,CUST_6c7113,Repeat,2025-05-14,PAY_4414,STAT_182e,2025-05-14
1067,ORD_d880c6,CUST_6c7113,Repeat,2025-03-21,PAY_8cd2,STAT_182e,2025-03-21
1068,ORD_e504c2,CUST_6c7113,Repeat,2025-03-21,PAY_e09a,STAT_182e,2025-03-21
1069,ORD_9274a6,CUST_9cb62b,One_Time,2021-06-03,PAY_8cd2,STAT_182e,2021-06-03
1070,ORD_852ab8,CUST_b4354f,One_Time,2023-09-27,PAY_4414,STAT_4414,2023-09-27
1071,ORD_baf456,CUST_685f0b,One_Time,2024-03-04,PAY_e09a,STAT_182e,2024-03-04
1072,ORD_2c53b0,CUST_4a6c6a,One_Time,2025-09-01,PAY_8cd2,STAT_8cd2,2025-09-01
1073,ORD_c6491a,CUST_279667,One_Time,2025-09-19,PAY_8cd2,STAT_e09a,2025-09-19
1074,ORD_484888,CUST_83c801,Repeat,2023-08-23,PAY_8cd2,STAT_4414,2023-08-23
1075,ORD_92da14,CUST_83c801,Repeat,2025-03-27,PAY_8cd2,STAT_e09a,2025-03-27
1076,ORD_14c23f,CUST_9c6d54,One_Time,2025-07-03,PAY_4414,STAT_182e,2025-07-03
1077,ORD_f62bd9,CUST_ac572a,One_Time,2024-10-04,PAY_182e,STAT_8cd2,2024-10-04
1078,ORD_eed607,CUST_212189,One_Time,2024-12-08,PAY_8cd2,STAT_182e,2024-12-08
1079,ORD_b476ab,CUST_3d80c9,Repeat,2023-07-07,PAY_4414,STAT_182e,2023-07-07
1080,ORD_94c758,CUST_3d80c9,Repeat,2026-04-24,PAY_182e,STAT_8cd2,2026-04-24
1081,ORD_1b6f14,CUST_3d80c9,Repeat,2024-03-03,PAY_4414,STAT_4414,2024-03-03
1082,ORD_9af2ee,CUST_3d80c9,Repeat,2023-07-07,PAY_182e,STAT_4414,2023-07-07
1083,ORD_31c7c2,CUST_3d80c9,Repeat,2025-07-19,PAY_e09a,STAT_4414,2025-07-19
1084,ORD_18da9c,CUST_e5f0c3,Repeat,2026-04-01,PAY_8cd2,STAT_e09a,2026-04-01
1085,ORD_7eb704,CUST_e5f0c3,Repeat,2023-09-12,PAY_4414,STAT_182e,2023-09-12
1086,ORD_72f328,CUST_e5f0c3,Repeat,2023-09-12,PAY_e09a,STAT_182e,2023-09-12
1087,ORD_348735,CUST_e5f0c3,Repeat,2023-09-12,PAY_e09a,STAT_8cd2,2023-09-12
1088,ORD_6cb928,CUST_e5f0c3,Repeat,2025-02-07,PAY_4414,STAT_4414,2025-02-07
1089,ORD_9ac0f2,CUST_e5f0c3,Repeat,2023-09-12,PAY_4414,STAT_4414,2023-09-12
1090,ORD_72faf9,CUST_c005b2,One_Time,2023-06-20,PAY_4414,STAT_4414,2023-06-20
1091,ORD_224c5e,CUST_3732fc,One_Time,2026-03-05,PAY_e09a,STAT_e09a,2026-03-05
1092,ORD_ce8364,CUST_388bbc,One_Time,2024-11-15,PAY_e09a,STAT_182e,2024-11-15
1093,ORD_83edde,CUST_755302,One_Time,2024-02-06,PAY_e09a,STAT_182e,2024-02-06
1094,ORD_326c25,CUST_59d3b4,One_Time,2024-12-09,PAY_182e,STAT_8cd2,2024-12-09
1095,ORD_70d5b0,CUST_39e74e,One_Time,2023-12-14,PAY_e09a,STAT_8cd2,2023-12-14
1096,ORD_b9d94c,CUST_5ac8ce,One_Time,2026-04-02,PAY_e09a,STAT_e09a,2026-04-02
1097,ORD_1fd2e9,CUST_56d883,One_Time,2026-01-14,PAY_4414,STAT_4414,2026-01-14
1098,ORD_15cdf5,CUST_c9f288,One_Time,2024-05-23,PAY_e09a,STAT_8cd2,2024-05-23
1099,ORD_45f9da,CUST_467138,Commercial,2023-07-14,PAY_e09a,STAT_8cd2,2023-07-14
1100,ORD_ef9582,CUST_467138,Commercial,2023-01-07,PAY_4414,STAT_182e,2023-01-07
1101,ORD_4513a9,CUST_467138,Commercial,2025-07-14,PAY_4414,STAT_e09a,2025-07-14
1102,ORD_f27ef0,CUST_467138,Commercial,2022-07-26,PAY_4414,STAT_8cd2,2022-07-26
1103,ORD_72d858,CUST_467138,Commercial,2025-04-21,PAY_4414,STAT_8cd2,2025-04-21
1104,ORD_6eb176,CUST_467138,Commercial,2025-01-11,PAY_182e,STAT_e09a,2025-01-11
1105,ORD_dafe7a,CUST_467138,Commercial,2021-08-12,PAY_e09a,STAT_e09a,2021-08-12
1106,ORD_f3e20c,CUST_467138,Commercial,2021-08-12,PAY_8cd2,STAT_8cd2,2021-08-12
1107,ORD_ae7ff4,CUST_467138,Commercial,2026-05-12,PAY_182e,STAT_4414,2026-05-12
1108,ORD_c39ed7,CUST_467138,Commercial,2024-03-06,PAY_e09a,STAT_4414,2024-03-06
1109,ORD_d81c2b,CUST_467138,Commercial,2025-05-15,PAY_4414,STAT_8cd2,2025-05-15
1110,ORD_521401,CUST_467138,Commercial,2023-06-01,PAY_e09a,STAT_e09a,2023-06-01
1111,ORD_decb65,CUST_467138,Commercial,2025-06-05,PAY_8cd2,STAT_182e,2025-06-05
1112,ORD_15fcb9,CUST_467138,Commercial,2024-04-15,PAY_4414,STAT_182e,2024-04-15
1113,ORD_dbd6d2,CUST_467138,Commercial,2023-09-13,PAY_e09a,STAT_182e,2023-09-13
1114,ORD_32c685,CUST_467138,Commercial,2025-03-06,PAY_8cd2,STAT_e09a,2025-03-06
1115,ORD_d317bf,CUST_467138,Commercial,2023-12-27,PAY_e09a,STAT_4414,2023-12-27
1116,ORD_dd1f06,CUST_d1d8be,One_Time,2026-03-13,PAY_4414,STAT_8cd2,2026-03-13
1117,ORD_e0a7e0,CUST_3f43c5,Repeat,2026-04-24,PAY_4414,STAT_e09a,2026-04-24
1118,ORD_81de6d,CUST_3f43c5,Repeat,2023-03-08,PAY_4414,STAT_e09a,2023-03-08
1119,ORD_4685a1,CUST_3f43c5,Repeat,2022-08-25,PAY_e09a,STAT_8cd2,2022-08-25
1120,ORD_149473,CUST_ec966e,One_Time,2026-04-15,PAY_182e,STAT_182e,2026-04-15
1121,ORD_5b2dae,CUST_20a31a,Repeat,2022-06-27,PAY_e09a,STAT_182e,2022-06-27
1122,ORD_452680,CUST_20a31a,Repeat,2023-02-03,PAY_4414,STAT_8cd2,2023-02-03
1123,ORD_8ae162,CUST_20a31a,Repeat,2022-06-27,PAY_e09a,STAT_4414,2022-06-27
1124,ORD_fef0f4,CUST_3f6645,One_Time,2024-11-21,PAY_8cd2,STAT_8cd2,2024-11-21
1125,ORD_e9f907,CUST_47c8cf,One_Time,2025-11-03,PAY_e09a,STAT_e09a,2025-11-03
1126,ORD_d44744,CUST_b187b5,One_Time,2026-05-11,PAY_8cd2,STAT_8cd2,2026-05-11
1127,ORD_a8840d,CUST_df9ccc,One_Time,2025-06-11,PAY_e09a,STAT_8cd2,2025-06-11
1128,ORD_72f85d,CUST_36e3a1,Repeat,2026-02-09,PAY_8cd2,STAT_8cd2,2026-02-09
1129,ORD_446ba2,CUST_36e3a1,Repeat,2026-02-09,PAY_e09a,STAT_4414,2026-02-09
1130,ORD_ffd3ad,CUST_36e3a1,Repeat,2026-02-09,PAY_4414,STAT_4414,2026-02-09
1131,ORD_2e868a,CUST_36e3a1,Repeat,2026-02-09,PAY_4414,STAT_4414,2026-02-09
1132,ORD_2b33a7,CUST_36e3a1,Repeat,2026-02-09,PAY_182e,STAT_8cd2,2026-02-09
1133,ORD_3b7989,CUST_36e3a1,Repeat,2026-02-09,PAY_8cd2,STAT_8cd2,2026-02-09
1134,ORD_e10dfc,CUST_38061b,One_Time,2024-08-12,PAY_8cd2,STAT_4414,2024-08-12
1135,ORD_ea264b,CUST_d2655a,One_Time,2025-05-16,PAY_e09a,STAT_8cd2,2025-05-16
1136,ORD_80aa9a,CUST_513bbf,One_Time,2026-03-15,PAY_182e,STAT_182e,2026-03-15
1137,ORD_ea83c1,CUST_0ce0b9,One_Time,2025-08-11,PAY_182e,STAT_e09a,2025-08-11
1138,ORD_7e3ec1,CUST_9bd630,One_Time,2026-03-23,PAY_4414,STAT_4414,2026-03-23
1139,ORD_1a8666,CUST_6e14ca,One_Time,2023-09-26,PAY_4414,STAT_8cd2,2023-09-26
1140,ORD_b82aad,CUST_e9d828,One_Time,2025-10-17,PAY_182e,STAT_4414,2025-10-17
1141,ORD_2b6c07,CUST_562c38,One_Time,2022-08-13,PAY_8cd2,STAT_182e,2022-08-13
1142,ORD_57a8e3,CUST_7db399,One_Time,2025-03-15,PAY_182e,STAT_e09a,2025-03-15
1143,ORD_e39617,CUST_a03da1,One_Time,2025-04-15,PAY_4414,STAT_8cd2,2025-04-15
1144,ORD_1226b3,CUST_26293a,One_Time,2024-11-16,PAY_8cd2,STAT_4414,2024-11-16
1145,ORD_d1a9e0,CUST_0b4964,One_Time,2023-06-17,PAY_182e,STAT_e09a,2023-06-17
1146,ORD_cf74eb,CUST_bc1deb,One_Time,2025-03-16,PAY_8cd2,STAT_8cd2,2025-03-16
1147,ORD_e33a97,CUST_6b60b9,Commercial,2025-08-02,PAY_4414,STAT_182e,2025-08-02
1148,ORD_76c85f,CUST_6b60b9,Commercial,2026-05-07,PAY_4414,STAT_8cd2,2026-05-07
1149,ORD_bce3a0,CUST_6b60b9,Commercial,2025-08-02,PAY_e09a,STAT_182e,2025-08-02
1150,ORD_d65dc0,CUST_6b60b9,Commercial,2025-08-02,PAY_8cd2,STAT_e09a,2025-08-02
1151,ORD_9ad735,CUST_6b60b9,Commercial,2025-08-02,PAY_4414,STAT_4414,2025-08-02
1152,ORD_9fb733,CUST_6b60b9,Commercial,2026-03-25,PAY_e09a,STAT_8cd2,2026-03-25
1153,ORD_83f655,CUST_6b60b9,Commercial,2025-09-13,PAY_4414,STAT_8cd2,2025-09-13
1154,ORD_559385,CUST_6b60b9,Commercial,2025-08-02,PAY_4414,STAT_e09a,2025-08-02
1155,ORD_fc24fe,CUST_6b60b9,Commercial,2025-12-03,PAY_8cd2,STAT_e09a,2025-12-03
1156,ORD_a9180c,CUST_41e858,One_Time,2024-06-05,PAY_e09a,STAT_e09a,2024-06-05
1157,ORD_f85e95,CUST_fd9a4b,Repeat,2023-03-10,PAY_e09a,STAT_8cd2,2023-03-10
1158,ORD_1c57e8,CUST_fd9a4b,Repeat,2025-08-19,PAY_4414,STAT_8cd2,2025-08-19
1159,ORD_a5bf68,CUST_bddcd4,Commercial,2022-11-23,PAY_8cd2,STAT_e09a,2022-11-23
1160,ORD_704709,CUST_bddcd4,Commercial,2025-10-17,PAY_e09a,STAT_182e,2025-10-17
1161,ORD_df547c,CUST_bddcd4,Commercial,2022-06-09,PAY_4414,STAT_8cd2,2022-06-09
1162,ORD_3aa8ad,CUST_bddcd4,Commercial,2025-10-08,PAY_182e,STAT_8cd2,2025-10-08
1163,ORD_7f71c4,CUST_bddcd4,Commercial,2023-11-08,PAY_182e,STAT_4414,2023-11-08
1164,ORD_0cc5b8,CUST_bddcd4,Commercial,2024-09-05,PAY_8cd2,STAT_182e,2024-09-05
1165,ORD_bfbddd,CUST_bddcd4,Commercial,2022-06-09,PAY_182e,STAT_e09a,2022-06-09
1166,ORD_ddf0c4,CUST_bddcd4,Commercial,2026-01-12,PAY_4414,STAT_4414,2026-01-12
1167,ORD_7e85db,CUST_bddcd4,Commercial,2025-06-20,PAY_4414,STAT_182e,2025-06-20
1168,ORD_788019,CUST_bddcd4,Commercial,2022-06-09,PAY_e09a,STAT_e09a,2022-06-09
1169,ORD_78904d,CUST_bddcd4,Commercial,2024-09-28,PAY_8cd2,STAT_e09a,2024-09-28
1170,ORD_3557b2,CUST_bddcd4,Commercial,2025-10-15,PAY_4414,STAT_4414,2025-10-15
1171,ORD_f3525b,CUST_bddcd4,Commercial,2025-02-18,PAY_4414,STAT_8cd2,2025-02-18
1172,ORD_092877,CUST_bddcd4,Commercial,2024-06-20,PAY_182e,STAT_e09a,2024-06-20
1173,ORD_62ed5c,CUST_4fa971,One_Time,2026-02-19,PAY_182e,STAT_e09a,2026-02-19
1174,ORD_281cf0,CUST_a536ba,One_Time,2021-07-06,PAY_8cd2,STAT_182e,2021-07-06
1175,ORD_566cad,CUST_e10500,One_Time,2025-07-02,PAY_4414,STAT_4414,2025-07-02
1176,ORD_820849,CUST_cf9528,One_Time,2023-07-05,PAY_8cd2,STAT_182e,2023-07-05
1177,ORD_9a71f6,CUST_f5918b,One_Time,2024-01-05,PAY_182e,STAT_4414,2024-01-05
1178,ORD_ed2d3b,CUST_26d019,One_Time,2023-06-13,PAY_e09a,STAT_8cd2,2023-06-13
1179,ORD_b29cf2,CUST_da15d8,Repeat,2024-01-07,PAY_182e,STAT_182e,2024-01-07
1180,ORD_112635,CUST_da15d8,Repeat,2025-10-27,PAY_4414,STAT_4414,2025-10-27
1181,ORD_121feb,CUST_da15d8,Repeat,2022-06-02,PAY_4414,STAT_8cd2,2022-06-02
1182,ORD_56f017,CUST_da15d8,Repeat,2025-03-04,PAY_182e,STAT_4414,2025-03-04
1183,ORD_bf3c94,CUST_da15d8,Repeat,2024-09-28,PAY_e09a,STAT_4414,2024-09-28
1184,ORD_96dd34,CUST_da15d8,Repeat,2025-09-12,PAY_182e,STAT_182e,2025-09-12
1185,ORD_0a1060,CUST_088ed8,One_Time,2026-04-04,PAY_e09a,STAT_8cd2,2026-04-04
1186,ORD_ed5fdc,CUST_97f2fb,One_Time,2026-05-18,PAY_4414,STAT_8cd2,2026-05-18
1187,ORD_af9fa4,CUST_089212,Repeat,2022-11-07,PAY_4414,STAT_e09a,2022-11-07
1188,ORD_3ef5da,CUST_089212,Repeat,2022-06-11,PAY_8cd2,STAT_182e,2022-06-11
1189,ORD_6cd729,CUST_f2c17f,Repeat,2024-05-13,PAY_4414,STAT_8cd2,2024-05-13
1190,ORD_d36596,CUST_f2c17f,Repeat,2025-10-14,PAY_e09a,STAT_4414,2025-10-14
1191,ORD_abb118,CUST_f2c17f,Repeat,2024-05-13,PAY_182e,STAT_e09a,2024-05-13
1192,ORD_7b5a2d,CUST_f2c17f,Repeat,2024-05-13,PAY_e09a,STAT_e09a,2024-05-13
1193,ORD_dd52d3,CUST_f2c17f,Repeat,2024-12-22,PAY_8cd2,STAT_182e,2024-12-22
1194,ORD_64d3a5,CUST_f2c17f,Repeat,2024-05-13,PAY_e09a,STAT_8cd2,2024-05-13
1195,ORD_8cd041,CUST_a9c36a,Repeat,2026-01-25,PAY_182e,STAT_4414,2026-01-25
1196,ORD_25962e,CUST_a9c36a,Repeat,2026-01-25,PAY_8cd2,STAT_182e,2026-01-25
1197,ORD_2f421f,CUST_13ad5e,One_Time,2023-05-05,PAY_182e,STAT_e09a,2023-05-05
1198,ORD_b27172,CUST_775986,One_Time,2024-05-27,PAY_8cd2,STAT_182e,2024-05-27
1199,ORD_c02e4f,CUST_399360,One_Time,2024-05-16,PAY_4414,STAT_8cd2,2024-05-16
1200,ORD_4ecc9b,CUST_61d8ef,One_Time,2023-12-15,PAY_8cd2,STAT_e09a,2023-12-15
1201,ORD_48032a,CUST_b2c7c9,Repeat,2025-06-26,PAY_e09a,STAT_182e,2025-06-26
1202,ORD_9ab913,CUST_b2c7c9,Repeat,2025-06-26,PAY_e09a,STAT_e09a,2025-06-26
1203,ORD_f3b90a,CUST_8d53b3,One_Time,2024-06-02,PAY_4414,STAT_e09a,2024-06-02
1204,ORD_e2f46f,CUST_ce905b,Repeat,2024-02-21,PAY_182e,STAT_4414,2024-02-21
1205,ORD_deda7f,CUST_ce905b,Repeat,2023-07-27,PAY_182e,STAT_4414,2023-07-27
1206,ORD_5fc471,CUST_c28873,Repeat,2026-03-20,PAY_182e,STAT_182e,2026-03-20
1207,ORD_d03a9d,CUST_c28873,Repeat,2026-03-20,PAY_182e,STAT_4414,2026-03-20
1208,ORD_2d933a,CUST_c28873,Repeat,2026-05-10,PAY_4414,STAT_4414,2026-05-10
1209,ORD_ff1301,CUST_6d722e,One_Time,2026-01-17,PAY_e09a,STAT_e09a,2026-01-17
1210,ORD_280af7,CUST_abd406,One_Time,2025-03-14,PAY_4414,STAT_e09a,2025-03-14
1211,ORD_551801,CUST_2d4596,One_Time,2024-06-07,PAY_e09a,STAT_e09a,2024-06-07
1212,ORD_9117fa,CUST_4177de,One_Time,2024-12-11,PAY_8cd2,STAT_182e,2024-12-11
1213,ORD_972a90,CUST_a71d99,One_Time,2024-07-07,PAY_182e,STAT_8cd2,2024-07-07
1214,ORD_2a0af8,CUST_73f45f,Repeat,2025-05-02,PAY_8cd2,STAT_8cd2,2025-05-02
1215,ORD_314097,CUST_73f45f,Repeat,2024-01-25,PAY_4414,STAT_e09a,2024-01-25
1216,ORD_c4c15c,CUST_73f45f,Repeat,2025-01-16,PAY_8cd2,STAT_e09a,2025-01-16
1217,ORD_a2501b,CUST_73f45f,Repeat,2025-01-13,PAY_4414,STAT_e09a,2025-01-13
1218,ORD_384a71,CUST_73f45f,Repeat,2023-08-15,PAY_4414,STAT_8cd2,2023-08-15
1219,ORD_54afc4,CUST_b06b82,One_Time,2024-04-03,PAY_e09a,STAT_e09a,2024-04-03
1220,ORD_4576aa,CUST_2161d9,One_Time,2026-05-16,PAY_8cd2,STAT_182e,2026-05-16
1221,ORD_c0c046,CUST_38c392,One_Time,2026-02-09,PAY_182e,STAT_e09a,2026-02-09
1222,ORD_e881bf,CUST_c43cb2,One_Time,2024-03-16,PAY_4414,STAT_4414,2024-03-16
1223,ORD_0272a5,CUST_a0ff5e,One_Time,2023-02-14,PAY_8cd2,STAT_182e,2023-02-14
1224,ORD_3e68a8,CUST_c0a433,Repeat,2024-09-16,PAY_e09a,STAT_4414,2024-09-16
1225,ORD_bf6953,CUST_c0a433,Repeat,2026-03-12,PAY_8cd2,STAT_8cd2,2026-03-12
1226,ORD_cad902,CUST_b04edb,One_Time,2024-01-02,PAY_4414,STAT_e09a,2024-01-02
1227,ORD_a54632,CUST_29cda1,One_Time,2025-05-18,PAY_4414,STAT_182e,2025-05-18
1228,ORD_9c17e4,CUST_c83d1b,One_Time,2023-01-24,PAY_8cd2,STAT_e09a,2023-01-24
1229,ORD_3fbfb5,CUST_766ae0,One_Time,2023-03-05,PAY_e09a,STAT_4414,2023-03-05
1230,ORD_e71646,CUST_fb267b,One_Time,2024-03-25,PAY_4414,STAT_e09a,2024-03-25
1231,ORD_96ff7c,CUST_c447d1,One_Time,2026-05-18,PAY_8cd2,STAT_182e,2026-05-18
1232,ORD_e8a361,CUST_b7fb65,One_Time,2025-04-25,PAY_8cd2,STAT_182e,2025-04-25
1233,ORD_5923bd,CUST_43a34e,One_Time,2026-03-22,PAY_4414,STAT_4414,2026-03-22
1234,ORD_de1f01,CUST_18ddd7,One_Time,2025-07-13,PAY_182e,STAT_4414,2025-07-13
1235,ORD_93f352,CUST_3d1c71,One_Time,2025-12-18,PAY_e09a,STAT_4414,2025-12-18
1236,ORD_fa0cc0,CUST_675339,One_Time,2024-01-28,PAY_e09a,STAT_8cd2,2024-01-28
1237,ORD_76c0d8,CUST_aebd84,One_Time,2024-04-20,PAY_8cd2,STAT_e09a,2024-04-20
1238,ORD_e4287f,CUST_16a6cf,Repeat,2022-06-11,PAY_e09a,STAT_e09a,2022-06-11
1239,ORD_76ac7d,CUST_16a6cf,Repeat,2023-04-27,PAY_4414,STAT_182e,2023-04-27
1240,ORD_14f50f,CUST_16a6cf,Repeat,2022-04-08,PAY_8cd2,STAT_182e,2022-04-08
1241,ORD_b563ae,CUST_1a4aad,Commercial,2025-03-01,PAY_e09a,STAT_4414,2025-03-01
1242,ORD_98392e,CUST_1a4aad,Commercial,2025-03-01,PAY_8cd2,STAT_182e,2025-03-01
1243,ORD_0b0880,CUST_1a4aad,Commercial,2025-03-01,PAY_8cd2,STAT_8cd2,2025-03-01
1244,ORD_ee8d05,CUST_1a4aad,Commercial,2026-03-19,PAY_4414,STAT_182e,2026-03-19
1245,ORD_8ee1b7,CUST_1a4aad,Commercial,2025-03-01,PAY_e09a,STAT_8cd2,2025-03-01
1246,ORD_6f1bcb,CUST_1a4aad,Commercial,2025-03-01,PAY_8cd2,STAT_8cd2,2025-03-01
1247,ORD_b62e79,CUST_1a4aad,Commercial,2025-03-01,PAY_8cd2,STAT_e09a,2025-03-01
1248,ORD_39cf80,CUST_1a4aad,Commercial,2025-03-01,PAY_8cd2,STAT_e09a,2025-03-01
1249,ORD_418ab4,CUST_d3db89,One_Time,2024-10-01,PAY_8cd2,STAT_e09a,2024-10-01
1250,ORD_8755a1,CUST_6b3fb8,Repeat,2025-04-11,PAY_182e,STAT_182e,2025-04-11
1251,ORD_c53c2d,CUST_6b3fb8,Repeat,2025-04-20,PAY_8cd2,STAT_8cd2,2025-04-20
1252,ORD_3b5d51,CUST_6b3fb8,Repeat,2024-09-26,PAY_182e,STAT_e09a,2024-09-26
1253,ORD_8d87d9,CUST_6b3fb8,Repeat,2024-09-26,PAY_4414,STAT_8cd2,2024-09-26
1254,ORD_31767a,CUST_4746c3,Repeat,2024-10-21,PAY_182e,STAT_182e,2024-10-21
1255,ORD_ea0170,CUST_4746c3,Repeat,2025-01-15,PAY_182e,STAT_8cd2,2025-01-15
1256,ORD_d74fdb,CUST_4746c3,Repeat,2023-07-26,PAY_8cd2,STAT_182e,2023-07-26
1257,ORD_5b51fb,CUST_6ffa95,Repeat,2026-02-08,PAY_182e,STAT_e09a,2026-02-08
1258,ORD_f73fda,CUST_6ffa95,Repeat,2024-07-28,PAY_4414,STAT_182e,2024-07-28
1259,ORD_c7eccf,CUST_6ffa95,Repeat,2024-07-28,PAY_4414,STAT_e09a,2024-07-28
1260,ORD_f556e5,CUST_6ffa95,Repeat,2024-07-28,PAY_8cd2,STAT_4414,2024-07-28
1261,ORD_1e9734,CUST_6ffa95,Repeat,2026-01-26,PAY_182e,STAT_8cd2,2026-01-26
1262,ORD_14b408,CUST_ea65bc,Repeat,2022-06-12,PAY_182e,STAT_182e,2022-06-12
1263,ORD_3e7149,CUST_ea65bc,Repeat,2025-10-04,PAY_182e,STAT_4414,2025-10-04
1264,ORD_1617ba,CUST_ea65bc,Repeat,2026-02-03,PAY_182e,STAT_4414,2026-02-03
1265,ORD_81701b,CUST_6e06c2,One_Time,2026-02-16,PAY_e09a,STAT_4414,2026-02-16
1266,ORD_e3b431,CUST_70f9b5,One_Time,2026-05-03,PAY_8cd2,STAT_e09a,2026-05-03
1267,ORD_c4daf8,CUST_7a3e2a,One_Time,2023-12-11,PAY_e09a,STAT_e09a,2023-12-11
1268,ORD_0c3eff,CUST_48429b,Repeat,2024-10-09,PAY_e09a,STAT_8cd2,2024-10-09
1269,ORD_fcdfb4,CUST_48429b,Repeat,2025-08-03,PAY_182e,STAT_e09a,2025-08-03
1270,ORD_0bdacf,CUST_1b85a1,Repeat,2025-11-14,PAY_8cd2,STAT_8cd2,2025-11-14
1271,ORD_915797,CUST_1b85a1,Repeat,2025-11-14,PAY_e09a,STAT_182e,2025-11-14
1272,ORD_203f27,CUST_1b85a1,Repeat,2025-11-14,PAY_e09a,STAT_4414,2025-11-14
1273,ORD_b6ee26,CUST_1b85a1,Repeat,2025-11-14,PAY_4414,STAT_8cd2,2025-11-14
1274,ORD_d00c58,CUST_1b85a1,Repeat,2025-11-14,PAY_4414,STAT_182e,2025-11-14
1275,ORD_1ef8fb,CUST_99aee7,One_Time,2023-09-27,PAY_182e,STAT_e09a,2023-09-27
1276,ORD_84b6f4,CUST_e070c0,Repeat,2026-02-17,PAY_e09a,STAT_8cd2,2026-02-17
1277,ORD_764997,CUST_e070c0,Repeat,2026-02-17,PAY_8cd2,STAT_182e,2026-02-17
1278,ORD_83d5fe,CUST_e8459c,One_Time,2024-06-23,PAY_4414,STAT_182e,2024-06-23
1279,ORD_56fa49,CUST_9bbf8b,One_Time,2021-04-16,PAY_4414,STAT_182e,2021-04-16
1280,ORD_20a043,CUST_4cbe52,One_Time,2024-03-22,PAY_4414,STAT_e09a,2024-03-22
1281,ORD_ce41e5,CUST_e3bbf0,One_Time,2026-02-21,PAY_8cd2,STAT_4414,2026-02-21
1282,ORD_39b510,CUST_11ffd9,One_Time,2025-10-11,PAY_4414,STAT_182e,2025-10-11
1283,ORD_83978d,CUST_ae0d5c,One_Time,2026-01-24,PAY_4414,STAT_8cd2,2026-01-24
1284,ORD_444719,CUST_521b9d,One_Time,2025-08-01,PAY_e09a,STAT_e09a,2025-08-01
1285,ORD_269025,CUST_1f7a96,One_Time,2024-08-10,PAY_182e,STAT_4414,2024-08-10
1286,ORD_51dd6b,CUST_6a5fc4,One_Time,2022-09-13,PAY_8cd2,STAT_e09a,2022-09-13
1287,ORD_6e1fe9,CUST_d08419,One_Time,2024-07-20,PAY_8cd2,STAT_e09a,2024-07-20
1288,ORD_db2a2a,CUST_cb2561,One_Time,2025-12-15,PAY_4414,STAT_e09a,2025-12-15
1289,ORD_26c2b1,CUST_775afe,Commercial,2026-05-24,PAY_4414,STAT_182e,2026-05-24
1290,ORD_37a756,CUST_775afe,Commercial,2026-05-24,PAY_182e,STAT_4414,2026-05-24
1291,ORD_caea6e,CUST_775afe,Commercial,2026-05-24,PAY_e09a,STAT_182e,2026-05-24
1292,ORD_2500e8,CUST_775afe,Commercial,2026-05-24,PAY_4414,STAT_182e,2026-05-24
1293,ORD_f0b215,CUST_775afe,Commercial,2026-05-24,PAY_e09a,STAT_8cd2,2026-05-24
1294,ORD_c2811d,CUST_775afe,Commercial,2026-05-24,PAY_8cd2,STAT_8cd2,2026-05-24
1295,ORD_104cb4,CUST_775afe,Commercial,2026-05-24,PAY_182e,STAT_182e,2026-05-24
1296,ORD_937974,CUST_775afe,Commercial,2026-05-24,PAY_4414,STAT_8cd2,2026-05-24
1297,ORD_87d415,CUST_775afe,Commercial,2026-05-24,PAY_8cd2,STAT_4414,2026-05-24
1298,ORD_6ecbe6,CUST_775afe,Commercial,2026-05-24,PAY_8cd2,STAT_8cd2,2026-05-24
1299,ORD_a14c8f,CUST_775afe,Commercial,2026-05-24,PAY_8cd2,STAT_4414,2026-05-24
1300,ORD_1dafc8,CUST_775afe,Commercial,2026-05-24,PAY_182e,STAT_4414,2026-05-24
1301,ORD_6b2bda,CUST_775afe,Commercial,2026-05-24,PAY_4414,STAT_4414,2026-05-24
1302,ORD_d31bd2,CUST_775afe,Commercial,2026-05-24,PAY_182e,STAT_e09a,2026-05-24
1303,ORD_b82b60,CUST_775afe,Commercial,2026-05-24,PAY_e09a,STAT_182e,2026-05-24
1304,ORD_e5fe0d,CUST_775afe,Commercial,2026-05-24,PAY_8cd2,STAT_182e,2026-05-24
1305,ORD_6e153b,CUST_775afe,Commercial,2026-05-24,PAY_182e,STAT_4414,2026-05-24
1306,ORD_35b5f5,CUST_2fab03,One_Time,2025-01-02,PAY_4414,STAT_4414,2025-01-02
1307,ORD_46636a,CUST_6d7d02,One_Time,2025-03-28,PAY_182e,STAT_e09a,2025-03-28
1308,ORD_8acaab,CUST_52d88a,One_Time,2026-03-12,PAY_e09a,STAT_8cd2,2026-03-12
1309,ORD_9aa75d,CUST_839801,Repeat,2024-10-07,PAY_8cd2,STAT_4414,2024-10-07
1310,ORD_c85c3c,CUST_839801,Repeat,2024-10-07,PAY_4414,STAT_e09a,2024-10-07
1311,ORD_8f96c9,CUST_839801,Repeat,2024-10-07,PAY_4414,STAT_e09a,2024-10-07
1312,ORD_69bddd,CUST_d4244d,One_Time,2024-11-24,PAY_e09a,STAT_e09a,2024-11-24
1313,ORD_f84258,CUST_429cf0,One_Time,2025-02-09,PAY_8cd2,STAT_e09a,2025-02-09
1314,ORD_dd200f,CUST_73511d,One_Time,2023-03-08,PAY_182e,STAT_8cd2,2023-03-08
1315,ORD_b7ecbd,CUST_d73c16,One_Time,2025-03-09,PAY_8cd2,STAT_182e,2025-03-09
1316,ORD_9d5057,CUST_067207,Commercial,2022-09-21,PAY_8cd2,STAT_182e,2022-09-21
1317,ORD_604acf,CUST_067207,Commercial,2025-09-13,PAY_182e,STAT_8cd2,2025-09-13
1318,ORD_03af88,CUST_067207,Commercial,2024-09-11,PAY_4414,STAT_4414,2024-09-11
1319,ORD_b53e47,CUST_067207,Commercial,2023-02-01,PAY_8cd2,STAT_e09a,2023-02-01
1320,ORD_8ff1dd,CUST_067207,Commercial,2022-10-08,PAY_4414,STAT_4414,2022-10-08
1321,ORD_4f7f05,CUST_067207,Commercial,2024-01-12,PAY_8cd2,STAT_8cd2,2024-01-12
1322,ORD_2f4c8f,CUST_067207,Commercial,2023-02-01,PAY_4414,STAT_e09a,2023-02-01
1323,ORD_4d3d26,CUST_067207,Commercial,2026-03-11,PAY_182e,STAT_4414,2026-03-11
1324,ORD_9a64da,CUST_067207,Commercial,2023-12-17,PAY_182e,STAT_182e,2023-12-17
1325,ORD_5f2b41,CUST_067207,Commercial,2025-04-19,PAY_e09a,STAT_e09a,2025-04-19
1326,ORD_dc580f,CUST_067207,Commercial,2023-04-18,PAY_182e,STAT_e09a,2023-04-18
1327,ORD_10bf97,CUST_067207,Commercial,2023-01-24,PAY_182e,STAT_4414,2023-01-24
1328,ORD_9f886f,CUST_067207,Commercial,2022-09-13,PAY_182e,STAT_182e,2022-09-13
1329,ORD_b8fb40,CUST_067207,Commercial,2024-09-16,PAY_4414,STAT_e09a,2024-09-16
1330,ORD_8cf5a9,CUST_067207,Commercial,2024-09-09,PAY_4414,STAT_8cd2,2024-09-09
1331,ORD_04c73d,CUST_067207,Commercial,2023-01-22,PAY_8cd2,STAT_8cd2,2023-01-22
1332,ORD_798939,CUST_067207,Commercial,2023-08-02,PAY_4414,STAT_4414,2023-08-02
1333,ORD_a66399,CUST_86ab44,One_Time,2024-01-04,PAY_8cd2,STAT_8cd2,2024-01-04
1334,ORD_f7b71b,CUST_7f4a6c,One_Time,2023-06-27,PAY_182e,STAT_4414,2023-06-27
1335,ORD_87e728,CUST_265a43,Repeat,2025-12-23,PAY_182e,STAT_4414,2025-12-23
1336,ORD_6948c7,CUST_265a43,Repeat,2024-02-11,PAY_8cd2,STAT_182e,2024-02-11
1337,ORD_71030f,CUST_e30fe4,One_Time,2026-03-09,PAY_4414,STAT_4414,2026-03-09
1338,ORD_64926e,CUST_fd9648,One_Time,2026-01-04,PAY_4414,STAT_4414,2026-01-04
1339,ORD_616f38,CUST_bc0161,Commercial,2024-05-05,PAY_4414,STAT_4414,2024-05-05
1340,ORD_db2f00,CUST_bc0161,Commercial,2026-02-19,PAY_4414,STAT_e09a,2026-02-19
1341,ORD_f6d8c7,CUST_bc0161,Commercial,2025-01-16,PAY_4414,STAT_8cd2,2025-01-16
1342,ORD_3b48c0,CUST_bc0161,Commercial,2024-05-05,PAY_4414,STAT_182e,2024-05-05
1343,ORD_c0cd2b,CUST_bc0161,Commercial,2024-05-05,PAY_4414,STAT_e09a,2024-05-05
1344,ORD_4d32a8,CUST_bc0161,Commercial,2024-05-05,PAY_182e,STAT_182e,2024-05-05
1345,ORD_697ea6,CUST_bc0161,Commercial,2024-12-12,PAY_182e,STAT_182e,2024-12-12
1346,ORD_acc894,CUST_bc0161,Commercial,2025-08-12,PAY_e09a,STAT_182e,2025-08-12
1347,ORD_056687,CUST_bc0161,Commercial,2024-05-05,PAY_4414,STAT_4414,2024-05-05
1348,ORD_890dc8,CUST_bc0161,Commercial,2024-11-09,PAY_4414,STAT_e09a,2024-11-09
1349,ORD_d36464,CUST_bc0161,Commercial,2024-05-05,PAY_182e,STAT_4414,2024-05-05
1350,ORD_cc0612,CUST_bc0161,Commercial,2024-05-05,PAY_e09a,STAT_182e,2024-05-05
1351,ORD_75c2a4,CUST_bc0161,Commercial,2024-05-21,PAY_4414,STAT_4414,2024-05-21
1352,ORD_120b79,CUST_bc0161,Commercial,2025-01-21,PAY_182e,STAT_e09a,2025-01-21
1353,ORD_a04404,CUST_bc0161,Commercial,2024-05-05,PAY_4414,STAT_4414,2024-05-05
1354,ORD_05da07,CUST_979137,One_Time,2026-01-14,PAY_182e,STAT_8cd2,2026-01-14
1355,ORD_35fde7,CUST_6fa29d,One_Time,2026-04-10,PAY_182e,STAT_8cd2,2026-04-10
1356,ORD_8657be,CUST_e3dd54,One_Time,2026-03-18,PAY_8cd2,STAT_182e,2026-03-18
1357,ORD_4d8800,CUST_91620a,One_Time,2023-12-21,PAY_182e,STAT_e09a,2023-12-21
1358,ORD_a97ed9,CUST_4c6170,One_Time,2025-05-24,PAY_4414,STAT_182e,2025-05-24
1359,ORD_3c7dd8,CUST_7a4215,One_Time,2022-05-03,PAY_4414,STAT_e09a,2022-05-03
1360,ORD_69335e,CUST_71f9ed,One_Time,2025-10-10,PAY_8cd2,STAT_182e,2025-10-10
1361,ORD_d077c2,CUST_034424,One_Time,2025-02-26,PAY_8cd2,STAT_4414,2025-02-26
1362,ORD_1f12b3,CUST_707a3a,One_Time,2023-09-24,PAY_e09a,STAT_8cd2,2023-09-24
1363,ORD_eb149c,CUST_0d3ec3,One_Time,2024-04-14,PAY_4414,STAT_4414,2024-04-14
1364,ORD_8159f4,CUST_320529,Repeat,2024-07-27,PAY_e09a,STAT_8cd2,2024-07-27
1365,ORD_9e1a9c,CUST_320529,Repeat,2024-07-27,PAY_4414,STAT_8cd2,2024-07-27
1366,ORD_80056c,CUST_320529,Repeat,2024-07-27,PAY_182e,STAT_e09a,2024-07-27
1367,ORD_1fa404,CUST_76c30c,One_Time,2025-06-14,PAY_182e,STAT_8cd2,2025-06-14
1368,ORD_d2297d,CUST_e61f65,One_Time,2022-02-14,PAY_8cd2,STAT_e09a,2022-02-14
1369,ORD_d02ed8,CUST_556318,Repeat,2026-04-01,PAY_182e,STAT_182e,2026-04-01
1370,ORD_edad1a,CUST_556318,Repeat,2023-09-21,PAY_182e,STAT_e09a,2023-09-21
1371,ORD_64ccb8,CUST_9ac99d,One_Time,2026-01-25,PAY_8cd2,STAT_e09a,2026-01-25
1372,ORD_c12396,CUST_0443d0,One_Time,2025-07-17,PAY_4414,STAT_e09a,2025-07-17
1373,ORD_826d2e,CUST_c477e3,One_Time,2023-06-25,PAY_e09a,STAT_4414,2023-06-25
1374,ORD_726f38,CUST_db9026,One_Time,2024-03-13,PAY_4414,STAT_182e,2024-03-13
1375,ORD_ad2460,CUST_f16577,One_Time,2024-04-25,PAY_e09a,STAT_e09a,2024-04-25
1376,ORD_a2ca8c,CUST_ce8e7e,Repeat,2025-11-16,PAY_e09a,STAT_8cd2,2025-11-16
1377,ORD_842edb,CUST_ce8e7e,Repeat,2026-01-03,PAY_4414,STAT_8cd2,2026-01-03
1378,ORD_5de461,CUST_ce8e7e,Repeat,2025-11-16,PAY_8cd2,STAT_4414,2025-11-16
1379,ORD_9a87f9,CUST_ce8e7e,Repeat,2025-11-16,PAY_e09a,STAT_8cd2,2025-11-16
1380,ORD_e4cb96,CUST_ce8e7e,Repeat,2026-04-19,PAY_182e,STAT_182e,2026-04-19
1381,ORD_afb420,CUST_a14b18,One_Time,2024-07-09,PAY_4414,STAT_182e,2024-07-09
1382,ORD_99f414,CUST_ca4c95,Repeat,2026-03-14,PAY_8cd2,STAT_e09a,2026-03-14
1383,ORD_e7a4bd,CUST_ca4c95,Repeat,2025-01-18,PAY_8cd2,STAT_e09a,2025-01-18
1384,ORD_a890a1,CUST_ca4c95,Repeat,2024-11-14,PAY_e09a,STAT_8cd2,2024-11-14
1385,ORD_a76a70,CUST_3b7ef9,One_Time,2025-05-25,PAY_8cd2,STAT_4414,2025-05-25
1386,ORD_a0f359,CUST_58a436,One_Time,2025-06-28,PAY_4414,STAT_182e,2025-06-28
1387,ORD_8c1749,CUST_739d06,Commercial,2025-12-23,PAY_4414,STAT_e09a,2025-12-23
1388,ORD_59325b,CUST_739d06,Commercial,2025-12-23,PAY_182e,STAT_4414,2025-12-23
1389,ORD_1d4a43,CUST_739d06,Commercial,2026-02-09,PAY_e09a,STAT_8cd2,2026-02-09
1390,ORD_106ae8,CUST_739d06,Commercial,2025-12-23,PAY_8cd2,STAT_182e,2025-12-23
1391,ORD_1c7850,CUST_739d06,Commercial,2025-12-23,PAY_4414,STAT_e09a,2025-12-23
1392,ORD_b75c74,CUST_739d06,Commercial,2025-12-23,PAY_e09a,STAT_e09a,2025-12-23
1393,ORD_0e7021,CUST_739d06,Commercial,2025-12-23,PAY_182e,STAT_e09a,2025-12-23
1394,ORD_be54f1,CUST_739d06,Commercial,2026-03-03,PAY_4414,STAT_182e,2026-03-03
1395,ORD_62c8eb,CUST_739d06,Commercial,2025-12-23,PAY_8cd2,STAT_4414,2025-12-23
1396,ORD_86d3ce,CUST_739d06,Commercial,2025-12-23,PAY_182e,STAT_8cd2,2025-12-23
1397,ORD_09d396,CUST_cd5963,One_Time,2026-01-01,PAY_4414,STAT_182e,2026-01-01
1398,ORD_329d12,CUST_edb098,One_Time,2025-02-22,PAY_182e,STAT_182e,2025-02-22
1399,ORD_0e45d3,CUST_c617d5,Repeat,2025-01-08,PAY_e09a,STAT_4414,2025-01-08
1400,ORD_8a8220,CUST_c617d5,Repeat,2024-10-04,PAY_4414,STAT_8cd2,2024-10-04
1401,ORD_ae1e21,CUST_c617d5,Repeat,2025-05-15,PAY_8cd2,STAT_4414,2025-05-15
1402,ORD_0e5e18,CUST_28b618,Commercial,2026-03-12,PAY_8cd2,STAT_4414,2026-03-12
1403,ORD_c03bd1,CUST_28b618,Commercial,2025-10-19,PAY_4414,STAT_182e,2025-10-19
1404,ORD_bf0d69,CUST_28b618,Commercial,2025-10-19,PAY_182e,STAT_e09a,2025-10-19
1405,ORD_ec4d45,CUST_28b618,Commercial,2025-10-19,PAY_4414,STAT_4414,2025-10-19
1406,ORD_cea78d,CUST_28b618,Commercial,2025-10-19,PAY_8cd2,STAT_4414,2025-10-19
1407,ORD_0d55fd,CUST_28b618,Commercial,2026-01-02,PAY_4414,STAT_8cd2,2026-01-02
1408,ORD_70c8df,CUST_28b618,Commercial,2025-10-19,PAY_8cd2,STAT_e09a,2025-10-19
1409,ORD_b12134,CUST_28b618,Commercial,2025-10-19,PAY_e09a,STAT_182e,2025-10-19
1410,ORD_d7f2d7,CUST_28b618,Commercial,2025-10-19,PAY_4414,STAT_e09a,2025-10-19
1411,ORD_47282d,CUST_28b618,Commercial,2025-10-19,PAY_182e,STAT_182e,2025-10-19
1412,ORD_108974,CUST_28b618,Commercial,2025-10-19,PAY_182e,STAT_4414,2025-10-19
1413,ORD_a52211,CUST_28b618,Commercial,2025-10-19,PAY_4414,STAT_182e,2025-10-19
1414,ORD_cb27a6,CUST_28b618,Commercial,2026-04-25,PAY_4414,STAT_e09a,2026-04-25
1415,ORD_1a71d4,CUST_28b618,Commercial,2025-10-19,PAY_e09a,STAT_182e,2025-10-19
1416,ORD_467e5a,CUST_28b618,Commercial,2025-10-19,PAY_8cd2,STAT_8cd2,2025-10-19
1417,ORD_37f68b,CUST_28b618,Commercial,2025-10-19,PAY_e09a,STAT_e09a,2025-10-19
1418,ORD_2b5332,CUST_28b618,Commercial,2025-10-19,PAY_e09a,STAT_182e,2025-10-19
1419,ORD_a46d60,CUST_28b618,Commercial,2025-10-19,PAY_8cd2,STAT_182e,2025-10-19
1420,ORD_3bd62a,CUST_28b618,Commercial,2025-10-19,PAY_4414,STAT_182e,2025-10-19
1421,ORD_054d1b,CUST_3bd003,Repeat,2026-05-22,PAY_182e,STAT_4414,2026-05-22
1422,ORD_d3a210,CUST_3bd003,Repeat,2026-05-22,PAY_4414,STAT_4414,2026-05-22
1423,ORD_92453d,CUST_3bd003,Repeat,2026-05-22,PAY_182e,STAT_4414,2026-05-22
1424,ORD_65c438,CUST_0fac1d,One_Time,2024-09-25,PAY_4414,STAT_182e,2024-09-25
1425,ORD_7ea798,CUST_18d9be,One_Time,2026-05-09,PAY_4414,STAT_4414,2026-05-09
1426,ORD_b83103,CUST_c4de07,One_Time,2026-02-17,PAY_e09a,STAT_4414,2026-02-17
1427,ORD_047380,CUST_193ad5,One_Time,2024-08-08,PAY_8cd2,STAT_8cd2,2024-08-08
1428,ORD_849f55,CUST_1ba7aa,One_Time,2024-12-18,PAY_182e,STAT_e09a,2024-12-18
1429,ORD_4407e0,CUST_6258a1,One_Time,2024-12-23,PAY_4414,STAT_8cd2,2024-12-23
1430,ORD_e90883,CUST_fedb66,One_Time,2025-09-19,PAY_e09a,STAT_e09a,2025-09-19
1431,ORD_6f9276,CUST_d91700,Repeat,2024-05-25,PAY_182e,STAT_e09a,2024-05-25
1432,ORD_6ae97c,CUST_d91700,Repeat,2024-02-05,PAY_8cd2,STAT_182e,2024-02-05
1433,ORD_78d497,CUST_d91700,Repeat,2024-02-05,PAY_8cd2,STAT_8cd2,2024-02-05
1434,ORD_d5b664,CUST_d91700,Repeat,2024-02-05,PAY_e09a,STAT_182e,2024-02-05
1435,ORD_01031c,CUST_d91700,Repeat,2024-08-08,PAY_e09a,STAT_4414,2024-08-08
1436,ORD_1d6988,CUST_d91700,Repeat,2024-02-05,PAY_e09a,STAT_182e,2024-02-05
1437,ORD_7d9e9b,CUST_fb20b7,One_Time,2025-10-04,PAY_182e,STAT_4414,2025-10-04
1438,ORD_934eab,CUST_c07465,Repeat,2024-01-07,PAY_8cd2,STAT_8cd2,2024-01-07
1439,ORD_2b3673,CUST_c07465,Repeat,2024-01-07,PAY_8cd2,STAT_e09a,2024-01-07
1440,ORD_009832,CUST_c07465,Repeat,2025-01-16,PAY_8cd2,STAT_8cd2,2025-01-16
1441,ORD_d3cd31,CUST_c07465,Repeat,2024-11-17,PAY_e09a,STAT_182e,2024-11-17
1442,ORD_8c1d2f,CUST_c07465,Repeat,2026-03-19,PAY_182e,STAT_8cd2,2026-03-19
1443,ORD_9c1f67,CUST_c07465,Repeat,2024-10-19,PAY_4414,STAT_8cd2,2024-10-19
1444,ORD_1d475b,CUST_77294e,One_Time,2024-05-14,PAY_4414,STAT_182e,2024-05-14
1445,ORD_836a4f,CUST_7ea5ce,Repeat,2022-12-09,PAY_182e,STAT_e09a,2022-12-09
1446,ORD_d81263,CUST_7ea5ce,Repeat,2023-01-08,PAY_4414,STAT_8cd2,2023-01-08
1447,ORD_364718,CUST_7ea5ce,Repeat,2023-12-26,PAY_182e,STAT_e09a,2023-12-26
1448,ORD_726f4a,CUST_7ea5ce,Repeat,2026-05-05,PAY_182e,STAT_182e,2026-05-05
1449,ORD_031f1e,CUST_7ea5ce,Repeat,2025-11-08,PAY_182e,STAT_182e,2025-11-08
1450,ORD_8ff5cd,CUST_7ea5ce,Repeat,2025-05-16,PAY_e09a,STAT_4414,2025-05-16
1451,ORD_0d3c89,CUST_1f9ab1,One_Time,2023-02-07,PAY_4414,STAT_182e,2023-02-07
1452,ORD_1d6151,CUST_9e7ebd,Repeat,2025-11-08,PAY_e09a,STAT_e09a,2025-11-08
1453,ORD_56f9bc,CUST_9e7ebd,Repeat,2025-11-08,PAY_e09a,STAT_182e,2025-11-08
1454,ORD_a518b0,CUST_9e7ebd,Repeat,2025-11-08,PAY_8cd2,STAT_8cd2,2025-11-08
1455,ORD_9e52a2,CUST_9e7ebd,Repeat,2025-11-08,PAY_e09a,STAT_4414,2025-11-08
1456,ORD_ef4eaf,CUST_69bba7,One_Time,2021-08-25,PAY_4414,STAT_4414,2021-08-25
1457,ORD_a27bc4,CUST_0ef8e7,One_Time,2022-04-22,PAY_4414,STAT_e09a,2022-04-22
1458,ORD_f15877,CUST_60ed89,One_Time,2025-12-25,PAY_182e,STAT_4414,2025-12-25
1459,ORD_a9b288,CUST_361395,One_Time,2023-12-02,PAY_8cd2,STAT_e09a,2023-12-02
1460,ORD_80051c,CUST_02f6b3,One_Time,2022-03-18,PAY_e09a,STAT_182e,2022-03-18
1461,ORD_63b4b7,CUST_93efcd,Repeat,2025-01-10,PAY_182e,STAT_8cd2,2025-01-10
1462,ORD_d99c9b,CUST_93efcd,Repeat,2026-01-22,PAY_e09a,STAT_4414,2026-01-22
1463,ORD_5b33dc,CUST_93efcd,Repeat,2025-06-04,PAY_e09a,STAT_4414,2025-06-04
1464,ORD_96e437,CUST_93efcd,Repeat,2025-01-10,PAY_182e,STAT_182e,2025-01-10
1465,ORD_69fc46,CUST_5ef3c0,One_Time,2024-08-27,PAY_182e,STAT_8cd2,2024-08-27
1466,ORD_eb9f00,CUST_db021c,One_Time,2024-02-16,PAY_8cd2,STAT_182e,2024-02-16
1467,ORD_a737f8,CUST_8907ce,One_Time,2024-03-08,PAY_182e,STAT_8cd2,2024-03-08
1468,ORD_101d5f,CUST_d795a9,One_Time,2023-01-09,PAY_e09a,STAT_e09a,2023-01-09
1469,ORD_3c17f1,CUST_dc7c9d,Repeat,2022-06-19,PAY_e09a,STAT_182e,2022-06-19
1470,ORD_649aab,CUST_dc7c9d,Repeat,2024-03-18,PAY_e09a,STAT_e09a,2024-03-18
1471,ORD_b04448,CUST_dc7c9d,Repeat,2022-06-19,PAY_8cd2,STAT_e09a,2022-06-19
1472,ORD_6d7b6c,CUST_dc7c9d,Repeat,2025-12-23,PAY_182e,STAT_e09a,2025-12-23
1473,ORD_90f390,CUST_dc7c9d,Repeat,2023-10-14,PAY_e09a,STAT_e09a,2023-10-14
1474,ORD_179d29,CUST_dc7c9d,Repeat,2022-06-19,PAY_4414,STAT_4414,2022-06-19
1475,ORD_c5fea5,CUST_c5180c,Repeat,2023-12-08,PAY_182e,STAT_e09a,2023-12-08
1476,ORD_7542c8,CUST_c5180c,Repeat,2025-01-17,PAY_8cd2,STAT_8cd2,2025-01-17
1477,ORD_fac05f,CUST_c5180c,Repeat,2024-11-24,PAY_e09a,STAT_8cd2,2024-11-24
1478,ORD_6090c1,CUST_c5180c,Repeat,2022-03-03,PAY_8cd2,STAT_182e,2022-03-03
1479,ORD_10c583,CUST_873ffd,One_Time,2022-02-16,PAY_4414,STAT_e09a,2022-02-16
1480,ORD_943a43,CUST_4626a5,One_Time,2025-11-25,PAY_8cd2,STAT_182e,2025-11-25
1481,ORD_125e05,CUST_a3f5e4,One_Time,2025-07-15,PAY_182e,STAT_4414,2025-07-15
1482,ORD_c9aaec,CUST_891848,One_Time,2025-04-25,PAY_8cd2,STAT_4414,2025-04-25
1483,ORD_202be7,CUST_d51743,Repeat,2026-04-05,PAY_4414,STAT_8cd2,2026-04-05
1484,ORD_b33f5d,CUST_d51743,Repeat,2026-04-05,PAY_e09a,STAT_4414,2026-04-05
1485,ORD_76ad18,CUST_d51743,Repeat,2026-04-23,PAY_4414,STAT_182e,2026-04-23
1486,ORD_3f3a28,CUST_d51743,Repeat,2026-04-05,PAY_8cd2,STAT_182e,2026-04-05
1487,ORD_f15a82,CUST_d51743,Repeat,2026-04-05,PAY_8cd2,STAT_4414,2026-04-05
1488,ORD_47cfbb,CUST_d51743,Repeat,2026-04-05,PAY_182e,STAT_8cd2,2026-04-05
1489,ORD_a9415a,CUST_25acad,One_Time,2023-05-08,PAY_e09a,STAT_4414,2023-05-08
1490,ORD_65440d,CUST_93e9d5,Repeat,2025-03-10,PAY_8cd2,STAT_e09a,2025-03-10
1491,ORD_5ad06c,CUST_93e9d5,Repeat,2025-03-10,PAY_e09a,STAT_8cd2,2025-03-10
1492,ORD_cdbf8d,CUST_75a3e7,One_Time,2025-09-13,PAY_182e,STAT_4414,2025-09-13
1493,ORD_fda480,CUST_673007,One_Time,2025-08-12,PAY_4414,STAT_4414,2025-08-12
1494,ORD_0e75ed,CUST_8a5102,One_Time,2024-12-21,PAY_4414,STAT_182e,2024-12-21
1495,ORD_ee2544,CUST_2c0978,Repeat,2025-08-24,PAY_182e,STAT_8cd2,2025-08-24
1496,ORD_4fda36,CUST_2c0978,Repeat,2023-11-10,PAY_e09a,STAT_8cd2,2023-11-10
1497,ORD_db0fb7,CUST_2c0978,Repeat,2023-11-10,PAY_182e,STAT_4414,2023-11-10
1498,ORD_0b0db7,CUST_2c0978,Repeat,2024-10-16,PAY_4414,STAT_e09a,2024-10-16
1499,ORD_978aea,CUST_2c0978,Repeat,2025-07-18,PAY_8cd2,STAT_182e,2025-07-18
1500,ORD_687a0d,CUST_2c0978,Repeat,2025-04-27,PAY_182e,STAT_182e,2025-04-27
1501,ORD_0d47cb,CUST_c82c77,One_Time,2022-10-20,PAY_182e,STAT_8cd2,2022-10-20
1502,ORD_803c35,CUST_2a6248,Repeat,2023-05-21,PAY_8cd2,STAT_4414,2023-05-21
1503,ORD_63d373,CUST_2a6248,Repeat,2023-05-21,PAY_182e,STAT_8cd2,2023-05-21
1504,ORD_30728c,CUST_a5a999,One_Time,2024-04-19,PAY_8cd2,STAT_182e,2024-04-19
1505,ORD_677672,CUST_8bbb5f,One_Time,2024-11-25,PAY_8cd2,STAT_182e,2024-11-25
1506,ORD_0c642b,CUST_5b88dd,One_Time,2021-09-21,PAY_e09a,STAT_8cd2,2021-09-21
1507,ORD_7a8d07,CUST_5bd2e6,One_Time,2025-10-13,PAY_8cd2,STAT_e09a,2025-10-13
1508,ORD_d3d03e,CUST_e8b9aa,Repeat,2023-08-10,PAY_8cd2,STAT_8cd2,2023-08-10
1509,ORD_77162a,CUST_e8b9aa,Repeat,2025-01-27,PAY_182e,STAT_e09a,2025-01-27
1510,ORD_4e4634,CUST_e8b9aa,Repeat,2023-04-15,PAY_e09a,STAT_8cd2,2023-04-15
1511,ORD_7ffd9c,CUST_e8b9aa,Repeat,2025-09-07,PAY_182e,STAT_182e,2025-09-07
1512,ORD_a48aca,CUST_b9680f,One_Time,2022-04-19,PAY_e09a,STAT_182e,2022-04-19
1513,ORD_f9589c,CUST_8b5360,One_Time,2026-02-09,PAY_182e,STAT_4414,2026-02-09
1514,ORD_f03a5a,CUST_3ed538,Repeat,2026-02-01,PAY_4414,STAT_8cd2,2026-02-01
1515,ORD_fd17fe,CUST_3ed538,Repeat,2026-02-01,PAY_4414,STAT_182e,2026-02-01
1516,ORD_69c775,CUST_3ed538,Repeat,2026-02-01,PAY_182e,STAT_4414,2026-02-01
1517,ORD_aa7507,CUST_3ed538,Repeat,2026-02-01,PAY_e09a,STAT_8cd2,2026-02-01
1518,ORD_4959dc,CUST_3ed538,Repeat,2026-02-01,PAY_182e,STAT_4414,2026-02-01
1519,ORD_3af3e8,CUST_3ed538,Repeat,2026-02-01,PAY_182e,STAT_182e,2026-02-01
1520,ORD_af2c53,CUST_dbda07,Commercial,2025-11-03,PAY_e09a,STAT_4414,2025-11-03
1521,ORD_922281,CUST_dbda07,Commercial,2025-11-03,PAY_182e,STAT_8cd2,2025-11-03
1522,ORD_3e45c3,CUST_dbda07,Commercial,2025-11-03,PAY_182e,STAT_182e,2025-11-03
1523,ORD_be3ca9,CUST_dbda07,Commercial,2025-11-03,PAY_e09a,STAT_8cd2,2025-11-03
1524,ORD_f83ce7,CUST_dbda07,Commercial,2025-11-03,PAY_182e,STAT_8cd2,2025-11-03
1525,ORD_cd9722,CUST_dbda07,Commercial,2025-11-03,PAY_4414,STAT_e09a,2025-11-03
1526,ORD_b13887,CUST_dbda07,Commercial,2025-11-03,PAY_8cd2,STAT_8cd2,2025-11-03
1527,ORD_ee1ca7,CUST_dbda07,Commercial,2025-11-03,PAY_4414,STAT_8cd2,2025-11-03
1528,ORD_1285cb,CUST_dbda07,Commercial,2026-05-06,PAY_4414,STAT_e09a,2026-05-06
1529,ORD_fd6a73,CUST_dbda07,Commercial,2025-11-24,PAY_4414,STAT_182e,2025-11-24
1530,ORD_8d546e,CUST_dbda07,Commercial,2025-11-03,PAY_8cd2,STAT_182e,2025-11-03
1531,ORD_3e521b,CUST_dbda07,Commercial,2025-11-03,PAY_182e,STAT_8cd2,2025-11-03
1532,ORD_7bcea7,CUST_dbda07,Commercial,2025-11-03,PAY_e09a,STAT_182e,2025-11-03
1533,ORD_0bc3cf,CUST_dbda07,Commercial,2025-11-03,PAY_e09a,STAT_8cd2,2025-11-03
1534,ORD_977166,CUST_dbda07,Commercial,2025-11-03,PAY_4414,STAT_182e,2025-11-03
1535,ORD_fe4b42,CUST_dbda07,Commercial,2025-11-03,PAY_182e,STAT_182e,2025-11-03
1536,ORD_2448de,CUST_dbda07,Commercial,2025-11-03,PAY_e09a,STAT_4414,2025-11-03
1537,ORD_fd7755,CUST_612f7a,One_Time,2022-05-01,PAY_182e,STAT_4414,2022-05-01
1538,ORD_802f28,CUST_49e9bd,One_Time,2023-11-05,PAY_4414,STAT_8cd2,2023-11-05
1539,ORD_8ae3d2,CUST_e48104,One_Time,2022-12-06,PAY_182e,STAT_182e,2022-12-06
1540,ORD_ffbb1c,CUST_b41abe,Commercial,2026-01-06,PAY_182e,STAT_8cd2,2026-01-06
1541,ORD_786940,CUST_b41abe,Commercial,2022-05-17,PAY_182e,STAT_182e,2022-05-17
1542,ORD_a4868a,CUST_b41abe,Commercial,2024-03-12,PAY_e09a,STAT_8cd2,2024-03-12
1543,ORD_759b27,CUST_b41abe,Commercial,2026-03-13,PAY_4414,STAT_8cd2,2026-03-13
1544,ORD_26b410,CUST_b41abe,Commercial,2022-05-17,PAY_182e,STAT_e09a,2022-05-17
1545,ORD_346c47,CUST_b41abe,Commercial,2024-02-15,PAY_8cd2,STAT_e09a,2024-02-15
1546,ORD_df7e4f,CUST_b41abe,Commercial,2022-05-17,PAY_8cd2,STAT_8cd2,2022-05-17
1547,ORD_fbd80a,CUST_b41abe,Commercial,2023-08-15,PAY_e09a,STAT_182e,2023-08-15
1548,ORD_dc4efb,CUST_b41abe,Commercial,2025-08-05,PAY_e09a,STAT_8cd2,2025-08-05
1549,ORD_6c37a5,CUST_b41abe,Commercial,2025-11-03,PAY_e09a,STAT_8cd2,2025-11-03
1550,ORD_bb87e4,CUST_b41abe,Commercial,2022-05-17,PAY_182e,STAT_e09a,2022-05-17
1551,ORD_7efc42,CUST_1ecd0e,Repeat,2026-01-13,PAY_182e,STAT_e09a,2026-01-13
1552,ORD_5ed1d8,CUST_1ecd0e,Repeat,2026-01-13,PAY_182e,STAT_e09a,2026-01-13
1553,ORD_2cda9f,CUST_1ecd0e,Repeat,2026-01-13,PAY_182e,STAT_182e,2026-01-13
1554,ORD_28a791,CUST_1ecd0e,Repeat,2026-02-08,PAY_182e,STAT_4414,2026-02-08
1555,ORD_0781e8,CUST_1ecd0e,Repeat,2026-01-13,PAY_8cd2,STAT_182e,2026-01-13
1556,ORD_ca85fd,CUST_f41969,One_Time,2024-08-03,PAY_8cd2,STAT_4414,2024-08-03
1557,ORD_65dff6,CUST_e9accf,One_Time,2025-04-01,PAY_8cd2,STAT_4414,2025-04-01
1558,ORD_06f00e,CUST_028326,One_Time,2025-08-05,PAY_e09a,STAT_4414,2025-08-05
1559,ORD_b95afa,CUST_54e4b3,One_Time,2026-04-24,PAY_8cd2,STAT_182e,2026-04-24
1560,ORD_b7c8bc,CUST_c06dc4,One_Time,2024-04-20,PAY_e09a,STAT_4414,2024-04-20
1561,ORD_61ed2d,CUST_eeab97,One_Time,2026-03-24,PAY_8cd2,STAT_4414,2026-03-24
1562,ORD_cd5719,CUST_532d86,Repeat,2026-01-26,PAY_e09a,STAT_182e,2026-01-26
1563,ORD_8fef36,CUST_532d86,Repeat,2024-12-19,PAY_4414,STAT_8cd2,2024-12-19
1564,ORD_aeea48,CUST_532d86,Repeat,2023-08-12,PAY_8cd2,STAT_e09a,2023-08-12
1565,ORD_6821d9,CUST_012d81,One_Time,2023-11-21,PAY_182e,STAT_4414,2023-11-21
1566,ORD_d11b82,CUST_4bea25,Repeat,2026-05-11,PAY_8cd2,STAT_e09a,2026-05-11
1567,ORD_2b3f7e,CUST_4bea25,Repeat,2025-12-12,PAY_4414,STAT_8cd2,2025-12-12
1568,ORD_d6b22a,CUST_d1d836,Repeat,2024-09-05,PAY_4414,STAT_e09a,2024-09-05
1569,ORD_741429,CUST_d1d836,Repeat,2024-09-05,PAY_8cd2,STAT_8cd2,2024-09-05
1570,ORD_70e065,CUST_63ca59,One_Time,2026-03-11,PAY_8cd2,STAT_4414,2026-03-11
1571,ORD_3edca7,CUST_c2cb94,One_Time,2024-02-06,PAY_8cd2,STAT_e09a,2024-02-06
1572,ORD_5364f9,CUST_3a6812,One_Time,2026-01-01,PAY_e09a,STAT_8cd2,2026-01-01
1573,ORD_c256ca,CUST_d40368,Repeat,2024-10-14,PAY_182e,STAT_8cd2,2024-10-14
1574,ORD_052998,CUST_d40368,Repeat,2023-03-13,PAY_e09a,STAT_e09a,2023-03-13
1575,ORD_3d68f8,CUST_d40368,Repeat,2025-05-21,PAY_e09a,STAT_8cd2,2025-05-21
1576,ORD_5375af,CUST_d40368,Repeat,2022-07-15,PAY_182e,STAT_4414,2022-07-15
1577,ORD_989e80,CUST_d40368,Repeat,2022-07-15,PAY_182e,STAT_8cd2,2022-07-15
1578,ORD_69ff38,CUST_d40368,Repeat,2025-12-04,PAY_182e,STAT_182e,2025-12-04
1579,ORD_dd6a6c,CUST_24af01,One_Time,2025-03-17,PAY_182e,STAT_182e,2025-03-17
1580,ORD_e69954,CUST_080262,One_Time,2024-10-02,PAY_182e,STAT_182e,2024-10-02
1581,ORD_2ec024,CUST_32ee06,One_Time,2026-04-15,PAY_e09a,STAT_e09a,2026-04-15
1582,ORD_e1c75e,CUST_7e5107,One_Time,2023-07-02,PAY_182e,STAT_8cd2,2023-07-02
1583,ORD_62af93,CUST_eaa5d6,Repeat,2021-07-27,PAY_e09a,STAT_8cd2,2021-07-27
1584,ORD_f6341b,CUST_eaa5d6,Repeat,2022-05-17,PAY_e09a,STAT_8cd2,2022-05-17
1585,ORD_d570a3,CUST_eaa5d6,Repeat,2024-02-27,PAY_182e,STAT_4414,2024-02-27
1586,ORD_4ec5db,CUST_eaa5d6,Repeat,2025-12-17,PAY_8cd2,STAT_4414,2025-12-17
1587,ORD_733fe4,CUST_73d177,One_Time,2022-04-23,PAY_8cd2,STAT_8cd2,2022-04-23
1588,ORD_dfb97c,CUST_c9be5c,One_Time,2026-04-17,PAY_4414,STAT_8cd2,2026-04-17
1589,ORD_997dba,CUST_023d4b,Repeat,2025-01-19,PAY_182e,STAT_8cd2,2025-01-19
1590,ORD_c9994c,CUST_023d4b,Repeat,2024-09-05,PAY_4414,STAT_182e,2024-09-05
1591,ORD_78548c,CUST_023d4b,Repeat,2023-12-05,PAY_e09a,STAT_8cd2,2023-12-05
1592,ORD_9efab4,CUST_023d4b,Repeat,2023-12-05,PAY_182e,STAT_182e,2023-12-05
1593,ORD_d0f7df,CUST_023d4b,Repeat,2023-12-05,PAY_8cd2,STAT_182e,2023-12-05
1594,ORD_36de1b,CUST_680b5e,One_Time,2025-09-02,PAY_4414,STAT_e09a,2025-09-02
1595,ORD_295be8,CUST_308445,One_Time,2026-05-21,PAY_e09a,STAT_8cd2,2026-05-21
1596,ORD_17a76e,CUST_ea3bfd,One_Time,2023-12-27,PAY_4414,STAT_182e,2023-12-27
1597,ORD_aba4d8,CUST_92531a,One_Time,2024-10-13,PAY_8cd2,STAT_182e,2024-10-13
1598,ORD_3ce1d0,CUST_cfb8a9,One_Time,2023-06-06,PAY_182e,STAT_4414,2023-06-06
1599,ORD_d9c1e1,CUST_598466,One_Time,2025-03-04,PAY_e09a,STAT_182e,2025-03-04
1600,ORD_f4a4c4,CUST_2f6e92,One_Time,2022-07-06,PAY_182e,STAT_e09a,2022-07-06
1601,ORD_637b62,CUST_5eb32c,One_Time,2024-10-25,PAY_8cd2,STAT_182e,2024-10-25
1602,ORD_6ce926,CUST_c34151,Commercial,2026-01-22,PAY_e09a,STAT_e09a,2026-01-22
1603,ORD_31d84e,CUST_c34151,Commercial,2026-01-22,PAY_e09a,STAT_e09a,2026-01-22
1604,ORD_24b078,CUST_c34151,Commercial,2026-01-22,PAY_4414,STAT_182e,2026-01-22
1605,ORD_c9e2b7,CUST_c34151,Commercial,2026-01-22,PAY_8cd2,STAT_182e,2026-01-22
1606,ORD_648a09,CUST_c34151,Commercial,2026-05-17,PAY_8cd2,STAT_8cd2,2026-05-17
1607,ORD_24d9ce,CUST_c34151,Commercial,2026-01-22,PAY_8cd2,STAT_4414,2026-01-22
1608,ORD_706c25,CUST_c34151,Commercial,2026-01-22,PAY_182e,STAT_4414,2026-01-22
1609,ORD_2996b1,CUST_c34151,Commercial,2026-01-22,PAY_8cd2,STAT_4414,2026-01-22
1610,ORD_7e7acd,CUST_c34151,Commercial,2026-01-22,PAY_8cd2,STAT_e09a,2026-01-22
1611,ORD_251804,CUST_c34151,Commercial,2026-01-22,PAY_182e,STAT_4414,2026-01-22
1612,ORD_7776f0,CUST_c34151,Commercial,2026-01-22,PAY_8cd2,STAT_e09a,2026-01-22
1613,ORD_5b43d5,CUST_c34151,Commercial,2026-01-22,PAY_4414,STAT_8cd2,2026-01-22
1614,ORD_96a353,CUST_c34151,Commercial,2026-01-22,PAY_e09a,STAT_182e,2026-01-22
1615,ORD_eeb0f1,CUST_c34151,Commercial,2026-01-22,PAY_4414,STAT_4414,2026-01-22
1616,ORD_b76dd3,CUST_c34151,Commercial,2026-01-22,PAY_4414,STAT_4414,2026-01-22
1617,ORD_8d3d94,CUST_93165a,Repeat,2024-04-21,PAY_4414,STAT_8cd2,2024-04-21
1618,ORD_f77dfd,CUST_93165a,Repeat,2025-09-12,PAY_e09a,STAT_182e,2025-09-12
1619,ORD_3c90ba,CUST_93165a,Repeat,2024-02-02,PAY_8cd2,STAT_8cd2,2024-02-02
1620,ORD_b92959,CUST_93165a,Repeat,2024-02-02,PAY_e09a,STAT_4414,2024-02-02
1621,ORD_96ce8e,CUST_93165a,Repeat,2024-02-02,PAY_8cd2,STAT_e09a,2024-02-02
1622,ORD_f6513f,CUST_93165a,Repeat,2024-02-02,PAY_4414,STAT_4414,2024-02-02
1623,ORD_b3bab6,CUST_0d638f,One_Time,2026-01-18,PAY_8cd2,STAT_8cd2,2026-01-18
1624,ORD_d5ede6,CUST_b249ad,One_Time,2024-03-11,PAY_182e,STAT_e09a,2024-03-11
1625,ORD_586277,CUST_2a37ad,One_Time,2024-10-05,PAY_182e,STAT_182e,2024-10-05
1626,ORD_700391,CUST_f24931,One_Time,2022-11-06,PAY_e09a,STAT_4414,2022-11-06
1627,ORD_bfe07a,CUST_fb08e2,One_Time,2026-03-06,PAY_4414,STAT_4414,2026-03-06
1628,ORD_2b1d9d,CUST_825468,One_Time,2025-10-08,PAY_4414,STAT_e09a,2025-10-08
1629,ORD_d4ab0d,CUST_192126,One_Time,2025-08-04,PAY_e09a,STAT_4414,2025-08-04
1630,ORD_33328a,CUST_ffdd7c,One_Time,2024-09-23,PAY_e09a,STAT_182e,2024-09-23
1631,ORD_3cfde4,CUST_928603,One_Time,2023-05-01,PAY_e09a,STAT_8cd2,2023-05-01
1632,ORD_fefca2,CUST_7e20ff,One_Time,2026-05-14,PAY_e09a,STAT_8cd2,2026-05-14
1633,ORD_9ea656,CUST_62d0f2,One_Time,2025-01-04,PAY_182e,STAT_8cd2,2025-01-04
1634,ORD_58d4c2,CUST_94bd08,One_Time,2024-03-18,PAY_4414,STAT_4414,2024-03-18
1635,ORD_2c72fd,CUST_3ce8a7,Commercial,2025-03-22,PAY_e09a,STAT_4414,2025-03-22
1636,ORD_4ac8cb,CUST_3ce8a7,Commercial,2024-05-09,PAY_182e,STAT_8cd2,2024-05-09
1637,ORD_e9c083,CUST_3ce8a7,Commercial,2021-04-27,PAY_8cd2,STAT_8cd2,2021-04-27
1638,ORD_299c9c,CUST_3ce8a7,Commercial,2025-09-10,PAY_4414,STAT_182e,2025-09-10
1639,ORD_80eb8d,CUST_3ce8a7,Commercial,2022-07-23,PAY_e09a,STAT_4414,2022-07-23
1640,ORD_02dfba,CUST_3ce8a7,Commercial,2023-09-16,PAY_182e,STAT_e09a,2023-09-16
1641,ORD_1fa836,CUST_3ce8a7,Commercial,2021-02-12,PAY_8cd2,STAT_182e,2021-02-12
1642,ORD_574b24,CUST_3ce8a7,Commercial,2024-05-28,PAY_4414,STAT_182e,2024-05-28
1643,ORD_2d73a1,CUST_3ce8a7,Commercial,2023-02-09,PAY_4414,STAT_4414,2023-02-09
1644,ORD_8065b2,CUST_3ce8a7,Commercial,2026-03-16,PAY_182e,STAT_e09a,2026-03-16
1645,ORD_5ac4ce,CUST_3ce8a7,Commercial,2025-07-25,PAY_e09a,STAT_e09a,2025-07-25
1646,ORD_e8275d,CUST_3ce8a7,Commercial,2021-11-16,PAY_e09a,STAT_4414,2021-11-16
1647,ORD_64fa2c,CUST_3ce8a7,Commercial,2021-08-07,PAY_e09a,STAT_e09a,2021-08-07
1648,ORD_0be435,CUST_3ce8a7,Commercial,2022-10-09,PAY_e09a,STAT_4414,2022-10-09
1649,ORD_0e0357,CUST_3ce8a7,Commercial,2021-02-27,PAY_e09a,STAT_e09a,2021-02-27
1650,ORD_6a6efc,CUST_38784f,One_Time,2025-10-07,PAY_e09a,STAT_182e,2025-10-07
1651,ORD_64a94e,CUST_6ec3fd,Repeat,2024-02-05,PAY_8cd2,STAT_182e,2024-02-05
1652,ORD_6b01fc,CUST_6ec3fd,Repeat,2023-03-12,PAY_e09a,STAT_4414,2023-03-12
1653,ORD_26411c,CUST_6ec3fd,Repeat,2025-06-20,PAY_182e,STAT_8cd2,2025-06-20
1654,ORD_bc2d53,CUST_6ec3fd,Repeat,2025-01-04,PAY_182e,STAT_4414,2025-01-04
1655,ORD_9d4b06,CUST_6ec3fd,Repeat,2023-03-12,PAY_8cd2,STAT_182e,2023-03-12
1656,ORD_cc6493,CUST_6ec3fd,Repeat,2024-09-26,PAY_8cd2,STAT_4414,2024-09-26
1657,ORD_209861,CUST_d4c08f,Repeat,2026-01-21,PAY_4414,STAT_8cd2,2026-01-21
1658,ORD_c620da,CUST_d4c08f,Repeat,2024-06-22,PAY_e09a,STAT_e09a,2024-06-22
1659,ORD_66ecf8,CUST_d4c08f,Repeat,2025-05-09,PAY_182e,STAT_182e,2025-05-09
1660,ORD_016635,CUST_d4c08f,Repeat,2024-06-22,PAY_4414,STAT_182e,2024-06-22
1661,ORD_08621a,CUST_d8168e,Commercial,2025-01-28,PAY_8cd2,STAT_182e,2025-01-28
1662,ORD_880801,CUST_d8168e,Commercial,2025-10-05,PAY_4414,STAT_182e,2025-10-05
1663,ORD_de7a84,CUST_d8168e,Commercial,2023-06-17,PAY_e09a,STAT_8cd2,2023-06-17
1664,ORD_e8e110,CUST_d8168e,Commercial,2023-06-17,PAY_182e,STAT_e09a,2023-06-17
1665,ORD_6db376,CUST_d8168e,Commercial,2023-10-14,PAY_4414,STAT_4414,2023-10-14
1666,ORD_a2bc11,CUST_d8168e,Commercial,2023-09-14,PAY_8cd2,STAT_8cd2,2023-09-14
1667,ORD_e165e2,CUST_d8168e,Commercial,2024-05-13,PAY_182e,STAT_182e,2024-05-13
1668,ORD_221bbe,CUST_d8168e,Commercial,2023-09-05,PAY_8cd2,STAT_8cd2,2023-09-05
1669,ORD_501dcd,CUST_d8168e,Commercial,2023-08-22,PAY_182e,STAT_8cd2,2023-08-22
1670,ORD_c73bd7,CUST_d8168e,Commercial,2024-06-19,PAY_4414,STAT_182e,2024-06-19
1671,ORD_4ea901,CUST_d8168e,Commercial,2023-06-21,PAY_e09a,STAT_4414,2023-06-21
1672,ORD_8e662c,CUST_d8168e,Commercial,2023-06-17,PAY_8cd2,STAT_8cd2,2023-06-17
1673,ORD_9d3f5a,CUST_d8168e,Commercial,2024-10-24,PAY_4414,STAT_182e,2024-10-24
1674,ORD_de99bf,CUST_d8168e,Commercial,2023-11-21,PAY_e09a,STAT_182e,2023-11-21
1675,ORD_90a22d,CUST_d8168e,Commercial,2026-05-04,PAY_e09a,STAT_182e,2026-05-04
1676,ORD_c9c255,CUST_d8168e,Commercial,2023-06-17,PAY_8cd2,STAT_4414,2023-06-17
1677,ORD_84c136,CUST_d8168e,Commercial,2023-09-12,PAY_e09a,STAT_182e,2023-09-12
1678,ORD_c74281,CUST_d8168e,Commercial,2023-06-17,PAY_8cd2,STAT_e09a,2023-06-17
1679,ORD_465b19,CUST_d8168e,Commercial,2025-10-23,PAY_8cd2,STAT_4414,2025-10-23
1680,ORD_42c36f,CUST_d8168e,Commercial,2025-01-04,PAY_e09a,STAT_182e,2025-01-04
1681,ORD_9e18a3,CUST_150553,One_Time,2026-02-25,PAY_4414,STAT_4414,2026-02-25
1682,ORD_8d3e84,CUST_93d6a5,Repeat,2025-12-17,PAY_182e,STAT_8cd2,2025-12-17
1683,ORD_5722f8,CUST_93d6a5,Repeat,2024-03-02,PAY_8cd2,STAT_8cd2,2024-03-02
1684,ORD_453490,CUST_93d6a5,Repeat,2024-10-28,PAY_8cd2,STAT_8cd2,2024-10-28
1685,ORD_e60bff,CUST_6f2315,One_Time,2026-04-08,PAY_8cd2,STAT_4414,2026-04-08
1686,ORD_d11088,CUST_c03a87,One_Time,2024-09-24,PAY_182e,STAT_8cd2,2024-09-24
1687,ORD_26329a,CUST_81252c,One_Time,2024-12-16,PAY_182e,STAT_182e,2024-12-16
1688,ORD_981c40,CUST_0294f9,One_Time,2024-09-05,PAY_4414,STAT_182e,2024-09-05
1689,ORD_03b23d,CUST_b14159,One_Time,2026-01-12,PAY_e09a,STAT_4414,2026-01-12
1690,ORD_e8b692,CUST_4b54e7,Commercial,2026-02-14,PAY_8cd2,STAT_4414,2026-02-14
1691,ORD_6a8b7a,CUST_4b54e7,Commercial,2026-04-12,PAY_e09a,STAT_4414,2026-04-12
1692,ORD_44e5cf,CUST_4b54e7,Commercial,2023-06-08,PAY_8cd2,STAT_4414,2023-06-08
1693,ORD_d9f541,CUST_4b54e7,Commercial,2026-04-13,PAY_e09a,STAT_e09a,2026-04-13
1694,ORD_b190df,CUST_4b54e7,Commercial,2023-11-25,PAY_8cd2,STAT_e09a,2023-11-25
1695,ORD_122f70,CUST_4b54e7,Commercial,2025-12-09,PAY_e09a,STAT_4414,2025-12-09
1696,ORD_e52205,CUST_4b54e7,Commercial,2026-04-11,PAY_4414,STAT_8cd2,2026-04-11
1697,ORD_5932e9,CUST_4b54e7,Commercial,2023-06-08,PAY_4414,STAT_8cd2,2023-06-08
1698,ORD_15e59d,CUST_4b54e7,Commercial,2024-07-04,PAY_182e,STAT_8cd2,2024-07-04
1699,ORD_076658,CUST_4b54e7,Commercial,2023-06-08,PAY_182e,STAT_8cd2,2023-06-08
1700,ORD_b134ce,CUST_4b54e7,Commercial,2023-06-08,PAY_4414,STAT_182e,2023-06-08
1701,ORD_0c57ad,CUST_4b54e7,Commercial,2026-01-10,PAY_4414,STAT_182e,2026-01-10
1702,ORD_aa2b1b,CUST_4b54e7,Commercial,2023-06-08,PAY_8cd2,STAT_e09a,2023-06-08
1703,ORD_00e043,CUST_66d2d9,One_Time,2022-01-19,PAY_8cd2,STAT_182e,2022-01-19
1704,ORD_0ce8cf,CUST_3d55da,One_Time,2025-10-09,PAY_182e,STAT_8cd2,2025-10-09
1705,ORD_96e67f,CUST_405c0b,Repeat,2023-05-24,PAY_182e,STAT_8cd2,2023-05-24
1706,ORD_f2a051,CUST_405c0b,Repeat,2023-08-04,PAY_4414,STAT_4414,2023-08-04
1707,ORD_6b348e,CUST_405c0b,Repeat,2026-01-02,PAY_e09a,STAT_e09a,2026-01-02
1708,ORD_62150e,CUST_405c0b,Repeat,2024-05-01,PAY_4414,STAT_8cd2,2024-05-01
1709,ORD_516a10,CUST_405c0b,Repeat,2025-08-10,PAY_8cd2,STAT_e09a,2025-08-10
1710,ORD_2c3d4c,CUST_405c0b,Repeat,2025-04-10,PAY_4414,STAT_8cd2,2025-04-10
1711,ORD_5cf706,CUST_3d9979,One_Time,2025-01-07,PAY_182e,STAT_4414,2025-01-07
1712,ORD_afa5cf,CUST_b43bf4,One_Time,2025-04-07,PAY_e09a,STAT_182e,2025-04-07
1713,ORD_95b59c,CUST_f04e7a,Commercial,2025-10-07,PAY_182e,STAT_e09a,2025-10-07
1714,ORD_13fdd5,CUST_f04e7a,Commercial,2025-10-07,PAY_182e,STAT_182e,2025-10-07
1715,ORD_dab9f5,CUST_f04e7a,Commercial,2025-10-07,PAY_8cd2,STAT_8cd2,2025-10-07
1716,ORD_73c49d,CUST_f04e7a,Commercial,2025-10-07,PAY_4414,STAT_e09a,2025-10-07
1717,ORD_b47d24,CUST_f04e7a,Commercial,2025-10-07,PAY_e09a,STAT_e09a,2025-10-07
1718,ORD_a998ad,CUST_f04e7a,Commercial,2025-10-07,PAY_8cd2,STAT_4414,2025-10-07
1719,ORD_f37c0c,CUST_f04e7a,Commercial,2025-10-07,PAY_8cd2,STAT_4414,2025-10-07
1720,ORD_b5aa33,CUST_f04e7a,Commercial,2025-12-20,PAY_182e,STAT_4414,2025-12-20
1721,ORD_d7535b,CUST_f04e7a,Commercial,2025-10-07,PAY_8cd2,STAT_182e,2025-10-07
1722,ORD_e7fb57,CUST_f04e7a,Commercial,2025-10-07,PAY_e09a,STAT_4414,2025-10-07
1723,ORD_38b712,CUST_f04e7a,Commercial,2025-10-07,PAY_4414,STAT_e09a,2025-10-07
1724,ORD_44adc4,CUST_f04e7a,Commercial,2025-10-14,PAY_8cd2,STAT_8cd2,2025-10-14
1725,ORD_5bc0af,CUST_f04e7a,Commercial,2025-10-07,PAY_4414,STAT_4414,2025-10-07
1726,ORD_e0c1cd,CUST_f04e7a,Commercial,2025-10-07,PAY_182e,STAT_182e,2025-10-07
1727,ORD_fb9ce5,CUST_f04e7a,Commercial,2025-10-07,PAY_8cd2,STAT_182e,2025-10-07
1728,ORD_dc29e2,CUST_f04e7a,Commercial,2025-10-07,PAY_4414,STAT_182e,2025-10-07
1729,ORD_e7c9b5,CUST_f04e7a,Commercial,2025-10-07,PAY_e09a,STAT_182e,2025-10-07
1730,ORD_cb9452,CUST_2d17b1,One_Time,2025-12-04,PAY_4414,STAT_182e,2025-12-04
1731,ORD_2c3156,CUST_9e4be4,Repeat,2026-05-06,PAY_182e,STAT_e09a,2026-05-06
1732,ORD_cda961,CUST_9e4be4,Repeat,2026-05-06,PAY_4414,STAT_182e,2026-05-06
1733,ORD_00d509,CUST_9e4be4,Repeat,2026-05-06,PAY_4414,STAT_8cd2,2026-05-06
1734,ORD_87556d,CUST_9e4be4,Repeat,2026-05-06,PAY_8cd2,STAT_4414,2026-05-06
1735,ORD_513bd3,CUST_e92eec,One_Time,2025-10-27,PAY_182e,STAT_e09a,2025-10-27
1736,ORD_0d59c8,CUST_aa4173,One_Time,2025-09-12,PAY_8cd2,STAT_8cd2,2025-09-12
1737,ORD_6d534f,CUST_2a241e,One_Time,2025-12-20,PAY_4414,STAT_e09a,2025-12-20
1738,ORD_8b5a9f,CUST_386147,Repeat,2024-11-21,PAY_e09a,STAT_8cd2,2024-11-21
1739,ORD_f7d130,CUST_386147,Repeat,2024-06-16,PAY_e09a,STAT_4414,2024-06-16
1740,ORD_a9efb4,CUST_a80aff,One_Time,2024-04-16,PAY_e09a,STAT_8cd2,2024-04-16
1741,ORD_e2fda1,CUST_501191,One_Time,2026-02-03,PAY_e09a,STAT_4414,2026-02-03
1742,ORD_99ef46,CUST_99d6a2,One_Time,2024-12-22,PAY_4414,STAT_182e,2024-12-22
1743,ORD_ff3c9c,CUST_0856b4,One_Time,2026-03-03,PAY_182e,STAT_8cd2,2026-03-03
1744,ORD_2b03fd,CUST_9d8057,Repeat,2025-06-03,PAY_4414,STAT_182e,2025-06-03
1745,ORD_997bec,CUST_9d8057,Repeat,2025-06-03,PAY_8cd2,STAT_182e,2025-06-03
1746,ORD_e37367,CUST_9d8057,Repeat,2025-06-03,PAY_8cd2,STAT_4414,2025-06-03
1747,ORD_e34b2e,CUST_84d6e3,Commercial,2026-05-04,PAY_8cd2,STAT_4414,2026-05-04
1748,ORD_2b74e7,CUST_84d6e3,Commercial,2026-02-02,PAY_4414,STAT_e09a,2026-02-02
1749,ORD_f73beb,CUST_84d6e3,Commercial,2025-03-15,PAY_182e,STAT_e09a,2025-03-15
1750,ORD_e220e6,CUST_84d6e3,Commercial,2025-10-24,PAY_8cd2,STAT_182e,2025-10-24
1751,ORD_5bf1db,CUST_84d6e3,Commercial,2025-03-15,PAY_182e,STAT_182e,2025-03-15
1752,ORD_f937a1,CUST_84d6e3,Commercial,2025-03-15,PAY_8cd2,STAT_e09a,2025-03-15
1753,ORD_646359,CUST_84d6e3,Commercial,2025-03-15,PAY_e09a,STAT_182e,2025-03-15
1754,ORD_b1a411,CUST_84d6e3,Commercial,2025-03-15,PAY_8cd2,STAT_8cd2,2025-03-15
1755,ORD_8ab20a,CUST_84d6e3,Commercial,2025-03-15,PAY_4414,STAT_4414,2025-03-15
1756,ORD_7714ab,CUST_84d6e3,Commercial,2025-03-15,PAY_e09a,STAT_8cd2,2025-03-15
1757,ORD_5d7a1b,CUST_84d6e3,Commercial,2025-03-15,PAY_182e,STAT_8cd2,2025-03-15
1758,ORD_62feff,CUST_84d6e3,Commercial,2025-03-15,PAY_182e,STAT_e09a,2025-03-15
1759,ORD_d31bce,CUST_84d6e3,Commercial,2025-03-15,PAY_e09a,STAT_4414,2025-03-15
1760,ORD_02d501,CUST_84d6e3,Commercial,2025-06-06,PAY_4414,STAT_4414,2025-06-06
1761,ORD_9381b2,CUST_84d6e3,Commercial,2025-10-27,PAY_e09a,STAT_8cd2,2025-10-27
1762,ORD_8d6d42,CUST_84d6e3,Commercial,2025-11-07,PAY_4414,STAT_4414,2025-11-07
1763,ORD_98bd8d,CUST_84d6e3,Commercial,2025-12-12,PAY_4414,STAT_4414,2025-12-12
1764,ORD_798f24,CUST_120446,One_Time,2024-09-27,PAY_4414,STAT_4414,2024-09-27
1765,ORD_990cc7,CUST_7d9633,Repeat,2023-09-12,PAY_e09a,STAT_8cd2,2023-09-12
1766,ORD_16e36d,CUST_7d9633,Repeat,2023-08-23,PAY_e09a,STAT_4414,2023-08-23
1767,ORD_6520df,CUST_7d9633,Repeat,2024-11-22,PAY_8cd2,STAT_4414,2024-11-22
1768,ORD_6c8c8f,CUST_7d9633,Repeat,2024-02-06,PAY_4414,STAT_8cd2,2024-02-06
1769,ORD_370992,CUST_7d9633,Repeat,2026-04-03,PAY_8cd2,STAT_8cd2,2026-04-03
1770,ORD_fc28d9,CUST_3f3335,One_Time,2026-03-16,PAY_e09a,STAT_4414,2026-03-16
1771,ORD_c5eca7,CUST_f312b7,One_Time,2026-01-04,PAY_8cd2,STAT_8cd2,2026-01-04
1772,ORD_8b4f81,CUST_0ea4f2,One_Time,2024-02-21,PAY_4414,STAT_8cd2,2024-02-21
1773,ORD_1b8ea7,CUST_ae8f9e,One_Time,2025-03-05,PAY_182e,STAT_182e,2025-03-05
1774,ORD_6f9dcc,CUST_1b5731,One_Time,2025-12-01,PAY_182e,STAT_e09a,2025-12-01
1775,ORD_129d43,CUST_dfa44b,One_Time,2024-03-23,PAY_4414,STAT_182e,2024-03-23
1776,ORD_17749d,CUST_537dce,One_Time,2021-07-27,PAY_8cd2,STAT_e09a,2021-07-27
1777,ORD_370741,CUST_0a3365,One_Time,2025-12-24,PAY_8cd2,STAT_e09a,2025-12-24
1778,ORD_f7cefb,CUST_d1eb49,One_Time,2024-09-20,PAY_e09a,STAT_182e,2024-09-20
1779,ORD_f412f8,CUST_33efed,Repeat,2026-02-23,PAY_182e,STAT_182e,2026-02-23
1780,ORD_04eff2,CUST_33efed,Repeat,2026-02-23,PAY_4414,STAT_8cd2,2026-02-23
1781,ORD_40c551,CUST_33efed,Repeat,2026-02-23,PAY_e09a,STAT_4414,2026-02-23
1782,ORD_e22c41,CUST_8347f1,One_Time,2023-09-03,PAY_4414,STAT_8cd2,2023-09-03
1783,ORD_1990b3,CUST_24880f,One_Time,2025-01-13,PAY_8cd2,STAT_182e,2025-01-13
1784,ORD_16db98,CUST_954af5,Repeat,2022-09-16,PAY_182e,STAT_182e,2022-09-16
1785,ORD_7438c5,CUST_954af5,Repeat,2022-09-16,PAY_4414,STAT_182e,2022-09-16
1786,ORD_5b10a0,CUST_954af5,Repeat,2022-09-16,PAY_4414,STAT_4414,2022-09-16
1787,ORD_2a435f,CUST_954af5,Repeat,2023-12-28,PAY_8cd2,STAT_4414,2023-12-28
1788,ORD_12f615,CUST_954af5,Repeat,2025-04-01,PAY_4414,STAT_8cd2,2025-04-01
1789,ORD_f44d33,CUST_954af5,Repeat,2022-09-16,PAY_e09a,STAT_8cd2,2022-09-16
1790,ORD_8d69fa,CUST_c2445c,One_Time,2023-02-05,PAY_4414,STAT_e09a,2023-02-05
1791,ORD_12d8f6,CUST_72604b,Repeat,2026-02-09,PAY_4414,STAT_182e,2026-02-09
1792,ORD_65277d,CUST_72604b,Repeat,2026-02-09,PAY_8cd2,STAT_4414,2026-02-09
1793,ORD_460160,CUST_72604b,Repeat,2026-02-09,PAY_e09a,STAT_4414,2026-02-09
1794,ORD_8a072a,CUST_fb93e1,One_Time,2023-08-12,PAY_8cd2,STAT_4414,2023-08-12
1795,ORD_139340,CUST_f7ca48,Repeat,2023-08-25,PAY_8cd2,STAT_182e,2023-08-25
1796,ORD_fd5829,CUST_f7ca48,Repeat,2023-08-25,PAY_8cd2,STAT_e09a,2023-08-25
1797,ORD_df7f42,CUST_f7ca48,Repeat,2023-08-25,PAY_182e,STAT_e09a,2023-08-25
1798,ORD_79ba2d,CUST_cc99ce,One_Time,2025-03-19,PAY_4414,STAT_4414,2025-03-19
1799,ORD_af4166,CUST_f5a114,One_Time,2022-07-10,PAY_4414,STAT_4414,2022-07-10
1800,ORD_7743d8,CUST_430e23,One_Time,2026-01-19,PAY_4414,STAT_8cd2,2026-01-19
1801,ORD_75f8c6,CUST_cde002,One_Time,2023-02-01,PAY_8cd2,STAT_182e,2023-02-01
1802,ORD_b3a43f,CUST_1d0df8,One_Time,2025-04-10,PAY_8cd2,STAT_e09a,2025-04-10
1803,ORD_69a161,CUST_db8162,One_Time,2025-04-15,PAY_e09a,STAT_e09a,2025-04-15
1804,ORD_af6d11,CUST_c1f917,One_Time,2023-01-22,PAY_8cd2,STAT_e09a,2023-01-22
1805,ORD_94499c,CUST_be4463,One_Time,2023-10-18,PAY_8cd2,STAT_4414,2023-10-18
1806,ORD_0e4858,CUST_603b05,One_Time,2024-06-21,PAY_e09a,STAT_4414,2024-06-21
1807,ORD_b0e9b8,CUST_6ba713,Repeat,2024-09-09,PAY_e09a,STAT_182e,2024-09-09
1808,ORD_108d14,CUST_6ba713,Repeat,2026-01-14,PAY_8cd2,STAT_4414,2026-01-14
1809,ORD_2bec1d,CUST_0a66a8,One_Time,2022-06-11,PAY_e09a,STAT_e09a,2022-06-11
1810,ORD_36f253,CUST_aee587,One_Time,2025-07-05,PAY_e09a,STAT_4414,2025-07-05
1811,ORD_c7723c,CUST_f0f8d1,One_Time,2021-10-23,PAY_8cd2,STAT_8cd2,2021-10-23
1812,ORD_ed579e,CUST_5dda93,One_Time,2022-11-03,PAY_8cd2,STAT_e09a,2022-11-03
1813,ORD_16d801,CUST_b3f8be,One_Time,2022-04-23,PAY_e09a,STAT_e09a,2022-04-23
1814,ORD_924d80,CUST_7418d4,One_Time,2025-06-07,PAY_8cd2,STAT_4414,2025-06-07
1815,ORD_936bc4,CUST_5a1436,Repeat,2024-10-09,PAY_182e,STAT_8cd2,2024-10-09
1816,ORD_54f9ed,CUST_5a1436,Repeat,2021-07-26,PAY_8cd2,STAT_182e,2021-07-26
1817,ORD_2b685d,CUST_5a1436,Repeat,2024-04-28,PAY_182e,STAT_4414,2024-04-28
1818,ORD_f365a3,CUST_5a1436,Repeat,2023-08-11,PAY_4414,STAT_4414,2023-08-11
1819,ORD_299bf5,CUST_5a1436,Repeat,2023-04-06,PAY_182e,STAT_8cd2,2023-04-06
1820,ORD_d3805f,CUST_695a8d,One_Time,2022-01-09,PAY_182e,STAT_4414,2022-01-09
1821,ORD_362fa3,CUST_1188db,One_Time,2026-05-25,PAY_4414,STAT_182e,2026-05-25
1822,ORD_eef312,CUST_4c8731,One_Time,2025-06-13,PAY_4414,STAT_4414,2025-06-13
1823,ORD_766511,CUST_16a736,One_Time,2025-08-28,PAY_8cd2,STAT_4414,2025-08-28
1824,ORD_90c9b0,CUST_3b5990,One_Time,2024-12-04,PAY_4414,STAT_182e,2024-12-04
1825,ORD_f53c1b,CUST_e77e8d,One_Time,2025-07-18,PAY_182e,STAT_8cd2,2025-07-18
1826,ORD_8e4393,CUST_905b82,One_Time,2022-05-25,PAY_8cd2,STAT_8cd2,2022-05-25
1827,ORD_d5bf0a,CUST_6c1ec1,Repeat,2025-12-20,PAY_4414,STAT_182e,2025-12-20
1828,ORD_fbbc37,CUST_6c1ec1,Repeat,2023-07-19,PAY_8cd2,STAT_4414,2023-07-19
1829,ORD_a80d18,CUST_6c1ec1,Repeat,2025-01-19,PAY_4414,STAT_8cd2,2025-01-19
1830,ORD_2ef534,CUST_6c1ec1,Repeat,2021-08-21,PAY_4414,STAT_8cd2,2021-08-21
1831,ORD_754afc,CUST_6c1ec1,Repeat,2023-01-02,PAY_182e,STAT_e09a,2023-01-02
1832,ORD_b23e24,CUST_6c1ec1,Repeat,2021-11-17,PAY_e09a,STAT_182e,2021-11-17
1833,ORD_f41f89,CUST_c11457,One_Time,2026-04-21,PAY_e09a,STAT_8cd2,2026-04-21
1834,ORD_48c6a3,CUST_4f4fce,One_Time,2026-01-15,PAY_4414,STAT_182e,2026-01-15
1835,ORD_bd266c,CUST_0537ac,One_Time,2025-08-18,PAY_182e,STAT_e09a,2025-08-18
1836,ORD_acc902,CUST_e66627,One_Time,2023-06-11,PAY_e09a,STAT_4414,2023-06-11
1837,ORD_6f7935,CUST_212661,One_Time,2024-09-15,PAY_182e,STAT_4414,2024-09-15
1838,ORD_03bff8,CUST_b07047,One_Time,2024-07-06,PAY_4414,STAT_8cd2,2024-07-06
1839,ORD_68c32f,CUST_e99444,One_Time,2024-06-15,PAY_182e,STAT_182e,2024-06-15
1840,ORD_aca776,CUST_3ffe5b,One_Time,2026-05-13,PAY_4414,STAT_8cd2,2026-05-13
1841,ORD_e21fd9,CUST_30962c,One_Time,2024-03-07,PAY_e09a,STAT_4414,2024-03-07
1842,ORD_ef2dfb,CUST_0613a9,One_Time,2023-08-24,PAY_182e,STAT_e09a,2023-08-24
1843,ORD_e888c4,CUST_963757,One_Time,2025-04-15,PAY_4414,STAT_182e,2025-04-15
1844,ORD_11245b,CUST_47cd7a,One_Time,2024-12-05,PAY_4414,STAT_4414,2024-12-05
1845,ORD_2f1edb,CUST_b7bff6,One_Time,2022-10-07,PAY_8cd2,STAT_4414,2022-10-07
1846,ORD_bbd1b4,CUST_94bd6f,One_Time,2026-01-24,PAY_4414,STAT_8cd2,2026-01-24
1847,ORD_79b547,CUST_6d7059,One_Time,2025-02-07,PAY_e09a,STAT_182e,2025-02-07
1848,ORD_e62f03,CUST_199612,Repeat,2026-03-11,PAY_182e,STAT_4414,2026-03-11
1849,ORD_cdd8dc,CUST_199612,Repeat,2026-03-11,PAY_e09a,STAT_e09a,2026-03-11
1850,ORD_e5b0eb,CUST_199612,Repeat,2026-03-11,PAY_182e,STAT_e09a,2026-03-11
1851,ORD_32d4e5,CUST_df1c0f,One_Time,2026-01-24,PAY_e09a,STAT_e09a,2026-01-24
1852,ORD_dca8a8,CUST_7f797d,One_Time,2022-08-05,PAY_182e,STAT_182e,2022-08-05
1853,ORD_f42ad2,CUST_5d9cb0,One_Time,2026-03-07,PAY_e09a,STAT_8cd2,2026-03-07
1854,ORD_0a8c25,CUST_024806,One_Time,2025-09-21,PAY_e09a,STAT_e09a,2025-09-21
1855,ORD_956b4b,CUST_28eefa,Repeat,2024-11-16,PAY_4414,STAT_182e,2024-11-16
1856,ORD_f43cbd,CUST_28eefa,Repeat,2023-12-18,PAY_182e,STAT_4414,2023-12-18
1857,ORD_48eb39,CUST_28eefa,Repeat,2025-01-06,PAY_e09a,STAT_8cd2,2025-01-06
1858,ORD_52d920,CUST_28eefa,Repeat,2025-01-20,PAY_e09a,STAT_182e,2025-01-20
1859,ORD_01f8a1,CUST_e772e0,Repeat,2026-04-19,PAY_8cd2,STAT_8cd2,2026-04-19
1860,ORD_bec1a4,CUST_e772e0,Repeat,2024-07-12,PAY_4414,STAT_182e,2024-07-12
1861,ORD_cbab29,CUST_e772e0,Repeat,2025-01-10,PAY_e09a,STAT_8cd2,2025-01-10
1862,ORD_6015ba,CUST_e772e0,Repeat,2026-01-14,PAY_182e,STAT_4414,2026-01-14
1863,ORD_fe5dff,CUST_bb243a,One_Time,2025-07-19,PAY_e09a,STAT_182e,2025-07-19
1864,ORD_b01301,CUST_e84a78,One_Time,2024-11-13,PAY_e09a,STAT_182e,2024-11-13
1865,ORD_f1c64a,CUST_96df40,One_Time,2025-04-17,PAY_8cd2,STAT_4414,2025-04-17
1866,ORD_ff1563,CUST_def752,One_Time,2025-04-24,PAY_8cd2,STAT_e09a,2025-04-24
1867,ORD_db0d96,CUST_d6e702,One_Time,2024-10-22,PAY_182e,STAT_8cd2,2024-10-22
1868,ORD_6306cf,CUST_38297b,One_Time,2023-05-16,PAY_e09a,STAT_8cd2,2023-05-16
1869,ORD_e82734,CUST_8feee1,Repeat,2022-04-23,PAY_8cd2,STAT_4414,2022-04-23
1870,ORD_6a7c2e,CUST_8feee1,Repeat,2023-09-09,PAY_8cd2,STAT_182e,2023-09-09
1871,ORD_ed40f0,CUST_8feee1,Repeat,2024-04-11,PAY_182e,STAT_e09a,2024-04-11
1872,ORD_c7d7b8,CUST_8feee1,Repeat,2025-05-28,PAY_4414,STAT_182e,2025-05-28
1873,ORD_0adbaf,CUST_8feee1,Repeat,2021-11-08,PAY_e09a,STAT_8cd2,2021-11-08
1874,ORD_6d8c58,CUST_0c5d29,Repeat,2024-02-24,PAY_e09a,STAT_8cd2,2024-02-24
1875,ORD_e7b122,CUST_0c5d29,Repeat,2024-02-24,PAY_4414,STAT_8cd2,2024-02-24
1876,ORD_4b957b,CUST_0c5d29,Repeat,2024-02-24,PAY_182e,STAT_8cd2,2024-02-24
1877,ORD_123420,CUST_0c5d29,Repeat,2024-02-24,PAY_8cd2,STAT_8cd2,2024-02-24
1878,ORD_ce8cca,CUST_0c5d29,Repeat,2026-05-19,PAY_4414,STAT_8cd2,2026-05-19
1879,ORD_2abbfc,CUST_a7a189,One_Time,2025-06-23,PAY_182e,STAT_e09a,2025-06-23
1880,ORD_32831b,CUST_f4438f,One_Time,2026-03-05,PAY_4414,STAT_4414,2026-03-05
1881,ORD_d0962f,CUST_84bb26,One_Time,2022-05-15,PAY_e09a,STAT_4414,2022-05-15
1882,ORD_a35fb6,CUST_dc874a,Repeat,2023-04-19,PAY_e09a,STAT_182e,2023-04-19
1883,ORD_3a9133,CUST_dc874a,Repeat,2025-07-06,PAY_e09a,STAT_8cd2,2025-07-06
1884,ORD_228d5d,CUST_dc874a,Repeat,2023-04-19,PAY_182e,STAT_e09a,2023-04-19
1885,ORD_97010f,CUST_dc874a,Repeat,2023-04-19,PAY_182e,STAT_e09a,2023-04-19
1886,ORD_a0f579,CUST_dc874a,Repeat,2025-03-20,PAY_4414,STAT_4414,2025-03-20
1887,ORD_4e70ae,CUST_255f7e,One_Time,2024-09-11,PAY_8cd2,STAT_8cd2,2024-09-11
1888,ORD_b7e8e6,CUST_16ef63,Repeat,2021-06-08,PAY_e09a,STAT_8cd2,2021-06-08
1889,ORD_5e7f7e,CUST_16ef63,Repeat,2023-02-11,PAY_4414,STAT_8cd2,2023-02-11
1890,ORD_b77398,CUST_16ef63,Repeat,2026-01-28,PAY_4414,STAT_8cd2,2026-01-28
1891,ORD_453f97,CUST_16ef63,Repeat,2024-12-14,PAY_e09a,STAT_8cd2,2024-12-14
1892,ORD_f33bea,CUST_c5e50f,One_Time,2024-06-10,PAY_8cd2,STAT_4414,2024-06-10
1893,ORD_c85140,CUST_2e02d9,One_Time,2024-10-05,PAY_4414,STAT_182e,2024-10-05
1894,ORD_dfcf80,CUST_23e35e,One_Time,2026-05-02,PAY_8cd2,STAT_e09a,2026-05-02
1895,ORD_502378,CUST_45f99e,One_Time,2025-06-25,PAY_e09a,STAT_182e,2025-06-25
1896,ORD_6f4fad,CUST_f1d2a3,One_Time,2025-11-24,PAY_4414,STAT_8cd2,2025-11-24
1897,ORD_0d5723,CUST_bd1315,One_Time,2024-02-23,PAY_4414,STAT_e09a,2024-02-23
1898,ORD_3ef4d6,CUST_0840dd,One_Time,2025-03-14,PAY_8cd2,STAT_4414,2025-03-14
1899,ORD_79c563,CUST_9b945c,One_Time,2026-01-02,PAY_e09a,STAT_4414,2026-01-02
1900,ORD_2023ff,CUST_c3a602,One_Time,2026-05-23,PAY_4414,STAT_182e,2026-05-23
1901,ORD_dcce77,CUST_19b5a8,One_Time,2026-04-21,PAY_e09a,STAT_4414,2026-04-21
1902,ORD_386adb,CUST_6bb5a0,One_Time,2024-02-01,PAY_e09a,STAT_e09a,2024-02-01
1903,ORD_ac1d4b,CUST_458535,One_Time,2025-07-05,PAY_182e,STAT_8cd2,2025-07-05
1904,ORD_245af7,CUST_aa69c5,One_Time,2024-06-25,PAY_4414,STAT_4414,2024-06-25
1905,ORD_e9abf7,CUST_164e18,One_Time,2024-10-05,PAY_e09a,STAT_8cd2,2024-10-05
1906,ORD_8669c4,CUST_32d218,One_Time,2023-07-16,PAY_182e,STAT_182e,2023-07-16
1907,ORD_9e0c10,CUST_3d0f61,One_Time,2026-05-08,PAY_8cd2,STAT_8cd2,2026-05-08
1908,ORD_51023a,CUST_cd891d,One_Time,2025-04-11,PAY_8cd2,STAT_e09a,2025-04-11
1909,ORD_9b7005,CUST_fa6c83,One_Time,2023-05-24,PAY_4414,STAT_4414,2023-05-24
1910,ORD_b7c66c,CUST_84398c,One_Time,2021-11-18,PAY_8cd2,STAT_8cd2,2021-11-18
1911,ORD_228bfe,CUST_2152ff,Commercial,2025-03-20,PAY_182e,STAT_4414,2025-03-20
1912,ORD_bad59b,CUST_2152ff,Commercial,2026-01-24,PAY_e09a,STAT_8cd2,2026-01-24
1913,ORD_797348,CUST_2152ff,Commercial,2025-02-25,PAY_e09a,STAT_e09a,2025-02-25
1914,ORD_cc9358,CUST_2152ff,Commercial,2024-06-01,PAY_8cd2,STAT_8cd2,2024-06-01
1915,ORD_8f3fd6,CUST_2152ff,Commercial,2025-04-11,PAY_e09a,STAT_8cd2,2025-04-11
1916,ORD_62c530,CUST_2152ff,Commercial,2025-07-05,PAY_8cd2,STAT_182e,2025-07-05
1917,ORD_b0f38f,CUST_2152ff,Commercial,2023-06-15,PAY_8cd2,STAT_e09a,2023-06-15
1918,ORD_a52cbe,CUST_2152ff,Commercial,2023-07-08,PAY_4414,STAT_182e,2023-07-08
1919,ORD_61a379,CUST_2152ff,Commercial,2023-06-14,PAY_182e,STAT_4414,2023-06-14
1920,ORD_45bd54,CUST_2152ff,Commercial,2022-12-24,PAY_4414,STAT_182e,2022-12-24
1921,ORD_8cbf07,CUST_2152ff,Commercial,2025-12-06,PAY_182e,STAT_8cd2,2025-12-06
1922,ORD_a929dd,CUST_2152ff,Commercial,2023-12-20,PAY_182e,STAT_e09a,2023-12-20
1923,ORD_097198,CUST_2152ff,Commercial,2022-12-24,PAY_8cd2,STAT_8cd2,2022-12-24
1924,ORD_d5ab5f,CUST_2152ff,Commercial,2023-02-28,PAY_e09a,STAT_4414,2023-02-28
1925,ORD_3fa9ee,CUST_2152ff,Commercial,2022-12-24,PAY_182e,STAT_4414,2022-12-24
1926,ORD_9451c6,CUST_2152ff,Commercial,2023-03-10,PAY_e09a,STAT_8cd2,2023-03-10
1927,ORD_200347,CUST_2152ff,Commercial,2025-09-05,PAY_e09a,STAT_8cd2,2025-09-05
1928,ORD_df6430,CUST_817eef,One_Time,2024-03-14,PAY_8cd2,STAT_8cd2,2024-03-14
1929,ORD_5cba29,CUST_cf3524,One_Time,2025-04-10,PAY_8cd2,STAT_e09a,2025-04-10
1930,ORD_016a03,CUST_b17d41,One_Time,2025-05-24,PAY_e09a,STAT_182e,2025-05-24
1931,ORD_915d66,CUST_e27e27,One_Time,2022-12-05,PAY_e09a,STAT_e09a,2022-12-05
1932,ORD_d5c2e4,CUST_f9f6fb,One_Time,2025-06-15,PAY_e09a,STAT_8cd2,2025-06-15
1933,ORD_d8580a,CUST_1d0cbc,One_Time,2026-05-24,PAY_8cd2,STAT_4414,2026-05-24
1934,ORD_e7374c,CUST_e0d3c7,One_Time,2026-02-18,PAY_4414,STAT_e09a,2026-02-18
1935,ORD_afa066,CUST_773c10,One_Time,2023-06-06,PAY_182e,STAT_e09a,2023-06-06
1936,ORD_82f8d6,CUST_fe4229,Commercial,2024-05-09,PAY_e09a,STAT_182e,2024-05-09
1937,ORD_41b874,CUST_fe4229,Commercial,2024-06-13,PAY_182e,STAT_8cd2,2024-06-13
1938,ORD_e3fb09,CUST_fe4229,Commercial,2024-05-10,PAY_8cd2,STAT_e09a,2024-05-10
1939,ORD_77a54c,CUST_fe4229,Commercial,2025-08-18,PAY_4414,STAT_4414,2025-08-18
1940,ORD_06b628,CUST_fe4229,Commercial,2022-02-05,PAY_182e,STAT_e09a,2022-02-05
1941,ORD_d6c6c3,CUST_fe4229,Commercial,2022-02-05,PAY_8cd2,STAT_182e,2022-02-05
1942,ORD_096c37,CUST_fe4229,Commercial,2022-09-08,PAY_e09a,STAT_182e,2022-09-08
1943,ORD_0c225e,CUST_fe4229,Commercial,2024-09-18,PAY_8cd2,STAT_182e,2024-09-18
1944,ORD_cf91d5,CUST_fe4229,Commercial,2023-06-13,PAY_4414,STAT_e09a,2023-06-13
1945,ORD_58ae08,CUST_fe4229,Commercial,2024-04-24,PAY_e09a,STAT_182e,2024-04-24
1946,ORD_5f8e88,CUST_fe4229,Commercial,2024-10-09,PAY_4414,STAT_e09a,2024-10-09
1947,ORD_a72d2a,CUST_fe4229,Commercial,2023-06-08,PAY_e09a,STAT_e09a,2023-06-08
1948,ORD_222d0b,CUST_fe4229,Commercial,2023-11-09,PAY_182e,STAT_182e,2023-11-09
1949,ORD_4ca50e,CUST_fe4229,Commercial,2025-11-15,PAY_8cd2,STAT_8cd2,2025-11-15
1950,ORD_09559a,CUST_fe4229,Commercial,2023-06-06,PAY_4414,STAT_182e,2023-06-06
1951,ORD_fc43aa,CUST_432706,One_Time,2024-07-02,PAY_4414,STAT_8cd2,2024-07-02
1952,ORD_c550c6,CUST_1a31ff,Repeat,2024-01-12,PAY_4414,STAT_182e,2024-01-12
1953,ORD_de227b,CUST_1a31ff,Repeat,2023-12-24,PAY_e09a,STAT_182e,2023-12-24
1954,ORD_c71205,CUST_1a31ff,Repeat,2024-09-24,PAY_e09a,STAT_e09a,2024-09-24
1955,ORD_3ba97d,CUST_1a31ff,Repeat,2026-04-24,PAY_e09a,STAT_4414,2026-04-24
1956,ORD_fb434e,CUST_1a31ff,Repeat,2025-12-25,PAY_e09a,STAT_182e,2025-12-25
1957,ORD_ac7c1b,CUST_1a31ff,Repeat,2025-07-22,PAY_8cd2,STAT_4414,2025-07-22
1958,ORD_6df6ca,CUST_3c1ac1,One_Time,2026-04-18,PAY_e09a,STAT_182e,2026-04-18
1959,ORD_6aef7f,CUST_fac53e,One_Time,2025-09-20,PAY_e09a,STAT_4414,2025-09-20
1960,ORD_493449,CUST_a8c12a,Repeat,2024-10-13,PAY_4414,STAT_8cd2,2024-10-13
1961,ORD_a4fc5b,CUST_a8c12a,Repeat,2023-01-27,PAY_e09a,STAT_8cd2,2023-01-27
1962,ORD_d23425,CUST_a8c12a,Repeat,2023-01-27,PAY_8cd2,STAT_8cd2,2023-01-27
1963,ORD_38ed49,CUST_a8c12a,Repeat,2024-06-14,PAY_182e,STAT_182e,2024-06-14
1964,ORD_93d28d,CUST_a8c12a,Repeat,2025-02-22,PAY_182e,STAT_e09a,2025-02-22
1965,ORD_527ded,CUST_a8c12a,Repeat,2023-01-27,PAY_e09a,STAT_4414,2023-01-27
1966,ORD_d12786,CUST_90db51,Commercial,2024-10-16,PAY_182e,STAT_182e,2024-10-16
1967,ORD_04ba64,CUST_90db51,Commercial,2026-01-18,PAY_182e,STAT_4414,2026-01-18
1968,ORD_078fc3,CUST_90db51,Commercial,2024-10-16,PAY_8cd2,STAT_e09a,2024-10-16
1969,ORD_b0b1b2,CUST_90db51,Commercial,2026-01-19,PAY_e09a,STAT_e09a,2026-01-19
1970,ORD_16eb06,CUST_90db51,Commercial,2026-01-02,PAY_182e,STAT_e09a,2026-01-02
1971,ORD_2d6fce,CUST_90db51,Commercial,2026-04-13,PAY_4414,STAT_e09a,2026-04-13
1972,ORD_77baa1,CUST_90db51,Commercial,2024-10-16,PAY_8cd2,STAT_e09a,2024-10-16
1973,ORD_99ffe2,CUST_90db51,Commercial,2025-07-11,PAY_182e,STAT_4414,2025-07-11
1974,ORD_4f5733,CUST_90db51,Commercial,2024-10-16,PAY_4414,STAT_e09a,2024-10-16
1975,ORD_a12e3b,CUST_90db51,Commercial,2024-10-16,PAY_4414,STAT_e09a,2024-10-16
1976,ORD_aa95ef,CUST_dd661b,One_Time,2022-04-24,PAY_4414,STAT_4414,2022-04-24
1977,ORD_48205f,CUST_aa067b,One_Time,2023-06-09,PAY_4414,STAT_4414,2023-06-09
1978,ORD_6f6cc7,CUST_cbab5a,One_Time,2025-03-20,PAY_182e,STAT_8cd2,2025-03-20
1979,ORD_3e0eec,CUST_ad4ddd,Commercial,2025-12-17,PAY_8cd2,STAT_4414,2025-12-17
1980,ORD_961edc,CUST_ad4ddd,Commercial,2025-12-17,PAY_8cd2,STAT_182e,2025-12-17
1981,ORD_e4af52,CUST_ad4ddd,Commercial,2025-12-17,PAY_8cd2,STAT_8cd2,2025-12-17
1982,ORD_6b37f3,CUST_ad4ddd,Commercial,2025-12-17,PAY_8cd2,STAT_182e,2025-12-17
1983,ORD_512ca4,CUST_ad4ddd,Commercial,2025-12-17,PAY_4414,STAT_4414,2025-12-17
1984,ORD_72bcc0,CUST_ad4ddd,Commercial,2025-12-17,PAY_e09a,STAT_182e,2025-12-17
1985,ORD_7b7165,CUST_ad4ddd,Commercial,2026-04-21,PAY_182e,STAT_182e,2026-04-21
1986,ORD_85f5b6,CUST_ad4ddd,Commercial,2025-12-17,PAY_182e,STAT_e09a,2025-12-17
1987,ORD_df5600,CUST_ad4ddd,Commercial,2025-12-17,PAY_8cd2,STAT_8cd2,2025-12-17
1988,ORD_10aad6,CUST_ad4ddd,Commercial,2025-12-17,PAY_e09a,STAT_4414,2025-12-17
1989,ORD_ef4785,CUST_ad4ddd,Commercial,2025-12-17,PAY_182e,STAT_4414,2025-12-17
1990,ORD_085cbb,CUST_ad4ddd,Commercial,2025-12-17,PAY_182e,STAT_8cd2,2025-12-17
1991,ORD_252764,CUST_3eca6f,Repeat,2024-08-13,PAY_4414,STAT_182e,2024-08-13
1992,ORD_744962,CUST_3eca6f,Repeat,2024-02-11,PAY_4414,STAT_8cd2,2024-02-11
1993,ORD_a18bf3,CUST_3eca6f,Repeat,2024-02-11,PAY_e09a,STAT_182e,2024-02-11
1994,ORD_4ab7b6,CUST_3eca6f,Repeat,2024-10-18,PAY_e09a,STAT_4414,2024-10-18
1995,ORD_76adca,CUST_3eca6f,Repeat,2025-01-15,PAY_4414,STAT_4414,2025-01-15
1996,ORD_c03310,CUST_3eca6f,Repeat,2024-02-11,PAY_e09a,STAT_e09a,2024-02-11
1997,ORD_e67180,CUST_c28de6,One_Time,2026-03-22,PAY_4414,STAT_4414,2026-03-22
1998,ORD_1156ef,CUST_cc6680,One_Time,2024-07-20,PAY_e09a,STAT_4414,2024-07-20
1999,ORD_806664,CUST_1e85fa,One_Time,2026-02-09,PAY_182e,STAT_4414,2026-02-09
2000,ORD_13dbb1,CUST_81b7da,One_Time,2023-06-09,PAY_4414,STAT_4414,2023-06-09
2001,ORD_ca24f4,CUST_978542,One_Time,2024-05-25,PAY_4414,STAT_4414,2024-05-25
2002,ORD_a2dbec,CUST_f0521b,One_Time,2024-11-09,PAY_4414,STAT_4414,2024-11-09
2003,ORD_b551d4,CUST_4f0664,Repeat,2023-08-07,PAY_182e,STAT_8cd2,2023-08-07
2004,ORD_ff423a,CUST_4f0664,Repeat,2024-08-16,PAY_e09a,STAT_8cd2,2024-08-16
2005,ORD_14b21d,CUST_4f0664,Repeat,2025-09-15,PAY_4414,STAT_e09a,2025-09-15
2006,ORD_df6be1,CUST_d262e8,One_Time,2023-05-20,PAY_8cd2,STAT_e09a,2023-05-20
2007,ORD_4dc227,CUST_96ad9e,One_Time,2023-08-27,PAY_e09a,STAT_8cd2,2023-08-27
2008,ORD_ba907a,CUST_639fcd,Repeat,2023-10-15,PAY_182e,STAT_4414,2023-10-15
2009,ORD_686467,CUST_639fcd,Repeat,2023-08-13,PAY_4414,STAT_e09a,2023-08-13
2010,ORD_81d597,CUST_639fcd,Repeat,2022-01-10,PAY_4414,STAT_182e,2022-01-10
2011,ORD_eba6ce,CUST_113765,One_Time,2025-08-18,PAY_8cd2,STAT_4414,2025-08-18
2012,ORD_5425a5,CUST_eb5bec,Commercial,2021-11-04,PAY_4414,STAT_e09a,2021-11-04
2013,ORD_517525,CUST_eb5bec,Commercial,2023-01-07,PAY_e09a,STAT_e09a,2023-01-07
2014,ORD_c43e73,CUST_eb5bec,Commercial,2026-05-09,PAY_8cd2,STAT_4414,2026-05-09
2015,ORD_515a16,CUST_eb5bec,Commercial,2023-04-13,PAY_182e,STAT_4414,2023-04-13
2016,ORD_6ec240,CUST_eb5bec,Commercial,2022-07-18,PAY_e09a,STAT_8cd2,2022-07-18
2017,ORD_5f4c3a,CUST_eb5bec,Commercial,2026-05-05,PAY_8cd2,STAT_e09a,2026-05-05
2018,ORD_da693c,CUST_eb5bec,Commercial,2022-09-17,PAY_182e,STAT_8cd2,2022-09-17
2019,ORD_3fd298,CUST_eb5bec,Commercial,2024-01-13,PAY_182e,STAT_e09a,2024-01-13
2020,ORD_0c40ef,CUST_eb5bec,Commercial,2021-05-05,PAY_4414,STAT_4414,2021-05-05
2021,ORD_039676,CUST_eb5bec,Commercial,2025-07-04,PAY_182e,STAT_4414,2025-07-04
2022,ORD_644fd4,CUST_eb5bec,Commercial,2022-04-23,PAY_e09a,STAT_e09a,2022-04-23
2023,ORD_b91ef6,CUST_eb5bec,Commercial,2021-06-07,PAY_e09a,STAT_4414,2021-06-07
2024,ORD_39c3ea,CUST_eb5bec,Commercial,2025-02-02,PAY_182e,STAT_e09a,2025-02-02
2025,ORD_ab558f,CUST_eb5bec,Commercial,2022-09-24,PAY_e09a,STAT_e09a,2022-09-24
2026,ORD_718e84,CUST_eb5bec,Commercial,2026-03-14,PAY_e09a,STAT_4414,2026-03-14
2027,ORD_191f1b,CUST_eb5bec,Commercial,2025-06-16,PAY_182e,STAT_e09a,2025-06-16
2028,ORD_03d7fd,CUST_eb5bec,Commercial,2022-04-17,PAY_8cd2,STAT_4414,2022-04-17
2029,ORD_fa4830,CUST_eb5bec,Commercial,2025-10-23,PAY_4414,STAT_182e,2025-10-23
2030,ORD_fe659a,CUST_eb5bec,Commercial,2021-11-21,PAY_4414,STAT_4414,2021-11-21
2031,ORD_8f9c79,CUST_eb5bec,Commercial,2025-03-09,PAY_4414,STAT_182e,2025-03-09
2032,ORD_739791,CUST_e1b72a,One_Time,2022-09-07,PAY_4414,STAT_182e,2022-09-07
2033,ORD_5cf814,CUST_f79a66,Repeat,2025-01-18,PAY_4414,STAT_8cd2,2025-01-18
2034,ORD_3714af,CUST_f79a66,Repeat,2025-02-26,PAY_e09a,STAT_8cd2,2025-02-26
2035,ORD_653159,CUST_f79a66,Repeat,2022-07-08,PAY_e09a,STAT_e09a,2022-07-08
2036,ORD_d7d7b3,CUST_203f27,One_Time,2025-02-17,PAY_4414,STAT_8cd2,2025-02-17
2037,ORD_d7cace,CUST_763118,Repeat,2023-07-15,PAY_8cd2,STAT_8cd2,2023-07-15
2038,ORD_7c4572,CUST_763118,Repeat,2025-06-17,PAY_182e,STAT_e09a,2025-06-17
2039,ORD_dfcf4d,CUST_741ec8,One_Time,2023-12-25,PAY_e09a,STAT_e09a,2023-12-25
2040,ORD_fefc20,CUST_3a366e,Repeat,2024-10-24,PAY_e09a,STAT_e09a,2024-10-24
2041,ORD_39e651,CUST_3a366e,Repeat,2025-08-28,PAY_8cd2,STAT_e09a,2025-08-28
2042,ORD_3c92f5,CUST_a35367,Repeat,2024-12-20,PAY_182e,STAT_8cd2,2024-12-20
2043,ORD_3d5bc6,CUST_a35367,Repeat,2022-12-26,PAY_182e,STAT_182e,2022-12-26
2044,ORD_aea751,CUST_a35367,Repeat,2024-04-19,PAY_182e,STAT_4414,2024-04-19
2045,ORD_e0d976,CUST_a35367,Repeat,2022-03-09,PAY_182e,STAT_4414,2022-03-09
2046,ORD_389660,CUST_065400,One_Time,2021-09-12,PAY_8cd2,STAT_182e,2021-09-12
2047,ORD_b1c598,CUST_1a9476,One_Time,2024-03-14,PAY_8cd2,STAT_182e,2024-03-14
2048,ORD_ebac0a,CUST_f44e27,One_Time,2026-02-09,PAY_4414,STAT_e09a,2026-02-09
2049,ORD_028976,CUST_b28542,One_Time,2026-01-03,PAY_4414,STAT_e09a,2026-01-03
2050,ORD_91b610,CUST_03884f,One_Time,2025-12-26,PAY_e09a,STAT_4414,2025-12-26
2051,ORD_73ebb8,CUST_729521,One_Time,2025-08-24,PAY_4414,STAT_4414,2025-08-24
2052,ORD_571ca5,CUST_d8fc57,One_Time,2023-05-09,PAY_4414,STAT_4414,2023-05-09
2053,ORD_632549,CUST_9eee40,One_Time,2022-02-20,PAY_8cd2,STAT_8cd2,2022-02-20
2054,ORD_98b540,CUST_7e113f,One_Time,2024-06-05,PAY_182e,STAT_e09a,2024-06-05
2055,ORD_b287d6,CUST_43a801,Repeat,2025-08-24,PAY_182e,STAT_4414,2025-08-24
2056,ORD_ec78ba,CUST_43a801,Repeat,2025-08-24,PAY_182e,STAT_4414,2025-08-24
2057,ORD_c0d1e0,CUST_43a801,Repeat,2025-08-24,PAY_4414,STAT_8cd2,2025-08-24
2058,ORD_9fe800,CUST_43a801,Repeat,2025-08-24,PAY_8cd2,STAT_182e,2025-08-24
2059,ORD_275375,CUST_43a801,Repeat,2025-12-14,PAY_4414,STAT_182e,2025-12-14
2060,ORD_b854c6,CUST_43a801,Repeat,2025-08-24,PAY_4414,STAT_182e,2025-08-24
2061,ORD_c36458,CUST_2445a3,One_Time,2024-01-19,PAY_8cd2,STAT_4414,2024-01-19
2062,ORD_f36d53,CUST_b6a60e,One_Time,2024-04-16,PAY_182e,STAT_e09a,2024-04-16
2063,ORD_a953c2,CUST_c47aa9,Repeat,2024-03-10,PAY_4414,STAT_182e,2024-03-10
2064,ORD_8ef048,CUST_c47aa9,Repeat,2025-12-18,PAY_4414,STAT_8cd2,2025-12-18
2065,ORD_e611ad,CUST_c47aa9,Repeat,2022-11-16,PAY_182e,STAT_4414,2022-11-16
2066,ORD_790fa7,CUST_c47aa9,Repeat,2024-11-14,PAY_4414,STAT_182e,2024-11-14
2067,ORD_8e3fa0,CUST_c47aa9,Repeat,2023-06-14,PAY_e09a,STAT_e09a,2023-06-14
2068,ORD_85b14e,CUST_d63544,One_Time,2026-05-06,PAY_4414,STAT_8cd2,2026-05-06
2069,ORD_038462,CUST_2ce74c,One_Time,2023-11-01,PAY_e09a,STAT_4414,2023-11-01
2070,ORD_ff40a7,CUST_3ee26f,Repeat,2024-11-17,PAY_e09a,STAT_182e,2024-11-17
2071,ORD_f535c1,CUST_3ee26f,Repeat,2024-11-17,PAY_4414,STAT_8cd2,2024-11-17
2072,ORD_023f1b,CUST_3ee26f,Repeat,2024-11-18,PAY_182e,STAT_4414,2024-11-18
2073,ORD_75c02b,CUST_3ee26f,Repeat,2025-01-09,PAY_8cd2,STAT_e09a,2025-01-09
2074,ORD_473775,CUST_3ee26f,Repeat,2025-05-25,PAY_182e,STAT_8cd2,2025-05-25
2075,ORD_1b74a7,CUST_af599c,One_Time,2024-08-09,PAY_8cd2,STAT_e09a,2024-08-09
2076,ORD_568b03,CUST_fdbb3a,Commercial,2025-07-06,PAY_4414,STAT_182e,2025-07-06
2077,ORD_eb3727,CUST_fdbb3a,Commercial,2025-07-06,PAY_e09a,STAT_4414,2025-07-06
2078,ORD_52f4fe,CUST_fdbb3a,Commercial,2025-07-06,PAY_8cd2,STAT_e09a,2025-07-06
2079,ORD_fb67b7,CUST_fdbb3a,Commercial,2025-07-06,PAY_e09a,STAT_182e,2025-07-06
2080,ORD_f73890,CUST_fdbb3a,Commercial,2025-07-06,PAY_e09a,STAT_e09a,2025-07-06
2081,ORD_951fe4,CUST_fdbb3a,Commercial,2025-07-06,PAY_e09a,STAT_4414,2025-07-06
2082,ORD_96be22,CUST_fdbb3a,Commercial,2025-07-06,PAY_182e,STAT_182e,2025-07-06
2083,ORD_6720ea,CUST_fdbb3a,Commercial,2025-07-06,PAY_4414,STAT_182e,2025-07-06
2084,ORD_10fd29,CUST_fdbb3a,Commercial,2025-07-06,PAY_8cd2,STAT_4414,2025-07-06
2085,ORD_ebec29,CUST_fdbb3a,Commercial,2025-07-06,PAY_8cd2,STAT_4414,2025-07-06
2086,ORD_090ec5,CUST_fdbb3a,Commercial,2025-07-06,PAY_e09a,STAT_8cd2,2025-07-06
2087,ORD_1c39a3,CUST_fdbb3a,Commercial,2025-07-06,PAY_8cd2,STAT_182e,2025-07-06
2088,ORD_f7f11c,CUST_fdbb3a,Commercial,2025-07-06,PAY_e09a,STAT_e09a,2025-07-06
2089,ORD_a2bdb7,CUST_fdbb3a,Commercial,2025-07-06,PAY_182e,STAT_182e,2025-07-06
2090,ORD_940944,CUST_fdbb3a,Commercial,2025-07-06,PAY_4414,STAT_8cd2,2025-07-06
2091,ORD_d6ba10,CUST_fdbb3a,Commercial,2026-03-01,PAY_4414,STAT_8cd2,2026-03-01
2092,ORD_5f8e7a,CUST_3192bb,One_Time,2025-06-15,PAY_4414,STAT_8cd2,2025-06-15
2093,ORD_d59b09,CUST_927fd5,One_Time,2024-01-24,PAY_e09a,STAT_e09a,2024-01-24
2094,ORD_3439ff,CUST_a28138,Repeat,2023-07-24,PAY_182e,STAT_8cd2,2023-07-24
2095,ORD_250f89,CUST_a28138,Repeat,2026-01-18,PAY_182e,STAT_e09a,2026-01-18
2096,ORD_972038,CUST_a28138,Repeat,2023-07-24,PAY_e09a,STAT_8cd2,2023-07-24
2097,ORD_660003,CUST_a28138,Repeat,2025-03-25,PAY_4414,STAT_182e,2025-03-25
2098,ORD_6e2b23,CUST_6debef,One_Time,2026-02-13,PAY_e09a,STAT_182e,2026-02-13
2099,ORD_4fffbe,CUST_7ecf7e,One_Time,2025-07-11,PAY_8cd2,STAT_4414,2025-07-11
2100,ORD_5016a6,CUST_1ff6ff,One_Time,2024-11-09,PAY_e09a,STAT_e09a,2024-11-09
2101,ORD_afe7b6,CUST_7f0218,One_Time,2024-01-10,PAY_182e,STAT_182e,2024-01-10
2102,ORD_901db9,CUST_4feafa,Repeat,2025-09-11,PAY_e09a,STAT_e09a,2025-09-11
2103,ORD_e66b8f,CUST_4feafa,Repeat,2025-09-11,PAY_182e,STAT_182e,2025-09-11
2104,ORD_f18f57,CUST_4feafa,Repeat,2025-09-11,PAY_4414,STAT_8cd2,2025-09-11
2105,ORD_a22bc7,CUST_4feafa,Repeat,2025-09-11,PAY_182e,STAT_182e,2025-09-11
2106,ORD_d631d1,CUST_4feafa,Repeat,2025-09-11,PAY_182e,STAT_8cd2,2025-09-11
2107,ORD_d665c7,CUST_4feafa,Repeat,2025-09-11,PAY_8cd2,STAT_e09a,2025-09-11
2108,ORD_2985e8,CUST_5f005d,One_Time,2025-08-08,PAY_e09a,STAT_e09a,2025-08-08
2109,ORD_bc97b2,CUST_e0b58d,One_Time,2025-11-26,PAY_182e,STAT_4414,2025-11-26
2110,ORD_c4ed19,CUST_fb74d9,Repeat,2026-01-13,PAY_e09a,STAT_182e,2026-01-13
2111,ORD_bfc4e0,CUST_fb74d9,Repeat,2023-11-27,PAY_e09a,STAT_8cd2,2023-11-27
2112,ORD_611819,CUST_c26bc0,One_Time,2023-01-20,PAY_4414,STAT_182e,2023-01-20
2113,ORD_5a2f5e,CUST_fd284a,One_Time,2021-11-16,PAY_e09a,STAT_182e,2021-11-16
2114,ORD_4d122f,CUST_f4d79d,Repeat,2022-07-03,PAY_4414,STAT_182e,2022-07-03
2115,ORD_d74419,CUST_f4d79d,Repeat,2025-02-22,PAY_e09a,STAT_8cd2,2025-02-22
2116,ORD_504e4c,CUST_f4d79d,Repeat,2022-07-03,PAY_182e,STAT_8cd2,2022-07-03
2117,ORD_71e43f,CUST_f4d79d,Repeat,2023-12-20,PAY_4414,STAT_8cd2,2023-12-20
2118,ORD_99cd41,CUST_0a228d,One_Time,2025-10-21,PAY_182e,STAT_182e,2025-10-21
2119,ORD_f30663,CUST_96af5c,One_Time,2024-05-14,PAY_4414,STAT_182e,2024-05-14
2120,ORD_c39631,CUST_b78e78,One_Time,2022-06-01,PAY_4414,STAT_8cd2,2022-06-01
2121,ORD_972bc6,CUST_c363bf,Commercial,2022-01-13,PAY_e09a,STAT_4414,2022-01-13
2122,ORD_9e63ba,CUST_c363bf,Commercial,2021-07-10,PAY_8cd2,STAT_e09a,2021-07-10
2123,ORD_d0a60d,CUST_c363bf,Commercial,2021-11-26,PAY_8cd2,STAT_4414,2021-11-26
2124,ORD_f795d7,CUST_c363bf,Commercial,2022-06-17,PAY_4414,STAT_182e,2022-06-17
2125,ORD_771317,CUST_c363bf,Commercial,2024-02-20,PAY_182e,STAT_8cd2,2024-02-20
2126,ORD_a1b5eb,CUST_c363bf,Commercial,2024-01-17,PAY_182e,STAT_182e,2024-01-17
2127,ORD_ab810e,CUST_c363bf,Commercial,2024-02-10,PAY_4414,STAT_182e,2024-02-10
2128,ORD_777fc6,CUST_c363bf,Commercial,2023-10-13,PAY_8cd2,STAT_8cd2,2023-10-13
2129,ORD_ac7abb,CUST_c363bf,Commercial,2022-11-10,PAY_4414,STAT_182e,2022-11-10
2130,ORD_9f75aa,CUST_c363bf,Commercial,2025-03-22,PAY_182e,STAT_e09a,2025-03-22
2131,ORD_524fc0,CUST_c363bf,Commercial,2025-04-01,PAY_8cd2,STAT_8cd2,2025-04-01
2132,ORD_e4a292,CUST_c363bf,Commercial,2021-09-07,PAY_e09a,STAT_e09a,2021-09-07
2133,ORD_e04efc,CUST_c363bf,Commercial,2022-01-03,PAY_4414,STAT_4414,2022-01-03
2134,ORD_918db7,CUST_c363bf,Commercial,2025-07-02,PAY_8cd2,STAT_4414,2025-07-02
2135,ORD_0c07ae,CUST_c363bf,Commercial,2022-09-03,PAY_182e,STAT_4414,2022-09-03
2136,ORD_49c3ee,CUST_c363bf,Commercial,2024-06-17,PAY_182e,STAT_4414,2024-06-17
2137,ORD_36dc09,CUST_67afb4,One_Time,2025-09-08,PAY_8cd2,STAT_e09a,2025-09-08
2138,ORD_4dd1e9,CUST_4c096d,One_Time,2026-01-17,PAY_e09a,STAT_e09a,2026-01-17
2139,ORD_89a0a2,CUST_9d4d84,One_Time,2024-11-19,PAY_4414,STAT_182e,2024-11-19
2140,ORD_009a17,CUST_4db1d1,One_Time,2024-08-08,PAY_e09a,STAT_e09a,2024-08-08
2141,ORD_e3a0c9,CUST_b4bbcb,Repeat,2025-01-14,PAY_e09a,STAT_4414,2025-01-14
2142,ORD_2f4670,CUST_b4bbcb,Repeat,2023-06-09,PAY_e09a,STAT_182e,2023-06-09
2143,ORD_11d478,CUST_b4bbcb,Repeat,2025-03-24,PAY_8cd2,STAT_182e,2025-03-24
2144,ORD_1a8094,CUST_40ae06,One_Time,2024-12-26,PAY_e09a,STAT_182e,2024-12-26
2145,ORD_d17815,CUST_e9db6e,One_Time,2024-11-08,PAY_e09a,STAT_4414,2024-11-08
2146,ORD_982e53,CUST_8b1425,One_Time,2024-04-17,PAY_e09a,STAT_e09a,2024-04-17
2147,ORD_e6eeee,CUST_47d6cb,One_Time,2023-08-08,PAY_4414,STAT_e09a,2023-08-08
2148,ORD_e44b5d,CUST_0384ed,One_Time,2022-07-27,PAY_182e,STAT_e09a,2022-07-27
2149,ORD_bab285,CUST_12f2f4,One_Time,2025-01-01,PAY_182e,STAT_e09a,2025-01-01
2150,ORD_a5f320,CUST_882344,One_Time,2025-09-13,PAY_4414,STAT_182e,2025-09-13
2151,ORD_931a11,CUST_a3cdde,One_Time,2023-05-17,PAY_4414,STAT_4414,2023-05-17
2152,ORD_ca89ed,CUST_f82ea6,Repeat,2025-08-24,PAY_e09a,STAT_182e,2025-08-24
2153,ORD_174332,CUST_f82ea6,Repeat,2025-08-24,PAY_182e,STAT_182e,2025-08-24
2154,ORD_dd0ce9,CUST_f82ea6,Repeat,2025-08-24,PAY_4414,STAT_e09a,2025-08-24
2155,ORD_4a0cc2,CUST_a2323e,One_Time,2025-06-03,PAY_e09a,STAT_4414,2025-06-03
2156,ORD_d56eaa,CUST_da3ff2,Repeat,2024-08-28,PAY_8cd2,STAT_182e,2024-08-28
2157,ORD_453608,CUST_da3ff2,Repeat,2024-08-28,PAY_e09a,STAT_e09a,2024-08-28
2158,ORD_620691,CUST_da3ff2,Repeat,2024-08-28,PAY_4414,STAT_182e,2024-08-28
2159,ORD_d3d60c,CUST_da3ff2,Repeat,2024-08-28,PAY_e09a,STAT_8cd2,2024-08-28
2160,ORD_b18fae,CUST_da3ff2,Repeat,2024-08-28,PAY_4414,STAT_e09a,2024-08-28
2161,ORD_3accfc,CUST_99d3b6,One_Time,2021-06-01,PAY_8cd2,STAT_4414,2021-06-01
2162,ORD_76fa2e,CUST_e18813,One_Time,2026-05-20,PAY_4414,STAT_e09a,2026-05-20
2163,ORD_056194,CUST_66940c,One_Time,2023-11-08,PAY_4414,STAT_4414,2023-11-08
2164,ORD_09d5ad,CUST_6d9c57,Repeat,2026-05-02,PAY_4414,STAT_4414,2026-05-02
2165,ORD_ea65bf,CUST_6d9c57,Repeat,2026-05-02,PAY_e09a,STAT_182e,2026-05-02
2166,ORD_e9bc59,CUST_6d9c57,Repeat,2026-05-02,PAY_8cd2,STAT_4414,2026-05-02
2167,ORD_849598,CUST_6d9c57,Repeat,2026-05-02,PAY_182e,STAT_8cd2,2026-05-02
2168,ORD_78e4f8,CUST_6d9c57,Repeat,2026-05-02,PAY_4414,STAT_4414,2026-05-02
2169,ORD_222318,CUST_6d9c57,Repeat,2026-05-02,PAY_4414,STAT_4414,2026-05-02
2170,ORD_264c27,CUST_7837ed,One_Time,2024-02-19,PAY_4414,STAT_8cd2,2024-02-19
2171,ORD_d3f1d4,CUST_94a2f0,One_Time,2025-01-27,PAY_e09a,STAT_e09a,2025-01-27
2172,ORD_fbcd42,CUST_a4501d,One_Time,2026-03-14,PAY_4414,STAT_8cd2,2026-03-14
2173,ORD_f6642c,CUST_25be81,One_Time,2024-11-06,PAY_8cd2,STAT_e09a,2024-11-06
2174,ORD_4551f7,CUST_3c8925,Repeat,2026-04-21,PAY_182e,STAT_e09a,2026-04-21
2175,ORD_02a398,CUST_3c8925,Repeat,2022-03-28,PAY_182e,STAT_4414,2022-03-28
2176,ORD_09bea6,CUST_3c8925,Repeat,2022-03-28,PAY_182e,STAT_4414,2022-03-28
2177,ORD_fe305d,CUST_3c8925,Repeat,2025-04-07,PAY_e09a,STAT_4414,2025-04-07
2178,ORD_4b18ff,CUST_1cd333,One_Time,2025-03-06,PAY_8cd2,STAT_e09a,2025-03-06
2179,ORD_56f10e,CUST_59aae8,One_Time,2024-03-02,PAY_8cd2,STAT_8cd2,2024-03-02
2180,ORD_6cd2bb,CUST_b20cbc,Repeat,2024-11-22,PAY_e09a,STAT_4414,2024-11-22
2181,ORD_c327f1,CUST_b20cbc,Repeat,2023-11-17,PAY_8cd2,STAT_4414,2023-11-17
2182,ORD_824799,CUST_35838d,Repeat,2026-03-20,PAY_e09a,STAT_e09a,2026-03-20
2183,ORD_0e9056,CUST_35838d,Repeat,2023-06-28,PAY_8cd2,STAT_e09a,2023-06-28
2184,ORD_854a89,CUST_35838d,Repeat,2026-02-13,PAY_8cd2,STAT_8cd2,2026-02-13
2185,ORD_4e8469,CUST_c4f13a,One_Time,2025-09-21,PAY_4414,STAT_182e,2025-09-21
2186,ORD_c18ec1,CUST_e8c86d,Repeat,2024-05-24,PAY_8cd2,STAT_8cd2,2024-05-24
2187,ORD_8730bb,CUST_e8c86d,Repeat,2024-05-24,PAY_8cd2,STAT_e09a,2024-05-24
2188,ORD_04edfc,CUST_c8857c,One_Time,2026-02-24,PAY_4414,STAT_182e,2026-02-24
2189,ORD_fd41e2,CUST_539af5,Repeat,2022-10-18,PAY_182e,STAT_182e,2022-10-18
2190,ORD_66fb00,CUST_539af5,Repeat,2024-11-24,PAY_8cd2,STAT_8cd2,2024-11-24
2191,ORD_831d78,CUST_156a68,One_Time,2025-04-05,PAY_e09a,STAT_182e,2025-04-05
2192,ORD_ec09a9,CUST_f68df0,One_Time,2026-03-09,PAY_e09a,STAT_e09a,2026-03-09
2193,ORD_489994,CUST_f1f7d7,One_Time,2022-08-02,PAY_4414,STAT_e09a,2022-08-02
2194,ORD_74935f,CUST_289272,One_Time,2021-08-17,PAY_4414,STAT_8cd2,2021-08-17
2195,ORD_6bbed6,CUST_9391b5,One_Time,2024-12-07,PAY_8cd2,STAT_e09a,2024-12-07
2196,ORD_084908,CUST_a925cd,One_Time,2023-12-24,PAY_8cd2,STAT_e09a,2023-12-24
2197,ORD_fee4de,CUST_cd201a,One_Time,2026-03-01,PAY_e09a,STAT_e09a,2026-03-01
2198,ORD_5d597e,CUST_7fe806,Commercial,2025-11-20,PAY_e09a,STAT_8cd2,2025-11-20
2199,ORD_24d0c2,CUST_7fe806,Commercial,2025-08-28,PAY_182e,STAT_182e,2025-08-28
2200,ORD_eafc04,CUST_7fe806,Commercial,2025-08-28,PAY_182e,STAT_e09a,2025-08-28
2201,ORD_051b8c,CUST_7fe806,Commercial,2025-08-28,PAY_8cd2,STAT_8cd2,2025-08-28
2202,ORD_2d368a,CUST_7fe806,Commercial,2025-08-28,PAY_4414,STAT_4414,2025-08-28
2203,ORD_bf1d3c,CUST_7fe806,Commercial,2025-08-28,PAY_4414,STAT_182e,2025-08-28
2204,ORD_8ed9ac,CUST_7fe806,Commercial,2025-08-28,PAY_8cd2,STAT_4414,2025-08-28
2205,ORD_babda1,CUST_7fe806,Commercial,2025-08-28,PAY_8cd2,STAT_182e,2025-08-28
2206,ORD_342439,CUST_7fe806,Commercial,2025-08-28,PAY_4414,STAT_4414,2025-08-28
2207,ORD_55ab53,CUST_7fe806,Commercial,2025-10-12,PAY_4414,STAT_e09a,2025-10-12
2208,ORD_7d47ed,CUST_7fe806,Commercial,2025-08-28,PAY_182e,STAT_8cd2,2025-08-28
2209,ORD_75a6be,CUST_7fe806,Commercial,2026-01-16,PAY_4414,STAT_8cd2,2026-01-16
2210,ORD_dfe131,CUST_7fe806,Commercial,2025-08-28,PAY_8cd2,STAT_4414,2025-08-28
2211,ORD_21b6e4,CUST_7fe806,Commercial,2025-08-28,PAY_182e,STAT_4414,2025-08-28
2212,ORD_c18a41,CUST_8bc3c4,One_Time,2025-02-28,PAY_8cd2,STAT_4414,2025-02-28
2213,ORD_ca7d23,CUST_b64502,One_Time,2025-07-27,PAY_e09a,STAT_4414,2025-07-27
2214,ORD_066def,CUST_31325b,One_Time,2023-04-16,PAY_8cd2,STAT_e09a,2023-04-16
2215,ORD_df3e9b,CUST_6db8a3,Commercial,2025-07-05,PAY_e09a,STAT_4414,2025-07-05
2216,ORD_53b300,CUST_6db8a3,Commercial,2023-08-15,PAY_e09a,STAT_8cd2,2023-08-15
2217,ORD_17cc82,CUST_6db8a3,Commercial,2023-08-15,PAY_8cd2,STAT_8cd2,2023-08-15
2218,ORD_023111,CUST_6db8a3,Commercial,2024-09-17,PAY_4414,STAT_182e,2024-09-17
2219,ORD_2c99ee,CUST_6db8a3,Commercial,2023-08-15,PAY_e09a,STAT_e09a,2023-08-15
2220,ORD_2ed8d8,CUST_6db8a3,Commercial,2026-03-28,PAY_8cd2,STAT_e09a,2026-03-28
2221,ORD_f0b510,CUST_6db8a3,Commercial,2023-08-15,PAY_182e,STAT_e09a,2023-08-15
2222,ORD_777835,CUST_6db8a3,Commercial,2025-04-17,PAY_182e,STAT_8cd2,2025-04-17
2223,ORD_da69b2,CUST_6db8a3,Commercial,2025-03-14,PAY_4414,STAT_8cd2,2025-03-14
2224,ORD_7c2602,CUST_6db8a3,Commercial,2024-05-07,PAY_8cd2,STAT_182e,2024-05-07
2225,ORD_53bf1a,CUST_6db8a3,Commercial,2023-08-15,PAY_4414,STAT_e09a,2023-08-15
2226,ORD_baad11,CUST_6db8a3,Commercial,2026-03-24,PAY_8cd2,STAT_4414,2026-03-24
2227,ORD_39ef44,CUST_6db8a3,Commercial,2024-03-26,PAY_e09a,STAT_182e,2024-03-26
2228,ORD_2cfbf1,CUST_6db8a3,Commercial,2025-09-12,PAY_e09a,STAT_8cd2,2025-09-12
2229,ORD_b09d9f,CUST_6db8a3,Commercial,2023-11-12,PAY_8cd2,STAT_8cd2,2023-11-12
2230,ORD_af0529,CUST_6db8a3,Commercial,2024-06-09,PAY_8cd2,STAT_8cd2,2024-06-09
2231,ORD_8850df,CUST_6db8a3,Commercial,2023-08-15,PAY_e09a,STAT_4414,2023-08-15
2232,ORD_3759f0,CUST_0c8749,Repeat,2025-11-03,PAY_8cd2,STAT_182e,2025-11-03
2233,ORD_ad2150,CUST_0c8749,Repeat,2025-11-03,PAY_e09a,STAT_e09a,2025-11-03
2234,ORD_08f39a,CUST_0c8749,Repeat,2025-11-03,PAY_8cd2,STAT_4414,2025-11-03
2235,ORD_cb19d8,CUST_0c8749,Repeat,2026-05-07,PAY_4414,STAT_4414,2026-05-07
2236,ORD_5d6101,CUST_5e638e,One_Time,2026-02-18,PAY_e09a,STAT_e09a,2026-02-18
2237,ORD_f82854,CUST_fb182f,Repeat,2026-01-25,PAY_4414,STAT_8cd2,2026-01-25
2238,ORD_1be033,CUST_fb182f,Repeat,2024-10-22,PAY_e09a,STAT_4414,2024-10-22
2239,ORD_6cec65,CUST_fb182f,Repeat,2023-05-21,PAY_4414,STAT_8cd2,2023-05-21
2240,ORD_866f86,CUST_c4ce36,One_Time,2025-05-14,PAY_8cd2,STAT_e09a,2025-05-14
2241,ORD_2e1b3d,CUST_7d649e,Repeat,2026-03-27,PAY_182e,STAT_4414,2026-03-27
2242,ORD_4073a4,CUST_7d649e,Repeat,2023-03-16,PAY_8cd2,STAT_4414,2023-03-16
2243,ORD_89f244,CUST_7d649e,Repeat,2025-08-02,PAY_8cd2,STAT_4414,2025-08-02
2244,ORD_b4b074,CUST_7d649e,Repeat,2023-10-21,PAY_182e,STAT_182e,2023-10-21
2245,ORD_0c44e3,CUST_7d649e,Repeat,2023-03-16,PAY_8cd2,STAT_e09a,2023-03-16
2246,ORD_0ae9bd,CUST_7d649e,Repeat,2024-02-23,PAY_4414,STAT_4414,2024-02-23
2247,ORD_3b9cd5,CUST_d9d5ea,One_Time,2026-02-19,PAY_8cd2,STAT_8cd2,2026-02-19
2248,ORD_5de4df,CUST_d51cdc,One_Time,2023-11-13,PAY_8cd2,STAT_182e,2023-11-13
2249,ORD_c93255,CUST_a72864,One_Time,2026-02-19,PAY_8cd2,STAT_4414,2026-02-19
2250,ORD_0a59b5,CUST_d21b87,Commercial,2024-11-06,PAY_8cd2,STAT_e09a,2024-11-06
2251,ORD_df34f9,CUST_d21b87,Commercial,2024-11-06,PAY_e09a,STAT_4414,2024-11-06
2252,ORD_835829,CUST_d21b87,Commercial,2024-11-06,PAY_4414,STAT_182e,2024-11-06
2253,ORD_92d5b3,CUST_d21b87,Commercial,2024-11-06,PAY_182e,STAT_182e,2024-11-06
2254,ORD_426483,CUST_d21b87,Commercial,2024-11-06,PAY_8cd2,STAT_e09a,2024-11-06
2255,ORD_fc52da,CUST_d21b87,Commercial,2024-11-06,PAY_8cd2,STAT_4414,2024-11-06
2256,ORD_b64f4a,CUST_d21b87,Commercial,2024-11-06,PAY_182e,STAT_8cd2,2024-11-06
2257,ORD_f6d499,CUST_d21b87,Commercial,2024-11-06,PAY_8cd2,STAT_182e,2024-11-06
2258,ORD_918338,CUST_d21b87,Commercial,2025-02-05,PAY_8cd2,STAT_e09a,2025-02-05
2259,ORD_3b1463,CUST_d21b87,Commercial,2026-03-12,PAY_8cd2,STAT_4414,2026-03-12
2260,ORD_8b0b7a,CUST_d21b87,Commercial,2025-03-24,PAY_8cd2,STAT_8cd2,2025-03-24
2261,ORD_b16da5,CUST_d21b87,Commercial,2026-02-23,PAY_4414,STAT_8cd2,2026-02-23
2262,ORD_500c93,CUST_dfc901,One_Time,2021-09-18,PAY_e09a,STAT_4414,2021-09-18
2263,ORD_f537ef,CUST_90b5e6,Commercial,2023-12-11,PAY_182e,STAT_182e,2023-12-11
2264,ORD_1b136e,CUST_90b5e6,Commercial,2023-08-12,PAY_182e,STAT_e09a,2023-08-12
2265,ORD_7e8552,CUST_90b5e6,Commercial,2024-11-09,PAY_8cd2,STAT_182e,2024-11-09
2266,ORD_01a78f,CUST_90b5e6,Commercial,2024-07-20,PAY_e09a,STAT_e09a,2024-07-20
2267,ORD_aa7c56,CUST_90b5e6,Commercial,2023-08-12,PAY_e09a,STAT_8cd2,2023-08-12
2268,ORD_3b7258,CUST_90b5e6,Commercial,2024-10-24,PAY_182e,STAT_182e,2024-10-24
2269,ORD_f0f35e,CUST_90b5e6,Commercial,2023-08-12,PAY_182e,STAT_8cd2,2023-08-12
2270,ORD_dd5c98,CUST_90b5e6,Commercial,2025-07-07,PAY_4414,STAT_4414,2025-07-07
2271,ORD_dcd9c2,CUST_90b5e6,Commercial,2025-08-08,PAY_182e,STAT_4414,2025-08-08
2272,ORD_d4263a,CUST_90b5e6,Commercial,2023-08-12,PAY_4414,STAT_182e,2023-08-12
2273,ORD_8ef4b9,CUST_90b5e6,Commercial,2026-05-19,PAY_8cd2,STAT_4414,2026-05-19
2274,ORD_d85344,CUST_90b5e6,Commercial,2025-03-17,PAY_4414,STAT_182e,2025-03-17
2275,ORD_32aab3,CUST_90b5e6,Commercial,2023-08-12,PAY_8cd2,STAT_8cd2,2023-08-12
2276,ORD_82572d,CUST_90b5e6,Commercial,2025-12-02,PAY_e09a,STAT_182e,2025-12-02
2277,ORD_bfac09,CUST_90b5e6,Commercial,2023-08-12,PAY_4414,STAT_8cd2,2023-08-12
2278,ORD_41b765,CUST_90b5e6,Commercial,2025-12-19,PAY_4414,STAT_e09a,2025-12-19
2279,ORD_7064ba,CUST_c80488,Commercial,2025-10-14,PAY_182e,STAT_8cd2,2025-10-14
2280,ORD_3503ed,CUST_c80488,Commercial,2025-03-27,PAY_e09a,STAT_4414,2025-03-27
2281,ORD_8d5478,CUST_c80488,Commercial,2025-03-27,PAY_182e,STAT_182e,2025-03-27
2282,ORD_8fc015,CUST_c80488,Commercial,2025-03-27,PAY_4414,STAT_4414,2025-03-27
2283,ORD_9648e5,CUST_c80488,Commercial,2025-03-27,PAY_8cd2,STAT_182e,2025-03-27
2284,ORD_1923fc,CUST_c80488,Commercial,2025-03-27,PAY_8cd2,STAT_182e,2025-03-27
2285,ORD_93ac1f,CUST_c80488,Commercial,2025-03-27,PAY_4414,STAT_182e,2025-03-27
2286,ORD_f8db85,CUST_c80488,Commercial,2026-03-12,PAY_4414,STAT_8cd2,2026-03-12
2287,ORD_a90758,CUST_c80488,Commercial,2025-03-27,PAY_182e,STAT_4414,2025-03-27
2288,ORD_9805b3,CUST_c80488,Commercial,2025-03-27,PAY_182e,STAT_e09a,2025-03-27
2289,ORD_2cd69c,CUST_c80488,Commercial,2025-03-27,PAY_e09a,STAT_4414,2025-03-27
2290,ORD_b09bee,CUST_c80488,Commercial,2025-03-27,PAY_e09a,STAT_182e,2025-03-27
2291,ORD_81f26a,CUST_c80488,Commercial,2025-05-12,PAY_4414,STAT_e09a,2025-05-12
2292,ORD_678bdd,CUST_8288a5,One_Time,2022-11-20,PAY_e09a,STAT_8cd2,2022-11-20
2293,ORD_dd380c,CUST_5d81ed,One_Time,2025-11-27,PAY_4414,STAT_182e,2025-11-27
2294,ORD_86a057,CUST_eacd7d,One_Time,2025-02-16,PAY_4414,STAT_4414,2025-02-16
2295,ORD_05f79f,CUST_345a4a,One_Time,2023-12-19,PAY_e09a,STAT_4414,2023-12-19
2296,ORD_d1777d,CUST_c33c3c,One_Time,2025-10-23,PAY_8cd2,STAT_182e,2025-10-23
2297,ORD_b4ae5a,CUST_d59caa,Repeat,2024-04-22,PAY_e09a,STAT_182e,2024-04-22
2298,ORD_917c01,CUST_d59caa,Repeat,2025-10-22,PAY_8cd2,STAT_182e,2025-10-22
2299,ORD_ec9c7d,CUST_d59caa,Repeat,2022-05-28,PAY_4414,STAT_4414,2022-05-28
2300,ORD_60f326,CUST_088588,One_Time,2023-05-12,PAY_e09a,STAT_e09a,2023-05-12
2301,ORD_4da012,CUST_d480d1,Repeat,2023-09-07,PAY_4414,STAT_e09a,2023-09-07
2302,ORD_dc6977,CUST_d480d1,Repeat,2023-09-07,PAY_4414,STAT_182e,2023-09-07
2303,ORD_3870dc,CUST_d480d1,Repeat,2023-09-07,PAY_182e,STAT_8cd2,2023-09-07
2304,ORD_0efb17,CUST_587be2,One_Time,2026-02-10,PAY_182e,STAT_4414,2026-02-10
2305,ORD_438340,CUST_041bcb,One_Time,2026-02-12,PAY_182e,STAT_8cd2,2026-02-12
2306,ORD_2df28f,CUST_168605,One_Time,2024-09-04,PAY_182e,STAT_e09a,2024-09-04
2307,ORD_1bdc58,CUST_803d07,Repeat,2025-01-17,PAY_e09a,STAT_8cd2,2025-01-17
2308,ORD_cc06da,CUST_803d07,Repeat,2024-09-07,PAY_8cd2,STAT_182e,2024-09-07
2309,ORD_fa7880,CUST_803d07,Repeat,2024-09-18,PAY_e09a,STAT_e09a,2024-09-18
2310,ORD_7ca117,CUST_803d07,Repeat,2024-02-27,PAY_182e,STAT_182e,2024-02-27
2311,ORD_85a0d8,CUST_803d07,Repeat,2025-04-07,PAY_8cd2,STAT_182e,2025-04-07
2312,ORD_fcda03,CUST_79aef4,One_Time,2023-06-08,PAY_182e,STAT_e09a,2023-06-08
2313,ORD_13220b,CUST_899bb2,Repeat,2022-02-20,PAY_e09a,STAT_8cd2,2022-02-20
2314,ORD_164079,CUST_899bb2,Repeat,2024-03-28,PAY_182e,STAT_182e,2024-03-28
2315,ORD_a1b559,CUST_899bb2,Repeat,2025-05-25,PAY_4414,STAT_4414,2025-05-25
2316,ORD_de8346,CUST_899bb2,Repeat,2021-08-05,PAY_e09a,STAT_4414,2021-08-05
2317,ORD_5d54b7,CUST_899bb2,Repeat,2024-01-26,PAY_4414,STAT_8cd2,2024-01-26
2318,ORD_ed1351,CUST_899bb2,Repeat,2023-06-02,PAY_4414,STAT_4414,2023-06-02
2319,ORD_08c847,CUST_1774ee,One_Time,2023-02-26,PAY_4414,STAT_182e,2023-02-26
2320,ORD_a971b7,CUST_cd19f7,One_Time,2024-12-19,PAY_e09a,STAT_e09a,2024-12-19
2321,ORD_d12c94,CUST_ae4d59,One_Time,2024-01-16,PAY_182e,STAT_182e,2024-01-16
2322,ORD_44e11a,CUST_aa027a,One_Time,2025-04-19,PAY_4414,STAT_182e,2025-04-19
2323,ORD_974fd8,CUST_197af9,One_Time,2022-02-14,PAY_e09a,STAT_8cd2,2022-02-14
2324,ORD_8d2d53,CUST_dc4106,One_Time,2024-05-25,PAY_4414,STAT_4414,2024-05-25
2325,ORD_eb5de9,CUST_96efe9,One_Time,2026-01-12,PAY_182e,STAT_8cd2,2026-01-12
2326,ORD_dfab07,CUST_54c368,One_Time,2025-06-19,PAY_182e,STAT_8cd2,2025-06-19
2327,ORD_ffa1c5,CUST_c8de2e,One_Time,2026-05-16,PAY_e09a,STAT_e09a,2026-05-16
2328,ORD_7dfdb1,CUST_b064f0,One_Time,2024-02-06,PAY_e09a,STAT_182e,2024-02-06
2329,ORD_fea99e,CUST_647105,One_Time,2026-05-17,PAY_8cd2,STAT_4414,2026-05-17
2330,ORD_b91cda,CUST_cedcc5,Repeat,2026-02-07,PAY_4414,STAT_4414,2026-02-07
2331,ORD_6ee059,CUST_cedcc5,Repeat,2026-02-07,PAY_8cd2,STAT_182e,2026-02-07
2332,ORD_73c3d2,CUST_cedcc5,Repeat,2026-02-07,PAY_4414,STAT_4414,2026-02-07
2333,ORD_a17f8c,CUST_cedcc5,Repeat,2026-02-07,PAY_e09a,STAT_4414,2026-02-07
2334,ORD_7cdf72,CUST_cedcc5,Repeat,2026-02-07,PAY_4414,STAT_e09a,2026-02-07
2335,ORD_76998d,CUST_fedbe0,One_Time,2025-03-15,PAY_e09a,STAT_e09a,2025-03-15
2336,ORD_8f483e,CUST_ab600c,One_Time,2025-06-02,PAY_e09a,STAT_4414,2025-06-02
2337,ORD_f1933e,CUST_e8f236,Commercial,2025-09-27,PAY_4414,STAT_4414,2025-09-27
2338,ORD_f10f8c,CUST_e8f236,Commercial,2022-12-07,PAY_182e,STAT_182e,2022-12-07
2339,ORD_45e2a6,CUST_e8f236,Commercial,2023-04-11,PAY_e09a,STAT_8cd2,2023-04-11
2340,ORD_a02231,CUST_e8f236,Commercial,2024-12-28,PAY_182e,STAT_e09a,2024-12-28
2341,ORD_9def86,CUST_e8f236,Commercial,2025-04-04,PAY_182e,STAT_e09a,2025-04-04
2342,ORD_dc1736,CUST_e8f236,Commercial,2023-04-25,PAY_e09a,STAT_e09a,2023-04-25
2343,ORD_df5aea,CUST_e8f236,Commercial,2022-12-07,PAY_e09a,STAT_e09a,2022-12-07
2344,ORD_1acad6,CUST_e8f236,Commercial,2024-11-27,PAY_182e,STAT_182e,2024-11-27
2345,ORD_04b418,CUST_0dc567,One_Time,2023-09-24,PAY_e09a,STAT_8cd2,2023-09-24
2346,ORD_935527,CUST_b71b8e,Repeat,2026-01-18,PAY_e09a,STAT_182e,2026-01-18
2347,ORD_55773c,CUST_b71b8e,Repeat,2022-10-18,PAY_e09a,STAT_182e,2022-10-18
2348,ORD_e60a9f,CUST_b71b8e,Repeat,2025-10-10,PAY_e09a,STAT_8cd2,2025-10-10
2349,ORD_c82716,CUST_b71b8e,Repeat,2022-10-18,PAY_e09a,STAT_4414,2022-10-18
2350,ORD_cffd1a,CUST_b71b8e,Repeat,2024-03-26,PAY_182e,STAT_8cd2,2024-03-26
2351,ORD_f3fc98,CUST_1b6840,One_Time,2024-11-26,PAY_8cd2,STAT_182e,2024-11-26
2352,ORD_fca077,CUST_b5c63d,One_Time,2024-04-05,PAY_182e,STAT_8cd2,2024-04-05
2353,ORD_45afa9,CUST_4eed61,Repeat,2026-05-11,PAY_182e,STAT_8cd2,2026-05-11
2354,ORD_c28435,CUST_4eed61,Repeat,2026-05-11,PAY_8cd2,STAT_e09a,2026-05-11
2355,ORD_7355d1,CUST_4eed61,Repeat,2026-05-11,PAY_e09a,STAT_e09a,2026-05-11
2356,ORD_6fc320,CUST_4eed61,Repeat,2026-05-11,PAY_e09a,STAT_182e,2026-05-11
2357,ORD_aa046b,CUST_4eed61,Repeat,2026-05-11,PAY_182e,STAT_e09a,2026-05-11
2358,ORD_42745d,CUST_4eed61,Repeat,2026-05-11,PAY_e09a,STAT_4414,2026-05-11
2359,ORD_6ac466,CUST_1aae5a,One_Time,2023-10-18,PAY_4414,STAT_4414,2023-10-18
2360,ORD_4345ce,CUST_d9df51,One_Time,2024-05-15,PAY_8cd2,STAT_e09a,2024-05-15
2361,ORD_61aef9,CUST_79d92e,One_Time,2024-06-11,PAY_182e,STAT_e09a,2024-06-11
2362,ORD_5d4866,CUST_33b25d,One_Time,2025-10-06,PAY_182e,STAT_4414,2025-10-06
2363,ORD_686ebd,CUST_b91d41,Repeat,2024-07-14,PAY_e09a,STAT_4414,2024-07-14
2364,ORD_6ea97e,CUST_b91d41,Repeat,2025-11-23,PAY_e09a,STAT_8cd2,2025-11-23
2365,ORD_986cac,CUST_b91d41,Repeat,2023-11-12,PAY_e09a,STAT_8cd2,2023-11-12
2366,ORD_cdf659,CUST_a37d99,One_Time,2025-08-21,PAY_4414,STAT_182e,2025-08-21
2367,ORD_3c4fec,CUST_1b1d60,One_Time,2025-01-17,PAY_4414,STAT_4414,2025-01-17
2368,ORD_02fa96,CUST_86d39f,One_Time,2026-02-16,PAY_4414,STAT_4414,2026-02-16
2369,ORD_b3217e,CUST_69f625,One_Time,2025-06-14,PAY_e09a,STAT_4414,2025-06-14
2370,ORD_ba6ed4,CUST_966de3,One_Time,2022-05-20,PAY_8cd2,STAT_e09a,2022-05-20
2371,ORD_6d2834,CUST_ca05b0,One_Time,2025-09-10,PAY_4414,STAT_8cd2,2025-09-10
2372,ORD_bac93b,CUST_8ef9f1,One_Time,2026-01-27,PAY_182e,STAT_4414,2026-01-27
2373,ORD_957f8d,CUST_5a836d,Commercial,2024-12-24,PAY_4414,STAT_182e,2024-12-24
2374,ORD_fab33e,CUST_5a836d,Commercial,2024-08-22,PAY_8cd2,STAT_182e,2024-08-22
2375,ORD_508987,CUST_5a836d,Commercial,2024-05-28,PAY_8cd2,STAT_182e,2024-05-28
2376,ORD_94bb01,CUST_5a836d,Commercial,2024-05-28,PAY_8cd2,STAT_e09a,2024-05-28
2377,ORD_f47a62,CUST_5a836d,Commercial,2024-05-28,PAY_4414,STAT_8cd2,2024-05-28
2378,ORD_1975d5,CUST_5a836d,Commercial,2025-03-11,PAY_182e,STAT_182e,2025-03-11
2379,ORD_639f02,CUST_5a836d,Commercial,2024-05-28,PAY_4414,STAT_8cd2,2024-05-28
2380,ORD_a72afc,CUST_5a836d,Commercial,2024-11-08,PAY_8cd2,STAT_e09a,2024-11-08
2381,ORD_be2f38,CUST_5a836d,Commercial,2024-05-28,PAY_4414,STAT_8cd2,2024-05-28
2382,ORD_6ff576,CUST_5a836d,Commercial,2024-05-28,PAY_e09a,STAT_8cd2,2024-05-28
2383,ORD_9425b9,CUST_5a836d,Commercial,2024-05-28,PAY_4414,STAT_182e,2024-05-28
2384,ORD_6a4d9c,CUST_5a836d,Commercial,2025-01-06,PAY_4414,STAT_e09a,2025-01-06
2385,ORD_6851e0,CUST_5a836d,Commercial,2024-05-28,PAY_e09a,STAT_8cd2,2024-05-28
2386,ORD_9c8963,CUST_5a836d,Commercial,2024-05-28,PAY_e09a,STAT_8cd2,2024-05-28
2387,ORD_4c90fa,CUST_5a836d,Commercial,2024-05-28,PAY_8cd2,STAT_8cd2,2024-05-28
2388,ORD_1b0275,CUST_5a836d,Commercial,2025-02-09,PAY_4414,STAT_e09a,2025-02-09
2389,ORD_09dbfc,CUST_5a836d,Commercial,2024-05-28,PAY_8cd2,STAT_4414,2024-05-28
2390,ORD_0fcd09,CUST_6229ae,Repeat,2025-03-11,PAY_4414,STAT_8cd2,2025-03-11
2391,ORD_2c49bb,CUST_6229ae,Repeat,2025-03-11,PAY_182e,STAT_8cd2,2025-03-11
2392,ORD_bf07fa,CUST_6229ae,Repeat,2025-03-11,PAY_8cd2,STAT_182e,2025-03-11
2393,ORD_be170f,CUST_81e959,One_Time,2023-12-05,PAY_4414,STAT_e09a,2023-12-05
2394,ORD_214659,CUST_c9993d,Repeat,2024-10-10,PAY_e09a,STAT_8cd2,2024-10-10
2395,ORD_90ec99,CUST_c9993d,Repeat,2024-10-10,PAY_e09a,STAT_e09a,2024-10-10
2396,ORD_64fad3,CUST_d4187b,One_Time,2024-10-14,PAY_e09a,STAT_e09a,2024-10-14
2397,ORD_3dcb7f,CUST_2b0616,One_Time,2025-05-21,PAY_8cd2,STAT_182e,2025-05-21
2398,ORD_27a4b5,CUST_744b80,One_Time,2026-02-17,PAY_e09a,STAT_4414,2026-02-17
2399,ORD_7cbac4,CUST_aa4dbb,Repeat,2026-05-15,PAY_182e,STAT_4414,2026-05-15
2400,ORD_896f78,CUST_aa4dbb,Repeat,2026-05-15,PAY_8cd2,STAT_e09a,2026-05-15
2401,ORD_cc51b4,CUST_aa4dbb,Repeat,2026-05-15,PAY_8cd2,STAT_4414,2026-05-15
2402,ORD_b80ef1,CUST_aa4dbb,Repeat,2026-05-15,PAY_8cd2,STAT_182e,2026-05-15
2403,ORD_8ee89a,CUST_aa4dbb,Repeat,2026-05-15,PAY_e09a,STAT_182e,2026-05-15
2404,ORD_ce9486,CUST_aa4dbb,Repeat,2026-05-15,PAY_e09a,STAT_4414,2026-05-15
2405,ORD_c4cce3,CUST_19fd00,One_Time,2026-05-22,PAY_8cd2,STAT_4414,2026-05-22
2406,ORD_3264b0,CUST_1ebf94,One_Time,2026-01-21,PAY_4414,STAT_8cd2,2026-01-21
2407,ORD_c1f641,CUST_767b28,One_Time,2022-08-20,PAY_182e,STAT_e09a,2022-08-20
2408,ORD_0b6a56,CUST_d69375,Repeat,2026-01-25,PAY_8cd2,STAT_8cd2,2026-01-25
2409,ORD_e2c4ff,CUST_d69375,Repeat,2022-07-06,PAY_8cd2,STAT_8cd2,2022-07-06
2410,ORD_1fe2cb,CUST_d69375,Repeat,2024-10-12,PAY_e09a,STAT_e09a,2024-10-12
2411,ORD_faa705,CUST_d69375,Repeat,2024-09-16,PAY_8cd2,STAT_182e,2024-09-16
2412,ORD_8b70f6,CUST_d69375,Repeat,2022-10-13,PAY_182e,STAT_e09a,2022-10-13
2413,ORD_e32a09,CUST_62c6dc,One_Time,2025-01-06,PAY_e09a,STAT_182e,2025-01-06
2414,ORD_e40f89,CUST_f17d0e,One_Time,2025-08-21,PAY_e09a,STAT_4414,2025-08-21
2415,ORD_66b314,CUST_92d4ce,One_Time,2025-06-07,PAY_4414,STAT_e09a,2025-06-07
2416,ORD_3a09d6,CUST_ecc93e,Repeat,2025-10-03,PAY_8cd2,STAT_182e,2025-10-03
2417,ORD_4ac29c,CUST_ecc93e,Repeat,2021-11-25,PAY_e09a,STAT_e09a,2021-11-25
2418,ORD_8b318d,CUST_ecc93e,Repeat,2024-04-27,PAY_e09a,STAT_e09a,2024-04-27
2419,ORD_373a51,CUST_ecc93e,Repeat,2025-02-17,PAY_8cd2,STAT_182e,2025-02-17
2420,ORD_cec6b0,CUST_ecc93e,Repeat,2021-11-25,PAY_8cd2,STAT_4414,2021-11-25
2421,ORD_3f999e,CUST_99ad28,One_Time,2026-05-11,PAY_8cd2,STAT_8cd2,2026-05-11
2422,ORD_fb50d6,CUST_3ee827,One_Time,2021-03-11,PAY_e09a,STAT_182e,2021-03-11
2423,ORD_18a245,CUST_18a287,One_Time,2024-06-21,PAY_8cd2,STAT_4414,2024-06-21
2424,ORD_c16fb3,CUST_7e9dcd,Repeat,2024-04-03,PAY_e09a,STAT_182e,2024-04-03
2425,ORD_726b39,CUST_7e9dcd,Repeat,2023-07-24,PAY_e09a,STAT_8cd2,2023-07-24
2426,ORD_e0ce57,CUST_7e9dcd,Repeat,2024-12-25,PAY_182e,STAT_4414,2024-12-25
2427,ORD_1fd216,CUST_7e9dcd,Repeat,2024-05-13,PAY_e09a,STAT_e09a,2024-05-13
2428,ORD_9b979e,CUST_7e9dcd,Repeat,2021-11-01,PAY_4414,STAT_8cd2,2021-11-01
2429,ORD_90fc09,CUST_7e9dcd,Repeat,2023-06-12,PAY_182e,STAT_e09a,2023-06-12
2430,ORD_c9f869,CUST_51a271,One_Time,2024-07-18,PAY_e09a,STAT_182e,2024-07-18
2431,ORD_545751,CUST_6c5894,One_Time,2023-09-12,PAY_182e,STAT_4414,2023-09-12
2432,ORD_7eca16,CUST_49d629,Repeat,2024-02-07,PAY_8cd2,STAT_4414,2024-02-07
2433,ORD_955ca1,CUST_49d629,Repeat,2024-02-07,PAY_182e,STAT_8cd2,2024-02-07
2434,ORD_0f304c,CUST_8c9fb3,One_Time,2022-02-12,PAY_e09a,STAT_e09a,2022-02-12
2435,ORD_7b8473,CUST_18a37f,Repeat,2025-07-20,PAY_8cd2,STAT_182e,2025-07-20
2436,ORD_885fa1,CUST_18a37f,Repeat,2025-07-20,PAY_8cd2,STAT_4414,2025-07-20
2437,ORD_8d53a1,CUST_18a37f,Repeat,2025-07-20,PAY_4414,STAT_8cd2,2025-07-20
2438,ORD_443ce6,CUST_18a37f,Repeat,2025-07-20,PAY_8cd2,STAT_e09a,2025-07-20
2439,ORD_86e921,CUST_18a37f,Repeat,2025-07-20,PAY_e09a,STAT_4414,2025-07-20
2440,ORD_c5a007,CUST_534afb,One_Time,2024-10-28,PAY_4414,STAT_182e,2024-10-28
2441,ORD_0cf997,CUST_2d35da,One_Time,2022-05-20,PAY_e09a,STAT_8cd2,2022-05-20
2442,ORD_f26834,CUST_5e38a4,One_Time,2023-10-03,PAY_4414,STAT_182e,2023-10-03
2443,ORD_ee93f0,CUST_ca908c,One_Time,2025-08-14,PAY_182e,STAT_4414,2025-08-14
2444,ORD_be8c7f,CUST_f3b63d,One_Time,2026-03-18,PAY_e09a,STAT_8cd2,2026-03-18
2445,ORD_b23d89,CUST_ee1e09,One_Time,2026-02-23,PAY_e09a,STAT_4414,2026-02-23
2446,ORD_8e04ca,CUST_e0763a,Repeat,2023-05-15,PAY_8cd2,STAT_8cd2,2023-05-15
2447,ORD_e7ab2e,CUST_e0763a,Repeat,2025-04-07,PAY_e09a,STAT_e09a,2025-04-07
2448,ORD_5b5a23,CUST_e0763a,Repeat,2023-05-15,PAY_4414,STAT_4414,2023-05-15
2449,ORD_9c3821,CUST_e0763a,Repeat,2023-05-15,PAY_8cd2,STAT_8cd2,2023-05-15
2450,ORD_67d12e,CUST_e0763a,Repeat,2023-05-15,PAY_4414,STAT_4414,2023-05-15
2451,ORD_7da10e,CUST_e0763a,Repeat,2026-04-11,PAY_182e,STAT_182e,2026-04-11
2452,ORD_f844a1,CUST_af0e32,Repeat,2025-02-17,PAY_e09a,STAT_4414,2025-02-17
2453,ORD_535772,CUST_af0e32,Repeat,2025-05-16,PAY_8cd2,STAT_4414,2025-05-16
2454,ORD_a7ad44,CUST_af0e32,Repeat,2022-07-14,PAY_4414,STAT_8cd2,2022-07-14
2455,ORD_402a75,CUST_af0e32,Repeat,2025-11-05,PAY_182e,STAT_e09a,2025-11-05
2456,ORD_745f81,CUST_af0e32,Repeat,2024-12-19,PAY_e09a,STAT_182e,2024-12-19
2457,ORD_a8f04a,CUST_03957b,Repeat,2024-05-03,PAY_8cd2,STAT_182e,2024-05-03
2458,ORD_3d2ed5,CUST_03957b,Repeat,2025-05-01,PAY_4414,STAT_4414,2025-05-01
2459,ORD_0577b6,CUST_03957b,Repeat,2021-10-25,PAY_8cd2,STAT_182e,2021-10-25
2460,ORD_70f3fb,CUST_1e677f,Repeat,2025-10-20,PAY_182e,STAT_4414,2025-10-20
2461,ORD_2d2efa,CUST_1e677f,Repeat,2026-05-07,PAY_4414,STAT_4414,2026-05-07
2462,ORD_916011,CUST_1e677f,Repeat,2024-07-28,PAY_e09a,STAT_8cd2,2024-07-28
2463,ORD_07f829,CUST_1e677f,Repeat,2024-07-28,PAY_4414,STAT_182e,2024-07-28
2464,ORD_15d288,CUST_1e677f,Repeat,2025-08-15,PAY_4414,STAT_4414,2025-08-15
2465,ORD_ce9526,CUST_4ef958,One_Time,2025-06-01,PAY_182e,STAT_4414,2025-06-01
2466,ORD_2c6aee,CUST_206654,One_Time,2026-03-03,PAY_4414,STAT_8cd2,2026-03-03
2467,ORD_4510e5,CUST_cc7420,One_Time,2025-12-11,PAY_8cd2,STAT_e09a,2025-12-11
2468,ORD_ddcd0d,CUST_cee85c,One_Time,2025-09-28,PAY_8cd2,STAT_4414,2025-09-28
2469,ORD_f9a306,CUST_d68686,Repeat,2025-06-01,PAY_e09a,STAT_4414,2025-06-01
2470,ORD_13e9d3,CUST_d68686,Repeat,2025-01-22,PAY_182e,STAT_182e,2025-01-22
2471,ORD_bf1af2,CUST_d68686,Repeat,2021-10-06,PAY_4414,STAT_182e,2021-10-06
2472,ORD_bfbea2,CUST_d68686,Repeat,2021-10-06,PAY_4414,STAT_4414,2021-10-06
2473,ORD_008331,CUST_d68686,Repeat,2022-07-25,PAY_e09a,STAT_4414,2022-07-25
2474,ORD_db55de,CUST_4383f9,One_Time,2025-08-17,PAY_e09a,STAT_8cd2,2025-08-17
2475,ORD_65e9f0,CUST_7bc508,One_Time,2024-10-07,PAY_e09a,STAT_8cd2,2024-10-07
2476,ORD_07c172,CUST_84531e,One_Time,2024-04-16,PAY_182e,STAT_4414,2024-04-16
2477,ORD_319b92,CUST_727994,Repeat,2025-01-09,PAY_e09a,STAT_e09a,2025-01-09
2478,ORD_c8c3c2,CUST_727994,Repeat,2024-11-13,PAY_182e,STAT_4414,2024-11-13
2479,ORD_342790,CUST_727994,Repeat,2024-11-13,PAY_8cd2,STAT_e09a,2024-11-13
2480,ORD_d5d4fe,CUST_727994,Repeat,2024-11-13,PAY_182e,STAT_182e,2024-11-13
2481,ORD_224c2d,CUST_727994,Repeat,2026-02-24,PAY_8cd2,STAT_4414,2026-02-24
2482,ORD_59e104,CUST_02e44d,One_Time,2026-05-14,PAY_8cd2,STAT_8cd2,2026-05-14
2483,ORD_abdc95,CUST_1ff3ea,Repeat,2026-03-26,PAY_8cd2,STAT_182e,2026-03-26
2484,ORD_d8fe90,CUST_1ff3ea,Repeat,2025-09-02,PAY_182e,STAT_4414,2025-09-02
2485,ORD_b589d3,CUST_1ff3ea,Repeat,2025-09-02,PAY_8cd2,STAT_4414,2025-09-02
2486,ORD_b83ae0,CUST_1ff3ea,Repeat,2025-09-02,PAY_e09a,STAT_4414,2025-09-02
2487,ORD_12a87a,CUST_1ff3ea,Repeat,2025-09-02,PAY_4414,STAT_4414,2025-09-02
2488,ORD_84b855,CUST_0cfe9b,One_Time,2026-05-24,PAY_8cd2,STAT_182e,2026-05-24
2489,ORD_6a07ce,CUST_0e7cb8,Repeat,2021-10-06,PAY_4414,STAT_e09a,2021-10-06
2490,ORD_4e3d1c,CUST_0e7cb8,Repeat,2023-04-20,PAY_182e,STAT_182e,2023-04-20
2491,ORD_8b73ba,CUST_0e7cb8,Repeat,2024-05-03,PAY_e09a,STAT_182e,2024-05-03
2492,ORD_18e147,CUST_0e7cb8,Repeat,2025-02-20,PAY_e09a,STAT_e09a,2025-02-20
2493,ORD_0ff1e4,CUST_0e7cb8,Repeat,2024-07-17,PAY_e09a,STAT_8cd2,2024-07-17
2494,ORD_1a4e61,CUST_8b725a,One_Time,2026-03-21,PAY_4414,STAT_e09a,2026-03-21
2495,ORD_4dc46b,CUST_2fcc3f,One_Time,2023-03-12,PAY_e09a,STAT_8cd2,2023-03-12
2496,ORD_8b7f52,CUST_caa007,One_Time,2022-06-11,PAY_4414,STAT_e09a,2022-06-11
2497,ORD_a5bfe4,CUST_a594f9,Repeat,2023-12-12,PAY_e09a,STAT_e09a,2023-12-12
2498,ORD_4170af,CUST_a594f9,Repeat,2025-09-04,PAY_4414,STAT_182e,2025-09-04
2499,ORD_fcf0a7,CUST_488929,One_Time,2025-12-04,PAY_4414,STAT_8cd2,2025-12-04
2500,ORD_a648a5,CUST_b80b39,Repeat,2024-05-07,PAY_e09a,STAT_8cd2,2024-05-07
2501,ORD_459235,CUST_b80b39,Repeat,2024-05-07,PAY_4414,STAT_8cd2,2024-05-07
2502,ORD_5228ea,CUST_b80b39,Repeat,2024-05-07,PAY_182e,STAT_182e,2024-05-07
2503,ORD_a7ac12,CUST_b80b39,Repeat,2024-05-07,PAY_182e,STAT_8cd2,2024-05-07
2504,ORD_76d73b,CUST_b80b39,Repeat,2024-05-07,PAY_182e,STAT_182e,2024-05-07
2505,ORD_af2853,CUST_99cae5,One_Time,2025-07-05,PAY_4414,STAT_4414,2025-07-05
2506,ORD_daeb9b,CUST_dcf119,One_Time,2023-02-08,PAY_8cd2,STAT_182e,2023-02-08
2507,ORD_0e40cb,CUST_018390,One_Time,2025-05-18,PAY_8cd2,STAT_4414,2025-05-18
2508,ORD_d90206,CUST_05d697,One_Time,2026-05-20,PAY_4414,STAT_e09a,2026-05-20
2509,ORD_6476f5,CUST_af1b75,Repeat,2024-11-23,PAY_e09a,STAT_8cd2,2024-11-23
2510,ORD_0a3ef2,CUST_af1b75,Repeat,2024-11-23,PAY_4414,STAT_4414,2024-11-23
2511,ORD_7eb4f7,CUST_af1b75,Repeat,2024-11-23,PAY_4414,STAT_182e,2024-11-23
2512,ORD_143252,CUST_af1b75,Repeat,2024-11-23,PAY_8cd2,STAT_4414,2024-11-23
2513,ORD_9f783c,CUST_af1b75,Repeat,2024-11-23,PAY_8cd2,STAT_e09a,2024-11-23
2514,ORD_53836e,CUST_af1b75,Repeat,2024-11-23,PAY_182e,STAT_182e,2024-11-23
2515,ORD_6e3de9,CUST_b14f4e,Repeat,2022-08-19,PAY_e09a,STAT_182e,2022-08-19
2516,ORD_444ebf,CUST_b14f4e,Repeat,2022-07-10,PAY_4414,STAT_8cd2,2022-07-10
2517,ORD_53e8b7,CUST_b14f4e,Repeat,2021-05-22,PAY_8cd2,STAT_8cd2,2021-05-22
2518,ORD_ac92c8,CUST_b14f4e,Repeat,2021-05-22,PAY_4414,STAT_182e,2021-05-22
2519,ORD_226823,CUST_b14f4e,Repeat,2024-02-10,PAY_8cd2,STAT_e09a,2024-02-10
2520,ORD_41ee23,CUST_b14f4e,Repeat,2023-06-25,PAY_4414,STAT_8cd2,2023-06-25
2521,ORD_3ef69d,CUST_7c7ee0,One_Time,2025-02-26,PAY_4414,STAT_8cd2,2025-02-26
2522,ORD_24bdd7,CUST_e64062,One_Time,2026-03-27,PAY_8cd2,STAT_e09a,2026-03-27
2523,ORD_3b9830,CUST_e9b52b,One_Time,2026-02-16,PAY_8cd2,STAT_4414,2026-02-16
2524,ORD_57ee9a,CUST_bf1f6f,One_Time,2025-07-21,PAY_182e,STAT_8cd2,2025-07-21
2525,ORD_afa2ea,CUST_5d0230,One_Time,2025-03-07,PAY_4414,STAT_8cd2,2025-03-07
2526,ORD_4cb651,CUST_b8ae0b,Repeat,2025-11-20,PAY_182e,STAT_e09a,2025-11-20
2527,ORD_4a627a,CUST_b8ae0b,Repeat,2025-11-20,PAY_8cd2,STAT_8cd2,2025-11-20
2528,ORD_031bcf,CUST_b8ae0b,Repeat,2025-11-20,PAY_182e,STAT_182e,2025-11-20
2529,ORD_57c1da,CUST_b8ae0b,Repeat,2025-11-20,PAY_8cd2,STAT_182e,2025-11-20
2530,ORD_6fed53,CUST_c95a87,One_Time,2024-08-09,PAY_4414,STAT_4414,2024-08-09
2531,ORD_162770,CUST_2eab3f,One_Time,2025-01-02,PAY_182e,STAT_8cd2,2025-01-02
2532,ORD_6a6abd,CUST_51939e,One_Time,2023-10-17,PAY_4414,STAT_e09a,2023-10-17
2533,ORD_f02e36,CUST_0bcb15,One_Time,2023-12-11,PAY_4414,STAT_4414,2023-12-11
2534,ORD_8e420c,CUST_5b15ee,Repeat,2023-08-13,PAY_8cd2,STAT_8cd2,2023-08-13
2535,ORD_40a5a1,CUST_5b15ee,Repeat,2024-02-04,PAY_4414,STAT_4414,2024-02-04
2536,ORD_a312ee,CUST_5b15ee,Repeat,2023-06-01,PAY_182e,STAT_4414,2023-06-01
2537,ORD_5261c6,CUST_5b15ee,Repeat,2022-10-17,PAY_8cd2,STAT_4414,2022-10-17
2538,ORD_26ddbd,CUST_5b15ee,Repeat,2025-11-24,PAY_182e,STAT_8cd2,2025-11-24
2539,ORD_3f1d29,CUST_5b15ee,Repeat,2022-10-17,PAY_e09a,STAT_182e,2022-10-17
2540,ORD_255dbb,CUST_bb5f0d,One_Time,2023-01-06,PAY_e09a,STAT_182e,2023-01-06
2541,ORD_9716b9,CUST_baeadd,One_Time,2026-02-24,PAY_8cd2,STAT_e09a,2026-02-24
2542,ORD_e64dd6,CUST_3e5c3c,One_Time,2024-11-20,PAY_8cd2,STAT_4414,2024-11-20
2543,ORD_e5b55d,CUST_edd128,Commercial,2025-08-15,PAY_e09a,STAT_e09a,2025-08-15
2544,ORD_c534fe,CUST_edd128,Commercial,2025-08-15,PAY_e09a,STAT_8cd2,2025-08-15
2545,ORD_4d8c04,CUST_edd128,Commercial,2025-08-15,PAY_8cd2,STAT_182e,2025-08-15
2546,ORD_db5682,CUST_edd128,Commercial,2025-08-15,PAY_8cd2,STAT_4414,2025-08-15
2547,ORD_9c091c,CUST_edd128,Commercial,2025-08-15,PAY_182e,STAT_4414,2025-08-15
2548,ORD_d0b5c3,CUST_edd128,Commercial,2025-08-15,PAY_182e,STAT_182e,2025-08-15
2549,ORD_4ca69a,CUST_edd128,Commercial,2025-08-15,PAY_8cd2,STAT_182e,2025-08-15
2550,ORD_631eaa,CUST_edd128,Commercial,2025-08-15,PAY_8cd2,STAT_8cd2,2025-08-15
2551,ORD_007f03,CUST_edd128,Commercial,2025-12-10,PAY_e09a,STAT_4414,2025-12-10
2552,ORD_631771,CUST_edd128,Commercial,2025-08-15,PAY_e09a,STAT_182e,2025-08-15
2553,ORD_569c8e,CUST_f31913,One_Time,2025-07-20,PAY_4414,STAT_182e,2025-07-20
2554,ORD_24b570,CUST_97dd25,One_Time,2022-08-11,PAY_e09a,STAT_4414,2022-08-11
2555,ORD_8b5754,CUST_ece44a,One_Time,2026-03-15,PAY_8cd2,STAT_4414,2026-03-15
2556,ORD_9c3e09,CUST_c902a9,One_Time,2023-06-06,PAY_182e,STAT_e09a,2023-06-06
2557,ORD_664f8d,CUST_0335cd,One_Time,2024-06-22,PAY_4414,STAT_4414,2024-06-22
2558,ORD_77af95,CUST_307b64,One_Time,2025-01-03,PAY_e09a,STAT_182e,2025-01-03
2559,ORD_11e840,CUST_3b95d3,One_Time,2024-11-11,PAY_8cd2,STAT_4414,2024-11-11
2560,ORD_be7fa7,CUST_b590e2,One_Time,2025-07-14,PAY_182e,STAT_8cd2,2025-07-14
2561,ORD_d6e06c,CUST_45bb57,One_Time,2026-02-23,PAY_8cd2,STAT_e09a,2026-02-23
2562,ORD_d7678c,CUST_e5c818,One_Time,2024-02-18,PAY_4414,STAT_182e,2024-02-18
2563,ORD_37a7af,CUST_4d9dc4,One_Time,2026-01-19,PAY_8cd2,STAT_8cd2,2026-01-19
2564,ORD_64ed62,CUST_8a7662,One_Time,2025-03-22,PAY_4414,STAT_e09a,2025-03-22
2565,ORD_6ba42f,CUST_a73131,One_Time,2023-12-28,PAY_4414,STAT_182e,2023-12-28
2566,ORD_262d14,CUST_d08753,One_Time,2026-02-18,PAY_182e,STAT_e09a,2026-02-18
2567,ORD_3d945d,CUST_596b3e,One_Time,2022-12-05,PAY_e09a,STAT_8cd2,2022-12-05
2568,ORD_dc8c59,CUST_5e5dd2,One_Time,2023-04-28,PAY_e09a,STAT_4414,2023-04-28
2569,ORD_974dde,CUST_934be8,One_Time,2021-08-10,PAY_8cd2,STAT_e09a,2021-08-10
2570,ORD_ed2384,CUST_57b9e3,One_Time,2024-08-12,PAY_4414,STAT_e09a,2024-08-12
2571,ORD_b792d0,CUST_b14350,Repeat,2022-12-23,PAY_4414,STAT_8cd2,2022-12-23
2572,ORD_fcd999,CUST_b14350,Repeat,2022-04-02,PAY_182e,STAT_8cd2,2022-04-02
2573,ORD_24eeff,CUST_b980ff,One_Time,2025-04-07,PAY_e09a,STAT_4414,2025-04-07
2574,ORD_a0e415,CUST_93c421,One_Time,2025-12-27,PAY_e09a,STAT_182e,2025-12-27
2575,ORD_cf5e4f,CUST_d0624c,One_Time,2024-12-01,PAY_4414,STAT_8cd2,2024-12-01
2576,ORD_a40111,CUST_c71d18,Commercial,2022-02-22,PAY_8cd2,STAT_e09a,2022-02-22
2577,ORD_75d486,CUST_c71d18,Commercial,2025-09-07,PAY_8cd2,STAT_182e,2025-09-07
2578,ORD_d63fd4,CUST_c71d18,Commercial,2023-06-05,PAY_4414,STAT_182e,2023-06-05
2579,ORD_4cd68d,CUST_c71d18,Commercial,2026-05-01,PAY_8cd2,STAT_182e,2026-05-01
2580,ORD_708535,CUST_c71d18,Commercial,2022-08-02,PAY_182e,STAT_8cd2,2022-08-02
2581,ORD_f1a7e9,CUST_c71d18,Commercial,2021-11-21,PAY_8cd2,STAT_4414,2021-11-21
2582,ORD_d1ade2,CUST_c71d18,Commercial,2021-11-21,PAY_8cd2,STAT_182e,2021-11-21
2583,ORD_fe07bf,CUST_c71d18,Commercial,2026-04-24,PAY_4414,STAT_182e,2026-04-24
2584,ORD_3cec29,CUST_c71d18,Commercial,2026-02-15,PAY_8cd2,STAT_4414,2026-02-15
2585,ORD_d1bd31,CUST_c71d18,Commercial,2023-09-21,PAY_8cd2,STAT_e09a,2023-09-21
2586,ORD_f0b723,CUST_dbe213,One_Time,2026-03-28,PAY_182e,STAT_8cd2,2026-03-28
2587,ORD_20901c,CUST_72be59,One_Time,2025-02-01,PAY_8cd2,STAT_e09a,2025-02-01
2588,ORD_55dd7e,CUST_a1aa4e,One_Time,2025-01-25,PAY_8cd2,STAT_182e,2025-01-25
2589,ORD_25e01d,CUST_d7fca6,One_Time,2025-04-16,PAY_4414,STAT_8cd2,2025-04-16
2590,ORD_df2da1,CUST_c9a5b1,One_Time,2024-09-24,PAY_8cd2,STAT_e09a,2024-09-24
2591,ORD_2ba005,CUST_f45eb5,One_Time,2026-05-23,PAY_4414,STAT_4414,2026-05-23
2592,ORD_f99f40,CUST_1d4200,One_Time,2024-10-18,PAY_8cd2,STAT_8cd2,2024-10-18
2593,ORD_a957b3,CUST_e04a9d,One_Time,2025-06-07,PAY_e09a,STAT_8cd2,2025-06-07
2594,ORD_c4899a,CUST_d2a1a7,Repeat,2024-08-28,PAY_e09a,STAT_4414,2024-08-28
2595,ORD_7c3584,CUST_d2a1a7,Repeat,2024-08-28,PAY_8cd2,STAT_e09a,2024-08-28
2596,ORD_2f86b4,CUST_d2a1a7,Repeat,2024-08-28,PAY_4414,STAT_8cd2,2024-08-28
2597,ORD_2106ff,CUST_d2a1a7,Repeat,2024-10-12,PAY_4414,STAT_4414,2024-10-12
2598,ORD_bcbcb2,CUST_d2a1a7,Repeat,2025-07-21,PAY_e09a,STAT_e09a,2025-07-21
2599,ORD_0c0b89,CUST_8123a1,Repeat,2024-01-26,PAY_8cd2,STAT_8cd2,2024-01-26
2600,ORD_985a4b,CUST_8123a1,Repeat,2026-05-17,PAY_4414,STAT_182e,2026-05-17
2601,ORD_6c064d,CUST_8123a1,Repeat,2024-03-07,PAY_8cd2,STAT_8cd2,2024-03-07
2602,ORD_31372e,CUST_8123a1,Repeat,2024-02-08,PAY_e09a,STAT_e09a,2024-02-08
2603,ORD_779553,CUST_8123a1,Repeat,2023-08-06,PAY_4414,STAT_8cd2,2023-08-06
2604,ORD_0324d2,CUST_8920f8,One_Time,2025-07-03,PAY_8cd2,STAT_182e,2025-07-03
2605,ORD_050c9c,CUST_f6e3a1,One_Time,2026-02-07,PAY_182e,STAT_4414,2026-02-07
2606,ORD_d23ce9,CUST_7a86f7,One_Time,2025-02-23,PAY_e09a,STAT_182e,2025-02-23
2607,ORD_2db99c,CUST_962c8d,Repeat,2025-02-06,PAY_8cd2,STAT_4414,2025-02-06
2608,ORD_86061c,CUST_962c8d,Repeat,2026-03-02,PAY_182e,STAT_e09a,2026-03-02
2609,ORD_a4d6f8,CUST_962c8d,Repeat,2025-02-06,PAY_182e,STAT_182e,2025-02-06
2610,ORD_93d341,CUST_962c8d,Repeat,2026-03-13,PAY_e09a,STAT_e09a,2026-03-13
2611,ORD_9c43c7,CUST_962c8d,Repeat,2025-05-25,PAY_182e,STAT_e09a,2025-05-25
2612,ORD_6cb51e,CUST_a12475,One_Time,2025-09-16,PAY_e09a,STAT_e09a,2025-09-16
2613,ORD_ccc38a,CUST_70a21d,One_Time,2024-01-25,PAY_4414,STAT_e09a,2024-01-25
2614,ORD_6f5523,CUST_717afa,One_Time,2026-03-14,PAY_182e,STAT_4414,2026-03-14
2615,ORD_963d98,CUST_5db9ee,One_Time,2021-06-19,PAY_e09a,STAT_e09a,2021-06-19
2616,ORD_7c45e0,CUST_e31bd9,One_Time,2026-05-17,PAY_182e,STAT_182e,2026-05-17
2617,ORD_6af857,CUST_76991d,One_Time,2025-12-16,PAY_4414,STAT_4414,2025-12-16
2618,ORD_8431e1,CUST_507749,One_Time,2023-10-14,PAY_182e,STAT_182e,2023-10-14
2619,ORD_2def28,CUST_e4a74c,One_Time,2022-11-17,PAY_4414,STAT_8cd2,2022-11-17
2620,ORD_3c2d21,CUST_53a621,One_Time,2026-01-24,PAY_182e,STAT_4414,2026-01-24
2621,ORD_bf07d5,CUST_634be2,One_Time,2024-01-20,PAY_e09a,STAT_8cd2,2024-01-20
2622,ORD_dcddc8,CUST_f6834d,One_Time,2024-11-01,PAY_182e,STAT_4414,2024-11-01
2623,ORD_e335f4,CUST_84b356,One_Time,2025-11-09,PAY_e09a,STAT_8cd2,2025-11-09
2624,ORD_384334,CUST_762927,Repeat,2025-04-19,PAY_e09a,STAT_4414,2025-04-19
2625,ORD_471853,CUST_762927,Repeat,2025-04-19,PAY_4414,STAT_4414,2025-04-19
2626,ORD_13740f,CUST_762927,Repeat,2025-04-19,PAY_4414,STAT_e09a,2025-04-19
2627,ORD_da51bf,CUST_762927,Repeat,2026-05-03,PAY_4414,STAT_8cd2,2026-05-03
2628,ORD_a1c62a,CUST_762927,Repeat,2025-06-18,PAY_182e,STAT_e09a,2025-06-18
2629,ORD_a05a02,CUST_e7a0f6,One_Time,2022-11-08,PAY_8cd2,STAT_8cd2,2022-11-08
2630,ORD_ca851f,CUST_21f668,One_Time,2025-11-13,PAY_182e,STAT_4414,2025-11-13
2631,ORD_16c38c,CUST_a2379d,One_Time,2025-12-26,PAY_e09a,STAT_e09a,2025-12-26
2632,ORD_c8d0e9,CUST_b32e1a,One_Time,2023-11-18,PAY_8cd2,STAT_182e,2023-11-18
2633,ORD_d94c52,CUST_e95347,Repeat,2023-08-24,PAY_182e,STAT_e09a,2023-08-24
2634,ORD_c2b2d9,CUST_e95347,Repeat,2023-08-24,PAY_8cd2,STAT_182e,2023-08-24
2635,ORD_053c13,CUST_6248a5,One_Time,2026-05-01,PAY_8cd2,STAT_e09a,2026-05-01
2636,ORD_0572a3,CUST_608244,Repeat,2024-06-13,PAY_4414,STAT_8cd2,2024-06-13
2637,ORD_58c819,CUST_608244,Repeat,2024-06-13,PAY_182e,STAT_182e,2024-06-13
2638,ORD_1dea02,CUST_608244,Repeat,2024-06-13,PAY_8cd2,STAT_e09a,2024-06-13
2639,ORD_49262f,CUST_608244,Repeat,2024-06-13,PAY_8cd2,STAT_e09a,2024-06-13
2640,ORD_754e46,CUST_608244,Repeat,2024-06-13,PAY_4414,STAT_e09a,2024-06-13
2641,ORD_617660,CUST_608244,Repeat,2024-06-13,PAY_8cd2,STAT_182e,2024-06-13
2642,ORD_85c863,CUST_3be356,Repeat,2025-08-05,PAY_182e,STAT_4414,2025-08-05
2643,ORD_cedbb3,CUST_3be356,Repeat,2025-08-05,PAY_e09a,STAT_e09a,2025-08-05
2644,ORD_2f0fd0,CUST_5042d7,One_Time,2026-03-13,PAY_4414,STAT_8cd2,2026-03-13
2645,ORD_577f34,CUST_1eecc6,One_Time,2023-06-24,PAY_e09a,STAT_e09a,2023-06-24
2646,ORD_bed66b,CUST_25bbad,Repeat,2024-09-14,PAY_8cd2,STAT_8cd2,2024-09-14
2647,ORD_3d5899,CUST_25bbad,Repeat,2023-09-06,PAY_182e,STAT_4414,2023-09-06
2648,ORD_ff7b21,CUST_25bbad,Repeat,2025-08-01,PAY_4414,STAT_182e,2025-08-01
2649,ORD_dcb277,CUST_25bbad,Repeat,2023-05-15,PAY_4414,STAT_8cd2,2023-05-15
2650,ORD_c0df30,CUST_25bbad,Repeat,2022-02-03,PAY_182e,STAT_182e,2022-02-03
2651,ORD_f01805,CUST_a384b2,Repeat,2026-02-17,PAY_4414,STAT_e09a,2026-02-17
2652,ORD_b95d7e,CUST_a384b2,Repeat,2026-04-09,PAY_4414,STAT_4414,2026-04-09
2653,ORD_5572c0,CUST_a384b2,Repeat,2024-07-23,PAY_182e,STAT_e09a,2024-07-23
2654,ORD_c0bbff,CUST_a384b2,Repeat,2022-09-15,PAY_e09a,STAT_8cd2,2022-09-15
2655,ORD_f0376e,CUST_a384b2,Repeat,2022-09-15,PAY_182e,STAT_8cd2,2022-09-15
2656,ORD_d2f3b9,CUST_a384b2,Repeat,2023-03-08,PAY_4414,STAT_4414,2023-03-08
2657,ORD_4d7e2f,CUST_820dd2,One_Time,2025-11-15,PAY_4414,STAT_4414,2025-11-15
2658,ORD_ed9059,CUST_6e6d53,One_Time,2023-08-20,PAY_182e,STAT_182e,2023-08-20
2659,ORD_d61f4f,CUST_527d6d,Repeat,2023-07-06,PAY_4414,STAT_8cd2,2023-07-06
2660,ORD_82fae1,CUST_527d6d,Repeat,2024-12-22,PAY_e09a,STAT_4414,2024-12-22
2661,ORD_8007ec,CUST_107aab,One_Time,2023-05-16,PAY_4414,STAT_4414,2023-05-16
2662,ORD_2afebe,CUST_073633,One_Time,2023-04-23,PAY_8cd2,STAT_4414,2023-04-23
2663,ORD_634aae,CUST_ae8262,One_Time,2024-04-11,PAY_8cd2,STAT_e09a,2024-04-11
2664,ORD_100962,CUST_a4b841,One_Time,2023-11-10,PAY_4414,STAT_8cd2,2023-11-10
2665,ORD_1523d0,CUST_559038,One_Time,2025-02-19,PAY_4414,STAT_8cd2,2025-02-19
2666,ORD_76daf7,CUST_bfc04a,One_Time,2025-11-27,PAY_182e,STAT_4414,2025-11-27
2667,ORD_763ae5,CUST_76892a,One_Time,2023-08-09,PAY_4414,STAT_8cd2,2023-08-09
2668,ORD_a50594,CUST_fb5733,Commercial,2024-08-24,PAY_e09a,STAT_4414,2024-08-24
2669,ORD_ab8bd5,CUST_fb5733,Commercial,2024-08-24,PAY_e09a,STAT_8cd2,2024-08-24
2670,ORD_c04d4c,CUST_fb5733,Commercial,2025-06-21,PAY_e09a,STAT_182e,2025-06-21
2671,ORD_5bd4e0,CUST_fb5733,Commercial,2026-03-12,PAY_182e,STAT_4414,2026-03-12
2672,ORD_f6c4b3,CUST_fb5733,Commercial,2024-08-24,PAY_182e,STAT_182e,2024-08-24
2673,ORD_18d3d1,CUST_fb5733,Commercial,2024-08-24,PAY_182e,STAT_4414,2024-08-24
2674,ORD_99581c,CUST_fb5733,Commercial,2024-08-24,PAY_182e,STAT_4414,2024-08-24
2675,ORD_47b522,CUST_fb5733,Commercial,2024-08-24,PAY_4414,STAT_4414,2024-08-24
2676,ORD_0ee908,CUST_fb5733,Commercial,2024-11-28,PAY_182e,STAT_4414,2024-11-28
2677,ORD_d3d7a7,CUST_fb5733,Commercial,2026-03-20,PAY_4414,STAT_e09a,2026-03-20
2678,ORD_c981ce,CUST_fb5733,Commercial,2024-08-24,PAY_8cd2,STAT_e09a,2024-08-24
2679,ORD_7ab7c5,CUST_fb5733,Commercial,2024-08-24,PAY_182e,STAT_4414,2024-08-24
2680,ORD_50a314,CUST_fb5733,Commercial,2024-08-24,PAY_8cd2,STAT_4414,2024-08-24
2681,ORD_80b66e,CUST_fb5733,Commercial,2024-08-24,PAY_8cd2,STAT_e09a,2024-08-24
2682,ORD_6d5595,CUST_fb5733,Commercial,2026-04-16,PAY_4414,STAT_4414,2026-04-16
2683,ORD_9fec8d,CUST_fb5733,Commercial,2024-08-24,PAY_e09a,STAT_182e,2024-08-24
2684,ORD_4459bb,CUST_fb5733,Commercial,2026-03-06,PAY_8cd2,STAT_182e,2026-03-06
2685,ORD_125133,CUST_fb5733,Commercial,2025-10-26,PAY_e09a,STAT_8cd2,2025-10-26
2686,ORD_e9893f,CUST_fb5733,Commercial,2024-08-24,PAY_e09a,STAT_8cd2,2024-08-24
2687,ORD_160d6e,CUST_cb003b,One_Time,2024-10-23,PAY_e09a,STAT_8cd2,2024-10-23
2688,ORD_86ed4b,CUST_981c71,One_Time,2024-12-28,PAY_e09a,STAT_8cd2,2024-12-28
2689,ORD_5d2fda,CUST_f57e19,Repeat,2024-07-15,PAY_e09a,STAT_4414,2024-07-15
2690,ORD_bb5cfd,CUST_f57e19,Repeat,2025-10-22,PAY_4414,STAT_4414,2025-10-22
2691,ORD_30ab10,CUST_f57e19,Repeat,2023-12-26,PAY_182e,STAT_4414,2023-12-26
2692,ORD_a0eacb,CUST_f57e19,Repeat,2026-01-16,PAY_4414,STAT_8cd2,2026-01-16
2693,ORD_ae905e,CUST_f57e19,Repeat,2023-09-18,PAY_4414,STAT_4414,2023-09-18
2694,ORD_efc752,CUST_f57e19,Repeat,2022-01-13,PAY_8cd2,STAT_182e,2022-01-13
2695,ORD_9d257e,CUST_1b1944,One_Time,2023-05-15,PAY_8cd2,STAT_4414,2023-05-15
2696,ORD_79a2c8,CUST_3a40fb,One_Time,2023-01-10,PAY_182e,STAT_8cd2,2023-01-10
2697,ORD_57e72e,CUST_9e3886,One_Time,2022-08-16,PAY_182e,STAT_e09a,2022-08-16
2698,ORD_c06f83,CUST_34c88e,One_Time,2025-10-20,PAY_8cd2,STAT_e09a,2025-10-20
2699,ORD_941f13,CUST_23fee9,Repeat,2026-03-05,PAY_182e,STAT_8cd2,2026-03-05
2700,ORD_2c0f11,CUST_23fee9,Repeat,2026-03-05,PAY_4414,STAT_182e,2026-03-05
2701,ORD_6aa97c,CUST_23fee9,Repeat,2026-03-05,PAY_4414,STAT_8cd2,2026-03-05
2702,ORD_150dcd,CUST_23fee9,Repeat,2026-03-05,PAY_8cd2,STAT_e09a,2026-03-05
2703,ORD_82a90c,CUST_23fee9,Repeat,2026-03-05,PAY_8cd2,STAT_182e,2026-03-05
2704,ORD_6ff74c,CUST_865fdf,Commercial,2023-10-20,PAY_4414,STAT_4414,2023-10-20
2705,ORD_22ca7f,CUST_865fdf,Commercial,2024-10-01,PAY_8cd2,STAT_4414,2024-10-01
2706,ORD_7ca7e3,CUST_865fdf,Commercial,2022-11-14,PAY_182e,STAT_4414,2022-11-14
2707,ORD_96a460,CUST_865fdf,Commercial,2022-11-14,PAY_e09a,STAT_4414,2022-11-14
2708,ORD_66b4ab,CUST_865fdf,Commercial,2022-11-14,PAY_182e,STAT_e09a,2022-11-14
2709,ORD_10b8dd,CUST_865fdf,Commercial,2023-07-25,PAY_4414,STAT_e09a,2023-07-25
2710,ORD_bd686b,CUST_865fdf,Commercial,2025-01-13,PAY_e09a,STAT_182e,2025-01-13
2711,ORD_8a5d74,CUST_865fdf,Commercial,2025-03-08,PAY_e09a,STAT_4414,2025-03-08
2712,ORD_311e6b,CUST_865fdf,Commercial,2022-11-14,PAY_4414,STAT_182e,2022-11-14
2713,ORD_062586,CUST_865fdf,Commercial,2026-02-20,PAY_8cd2,STAT_e09a,2026-02-20
2714,ORD_44ccb7,CUST_865fdf,Commercial,2025-03-17,PAY_4414,STAT_8cd2,2025-03-17
2715,ORD_379eb3,CUST_865fdf,Commercial,2025-10-24,PAY_182e,STAT_8cd2,2025-10-24
2716,ORD_bd7e39,CUST_865fdf,Commercial,2022-11-14,PAY_182e,STAT_4414,2022-11-14
2717,ORD_c057fc,CUST_865fdf,Commercial,2025-05-22,PAY_4414,STAT_4414,2025-05-22
2718,ORD_155267,CUST_865fdf,Commercial,2023-11-10,PAY_182e,STAT_8cd2,2023-11-10
2719,ORD_782674,CUST_865fdf,Commercial,2022-11-14,PAY_182e,STAT_8cd2,2022-11-14
2720,ORD_f8e513,CUST_865fdf,Commercial,2024-08-23,PAY_e09a,STAT_182e,2024-08-23
2721,ORD_6fec59,CUST_865fdf,Commercial,2025-02-15,PAY_e09a,STAT_182e,2025-02-15
2722,ORD_8fbaec,CUST_315166,One_Time,2026-03-22,PAY_182e,STAT_8cd2,2026-03-22
2723,ORD_9e1c74,CUST_1b945e,One_Time,2026-01-09,PAY_4414,STAT_182e,2026-01-09
2724,ORD_4729fa,CUST_89a3d7,One_Time,2024-09-01,PAY_e09a,STAT_e09a,2024-09-01
2725,ORD_36a012,CUST_540d89,One_Time,2022-01-14,PAY_182e,STAT_8cd2,2022-01-14
2726,ORD_6ad18d,CUST_bad78d,One_Time,2025-06-07,PAY_e09a,STAT_182e,2025-06-07
2727,ORD_58044e,CUST_770fe0,One_Time,2024-07-11,PAY_8cd2,STAT_e09a,2024-07-11
2728,ORD_5b2374,CUST_32570e,One_Time,2025-06-04,PAY_e09a,STAT_e09a,2025-06-04
2729,ORD_875269,CUST_aed3a2,One_Time,2025-05-14,PAY_e09a,STAT_8cd2,2025-05-14
2730,ORD_24331a,CUST_b24264,Repeat,2026-02-13,PAY_182e,STAT_e09a,2026-02-13
2731,ORD_f2ab0a,CUST_b24264,Repeat,2026-02-13,PAY_4414,STAT_8cd2,2026-02-13
2732,ORD_0f6bcd,CUST_b24264,Repeat,2026-04-10,PAY_e09a,STAT_4414,2026-04-10
2733,ORD_ffb6fb,CUST_b24264,Repeat,2026-02-13,PAY_e09a,STAT_e09a,2026-02-13
2734,ORD_e7ddfb,CUST_036a95,One_Time,2023-07-07,PAY_4414,STAT_8cd2,2023-07-07
2735,ORD_8da431,CUST_1379ca,One_Time,2023-06-03,PAY_8cd2,STAT_182e,2023-06-03
2736,ORD_fcfbe3,CUST_25a01e,One_Time,2022-07-03,PAY_e09a,STAT_8cd2,2022-07-03
2737,ORD_df34d2,CUST_c6b7d4,One_Time,2026-05-28,PAY_4414,STAT_182e,2026-05-28
2738,ORD_f59abe,CUST_5eb079,One_Time,2025-06-15,PAY_8cd2,STAT_182e,2025-06-15
2739,ORD_49c268,CUST_797925,Repeat,2025-12-13,PAY_e09a,STAT_182e,2025-12-13
2740,ORD_14a8db,CUST_797925,Repeat,2026-04-12,PAY_4414,STAT_182e,2026-04-12
2741,ORD_f6337a,CUST_711b1d,One_Time,2023-12-23,PAY_e09a,STAT_182e,2023-12-23
2742,ORD_54b028,CUST_e25e90,One_Time,2025-11-03,PAY_182e,STAT_e09a,2025-11-03
2743,ORD_5fcabd,CUST_5d4a81,One_Time,2024-04-28,PAY_8cd2,STAT_e09a,2024-04-28
2744,ORD_77054c,CUST_9c4e9d,One_Time,2025-03-19,PAY_4414,STAT_182e,2025-03-19
2745,ORD_4df54e,CUST_3c399f,One_Time,2025-10-17,PAY_8cd2,STAT_182e,2025-10-17
2746,ORD_c96041,CUST_30cd78,One_Time,2022-11-14,PAY_182e,STAT_182e,2022-11-14
2747,ORD_71c70d,CUST_96a941,Commercial,2025-09-05,PAY_e09a,STAT_182e,2025-09-05
2748,ORD_cfd3a0,CUST_96a941,Commercial,2025-09-05,PAY_8cd2,STAT_182e,2025-09-05
2749,ORD_63292a,CUST_96a941,Commercial,2025-09-05,PAY_182e,STAT_8cd2,2025-09-05
2750,ORD_aa752f,CUST_96a941,Commercial,2025-09-05,PAY_4414,STAT_182e,2025-09-05
2751,ORD_8d981b,CUST_96a941,Commercial,2025-11-22,PAY_4414,STAT_8cd2,2025-11-22
2752,ORD_47f129,CUST_96a941,Commercial,2026-03-17,PAY_182e,STAT_182e,2026-03-17
2753,ORD_bf57f9,CUST_96a941,Commercial,2025-09-05,PAY_8cd2,STAT_182e,2025-09-05
2754,ORD_7caf2b,CUST_96a941,Commercial,2025-09-05,PAY_182e,STAT_182e,2025-09-05
2755,ORD_0273f7,CUST_96a941,Commercial,2026-05-22,PAY_e09a,STAT_8cd2,2026-05-22
2756,ORD_de4248,CUST_96a941,Commercial,2025-09-05,PAY_182e,STAT_e09a,2025-09-05
2757,ORD_d1e7c1,CUST_96a941,Commercial,2025-09-05,PAY_8cd2,STAT_4414,2025-09-05
2758,ORD_5c265d,CUST_96a941,Commercial,2025-09-05,PAY_4414,STAT_8cd2,2025-09-05
2759,ORD_7eefb3,CUST_96a941,Commercial,2025-09-05,PAY_8cd2,STAT_e09a,2025-09-05
2760,ORD_89d2bc,CUST_96a941,Commercial,2025-09-05,PAY_e09a,STAT_8cd2,2025-09-05
2761,ORD_74f20e,CUST_96a941,Commercial,2025-09-05,PAY_8cd2,STAT_4414,2025-09-05
2762,ORD_886520,CUST_96a941,Commercial,2025-09-05,PAY_4414,STAT_8cd2,2025-09-05
2763,ORD_5249ff,CUST_fa86c1,One_Time,2025-11-01,PAY_e09a,STAT_4414,2025-11-01
2764,ORD_5c99f6,CUST_5fa963,One_Time,2025-01-11,PAY_8cd2,STAT_8cd2,2025-01-11
2765,ORD_d86d98,CUST_d354f5,One_Time,2026-01-10,PAY_e09a,STAT_8cd2,2026-01-10
2766,ORD_336b81,CUST_66f06f,One_Time,2026-03-04,PAY_8cd2,STAT_e09a,2026-03-04
2767,ORD_74189e,CUST_d2a97a,One_Time,2026-01-20,PAY_182e,STAT_4414,2026-01-20
2768,ORD_27223b,CUST_3e835c,One_Time,2026-03-16,PAY_4414,STAT_8cd2,2026-03-16
2769,ORD_99f065,CUST_75fc43,One_Time,2022-07-04,PAY_182e,STAT_182e,2022-07-04
2770,ORD_dbdac2,CUST_3884ba,One_Time,2023-12-02,PAY_182e,STAT_182e,2023-12-02
2771,ORD_81c66c,CUST_79e2b6,Commercial,2023-01-21,PAY_e09a,STAT_e09a,2023-01-21
2772,ORD_e6d440,CUST_79e2b6,Commercial,2025-05-20,PAY_e09a,STAT_4414,2025-05-20
2773,ORD_94f571,CUST_79e2b6,Commercial,2022-02-03,PAY_182e,STAT_4414,2022-02-03
2774,ORD_d05ef9,CUST_79e2b6,Commercial,2026-01-10,PAY_8cd2,STAT_8cd2,2026-01-10
2775,ORD_f6e739,CUST_79e2b6,Commercial,2023-10-11,PAY_8cd2,STAT_8cd2,2023-10-11
2776,ORD_18868c,CUST_79e2b6,Commercial,2022-01-06,PAY_4414,STAT_8cd2,2022-01-06
2777,ORD_9b8854,CUST_79e2b6,Commercial,2024-08-15,PAY_8cd2,STAT_e09a,2024-08-15
2778,ORD_aca36a,CUST_79e2b6,Commercial,2023-04-27,PAY_182e,STAT_4414,2023-04-27
2779,ORD_970ec1,CUST_79e2b6,Commercial,2026-05-07,PAY_4414,STAT_4414,2026-05-07
2780,ORD_b815e0,CUST_1a0bfd,One_Time,2024-09-01,PAY_182e,STAT_8cd2,2024-09-01
2781,ORD_0e9444,CUST_7d5e76,One_Time,2022-08-22,PAY_4414,STAT_182e,2022-08-22
2782,ORD_29f5a2,CUST_b9afc8,One_Time,2025-12-16,PAY_8cd2,STAT_e09a,2025-12-16
2783,ORD_929335,CUST_cd9971,One_Time,2025-07-21,PAY_182e,STAT_e09a,2025-07-21
2784,ORD_04f85a,CUST_4a6b46,One_Time,2024-07-26,PAY_8cd2,STAT_8cd2,2024-07-26
2785,ORD_2546eb,CUST_58dc7b,One_Time,2025-03-23,PAY_e09a,STAT_182e,2025-03-23
2786,ORD_38968a,CUST_470268,One_Time,2024-10-03,PAY_4414,STAT_182e,2024-10-03
2787,ORD_895d30,CUST_87d28f,Repeat,2024-01-01,PAY_e09a,STAT_e09a,2024-01-01
2788,ORD_da5261,CUST_87d28f,Repeat,2024-12-18,PAY_e09a,STAT_8cd2,2024-12-18
2789,ORD_1daa20,CUST_fefa8a,Repeat,2022-09-10,PAY_182e,STAT_8cd2,2022-09-10
2790,ORD_cf0981,CUST_fefa8a,Repeat,2024-02-05,PAY_e09a,STAT_4414,2024-02-05
2791,ORD_60778b,CUST_fefa8a,Repeat,2026-03-19,PAY_8cd2,STAT_4414,2026-03-19
2792,ORD_93402e,CUST_fefa8a,Repeat,2025-03-06,PAY_182e,STAT_4414,2025-03-06
2793,ORD_7fcd78,CUST_fefa8a,Repeat,2026-04-16,PAY_e09a,STAT_4414,2026-04-16
2794,ORD_590425,CUST_fefa8a,Repeat,2022-09-24,PAY_e09a,STAT_4414,2022-09-24
2795,ORD_c85080,CUST_45bd75,One_Time,2025-07-20,PAY_8cd2,STAT_e09a,2025-07-20
2796,ORD_d7fa4a,CUST_74edf9,Repeat,2022-11-21,PAY_8cd2,STAT_8cd2,2022-11-21
2797,ORD_d6d7b6,CUST_74edf9,Repeat,2023-08-27,PAY_4414,STAT_182e,2023-08-27
2798,ORD_7f118c,CUST_74edf9,Repeat,2022-11-21,PAY_182e,STAT_e09a,2022-11-21
2799,ORD_90f89e,CUST_72c728,Commercial,2022-07-23,PAY_e09a,STAT_4414,2022-07-23
2800,ORD_2a8fd8,CUST_72c728,Commercial,2025-07-09,PAY_e09a,STAT_8cd2,2025-07-09
2801,ORD_51d798,CUST_72c728,Commercial,2024-07-22,PAY_4414,STAT_4414,2024-07-22
2802,ORD_cc04a0,CUST_72c728,Commercial,2023-02-06,PAY_e09a,STAT_8cd2,2023-02-06
2803,ORD_d44671,CUST_72c728,Commercial,2023-03-17,PAY_e09a,STAT_4414,2023-03-17
2804,ORD_d62f97,CUST_72c728,Commercial,2025-04-03,PAY_4414,STAT_182e,2025-04-03
2805,ORD_8fab17,CUST_72c728,Commercial,2021-11-28,PAY_4414,STAT_4414,2021-11-28
2806,ORD_9adc64,CUST_72c728,Commercial,2022-10-20,PAY_182e,STAT_4414,2022-10-20
2807,ORD_bf9431,CUST_b979cb,One_Time,2025-10-14,PAY_8cd2,STAT_8cd2,2025-10-14
2808,ORD_dec10f,CUST_b01d28,One_Time,2026-03-19,PAY_e09a,STAT_e09a,2026-03-19
2809,ORD_65e156,CUST_7a4fc0,One_Time,2023-12-23,PAY_8cd2,STAT_e09a,2023-12-23
2810,ORD_4024ae,CUST_0d3936,One_Time,2023-11-27,PAY_e09a,STAT_e09a,2023-11-27
2811,ORD_1c9617,CUST_eb243b,One_Time,2025-06-13,PAY_8cd2,STAT_e09a,2025-06-13
2812,ORD_b0df45,CUST_c9ac40,One_Time,2025-09-09,PAY_8cd2,STAT_4414,2025-09-09
2813,ORD_27c180,CUST_c54045,One_Time,2024-12-11,PAY_8cd2,STAT_8cd2,2024-12-11
2814,ORD_0840b7,CUST_7dc02f,Repeat,2024-03-18,PAY_182e,STAT_e09a,2024-03-18
2815,ORD_34e593,CUST_7dc02f,Repeat,2025-11-22,PAY_182e,STAT_e09a,2025-11-22
2816,ORD_0256f0,CUST_7dc02f,Repeat,2022-10-27,PAY_182e,STAT_8cd2,2022-10-27
2817,ORD_099612,CUST_7dc02f,Repeat,2022-10-27,PAY_182e,STAT_182e,2022-10-27
2818,ORD_8bcc08,CUST_dfff4a,Repeat,2023-03-03,PAY_182e,STAT_e09a,2023-03-03
2819,ORD_992153,CUST_dfff4a,Repeat,2026-04-22,PAY_e09a,STAT_4414,2026-04-22
2820,ORD_050888,CUST_dfff4a,Repeat,2023-10-03,PAY_e09a,STAT_182e,2023-10-03
2821,ORD_6ef692,CUST_dfff4a,Repeat,2026-03-09,PAY_182e,STAT_182e,2026-03-09
2822,ORD_59dca1,CUST_dfff4a,Repeat,2024-01-04,PAY_182e,STAT_182e,2024-01-04
2823,ORD_104f66,CUST_c7a9b6,One_Time,2026-05-05,PAY_8cd2,STAT_182e,2026-05-05
2824,ORD_3899a1,CUST_ae2f53,Repeat,2024-05-24,PAY_4414,STAT_e09a,2024-05-24
2825,ORD_c1b70c,CUST_ae2f53,Repeat,2021-04-25,PAY_8cd2,STAT_e09a,2021-04-25
2826,ORD_aa317e,CUST_072242,One_Time,2023-02-26,PAY_182e,STAT_8cd2,2023-02-26
2827,ORD_b4324e,CUST_2c8229,One_Time,2025-07-23,PAY_182e,STAT_e09a,2025-07-23
2828,ORD_862c94,CUST_24f85f,One_Time,2023-06-16,PAY_182e,STAT_8cd2,2023-06-16
2829,ORD_f0e853,CUST_786f4a,One_Time,2024-04-11,PAY_e09a,STAT_182e,2024-04-11
2830,ORD_951bd3,CUST_b3367e,Repeat,2025-02-07,PAY_e09a,STAT_182e,2025-02-07
2831,ORD_d5cc3a,CUST_b3367e,Repeat,2023-03-04,PAY_182e,STAT_8cd2,2023-03-04
2832,ORD_74d6b2,CUST_b3367e,Repeat,2025-06-04,PAY_e09a,STAT_8cd2,2025-06-04
2833,ORD_cca9b8,CUST_b3367e,Repeat,2022-12-07,PAY_4414,STAT_182e,2022-12-07
2834,ORD_ce3d03,CUST_d469d8,One_Time,2025-09-17,PAY_8cd2,STAT_4414,2025-09-17
2835,ORD_1416c2,CUST_9d9180,One_Time,2023-09-05,PAY_e09a,STAT_8cd2,2023-09-05
2836,ORD_2be54e,CUST_aa7062,One_Time,2024-07-22,PAY_182e,STAT_e09a,2024-07-22
2837,ORD_dc9525,CUST_d43ea0,Repeat,2025-01-01,PAY_182e,STAT_4414,2025-01-01
2838,ORD_c5b2ae,CUST_d43ea0,Repeat,2025-01-01,PAY_8cd2,STAT_4414,2025-01-01
2839,ORD_88f228,CUST_d43ea0,Repeat,2025-01-01,PAY_182e,STAT_e09a,2025-01-01
2840,ORD_e3338e,CUST_f32db3,One_Time,2024-05-19,PAY_e09a,STAT_182e,2024-05-19
2841,ORD_d42349,CUST_60956c,One_Time,2024-09-20,PAY_e09a,STAT_e09a,2024-09-20
2842,ORD_12e7e9,CUST_e04a6d,One_Time,2024-04-05,PAY_4414,STAT_8cd2,2024-04-05
2843,ORD_7a8f84,CUST_a18c47,One_Time,2021-05-03,PAY_8cd2,STAT_182e,2021-05-03
2844,ORD_b362ac,CUST_9c651f,Commercial,2023-09-17,PAY_e09a,STAT_e09a,2023-09-17
2845,ORD_45baea,CUST_9c651f,Commercial,2025-04-12,PAY_182e,STAT_8cd2,2025-04-12
2846,ORD_c91914,CUST_9c651f,Commercial,2023-09-17,PAY_182e,STAT_182e,2023-09-17
2847,ORD_d5650b,CUST_9c651f,Commercial,2026-01-13,PAY_182e,STAT_182e,2026-01-13
2848,ORD_b3a81d,CUST_9c651f,Commercial,2024-10-13,PAY_4414,STAT_e09a,2024-10-13
2849,ORD_008fb6,CUST_9c651f,Commercial,2023-09-17,PAY_182e,STAT_e09a,2023-09-17
2850,ORD_627f51,CUST_9c651f,Commercial,2023-09-17,PAY_8cd2,STAT_182e,2023-09-17
2851,ORD_7c6f37,CUST_9c651f,Commercial,2024-02-23,PAY_e09a,STAT_4414,2024-02-23
2852,ORD_5f4754,CUST_9c651f,Commercial,2023-09-17,PAY_e09a,STAT_e09a,2023-09-17
2853,ORD_5662b4,CUST_9c651f,Commercial,2026-03-24,PAY_4414,STAT_182e,2026-03-24
2854,ORD_7d7b59,CUST_9c651f,Commercial,2023-09-17,PAY_4414,STAT_8cd2,2023-09-17
2855,ORD_2cf9f3,CUST_9c651f,Commercial,2023-09-17,PAY_4414,STAT_4414,2023-09-17
2856,ORD_f89103,CUST_9c651f,Commercial,2023-09-17,PAY_182e,STAT_182e,2023-09-17
2857,ORD_126795,CUST_9c651f,Commercial,2023-09-17,PAY_e09a,STAT_182e,2023-09-17
2858,ORD_63e53b,CUST_9c651f,Commercial,2026-03-26,PAY_e09a,STAT_4414,2026-03-26
2859,ORD_5820ac,CUST_9c651f,Commercial,2023-09-17,PAY_4414,STAT_182e,2023-09-17
2860,ORD_28dd0c,CUST_9c651f,Commercial,2023-09-17,PAY_182e,STAT_4414,2023-09-17
2861,ORD_f4a95d,CUST_9c651f,Commercial,2025-04-20,PAY_182e,STAT_8cd2,2025-04-20
2862,ORD_ddeb84,CUST_9c651f,Commercial,2023-09-17,PAY_4414,STAT_182e,2023-09-17
2863,ORD_e28f2c,CUST_9c651f,Commercial,2024-01-18,PAY_4414,STAT_8cd2,2024-01-18
2864,ORD_696225,CUST_3c30a5,One_Time,2025-01-17,PAY_8cd2,STAT_4414,2025-01-17
2865,ORD_d91d67,CUST_c29430,Repeat,2025-11-05,PAY_e09a,STAT_4414,2025-11-05
2866,ORD_33d50d,CUST_c29430,Repeat,2026-04-23,PAY_e09a,STAT_182e,2026-04-23
2867,ORD_93759b,CUST_c29430,Repeat,2026-05-16,PAY_4414,STAT_e09a,2026-05-16
2868,ORD_214ee9,CUST_c29430,Repeat,2024-10-17,PAY_e09a,STAT_e09a,2024-10-17
2869,ORD_a6c7ca,CUST_8c1d74,Repeat,2024-06-18,PAY_182e,STAT_8cd2,2024-06-18
2870,ORD_8360c7,CUST_8c1d74,Repeat,2024-06-18,PAY_182e,STAT_182e,2024-06-18
2871,ORD_5dc4b2,CUST_a323b7,One_Time,2022-04-21,PAY_8cd2,STAT_e09a,2022-04-21
2872,ORD_de5c2f,CUST_7bb8b0,One_Time,2023-12-07,PAY_182e,STAT_4414,2023-12-07
2873,ORD_6a6e7b,CUST_a97d28,One_Time,2025-07-11,PAY_182e,STAT_e09a,2025-07-11
2874,ORD_4c0e04,CUST_5f23ec,One_Time,2025-08-18,PAY_e09a,STAT_4414,2025-08-18
2875,ORD_be1724,CUST_f7bd7c,One_Time,2023-01-07,PAY_4414,STAT_4414,2023-01-07
2876,ORD_92007f,CUST_0f501d,One_Time,2026-01-18,PAY_8cd2,STAT_e09a,2026-01-18
2877,ORD_f91b30,CUST_0be79f,Commercial,2024-01-26,PAY_182e,STAT_4414,2024-01-26
2878,ORD_24fa26,CUST_0be79f,Commercial,2025-03-08,PAY_8cd2,STAT_182e,2025-03-08
2879,ORD_5777c7,CUST_0be79f,Commercial,2023-11-10,PAY_182e,STAT_182e,2023-11-10
2880,ORD_f9d94c,CUST_0be79f,Commercial,2022-10-25,PAY_8cd2,STAT_4414,2022-10-25
2881,ORD_643834,CUST_0be79f,Commercial,2022-07-18,PAY_4414,STAT_8cd2,2022-07-18
2882,ORD_b51c10,CUST_0be79f,Commercial,2025-08-11,PAY_e09a,STAT_8cd2,2025-08-11
2883,ORD_b5f79d,CUST_0be79f,Commercial,2025-04-18,PAY_8cd2,STAT_e09a,2025-04-18
2884,ORD_e6696b,CUST_0be79f,Commercial,2023-10-13,PAY_8cd2,STAT_e09a,2023-10-13
2885,ORD_76cca5,CUST_0be79f,Commercial,2026-05-08,PAY_e09a,STAT_8cd2,2026-05-08
2886,ORD_0b65c6,CUST_0be79f,Commercial,2025-07-22,PAY_182e,STAT_182e,2025-07-22
2887,ORD_c30f52,CUST_0be79f,Commercial,2026-05-19,PAY_4414,STAT_8cd2,2026-05-19
2888,ORD_8d7e11,CUST_0be79f,Commercial,2022-07-18,PAY_8cd2,STAT_e09a,2022-07-18
2889,ORD_03d85a,CUST_0be79f,Commercial,2024-12-02,PAY_e09a,STAT_4414,2024-12-02
2890,ORD_dbc379,CUST_0be79f,Commercial,2022-12-27,PAY_e09a,STAT_182e,2022-12-27
2891,ORD_1de727,CUST_0be79f,Commercial,2022-08-03,PAY_182e,STAT_4414,2022-08-03
2892,ORD_0a3524,CUST_0be79f,Commercial,2022-07-18,PAY_4414,STAT_4414,2022-07-18
2893,ORD_20ff3a,CUST_0be79f,Commercial,2024-02-17,PAY_8cd2,STAT_182e,2024-02-17
2894,ORD_ceb2a3,CUST_0be79f,Commercial,2023-01-07,PAY_8cd2,STAT_e09a,2023-01-07
2895,ORD_2a0be3,CUST_704e1c,One_Time,2026-01-10,PAY_e09a,STAT_182e,2026-01-10
2896,ORD_9ac016,CUST_c356b3,One_Time,2026-01-14,PAY_182e,STAT_e09a,2026-01-14
2897,ORD_133fad,CUST_ed4be6,One_Time,2024-01-03,PAY_4414,STAT_182e,2024-01-03
2898,ORD_bf666c,CUST_0353cd,One_Time,2021-09-17,PAY_4414,STAT_182e,2021-09-17
2899,ORD_16514d,CUST_1ee5d7,Repeat,2025-04-15,PAY_8cd2,STAT_e09a,2025-04-15
2900,ORD_ff328e,CUST_1ee5d7,Repeat,2025-04-21,PAY_8cd2,STAT_182e,2025-04-21
2901,ORD_ef6207,CUST_1ee5d7,Repeat,2023-06-17,PAY_4414,STAT_8cd2,2023-06-17
2902,ORD_456014,CUST_1ee5d7,Repeat,2024-02-14,PAY_e09a,STAT_e09a,2024-02-14
2903,ORD_1aeb33,CUST_1ee5d7,Repeat,2023-06-17,PAY_e09a,STAT_182e,2023-06-17
2904,ORD_2091c7,CUST_1ee5d7,Repeat,2024-07-22,PAY_e09a,STAT_182e,2024-07-22
2905,ORD_d17472,CUST_75b538,One_Time,2026-04-11,PAY_182e,STAT_8cd2,2026-04-11
2906,ORD_b00343,CUST_67e8fb,Repeat,2025-10-23,PAY_182e,STAT_4414,2025-10-23
2907,ORD_2aabdf,CUST_67e8fb,Repeat,2026-02-01,PAY_182e,STAT_182e,2026-02-01
2908,ORD_97a775,CUST_67e8fb,Repeat,2025-12-04,PAY_e09a,STAT_4414,2025-12-04
2909,ORD_77b2b0,CUST_67e8fb,Repeat,2025-10-23,PAY_8cd2,STAT_4414,2025-10-23
2910,ORD_0a809a,CUST_67e8fb,Repeat,2025-10-23,PAY_182e,STAT_4414,2025-10-23
2911,ORD_792e4e,CUST_67e8fb,Repeat,2025-10-23,PAY_4414,STAT_4414,2025-10-23
2912,ORD_20c4a5,CUST_75635e,One_Time,2025-12-12,PAY_4414,STAT_e09a,2025-12-12
2913,ORD_c9c791,CUST_46aa74,One_Time,2025-11-27,PAY_8cd2,STAT_e09a,2025-11-27
2914,ORD_4a4908,CUST_5cc47b,One_Time,2023-04-09,PAY_8cd2,STAT_4414,2023-04-09
2915,ORD_2d592e,CUST_eb3849,Commercial,2024-11-24,PAY_8cd2,STAT_182e,2024-11-24
2916,ORD_0dbe98,CUST_eb3849,Commercial,2024-11-24,PAY_182e,STAT_8cd2,2024-11-24
2917,ORD_17a150,CUST_eb3849,Commercial,2024-11-24,PAY_4414,STAT_8cd2,2024-11-24
2918,ORD_802bc1,CUST_eb3849,Commercial,2025-04-22,PAY_4414,STAT_182e,2025-04-22
2919,ORD_d45300,CUST_eb3849,Commercial,2024-11-24,PAY_e09a,STAT_182e,2024-11-24
2920,ORD_77e852,CUST_eb3849,Commercial,2024-11-24,PAY_e09a,STAT_4414,2024-11-24
2921,ORD_020d9b,CUST_eb3849,Commercial,2024-11-24,PAY_182e,STAT_e09a,2024-11-24
2922,ORD_e77c3f,CUST_eb3849,Commercial,2026-04-05,PAY_e09a,STAT_e09a,2026-04-05
2923,ORD_793964,CUST_eb3849,Commercial,2025-05-09,PAY_8cd2,STAT_4414,2025-05-09
2924,ORD_a495ec,CUST_eb3849,Commercial,2025-06-02,PAY_182e,STAT_e09a,2025-06-02
2925,ORD_a07fbc,CUST_eb3849,Commercial,2024-11-24,PAY_8cd2,STAT_4414,2024-11-24
2926,ORD_bfc5b3,CUST_eb3849,Commercial,2025-10-14,PAY_4414,STAT_4414,2025-10-14
2927,ORD_ed62e9,CUST_eb3849,Commercial,2024-11-24,PAY_8cd2,STAT_4414,2024-11-24
2928,ORD_9f07a5,CUST_eb3849,Commercial,2024-11-24,PAY_4414,STAT_8cd2,2024-11-24
2929,ORD_f4dca5,CUST_eb3849,Commercial,2024-11-24,PAY_e09a,STAT_e09a,2024-11-24
2930,ORD_91bde6,CUST_eb3849,Commercial,2024-11-24,PAY_182e,STAT_e09a,2024-11-24
2931,ORD_8892b1,CUST_c63df0,One_Time,2025-02-20,PAY_182e,STAT_e09a,2025-02-20
2932,ORD_3b8874,CUST_bc3072,One_Time,2023-02-21,PAY_4414,STAT_8cd2,2023-02-21
2933,ORD_ba2f52,CUST_9d29a2,One_Time,2023-12-20,PAY_8cd2,STAT_4414,2023-12-20
2934,ORD_6782e1,CUST_5877be,Repeat,2026-03-19,PAY_182e,STAT_4414,2026-03-19
2935,ORD_780f73,CUST_5877be,Repeat,2026-03-19,PAY_8cd2,STAT_8cd2,2026-03-19
2936,ORD_b4ee30,CUST_5877be,Repeat,2026-03-19,PAY_4414,STAT_e09a,2026-03-19
2937,ORD_103fd1,CUST_5877be,Repeat,2026-03-19,PAY_182e,STAT_8cd2,2026-03-19
2938,ORD_60c409,CUST_5877be,Repeat,2026-03-19,PAY_8cd2,STAT_e09a,2026-03-19
2939,ORD_9c7fa9,CUST_5877be,Repeat,2026-03-19,PAY_182e,STAT_182e,2026-03-19
2940,ORD_d3fcd7,CUST_7174e1,Repeat,2023-01-07,PAY_8cd2,STAT_182e,2023-01-07
2941,ORD_0c0a2b,CUST_7174e1,Repeat,2026-03-01,PAY_4414,STAT_4414,2026-03-01
2942,ORD_a6c7dd,CUST_7174e1,Repeat,2025-01-09,PAY_182e,STAT_182e,2025-01-09
2943,ORD_5e9630,CUST_7174e1,Repeat,2026-04-26,PAY_4414,STAT_e09a,2026-04-26
2944,ORD_b6c1b3,CUST_7174e1,Repeat,2023-01-07,PAY_e09a,STAT_e09a,2023-01-07
2945,ORD_efc24a,CUST_875d84,One_Time,2025-07-07,PAY_e09a,STAT_182e,2025-07-07
2946,ORD_384ad0,CUST_fe43f3,Commercial,2025-10-03,PAY_182e,STAT_4414,2025-10-03
2947,ORD_9d63ff,CUST_fe43f3,Commercial,2025-05-09,PAY_182e,STAT_8cd2,2025-05-09
2948,ORD_f2e5b8,CUST_fe43f3,Commercial,2023-10-15,PAY_182e,STAT_182e,2023-10-15
2949,ORD_5feb91,CUST_fe43f3,Commercial,2023-10-15,PAY_e09a,STAT_8cd2,2023-10-15
2950,ORD_bb1471,CUST_fe43f3,Commercial,2023-10-15,PAY_e09a,STAT_e09a,2023-10-15
2951,ORD_ff0021,CUST_fe43f3,Commercial,2024-12-14,PAY_4414,STAT_182e,2024-12-14
2952,ORD_57584d,CUST_fe43f3,Commercial,2023-10-15,PAY_e09a,STAT_4414,2023-10-15
2953,ORD_380185,CUST_fe43f3,Commercial,2023-12-21,PAY_182e,STAT_4414,2023-12-21
2954,ORD_f1701c,CUST_fe43f3,Commercial,2023-10-15,PAY_182e,STAT_e09a,2023-10-15
2955,ORD_cbd6ff,CUST_fe43f3,Commercial,2023-10-15,PAY_8cd2,STAT_8cd2,2023-10-15
2956,ORD_08c509,CUST_fe43f3,Commercial,2023-10-15,PAY_e09a,STAT_182e,2023-10-15
2957,ORD_dd66cb,CUST_a972bf,One_Time,2026-02-09,PAY_e09a,STAT_8cd2,2026-02-09
2958,ORD_b21255,CUST_34ea4d,One_Time,2024-12-26,PAY_e09a,STAT_8cd2,2024-12-26
2959,ORD_d52436,CUST_fd4d0a,One_Time,2025-09-18,PAY_182e,STAT_4414,2025-09-18
2960,ORD_d69722,CUST_5d273e,One_Time,2025-06-13,PAY_8cd2,STAT_8cd2,2025-06-13
2961,ORD_33c1c5,CUST_36b455,Commercial,2026-04-24,PAY_8cd2,STAT_e09a,2026-04-24
2962,ORD_12f959,CUST_36b455,Commercial,2025-09-26,PAY_8cd2,STAT_8cd2,2025-09-26
2963,ORD_c189a0,CUST_36b455,Commercial,2024-06-05,PAY_182e,STAT_182e,2024-06-05
2964,ORD_051470,CUST_36b455,Commercial,2024-06-05,PAY_4414,STAT_8cd2,2024-06-05
2965,ORD_44b266,CUST_36b455,Commercial,2024-06-05,PAY_e09a,STAT_182e,2024-06-05
2966,ORD_867ba1,CUST_36b455,Commercial,2024-06-05,PAY_8cd2,STAT_8cd2,2024-06-05
2967,ORD_c3182e,CUST_36b455,Commercial,2024-06-05,PAY_182e,STAT_4414,2024-06-05
2968,ORD_dcede7,CUST_36b455,Commercial,2024-09-11,PAY_182e,STAT_e09a,2024-09-11
2969,ORD_d03549,CUST_36b455,Commercial,2024-06-05,PAY_182e,STAT_8cd2,2024-06-05
2970,ORD_e5f910,CUST_36b455,Commercial,2024-10-23,PAY_e09a,STAT_8cd2,2024-10-23
2971,ORD_276d72,CUST_36b455,Commercial,2025-07-16,PAY_8cd2,STAT_8cd2,2025-07-16
2972,ORD_faa5f6,CUST_36b455,Commercial,2024-06-05,PAY_8cd2,STAT_8cd2,2024-06-05
2973,ORD_ab11d0,CUST_36b455,Commercial,2024-06-05,PAY_8cd2,STAT_182e,2024-06-05
2974,ORD_43c8ea,CUST_36b455,Commercial,2026-04-26,PAY_8cd2,STAT_e09a,2026-04-26
2975,ORD_016e4a,CUST_36b455,Commercial,2025-07-06,PAY_e09a,STAT_4414,2025-07-06
2976,ORD_c1fec8,CUST_36b455,Commercial,2024-06-05,PAY_8cd2,STAT_8cd2,2024-06-05
2977,ORD_50bcc9,CUST_a02b3c,Repeat,2025-02-25,PAY_182e,STAT_e09a,2025-02-25
2978,ORD_34d5e5,CUST_a02b3c,Repeat,2024-05-02,PAY_182e,STAT_182e,2024-05-02
2979,ORD_7b31d1,CUST_a02b3c,Repeat,2022-02-26,PAY_e09a,STAT_4414,2022-02-26
2980,ORD_7151e2,CUST_a02b3c,Repeat,2026-01-26,PAY_8cd2,STAT_8cd2,2026-01-26
2981,ORD_9d8ea9,CUST_a8cd76,One_Time,2023-12-26,PAY_8cd2,STAT_e09a,2023-12-26
2982,ORD_0906a7,CUST_05bd67,One_Time,2025-07-21,PAY_8cd2,STAT_4414,2025-07-21
2983,ORD_6cc071,CUST_b7503d,One_Time,2025-02-23,PAY_8cd2,STAT_8cd2,2025-02-23
2984,ORD_a541b1,CUST_a3222b,One_Time,2024-07-19,PAY_4414,STAT_4414,2024-07-19
2985,ORD_bb0619,CUST_c14092,One_Time,2025-12-18,PAY_182e,STAT_182e,2025-12-18
2986,ORD_2c2f3b,CUST_29e05e,One_Time,2024-11-14,PAY_4414,STAT_e09a,2024-11-14
2987,ORD_d044de,CUST_465814,Commercial,2024-08-18,PAY_4414,STAT_4414,2024-08-18
2988,ORD_77487b,CUST_465814,Commercial,2025-08-02,PAY_4414,STAT_182e,2025-08-02
2989,ORD_a115f3,CUST_465814,Commercial,2024-06-13,PAY_e09a,STAT_4414,2024-06-13
2990,ORD_05f050,CUST_465814,Commercial,2024-06-13,PAY_e09a,STAT_e09a,2024-06-13
2991,ORD_8438bb,CUST_465814,Commercial,2024-06-13,PAY_8cd2,STAT_4414,2024-06-13
2992,ORD_934e30,CUST_465814,Commercial,2025-08-14,PAY_182e,STAT_182e,2025-08-14
2993,ORD_98c562,CUST_465814,Commercial,2024-06-13,PAY_8cd2,STAT_8cd2,2024-06-13
2994,ORD_eca188,CUST_465814,Commercial,2024-12-06,PAY_4414,STAT_8cd2,2024-12-06
2995,ORD_3f7629,CUST_465814,Commercial,2025-04-18,PAY_182e,STAT_8cd2,2025-04-18
2996,ORD_5dbb99,CUST_465814,Commercial,2026-05-11,PAY_4414,STAT_e09a,2026-05-11
2997,ORD_83b63b,CUST_465814,Commercial,2026-04-02,PAY_8cd2,STAT_e09a,2026-04-02
2998,ORD_5b3090,CUST_465814,Commercial,2024-06-13,PAY_4414,STAT_e09a,2024-06-13
2999,ORD_54e3eb,CUST_465814,Commercial,2024-06-13,PAY_182e,STAT_4414,2024-06-13
3000,ORD_4b37a1,CUST_465814,Commercial,2024-06-13,PAY_4414,STAT_182e,2024-06-13
3001,ORD_f03ed1,CUST_465814,Commercial,2025-03-21,PAY_e09a,STAT_8cd2,2025-03-21
3002,ORD_d98654,CUST_465814,Commercial,2024-06-13,PAY_e09a,STAT_e09a,2024-06-13
3003,ORD_fbe709,CUST_bcebba,One_Time,2022-09-14,PAY_8cd2,STAT_e09a,2022-09-14
3004,ORD_ce16e6,CUST_a8dfa5,One_Time,2025-08-22,PAY_4414,STAT_182e,2025-08-22
3005,ORD_ec7fc9,CUST_447a41,Repeat,2024-11-18,PAY_e09a,STAT_8cd2,2024-11-18
3006,ORD_3b6ae1,CUST_447a41,Repeat,2024-11-18,PAY_8cd2,STAT_4414,2024-11-18
3007,ORD_6a4386,CUST_447a41,Repeat,2024-11-18,PAY_182e,STAT_e09a,2024-11-18
3008,ORD_6d11f0,CUST_52770f,Repeat,2024-10-21,PAY_4414,STAT_8cd2,2024-10-21
3009,ORD_1f37f0,CUST_52770f,Repeat,2024-10-21,PAY_e09a,STAT_4414,2024-10-21
3010,ORD_37e0a9,CUST_52770f,Repeat,2024-10-21,PAY_8cd2,STAT_8cd2,2024-10-21
3011,ORD_827f0a,CUST_52770f,Repeat,2024-10-21,PAY_182e,STAT_4414,2024-10-21
3012,ORD_35cf73,CUST_52770f,Repeat,2024-10-21,PAY_4414,STAT_8cd2,2024-10-21
3013,ORD_0f701e,CUST_a93e7c,One_Time,2025-12-07,PAY_4414,STAT_182e,2025-12-07
3014,ORD_fa3a42,CUST_9ff505,Repeat,2025-09-28,PAY_4414,STAT_4414,2025-09-28
3015,ORD_3777af,CUST_9ff505,Repeat,2025-09-28,PAY_e09a,STAT_8cd2,2025-09-28
3016,ORD_17d712,CUST_9ff505,Repeat,2025-09-28,PAY_182e,STAT_182e,2025-09-28
3017,ORD_261698,CUST_9ff505,Repeat,2025-09-28,PAY_182e,STAT_8cd2,2025-09-28
3018,ORD_b1eab1,CUST_fc244b,One_Time,2024-04-23,PAY_8cd2,STAT_8cd2,2024-04-23
3019,ORD_c9da24,CUST_6e78fa,One_Time,2025-12-21,PAY_8cd2,STAT_8cd2,2025-12-21
3020,ORD_e63d26,CUST_2ba76d,One_Time,2025-10-11,PAY_e09a,STAT_e09a,2025-10-11
3021,ORD_c5459f,CUST_276ae8,One_Time,2022-02-20,PAY_4414,STAT_4414,2022-02-20
3022,ORD_4ddd3b,CUST_892e45,One_Time,2026-04-19,PAY_182e,STAT_8cd2,2026-04-19
3023,ORD_717509,CUST_d55f3b,One_Time,2025-05-12,PAY_4414,STAT_8cd2,2025-05-12
3024,ORD_c2326e,CUST_071732,One_Time,2023-09-17,PAY_8cd2,STAT_e09a,2023-09-17
3025,ORD_13e4bc,CUST_180c8a,One_Time,2025-02-15,PAY_8cd2,STAT_8cd2,2025-02-15
3026,ORD_176e6b,CUST_417f25,One_Time,2024-12-16,PAY_182e,STAT_182e,2024-12-16
3027,ORD_fa24ff,CUST_f974ab,Repeat,2023-05-05,PAY_4414,STAT_e09a,2023-05-05
3028,ORD_897024,CUST_f974ab,Repeat,2024-07-01,PAY_e09a,STAT_182e,2024-07-01
3029,ORD_cd22f9,CUST_f974ab,Repeat,2024-08-16,PAY_e09a,STAT_8cd2,2024-08-16
3030,ORD_2a1867,CUST_f974ab,Repeat,2025-12-11,PAY_8cd2,STAT_182e,2025-12-11
3031,ORD_85c252,CUST_f974ab,Repeat,2024-11-05,PAY_182e,STAT_182e,2024-11-05
3032,ORD_dbf7f1,CUST_ed8d08,Repeat,2025-09-14,PAY_e09a,STAT_8cd2,2025-09-14
3033,ORD_a06b2d,CUST_ed8d08,Repeat,2025-09-14,PAY_8cd2,STAT_4414,2025-09-14
3034,ORD_47009e,CUST_ed8d08,Repeat,2025-09-14,PAY_4414,STAT_4414,2025-09-14
3035,ORD_34674b,CUST_05d984,One_Time,2022-01-04,PAY_182e,STAT_8cd2,2022-01-04
3036,ORD_77be88,CUST_88d961,Repeat,2022-06-27,PAY_4414,STAT_e09a,2022-06-27
3037,ORD_e06506,CUST_88d961,Repeat,2024-02-16,PAY_8cd2,STAT_182e,2024-02-16
3038,ORD_5f06fe,CUST_88d961,Repeat,2024-08-14,PAY_182e,STAT_182e,2024-08-14
3039,ORD_1b61d2,CUST_88d961,Repeat,2025-02-20,PAY_4414,STAT_8cd2,2025-02-20
3040,ORD_c7a0ee,CUST_48299e,One_Time,2024-08-02,PAY_182e,STAT_4414,2024-08-02
3041,ORD_999d33,CUST_e55c18,One_Time,2025-11-09,PAY_8cd2,STAT_4414,2025-11-09
3042,ORD_90768b,CUST_0484c0,One_Time,2021-07-20,PAY_8cd2,STAT_8cd2,2021-07-20
3043,ORD_a9feb9,CUST_ef68fd,Repeat,2025-04-04,PAY_182e,STAT_8cd2,2025-04-04
3044,ORD_103bbe,CUST_ef68fd,Repeat,2025-04-04,PAY_4414,STAT_182e,2025-04-04
3045,ORD_9baac6,CUST_ef68fd,Repeat,2025-04-04,PAY_4414,STAT_4414,2025-04-04
3046,ORD_6e27bf,CUST_ef68fd,Repeat,2025-04-04,PAY_e09a,STAT_4414,2025-04-04
3047,ORD_7eaecd,CUST_ef68fd,Repeat,2025-04-04,PAY_8cd2,STAT_182e,2025-04-04
3048,ORD_e7ecb4,CUST_946c01,One_Time,2025-10-25,PAY_4414,STAT_e09a,2025-10-25
3049,ORD_62a5e2,CUST_efc3d7,One_Time,2025-09-09,PAY_e09a,STAT_4414,2025-09-09
3050,ORD_b7d046,CUST_808fac,Commercial,2022-12-21,PAY_182e,STAT_e09a,2022-12-21
3051,ORD_b2506b,CUST_808fac,Commercial,2024-10-27,PAY_4414,STAT_4414,2024-10-27
3052,ORD_fa4122,CUST_808fac,Commercial,2024-01-27,PAY_4414,STAT_4414,2024-01-27
3053,ORD_f5492a,CUST_808fac,Commercial,2022-12-21,PAY_8cd2,STAT_182e,2022-12-21
3054,ORD_97a732,CUST_808fac,Commercial,2026-03-27,PAY_182e,STAT_8cd2,2026-03-27
3055,ORD_3cdeee,CUST_808fac,Commercial,2023-07-15,PAY_4414,STAT_8cd2,2023-07-15
3056,ORD_1961f7,CUST_808fac,Commercial,2022-12-21,PAY_4414,STAT_182e,2022-12-21
3057,ORD_0e1315,CUST_808fac,Commercial,2022-12-21,PAY_8cd2,STAT_e09a,2022-12-21
3058,ORD_14e036,CUST_808fac,Commercial,2025-12-02,PAY_4414,STAT_182e,2025-12-02
3059,ORD_a8d2fd,CUST_808fac,Commercial,2025-03-22,PAY_e09a,STAT_182e,2025-03-22
3060,ORD_481f29,CUST_808fac,Commercial,2026-03-22,PAY_e09a,STAT_8cd2,2026-03-22
3061,ORD_c33103,CUST_808fac,Commercial,2023-08-20,PAY_4414,STAT_4414,2023-08-20
3062,ORD_497695,CUST_808fac,Commercial,2026-01-10,PAY_e09a,STAT_e09a,2026-01-10
3063,ORD_e94353,CUST_6808b5,One_Time,2023-09-26,PAY_8cd2,STAT_e09a,2023-09-26
3064,ORD_60e423,CUST_bf1c77,One_Time,2022-11-22,PAY_8cd2,STAT_e09a,2022-11-22
3065,ORD_50e98f,CUST_666269,One_Time,2026-03-01,PAY_4414,STAT_4414,2026-03-01
3066,ORD_64fdb4,CUST_370068,Repeat,2025-02-22,PAY_e09a,STAT_4414,2025-02-22
3067,ORD_ddf329,CUST_370068,Repeat,2025-02-22,PAY_182e,STAT_8cd2,2025-02-22
3068,ORD_56c005,CUST_370068,Repeat,2025-10-19,PAY_e09a,STAT_8cd2,2025-10-19
3069,ORD_15df17,CUST_7f638f,One_Time,2023-12-20,PAY_4414,STAT_182e,2023-12-20
3070,ORD_41407e,CUST_394882,One_Time,2024-11-24,PAY_182e,STAT_4414,2024-11-24
3071,ORD_29fbca,CUST_fdca1b,One_Time,2024-06-06,PAY_8cd2,STAT_4414,2024-06-06
3072,ORD_265cd3,CUST_75ffb5,Commercial,2023-10-19,PAY_182e,STAT_e09a,2023-10-19
3073,ORD_fdcc47,CUST_75ffb5,Commercial,2022-07-22,PAY_e09a,STAT_4414,2022-07-22
3074,ORD_a8079b,CUST_75ffb5,Commercial,2022-12-21,PAY_e09a,STAT_8cd2,2022-12-21
3075,ORD_37de66,CUST_75ffb5,Commercial,2022-10-15,PAY_8cd2,STAT_8cd2,2022-10-15
3076,ORD_6166c7,CUST_75ffb5,Commercial,2021-12-01,PAY_4414,STAT_4414,2021-12-01
3077,ORD_a13d68,CUST_75ffb5,Commercial,2021-11-06,PAY_4414,STAT_8cd2,2021-11-06
3078,ORD_c49e01,CUST_75ffb5,Commercial,2023-11-24,PAY_e09a,STAT_e09a,2023-11-24
3079,ORD_a63f7f,CUST_75ffb5,Commercial,2021-07-18,PAY_8cd2,STAT_4414,2021-07-18
3080,ORD_98aa5b,CUST_433155,One_Time,2022-03-13,PAY_4414,STAT_8cd2,2022-03-13
3081,ORD_d32007,CUST_455175,One_Time,2026-02-10,PAY_e09a,STAT_e09a,2026-02-10
3082,ORD_07818a,CUST_035154,Repeat,2026-02-06,PAY_8cd2,STAT_182e,2026-02-06
3083,ORD_fbcfb8,CUST_035154,Repeat,2026-04-26,PAY_8cd2,STAT_4414,2026-04-26
3084,ORD_efcec5,CUST_035154,Repeat,2026-04-03,PAY_e09a,STAT_8cd2,2026-04-03
3085,ORD_5394b4,CUST_035154,Repeat,2026-05-17,PAY_182e,STAT_4414,2026-05-17
3086,ORD_cb7002,CUST_035154,Repeat,2025-12-04,PAY_4414,STAT_e09a,2025-12-04
3087,ORD_94bb27,CUST_b10693,One_Time,2026-03-18,PAY_e09a,STAT_e09a,2026-03-18
3088,ORD_d857e4,CUST_673d43,One_Time,2023-03-08,PAY_182e,STAT_e09a,2023-03-08
3089,ORD_188fce,CUST_8d9fd1,One_Time,2025-06-09,PAY_4414,STAT_8cd2,2025-06-09
3090,ORD_c6b6c4,CUST_da65b2,One_Time,2022-06-18,PAY_e09a,STAT_4414,2022-06-18
3091,ORD_a296f6,CUST_64677a,One_Time,2023-10-25,PAY_182e,STAT_e09a,2023-10-25
3092,ORD_8dfafc,CUST_d5dbce,One_Time,2022-12-11,PAY_e09a,STAT_8cd2,2022-12-11
3093,ORD_b2dcf2,CUST_1f59d6,One_Time,2024-03-13,PAY_e09a,STAT_4414,2024-03-13
3094,ORD_a0c009,CUST_7b804b,Repeat,2025-01-14,PAY_4414,STAT_e09a,2025-01-14
3095,ORD_e8cee9,CUST_7b804b,Repeat,2025-01-14,PAY_182e,STAT_4414,2025-01-14
3096,ORD_c46126,CUST_29e5c8,One_Time,2023-06-21,PAY_8cd2,STAT_e09a,2023-06-21
3097,ORD_a12c85,CUST_d1c79d,Repeat,2025-09-11,PAY_8cd2,STAT_4414,2025-09-11
3098,ORD_fc3d31,CUST_d1c79d,Repeat,2025-07-22,PAY_182e,STAT_182e,2025-07-22
3099,ORD_ef903c,CUST_d1c79d,Repeat,2025-07-22,PAY_e09a,STAT_182e,2025-07-22
3100,ORD_1edcdd,CUST_e2726a,One_Time,2024-07-24,PAY_e09a,STAT_182e,2024-07-24
3101,ORD_741ee6,CUST_0bd8cb,One_Time,2024-09-27,PAY_182e,STAT_e09a,2024-09-27
3102,ORD_82087d,CUST_a2bd5b,One_Time,2023-10-23,PAY_4414,STAT_4414,2023-10-23
3103,ORD_5151c4,CUST_b16cd6,One_Time,2025-02-26,PAY_8cd2,STAT_4414,2025-02-26
3104,ORD_ced6b7,CUST_23ff6b,One_Time,2021-11-01,PAY_4414,STAT_4414,2021-11-01
3105,ORD_0ab574,CUST_b8fa2c,One_Time,2025-01-08,PAY_e09a,STAT_182e,2025-01-08
3106,ORD_6437cb,CUST_68c3c9,One_Time,2024-03-13,PAY_4414,STAT_4414,2024-03-13
3107,ORD_80dcce,CUST_b615c0,One_Time,2026-05-12,PAY_e09a,STAT_8cd2,2026-05-12
3108,ORD_c57efe,CUST_1a8630,One_Time,2022-07-03,PAY_8cd2,STAT_4414,2022-07-03
3109,ORD_52bbb9,CUST_36dee0,One_Time,2024-08-13,PAY_8cd2,STAT_e09a,2024-08-13
3110,ORD_289672,CUST_1819c9,One_Time,2025-11-10,PAY_e09a,STAT_e09a,2025-11-10
3111,ORD_c61f8c,CUST_2401e9,One_Time,2026-01-03,PAY_8cd2,STAT_8cd2,2026-01-03
3112,ORD_dfe6fe,CUST_83a3ac,One_Time,2023-07-08,PAY_e09a,STAT_8cd2,2023-07-08
3113,ORD_d78c9b,CUST_f2163e,One_Time,2026-05-08,PAY_182e,STAT_e09a,2026-05-08
3114,ORD_590fab,CUST_9a4750,Repeat,2023-10-06,PAY_8cd2,STAT_182e,2023-10-06
3115,ORD_dd7cad,CUST_9a4750,Repeat,2025-03-08,PAY_e09a,STAT_182e,2025-03-08
3116,ORD_621546,CUST_9a4750,Repeat,2023-10-06,PAY_4414,STAT_8cd2,2023-10-06
3117,ORD_aab6a9,CUST_9a4750,Repeat,2024-12-06,PAY_182e,STAT_182e,2024-12-06
3118,ORD_1e7a69,CUST_9a4750,Repeat,2023-10-06,PAY_8cd2,STAT_4414,2023-10-06
3119,ORD_a0a7f7,CUST_9a4750,Repeat,2023-10-06,PAY_182e,STAT_182e,2023-10-06
3120,ORD_215e72,CUST_c1318f,One_Time,2025-06-08,PAY_182e,STAT_8cd2,2025-06-08
3121,ORD_2a8e46,CUST_52632b,Repeat,2024-09-14,PAY_182e,STAT_4414,2024-09-14
3122,ORD_55b9c6,CUST_52632b,Repeat,2025-12-07,PAY_182e,STAT_8cd2,2025-12-07
3123,ORD_192900,CUST_52632b,Repeat,2024-09-14,PAY_8cd2,STAT_8cd2,2024-09-14
3124,ORD_46f36c,CUST_52632b,Repeat,2026-01-07,PAY_4414,STAT_e09a,2026-01-07
3125,ORD_b7d01f,CUST_52632b,Repeat,2025-01-02,PAY_182e,STAT_182e,2025-01-02
3126,ORD_079be4,CUST_de7852,One_Time,2025-06-08,PAY_e09a,STAT_182e,2025-06-08
3127,ORD_59795d,CUST_a278d6,One_Time,2026-04-01,PAY_8cd2,STAT_182e,2026-04-01
3128,ORD_3ff26d,CUST_ebe822,One_Time,2026-04-21,PAY_8cd2,STAT_4414,2026-04-21
3129,ORD_c05fde,CUST_098777,One_Time,2024-08-25,PAY_182e,STAT_8cd2,2024-08-25
3130,ORD_afa791,CUST_9a3969,One_Time,2026-04-08,PAY_8cd2,STAT_4414,2026-04-08
3131,ORD_000c05,CUST_41a928,One_Time,2026-01-23,PAY_8cd2,STAT_e09a,2026-01-23
3132,ORD_e46eb6,CUST_17265a,One_Time,2025-01-19,PAY_e09a,STAT_8cd2,2025-01-19
3133,ORD_db6bf0,CUST_f9f132,One_Time,2023-09-19,PAY_182e,STAT_182e,2023-09-19
3134,ORD_6bd561,CUST_d0e52c,One_Time,2025-11-12,PAY_182e,STAT_e09a,2025-11-12
3135,ORD_60b985,CUST_a7705a,One_Time,2023-04-09,PAY_4414,STAT_182e,2023-04-09
3136,ORD_eac519,CUST_8a8455,One_Time,2024-02-06,PAY_182e,STAT_4414,2024-02-06
3137,ORD_3a391f,CUST_cae27a,One_Time,2025-11-21,PAY_8cd2,STAT_e09a,2025-11-21
3138,ORD_73e8b2,CUST_7103d1,Repeat,2025-09-15,PAY_8cd2,STAT_8cd2,2025-09-15
3139,ORD_0eaeb9,CUST_7103d1,Repeat,2026-05-10,PAY_4414,STAT_8cd2,2026-05-10
3140,ORD_94e295,CUST_7103d1,Repeat,2025-09-15,PAY_182e,STAT_8cd2,2025-09-15
3141,ORD_9ed362,CUST_7103d1,Repeat,2025-09-15,PAY_4414,STAT_4414,2025-09-15
3142,ORD_5c5acb,CUST_7103d1,Repeat,2025-09-15,PAY_8cd2,STAT_e09a,2025-09-15
3143,ORD_f7010f,CUST_7103d1,Repeat,2025-09-15,PAY_182e,STAT_182e,2025-09-15
3144,ORD_cd75fe,CUST_fb5b2e,One_Time,2021-03-13,PAY_e09a,STAT_8cd2,2021-03-13
3145,ORD_5bbf4e,CUST_3dbb1b,One_Time,2024-01-21,PAY_e09a,STAT_e09a,2024-01-21
3146,ORD_95f782,CUST_ff2df0,One_Time,2024-06-18,PAY_182e,STAT_182e,2024-06-18
3147,ORD_80116b,CUST_c2ae2e,One_Time,2026-04-10,PAY_182e,STAT_4414,2026-04-10
3148,ORD_86da82,CUST_edae18,One_Time,2025-01-19,PAY_e09a,STAT_e09a,2025-01-19
3149,ORD_72ef9f,CUST_ca4691,One_Time,2025-01-04,PAY_8cd2,STAT_8cd2,2025-01-04
3150,ORD_97d06f,CUST_063b1d,One_Time,2024-09-26,PAY_4414,STAT_8cd2,2024-09-26
3151,ORD_54e8a6,CUST_e9a665,One_Time,2023-01-05,PAY_8cd2,STAT_e09a,2023-01-05
3152,ORD_f39bae,CUST_88db94,One_Time,2025-09-21,PAY_8cd2,STAT_e09a,2025-09-21
3153,ORD_5d72d6,CUST_04c8e9,One_Time,2025-11-16,PAY_e09a,STAT_182e,2025-11-16
3154,ORD_bde1c4,CUST_041eeb,Repeat,2024-05-15,PAY_e09a,STAT_182e,2024-05-15
3155,ORD_b0f33d,CUST_041eeb,Repeat,2024-05-15,PAY_182e,STAT_4414,2024-05-15
3156,ORD_02b6c7,CUST_5fa6ce,Repeat,2025-07-24,PAY_8cd2,STAT_e09a,2025-07-24
3157,ORD_649033,CUST_5fa6ce,Repeat,2023-08-09,PAY_4414,STAT_4414,2023-08-09
3158,ORD_bc3582,CUST_5fa6ce,Repeat,2024-08-04,PAY_8cd2,STAT_e09a,2024-08-04
3159,ORD_8394da,CUST_f975de,One_Time,2024-04-09,PAY_182e,STAT_182e,2024-04-09
3160,ORD_327ee4,CUST_32ee30,One_Time,2026-03-05,PAY_182e,STAT_4414,2026-03-05
3161,ORD_a8de1c,CUST_b38964,Repeat,2022-10-10,PAY_182e,STAT_8cd2,2022-10-10
3162,ORD_27f273,CUST_b38964,Repeat,2022-04-20,PAY_182e,STAT_4414,2022-04-20
3163,ORD_091ab6,CUST_b38964,Repeat,2023-11-12,PAY_4414,STAT_8cd2,2023-11-12
3164,ORD_e37a0e,CUST_b38964,Repeat,2023-07-27,PAY_8cd2,STAT_8cd2,2023-07-27
3165,ORD_7d4515,CUST_b38964,Repeat,2022-04-20,PAY_8cd2,STAT_e09a,2022-04-20
3166,ORD_aa6f4c,CUST_f8d27d,One_Time,2023-03-12,PAY_182e,STAT_e09a,2023-03-12
3167,ORD_3d8a58,CUST_4b64ff,Repeat,2024-04-26,PAY_182e,STAT_e09a,2024-04-26
3168,ORD_9a5fb5,CUST_4b64ff,Repeat,2026-04-11,PAY_8cd2,STAT_8cd2,2026-04-11
3169,ORD_18e6cb,CUST_4b64ff,Repeat,2025-03-13,PAY_182e,STAT_4414,2025-03-13
3170,ORD_425ca9,CUST_4b64ff,Repeat,2024-03-25,PAY_182e,STAT_182e,2024-03-25
3171,ORD_ca0a81,CUST_4b64ff,Repeat,2024-12-18,PAY_8cd2,STAT_4414,2024-12-18
3172,ORD_2ccb71,CUST_4b64ff,Repeat,2023-03-08,PAY_e09a,STAT_4414,2023-03-08
3173,ORD_0efce4,CUST_586f7d,Repeat,2024-10-04,PAY_e09a,STAT_4414,2024-10-04
3174,ORD_b5bb65,CUST_586f7d,Repeat,2024-10-04,PAY_182e,STAT_182e,2024-10-04
3175,ORD_2a18f5,CUST_586f7d,Repeat,2025-11-21,PAY_8cd2,STAT_e09a,2025-11-21
3176,ORD_56d3c2,CUST_a6ae9c,One_Time,2023-01-08,PAY_e09a,STAT_8cd2,2023-01-08
3177,ORD_527062,CUST_38db45,One_Time,2024-04-26,PAY_182e,STAT_e09a,2024-04-26
3178,ORD_e402d4,CUST_0aee37,Commercial,2022-12-23,PAY_e09a,STAT_4414,2022-12-23
3179,ORD_49cda4,CUST_0aee37,Commercial,2022-05-24,PAY_e09a,STAT_4414,2022-05-24
3180,ORD_38641c,CUST_0aee37,Commercial,2023-09-25,PAY_182e,STAT_8cd2,2023-09-25
3181,ORD_ef1fe1,CUST_0aee37,Commercial,2023-07-06,PAY_182e,STAT_4414,2023-07-06
3182,ORD_24212e,CUST_0aee37,Commercial,2026-03-16,PAY_8cd2,STAT_182e,2026-03-16
3183,ORD_6df13a,CUST_0aee37,Commercial,2026-02-05,PAY_e09a,STAT_4414,2026-02-05
3184,ORD_3126a7,CUST_0aee37,Commercial,2025-04-19,PAY_4414,STAT_4414,2025-04-19
3185,ORD_b0624c,CUST_0aee37,Commercial,2025-05-21,PAY_8cd2,STAT_e09a,2025-05-21
3186,ORD_175f2e,CUST_0aee37,Commercial,2022-05-24,PAY_4414,STAT_8cd2,2022-05-24
3187,ORD_94bf3a,CUST_0aee37,Commercial,2026-01-25,PAY_e09a,STAT_e09a,2026-01-25
3188,ORD_d78745,CUST_0aee37,Commercial,2022-05-24,PAY_e09a,STAT_8cd2,2022-05-24
3189,ORD_af64f0,CUST_0aee37,Commercial,2023-01-23,PAY_182e,STAT_182e,2023-01-23
3190,ORD_c96f7d,CUST_0aee37,Commercial,2023-01-08,PAY_8cd2,STAT_4414,2023-01-08
3191,ORD_9a6ab6,CUST_0aee37,Commercial,2025-11-08,PAY_e09a,STAT_e09a,2025-11-08
3192,ORD_204c35,CUST_0aee37,Commercial,2025-10-08,PAY_e09a,STAT_4414,2025-10-08
3193,ORD_c3d732,CUST_e156e1,One_Time,2026-03-01,PAY_e09a,STAT_182e,2026-03-01
3194,ORD_f38dfd,CUST_32cf16,Commercial,2023-07-26,PAY_182e,STAT_e09a,2023-07-26
3195,ORD_253a19,CUST_32cf16,Commercial,2022-06-09,PAY_4414,STAT_8cd2,2022-06-09
3196,ORD_b30838,CUST_32cf16,Commercial,2022-06-09,PAY_e09a,STAT_4414,2022-06-09
3197,ORD_7f2f8d,CUST_32cf16,Commercial,2025-11-03,PAY_182e,STAT_8cd2,2025-11-03
3198,ORD_5da65a,CUST_32cf16,Commercial,2024-11-25,PAY_8cd2,STAT_8cd2,2024-11-25
3199,ORD_3c231c,CUST_32cf16,Commercial,2023-01-05,PAY_4414,STAT_e09a,2023-01-05
3200,ORD_710361,CUST_32cf16,Commercial,2026-05-01,PAY_182e,STAT_182e,2026-05-01
3201,ORD_ab4ace,CUST_32cf16,Commercial,2025-07-05,PAY_8cd2,STAT_8cd2,2025-07-05
3202,ORD_e38d6e,CUST_32cf16,Commercial,2024-01-09,PAY_4414,STAT_182e,2024-01-09
3203,ORD_d78c5b,CUST_32cf16,Commercial,2022-06-15,PAY_8cd2,STAT_8cd2,2022-06-15
3204,ORD_04055b,CUST_32cf16,Commercial,2024-05-19,PAY_4414,STAT_4414,2024-05-19
3205,ORD_7b6813,CUST_32cf16,Commercial,2022-06-09,PAY_182e,STAT_8cd2,2022-06-09
3206,ORD_1b24e0,CUST_32cf16,Commercial,2023-02-15,PAY_4414,STAT_182e,2023-02-15
3207,ORD_8a4db0,CUST_32cf16,Commercial,2025-12-08,PAY_4414,STAT_182e,2025-12-08
3208,ORD_8578b6,CUST_32cf16,Commercial,2026-01-15,PAY_8cd2,STAT_182e,2026-01-15
3209,ORD_33bd95,CUST_32cf16,Commercial,2023-08-12,PAY_182e,STAT_8cd2,2023-08-12
3210,ORD_f39519,CUST_32cf16,Commercial,2022-06-09,PAY_4414,STAT_4414,2022-06-09
3211,ORD_cc25f7,CUST_32cf16,Commercial,2023-06-07,PAY_4414,STAT_182e,2023-06-07
3212,ORD_0f4bc7,CUST_929ad1,One_Time,2023-03-22,PAY_8cd2,STAT_8cd2,2023-03-22
3213,ORD_e85ccd,CUST_0243ae,One_Time,2022-05-21,PAY_182e,STAT_4414,2022-05-21
3214,ORD_4dabb2,CUST_c021a1,Repeat,2025-10-24,PAY_e09a,STAT_4414,2025-10-24
3215,ORD_a3b4f3,CUST_c021a1,Repeat,2026-04-06,PAY_182e,STAT_4414,2026-04-06
3216,ORD_0fdc4f,CUST_c021a1,Repeat,2022-10-22,PAY_182e,STAT_e09a,2022-10-22
3217,ORD_2e11e8,CUST_51ced7,One_Time,2026-03-24,PAY_182e,STAT_8cd2,2026-03-24
3218,ORD_687279,CUST_f226fb,One_Time,2025-01-20,PAY_182e,STAT_4414,2025-01-20
3219,ORD_1612e2,CUST_e58034,Repeat,2026-03-09,PAY_8cd2,STAT_182e,2026-03-09
3220,ORD_187f1a,CUST_e58034,Repeat,2022-04-22,PAY_4414,STAT_4414,2022-04-22
3221,ORD_1acd2c,CUST_e58034,Repeat,2022-12-05,PAY_e09a,STAT_4414,2022-12-05
3222,ORD_005fbb,CUST_e58034,Repeat,2023-07-18,PAY_8cd2,STAT_8cd2,2023-07-18
3223,ORD_a310aa,CUST_3a3214,One_Time,2024-07-19,PAY_e09a,STAT_182e,2024-07-19
3224,ORD_53500e,CUST_5044fe,Repeat,2021-07-22,PAY_e09a,STAT_e09a,2021-07-22
3225,ORD_4b76b1,CUST_5044fe,Repeat,2021-08-14,PAY_e09a,STAT_182e,2021-08-14
3226,ORD_2d544a,CUST_5044fe,Repeat,2023-08-01,PAY_e09a,STAT_182e,2023-08-01
3227,ORD_4ddfe5,CUST_5044fe,Repeat,2021-04-26,PAY_4414,STAT_e09a,2021-04-26
3228,ORD_22eabd,CUST_5044fe,Repeat,2023-02-12,PAY_8cd2,STAT_e09a,2023-02-12
3229,ORD_5109eb,CUST_f5aa83,One_Time,2025-11-15,PAY_e09a,STAT_e09a,2025-11-15
3230,ORD_f318ea,CUST_052245,One_Time,2026-04-04,PAY_e09a,STAT_8cd2,2026-04-04
3231,ORD_6cca1a,CUST_99dcce,One_Time,2025-12-22,PAY_8cd2,STAT_4414,2025-12-22
3232,ORD_5cf045,CUST_fb59d4,Repeat,2025-07-08,PAY_e09a,STAT_e09a,2025-07-08
3233,ORD_11431e,CUST_fb59d4,Repeat,2026-05-01,PAY_8cd2,STAT_4414,2026-05-01
3234,ORD_592223,CUST_fb59d4,Repeat,2025-07-08,PAY_e09a,STAT_4414,2025-07-08
3235,ORD_885dc2,CUST_fb59d4,Repeat,2025-07-08,PAY_4414,STAT_8cd2,2025-07-08
3236,ORD_168d74,CUST_fb59d4,Repeat,2025-07-08,PAY_182e,STAT_182e,2025-07-08
3237,ORD_77d631,CUST_e82bda,Repeat,2025-02-11,PAY_8cd2,STAT_182e,2025-02-11
3238,ORD_1b1bd2,CUST_e82bda,Repeat,2023-08-09,PAY_8cd2,STAT_182e,2023-08-09
3239,ORD_3c4b95,CUST_29d546,One_Time,2025-04-05,PAY_4414,STAT_182e,2025-04-05
3240,ORD_a8bf9f,CUST_97617c,One_Time,2025-10-14,PAY_e09a,STAT_4414,2025-10-14
3241,ORD_64af10,CUST_52db96,One_Time,2026-02-04,PAY_e09a,STAT_182e,2026-02-04
3242,ORD_c4e6dc,CUST_09dd3f,One_Time,2025-01-08,PAY_182e,STAT_182e,2025-01-08
3243,ORD_2e4e15,CUST_6c2da4,One_Time,2024-02-13,PAY_4414,STAT_e09a,2024-02-13
3244,ORD_1a7f7d,CUST_776c21,Commercial,2025-02-05,PAY_8cd2,STAT_e09a,2025-02-05
3245,ORD_7b7769,CUST_776c21,Commercial,2025-10-08,PAY_e09a,STAT_8cd2,2025-10-08
3246,ORD_c4e568,CUST_776c21,Commercial,2025-02-05,PAY_182e,STAT_e09a,2025-02-05
3247,ORD_41dd25,CUST_776c21,Commercial,2025-02-05,PAY_4414,STAT_182e,2025-02-05
3248,ORD_a8e8ff,CUST_776c21,Commercial,2025-02-05,PAY_e09a,STAT_182e,2025-02-05
3249,ORD_027fce,CUST_776c21,Commercial,2025-02-05,PAY_182e,STAT_8cd2,2025-02-05
3250,ORD_8b3d4b,CUST_776c21,Commercial,2025-02-05,PAY_8cd2,STAT_4414,2025-02-05
3251,ORD_0e1222,CUST_776c21,Commercial,2025-02-05,PAY_8cd2,STAT_4414,2025-02-05
3252,ORD_400041,CUST_776c21,Commercial,2025-02-05,PAY_182e,STAT_182e,2025-02-05
3253,ORD_b82eac,CUST_776c21,Commercial,2025-02-05,PAY_e09a,STAT_e09a,2025-02-05
3254,ORD_039861,CUST_776c21,Commercial,2025-02-05,PAY_8cd2,STAT_4414,2025-02-05
3255,ORD_f0efed,CUST_776c21,Commercial,2026-02-18,PAY_4414,STAT_e09a,2026-02-18
3256,ORD_ef25e2,CUST_776c21,Commercial,2025-04-10,PAY_8cd2,STAT_182e,2025-04-10
3257,ORD_3c47a9,CUST_776c21,Commercial,2025-02-05,PAY_182e,STAT_182e,2025-02-05
3258,ORD_be999a,CUST_776c21,Commercial,2025-02-05,PAY_182e,STAT_182e,2025-02-05
3259,ORD_5a1e74,CUST_776c21,Commercial,2025-02-05,PAY_8cd2,STAT_8cd2,2025-02-05
3260,ORD_019b61,CUST_776c21,Commercial,2025-02-05,PAY_4414,STAT_182e,2025-02-05
3261,ORD_8ebe03,CUST_d8f694,One_Time,2025-07-01,PAY_8cd2,STAT_e09a,2025-07-01
3262,ORD_5e7941,CUST_3f6f13,One_Time,2025-06-27,PAY_182e,STAT_8cd2,2025-06-27
3263,ORD_500083,CUST_ba7e39,One_Time,2025-05-04,PAY_e09a,STAT_182e,2025-05-04
3264,ORD_b9e7ca,CUST_8dfcf5,Commercial,2026-04-12,PAY_e09a,STAT_e09a,2026-04-12
3265,ORD_bc29a4,CUST_8dfcf5,Commercial,2021-10-05,PAY_4414,STAT_e09a,2021-10-05
3266,ORD_a97d39,CUST_8dfcf5,Commercial,2025-07-23,PAY_8cd2,STAT_8cd2,2025-07-23
3267,ORD_4ac713,CUST_8dfcf5,Commercial,2025-06-26,PAY_e09a,STAT_e09a,2025-06-26
3268,ORD_e908b4,CUST_8dfcf5,Commercial,2021-04-14,PAY_e09a,STAT_4414,2021-04-14
3269,ORD_67da38,CUST_8dfcf5,Commercial,2024-08-09,PAY_182e,STAT_8cd2,2024-08-09
3270,ORD_d8ea45,CUST_8dfcf5,Commercial,2021-11-19,PAY_e09a,STAT_182e,2021-11-19
3271,ORD_f9fe84,CUST_8dfcf5,Commercial,2021-11-19,PAY_8cd2,STAT_e09a,2021-11-19
3272,ORD_216a42,CUST_8dfcf5,Commercial,2022-12-28,PAY_4414,STAT_e09a,2022-12-28
3273,ORD_0d08db,CUST_8dfcf5,Commercial,2025-10-07,PAY_4414,STAT_e09a,2025-10-07
3274,ORD_24e042,CUST_8dfcf5,Commercial,2024-03-25,PAY_e09a,STAT_8cd2,2024-03-25
3275,ORD_3d1ae0,CUST_8dfcf5,Commercial,2022-07-07,PAY_e09a,STAT_182e,2022-07-07
3276,ORD_fab6a7,CUST_8dfcf5,Commercial,2025-11-01,PAY_182e,STAT_e09a,2025-11-01
3277,ORD_61d8d7,CUST_8dfcf5,Commercial,2024-02-20,PAY_e09a,STAT_182e,2024-02-20
3278,ORD_610ca6,CUST_8dfcf5,Commercial,2026-01-09,PAY_182e,STAT_182e,2026-01-09
3279,ORD_645011,CUST_8dfcf5,Commercial,2024-12-15,PAY_182e,STAT_182e,2024-12-15
3280,ORD_37f318,CUST_8dfcf5,Commercial,2025-01-18,PAY_8cd2,STAT_8cd2,2025-01-18
3281,ORD_281373,CUST_8dfcf5,Commercial,2025-11-09,PAY_182e,STAT_e09a,2025-11-09
3282,ORD_6efdcc,CUST_02f7ac,One_Time,2023-09-18,PAY_8cd2,STAT_182e,2023-09-18
3283,ORD_d24be7,CUST_6edb56,One_Time,2025-08-08,PAY_8cd2,STAT_8cd2,2025-08-08
3284,ORD_0e0f72,CUST_aafa01,One_Time,2025-02-22,PAY_e09a,STAT_e09a,2025-02-22
3285,ORD_a2fb30,CUST_2b23a9,One_Time,2025-02-03,PAY_182e,STAT_e09a,2025-02-03
3286,ORD_680013,CUST_967b0f,One_Time,2022-07-03,PAY_4414,STAT_8cd2,2022-07-03
3287,ORD_50a3fa,CUST_ef1fc7,One_Time,2025-10-14,PAY_4414,STAT_182e,2025-10-14
3288,ORD_41e7db,CUST_2bf4b0,One_Time,2024-10-04,PAY_8cd2,STAT_4414,2024-10-04
3289,ORD_191e2e,CUST_5d5f1c,One_Time,2023-09-22,PAY_4414,STAT_182e,2023-09-22
3290,ORD_cb23ba,CUST_f70a8a,One_Time,2024-11-22,PAY_182e,STAT_e09a,2024-11-22
3291,ORD_5613a4,CUST_7752dc,One_Time,2025-07-19,PAY_182e,STAT_182e,2025-07-19
3292,ORD_e0f82b,CUST_ed315f,One_Time,2023-05-05,PAY_e09a,STAT_182e,2023-05-05
3293,ORD_f98f42,CUST_b19143,Repeat,2024-12-25,PAY_182e,STAT_182e,2024-12-25
3294,ORD_891639,CUST_b19143,Repeat,2026-02-21,PAY_8cd2,STAT_182e,2026-02-21
3295,ORD_36ab35,CUST_b19143,Repeat,2023-09-25,PAY_e09a,STAT_182e,2023-09-25
3296,ORD_467674,CUST_32bc5d,One_Time,2024-03-09,PAY_4414,STAT_8cd2,2024-03-09
3297,ORD_fb8c6d,CUST_f30093,One_Time,2024-12-27,PAY_8cd2,STAT_182e,2024-12-27
3298,ORD_baf793,CUST_4e246d,One_Time,2022-12-08,PAY_4414,STAT_4414,2022-12-08
3299,ORD_f6a67e,CUST_0c29e5,Repeat,2025-06-13,PAY_4414,STAT_8cd2,2025-06-13
3300,ORD_4451e4,CUST_0c29e5,Repeat,2024-04-23,PAY_8cd2,STAT_182e,2024-04-23
3301,ORD_5d7617,CUST_0c29e5,Repeat,2024-04-23,PAY_8cd2,STAT_e09a,2024-04-23
3302,ORD_622074,CUST_9bea2f,One_Time,2026-05-20,PAY_4414,STAT_182e,2026-05-20
3303,ORD_28b8d2,CUST_6a70f0,Repeat,2021-08-05,PAY_4414,STAT_e09a,2021-08-05
3304,ORD_397929,CUST_6a70f0,Repeat,2024-12-03,PAY_e09a,STAT_4414,2024-12-03
3305,ORD_053b71,CUST_6a70f0,Repeat,2022-02-04,PAY_4414,STAT_4414,2022-02-04
3306,ORD_a88596,CUST_6a70f0,Repeat,2021-09-28,PAY_4414,STAT_e09a,2021-09-28
3307,ORD_c08ea4,CUST_6a70f0,Repeat,2026-02-22,PAY_182e,STAT_4414,2026-02-22
3308,ORD_9f8cda,CUST_6a70f0,Repeat,2022-06-21,PAY_8cd2,STAT_182e,2022-06-21
3309,ORD_b50a22,CUST_a2a700,One_Time,2024-02-22,PAY_4414,STAT_e09a,2024-02-22
3310,ORD_f07274,CUST_140ec0,One_Time,2025-04-17,PAY_8cd2,STAT_e09a,2025-04-17
3311,ORD_15cdfb,CUST_0502e2,One_Time,2025-04-21,PAY_4414,STAT_4414,2025-04-21
3312,ORD_bd2fca,CUST_4cf5e2,Commercial,2024-01-20,PAY_4414,STAT_e09a,2024-01-20
3313,ORD_a58188,CUST_4cf5e2,Commercial,2024-01-20,PAY_182e,STAT_182e,2024-01-20
3314,ORD_d198a5,CUST_4cf5e2,Commercial,2024-01-20,PAY_8cd2,STAT_e09a,2024-01-20
3315,ORD_87c29a,CUST_4cf5e2,Commercial,2025-03-01,PAY_4414,STAT_e09a,2025-03-01
3316,ORD_3c5e1e,CUST_4cf5e2,Commercial,2024-01-20,PAY_4414,STAT_182e,2024-01-20
3317,ORD_1b3428,CUST_4cf5e2,Commercial,2024-01-20,PAY_182e,STAT_e09a,2024-01-20
3318,ORD_729bff,CUST_4cf5e2,Commercial,2024-09-05,PAY_e09a,STAT_8cd2,2024-09-05
3319,ORD_34662d,CUST_4cf5e2,Commercial,2024-06-16,PAY_e09a,STAT_182e,2024-06-16
3320,ORD_7c23fa,CUST_4cf5e2,Commercial,2024-01-20,PAY_8cd2,STAT_182e,2024-01-20
3321,ORD_6aebbf,CUST_4cf5e2,Commercial,2024-01-20,PAY_182e,STAT_4414,2024-01-20
3322,ORD_ecb3ce,CUST_4cf5e2,Commercial,2024-01-20,PAY_e09a,STAT_8cd2,2024-01-20
3323,ORD_d30651,CUST_4cf5e2,Commercial,2025-07-07,PAY_e09a,STAT_e09a,2025-07-07
3324,ORD_38f97c,CUST_4cf5e2,Commercial,2024-01-20,PAY_8cd2,STAT_182e,2024-01-20
3325,ORD_fcec0a,CUST_4cf5e2,Commercial,2024-07-27,PAY_8cd2,STAT_182e,2024-07-27
3326,ORD_9f5a2a,CUST_4cf5e2,Commercial,2025-09-09,PAY_4414,STAT_4414,2025-09-09
3327,ORD_4fd5b1,CUST_4cf5e2,Commercial,2025-01-27,PAY_e09a,STAT_e09a,2025-01-27
3328,ORD_fce73f,CUST_4cf5e2,Commercial,2024-04-23,PAY_4414,STAT_e09a,2024-04-23
3329,ORD_285db9,CUST_4cf5e2,Commercial,2024-01-20,PAY_e09a,STAT_e09a,2024-01-20
3330,ORD_d2b57a,CUST_4cf5e2,Commercial,2025-11-17,PAY_e09a,STAT_182e,2025-11-17
3331,ORD_d617ec,CUST_8397ba,One_Time,2025-10-10,PAY_8cd2,STAT_e09a,2025-10-10
3332,ORD_269f23,CUST_13d94a,One_Time,2026-04-21,PAY_e09a,STAT_e09a,2026-04-21
3333,ORD_ebe098,CUST_8b70e2,One_Time,2024-05-12,PAY_4414,STAT_182e,2024-05-12
3334,ORD_2e99d2,CUST_230845,One_Time,2022-03-15,PAY_8cd2,STAT_4414,2022-03-15
3335,ORD_623390,CUST_cf7126,Commercial,2023-11-27,PAY_4414,STAT_182e,2023-11-27
3336,ORD_82c74c,CUST_cf7126,Commercial,2025-12-22,PAY_4414,STAT_e09a,2025-12-22
3337,ORD_e6fc8d,CUST_cf7126,Commercial,2025-05-18,PAY_4414,STAT_4414,2025-05-18
3338,ORD_48e494,CUST_cf7126,Commercial,2024-11-02,PAY_4414,STAT_e09a,2024-11-02
3339,ORD_ff5144,CUST_cf7126,Commercial,2026-03-21,PAY_e09a,STAT_e09a,2026-03-21
3340,ORD_2c8afa,CUST_cf7126,Commercial,2022-02-20,PAY_182e,STAT_4414,2022-02-20
3341,ORD_8e2102,CUST_cf7126,Commercial,2023-06-26,PAY_182e,STAT_e09a,2023-06-26
3342,ORD_4be1a8,CUST_cf7126,Commercial,2024-06-25,PAY_4414,STAT_8cd2,2024-06-25
3343,ORD_c63c6e,CUST_cf7126,Commercial,2022-02-20,PAY_8cd2,STAT_8cd2,2022-02-20
3344,ORD_64deb0,CUST_cf7126,Commercial,2022-02-20,PAY_e09a,STAT_e09a,2022-02-20
3345,ORD_821499,CUST_cf7126,Commercial,2023-11-16,PAY_182e,STAT_8cd2,2023-11-16
3346,ORD_c5718e,CUST_cf7126,Commercial,2022-02-20,PAY_4414,STAT_8cd2,2022-02-20
3347,ORD_c4f28d,CUST_cf7126,Commercial,2025-01-22,PAY_8cd2,STAT_8cd2,2025-01-22
3348,ORD_6c4d83,CUST_cf7126,Commercial,2022-02-20,PAY_182e,STAT_4414,2022-02-20
3349,ORD_2642f6,CUST_b93633,Repeat,2023-12-11,PAY_182e,STAT_4414,2023-12-11
3350,ORD_3a48b8,CUST_b93633,Repeat,2024-05-04,PAY_182e,STAT_8cd2,2024-05-04
3351,ORD_d9bb17,CUST_23ca8b,One_Time,2025-03-19,PAY_e09a,STAT_182e,2025-03-19
3352,ORD_be1539,CUST_1124e5,One_Time,2026-05-27,PAY_182e,STAT_e09a,2026-05-27
3353,ORD_c05799,CUST_9f1ba3,Repeat,2025-10-18,PAY_8cd2,STAT_4414,2025-10-18
3354,ORD_15c79e,CUST_9f1ba3,Repeat,2025-10-18,PAY_e09a,STAT_182e,2025-10-18
3355,ORD_5be87d,CUST_b796a7,One_Time,2024-07-20,PAY_182e,STAT_182e,2024-07-20
3356,ORD_f8e056,CUST_cf9d20,Repeat,2024-02-19,PAY_4414,STAT_182e,2024-02-19
3357,ORD_732a31,CUST_cf9d20,Repeat,2022-07-09,PAY_182e,STAT_182e,2022-07-09
3358,ORD_e65ea8,CUST_cf9d20,Repeat,2025-01-09,PAY_8cd2,STAT_8cd2,2025-01-09
3359,ORD_8b6dc6,CUST_43aee0,One_Time,2024-06-28,PAY_8cd2,STAT_4414,2024-06-28
3360,ORD_076bfb,CUST_e23128,One_Time,2026-05-11,PAY_4414,STAT_8cd2,2026-05-11
3361,ORD_87ad1e,CUST_091864,One_Time,2025-12-17,PAY_4414,STAT_e09a,2025-12-17
3362,ORD_1cb433,CUST_56a18d,One_Time,2023-06-18,PAY_8cd2,STAT_182e,2023-06-18
3363,ORD_81179f,CUST_193d4d,One_Time,2022-12-13,PAY_e09a,STAT_182e,2022-12-13
3364,ORD_2b2a05,CUST_484862,Repeat,2024-02-07,PAY_4414,STAT_182e,2024-02-07
3365,ORD_880ea0,CUST_484862,Repeat,2024-02-07,PAY_e09a,STAT_e09a,2024-02-07
3366,ORD_aa06b7,CUST_484862,Repeat,2025-10-01,PAY_8cd2,STAT_182e,2025-10-01
3367,ORD_db32b4,CUST_70a319,One_Time,2024-10-11,PAY_8cd2,STAT_e09a,2024-10-11
3368,ORD_5c8a28,CUST_801788,One_Time,2022-11-08,PAY_e09a,STAT_e09a,2022-11-08
3369,ORD_bf30a7,CUST_2f8916,One_Time,2025-07-27,PAY_4414,STAT_182e,2025-07-27
3370,ORD_8109a3,CUST_ff30b2,Repeat,2024-02-02,PAY_8cd2,STAT_e09a,2024-02-02
3371,ORD_dea87d,CUST_ff30b2,Repeat,2023-04-11,PAY_e09a,STAT_e09a,2023-04-11
3372,ORD_a31ff2,CUST_ff30b2,Repeat,2024-11-14,PAY_e09a,STAT_182e,2024-11-14
3373,ORD_b049dc,CUST_ff30b2,Repeat,2023-04-11,PAY_182e,STAT_4414,2023-04-11
3374,ORD_208751,CUST_194020,One_Time,2025-04-04,PAY_182e,STAT_8cd2,2025-04-04
3375,ORD_a4139d,CUST_728901,One_Time,2026-03-09,PAY_182e,STAT_8cd2,2026-03-09
3376,ORD_72fe0f,CUST_c166d8,Repeat,2025-01-20,PAY_4414,STAT_8cd2,2025-01-20
3377,ORD_e2d006,CUST_c166d8,Repeat,2025-01-20,PAY_4414,STAT_4414,2025-01-20
3378,ORD_bdee04,CUST_c166d8,Repeat,2026-04-09,PAY_8cd2,STAT_4414,2026-04-09
3379,ORD_be9b90,CUST_c166d8,Repeat,2025-01-20,PAY_8cd2,STAT_4414,2025-01-20
3380,ORD_b94be9,CUST_c166d8,Repeat,2025-01-20,PAY_182e,STAT_182e,2025-01-20
3381,ORD_9063bb,CUST_c166d8,Repeat,2025-08-03,PAY_e09a,STAT_4414,2025-08-03
3382,ORD_363cd6,CUST_3ed936,One_Time,2025-08-23,PAY_182e,STAT_e09a,2025-08-23
3383,ORD_213af8,CUST_b7db49,One_Time,2024-05-02,PAY_8cd2,STAT_182e,2024-05-02
3384,ORD_d77a3e,CUST_9e0879,One_Time,2024-03-26,PAY_8cd2,STAT_182e,2024-03-26
3385,ORD_6a58a9,CUST_13ae42,Repeat,2025-06-10,PAY_e09a,STAT_8cd2,2025-06-10
3386,ORD_3a171b,CUST_13ae42,Repeat,2025-11-16,PAY_8cd2,STAT_e09a,2025-11-16
3387,ORD_5ac427,CUST_13ae42,Repeat,2025-03-12,PAY_182e,STAT_4414,2025-03-12
3388,ORD_281d84,CUST_24c3eb,Commercial,2026-03-16,PAY_182e,STAT_e09a,2026-03-16
3389,ORD_5a744c,CUST_24c3eb,Commercial,2026-03-16,PAY_4414,STAT_e09a,2026-03-16
3390,ORD_4f49e5,CUST_24c3eb,Commercial,2026-03-16,PAY_8cd2,STAT_182e,2026-03-16
3391,ORD_24b47f,CUST_24c3eb,Commercial,2026-03-16,PAY_4414,STAT_4414,2026-03-16
3392,ORD_4c1902,CUST_24c3eb,Commercial,2026-03-16,PAY_8cd2,STAT_4414,2026-03-16
3393,ORD_43abbe,CUST_24c3eb,Commercial,2026-03-16,PAY_182e,STAT_8cd2,2026-03-16
3394,ORD_d87889,CUST_24c3eb,Commercial,2026-03-16,PAY_8cd2,STAT_4414,2026-03-16
3395,ORD_b7d204,CUST_24c3eb,Commercial,2026-03-16,PAY_8cd2,STAT_4414,2026-03-16
3396,ORD_a3bdda,CUST_24c3eb,Commercial,2026-03-16,PAY_8cd2,STAT_e09a,2026-03-16
3397,ORD_d1d713,CUST_cd9bc8,One_Time,2024-09-27,PAY_182e,STAT_182e,2024-09-27
3398,ORD_781a16,CUST_d114cb,One_Time,2024-10-25,PAY_4414,STAT_e09a,2024-10-25
3399,ORD_3e0984,CUST_6f06a1,One_Time,2026-05-18,PAY_4414,STAT_4414,2026-05-18
3400,ORD_75eace,CUST_bf477e,One_Time,2025-02-10,PAY_182e,STAT_8cd2,2025-02-10
3401,ORD_5520b9,CUST_9b359c,One_Time,2025-08-09,PAY_e09a,STAT_8cd2,2025-08-09
3402,ORD_4d6e0f,CUST_62b662,One_Time,2023-05-27,PAY_182e,STAT_e09a,2023-05-27
3403,ORD_5726e0,CUST_451500,One_Time,2024-12-14,PAY_8cd2,STAT_182e,2024-12-14
3404,ORD_4d4be1,CUST_ade185,One_Time,2025-08-21,PAY_4414,STAT_8cd2,2025-08-21
3405,ORD_7fdc2b,CUST_fa139a,Repeat,2026-03-13,PAY_e09a,STAT_8cd2,2026-03-13
3406,ORD_7eaa79,CUST_fa139a,Repeat,2023-10-07,PAY_182e,STAT_8cd2,2023-10-07
3407,ORD_2a548c,CUST_fa139a,Repeat,2022-10-05,PAY_8cd2,STAT_e09a,2022-10-05
3408,ORD_f46d49,CUST_ec7ac0,One_Time,2024-10-18,PAY_182e,STAT_e09a,2024-10-18
3409,ORD_cb8b05,CUST_d9052f,One_Time,2022-01-11,PAY_e09a,STAT_8cd2,2022-01-11
3410,ORD_7168b2,CUST_28dcc2,One_Time,2022-08-20,PAY_4414,STAT_e09a,2022-08-20
3411,ORD_2d73f7,CUST_fbad5b,One_Time,2023-08-11,PAY_4414,STAT_e09a,2023-08-11
3412,ORD_f69459,CUST_658cf5,Commercial,2025-07-28,PAY_e09a,STAT_8cd2,2025-07-28
3413,ORD_b65278,CUST_658cf5,Commercial,2024-08-08,PAY_8cd2,STAT_4414,2024-08-08
3414,ORD_73a6cb,CUST_658cf5,Commercial,2026-05-24,PAY_4414,STAT_4414,2026-05-24
3415,ORD_394789,CUST_658cf5,Commercial,2024-08-08,PAY_4414,STAT_4414,2024-08-08
3416,ORD_cb6503,CUST_658cf5,Commercial,2024-08-08,PAY_4414,STAT_182e,2024-08-08
3417,ORD_026db2,CUST_658cf5,Commercial,2024-08-08,PAY_182e,STAT_8cd2,2024-08-08
3418,ORD_616e47,CUST_658cf5,Commercial,2024-08-08,PAY_e09a,STAT_4414,2024-08-08
3419,ORD_be28cd,CUST_658cf5,Commercial,2024-08-08,PAY_182e,STAT_4414,2024-08-08
3420,ORD_03526a,CUST_658cf5,Commercial,2025-12-15,PAY_8cd2,STAT_182e,2025-12-15
3421,ORD_a9801d,CUST_a228ff,One_Time,2024-03-19,PAY_4414,STAT_8cd2,2024-03-19
3422,ORD_c5cfe8,CUST_0e9971,One_Time,2026-01-06,PAY_4414,STAT_182e,2026-01-06
3423,ORD_5fbc95,CUST_e506e0,One_Time,2024-11-08,PAY_4414,STAT_e09a,2024-11-08
3424,ORD_077625,CUST_ec35e5,One_Time,2026-05-19,PAY_182e,STAT_e09a,2026-05-19
3425,ORD_918d65,CUST_2c2633,One_Time,2026-01-21,PAY_4414,STAT_4414,2026-01-21
3426,ORD_7b7854,CUST_e49d9c,Repeat,2025-07-03,PAY_e09a,STAT_182e,2025-07-03
3427,ORD_482da3,CUST_e49d9c,Repeat,2026-04-03,PAY_182e,STAT_182e,2026-04-03
3428,ORD_f5f377,CUST_e49d9c,Repeat,2023-07-02,PAY_e09a,STAT_8cd2,2023-07-02
3429,ORD_9fb06c,CUST_e49d9c,Repeat,2025-03-09,PAY_4414,STAT_e09a,2025-03-09
3430,ORD_465b46,CUST_4214d8,One_Time,2023-10-02,PAY_4414,STAT_182e,2023-10-02
3431,ORD_edbde6,CUST_e0f146,One_Time,2024-09-24,PAY_8cd2,STAT_182e,2024-09-24
3432,ORD_7a4a0c,CUST_8dccd1,One_Time,2026-04-09,PAY_8cd2,STAT_e09a,2026-04-09
3433,ORD_225ee7,CUST_b72b28,One_Time,2025-07-25,PAY_4414,STAT_8cd2,2025-07-25
3434,ORD_2a73cd,CUST_51e76b,One_Time,2025-10-21,PAY_182e,STAT_182e,2025-10-21
3435,ORD_4213bf,CUST_c65e2b,Repeat,2026-05-04,PAY_8cd2,STAT_4414,2026-05-04
3436,ORD_f91415,CUST_c65e2b,Repeat,2025-07-27,PAY_8cd2,STAT_4414,2025-07-27
3437,ORD_cc1adf,CUST_c65e2b,Repeat,2025-06-16,PAY_182e,STAT_4414,2025-06-16
3438,ORD_b989ad,CUST_c65e2b,Repeat,2025-06-16,PAY_4414,STAT_182e,2025-06-16
3439,ORD_6b6ffd,CUST_932bd3,One_Time,2024-11-07,PAY_8cd2,STAT_4414,2024-11-07
3440,ORD_b9a0b4,CUST_215b61,One_Time,2024-03-24,PAY_182e,STAT_e09a,2024-03-24
3441,ORD_7d7b95,CUST_9f5654,Repeat,2025-01-10,PAY_182e,STAT_182e,2025-01-10
3442,ORD_fda33b,CUST_9f5654,Repeat,2025-10-26,PAY_8cd2,STAT_e09a,2025-10-26
3443,ORD_6cb9ef,CUST_9f5654,Repeat,2024-12-10,PAY_182e,STAT_e09a,2024-12-10
3444,ORD_d1d7c7,CUST_9f5654,Repeat,2026-04-03,PAY_e09a,STAT_8cd2,2026-04-03
3445,ORD_2f1671,CUST_9f5654,Repeat,2024-01-07,PAY_e09a,STAT_182e,2024-01-07
3446,ORD_7495e2,CUST_9f5654,Repeat,2025-02-24,PAY_e09a,STAT_8cd2,2025-02-24
3447,ORD_d7ea22,CUST_b73f02,One_Time,2024-10-28,PAY_8cd2,STAT_4414,2024-10-28
3448,ORD_56a929,CUST_98323b,One_Time,2024-03-11,PAY_4414,STAT_182e,2024-03-11
3449,ORD_21054f,CUST_115701,One_Time,2026-02-09,PAY_e09a,STAT_8cd2,2026-02-09
3450,ORD_79ac6e,CUST_003511,One_Time,2024-01-11,PAY_e09a,STAT_8cd2,2024-01-11
3451,ORD_808680,CUST_fa5dd8,One_Time,2024-11-07,PAY_e09a,STAT_4414,2024-11-07
3452,ORD_08bf54,CUST_3ba3a8,One_Time,2025-09-17,PAY_e09a,STAT_e09a,2025-09-17
3453,ORD_93c351,CUST_4f8a10,Commercial,2023-07-05,PAY_e09a,STAT_182e,2023-07-05
3454,ORD_06eaa1,CUST_4f8a10,Commercial,2022-11-27,PAY_182e,STAT_4414,2022-11-27
3455,ORD_d13eed,CUST_4f8a10,Commercial,2025-12-04,PAY_182e,STAT_e09a,2025-12-04
3456,ORD_273fc2,CUST_4f8a10,Commercial,2024-01-24,PAY_182e,STAT_e09a,2024-01-24
3457,ORD_355865,CUST_4f8a10,Commercial,2024-11-06,PAY_182e,STAT_182e,2024-11-06
3458,ORD_f04fac,CUST_4f8a10,Commercial,2022-06-08,PAY_8cd2,STAT_4414,2022-06-08
3459,ORD_ba9012,CUST_4f8a10,Commercial,2024-01-16,PAY_182e,STAT_182e,2024-01-16
3460,ORD_64e415,CUST_4f8a10,Commercial,2022-02-04,PAY_e09a,STAT_182e,2022-02-04
3461,ORD_4520a7,CUST_4f8a10,Commercial,2021-07-03,PAY_4414,STAT_4414,2021-07-03
3462,ORD_969850,CUST_4f8a10,Commercial,2024-12-26,PAY_e09a,STAT_182e,2024-12-26
3463,ORD_b6f752,CUST_4f8a10,Commercial,2024-02-24,PAY_8cd2,STAT_4414,2024-02-24
3464,ORD_eb336d,CUST_4f8a10,Commercial,2026-01-10,PAY_8cd2,STAT_8cd2,2026-01-10
3465,ORD_584237,CUST_4f8a10,Commercial,2021-07-03,PAY_8cd2,STAT_182e,2021-07-03
3466,ORD_1ef1f9,CUST_4f8a10,Commercial,2023-03-24,PAY_e09a,STAT_8cd2,2023-03-24
3467,ORD_8968c5,CUST_4f8a10,Commercial,2022-06-20,PAY_4414,STAT_8cd2,2022-06-20
3468,ORD_2b6817,CUST_4f8a10,Commercial,2022-02-12,PAY_182e,STAT_e09a,2022-02-12
3469,ORD_486de5,CUST_4f8a10,Commercial,2022-08-13,PAY_182e,STAT_8cd2,2022-08-13
3470,ORD_fec347,CUST_4f8a10,Commercial,2023-05-17,PAY_182e,STAT_182e,2023-05-17
3471,ORD_864e3f,CUST_4f8a10,Commercial,2024-08-28,PAY_8cd2,STAT_182e,2024-08-28
3472,ORD_a35212,CUST_4f8a10,Commercial,2025-12-01,PAY_8cd2,STAT_8cd2,2025-12-01
3473,ORD_50f87a,CUST_422082,One_Time,2026-01-08,PAY_182e,STAT_e09a,2026-01-08
3474,ORD_25fd59,CUST_2ebf9c,One_Time,2024-02-18,PAY_4414,STAT_182e,2024-02-18
3475,ORD_214a40,CUST_7d1e2b,One_Time,2026-04-08,PAY_8cd2,STAT_8cd2,2026-04-08
3476,ORD_2212de,CUST_56425f,One_Time,2024-07-13,PAY_4414,STAT_182e,2024-07-13
3477,ORD_d42133,CUST_46dd7a,One_Time,2026-04-21,PAY_182e,STAT_182e,2026-04-21
3478,ORD_6fe679,CUST_5aa354,One_Time,2024-09-11,PAY_e09a,STAT_e09a,2024-09-11
3479,ORD_f43362,CUST_b1b002,Repeat,2024-03-28,PAY_4414,STAT_4414,2024-03-28
3480,ORD_4fd244,CUST_b1b002,Repeat,2024-05-16,PAY_8cd2,STAT_182e,2024-05-16
3481,ORD_0808cb,CUST_b1b002,Repeat,2022-04-21,PAY_182e,STAT_8cd2,2022-04-21
3482,ORD_df1af6,CUST_b1b002,Repeat,2024-04-06,PAY_e09a,STAT_8cd2,2024-04-06
3483,ORD_b3d024,CUST_b1b002,Repeat,2021-08-12,PAY_8cd2,STAT_4414,2021-08-12
3484,ORD_219464,CUST_de8dbb,One_Time,2026-03-09,PAY_8cd2,STAT_8cd2,2026-03-09
3485,ORD_83602c,CUST_7fbc43,Repeat,2023-09-19,PAY_4414,STAT_8cd2,2023-09-19
3486,ORD_4f1072,CUST_7fbc43,Repeat,2022-06-06,PAY_182e,STAT_8cd2,2022-06-06
3487,ORD_3c8c07,CUST_7fbc43,Repeat,2023-07-02,PAY_8cd2,STAT_8cd2,2023-07-02
3488,ORD_a1946f,CUST_7fbc43,Repeat,2025-06-11,PAY_8cd2,STAT_e09a,2025-06-11
3489,ORD_4743d4,CUST_7fbc43,Repeat,2022-06-06,PAY_e09a,STAT_8cd2,2022-06-06
3490,ORD_82a3d3,CUST_fb285c,Repeat,2024-06-23,PAY_182e,STAT_4414,2024-06-23
3491,ORD_47924f,CUST_fb285c,Repeat,2025-02-27,PAY_182e,STAT_4414,2025-02-27
3492,ORD_51eea2,CUST_fb285c,Repeat,2025-01-13,PAY_8cd2,STAT_e09a,2025-01-13
3493,ORD_ddbadf,CUST_fb285c,Repeat,2021-10-08,PAY_4414,STAT_8cd2,2021-10-08
3494,ORD_7f5d6b,CUST_fb285c,Repeat,2021-01-10,PAY_e09a,STAT_182e,2021-01-10
3495,ORD_981976,CUST_da0f30,Commercial,2026-05-20,PAY_182e,STAT_e09a,2026-05-20
3496,ORD_81ecf4,CUST_da0f30,Commercial,2026-05-20,PAY_182e,STAT_4414,2026-05-20
3497,ORD_0c0d93,CUST_da0f30,Commercial,2026-05-20,PAY_e09a,STAT_e09a,2026-05-20
3498,ORD_32c5e4,CUST_da0f30,Commercial,2026-05-20,PAY_8cd2,STAT_182e,2026-05-20
3499,ORD_5a71f6,CUST_da0f30,Commercial,2026-05-20,PAY_182e,STAT_182e,2026-05-20
3500,ORD_f1e367,CUST_da0f30,Commercial,2026-05-20,PAY_182e,STAT_4414,2026-05-20
3501,ORD_c83016,CUST_da0f30,Commercial,2026-05-20,PAY_182e,STAT_8cd2,2026-05-20
3502,ORD_e5777e,CUST_da0f30,Commercial,2026-05-20,PAY_e09a,STAT_e09a,2026-05-20
3503,ORD_187092,CUST_da0f30,Commercial,2026-05-20,PAY_8cd2,STAT_4414,2026-05-20
3504,ORD_a1ff49,CUST_da0f30,Commercial,2026-05-20,PAY_e09a,STAT_182e,2026-05-20
3505,ORD_98434e,CUST_da0f30,Commercial,2026-05-20,PAY_8cd2,STAT_4414,2026-05-20
3506,ORD_93ccc3,CUST_da0f30,Commercial,2026-05-20,PAY_8cd2,STAT_4414,2026-05-20
3507,ORD_0f82c3,CUST_6c90fe,One_Time,2023-07-24,PAY_4414,STAT_4414,2023-07-24
3508,ORD_aecb5c,CUST_980260,One_Time,2024-03-18,PAY_e09a,STAT_e09a,2024-03-18
3509,ORD_1b0a06,CUST_f5d775,Commercial,2025-05-02,PAY_8cd2,STAT_4414,2025-05-02
3510,ORD_5b45fe,CUST_f5d775,Commercial,2025-05-02,PAY_4414,STAT_182e,2025-05-02
3511,ORD_029313,CUST_f5d775,Commercial,2025-06-23,PAY_182e,STAT_4414,2025-06-23
3512,ORD_0aa9bc,CUST_f5d775,Commercial,2025-05-02,PAY_e09a,STAT_e09a,2025-05-02
3513,ORD_52aa36,CUST_f5d775,Commercial,2025-05-02,PAY_e09a,STAT_182e,2025-05-02
3514,ORD_8daf1a,CUST_f5d775,Commercial,2025-05-02,PAY_e09a,STAT_e09a,2025-05-02
3515,ORD_b80fc6,CUST_f5d775,Commercial,2025-05-02,PAY_182e,STAT_8cd2,2025-05-02
3516,ORD_3f8ebd,CUST_f5d775,Commercial,2025-05-02,PAY_8cd2,STAT_182e,2025-05-02
3517,ORD_1401c6,CUST_f5d775,Commercial,2025-05-02,PAY_182e,STAT_e09a,2025-05-02
3518,ORD_8ed0aa,CUST_f5d775,Commercial,2025-05-02,PAY_182e,STAT_8cd2,2025-05-02
3519,ORD_faf682,CUST_f5d775,Commercial,2025-05-02,PAY_e09a,STAT_182e,2025-05-02
3520,ORD_10f56a,CUST_f5d775,Commercial,2026-01-25,PAY_4414,STAT_182e,2026-01-25
3521,ORD_aa323d,CUST_f5d775,Commercial,2025-05-02,PAY_4414,STAT_e09a,2025-05-02
3522,ORD_acc8a2,CUST_f5d775,Commercial,2025-05-02,PAY_e09a,STAT_e09a,2025-05-02
3523,ORD_ba1330,CUST_f5d775,Commercial,2025-05-02,PAY_182e,STAT_8cd2,2025-05-02
3524,ORD_3e98de,CUST_d12395,Repeat,2023-03-19,PAY_4414,STAT_4414,2023-03-19
3525,ORD_8dafe3,CUST_d12395,Repeat,2023-03-19,PAY_182e,STAT_4414,2023-03-19
3526,ORD_d2c3b5,CUST_d12395,Repeat,2023-03-19,PAY_4414,STAT_8cd2,2023-03-19
3527,ORD_8110b8,CUST_d12395,Repeat,2026-05-04,PAY_8cd2,STAT_4414,2026-05-04
3528,ORD_15902c,CUST_e52764,One_Time,2025-03-21,PAY_e09a,STAT_8cd2,2025-03-21
3529,ORD_6087f5,CUST_711eda,One_Time,2024-10-27,PAY_182e,STAT_e09a,2024-10-27
3530,ORD_97d9ba,CUST_562593,One_Time,2024-07-04,PAY_e09a,STAT_4414,2024-07-04
3531,ORD_d6cd4f,CUST_8f19d3,One_Time,2022-12-11,PAY_e09a,STAT_4414,2022-12-11
3532,ORD_39060a,CUST_8e3a21,One_Time,2023-11-03,PAY_e09a,STAT_182e,2023-11-03
3533,ORD_f0ccb5,CUST_bac0c5,Commercial,2024-08-07,PAY_e09a,STAT_182e,2024-08-07
3534,ORD_80ade6,CUST_bac0c5,Commercial,2024-08-07,PAY_4414,STAT_4414,2024-08-07
3535,ORD_03e165,CUST_bac0c5,Commercial,2024-08-07,PAY_4414,STAT_e09a,2024-08-07
3536,ORD_06eedf,CUST_bac0c5,Commercial,2024-08-07,PAY_e09a,STAT_e09a,2024-08-07
3537,ORD_5013f7,CUST_bac0c5,Commercial,2024-10-17,PAY_e09a,STAT_8cd2,2024-10-17
3538,ORD_86a77d,CUST_bac0c5,Commercial,2025-12-28,PAY_4414,STAT_4414,2025-12-28
3539,ORD_e1516d,CUST_bac0c5,Commercial,2024-08-07,PAY_e09a,STAT_e09a,2024-08-07
3540,ORD_78795f,CUST_bac0c5,Commercial,2026-05-03,PAY_8cd2,STAT_4414,2026-05-03
3541,ORD_4f8db5,CUST_bac0c5,Commercial,2025-04-08,PAY_4414,STAT_4414,2025-04-08
3542,ORD_dae262,CUST_bac0c5,Commercial,2025-03-01,PAY_182e,STAT_4414,2025-03-01
3543,ORD_94a048,CUST_bac0c5,Commercial,2024-08-07,PAY_e09a,STAT_182e,2024-08-07
3544,ORD_a06edd,CUST_bac0c5,Commercial,2026-02-10,PAY_8cd2,STAT_182e,2026-02-10
3545,ORD_eafe3e,CUST_bac0c5,Commercial,2025-06-14,PAY_182e,STAT_4414,2025-06-14
3546,ORD_d7019b,CUST_bac0c5,Commercial,2026-02-11,PAY_4414,STAT_8cd2,2026-02-11
3547,ORD_745c0c,CUST_bac0c5,Commercial,2024-08-07,PAY_182e,STAT_e09a,2024-08-07
3548,ORD_460bbd,CUST_6336db,One_Time,2025-12-15,PAY_182e,STAT_4414,2025-12-15
3549,ORD_0a6175,CUST_1b93f5,One_Time,2025-05-05,PAY_e09a,STAT_4414,2025-05-05
3550,ORD_05c0b2,CUST_0a7e9f,One_Time,2026-03-14,PAY_182e,STAT_182e,2026-03-14
3551,ORD_84c973,CUST_2f20cb,One_Time,2024-05-19,PAY_182e,STAT_8cd2,2024-05-19
3552,ORD_3a669f,CUST_013f72,One_Time,2023-01-16,PAY_4414,STAT_e09a,2023-01-16
3553,ORD_6e4229,CUST_843bd4,Commercial,2026-02-06,PAY_182e,STAT_4414,2026-02-06
3554,ORD_de5890,CUST_843bd4,Commercial,2026-02-06,PAY_e09a,STAT_4414,2026-02-06
3555,ORD_ace46d,CUST_843bd4,Commercial,2026-02-06,PAY_4414,STAT_182e,2026-02-06
3556,ORD_0da7e3,CUST_843bd4,Commercial,2026-02-06,PAY_e09a,STAT_8cd2,2026-02-06
3557,ORD_9fe919,CUST_843bd4,Commercial,2026-02-06,PAY_8cd2,STAT_182e,2026-02-06
3558,ORD_79d5ae,CUST_843bd4,Commercial,2026-02-06,PAY_182e,STAT_e09a,2026-02-06
3559,ORD_47b96a,CUST_843bd4,Commercial,2026-02-06,PAY_182e,STAT_8cd2,2026-02-06
3560,ORD_6dc4e5,CUST_843bd4,Commercial,2026-02-06,PAY_182e,STAT_182e,2026-02-06
3561,ORD_f7bd91,CUST_843bd4,Commercial,2026-02-06,PAY_8cd2,STAT_8cd2,2026-02-06
3562,ORD_b7feb1,CUST_843bd4,Commercial,2026-05-14,PAY_8cd2,STAT_182e,2026-05-14
3563,ORD_56725c,CUST_843bd4,Commercial,2026-02-06,PAY_4414,STAT_182e,2026-02-06
3564,ORD_380443,CUST_843bd4,Commercial,2026-02-06,PAY_4414,STAT_4414,2026-02-06
3565,ORD_712ccd,CUST_843bd4,Commercial,2026-02-06,PAY_e09a,STAT_e09a,2026-02-06
3566,ORD_6fa9f8,CUST_811f8c,One_Time,2025-01-23,PAY_182e,STAT_4414,2025-01-23
3567,ORD_12257b,CUST_9d9061,Repeat,2025-07-25,PAY_e09a,STAT_8cd2,2025-07-25
3568,ORD_0870fe,CUST_9d9061,Repeat,2025-07-25,PAY_e09a,STAT_4414,2025-07-25
3569,ORD_a53471,CUST_9d9061,Repeat,2025-07-25,PAY_e09a,STAT_182e,2025-07-25
3570,ORD_ba2b3d,CUST_9d9061,Repeat,2025-07-25,PAY_8cd2,STAT_4414,2025-07-25
3571,ORD_4f8d40,CUST_af0289,One_Time,2026-01-01,PAY_8cd2,STAT_8cd2,2026-01-01
3572,ORD_f2f5d6,CUST_d162ef,Repeat,2024-02-24,PAY_4414,STAT_4414,2024-02-24
3573,ORD_5e77ad,CUST_d162ef,Repeat,2024-12-02,PAY_4414,STAT_182e,2024-12-02
3574,ORD_fdde18,CUST_d162ef,Repeat,2025-02-15,PAY_4414,STAT_e09a,2025-02-15
3575,ORD_c36e5c,CUST_d162ef,Repeat,2025-03-09,PAY_8cd2,STAT_8cd2,2025-03-09
3576,ORD_8c5173,CUST_d162ef,Repeat,2024-02-24,PAY_182e,STAT_182e,2024-02-24
3577,ORD_4539b6,CUST_d162ef,Repeat,2024-02-24,PAY_4414,STAT_8cd2,2024-02-24
3578,ORD_e762a1,CUST_5f50f6,Commercial,2025-05-15,PAY_e09a,STAT_8cd2,2025-05-15
3579,ORD_a0edd1,CUST_5f50f6,Commercial,2025-05-15,PAY_4414,STAT_4414,2025-05-15
3580,ORD_d21ab1,CUST_5f50f6,Commercial,2025-09-20,PAY_182e,STAT_4414,2025-09-20
3581,ORD_376091,CUST_5f50f6,Commercial,2025-05-15,PAY_8cd2,STAT_182e,2025-05-15
3582,ORD_d2c30f,CUST_5f50f6,Commercial,2025-05-15,PAY_182e,STAT_4414,2025-05-15
3583,ORD_704a78,CUST_5f50f6,Commercial,2025-05-15,PAY_e09a,STAT_e09a,2025-05-15
3584,ORD_e07382,CUST_5f50f6,Commercial,2025-05-15,PAY_4414,STAT_e09a,2025-05-15
3585,ORD_d9fd39,CUST_5f50f6,Commercial,2025-07-24,PAY_4414,STAT_182e,2025-07-24
3586,ORD_c84182,CUST_5f50f6,Commercial,2025-05-15,PAY_4414,STAT_4414,2025-05-15
3587,ORD_936b07,CUST_5f50f6,Commercial,2025-05-15,PAY_4414,STAT_4414,2025-05-15
3588,ORD_1dec73,CUST_5f50f6,Commercial,2025-05-15,PAY_8cd2,STAT_182e,2025-05-15
3589,ORD_104aee,CUST_5f50f6,Commercial,2025-05-15,PAY_4414,STAT_182e,2025-05-15
3590,ORD_38555c,CUST_5f50f6,Commercial,2025-05-15,PAY_182e,STAT_8cd2,2025-05-15
3591,ORD_5d62df,CUST_5f50f6,Commercial,2025-05-15,PAY_182e,STAT_8cd2,2025-05-15
3592,ORD_db260d,CUST_c24f65,One_Time,2022-09-22,PAY_e09a,STAT_4414,2022-09-22
3593,ORD_e07b5b,CUST_dc42d5,One_Time,2023-10-27,PAY_182e,STAT_4414,2023-10-27
3594,ORD_249714,CUST_326cb0,One_Time,2025-07-07,PAY_8cd2,STAT_182e,2025-07-07
3595,ORD_774601,CUST_6a4c58,Commercial,2025-04-12,PAY_e09a,STAT_182e,2025-04-12
3596,ORD_958665,CUST_6a4c58,Commercial,2025-04-12,PAY_8cd2,STAT_182e,2025-04-12
3597,ORD_5d5b32,CUST_6a4c58,Commercial,2026-01-09,PAY_8cd2,STAT_8cd2,2026-01-09
3598,ORD_6f0b0d,CUST_6a4c58,Commercial,2026-04-26,PAY_8cd2,STAT_4414,2026-04-26
3599,ORD_248a8e,CUST_6a4c58,Commercial,2025-04-12,PAY_e09a,STAT_182e,2025-04-12
3600,ORD_f51da1,CUST_6a4c58,Commercial,2025-04-12,PAY_8cd2,STAT_8cd2,2025-04-12
3601,ORD_fb601d,CUST_6a4c58,Commercial,2025-04-12,PAY_8cd2,STAT_e09a,2025-04-12
3602,ORD_5efac1,CUST_6a4c58,Commercial,2025-04-12,PAY_182e,STAT_182e,2025-04-12
3603,ORD_cb99bd,CUST_6a4c58,Commercial,2025-04-12,PAY_4414,STAT_182e,2025-04-12
3604,ORD_076373,CUST_6a4c58,Commercial,2025-04-12,PAY_8cd2,STAT_8cd2,2025-04-12
3605,ORD_8f6eb0,CUST_c9baf5,One_Time,2023-08-15,PAY_4414,STAT_4414,2023-08-15
3606,ORD_e3e0a6,CUST_e2279d,Repeat,2024-07-07,PAY_8cd2,STAT_4414,2024-07-07
3607,ORD_a62fcc,CUST_e2279d,Repeat,2026-02-05,PAY_4414,STAT_4414,2026-02-05
3608,ORD_b17837,CUST_e2279d,Repeat,2023-06-23,PAY_e09a,STAT_182e,2023-06-23
3609,ORD_ca223d,CUST_e2279d,Repeat,2023-06-23,PAY_e09a,STAT_182e,2023-06-23
3610,ORD_a1df4a,CUST_f0ab26,Repeat,2025-10-23,PAY_182e,STAT_8cd2,2025-10-23
3611,ORD_c0a1aa,CUST_f0ab26,Repeat,2025-10-23,PAY_e09a,STAT_8cd2,2025-10-23
3612,ORD_4fba74,CUST_00fea3,One_Time,2026-02-24,PAY_4414,STAT_8cd2,2026-02-24
3613,ORD_9d7d94,CUST_e2e32f,One_Time,2026-03-20,PAY_182e,STAT_e09a,2026-03-20
3614,ORD_0f500f,CUST_7ca2e1,One_Time,2023-07-18,PAY_e09a,STAT_e09a,2023-07-18
3615,ORD_910656,CUST_cd42ca,One_Time,2025-04-08,PAY_4414,STAT_8cd2,2025-04-08
3616,ORD_e35a25,CUST_ba6afb,One_Time,2026-04-28,PAY_e09a,STAT_e09a,2026-04-28
3617,ORD_c675eb,CUST_954689,One_Time,2026-03-04,PAY_e09a,STAT_4414,2026-03-04
3618,ORD_1a69c1,CUST_b3bee7,One_Time,2024-09-27,PAY_8cd2,STAT_8cd2,2024-09-27
3619,ORD_480a1d,CUST_55564f,Repeat,2026-02-14,PAY_4414,STAT_4414,2026-02-14
3620,ORD_ad6aeb,CUST_55564f,Repeat,2026-02-14,PAY_e09a,STAT_e09a,2026-02-14
3621,ORD_196b7e,CUST_55564f,Repeat,2026-04-13,PAY_182e,STAT_e09a,2026-04-13
3622,ORD_bda7d9,CUST_55564f,Repeat,2026-02-14,PAY_182e,STAT_8cd2,2026-02-14
3623,ORD_ccb243,CUST_55564f,Repeat,2026-02-14,PAY_8cd2,STAT_182e,2026-02-14
3624,ORD_3a4855,CUST_55564f,Repeat,2026-03-04,PAY_e09a,STAT_8cd2,2026-03-04
3625,ORD_fd158f,CUST_643597,Repeat,2026-02-13,PAY_4414,STAT_182e,2026-02-13
3626,ORD_cb6d8d,CUST_643597,Repeat,2026-02-13,PAY_4414,STAT_4414,2026-02-13
3627,ORD_adf6dc,CUST_643597,Repeat,2026-02-13,PAY_e09a,STAT_e09a,2026-02-13
3628,ORD_731389,CUST_643597,Repeat,2026-02-13,PAY_4414,STAT_182e,2026-02-13
3629,ORD_e7b809,CUST_643597,Repeat,2026-02-13,PAY_4414,STAT_e09a,2026-02-13
3630,ORD_c3af0c,CUST_643597,Repeat,2026-02-13,PAY_e09a,STAT_182e,2026-02-13
3631,ORD_b374b9,CUST_a06fdd,One_Time,2024-09-12,PAY_4414,STAT_8cd2,2024-09-12
3632,ORD_861ae4,CUST_39cf1a,One_Time,2025-06-26,PAY_182e,STAT_182e,2025-06-26
3633,ORD_a95eba,CUST_dcd0dc,One_Time,2025-01-23,PAY_182e,STAT_e09a,2025-01-23
3634,ORD_e5f08f,CUST_8f2dab,One_Time,2023-02-13,PAY_8cd2,STAT_4414,2023-02-13
3635,ORD_6e8884,CUST_ed0b4e,One_Time,2024-11-16,PAY_4414,STAT_e09a,2024-11-16
3636,ORD_9542b0,CUST_0f4d4b,Repeat,2023-10-17,PAY_4414,STAT_4414,2023-10-17
3637,ORD_f3c1d6,CUST_0f4d4b,Repeat,2023-10-17,PAY_182e,STAT_4414,2023-10-17
3638,ORD_94492b,CUST_b134dc,One_Time,2026-04-24,PAY_8cd2,STAT_8cd2,2026-04-24
3639,ORD_30336b,CUST_e23c6d,One_Time,2024-07-17,PAY_e09a,STAT_8cd2,2024-07-17
3640,ORD_f354dc,CUST_4b47d8,One_Time,2021-04-03,PAY_e09a,STAT_e09a,2021-04-03
3641,ORD_bcd39e,CUST_7c44ac,One_Time,2024-11-03,PAY_e09a,STAT_e09a,2024-11-03
3642,ORD_12cc93,CUST_15136f,One_Time,2025-06-24,PAY_8cd2,STAT_182e,2025-06-24
3643,ORD_51da42,CUST_4f8e33,One_Time,2026-04-11,PAY_182e,STAT_e09a,2026-04-11
3644,ORD_4eed4e,CUST_f8f901,One_Time,2026-01-15,PAY_182e,STAT_182e,2026-01-15
3645,ORD_635063,CUST_184779,One_Time,2022-08-23,PAY_182e,STAT_8cd2,2022-08-23
3646,ORD_74a895,CUST_69a57c,One_Time,2025-08-20,PAY_4414,STAT_182e,2025-08-20
3647,ORD_291b9d,CUST_897bee,One_Time,2024-03-26,PAY_e09a,STAT_e09a,2024-03-26
3648,ORD_2d4139,CUST_7805c7,One_Time,2025-09-06,PAY_182e,STAT_8cd2,2025-09-06
3649,ORD_6f8162,CUST_46ce78,One_Time,2025-03-08,PAY_182e,STAT_4414,2025-03-08
3650,ORD_3833ff,CUST_60fef1,Repeat,2025-01-01,PAY_e09a,STAT_4414,2025-01-01
3651,ORD_fd392d,CUST_60fef1,Repeat,2025-01-01,PAY_4414,STAT_4414,2025-01-01
3652,ORD_d4b07d,CUST_60fef1,Repeat,2025-10-03,PAY_8cd2,STAT_4414,2025-10-03
3653,ORD_8197db,CUST_b9a5df,One_Time,2024-02-19,PAY_8cd2,STAT_e09a,2024-02-19
3654,ORD_642d10,CUST_780a0d,Repeat,2022-10-18,PAY_182e,STAT_182e,2022-10-18
3655,ORD_588c69,CUST_780a0d,Repeat,2025-11-21,PAY_182e,STAT_182e,2025-11-21
3656,ORD_fa7c0b,CUST_b9bb79,One_Time,2024-03-23,PAY_182e,STAT_e09a,2024-03-23
3657,ORD_65e6be,CUST_6ef2d0,One_Time,2025-11-17,PAY_e09a,STAT_182e,2025-11-17
3658,ORD_15bc0a,CUST_121340,One_Time,2024-05-06,PAY_8cd2,STAT_8cd2,2024-05-06
3659,ORD_88a359,CUST_8fdfea,Repeat,2026-04-13,PAY_4414,STAT_4414,2026-04-13
3660,ORD_526db3,CUST_8fdfea,Repeat,2026-04-13,PAY_4414,STAT_182e,2026-04-13
3661,ORD_709eb7,CUST_c6dd5f,Repeat,2024-05-16,PAY_8cd2,STAT_182e,2024-05-16
3662,ORD_a17006,CUST_c6dd5f,Repeat,2024-05-16,PAY_e09a,STAT_e09a,2024-05-16
3663,ORD_1f821b,CUST_0f2419,One_Time,2025-09-03,PAY_4414,STAT_4414,2025-09-03
3664,ORD_746854,CUST_bb2fcb,Repeat,2025-06-07,PAY_4414,STAT_182e,2025-06-07
3665,ORD_dbb143,CUST_bb2fcb,Repeat,2025-06-07,PAY_4414,STAT_8cd2,2025-06-07
3666,ORD_bed032,CUST_e6ca79,Repeat,2025-07-21,PAY_8cd2,STAT_4414,2025-07-21
3667,ORD_f20b8d,CUST_e6ca79,Repeat,2026-01-09,PAY_4414,STAT_182e,2026-01-09
3668,ORD_dd999a,CUST_e6ca79,Repeat,2025-07-21,PAY_4414,STAT_e09a,2025-07-21
3669,ORD_acf0cd,CUST_e6ca79,Repeat,2025-07-21,PAY_182e,STAT_182e,2025-07-21
3670,ORD_944f6a,CUST_e6ca79,Repeat,2025-07-21,PAY_182e,STAT_182e,2025-07-21
3671,ORD_3a5330,CUST_617ab4,One_Time,2025-11-08,PAY_e09a,STAT_4414,2025-11-08
3672,ORD_2763e7,CUST_90084f,One_Time,2023-06-16,PAY_182e,STAT_8cd2,2023-06-16
3673,ORD_fa9430,CUST_871b41,One_Time,2025-06-08,PAY_e09a,STAT_4414,2025-06-08
3674,ORD_f299c1,CUST_7b09b0,One_Time,2025-02-17,PAY_e09a,STAT_8cd2,2025-02-17
3675,ORD_1f6a63,CUST_eb347e,Commercial,2024-07-10,PAY_e09a,STAT_4414,2024-07-10
3676,ORD_f3f4c9,CUST_eb347e,Commercial,2023-12-21,PAY_182e,STAT_4414,2023-12-21
3677,ORD_401489,CUST_eb347e,Commercial,2022-06-13,PAY_8cd2,STAT_4414,2022-06-13
3678,ORD_d3bf47,CUST_eb347e,Commercial,2022-07-22,PAY_e09a,STAT_182e,2022-07-22
3679,ORD_41b36a,CUST_eb347e,Commercial,2025-11-02,PAY_182e,STAT_4414,2025-11-02
3680,ORD_5cf4ea,CUST_eb347e,Commercial,2022-09-13,PAY_8cd2,STAT_4414,2022-09-13
3681,ORD_7d79f6,CUST_eb347e,Commercial,2023-03-05,PAY_182e,STAT_8cd2,2023-03-05
3682,ORD_e90008,CUST_eb347e,Commercial,2024-10-05,PAY_e09a,STAT_e09a,2024-10-05
3683,ORD_79beda,CUST_eb347e,Commercial,2021-04-17,PAY_e09a,STAT_e09a,2021-04-17
3684,ORD_f9047d,CUST_eb347e,Commercial,2023-08-15,PAY_182e,STAT_e09a,2023-08-15
3685,ORD_d2fff2,CUST_eb347e,Commercial,2021-03-18,PAY_4414,STAT_8cd2,2021-03-18
3686,ORD_6fa49d,CUST_eb347e,Commercial,2025-11-20,PAY_e09a,STAT_e09a,2025-11-20
3687,ORD_2e275a,CUST_eb347e,Commercial,2023-06-27,PAY_e09a,STAT_8cd2,2023-06-27
3688,ORD_109a61,CUST_b37142,Commercial,2026-04-06,PAY_e09a,STAT_8cd2,2026-04-06
3689,ORD_1092e1,CUST_b37142,Commercial,2026-02-21,PAY_e09a,STAT_e09a,2026-02-21
3690,ORD_ffdff7,CUST_b37142,Commercial,2022-08-17,PAY_8cd2,STAT_e09a,2022-08-17
3691,ORD_252a1b,CUST_b37142,Commercial,2023-12-11,PAY_182e,STAT_4414,2023-12-11
3692,ORD_fe6b21,CUST_b37142,Commercial,2024-09-18,PAY_4414,STAT_e09a,2024-09-18
3693,ORD_47f24f,CUST_b37142,Commercial,2025-05-11,PAY_182e,STAT_8cd2,2025-05-11
3694,ORD_833199,CUST_b37142,Commercial,2022-08-17,PAY_8cd2,STAT_e09a,2022-08-17
3695,ORD_123d85,CUST_b37142,Commercial,2022-08-17,PAY_4414,STAT_e09a,2022-08-17
3696,ORD_80f019,CUST_b37142,Commercial,2024-09-25,PAY_182e,STAT_8cd2,2024-09-25
3697,ORD_1f4aaf,CUST_b37142,Commercial,2023-03-03,PAY_8cd2,STAT_182e,2023-03-03
3698,ORD_cf147c,CUST_b37142,Commercial,2026-05-25,PAY_4414,STAT_4414,2026-05-25
3699,ORD_a350a2,CUST_b37142,Commercial,2024-06-01,PAY_e09a,STAT_4414,2024-06-01
3700,ORD_f113b6,CUST_b37142,Commercial,2026-01-06,PAY_e09a,STAT_e09a,2026-01-06
3701,ORD_bd04ce,CUST_b37142,Commercial,2025-08-12,PAY_e09a,STAT_4414,2025-08-12
3702,ORD_1e0e39,CUST_b37142,Commercial,2025-05-24,PAY_e09a,STAT_4414,2025-05-24
3703,ORD_c55b2a,CUST_b37142,Commercial,2025-07-22,PAY_8cd2,STAT_e09a,2025-07-22
3704,ORD_08fed0,CUST_b37142,Commercial,2023-10-06,PAY_4414,STAT_8cd2,2023-10-06
3705,ORD_67f1ae,CUST_1966bb,One_Time,2025-02-23,PAY_e09a,STAT_8cd2,2025-02-23
3706,ORD_9549fe,CUST_5439c1,One_Time,2024-04-21,PAY_4414,STAT_4414,2024-04-21
3707,ORD_b86a79,CUST_c9863b,One_Time,2025-07-25,PAY_182e,STAT_e09a,2025-07-25
3708,ORD_712951,CUST_9c6311,One_Time,2025-09-16,PAY_182e,STAT_8cd2,2025-09-16
3709,ORD_1ef124,CUST_70e77f,Commercial,2023-06-02,PAY_182e,STAT_e09a,2023-06-02
3710,ORD_5db9c8,CUST_70e77f,Commercial,2022-11-21,PAY_e09a,STAT_8cd2,2022-11-21
3711,ORD_617ff5,CUST_70e77f,Commercial,2023-06-01,PAY_e09a,STAT_8cd2,2023-06-01
3712,ORD_d1818b,CUST_70e77f,Commercial,2022-11-25,PAY_8cd2,STAT_4414,2022-11-25
3713,ORD_de9524,CUST_70e77f,Commercial,2022-09-27,PAY_e09a,STAT_8cd2,2022-09-27
3714,ORD_db4b2e,CUST_70e77f,Commercial,2025-11-09,PAY_4414,STAT_e09a,2025-11-09
3715,ORD_b27c9a,CUST_70e77f,Commercial,2022-09-27,PAY_182e,STAT_182e,2022-09-27
3716,ORD_1963d9,CUST_70e77f,Commercial,2022-09-27,PAY_182e,STAT_182e,2022-09-27
3717,ORD_9a7e8b,CUST_70e77f,Commercial,2023-04-25,PAY_e09a,STAT_4414,2023-04-25
3718,ORD_b527d3,CUST_70e77f,Commercial,2025-12-18,PAY_e09a,STAT_e09a,2025-12-18
3719,ORD_d80f3b,CUST_70e77f,Commercial,2023-09-06,PAY_8cd2,STAT_e09a,2023-09-06
3720,ORD_2f4b78,CUST_70e77f,Commercial,2026-01-18,PAY_4414,STAT_182e,2026-01-18
3721,ORD_f473df,CUST_70e77f,Commercial,2022-09-27,PAY_e09a,STAT_4414,2022-09-27
3722,ORD_987992,CUST_70e77f,Commercial,2025-06-16,PAY_4414,STAT_4414,2025-06-16
3723,ORD_82b0d4,CUST_70e77f,Commercial,2024-10-15,PAY_e09a,STAT_e09a,2024-10-15
3724,ORD_6f062e,CUST_70e77f,Commercial,2025-07-06,PAY_e09a,STAT_4414,2025-07-06
3725,ORD_d94eac,CUST_b13aa2,One_Time,2025-03-26,PAY_182e,STAT_4414,2025-03-26
3726,ORD_bc519e,CUST_a6721c,Repeat,2026-03-05,PAY_182e,STAT_e09a,2026-03-05
3727,ORD_8ca0eb,CUST_a6721c,Repeat,2024-05-11,PAY_4414,STAT_182e,2024-05-11
3728,ORD_c4bc1c,CUST_a6721c,Repeat,2026-01-19,PAY_8cd2,STAT_e09a,2026-01-19
3729,ORD_5b3cad,CUST_a6721c,Repeat,2024-05-26,PAY_e09a,STAT_182e,2024-05-26
3730,ORD_f3f48d,CUST_a6721c,Repeat,2025-11-12,PAY_182e,STAT_e09a,2025-11-12
3731,ORD_933f24,CUST_a6721c,Repeat,2024-05-15,PAY_182e,STAT_4414,2024-05-15
3732,ORD_06a187,CUST_062ebc,One_Time,2024-10-08,PAY_8cd2,STAT_4414,2024-10-08
3733,ORD_62ad31,CUST_a0cb30,One_Time,2023-11-14,PAY_8cd2,STAT_8cd2,2023-11-14
3734,ORD_d51e3a,CUST_65507e,One_Time,2025-07-28,PAY_182e,STAT_4414,2025-07-28
3735,ORD_4909c2,CUST_97a282,One_Time,2024-06-06,PAY_8cd2,STAT_182e,2024-06-06
3736,ORD_0af0a2,CUST_c5ef7a,Commercial,2023-07-20,PAY_182e,STAT_182e,2023-07-20
3737,ORD_c91252,CUST_c5ef7a,Commercial,2023-10-11,PAY_8cd2,STAT_4414,2023-10-11
3738,ORD_46013a,CUST_c5ef7a,Commercial,2023-07-20,PAY_8cd2,STAT_182e,2023-07-20
3739,ORD_7c250f,CUST_c5ef7a,Commercial,2023-12-06,PAY_4414,STAT_e09a,2023-12-06
3740,ORD_b84e65,CUST_c5ef7a,Commercial,2025-11-18,PAY_4414,STAT_4414,2025-11-18
3741,ORD_9ed075,CUST_c5ef7a,Commercial,2023-07-20,PAY_4414,STAT_182e,2023-07-20
3742,ORD_d7c61e,CUST_c5ef7a,Commercial,2025-10-17,PAY_4414,STAT_e09a,2025-10-17
3743,ORD_c976b7,CUST_c5ef7a,Commercial,2025-04-06,PAY_182e,STAT_4414,2025-04-06
3744,ORD_078fa0,CUST_c5ef7a,Commercial,2023-07-20,PAY_4414,STAT_4414,2023-07-20
3745,ORD_44dea2,CUST_c5ef7a,Commercial,2023-07-20,PAY_4414,STAT_e09a,2023-07-20
3746,ORD_9fe4e8,CUST_c5ef7a,Commercial,2024-01-24,PAY_8cd2,STAT_e09a,2024-01-24
3747,ORD_6a1b47,CUST_c5ef7a,Commercial,2023-07-20,PAY_182e,STAT_182e,2023-07-20
3748,ORD_c95853,CUST_c5ef7a,Commercial,2026-05-27,PAY_e09a,STAT_8cd2,2026-05-27
3749,ORD_5d24e9,CUST_c5ef7a,Commercial,2024-12-01,PAY_182e,STAT_4414,2024-12-01
3750,ORD_66cba0,CUST_c5ef7a,Commercial,2025-08-27,PAY_182e,STAT_8cd2,2025-08-27
3751,ORD_8ea1a2,CUST_c5ef7a,Commercial,2024-01-01,PAY_4414,STAT_e09a,2024-01-01
3752,ORD_6bb515,CUST_c5ef7a,Commercial,2024-11-14,PAY_8cd2,STAT_4414,2024-11-14
3753,ORD_c5b508,CUST_c5ef7a,Commercial,2023-07-20,PAY_8cd2,STAT_8cd2,2023-07-20
3754,ORD_84f657,CUST_c5ef7a,Commercial,2023-07-20,PAY_4414,STAT_4414,2023-07-20
3755,ORD_ae04e6,CUST_7ce803,Repeat,2024-01-15,PAY_182e,STAT_e09a,2024-01-15
3756,ORD_87e2ae,CUST_7ce803,Repeat,2023-12-12,PAY_e09a,STAT_182e,2023-12-12
3757,ORD_dfd82d,CUST_7ce803,Repeat,2024-01-24,PAY_182e,STAT_182e,2024-01-24
3758,ORD_bb31b4,CUST_7ce803,Repeat,2025-03-17,PAY_e09a,STAT_8cd2,2025-03-17
3759,ORD_81ba90,CUST_7ce803,Repeat,2025-02-13,PAY_8cd2,STAT_182e,2025-02-13
3760,ORD_38679e,CUST_9fe48a,One_Time,2022-07-27,PAY_e09a,STAT_182e,2022-07-27
3761,ORD_51208b,CUST_a38ad2,One_Time,2024-12-02,PAY_4414,STAT_182e,2024-12-02
3762,ORD_15bd38,CUST_9a1d59,Repeat,2025-06-11,PAY_4414,STAT_e09a,2025-06-11
3763,ORD_29f526,CUST_9a1d59,Repeat,2026-02-09,PAY_e09a,STAT_4414,2026-02-09
3764,ORD_399a31,CUST_9a1d59,Repeat,2025-11-16,PAY_8cd2,STAT_8cd2,2025-11-16
3765,ORD_062677,CUST_9a1d59,Repeat,2025-05-08,PAY_4414,STAT_8cd2,2025-05-08
3766,ORD_d46c01,CUST_0c5503,One_Time,2024-02-06,PAY_182e,STAT_182e,2024-02-06
3767,ORD_6ddf03,CUST_6be107,One_Time,2024-06-07,PAY_e09a,STAT_8cd2,2024-06-07
3768,ORD_f318f3,CUST_734a67,One_Time,2026-03-10,PAY_8cd2,STAT_8cd2,2026-03-10
3769,ORD_32beb1,CUST_d98d4f,One_Time,2025-05-13,PAY_182e,STAT_8cd2,2025-05-13
3770,ORD_e1905b,CUST_654716,One_Time,2025-04-24,PAY_e09a,STAT_e09a,2025-04-24
3771,ORD_a76d48,CUST_7b3cc8,One_Time,2023-09-17,PAY_4414,STAT_e09a,2023-09-17
3772,ORD_906746,CUST_0613af,One_Time,2024-03-16,PAY_e09a,STAT_e09a,2024-03-16
3773,ORD_9465d5,CUST_472dcd,Repeat,2022-06-09,PAY_182e,STAT_4414,2022-06-09
3774,ORD_6cf1e2,CUST_472dcd,Repeat,2024-04-04,PAY_8cd2,STAT_4414,2024-04-04
3775,ORD_8b7fc9,CUST_472dcd,Repeat,2025-11-18,PAY_e09a,STAT_8cd2,2025-11-18
3776,ORD_7e77a6,CUST_472dcd,Repeat,2022-08-10,PAY_e09a,STAT_182e,2022-08-10
3777,ORD_182984,CUST_fb2b17,Commercial,2025-01-14,PAY_4414,STAT_8cd2,2025-01-14
3778,ORD_9442f4,CUST_fb2b17,Commercial,2022-09-23,PAY_182e,STAT_e09a,2022-09-23
3779,ORD_efbda6,CUST_fb2b17,Commercial,2024-03-06,PAY_182e,STAT_8cd2,2024-03-06
3780,ORD_73a9ba,CUST_fb2b17,Commercial,2022-12-04,PAY_182e,STAT_4414,2022-12-04
3781,ORD_81e7d8,CUST_fb2b17,Commercial,2023-06-08,PAY_4414,STAT_e09a,2023-06-08
3782,ORD_09f1de,CUST_fb2b17,Commercial,2024-04-02,PAY_182e,STAT_182e,2024-04-02
3783,ORD_cb8f8f,CUST_fb2b17,Commercial,2022-10-06,PAY_182e,STAT_8cd2,2022-10-06
3784,ORD_ba42a2,CUST_fb2b17,Commercial,2024-04-10,PAY_4414,STAT_8cd2,2024-04-10
3785,ORD_964ef2,CUST_fb2b17,Commercial,2023-12-20,PAY_4414,STAT_e09a,2023-12-20
3786,ORD_0e2516,CUST_eff0c3,Repeat,2025-01-07,PAY_182e,STAT_8cd2,2025-01-07
3787,ORD_3c9ac8,CUST_eff0c3,Repeat,2025-01-07,PAY_182e,STAT_4414,2025-01-07
3788,ORD_152bdb,CUST_eff0c3,Repeat,2025-01-07,PAY_182e,STAT_8cd2,2025-01-07
3789,ORD_4d580d,CUST_eff0c3,Repeat,2025-01-07,PAY_4414,STAT_8cd2,2025-01-07
3790,ORD_223e85,CUST_eff0c3,Repeat,2025-01-07,PAY_182e,STAT_8cd2,2025-01-07
3791,ORD_5aaca8,CUST_eff0c3,Repeat,2025-01-07,PAY_4414,STAT_8cd2,2025-01-07
3792,ORD_094568,CUST_ad229d,One_Time,2026-01-26,PAY_4414,STAT_8cd2,2026-01-26
3793,ORD_72b91c,CUST_935909,One_Time,2026-03-11,PAY_8cd2,STAT_8cd2,2026-03-11
3794,ORD_2147f2,CUST_408048,Repeat,2025-01-16,PAY_4414,STAT_4414,2025-01-16
3795,ORD_988e1d,CUST_408048,Repeat,2025-01-16,PAY_8cd2,STAT_e09a,2025-01-16
3796,ORD_fb3d93,CUST_408048,Repeat,2025-10-04,PAY_4414,STAT_4414,2025-10-04
3797,ORD_86e772,CUST_408048,Repeat,2025-01-16,PAY_e09a,STAT_182e,2025-01-16
3798,ORD_a966d5,CUST_408048,Repeat,2025-01-16,PAY_4414,STAT_e09a,2025-01-16
3799,ORD_1589e8,CUST_5ce71b,Repeat,2024-02-13,PAY_4414,STAT_8cd2,2024-02-13
3800,ORD_45059b,CUST_5ce71b,Repeat,2024-02-13,PAY_e09a,STAT_8cd2,2024-02-13
3801,ORD_eb72fd,CUST_5ce71b,Repeat,2024-08-04,PAY_e09a,STAT_8cd2,2024-08-04
3802,ORD_388084,CUST_5ce71b,Repeat,2024-02-13,PAY_8cd2,STAT_182e,2024-02-13
3803,ORD_85beaf,CUST_5ce71b,Repeat,2024-02-13,PAY_182e,STAT_4414,2024-02-13
3804,ORD_91423e,CUST_b317a1,One_Time,2025-12-24,PAY_e09a,STAT_e09a,2025-12-24
3805,ORD_f74d1c,CUST_974a1d,One_Time,2026-03-16,PAY_e09a,STAT_8cd2,2026-03-16
3806,ORD_8c691d,CUST_2f28fd,One_Time,2022-03-17,PAY_8cd2,STAT_182e,2022-03-17
3807,ORD_02c6c8,CUST_7cf4f3,One_Time,2023-09-23,PAY_182e,STAT_e09a,2023-09-23
3808,ORD_3d7c88,CUST_56cace,One_Time,2025-07-09,PAY_4414,STAT_8cd2,2025-07-09
3809,ORD_0cf1d2,CUST_65ba61,Repeat,2025-12-06,PAY_e09a,STAT_e09a,2025-12-06
3810,ORD_339fcf,CUST_65ba61,Repeat,2023-02-02,PAY_4414,STAT_e09a,2023-02-02
3811,ORD_de9556,CUST_a67a77,One_Time,2025-04-16,PAY_e09a,STAT_4414,2025-04-16
3812,ORD_2710db,CUST_ea68c5,Repeat,2023-04-07,PAY_e09a,STAT_4414,2023-04-07
3813,ORD_dde7e7,CUST_ea68c5,Repeat,2025-02-15,PAY_e09a,STAT_8cd2,2025-02-15
3814,ORD_283bc3,CUST_ea68c5,Repeat,2023-04-10,PAY_4414,STAT_e09a,2023-04-10
3815,ORD_a5c7f1,CUST_ea68c5,Repeat,2025-07-11,PAY_8cd2,STAT_8cd2,2025-07-11
3816,ORD_bef637,CUST_37b5d1,Repeat,2022-01-08,PAY_e09a,STAT_4414,2022-01-08
3817,ORD_99ec54,CUST_37b5d1,Repeat,2025-11-12,PAY_182e,STAT_4414,2025-11-12
3818,ORD_7b6976,CUST_37b5d1,Repeat,2023-04-21,PAY_8cd2,STAT_4414,2023-04-21
3819,ORD_fcebed,CUST_37b5d1,Repeat,2021-08-24,PAY_e09a,STAT_182e,2021-08-24
3820,ORD_ffd9f3,CUST_a7fe37,Repeat,2024-02-02,PAY_4414,STAT_8cd2,2024-02-02
3821,ORD_419b97,CUST_a7fe37,Repeat,2023-11-21,PAY_4414,STAT_182e,2023-11-21
3822,ORD_026e18,CUST_fbb2bd,One_Time,2026-03-23,PAY_182e,STAT_8cd2,2026-03-23
3823,ORD_0f2a83,CUST_e89aff,One_Time,2026-04-01,PAY_182e,STAT_e09a,2026-04-01
3824,ORD_38edca,CUST_a8556e,One_Time,2023-07-13,PAY_4414,STAT_8cd2,2023-07-13
3825,ORD_e41f18,CUST_e3352a,One_Time,2024-10-08,PAY_8cd2,STAT_4414,2024-10-08
3826,ORD_36b32c,CUST_5d5b61,Commercial,2025-04-03,PAY_182e,STAT_8cd2,2025-04-03
3827,ORD_f3b579,CUST_5d5b61,Commercial,2025-09-11,PAY_182e,STAT_182e,2025-09-11
3828,ORD_d90242,CUST_5d5b61,Commercial,2025-08-17,PAY_182e,STAT_8cd2,2025-08-17
3829,ORD_9982cd,CUST_5d5b61,Commercial,2025-12-17,PAY_4414,STAT_4414,2025-12-17
3830,ORD_d21099,CUST_5d5b61,Commercial,2024-09-14,PAY_8cd2,STAT_8cd2,2024-09-14
3831,ORD_ffd859,CUST_5d5b61,Commercial,2025-01-21,PAY_4414,STAT_182e,2025-01-21
3832,ORD_b94733,CUST_5d5b61,Commercial,2024-02-08,PAY_8cd2,STAT_4414,2024-02-08
3833,ORD_5b7efe,CUST_5d5b61,Commercial,2024-02-08,PAY_4414,STAT_8cd2,2024-02-08
3834,ORD_31141d,CUST_5d5b61,Commercial,2024-02-08,PAY_4414,STAT_e09a,2024-02-08
3835,ORD_029b53,CUST_9a5c46,One_Time,2022-09-15,PAY_8cd2,STAT_8cd2,2022-09-15
3836,ORD_11834a,CUST_2898af,One_Time,2026-04-28,PAY_4414,STAT_4414,2026-04-28
3837,ORD_aafae3,CUST_301750,One_Time,2024-09-16,PAY_8cd2,STAT_e09a,2024-09-16
3838,ORD_b886b3,CUST_c1d2d7,Repeat,2024-03-09,PAY_e09a,STAT_182e,2024-03-09
3839,ORD_13c953,CUST_c1d2d7,Repeat,2025-04-26,PAY_182e,STAT_8cd2,2025-04-26
3840,ORD_e2ce04,CUST_b518f1,One_Time,2026-04-09,PAY_8cd2,STAT_4414,2026-04-09
3841,ORD_aa3abd,CUST_638d75,One_Time,2025-12-13,PAY_8cd2,STAT_182e,2025-12-13
3842,ORD_b284b2,CUST_7fdac2,One_Time,2025-07-16,PAY_4414,STAT_8cd2,2025-07-16
3843,ORD_af5cbc,CUST_0f86e4,One_Time,2023-12-24,PAY_4414,STAT_e09a,2023-12-24
3844,ORD_8764c5,CUST_d40df1,One_Time,2023-08-14,PAY_4414,STAT_182e,2023-08-14
3845,ORD_2883e4,CUST_567e28,One_Time,2023-10-27,PAY_182e,STAT_8cd2,2023-10-27
3846,ORD_99ff8a,CUST_ed7a7e,One_Time,2026-03-16,PAY_182e,STAT_8cd2,2026-03-16
3847,ORD_e9dbc9,CUST_78d388,One_Time,2025-05-19,PAY_e09a,STAT_4414,2025-05-19
3848,ORD_5695b2,CUST_efb6c3,One_Time,2024-02-03,PAY_4414,STAT_182e,2024-02-03
3849,ORD_d1b32b,CUST_215a53,One_Time,2024-03-28,PAY_e09a,STAT_4414,2024-03-28
3850,ORD_5e6fed,CUST_e4b9f5,One_Time,2023-08-05,PAY_8cd2,STAT_8cd2,2023-08-05
3851,ORD_49b29c,CUST_cf0662,One_Time,2026-05-03,PAY_182e,STAT_e09a,2026-05-03
3852,ORD_a030b1,CUST_e5e10f,Repeat,2026-05-09,PAY_e09a,STAT_e09a,2026-05-09
3853,ORD_37a01b,CUST_e5e10f,Repeat,2026-05-09,PAY_e09a,STAT_8cd2,2026-05-09
3854,ORD_017a58,CUST_cc4bac,One_Time,2024-02-07,PAY_8cd2,STAT_4414,2024-02-07
3855,ORD_26dfde,CUST_9de8e8,One_Time,2025-11-05,PAY_4414,STAT_4414,2025-11-05
3856,ORD_01b0dc,CUST_28f1f2,One_Time,2026-04-26,PAY_e09a,STAT_e09a,2026-04-26
3857,ORD_d48116,CUST_295634,One_Time,2026-05-17,PAY_182e,STAT_182e,2026-05-17
3858,ORD_a0321e,CUST_a2e3ce,One_Time,2022-01-27,PAY_e09a,STAT_8cd2,2022-01-27
3859,ORD_ea501c,CUST_0beaef,Repeat,2026-04-13,PAY_e09a,STAT_4414,2026-04-13
3860,ORD_d567d9,CUST_0beaef,Repeat,2026-04-13,PAY_8cd2,STAT_4414,2026-04-13
3861,ORD_219313,CUST_0beaef,Repeat,2026-04-13,PAY_8cd2,STAT_4414,2026-04-13
3862,ORD_99304d,CUST_0beaef,Repeat,2026-04-13,PAY_e09a,STAT_8cd2,2026-04-13
3863,ORD_dd4d60,CUST_0beaef,Repeat,2026-04-13,PAY_8cd2,STAT_8cd2,2026-04-13
3864,ORD_03c42a,CUST_b6ff38,One_Time,2025-01-19,PAY_182e,STAT_182e,2025-01-19
3865,ORD_192a86,CUST_5467bf,One_Time,2022-08-12,PAY_4414,STAT_182e,2022-08-12
3866,ORD_35d73f,CUST_8c8fad,Repeat,2022-10-02,PAY_182e,STAT_182e,2022-10-02
3867,ORD_daa98b,CUST_8c8fad,Repeat,2025-07-10,PAY_182e,STAT_8cd2,2025-07-10
3868,ORD_d18546,CUST_02a897,One_Time,2023-08-17,PAY_8cd2,STAT_e09a,2023-08-17
3869,ORD_377c81,CUST_c54729,Repeat,2024-03-05,PAY_e09a,STAT_e09a,2024-03-05
3870,ORD_085be5,CUST_c54729,Repeat,2025-09-25,PAY_4414,STAT_8cd2,2025-09-25
3871,ORD_8f4d28,CUST_c54729,Repeat,2026-03-19,PAY_182e,STAT_8cd2,2026-03-19
3872,ORD_81596d,CUST_c54729,Repeat,2024-03-05,PAY_8cd2,STAT_e09a,2024-03-05
3873,ORD_73db1b,CUST_c54729,Repeat,2024-03-05,PAY_182e,STAT_8cd2,2024-03-05
3874,ORD_aef276,CUST_c54729,Repeat,2024-03-05,PAY_182e,STAT_e09a,2024-03-05
3875,ORD_882705,CUST_2c3652,One_Time,2026-01-04,PAY_e09a,STAT_182e,2026-01-04
3876,ORD_9fc43c,CUST_9ab1fc,Repeat,2023-10-23,PAY_4414,STAT_8cd2,2023-10-23
3877,ORD_904def,CUST_9ab1fc,Repeat,2024-09-07,PAY_182e,STAT_4414,2024-09-07
3878,ORD_f35538,CUST_9ab1fc,Repeat,2024-10-12,PAY_182e,STAT_8cd2,2024-10-12
3879,ORD_12e436,CUST_368195,One_Time,2022-10-19,PAY_182e,STAT_8cd2,2022-10-19
3880,ORD_f65f18,CUST_deb4fc,One_Time,2026-02-17,PAY_8cd2,STAT_4414,2026-02-17
3881,ORD_62ee00,CUST_29ca59,One_Time,2026-03-13,PAY_4414,STAT_8cd2,2026-03-13
3882,ORD_b7635a,CUST_d917b6,Repeat,2026-03-03,PAY_182e,STAT_8cd2,2026-03-03
3883,ORD_9291bc,CUST_d917b6,Repeat,2026-03-03,PAY_4414,STAT_8cd2,2026-03-03
3884,ORD_b55896,CUST_d917b6,Repeat,2026-03-03,PAY_e09a,STAT_4414,2026-03-03
3885,ORD_538cb1,CUST_d917b6,Repeat,2026-03-03,PAY_8cd2,STAT_e09a,2026-03-03
3886,ORD_431f73,CUST_85690b,Commercial,2023-04-15,PAY_4414,STAT_8cd2,2023-04-15
3887,ORD_e76ab3,CUST_85690b,Commercial,2023-04-24,PAY_8cd2,STAT_e09a,2023-04-24
3888,ORD_839a46,CUST_85690b,Commercial,2023-04-28,PAY_e09a,STAT_e09a,2023-04-28
3889,ORD_1d95b0,CUST_85690b,Commercial,2026-03-14,PAY_4414,STAT_8cd2,2026-03-14
3890,ORD_2a59ef,CUST_85690b,Commercial,2025-05-06,PAY_8cd2,STAT_e09a,2025-05-06
3891,ORD_78d934,CUST_85690b,Commercial,2024-08-06,PAY_182e,STAT_182e,2024-08-06
3892,ORD_573752,CUST_85690b,Commercial,2024-01-04,PAY_8cd2,STAT_4414,2024-01-04
3893,ORD_63cfe7,CUST_85690b,Commercial,2022-11-05,PAY_8cd2,STAT_e09a,2022-11-05
3894,ORD_5bb496,CUST_85690b,Commercial,2023-07-18,PAY_8cd2,STAT_8cd2,2023-07-18
3895,ORD_7b9e13,CUST_85690b,Commercial,2023-12-12,PAY_4414,STAT_182e,2023-12-12
3896,ORD_ab24bc,CUST_85690b,Commercial,2022-11-05,PAY_4414,STAT_8cd2,2022-11-05
3897,ORD_fa4d71,CUST_85690b,Commercial,2024-02-27,PAY_4414,STAT_8cd2,2024-02-27
3898,ORD_51aa68,CUST_85690b,Commercial,2024-01-28,PAY_8cd2,STAT_e09a,2024-01-28
3899,ORD_a231bd,CUST_85690b,Commercial,2024-12-12,PAY_8cd2,STAT_e09a,2024-12-12
3900,ORD_a45b54,CUST_e9c825,One_Time,2023-12-10,PAY_8cd2,STAT_4414,2023-12-10
3901,ORD_b4225e,CUST_17d9fb,One_Time,2024-04-21,PAY_4414,STAT_8cd2,2024-04-21
3902,ORD_ab7309,CUST_356d66,One_Time,2024-12-22,PAY_4414,STAT_e09a,2024-12-22
3903,ORD_04cc59,CUST_d73514,One_Time,2025-09-04,PAY_4414,STAT_e09a,2025-09-04
3904,ORD_f8cb8a,CUST_0adc4b,One_Time,2023-11-20,PAY_182e,STAT_182e,2023-11-20
3905,ORD_87bc80,CUST_2550e5,Repeat,2025-10-03,PAY_e09a,STAT_e09a,2025-10-03
3906,ORD_c24db2,CUST_2550e5,Repeat,2025-10-03,PAY_4414,STAT_182e,2025-10-03
3907,ORD_18f7ef,CUST_2550e5,Repeat,2025-10-03,PAY_4414,STAT_e09a,2025-10-03
3908,ORD_639ae9,CUST_2550e5,Repeat,2025-10-03,PAY_8cd2,STAT_e09a,2025-10-03
3909,ORD_f7451e,CUST_2550e5,Repeat,2025-10-03,PAY_e09a,STAT_e09a,2025-10-03
3910,ORD_8af727,CUST_8363e2,One_Time,2025-11-27,PAY_182e,STAT_8cd2,2025-11-27
3911,ORD_b87c27,CUST_ce9f50,One_Time,2024-02-18,PAY_8cd2,STAT_e09a,2024-02-18
3912,ORD_883d87,CUST_aae28f,One_Time,2025-01-28,PAY_e09a,STAT_e09a,2025-01-28
3913,ORD_d8d3cf,CUST_7d1777,Repeat,2025-10-10,PAY_4414,STAT_4414,2025-10-10
3914,ORD_394231,CUST_7d1777,Repeat,2025-03-04,PAY_e09a,STAT_182e,2025-03-04
3915,ORD_3af000,CUST_7d1777,Repeat,2025-03-04,PAY_4414,STAT_4414,2025-03-04
3916,ORD_67439d,CUST_573bce,One_Time,2024-07-01,PAY_8cd2,STAT_182e,2024-07-01
3917,ORD_6d1d93,CUST_db9c04,One_Time,2026-02-17,PAY_4414,STAT_182e,2026-02-17
3918,ORD_ce2a1f,CUST_81c32b,Commercial,2024-06-04,PAY_e09a,STAT_4414,2024-06-04
3919,ORD_bdac93,CUST_81c32b,Commercial,2023-05-22,PAY_182e,STAT_8cd2,2023-05-22
3920,ORD_fac19f,CUST_81c32b,Commercial,2022-10-23,PAY_182e,STAT_8cd2,2022-10-23
3921,ORD_a0ede9,CUST_81c32b,Commercial,2022-05-20,PAY_4414,STAT_e09a,2022-05-20
3922,ORD_10e87d,CUST_81c32b,Commercial,2026-01-25,PAY_e09a,STAT_4414,2026-01-25
3923,ORD_d17ab6,CUST_81c32b,Commercial,2025-11-03,PAY_4414,STAT_e09a,2025-11-03
3924,ORD_df108d,CUST_81c32b,Commercial,2023-11-11,PAY_4414,STAT_e09a,2023-11-11
3925,ORD_e1651a,CUST_81c32b,Commercial,2024-04-15,PAY_182e,STAT_4414,2024-04-15
3926,ORD_8fdb3e,CUST_81c32b,Commercial,2025-03-26,PAY_182e,STAT_4414,2025-03-26
3927,ORD_0c81fa,CUST_81c32b,Commercial,2022-05-20,PAY_4414,STAT_8cd2,2022-05-20
3928,ORD_24e12b,CUST_81c32b,Commercial,2024-07-02,PAY_8cd2,STAT_182e,2024-07-02
3929,ORD_e1fcb4,CUST_81c32b,Commercial,2023-07-02,PAY_e09a,STAT_182e,2023-07-02
3930,ORD_d5618c,CUST_62d3e8,One_Time,2024-12-20,PAY_182e,STAT_182e,2024-12-20
3931,ORD_b3dec9,CUST_1e44ff,One_Time,2026-04-15,PAY_8cd2,STAT_4414,2026-04-15
3932,ORD_e658f2,CUST_761b31,Repeat,2022-09-11,PAY_4414,STAT_e09a,2022-09-11
3933,ORD_24f5f6,CUST_761b31,Repeat,2026-01-17,PAY_e09a,STAT_8cd2,2026-01-17
3934,ORD_de74b0,CUST_761b31,Repeat,2026-05-15,PAY_182e,STAT_182e,2026-05-15
3935,ORD_75c2d3,CUST_761b31,Repeat,2024-11-27,PAY_8cd2,STAT_182e,2024-11-27
3936,ORD_161b94,CUST_761b31,Repeat,2026-01-15,PAY_e09a,STAT_4414,2026-01-15
3937,ORD_18a235,CUST_7dfb73,One_Time,2023-10-13,PAY_8cd2,STAT_4414,2023-10-13
3938,ORD_baba92,CUST_672371,Commercial,2023-08-20,PAY_8cd2,STAT_4414,2023-08-20
3939,ORD_6d664b,CUST_672371,Commercial,2025-06-27,PAY_4414,STAT_182e,2025-06-27
3940,ORD_da3000,CUST_672371,Commercial,2025-05-22,PAY_8cd2,STAT_e09a,2025-05-22
3941,ORD_6e96dd,CUST_672371,Commercial,2026-04-25,PAY_8cd2,STAT_182e,2026-04-25
3942,ORD_f8e1c4,CUST_672371,Commercial,2026-03-20,PAY_4414,STAT_8cd2,2026-03-20
3943,ORD_fed7e3,CUST_672371,Commercial,2023-08-20,PAY_8cd2,STAT_8cd2,2023-08-20
3944,ORD_a98cad,CUST_672371,Commercial,2023-08-20,PAY_8cd2,STAT_182e,2023-08-20
3945,ORD_e8b70e,CUST_672371,Commercial,2025-07-16,PAY_8cd2,STAT_182e,2025-07-16
3946,ORD_9519b7,CUST_672371,Commercial,2026-01-23,PAY_8cd2,STAT_4414,2026-01-23
3947,ORD_76b3f3,CUST_672371,Commercial,2023-08-20,PAY_4414,STAT_e09a,2023-08-20
3948,ORD_87a8eb,CUST_672371,Commercial,2023-08-20,PAY_182e,STAT_182e,2023-08-20
3949,ORD_a90ade,CUST_672371,Commercial,2025-11-15,PAY_8cd2,STAT_4414,2025-11-15
3950,ORD_5a36a0,CUST_64dcc7,One_Time,2024-12-28,PAY_8cd2,STAT_182e,2024-12-28
3951,ORD_ebe272,CUST_d8295a,One_Time,2023-10-02,PAY_4414,STAT_e09a,2023-10-02
3952,ORD_2b569b,CUST_686c37,One_Time,2024-03-02,PAY_182e,STAT_e09a,2024-03-02
3953,ORD_ec4116,CUST_63529e,One_Time,2025-11-22,PAY_4414,STAT_182e,2025-11-22
3954,ORD_2de494,CUST_3ff61c,Repeat,2024-09-19,PAY_4414,STAT_8cd2,2024-09-19
3955,ORD_c16360,CUST_3ff61c,Repeat,2024-08-08,PAY_4414,STAT_8cd2,2024-08-08
3956,ORD_cc194a,CUST_3ff61c,Repeat,2025-09-08,PAY_182e,STAT_182e,2025-09-08
3957,ORD_0493ef,CUST_598e3b,One_Time,2024-05-15,PAY_4414,STAT_8cd2,2024-05-15
3958,ORD_812bc0,CUST_34cc3e,One_Time,2024-08-07,PAY_182e,STAT_8cd2,2024-08-07
3959,ORD_e579c1,CUST_8272c5,One_Time,2023-11-26,PAY_4414,STAT_4414,2023-11-26
3960,ORD_dcf612,CUST_052ac9,One_Time,2023-08-11,PAY_8cd2,STAT_8cd2,2023-08-11
3961,ORD_73e136,CUST_927437,One_Time,2025-10-22,PAY_182e,STAT_e09a,2025-10-22
3962,ORD_a9e253,CUST_38642d,One_Time,2024-10-01,PAY_182e,STAT_8cd2,2024-10-01
3963,ORD_623bc3,CUST_2461f4,One_Time,2025-06-03,PAY_e09a,STAT_8cd2,2025-06-03
3964,ORD_1a26fa,CUST_d44f65,One_Time,2023-07-16,PAY_e09a,STAT_182e,2023-07-16
3965,ORD_667011,CUST_a20b4d,One_Time,2022-11-22,PAY_e09a,STAT_182e,2022-11-22
3966,ORD_cf07b8,CUST_781fe8,One_Time,2025-01-05,PAY_e09a,STAT_182e,2025-01-05
3967,ORD_2dad51,CUST_b7d336,One_Time,2022-04-23,PAY_4414,STAT_4414,2022-04-23
3968,ORD_5a6ce6,CUST_419924,Repeat,2023-03-14,PAY_e09a,STAT_182e,2023-03-14
3969,ORD_32aee4,CUST_419924,Repeat,2025-08-11,PAY_4414,STAT_4414,2025-08-11
3970,ORD_1266cd,CUST_419924,Repeat,2023-04-26,PAY_182e,STAT_182e,2023-04-26
3971,ORD_959e6e,CUST_419924,Repeat,2022-06-07,PAY_8cd2,STAT_4414,2022-06-07
3972,ORD_c1ece1,CUST_419924,Repeat,2025-08-20,PAY_8cd2,STAT_8cd2,2025-08-20
3973,ORD_4e61ac,CUST_419924,Repeat,2024-01-13,PAY_182e,STAT_8cd2,2024-01-13
3974,ORD_2acfdf,CUST_f18094,One_Time,2025-09-28,PAY_e09a,STAT_8cd2,2025-09-28
3975,ORD_82230b,CUST_ec6299,One_Time,2026-04-14,PAY_4414,STAT_182e,2026-04-14
3976,ORD_0a4213,CUST_d0fdcf,One_Time,2025-10-26,PAY_8cd2,STAT_4414,2025-10-26
3977,ORD_dac90f,CUST_f8f002,One_Time,2023-05-10,PAY_182e,STAT_e09a,2023-05-10
3978,ORD_e09ee3,CUST_155ece,Repeat,2022-10-10,PAY_182e,STAT_182e,2022-10-10
3979,ORD_9e814f,CUST_155ece,Repeat,2026-05-08,PAY_e09a,STAT_4414,2026-05-08
3980,ORD_2b3b34,CUST_155ece,Repeat,2022-10-10,PAY_4414,STAT_e09a,2022-10-10
3981,ORD_c98dd3,CUST_155ece,Repeat,2024-01-03,PAY_8cd2,STAT_4414,2024-01-03
3982,ORD_911992,CUST_155ece,Repeat,2024-09-01,PAY_e09a,STAT_4414,2024-09-01
3983,ORD_1d51d0,CUST_87049a,Repeat,2024-05-01,PAY_e09a,STAT_e09a,2024-05-01
3984,ORD_02e59d,CUST_87049a,Repeat,2024-05-01,PAY_4414,STAT_e09a,2024-05-01
3985,ORD_a24b67,CUST_57c661,Repeat,2025-06-17,PAY_8cd2,STAT_8cd2,2025-06-17
3986,ORD_1f7a75,CUST_57c661,Repeat,2025-06-25,PAY_182e,STAT_182e,2025-06-25
3987,ORD_b2b828,CUST_57c661,Repeat,2025-06-17,PAY_4414,STAT_182e,2025-06-17
3988,ORD_a6ad87,CUST_57c661,Repeat,2025-06-17,PAY_8cd2,STAT_8cd2,2025-06-17
3989,ORD_960505,CUST_66e2ba,One_Time,2022-02-05,PAY_182e,STAT_8cd2,2022-02-05
3990,ORD_bac8ea,CUST_4b8cef,One_Time,2024-07-28,PAY_4414,STAT_182e,2024-07-28
3991,ORD_99c712,CUST_9d928f,One_Time,2025-02-26,PAY_8cd2,STAT_8cd2,2025-02-26
3992,ORD_2c69f3,CUST_f940d5,One_Time,2025-08-02,PAY_8cd2,STAT_e09a,2025-08-02
3993,ORD_f42c6e,CUST_569dee,One_Time,2024-10-05,PAY_e09a,STAT_8cd2,2024-10-05
3994,ORD_7db1eb,CUST_f3b711,One_Time,2026-05-17,PAY_182e,STAT_182e,2026-05-17
3995,ORD_83f4b0,CUST_7f80a6,Repeat,2026-01-13,PAY_182e,STAT_182e,2026-01-13
3996,ORD_29b723,CUST_7f80a6,Repeat,2026-01-13,PAY_4414,STAT_182e,2026-01-13
3997,ORD_3f5573,CUST_7f80a6,Repeat,2026-01-13,PAY_e09a,STAT_4414,2026-01-13
3998,ORD_2a0eea,CUST_7f80a6,Repeat,2026-04-22,PAY_8cd2,STAT_e09a,2026-04-22
3999,ORD_6bf104,CUST_7f80a6,Repeat,2026-01-13,PAY_e09a,STAT_4414,2026-01-13
4000,ORD_e539c2,CUST_5f6b79,One_Time,2024-07-05,PAY_4414,STAT_8cd2,2024-07-05
4001,ORD_3c97ac,CUST_5995c6,Repeat,2026-02-21,PAY_e09a,STAT_8cd2,2026-02-21
4002,ORD_61b8af,CUST_5995c6,Repeat,2023-12-12,PAY_8cd2,STAT_182e,2023-12-12
4003,ORD_0c688c,CUST_7e1418,One_Time,2026-01-12,PAY_8cd2,STAT_e09a,2026-01-12
4004,ORD_65557f,CUST_122b15,One_Time,2026-01-12,PAY_8cd2,STAT_182e,2026-01-12
4005,ORD_769b67,CUST_a69cd0,One_Time,2025-12-07,PAY_4414,STAT_4414,2025-12-07
4006,ORD_fb2b51,CUST_989c3c,One_Time,2025-11-24,PAY_4414,STAT_4414,2025-11-24
4007,ORD_b7cc93,CUST_bbcf67,One_Time,2026-03-11,PAY_4414,STAT_e09a,2026-03-11
4008,ORD_49f1d7,CUST_bc5185,One_Time,2021-08-11,PAY_8cd2,STAT_4414,2021-08-11
4009,ORD_60be95,CUST_5a8e83,One_Time,2025-02-07,PAY_4414,STAT_8cd2,2025-02-07
4010,ORD_e7c7a0,CUST_6a6bb8,One_Time,2023-01-24,PAY_4414,STAT_e09a,2023-01-24
4011,ORD_4034e2,CUST_14d1ab,Repeat,2025-01-25,PAY_182e,STAT_4414,2025-01-25
4012,ORD_a91db8,CUST_14d1ab,Repeat,2025-02-15,PAY_8cd2,STAT_8cd2,2025-02-15
4013,ORD_f09886,CUST_14d1ab,Repeat,2026-01-27,PAY_e09a,STAT_4414,2026-01-27
4014,ORD_69f2a0,CUST_14d1ab,Repeat,2023-02-05,PAY_8cd2,STAT_e09a,2023-02-05
4015,ORD_98ba67,CUST_14d1ab,Repeat,2023-02-05,PAY_4414,STAT_4414,2023-02-05
4016,ORD_de3505,CUST_14d1ab,Repeat,2023-02-05,PAY_e09a,STAT_e09a,2023-02-05
4017,ORD_64ec57,CUST_cac24e,One_Time,2026-04-08,PAY_e09a,STAT_4414,2026-04-08
4018,ORD_ecda32,CUST_964fbf,One_Time,2023-06-26,PAY_8cd2,STAT_e09a,2023-06-26
4019,ORD_eadea6,CUST_6857c8,Repeat,2026-03-04,PAY_4414,STAT_e09a,2026-03-04
4020,ORD_37b30c,CUST_6857c8,Repeat,2026-01-22,PAY_4414,STAT_e09a,2026-01-22
4021,ORD_5e0989,CUST_6857c8,Repeat,2025-05-01,PAY_4414,STAT_e09a,2025-05-01
4022,ORD_cbd8b6,CUST_6857c8,Repeat,2025-05-06,PAY_182e,STAT_e09a,2025-05-06
4023,ORD_4d7405,CUST_6857c8,Repeat,2026-04-11,PAY_e09a,STAT_182e,2026-04-11
4024,ORD_805433,CUST_6857c8,Repeat,2024-04-14,PAY_e09a,STAT_8cd2,2024-04-14
4025,ORD_7300b7,CUST_5c6334,Repeat,2025-04-16,PAY_e09a,STAT_182e,2025-04-16
4026,ORD_5676a6,CUST_5c6334,Repeat,2022-11-19,PAY_4414,STAT_e09a,2022-11-19
4027,ORD_623927,CUST_e42dde,One_Time,2022-03-04,PAY_e09a,STAT_e09a,2022-03-04
4028,ORD_7e5522,CUST_2f2949,One_Time,2026-03-16,PAY_4414,STAT_4414,2026-03-16
4029,ORD_e40405,CUST_ac0344,One_Time,2023-01-28,PAY_8cd2,STAT_182e,2023-01-28
4030,ORD_16fafa,CUST_65fccc,Repeat,2026-05-04,PAY_8cd2,STAT_e09a,2026-05-04
4031,ORD_a66690,CUST_65fccc,Repeat,2026-05-04,PAY_182e,STAT_4414,2026-05-04
4032,ORD_c83d47,CUST_d428bc,One_Time,2022-05-10,PAY_8cd2,STAT_e09a,2022-05-10
4033,ORD_ec7992,CUST_a479d8,One_Time,2026-01-08,PAY_8cd2,STAT_182e,2026-01-08
4034,ORD_a7254d,CUST_a2b23c,One_Time,2023-10-11,PAY_8cd2,STAT_4414,2023-10-11
4035,ORD_710281,CUST_4c0c71,One_Time,2025-01-18,PAY_8cd2,STAT_4414,2025-01-18
4036,ORD_2674c4,CUST_6d92ec,One_Time,2026-04-08,PAY_182e,STAT_e09a,2026-04-08
4037,ORD_22688a,CUST_5b18dc,One_Time,2024-10-27,PAY_e09a,STAT_182e,2024-10-27
4038,ORD_9b718d,CUST_73efde,One_Time,2022-11-10,PAY_8cd2,STAT_e09a,2022-11-10
4039,ORD_b82db5,CUST_9a1fb8,One_Time,2025-07-21,PAY_8cd2,STAT_182e,2025-07-21
4040,ORD_16d668,CUST_a8295c,One_Time,2023-02-09,PAY_182e,STAT_e09a,2023-02-09
4041,ORD_cca2a1,CUST_84f4f3,Commercial,2025-11-04,PAY_4414,STAT_e09a,2025-11-04
4042,ORD_bd487f,CUST_84f4f3,Commercial,2025-11-24,PAY_8cd2,STAT_8cd2,2025-11-24
4043,ORD_77bebd,CUST_84f4f3,Commercial,2024-10-03,PAY_8cd2,STAT_8cd2,2024-10-03
4044,ORD_048163,CUST_84f4f3,Commercial,2025-06-27,PAY_4414,STAT_8cd2,2025-06-27
4045,ORD_820ba7,CUST_84f4f3,Commercial,2024-10-03,PAY_8cd2,STAT_182e,2024-10-03
4046,ORD_23f254,CUST_84f4f3,Commercial,2024-10-03,PAY_182e,STAT_182e,2024-10-03
4047,ORD_0c78ad,CUST_84f4f3,Commercial,2025-06-09,PAY_182e,STAT_182e,2025-06-09
4048,ORD_a4143d,CUST_84f4f3,Commercial,2024-10-03,PAY_182e,STAT_182e,2024-10-03
4049,ORD_238921,CUST_84f4f3,Commercial,2024-10-03,PAY_182e,STAT_8cd2,2024-10-03
4050,ORD_c7000d,CUST_84f4f3,Commercial,2024-10-03,PAY_182e,STAT_e09a,2024-10-03
4051,ORD_97ab50,CUST_84f4f3,Commercial,2025-09-20,PAY_8cd2,STAT_e09a,2025-09-20
4052,ORD_fec1df,CUST_84f4f3,Commercial,2025-08-22,PAY_e09a,STAT_e09a,2025-08-22
4053,ORD_949c86,CUST_84f4f3,Commercial,2024-10-03,PAY_8cd2,STAT_182e,2024-10-03
4054,ORD_ff049b,CUST_84f4f3,Commercial,2025-08-22,PAY_e09a,STAT_8cd2,2025-08-22
4055,ORD_eff871,CUST_3e5e34,One_Time,2024-01-01,PAY_4414,STAT_182e,2024-01-01
4056,ORD_b8d967,CUST_99a077,Repeat,2025-08-16,PAY_e09a,STAT_e09a,2025-08-16
4057,ORD_5ffa33,CUST_99a077,Repeat,2026-02-25,PAY_e09a,STAT_182e,2026-02-25
4058,ORD_e70761,CUST_99a077,Repeat,2025-05-02,PAY_8cd2,STAT_e09a,2025-05-02
4059,ORD_8d115c,CUST_99a077,Repeat,2023-12-28,PAY_182e,STAT_8cd2,2023-12-28
4060,ORD_eb59e1,CUST_99a077,Repeat,2025-07-16,PAY_e09a,STAT_4414,2025-07-16
4061,ORD_ccbe8e,CUST_19b2c3,Commercial,2026-04-10,PAY_182e,STAT_4414,2026-04-10
4062,ORD_db931e,CUST_19b2c3,Commercial,2026-04-10,PAY_4414,STAT_e09a,2026-04-10
4063,ORD_f1796d,CUST_19b2c3,Commercial,2026-04-10,PAY_182e,STAT_182e,2026-04-10
4064,ORD_f73a90,CUST_19b2c3,Commercial,2026-04-10,PAY_e09a,STAT_4414,2026-04-10
4065,ORD_44e159,CUST_19b2c3,Commercial,2026-04-10,PAY_8cd2,STAT_4414,2026-04-10
4066,ORD_2b01be,CUST_19b2c3,Commercial,2026-04-10,PAY_8cd2,STAT_8cd2,2026-04-10
4067,ORD_d99d7f,CUST_19b2c3,Commercial,2026-04-10,PAY_e09a,STAT_4414,2026-04-10
4068,ORD_d4f0a6,CUST_19b2c3,Commercial,2026-04-10,PAY_8cd2,STAT_4414,2026-04-10
4069,ORD_9f6f1d,CUST_19b2c3,Commercial,2026-04-10,PAY_8cd2,STAT_4414,2026-04-10
4070,ORD_a40962,CUST_19b2c3,Commercial,2026-04-10,PAY_182e,STAT_182e,2026-04-10
4071,ORD_163009,CUST_19b2c3,Commercial,2026-04-10,PAY_8cd2,STAT_182e,2026-04-10
4072,ORD_a0f544,CUST_19b2c3,Commercial,2026-04-10,PAY_4414,STAT_8cd2,2026-04-10
4073,ORD_5dd9c4,CUST_19b2c3,Commercial,2026-04-10,PAY_4414,STAT_182e,2026-04-10
4074,ORD_8259c1,CUST_19b2c3,Commercial,2026-04-10,PAY_8cd2,STAT_8cd2,2026-04-10
4075,ORD_5dbd1c,CUST_19b2c3,Commercial,2026-04-10,PAY_e09a,STAT_4414,2026-04-10
4076,ORD_9564b7,CUST_19b2c3,Commercial,2026-04-10,PAY_8cd2,STAT_182e,2026-04-10
4077,ORD_ac725f,CUST_19b2c3,Commercial,2026-04-10,PAY_4414,STAT_8cd2,2026-04-10
4078,ORD_0d3a0d,CUST_cf0b39,One_Time,2025-04-11,PAY_8cd2,STAT_182e,2025-04-11
4079,ORD_2814f3,CUST_c6f219,One_Time,2024-05-11,PAY_182e,STAT_4414,2024-05-11
4080,ORD_c0ffb3,CUST_952bdc,One_Time,2023-10-27,PAY_e09a,STAT_182e,2023-10-27
4081,ORD_9f25cd,CUST_9f9228,Commercial,2026-02-14,PAY_e09a,STAT_4414,2026-02-14
4082,ORD_eb7cd2,CUST_9f9228,Commercial,2026-02-14,PAY_e09a,STAT_8cd2,2026-02-14
4083,ORD_d1c4fe,CUST_9f9228,Commercial,2026-05-16,PAY_182e,STAT_182e,2026-05-16
4084,ORD_28dd76,CUST_9f9228,Commercial,2026-02-14,PAY_4414,STAT_182e,2026-02-14
4085,ORD_7dc53a,CUST_9f9228,Commercial,2026-02-14,PAY_4414,STAT_e09a,2026-02-14
4086,ORD_e74749,CUST_9f9228,Commercial,2026-02-14,PAY_e09a,STAT_4414,2026-02-14
4087,ORD_cd7f95,CUST_9f9228,Commercial,2026-02-14,PAY_4414,STAT_8cd2,2026-02-14
4088,ORD_2f0d86,CUST_9f9228,Commercial,2026-02-14,PAY_e09a,STAT_182e,2026-02-14
4089,ORD_e52d70,CUST_9f9228,Commercial,2026-02-14,PAY_8cd2,STAT_8cd2,2026-02-14
4090,ORD_f62e75,CUST_9f9228,Commercial,2026-02-14,PAY_8cd2,STAT_8cd2,2026-02-14
4091,ORD_54bb34,CUST_9f9228,Commercial,2026-02-14,PAY_8cd2,STAT_182e,2026-02-14
4092,ORD_3337f6,CUST_9f9228,Commercial,2026-02-14,PAY_8cd2,STAT_4414,2026-02-14
4093,ORD_2f87dd,CUST_e6d644,One_Time,2024-08-14,PAY_8cd2,STAT_e09a,2024-08-14
4094,ORD_e85b8c,CUST_d26536,Repeat,2025-01-19,PAY_182e,STAT_8cd2,2025-01-19
4095,ORD_299613,CUST_d26536,Repeat,2025-01-19,PAY_8cd2,STAT_182e,2025-01-19
4096,ORD_733388,CUST_143585,One_Time,2024-07-23,PAY_182e,STAT_4414,2024-07-23
4097,ORD_ebe9ee,CUST_6f6840,One_Time,2026-04-01,PAY_e09a,STAT_4414,2026-04-01
4098,ORD_380bdc,CUST_ddd58a,One_Time,2025-10-20,PAY_4414,STAT_4414,2025-10-20
4099,ORD_13710a,CUST_2a3971,One_Time,2026-02-21,PAY_e09a,STAT_4414,2026-02-21
4100,ORD_40e5fa,CUST_199c0e,Repeat,2025-11-21,PAY_4414,STAT_e09a,2025-11-21
4101,ORD_0d5e88,CUST_199c0e,Repeat,2024-10-21,PAY_182e,STAT_e09a,2024-10-21
4102,ORD_ce1d92,CUST_199c0e,Repeat,2023-10-01,PAY_8cd2,STAT_4414,2023-10-01
4103,ORD_496b70,CUST_199c0e,Repeat,2023-10-01,PAY_182e,STAT_e09a,2023-10-01
4104,ORD_220cd7,CUST_199c0e,Repeat,2023-10-01,PAY_182e,STAT_8cd2,2023-10-01
4105,ORD_2888da,CUST_199c0e,Repeat,2025-05-22,PAY_4414,STAT_8cd2,2025-05-22
4106,ORD_019378,CUST_2336c3,One_Time,2026-05-24,PAY_8cd2,STAT_8cd2,2026-05-24
4107,ORD_a76942,CUST_debd7d,One_Time,2023-12-16,PAY_e09a,STAT_182e,2023-12-16
4108,ORD_d5e65f,CUST_53fca2,One_Time,2026-01-23,PAY_8cd2,STAT_8cd2,2026-01-23
4109,ORD_56c7ea,CUST_f57104,One_Time,2025-03-10,PAY_8cd2,STAT_4414,2025-03-10
4110,ORD_b5ffb4,CUST_711708,One_Time,2024-08-14,PAY_4414,STAT_182e,2024-08-14
4111,ORD_28aaf1,CUST_dd2b05,One_Time,2026-04-02,PAY_8cd2,STAT_4414,2026-04-02
4112,ORD_796620,CUST_7493a3,One_Time,2022-07-26,PAY_8cd2,STAT_e09a,2022-07-26
4113,ORD_462fb6,CUST_db644e,Repeat,2022-06-21,PAY_8cd2,STAT_e09a,2022-06-21
4114,ORD_b9e45c,CUST_db644e,Repeat,2025-10-16,PAY_182e,STAT_e09a,2025-10-16
4115,ORD_f53765,CUST_a93d1e,One_Time,2022-07-06,PAY_182e,STAT_182e,2022-07-06
4116,ORD_2433f5,CUST_55abe5,One_Time,2026-01-25,PAY_8cd2,STAT_4414,2026-01-25
4117,ORD_1b14a2,CUST_61898c,One_Time,2025-07-23,PAY_8cd2,STAT_8cd2,2025-07-23
4118,ORD_ea10df,CUST_df9296,One_Time,2026-04-12,PAY_4414,STAT_4414,2026-04-12
4119,ORD_dd63ef,CUST_b43a65,One_Time,2026-03-16,PAY_e09a,STAT_182e,2026-03-16
4120,ORD_3bfff4,CUST_9a49f3,One_Time,2026-03-28,PAY_182e,STAT_e09a,2026-03-28
4121,ORD_dd9560,CUST_fa1a3b,One_Time,2024-06-21,PAY_e09a,STAT_8cd2,2024-06-21
4122,ORD_f7d3e7,CUST_ea2f4f,Repeat,2024-08-08,PAY_182e,STAT_182e,2024-08-08
4123,ORD_9b87a6,CUST_ea2f4f,Repeat,2022-02-23,PAY_8cd2,STAT_182e,2022-02-23
4124,ORD_dac4e3,CUST_ea2f4f,Repeat,2021-12-15,PAY_8cd2,STAT_182e,2021-12-15
4125,ORD_2f53d8,CUST_ea2f4f,Repeat,2023-09-27,PAY_e09a,STAT_e09a,2023-09-27
4126,ORD_de8c4a,CUST_ea2f4f,Repeat,2021-12-15,PAY_8cd2,STAT_e09a,2021-12-15
4127,ORD_609d01,CUST_ea2f4f,Repeat,2023-07-27,PAY_4414,STAT_e09a,2023-07-27
4128,ORD_829e01,CUST_96f4ce,One_Time,2023-04-11,PAY_4414,STAT_4414,2023-04-11
4129,ORD_f6cc28,CUST_e036ce,One_Time,2023-10-22,PAY_4414,STAT_8cd2,2023-10-22
4130,ORD_db0a66,CUST_6fb466,One_Time,2021-09-11,PAY_4414,STAT_8cd2,2021-09-11
4131,ORD_d9a95b,CUST_1d1e89,Repeat,2022-10-03,PAY_8cd2,STAT_e09a,2022-10-03
4132,ORD_ebb128,CUST_1d1e89,Repeat,2025-03-20,PAY_4414,STAT_e09a,2025-03-20
4133,ORD_2bf8d6,CUST_1d1e89,Repeat,2024-07-02,PAY_8cd2,STAT_8cd2,2024-07-02
4134,ORD_f03ce4,CUST_7ebc1d,One_Time,2024-05-03,PAY_182e,STAT_4414,2024-05-03
4135,ORD_c4b9f3,CUST_f6b4ac,Commercial,2025-06-04,PAY_e09a,STAT_182e,2025-06-04
4136,ORD_9e5b4d,CUST_f6b4ac,Commercial,2025-06-04,PAY_4414,STAT_8cd2,2025-06-04
4137,ORD_025ebf,CUST_f6b4ac,Commercial,2025-06-04,PAY_e09a,STAT_e09a,2025-06-04
4138,ORD_90871a,CUST_f6b4ac,Commercial,2025-06-04,PAY_182e,STAT_4414,2025-06-04
4139,ORD_64f941,CUST_f6b4ac,Commercial,2025-06-04,PAY_4414,STAT_182e,2025-06-04
4140,ORD_39be00,CUST_f6b4ac,Commercial,2025-09-10,PAY_e09a,STAT_8cd2,2025-09-10
4141,ORD_f697dd,CUST_f6b4ac,Commercial,2025-06-04,PAY_8cd2,STAT_e09a,2025-06-04
4142,ORD_5e940b,CUST_f6b4ac,Commercial,2025-06-04,PAY_182e,STAT_182e,2025-06-04
4143,ORD_42a4e2,CUST_f6b4ac,Commercial,2025-06-04,PAY_e09a,STAT_4414,2025-06-04
4144,ORD_320a38,CUST_f6b4ac,Commercial,2025-06-04,PAY_8cd2,STAT_e09a,2025-06-04
4145,ORD_ac9abf,CUST_f6b4ac,Commercial,2025-06-04,PAY_182e,STAT_e09a,2025-06-04
4146,ORD_2f61d7,CUST_f6b4ac,Commercial,2025-06-04,PAY_8cd2,STAT_182e,2025-06-04
4147,ORD_902f34,CUST_c974de,One_Time,2025-03-24,PAY_182e,STAT_e09a,2025-03-24
4148,ORD_9e174e,CUST_ba9440,One_Time,2026-04-21,PAY_4414,STAT_8cd2,2026-04-21
4149,ORD_5eb2c6,CUST_e2a73d,One_Time,2023-12-05,PAY_4414,STAT_8cd2,2023-12-05
4150,ORD_08a02d,CUST_1e4355,One_Time,2022-10-05,PAY_182e,STAT_e09a,2022-10-05
4151,ORD_6b49b3,CUST_c81edd,One_Time,2024-07-04,PAY_e09a,STAT_4414,2024-07-04
4152,ORD_036c11,CUST_0c3b3b,One_Time,2026-02-07,PAY_8cd2,STAT_4414,2026-02-07
4153,ORD_b5d0a3,CUST_b88d10,One_Time,2024-04-19,PAY_4414,STAT_4414,2024-04-19
4154,ORD_fd28dd,CUST_2ff5e2,One_Time,2025-11-06,PAY_e09a,STAT_4414,2025-11-06
4155,ORD_5b0629,CUST_044c57,Repeat,2025-10-21,PAY_e09a,STAT_4414,2025-10-21
4156,ORD_5d8697,CUST_044c57,Repeat,2025-10-21,PAY_182e,STAT_182e,2025-10-21
4157,ORD_23c25c,CUST_6c6893,One_Time,2023-02-25,PAY_182e,STAT_8cd2,2023-02-25
4158,ORD_d31374,CUST_7d3628,Repeat,2026-02-20,PAY_182e,STAT_8cd2,2026-02-20
4159,ORD_a2ae52,CUST_7d3628,Repeat,2026-02-20,PAY_182e,STAT_e09a,2026-02-20
4160,ORD_0ea361,CUST_7d3628,Repeat,2026-02-20,PAY_182e,STAT_4414,2026-02-20
4161,ORD_a51bfb,CUST_7d3628,Repeat,2026-02-20,PAY_4414,STAT_4414,2026-02-20
4162,ORD_a61f54,CUST_7d3628,Repeat,2026-02-20,PAY_182e,STAT_4414,2026-02-20
4163,ORD_a49642,CUST_791ee4,One_Time,2025-05-25,PAY_4414,STAT_8cd2,2025-05-25
4164,ORD_b7ff27,CUST_dd642a,Repeat,2026-05-06,PAY_4414,STAT_8cd2,2026-05-06
4165,ORD_aba23b,CUST_dd642a,Repeat,2026-04-23,PAY_182e,STAT_e09a,2026-04-23
4166,ORD_4262ab,CUST_dd642a,Repeat,2026-04-23,PAY_4414,STAT_e09a,2026-04-23
4167,ORD_0ba8bc,CUST_dd642a,Repeat,2026-04-23,PAY_8cd2,STAT_182e,2026-04-23
4168,ORD_8849a1,CUST_4b3d61,Repeat,2026-03-12,PAY_8cd2,STAT_e09a,2026-03-12
4169,ORD_44b225,CUST_4b3d61,Repeat,2026-04-07,PAY_4414,STAT_182e,2026-04-07
4170,ORD_eefdae,CUST_4b3d61,Repeat,2022-07-14,PAY_8cd2,STAT_4414,2022-07-14
4171,ORD_36bc54,CUST_139cd1,Repeat,2025-11-04,PAY_8cd2,STAT_182e,2025-11-04
4172,ORD_ad2877,CUST_139cd1,Repeat,2025-02-06,PAY_4414,STAT_8cd2,2025-02-06
4173,ORD_cb48e6,CUST_b52f54,One_Time,2022-06-14,PAY_182e,STAT_4414,2022-06-14
4174,ORD_0d5326,CUST_4fe949,One_Time,2023-09-11,PAY_182e,STAT_e09a,2023-09-11
4175,ORD_11ae22,CUST_2f8f47,One_Time,2024-07-20,PAY_4414,STAT_8cd2,2024-07-20
4176,ORD_0aa8f1,CUST_7d30ce,Repeat,2023-06-22,PAY_182e,STAT_182e,2023-06-22
4177,ORD_7de039,CUST_7d30ce,Repeat,2025-12-25,PAY_e09a,STAT_8cd2,2025-12-25
4178,ORD_eea5a9,CUST_7d30ce,Repeat,2023-01-20,PAY_8cd2,STAT_e09a,2023-01-20
4179,ORD_bb1364,CUST_7d30ce,Repeat,2022-01-27,PAY_e09a,STAT_182e,2022-01-27
4180,ORD_096819,CUST_7d30ce,Repeat,2026-04-11,PAY_e09a,STAT_8cd2,2026-04-11
4181,ORD_12f0ef,CUST_7d30ce,Repeat,2026-03-26,PAY_8cd2,STAT_182e,2026-03-26
4182,ORD_462128,CUST_60ab86,One_Time,2024-05-02,PAY_4414,STAT_8cd2,2024-05-02
4183,ORD_b1cc2a,CUST_215db3,One_Time,2022-09-23,PAY_e09a,STAT_182e,2022-09-23
4184,ORD_5486f9,CUST_6493da,One_Time,2025-04-27,PAY_182e,STAT_4414,2025-04-27
4185,ORD_fab3b8,CUST_ebc325,One_Time,2025-08-11,PAY_8cd2,STAT_182e,2025-08-11
4186,ORD_5a8167,CUST_ad46b2,Repeat,2023-10-13,PAY_182e,STAT_8cd2,2023-10-13
4187,ORD_03a0ad,CUST_ad46b2,Repeat,2026-02-15,PAY_4414,STAT_182e,2026-02-15
4188,ORD_abc390,CUST_ad46b2,Repeat,2023-10-13,PAY_4414,STAT_8cd2,2023-10-13
4189,ORD_66035a,CUST_ad46b2,Repeat,2026-02-04,PAY_e09a,STAT_182e,2026-02-04
4190,ORD_da7018,CUST_ad46b2,Repeat,2024-01-03,PAY_4414,STAT_8cd2,2024-01-03
4191,ORD_7ee689,CUST_523cbc,One_Time,2025-12-21,PAY_8cd2,STAT_182e,2025-12-21
4192,ORD_61a3b3,CUST_c32a19,One_Time,2025-02-26,PAY_4414,STAT_4414,2025-02-26
4193,ORD_be7752,CUST_520af6,Repeat,2025-01-09,PAY_182e,STAT_4414,2025-01-09
4194,ORD_79e680,CUST_520af6,Repeat,2025-01-09,PAY_4414,STAT_4414,2025-01-09
4195,ORD_e98eb6,CUST_520af6,Repeat,2025-01-09,PAY_182e,STAT_182e,2025-01-09
4196,ORD_8e7d67,CUST_f709dc,One_Time,2023-06-15,PAY_e09a,STAT_8cd2,2023-06-15
4197,ORD_e53300,CUST_b24c4b,One_Time,2023-07-20,PAY_182e,STAT_4414,2023-07-20
4198,ORD_a2c088,CUST_30ecf3,Repeat,2026-01-27,PAY_e09a,STAT_e09a,2026-01-27
4199,ORD_39a79a,CUST_30ecf3,Repeat,2026-03-01,PAY_e09a,STAT_4414,2026-03-01
4200,ORD_b6a9ec,CUST_30ecf3,Repeat,2026-01-27,PAY_e09a,STAT_8cd2,2026-01-27
4201,ORD_9ecd00,CUST_30ecf3,Repeat,2026-01-27,PAY_182e,STAT_4414,2026-01-27
4202,ORD_f37545,CUST_30ecf3,Repeat,2026-01-27,PAY_e09a,STAT_182e,2026-01-27
4203,ORD_b1e4d8,CUST_30ecf3,Repeat,2026-01-27,PAY_e09a,STAT_4414,2026-01-27
4204,ORD_4978aa,CUST_177f9b,One_Time,2026-05-14,PAY_e09a,STAT_e09a,2026-05-14
4205,ORD_b03bcc,CUST_68a50a,One_Time,2025-07-19,PAY_182e,STAT_182e,2025-07-19
4206,ORD_a5d24a,CUST_333037,One_Time,2024-07-13,PAY_8cd2,STAT_182e,2024-07-13
4207,ORD_151648,CUST_7642de,One_Time,2024-02-11,PAY_182e,STAT_e09a,2024-02-11
4208,ORD_e1cd59,CUST_9fbe7d,One_Time,2025-10-23,PAY_4414,STAT_8cd2,2025-10-23
4209,ORD_c4a237,CUST_53cd28,One_Time,2025-01-10,PAY_8cd2,STAT_4414,2025-01-10
4210,ORD_9a1f97,CUST_8b1904,Repeat,2023-10-26,PAY_4414,STAT_8cd2,2023-10-26
4211,ORD_93840d,CUST_8b1904,Repeat,2025-04-23,PAY_e09a,STAT_182e,2025-04-23
4212,ORD_60e085,CUST_8b1904,Repeat,2023-08-16,PAY_182e,STAT_8cd2,2023-08-16
4213,ORD_2761fc,CUST_8b1904,Repeat,2025-02-22,PAY_182e,STAT_e09a,2025-02-22
4214,ORD_76baf6,CUST_8b1904,Repeat,2022-11-18,PAY_4414,STAT_182e,2022-11-18
4215,ORD_e17cac,CUST_8b1904,Repeat,2025-07-20,PAY_4414,STAT_e09a,2025-07-20
4216,ORD_aa3a8d,CUST_4d91f0,One_Time,2026-03-24,PAY_4414,STAT_e09a,2026-03-24
4217,ORD_17901c,CUST_bdba13,Repeat,2025-12-05,PAY_8cd2,STAT_e09a,2025-12-05
4218,ORD_61eb04,CUST_bdba13,Repeat,2022-03-16,PAY_4414,STAT_182e,2022-03-16
4219,ORD_dfdc91,CUST_bdba13,Repeat,2024-10-17,PAY_e09a,STAT_4414,2024-10-17
4220,ORD_b890f7,CUST_bdba13,Repeat,2026-04-23,PAY_4414,STAT_182e,2026-04-23
4221,ORD_22f7da,CUST_bdba13,Repeat,2021-08-28,PAY_8cd2,STAT_4414,2021-08-28
4222,ORD_e9f050,CUST_4651a6,One_Time,2024-04-07,PAY_4414,STAT_e09a,2024-04-07
4223,ORD_4b5be4,CUST_2a9043,One_Time,2025-04-02,PAY_4414,STAT_e09a,2025-04-02
4224,ORD_82c73e,CUST_e306a8,One_Time,2024-10-04,PAY_e09a,STAT_8cd2,2024-10-04
4225,ORD_225035,CUST_086caa,Commercial,2022-10-18,PAY_8cd2,STAT_182e,2022-10-18
4226,ORD_a6bf2f,CUST_086caa,Commercial,2026-03-04,PAY_182e,STAT_8cd2,2026-03-04
4227,ORD_07c587,CUST_086caa,Commercial,2022-10-18,PAY_4414,STAT_182e,2022-10-18
4228,ORD_f36ca4,CUST_086caa,Commercial,2023-02-16,PAY_8cd2,STAT_4414,2023-02-16
4229,ORD_2b9d19,CUST_086caa,Commercial,2023-02-06,PAY_e09a,STAT_4414,2023-02-06
4230,ORD_3670ee,CUST_086caa,Commercial,2022-10-18,PAY_182e,STAT_4414,2022-10-18
4231,ORD_cc9c62,CUST_086caa,Commercial,2025-06-19,PAY_8cd2,STAT_4414,2025-06-19
4232,ORD_09b992,CUST_086caa,Commercial,2022-10-18,PAY_e09a,STAT_182e,2022-10-18
4233,ORD_71c4a7,CUST_086caa,Commercial,2023-05-13,PAY_182e,STAT_182e,2023-05-13
4234,ORD_ded8c9,CUST_086caa,Commercial,2025-06-23,PAY_4414,STAT_4414,2025-06-23
4235,ORD_4d47a3,CUST_086caa,Commercial,2024-02-12,PAY_4414,STAT_4414,2024-02-12
4236,ORD_a9a828,CUST_086caa,Commercial,2022-10-18,PAY_e09a,STAT_e09a,2022-10-18
4237,ORD_755aaa,CUST_206acd,One_Time,2025-07-21,PAY_e09a,STAT_8cd2,2025-07-21
4238,ORD_339631,CUST_56c844,One_Time,2024-10-25,PAY_e09a,STAT_4414,2024-10-25
4239,ORD_84d1b6,CUST_9a21e3,One_Time,2023-10-11,PAY_8cd2,STAT_e09a,2023-10-11
4240,ORD_30b57e,CUST_82e3bc,One_Time,2022-07-26,PAY_4414,STAT_e09a,2022-07-26
4241,ORD_99fbf8,CUST_c7f782,One_Time,2026-02-28,PAY_182e,STAT_182e,2026-02-28
4242,ORD_5648cd,CUST_269618,One_Time,2025-12-24,PAY_182e,STAT_e09a,2025-12-24
4243,ORD_8ac4a8,CUST_da0cf8,Repeat,2024-05-07,PAY_8cd2,STAT_4414,2024-05-07
4244,ORD_3297f9,CUST_da0cf8,Repeat,2024-03-06,PAY_182e,STAT_8cd2,2024-03-06
4245,ORD_3d782f,CUST_da0cf8,Repeat,2025-10-06,PAY_4414,STAT_8cd2,2025-10-06
4246,ORD_e9d66a,CUST_a7aeec,One_Time,2024-11-06,PAY_e09a,STAT_e09a,2024-11-06
4247,ORD_e1b4fb,CUST_129a4f,Repeat,2026-02-01,PAY_8cd2,STAT_182e,2026-02-01
4248,ORD_f52f4a,CUST_129a4f,Repeat,2026-02-01,PAY_e09a,STAT_4414,2026-02-01
4249,ORD_2e0e42,CUST_6951f6,One_Time,2025-04-21,PAY_8cd2,STAT_e09a,2025-04-21
4250,ORD_09316f,CUST_fed4e8,One_Time,2025-11-08,PAY_8cd2,STAT_e09a,2025-11-08
4251,ORD_8c77fe,CUST_0467d7,Repeat,2022-07-23,PAY_8cd2,STAT_182e,2022-07-23
4252,ORD_8dcc16,CUST_0467d7,Repeat,2023-11-15,PAY_e09a,STAT_e09a,2023-11-15
4253,ORD_a43739,CUST_0467d7,Repeat,2023-11-05,PAY_4414,STAT_4414,2023-11-05
4254,ORD_187c8a,CUST_0467d7,Repeat,2023-10-26,PAY_4414,STAT_4414,2023-10-26
4255,ORD_baf379,CUST_0467d7,Repeat,2024-01-17,PAY_182e,STAT_4414,2024-01-17
4256,ORD_64b6a6,CUST_0467d7,Repeat,2023-09-11,PAY_e09a,STAT_4414,2023-09-11
4257,ORD_3116dc,CUST_6427b6,Commercial,2024-08-26,PAY_8cd2,STAT_8cd2,2024-08-26
4258,ORD_80a946,CUST_6427b6,Commercial,2024-09-07,PAY_4414,STAT_4414,2024-09-07
4259,ORD_0ea2a7,CUST_6427b6,Commercial,2024-08-26,PAY_e09a,STAT_8cd2,2024-08-26
4260,ORD_0a702c,CUST_6427b6,Commercial,2024-08-26,PAY_8cd2,STAT_4414,2024-08-26
4261,ORD_1a1914,CUST_6427b6,Commercial,2024-08-26,PAY_e09a,STAT_4414,2024-08-26
4262,ORD_e5087c,CUST_6427b6,Commercial,2024-08-26,PAY_4414,STAT_182e,2024-08-26
4263,ORD_2fbfe3,CUST_6427b6,Commercial,2024-08-26,PAY_182e,STAT_182e,2024-08-26
4264,ORD_6afe16,CUST_6427b6,Commercial,2024-08-26,PAY_182e,STAT_e09a,2024-08-26
4265,ORD_30daa2,CUST_6427b6,Commercial,2025-04-01,PAY_8cd2,STAT_e09a,2025-04-01
4266,ORD_979e59,CUST_6427b6,Commercial,2024-08-26,PAY_182e,STAT_e09a,2024-08-26
4267,ORD_767858,CUST_6427b6,Commercial,2026-02-21,PAY_8cd2,STAT_182e,2026-02-21
4268,ORD_e23969,CUST_6427b6,Commercial,2026-02-14,PAY_182e,STAT_4414,2026-02-14
4269,ORD_b1bdce,CUST_6427b6,Commercial,2025-08-17,PAY_e09a,STAT_e09a,2025-08-17
4270,ORD_2740d1,CUST_6427b6,Commercial,2025-07-01,PAY_182e,STAT_8cd2,2025-07-01
4271,ORD_9a35ee,CUST_6427b6,Commercial,2024-08-26,PAY_e09a,STAT_8cd2,2024-08-26
4272,ORD_516ef5,CUST_6427b6,Commercial,2026-03-14,PAY_8cd2,STAT_e09a,2026-03-14
4273,ORD_9d04d5,CUST_6427b6,Commercial,2024-08-26,PAY_8cd2,STAT_182e,2024-08-26
4274,ORD_558a12,CUST_6427b6,Commercial,2024-08-26,PAY_182e,STAT_4414,2024-08-26
4275,ORD_039936,CUST_6427b6,Commercial,2026-05-15,PAY_e09a,STAT_8cd2,2026-05-15
4276,ORD_d69c70,CUST_6427b6,Commercial,2024-08-26,PAY_e09a,STAT_182e,2024-08-26
4277,ORD_0ed307,CUST_63a4a0,One_Time,2025-04-14,PAY_4414,STAT_e09a,2025-04-14
4278,ORD_afa02a,CUST_6e86fd,One_Time,2021-06-23,PAY_e09a,STAT_e09a,2021-06-23
4279,ORD_9094ae,CUST_5e424f,One_Time,2025-05-25,PAY_182e,STAT_4414,2025-05-25
4280,ORD_9f42af,CUST_9547ab,One_Time,2025-08-21,PAY_8cd2,STAT_182e,2025-08-21
4281,ORD_36ba76,CUST_93a21b,One_Time,2025-12-17,PAY_4414,STAT_4414,2025-12-17
4282,ORD_a07b87,CUST_1e75b5,Repeat,2025-06-23,PAY_e09a,STAT_8cd2,2025-06-23
4283,ORD_5b2b4d,CUST_1e75b5,Repeat,2025-03-24,PAY_8cd2,STAT_e09a,2025-03-24
4284,ORD_b63dce,CUST_1e75b5,Repeat,2022-08-20,PAY_8cd2,STAT_182e,2022-08-20
4285,ORD_3697a7,CUST_1e75b5,Repeat,2022-08-10,PAY_4414,STAT_8cd2,2022-08-10
4286,ORD_af6f20,CUST_18215e,One_Time,2024-02-25,PAY_e09a,STAT_8cd2,2024-02-25
4287,ORD_77b377,CUST_c10933,Repeat,2023-02-08,PAY_4414,STAT_4414,2023-02-08
4288,ORD_8c592a,CUST_c10933,Repeat,2023-04-18,PAY_8cd2,STAT_e09a,2023-04-18
4289,ORD_7e0dce,CUST_683646,One_Time,2025-11-01,PAY_8cd2,STAT_8cd2,2025-11-01
4290,ORD_db7c2e,CUST_66c9e5,One_Time,2023-06-14,PAY_4414,STAT_e09a,2023-06-14
4291,ORD_06f36a,CUST_0ac44f,One_Time,2024-04-08,PAY_4414,STAT_8cd2,2024-04-08
4292,ORD_2080da,CUST_3297c7,One_Time,2023-03-13,PAY_e09a,STAT_8cd2,2023-03-13
4293,ORD_333fbc,CUST_4812ee,One_Time,2023-01-05,PAY_4414,STAT_e09a,2023-01-05
4294,ORD_6b2f27,CUST_46db22,Repeat,2022-04-05,PAY_182e,STAT_8cd2,2022-04-05
4295,ORD_2abb28,CUST_46db22,Repeat,2025-10-25,PAY_4414,STAT_e09a,2025-10-25
4296,ORD_9b6541,CUST_46db22,Repeat,2023-06-09,PAY_e09a,STAT_182e,2023-06-09
4297,ORD_93a0fb,CUST_46db22,Repeat,2026-03-16,PAY_8cd2,STAT_182e,2026-03-16
4298,ORD_5094c1,CUST_46db22,Repeat,2021-01-08,PAY_8cd2,STAT_8cd2,2021-01-08
4299,ORD_a8a9c1,CUST_398851,One_Time,2025-07-27,PAY_e09a,STAT_e09a,2025-07-27
4300,ORD_235076,CUST_978999,One_Time,2025-09-28,PAY_e09a,STAT_4414,2025-09-28
4301,ORD_10e576,CUST_2ade1e,One_Time,2026-03-26,PAY_e09a,STAT_4414,2026-03-26
4302,ORD_63f41e,CUST_a99d1b,One_Time,2024-01-04,PAY_e09a,STAT_e09a,2024-01-04
4303,ORD_11cc6c,CUST_251ca3,One_Time,2026-03-04,PAY_e09a,STAT_182e,2026-03-04
4304,ORD_d5c105,CUST_3aa134,One_Time,2024-11-14,PAY_182e,STAT_182e,2024-11-14
4305,ORD_2996ea,CUST_1a05ba,One_Time,2025-02-13,PAY_182e,STAT_8cd2,2025-02-13
4306,ORD_893afc,CUST_19d994,Repeat,2025-02-16,PAY_e09a,STAT_4414,2025-02-16
4307,ORD_3c800f,CUST_19d994,Repeat,2025-01-24,PAY_182e,STAT_4414,2025-01-24
4308,ORD_b64997,CUST_19d994,Repeat,2024-01-06,PAY_e09a,STAT_e09a,2024-01-06
4309,ORD_6d02f5,CUST_19d994,Repeat,2026-01-28,PAY_8cd2,STAT_8cd2,2026-01-28
4310,ORD_ec20a6,CUST_f38afa,One_Time,2026-03-24,PAY_e09a,STAT_8cd2,2026-03-24
4311,ORD_2561d3,CUST_3ea7f6,One_Time,2025-12-08,PAY_e09a,STAT_e09a,2025-12-08
4312,ORD_2ca361,CUST_f1f402,Repeat,2024-04-10,PAY_4414,STAT_4414,2024-04-10
4313,ORD_d5a33a,CUST_f1f402,Repeat,2026-05-28,PAY_e09a,STAT_4414,2026-05-28
4314,ORD_f5de89,CUST_f1f402,Repeat,2024-04-10,PAY_8cd2,STAT_182e,2024-04-10
4315,ORD_bec0a7,CUST_f1f402,Repeat,2024-12-15,PAY_4414,STAT_4414,2024-12-15
4316,ORD_79ae1b,CUST_f1f402,Repeat,2025-07-18,PAY_8cd2,STAT_e09a,2025-07-18
4317,ORD_bf609d,CUST_0b95d2,Repeat,2024-05-03,PAY_e09a,STAT_182e,2024-05-03
4318,ORD_cb707f,CUST_0b95d2,Repeat,2026-03-02,PAY_8cd2,STAT_182e,2026-03-02
4319,ORD_f70593,CUST_0b95d2,Repeat,2025-06-23,PAY_e09a,STAT_e09a,2025-06-23
4320,ORD_c49d11,CUST_19e879,Repeat,2026-01-26,PAY_8cd2,STAT_e09a,2026-01-26
4321,ORD_07fc7b,CUST_19e879,Repeat,2026-01-26,PAY_4414,STAT_182e,2026-01-26
4322,ORD_0c1264,CUST_19e879,Repeat,2026-01-26,PAY_8cd2,STAT_182e,2026-01-26
4323,ORD_ba5cce,CUST_19e879,Repeat,2026-01-26,PAY_4414,STAT_182e,2026-01-26
4324,ORD_c20b11,CUST_19e879,Repeat,2026-01-26,PAY_4414,STAT_4414,2026-01-26
4325,ORD_f5ee68,CUST_19e879,Repeat,2026-03-09,PAY_8cd2,STAT_8cd2,2026-03-09
4326,ORD_98342a,CUST_fda54e,One_Time,2025-01-09,PAY_e09a,STAT_182e,2025-01-09
4327,ORD_6d8461,CUST_876ffe,One_Time,2022-02-19,PAY_4414,STAT_4414,2022-02-19
4328,ORD_82615a,CUST_94eea2,One_Time,2021-05-21,PAY_4414,STAT_e09a,2021-05-21
4329,ORD_ec232c,CUST_128c37,One_Time,2024-12-05,PAY_e09a,STAT_8cd2,2024-12-05
4330,ORD_d09eda,CUST_475c09,One_Time,2025-06-25,PAY_4414,STAT_e09a,2025-06-25
4331,ORD_75a2fe,CUST_e18448,One_Time,2025-06-15,PAY_4414,STAT_8cd2,2025-06-15
4332,ORD_2fdfc2,CUST_021d81,One_Time,2024-03-27,PAY_8cd2,STAT_182e,2024-03-27
4333,ORD_9978ad,CUST_ed2b68,One_Time,2025-09-04,PAY_182e,STAT_e09a,2025-09-04
4334,ORD_a9db39,CUST_6f1a97,One_Time,2025-04-18,PAY_4414,STAT_182e,2025-04-18
4335,ORD_d64217,CUST_f018c3,One_Time,2025-11-13,PAY_8cd2,STAT_4414,2025-11-13
4336,ORD_20128a,CUST_1bab21,One_Time,2026-02-22,PAY_4414,STAT_e09a,2026-02-22
4337,ORD_d09862,CUST_f35e1b,One_Time,2025-04-13,PAY_8cd2,STAT_e09a,2025-04-13
4338,ORD_950ed3,CUST_263a04,Repeat,2025-05-12,PAY_8cd2,STAT_182e,2025-05-12
4339,ORD_c8fef8,CUST_263a04,Repeat,2025-05-12,PAY_e09a,STAT_8cd2,2025-05-12
4340,ORD_e8428e,CUST_263a04,Repeat,2025-05-12,PAY_182e,STAT_4414,2025-05-12
4341,ORD_898ed4,CUST_263a04,Repeat,2025-09-01,PAY_e09a,STAT_4414,2025-09-01
4342,ORD_5c088a,CUST_44b941,One_Time,2025-05-13,PAY_182e,STAT_182e,2025-05-13
4343,ORD_737736,CUST_bdcc91,One_Time,2025-04-14,PAY_8cd2,STAT_4414,2025-04-14
4344,ORD_c51db3,CUST_8fca98,Commercial,2024-05-09,PAY_182e,STAT_182e,2024-05-09
4345,ORD_22f211,CUST_8fca98,Commercial,2025-05-21,PAY_4414,STAT_182e,2025-05-21
4346,ORD_3412f2,CUST_8fca98,Commercial,2024-04-16,PAY_182e,STAT_e09a,2024-04-16
4347,ORD_3093cd,CUST_8fca98,Commercial,2021-07-10,PAY_e09a,STAT_4414,2021-07-10
4348,ORD_898406,CUST_8fca98,Commercial,2022-11-01,PAY_182e,STAT_e09a,2022-11-01
4349,ORD_707415,CUST_8fca98,Commercial,2023-06-12,PAY_e09a,STAT_182e,2023-06-12
4350,ORD_77e72d,CUST_8fca98,Commercial,2023-11-01,PAY_4414,STAT_182e,2023-11-01
4351,ORD_80147a,CUST_8fca98,Commercial,2022-08-08,PAY_e09a,STAT_182e,2022-08-08
4352,ORD_a8190f,CUST_b90eaf,One_Time,2024-07-15,PAY_4414,STAT_e09a,2024-07-15
4353,ORD_e4158f,CUST_c43151,One_Time,2022-11-03,PAY_4414,STAT_8cd2,2022-11-03
4354,ORD_e8f412,CUST_35be62,Repeat,2026-04-28,PAY_8cd2,STAT_4414,2026-04-28
4355,ORD_a463fe,CUST_35be62,Repeat,2026-04-28,PAY_8cd2,STAT_8cd2,2026-04-28
4356,ORD_379555,CUST_35be62,Repeat,2026-04-28,PAY_182e,STAT_4414,2026-04-28
4357,ORD_20415b,CUST_35be62,Repeat,2026-04-28,PAY_4414,STAT_182e,2026-04-28
4358,ORD_176d7a,CUST_35be62,Repeat,2026-04-28,PAY_e09a,STAT_182e,2026-04-28
4359,ORD_02dcac,CUST_35be62,Repeat,2026-04-28,PAY_182e,STAT_4414,2026-04-28
4360,ORD_1b5d8b,CUST_a43ef4,One_Time,2025-12-09,PAY_4414,STAT_e09a,2025-12-09
4361,ORD_36cca2,CUST_3f324b,One_Time,2025-12-17,PAY_8cd2,STAT_e09a,2025-12-17
4362,ORD_2340f9,CUST_35917c,Repeat,2024-12-13,PAY_4414,STAT_4414,2024-12-13
4363,ORD_1282f3,CUST_35917c,Repeat,2024-08-26,PAY_e09a,STAT_8cd2,2024-08-26
4364,ORD_de1436,CUST_2671e2,One_Time,2025-09-03,PAY_8cd2,STAT_4414,2025-09-03
4365,ORD_61972b,CUST_89a2d6,Repeat,2026-01-05,PAY_182e,STAT_8cd2,2026-01-05
4366,ORD_99bcc6,CUST_89a2d6,Repeat,2026-01-05,PAY_8cd2,STAT_4414,2026-01-05
4367,ORD_61d0f7,CUST_89a2d6,Repeat,2026-01-05,PAY_8cd2,STAT_8cd2,2026-01-05
4368,ORD_b16eb8,CUST_4fd62f,One_Time,2024-04-07,PAY_e09a,STAT_e09a,2024-04-07
4369,ORD_2b6d38,CUST_ef8afd,One_Time,2026-03-12,PAY_8cd2,STAT_e09a,2026-03-12
4370,ORD_ae6d1f,CUST_176adf,One_Time,2025-02-03,PAY_4414,STAT_182e,2025-02-03
4371,ORD_ca5d6f,CUST_a84c14,One_Time,2022-12-02,PAY_8cd2,STAT_e09a,2022-12-02
4372,ORD_8c5073,CUST_6ec8d5,One_Time,2023-03-22,PAY_182e,STAT_e09a,2023-03-22
4373,ORD_d1da10,CUST_ffc776,One_Time,2026-05-12,PAY_182e,STAT_4414,2026-05-12
4374,ORD_417f04,CUST_d0423a,Repeat,2024-05-04,PAY_e09a,STAT_182e,2024-05-04
4375,ORD_be0f82,CUST_d0423a,Repeat,2024-05-04,PAY_4414,STAT_4414,2024-05-04
4376,ORD_bc6574,CUST_d0423a,Repeat,2025-10-08,PAY_182e,STAT_182e,2025-10-08
4377,ORD_a3a4a3,CUST_d0423a,Repeat,2025-06-15,PAY_182e,STAT_4414,2025-06-15
4378,ORD_fab61f,CUST_d0423a,Repeat,2024-05-04,PAY_182e,STAT_8cd2,2024-05-04
4379,ORD_eceade,CUST_d0423a,Repeat,2026-01-02,PAY_8cd2,STAT_e09a,2026-01-02
4380,ORD_9f138d,CUST_fbc5af,Repeat,2024-10-13,PAY_8cd2,STAT_182e,2024-10-13
4381,ORD_7fba2a,CUST_fbc5af,Repeat,2024-10-13,PAY_182e,STAT_8cd2,2024-10-13
4382,ORD_b4fa99,CUST_fbc5af,Repeat,2024-10-13,PAY_182e,STAT_4414,2024-10-13
4383,ORD_e5664f,CUST_fbc5af,Repeat,2025-01-17,PAY_e09a,STAT_182e,2025-01-17
4384,ORD_4285e2,CUST_fbc5af,Repeat,2024-10-13,PAY_8cd2,STAT_e09a,2024-10-13
4385,ORD_7f678f,CUST_fbc5af,Repeat,2024-10-13,PAY_4414,STAT_e09a,2024-10-13
4386,ORD_58b841,CUST_341d14,Repeat,2026-03-12,PAY_4414,STAT_e09a,2026-03-12
4387,ORD_e47ed6,CUST_341d14,Repeat,2024-01-15,PAY_182e,STAT_4414,2024-01-15
4388,ORD_ec0b37,CUST_341d14,Repeat,2024-01-15,PAY_4414,STAT_e09a,2024-01-15
4389,ORD_f1367f,CUST_341d14,Repeat,2025-09-25,PAY_182e,STAT_4414,2025-09-25
4390,ORD_eb9822,CUST_341d14,Repeat,2024-01-15,PAY_e09a,STAT_4414,2024-01-15
4391,ORD_b11057,CUST_d77d0f,One_Time,2024-04-28,PAY_e09a,STAT_8cd2,2024-04-28
4392,ORD_e7bb99,CUST_4f8007,One_Time,2025-05-10,PAY_4414,STAT_182e,2025-05-10
4393,ORD_4767ed,CUST_62e9f9,One_Time,2025-02-16,PAY_182e,STAT_8cd2,2025-02-16
4394,ORD_63bb16,CUST_93f70c,One_Time,2024-12-13,PAY_8cd2,STAT_8cd2,2024-12-13
4395,ORD_92dd0d,CUST_66b15b,Repeat,2023-07-17,PAY_4414,STAT_e09a,2023-07-17
4396,ORD_bbef58,CUST_66b15b,Repeat,2023-07-17,PAY_e09a,STAT_182e,2023-07-17
4397,ORD_3536a0,CUST_9d7180,One_Time,2025-03-18,PAY_8cd2,STAT_182e,2025-03-18
4398,ORD_069456,CUST_1c0f0b,One_Time,2024-02-25,PAY_8cd2,STAT_4414,2024-02-25
4399,ORD_1c49c9,CUST_c19a1b,One_Time,2026-04-09,PAY_8cd2,STAT_182e,2026-04-09
4400,ORD_6d7569,CUST_4b522b,Repeat,2026-02-03,PAY_182e,STAT_8cd2,2026-02-03
4401,ORD_75869f,CUST_4b522b,Repeat,2026-02-03,PAY_182e,STAT_8cd2,2026-02-03
4402,ORD_157cc4,CUST_4b522b,Repeat,2026-02-03,PAY_e09a,STAT_e09a,2026-02-03
4403,ORD_871946,CUST_4b522b,Repeat,2026-02-03,PAY_8cd2,STAT_e09a,2026-02-03
4404,ORD_8a2f47,CUST_42b789,One_Time,2025-04-15,PAY_4414,STAT_8cd2,2025-04-15
4405,ORD_60ca5a,CUST_d0043c,One_Time,2022-09-01,PAY_e09a,STAT_4414,2022-09-01
4406,ORD_afe40e,CUST_2c1421,Repeat,2026-03-20,PAY_e09a,STAT_182e,2026-03-20
4407,ORD_c1b6ac,CUST_2c1421,Repeat,2026-03-20,PAY_e09a,STAT_4414,2026-03-20
4408,ORD_130b1e,CUST_2c1421,Repeat,2026-05-17,PAY_e09a,STAT_4414,2026-05-17
4409,ORD_ef910e,CUST_93a8a6,One_Time,2025-09-08,PAY_182e,STAT_8cd2,2025-09-08
4410,ORD_bfb84a,CUST_817d0d,One_Time,2024-05-04,PAY_182e,STAT_182e,2024-05-04
4411,ORD_af8b0a,CUST_4eecc9,One_Time,2023-10-06,PAY_4414,STAT_4414,2023-10-06
4412,ORD_db5fb2,CUST_ae3d39,One_Time,2025-06-25,PAY_4414,STAT_8cd2,2025-06-25
4413,ORD_3b4f48,CUST_8efa7d,Repeat,2025-12-10,PAY_4414,STAT_e09a,2025-12-10
4414,ORD_d2c40e,CUST_8efa7d,Repeat,2025-11-20,PAY_e09a,STAT_182e,2025-11-20
4415,ORD_d76e3f,CUST_8efa7d,Repeat,2025-11-20,PAY_4414,STAT_e09a,2025-11-20
4416,ORD_8580b0,CUST_8efa7d,Repeat,2025-11-20,PAY_8cd2,STAT_8cd2,2025-11-20
4417,ORD_67b630,CUST_8efa7d,Repeat,2025-11-20,PAY_182e,STAT_8cd2,2025-11-20
4418,ORD_f83b3b,CUST_8efa7d,Repeat,2025-12-21,PAY_4414,STAT_4414,2025-12-21
4419,ORD_c21750,CUST_053a94,One_Time,2026-05-24,PAY_4414,STAT_182e,2026-05-24
4420,ORD_52c3ad,CUST_ed9269,One_Time,2025-04-12,PAY_4414,STAT_e09a,2025-04-12
4421,ORD_03c200,CUST_821d55,One_Time,2024-12-03,PAY_8cd2,STAT_4414,2024-12-03
4422,ORD_88af7d,CUST_aff844,One_Time,2025-08-03,PAY_e09a,STAT_182e,2025-08-03
4423,ORD_052759,CUST_cecd41,Repeat,2022-11-03,PAY_4414,STAT_182e,2022-11-03
4424,ORD_03615c,CUST_cecd41,Repeat,2025-05-06,PAY_4414,STAT_4414,2025-05-06
4425,ORD_44833e,CUST_394a88,Repeat,2022-10-15,PAY_e09a,STAT_182e,2022-10-15
4426,ORD_da38f7,CUST_394a88,Repeat,2025-07-02,PAY_8cd2,STAT_e09a,2025-07-02
4427,ORD_382db2,CUST_394a88,Repeat,2025-06-02,PAY_e09a,STAT_182e,2025-06-02
4428,ORD_e59521,CUST_394a88,Repeat,2024-06-16,PAY_e09a,STAT_8cd2,2024-06-16
4429,ORD_347b70,CUST_394a88,Repeat,2023-09-18,PAY_8cd2,STAT_182e,2023-09-18
4430,ORD_f26785,CUST_01a2a4,One_Time,2024-11-01,PAY_8cd2,STAT_8cd2,2024-11-01
4431,ORD_4fedff,CUST_12ed51,One_Time,2024-11-13,PAY_4414,STAT_182e,2024-11-13
4432,ORD_1f81ef,CUST_578afb,One_Time,2022-11-21,PAY_e09a,STAT_e09a,2022-11-21
4433,ORD_25771b,CUST_ee2823,Repeat,2024-01-07,PAY_182e,STAT_8cd2,2024-01-07
4434,ORD_02bc08,CUST_ee2823,Repeat,2024-01-07,PAY_e09a,STAT_182e,2024-01-07
4435,ORD_9fe088,CUST_ee2823,Repeat,2024-10-11,PAY_4414,STAT_182e,2024-10-11
4436,ORD_7e63ff,CUST_ee2823,Repeat,2024-01-07,PAY_e09a,STAT_8cd2,2024-01-07
4437,ORD_3bd9cf,CUST_ee2823,Repeat,2024-01-07,PAY_8cd2,STAT_8cd2,2024-01-07
4438,ORD_ce47ef,CUST_3f4b88,Repeat,2022-11-06,PAY_8cd2,STAT_182e,2022-11-06
4439,ORD_b6b5a5,CUST_3f4b88,Repeat,2022-11-06,PAY_182e,STAT_4414,2022-11-06
4440,ORD_db5443,CUST_3f4b88,Repeat,2026-03-12,PAY_4414,STAT_182e,2026-03-12
4441,ORD_939621,CUST_3f4b88,Repeat,2023-02-13,PAY_4414,STAT_182e,2023-02-13
4442,ORD_772f28,CUST_ba785c,One_Time,2022-10-23,PAY_4414,STAT_e09a,2022-10-23
4443,ORD_ee4200,CUST_afe9fc,One_Time,2024-01-14,PAY_8cd2,STAT_182e,2024-01-14
4444,ORD_2296fc,CUST_e4856c,Repeat,2024-12-14,PAY_e09a,STAT_8cd2,2024-12-14
4445,ORD_2f54f7,CUST_e4856c,Repeat,2023-02-24,PAY_4414,STAT_4414,2023-02-24
4446,ORD_647c4e,CUST_e4856c,Repeat,2022-10-16,PAY_4414,STAT_4414,2022-10-16
4447,ORD_ce7a49,CUST_e4856c,Repeat,2023-09-13,PAY_8cd2,STAT_e09a,2023-09-13
4448,ORD_43b148,CUST_e4856c,Repeat,2025-11-19,PAY_182e,STAT_8cd2,2025-11-19
4449,ORD_bbf268,CUST_e4856c,Repeat,2023-11-20,PAY_4414,STAT_4414,2023-11-20
4450,ORD_5af0b9,CUST_f6f0f2,Commercial,2022-05-28,PAY_e09a,STAT_8cd2,2022-05-28
4451,ORD_e59b9c,CUST_f6f0f2,Commercial,2022-05-15,PAY_e09a,STAT_8cd2,2022-05-15
4452,ORD_2f2364,CUST_f6f0f2,Commercial,2022-08-03,PAY_8cd2,STAT_e09a,2022-08-03
4453,ORD_181ad8,CUST_f6f0f2,Commercial,2025-04-19,PAY_8cd2,STAT_8cd2,2025-04-19
4454,ORD_4f76cd,CUST_f6f0f2,Commercial,2025-02-01,PAY_8cd2,STAT_4414,2025-02-01
4455,ORD_55785f,CUST_f6f0f2,Commercial,2026-01-24,PAY_4414,STAT_182e,2026-01-24
4456,ORD_dc49e9,CUST_f6f0f2,Commercial,2024-09-11,PAY_8cd2,STAT_e09a,2024-09-11
4457,ORD_baa6a3,CUST_f6f0f2,Commercial,2024-07-07,PAY_8cd2,STAT_182e,2024-07-07
4458,ORD_383ca8,CUST_f6f0f2,Commercial,2025-07-12,PAY_e09a,STAT_e09a,2025-07-12
4459,ORD_41c2bd,CUST_f6f0f2,Commercial,2022-05-15,PAY_182e,STAT_e09a,2022-05-15
4460,ORD_da43c9,CUST_f6f0f2,Commercial,2022-05-15,PAY_182e,STAT_e09a,2022-05-15
4461,ORD_ad6e65,CUST_f6f0f2,Commercial,2026-05-15,PAY_8cd2,STAT_182e,2026-05-15
4462,ORD_0e784f,CUST_f6f0f2,Commercial,2022-05-15,PAY_4414,STAT_e09a,2022-05-15
4463,ORD_1011fd,CUST_f6f0f2,Commercial,2022-05-15,PAY_182e,STAT_182e,2022-05-15
4464,ORD_52514a,CUST_f6f0f2,Commercial,2026-02-04,PAY_8cd2,STAT_e09a,2026-02-04
4465,ORD_0206b7,CUST_f6f0f2,Commercial,2026-05-14,PAY_8cd2,STAT_e09a,2026-05-14
4466,ORD_d8f24e,CUST_f6f0f2,Commercial,2022-05-15,PAY_182e,STAT_8cd2,2022-05-15
4467,ORD_25048b,CUST_f6f0f2,Commercial,2022-05-15,PAY_182e,STAT_182e,2022-05-15
4468,ORD_b74df4,CUST_afd515,Repeat,2026-04-25,PAY_8cd2,STAT_182e,2026-04-25
4469,ORD_e96bca,CUST_afd515,Repeat,2023-12-20,PAY_8cd2,STAT_182e,2023-12-20
4470,ORD_9112d0,CUST_afd515,Repeat,2025-12-28,PAY_8cd2,STAT_8cd2,2025-12-28
4471,ORD_1f2687,CUST_afd515,Repeat,2025-10-19,PAY_182e,STAT_e09a,2025-10-19
4472,ORD_0e037c,CUST_afd515,Repeat,2025-04-15,PAY_8cd2,STAT_8cd2,2025-04-15
4473,ORD_2cfcec,CUST_8b7c91,One_Time,2024-10-21,PAY_4414,STAT_4414,2024-10-21
4474,ORD_7b01c9,CUST_e82c8c,One_Time,2024-12-26,PAY_e09a,STAT_8cd2,2024-12-26
4475,ORD_9e75c5,CUST_3e5052,One_Time,2026-05-13,PAY_e09a,STAT_182e,2026-05-13
4476,ORD_ab31d9,CUST_cf98d1,One_Time,2023-11-28,PAY_8cd2,STAT_4414,2023-11-28
4477,ORD_d06e62,CUST_48b6a2,One_Time,2025-05-09,PAY_8cd2,STAT_e09a,2025-05-09
4478,ORD_e177c2,CUST_c0b531,One_Time,2025-04-15,PAY_e09a,STAT_8cd2,2025-04-15
4479,ORD_dde3c8,CUST_84d769,One_Time,2025-03-11,PAY_182e,STAT_4414,2025-03-11
4480,ORD_b60ac9,CUST_1b0972,One_Time,2026-02-27,PAY_e09a,STAT_e09a,2026-02-27
4481,ORD_a41645,CUST_8c8270,Repeat,2025-11-12,PAY_8cd2,STAT_4414,2025-11-12
4482,ORD_e5525d,CUST_8c8270,Repeat,2026-02-08,PAY_e09a,STAT_8cd2,2026-02-08
4483,ORD_a4dc8e,CUST_8c8270,Repeat,2024-02-17,PAY_e09a,STAT_e09a,2024-02-17
4484,ORD_b5260d,CUST_7d1e3d,One_Time,2023-05-13,PAY_8cd2,STAT_8cd2,2023-05-13
4485,ORD_076662,CUST_f1c074,One_Time,2025-05-04,PAY_182e,STAT_8cd2,2025-05-04
4486,ORD_cc7a84,CUST_37ded1,One_Time,2025-12-19,PAY_8cd2,STAT_4414,2025-12-19
4487,ORD_dc17a4,CUST_cf1bf7,One_Time,2025-02-07,PAY_182e,STAT_e09a,2025-02-07
4488,ORD_25372b,CUST_704162,One_Time,2026-02-19,PAY_e09a,STAT_8cd2,2026-02-19
4489,ORD_e9f228,CUST_e94f4a,One_Time,2026-02-03,PAY_8cd2,STAT_8cd2,2026-02-03
4490,ORD_ba3716,CUST_854746,Repeat,2026-04-20,PAY_182e,STAT_8cd2,2026-04-20
4491,ORD_d22b87,CUST_854746,Repeat,2024-01-03,PAY_e09a,STAT_e09a,2024-01-03
4492,ORD_303427,CUST_854746,Repeat,2024-08-24,PAY_8cd2,STAT_e09a,2024-08-24
4493,ORD_f64645,CUST_854746,Repeat,2025-04-17,PAY_182e,STAT_8cd2,2025-04-17
4494,ORD_dff120,CUST_854746,Repeat,2025-05-25,PAY_4414,STAT_4414,2025-05-25
4495,ORD_36f74e,CUST_510544,Repeat,2024-05-21,PAY_e09a,STAT_4414,2024-05-21
4496,ORD_e4a7fa,CUST_510544,Repeat,2024-05-21,PAY_4414,STAT_182e,2024-05-21
4497,ORD_7c1e94,CUST_510544,Repeat,2024-07-23,PAY_e09a,STAT_4414,2024-07-23
4498,ORD_54e58d,CUST_510544,Repeat,2025-10-28,PAY_e09a,STAT_182e,2025-10-28
4499,ORD_44f96c,CUST_510544,Repeat,2025-10-24,PAY_8cd2,STAT_e09a,2025-10-24
4500,ORD_74a764,CUST_082556,One_Time,2026-02-03,PAY_8cd2,STAT_e09a,2026-02-03
4501,ORD_028ac0,CUST_fd1022,Repeat,2024-12-23,PAY_8cd2,STAT_8cd2,2024-12-23
4502,ORD_49ecee,CUST_fd1022,Repeat,2024-12-23,PAY_4414,STAT_8cd2,2024-12-23
4503,ORD_850039,CUST_fd1022,Repeat,2025-04-23,PAY_e09a,STAT_182e,2025-04-23
4504,ORD_6d4c34,CUST_fd1022,Repeat,2024-12-23,PAY_182e,STAT_8cd2,2024-12-23
4505,ORD_657103,CUST_fd1022,Repeat,2024-12-23,PAY_8cd2,STAT_8cd2,2024-12-23
4506,ORD_2ae15e,CUST_d30add,One_Time,2024-12-17,PAY_4414,STAT_4414,2024-12-17
4507,ORD_3b1281,CUST_7a31c1,Repeat,2021-11-25,PAY_8cd2,STAT_8cd2,2021-11-25
4508,ORD_a8ac50,CUST_7a31c1,Repeat,2021-11-25,PAY_8cd2,STAT_8cd2,2021-11-25
4509,ORD_9e5a29,CUST_7a31c1,Repeat,2024-06-23,PAY_182e,STAT_182e,2024-06-23
4510,ORD_7d965b,CUST_8dbd45,One_Time,2025-10-22,PAY_182e,STAT_8cd2,2025-10-22
4511,ORD_65e128,CUST_60c185,One_Time,2026-02-18,PAY_8cd2,STAT_e09a,2026-02-18
4512,ORD_f0918f,CUST_ca66db,Repeat,2023-12-27,PAY_4414,STAT_e09a,2023-12-27
4513,ORD_0e8aba,CUST_ca66db,Repeat,2024-03-19,PAY_e09a,STAT_4414,2024-03-19
4514,ORD_b2b7d0,CUST_ca66db,Repeat,2025-12-16,PAY_4414,STAT_8cd2,2025-12-16
4515,ORD_0cdb45,CUST_ee05f2,Repeat,2022-12-03,PAY_4414,STAT_8cd2,2022-12-03
4516,ORD_575822,CUST_ee05f2,Repeat,2024-06-14,PAY_e09a,STAT_e09a,2024-06-14
4517,ORD_bcface,CUST_ee05f2,Repeat,2025-04-10,PAY_8cd2,STAT_8cd2,2025-04-10
4518,ORD_a156b0,CUST_ee05f2,Repeat,2022-08-08,PAY_e09a,STAT_e09a,2022-08-08
4519,ORD_f6ec67,CUST_ee05f2,Repeat,2022-12-06,PAY_8cd2,STAT_182e,2022-12-06
4520,ORD_d6f2a1,CUST_ee05f2,Repeat,2022-08-08,PAY_4414,STAT_8cd2,2022-08-08
4521,ORD_d9b24d,CUST_a14ab7,One_Time,2026-02-21,PAY_e09a,STAT_8cd2,2026-02-21
4522,ORD_67ccd8,CUST_8cb6df,Repeat,2021-11-25,PAY_e09a,STAT_182e,2021-11-25
4523,ORD_20293b,CUST_8cb6df,Repeat,2022-06-12,PAY_4414,STAT_4414,2022-06-12
4524,ORD_fc9141,CUST_81143e,Repeat,2022-06-15,PAY_182e,STAT_4414,2022-06-15
4525,ORD_554a47,CUST_81143e,Repeat,2025-07-21,PAY_e09a,STAT_e09a,2025-07-21
4526,ORD_172f4c,CUST_81143e,Repeat,2022-06-15,PAY_8cd2,STAT_8cd2,2022-06-15
4527,ORD_9a4914,CUST_81143e,Repeat,2023-04-05,PAY_4414,STAT_4414,2023-04-05
4528,ORD_01849b,CUST_81143e,Repeat,2025-07-25,PAY_e09a,STAT_4414,2025-07-25
4529,ORD_64d798,CUST_81143e,Repeat,2023-02-10,PAY_4414,STAT_8cd2,2023-02-10
4530,ORD_403b28,CUST_edfa32,One_Time,2022-09-21,PAY_4414,STAT_8cd2,2022-09-21
4531,ORD_688f29,CUST_1f476b,One_Time,2023-08-19,PAY_182e,STAT_182e,2023-08-19
4532,ORD_725664,CUST_0d7910,One_Time,2023-11-05,PAY_8cd2,STAT_4414,2023-11-05
4533,ORD_76c30d,CUST_3d236b,One_Time,2024-04-25,PAY_4414,STAT_182e,2024-04-25
4534,ORD_493295,CUST_39a08d,One_Time,2024-09-24,PAY_4414,STAT_182e,2024-09-24
4535,ORD_f98c0d,CUST_1ef540,One_Time,2023-04-09,PAY_182e,STAT_182e,2023-04-09
4536,ORD_aaf59e,CUST_069ee9,One_Time,2025-12-16,PAY_e09a,STAT_8cd2,2025-12-16
4537,ORD_5526d3,CUST_8826d4,Repeat,2022-07-06,PAY_8cd2,STAT_4414,2022-07-06
4538,ORD_786ba4,CUST_8826d4,Repeat,2023-10-27,PAY_e09a,STAT_4414,2023-10-27
4539,ORD_e3594b,CUST_8826d4,Repeat,2024-08-26,PAY_8cd2,STAT_4414,2024-08-26
4540,ORD_84b2f4,CUST_8826d4,Repeat,2024-11-13,PAY_e09a,STAT_e09a,2024-11-13
4541,ORD_d26696,CUST_5fed76,One_Time,2024-02-08,PAY_4414,STAT_e09a,2024-02-08
4542,ORD_bbc995,CUST_84a119,One_Time,2026-05-19,PAY_8cd2,STAT_182e,2026-05-19
4543,ORD_70647c,CUST_bcd76b,Repeat,2025-08-11,PAY_8cd2,STAT_8cd2,2025-08-11
4544,ORD_baf33a,CUST_bcd76b,Repeat,2026-05-04,PAY_e09a,STAT_4414,2026-05-04
4545,ORD_ac81ed,CUST_bcd76b,Repeat,2025-08-11,PAY_182e,STAT_4414,2025-08-11
4546,ORD_b84259,CUST_8f2c10,One_Time,2023-02-28,PAY_8cd2,STAT_4414,2023-02-28
4547,ORD_bc437c,CUST_89ba79,One_Time,2025-08-20,PAY_182e,STAT_4414,2025-08-20
4548,ORD_e07fa5,CUST_b0c043,Repeat,2022-12-08,PAY_8cd2,STAT_e09a,2022-12-08
4549,ORD_135049,CUST_b0c043,Repeat,2023-10-03,PAY_8cd2,STAT_182e,2023-10-03
4550,ORD_2193e5,CUST_b0c043,Repeat,2025-07-18,PAY_8cd2,STAT_182e,2025-07-18
4551,ORD_a87f76,CUST_4a3313,Repeat,2026-02-06,PAY_182e,STAT_8cd2,2026-02-06
4552,ORD_6fb6cc,CUST_4a3313,Repeat,2026-02-17,PAY_e09a,STAT_8cd2,2026-02-17
4553,ORD_2b3d59,CUST_4a3313,Repeat,2025-09-18,PAY_4414,STAT_8cd2,2025-09-18
4554,ORD_c6ec42,CUST_4546e6,One_Time,2026-05-05,PAY_4414,STAT_182e,2026-05-05
4555,ORD_c31c15,CUST_6b1ec8,One_Time,2023-12-20,PAY_e09a,STAT_182e,2023-12-20
4556,ORD_4cbe02,CUST_39553f,Commercial,2025-11-16,PAY_8cd2,STAT_182e,2025-11-16
4557,ORD_f8cfae,CUST_39553f,Commercial,2025-11-16,PAY_182e,STAT_182e,2025-11-16
4558,ORD_d1df46,CUST_39553f,Commercial,2025-11-16,PAY_e09a,STAT_182e,2025-11-16
4559,ORD_8c7dde,CUST_39553f,Commercial,2025-11-16,PAY_4414,STAT_182e,2025-11-16
4560,ORD_0b9da8,CUST_39553f,Commercial,2025-11-16,PAY_4414,STAT_4414,2025-11-16
4561,ORD_00a75c,CUST_39553f,Commercial,2025-11-16,PAY_8cd2,STAT_182e,2025-11-16
4562,ORD_75e0e5,CUST_39553f,Commercial,2026-04-09,PAY_4414,STAT_182e,2026-04-09
4563,ORD_4a30c7,CUST_39553f,Commercial,2025-11-16,PAY_4414,STAT_e09a,2025-11-16
4564,ORD_0e8a5b,CUST_39553f,Commercial,2025-11-16,PAY_182e,STAT_182e,2025-11-16
4565,ORD_6a0492,CUST_39553f,Commercial,2026-05-08,PAY_8cd2,STAT_182e,2026-05-08
4566,ORD_fb169e,CUST_39553f,Commercial,2026-04-20,PAY_4414,STAT_e09a,2026-04-20
4567,ORD_85cac4,CUST_39553f,Commercial,2025-11-16,PAY_182e,STAT_8cd2,2025-11-16
4568,ORD_76223b,CUST_39553f,Commercial,2026-03-14,PAY_4414,STAT_182e,2026-03-14
4569,ORD_3229d2,CUST_39553f,Commercial,2025-11-16,PAY_182e,STAT_e09a,2025-11-16
4570,ORD_8d8c4c,CUST_39553f,Commercial,2025-12-25,PAY_182e,STAT_182e,2025-12-25
4571,ORD_296766,CUST_39553f,Commercial,2025-12-10,PAY_4414,STAT_182e,2025-12-10
4572,ORD_cc0051,CUST_39553f,Commercial,2025-11-16,PAY_8cd2,STAT_8cd2,2025-11-16
4573,ORD_1b4a9d,CUST_ca1a85,One_Time,2025-02-15,PAY_e09a,STAT_e09a,2025-02-15
4574,ORD_f064cd,CUST_458e68,One_Time,2026-02-27,PAY_e09a,STAT_8cd2,2026-02-27
4575,ORD_c9bdeb,CUST_6001ba,Commercial,2025-06-05,PAY_e09a,STAT_4414,2025-06-05
4576,ORD_2794e4,CUST_6001ba,Commercial,2025-09-26,PAY_e09a,STAT_4414,2025-09-26
4577,ORD_6f027b,CUST_6001ba,Commercial,2022-04-20,PAY_e09a,STAT_182e,2022-04-20
4578,ORD_e6e793,CUST_6001ba,Commercial,2022-11-04,PAY_8cd2,STAT_e09a,2022-11-04
4579,ORD_be1d62,CUST_6001ba,Commercial,2024-07-26,PAY_182e,STAT_8cd2,2024-07-26
4580,ORD_5d2ef5,CUST_6001ba,Commercial,2025-02-11,PAY_8cd2,STAT_e09a,2025-02-11
4581,ORD_559d77,CUST_6001ba,Commercial,2025-07-18,PAY_8cd2,STAT_e09a,2025-07-18
4582,ORD_71de8d,CUST_6001ba,Commercial,2025-07-18,PAY_4414,STAT_182e,2025-07-18
4583,ORD_45605e,CUST_6001ba,Commercial,2022-04-20,PAY_182e,STAT_182e,2022-04-20
4584,ORD_ecd0e6,CUST_6001ba,Commercial,2023-03-14,PAY_e09a,STAT_8cd2,2023-03-14
4585,ORD_bedcc5,CUST_6001ba,Commercial,2026-01-28,PAY_182e,STAT_e09a,2026-01-28
4586,ORD_79b761,CUST_6001ba,Commercial,2024-11-08,PAY_4414,STAT_4414,2024-11-08
4587,ORD_42db90,CUST_6001ba,Commercial,2022-10-08,PAY_182e,STAT_182e,2022-10-08
4588,ORD_a74ae2,CUST_6001ba,Commercial,2025-11-15,PAY_e09a,STAT_8cd2,2025-11-15
4589,ORD_cd4a5b,CUST_6001ba,Commercial,2024-08-18,PAY_4414,STAT_4414,2024-08-18
4590,ORD_2a6da1,CUST_6001ba,Commercial,2024-11-09,PAY_e09a,STAT_182e,2024-11-09
4591,ORD_1517f5,CUST_6001ba,Commercial,2023-03-14,PAY_182e,STAT_8cd2,2023-03-14
4592,ORD_4865c7,CUST_6001ba,Commercial,2022-04-20,PAY_4414,STAT_e09a,2022-04-20
4593,ORD_92ef3a,CUST_6001ba,Commercial,2024-10-12,PAY_182e,STAT_182e,2024-10-12
4594,ORD_176561,CUST_6001ba,Commercial,2022-04-20,PAY_8cd2,STAT_8cd2,2022-04-20
4595,ORD_a507a6,CUST_f5f213,One_Time,2023-05-07,PAY_182e,STAT_4414,2023-05-07
4596,ORD_e879cb,CUST_92060d,One_Time,2024-08-07,PAY_e09a,STAT_8cd2,2024-08-07
4597,ORD_2ddaf6,CUST_53421a,Repeat,2025-01-04,PAY_182e,STAT_182e,2025-01-04
4598,ORD_3f9295,CUST_53421a,Repeat,2025-01-04,PAY_4414,STAT_4414,2025-01-04
4599,ORD_752cd9,CUST_53421a,Repeat,2025-01-04,PAY_4414,STAT_4414,2025-01-04
4600,ORD_8e4b19,CUST_53421a,Repeat,2025-01-04,PAY_e09a,STAT_8cd2,2025-01-04
4601,ORD_ea280f,CUST_53421a,Repeat,2025-01-04,PAY_182e,STAT_e09a,2025-01-04
4602,ORD_c41239,CUST_53421a,Repeat,2026-03-25,PAY_182e,STAT_8cd2,2026-03-25
4603,ORD_adcb69,CUST_acc7ec,One_Time,2025-02-15,PAY_182e,STAT_8cd2,2025-02-15
4604,ORD_f5c16d,CUST_80453d,One_Time,2023-02-26,PAY_4414,STAT_8cd2,2023-02-26
4605,ORD_8487b8,CUST_37d85a,One_Time,2026-05-17,PAY_4414,STAT_e09a,2026-05-17
4606,ORD_6e5099,CUST_087eb7,One_Time,2026-01-26,PAY_8cd2,STAT_e09a,2026-01-26
4607,ORD_4701bf,CUST_c820f5,Repeat,2026-01-13,PAY_8cd2,STAT_8cd2,2026-01-13
4608,ORD_2c6956,CUST_c820f5,Repeat,2026-04-14,PAY_4414,STAT_8cd2,2026-04-14
4609,ORD_57cd1f,CUST_6113ea,One_Time,2025-09-04,PAY_4414,STAT_8cd2,2025-09-04
4610,ORD_fff2f9,CUST_ad26cf,One_Time,2026-03-05,PAY_182e,STAT_4414,2026-03-05
4611,ORD_9dfe60,CUST_39940f,One_Time,2025-11-21,PAY_e09a,STAT_4414,2025-11-21
4612,ORD_b9b58f,CUST_bb6211,One_Time,2024-09-21,PAY_182e,STAT_8cd2,2024-09-21
4613,ORD_f37a35,CUST_f18c0a,One_Time,2025-12-24,PAY_4414,STAT_4414,2025-12-24
4614,ORD_cca296,CUST_d10708,One_Time,2024-05-07,PAY_182e,STAT_e09a,2024-05-07
4615,ORD_e3058e,CUST_ae8741,One_Time,2024-11-17,PAY_8cd2,STAT_e09a,2024-11-17
4616,ORD_b66722,CUST_c86c9d,Repeat,2025-03-26,PAY_182e,STAT_4414,2025-03-26
4617,ORD_2f8aa8,CUST_c86c9d,Repeat,2024-12-28,PAY_4414,STAT_e09a,2024-12-28
4618,ORD_63f30a,CUST_c86c9d,Repeat,2025-07-02,PAY_8cd2,STAT_4414,2025-07-02
4619,ORD_998532,CUST_c86c9d,Repeat,2025-08-19,PAY_182e,STAT_8cd2,2025-08-19
4620,ORD_f3eac2,CUST_6718b3,One_Time,2024-05-01,PAY_e09a,STAT_4414,2024-05-01
4621,ORD_d529ea,CUST_2b9d89,Repeat,2024-01-05,PAY_4414,STAT_8cd2,2024-01-05
4622,ORD_3e51ef,CUST_2b9d89,Repeat,2025-08-05,PAY_4414,STAT_4414,2025-08-05
4623,ORD_bf282b,CUST_2b9d89,Repeat,2024-01-05,PAY_182e,STAT_182e,2024-01-05
4624,ORD_6c73a3,CUST_e0f2ca,Commercial,2024-01-14,PAY_4414,STAT_8cd2,2024-01-14
4625,ORD_bd9efb,CUST_e0f2ca,Commercial,2024-01-14,PAY_4414,STAT_8cd2,2024-01-14
4626,ORD_7c2ae3,CUST_e0f2ca,Commercial,2024-01-14,PAY_182e,STAT_182e,2024-01-14
4627,ORD_44e7c7,CUST_e0f2ca,Commercial,2024-01-14,PAY_182e,STAT_4414,2024-01-14
4628,ORD_b08ed8,CUST_e0f2ca,Commercial,2024-01-14,PAY_8cd2,STAT_4414,2024-01-14
4629,ORD_ef8b5e,CUST_e0f2ca,Commercial,2024-01-14,PAY_182e,STAT_4414,2024-01-14
4630,ORD_e32c99,CUST_e0f2ca,Commercial,2024-09-26,PAY_4414,STAT_8cd2,2024-09-26
4631,ORD_d544ae,CUST_e0f2ca,Commercial,2024-01-14,PAY_8cd2,STAT_4414,2024-01-14
4632,ORD_fff1a0,CUST_e0f2ca,Commercial,2026-04-10,PAY_4414,STAT_182e,2026-04-10
4633,ORD_530fc0,CUST_e0f2ca,Commercial,2024-01-14,PAY_e09a,STAT_4414,2024-01-14
4634,ORD_c396a6,CUST_e0f2ca,Commercial,2024-01-14,PAY_e09a,STAT_e09a,2024-01-14
4635,ORD_fd36b3,CUST_e0f2ca,Commercial,2024-01-14,PAY_8cd2,STAT_4414,2024-01-14
4636,ORD_eeef1f,CUST_e0f2ca,Commercial,2024-01-14,PAY_e09a,STAT_182e,2024-01-14
4637,ORD_afa73c,CUST_e0f2ca,Commercial,2026-05-04,PAY_4414,STAT_4414,2026-05-04
4638,ORD_ec4cdf,CUST_e0f2ca,Commercial,2024-08-20,PAY_4414,STAT_4414,2024-08-20
4639,ORD_0ba6b9,CUST_e0f2ca,Commercial,2024-01-14,PAY_4414,STAT_8cd2,2024-01-14
4640,ORD_cad061,CUST_e0f2ca,Commercial,2025-01-08,PAY_e09a,STAT_4414,2025-01-08
4641,ORD_987eb6,CUST_e0f2ca,Commercial,2024-01-14,PAY_8cd2,STAT_182e,2024-01-14
4642,ORD_7d21c7,CUST_e0f2ca,Commercial,2024-01-14,PAY_182e,STAT_e09a,2024-01-14
4643,ORD_ec7821,CUST_e9dc61,Repeat,2024-05-21,PAY_4414,STAT_4414,2024-05-21
4644,ORD_14dc7b,CUST_e9dc61,Repeat,2024-05-21,PAY_182e,STAT_8cd2,2024-05-21
4645,ORD_6b2795,CUST_e9dc61,Repeat,2024-05-21,PAY_e09a,STAT_e09a,2024-05-21
4646,ORD_620849,CUST_6977c6,One_Time,2025-08-01,PAY_8cd2,STAT_8cd2,2025-08-01
4647,ORD_1bd2f4,CUST_f6aad6,Repeat,2025-12-16,PAY_182e,STAT_4414,2025-12-16
4648,ORD_233a31,CUST_f6aad6,Repeat,2025-12-16,PAY_182e,STAT_182e,2025-12-16
4649,ORD_55ad6b,CUST_6ef2b7,One_Time,2021-10-10,PAY_8cd2,STAT_e09a,2021-10-10
4650,ORD_254768,CUST_712612,One_Time,2024-01-03,PAY_e09a,STAT_182e,2024-01-03
4651,ORD_b7d5bc,CUST_e821b0,Repeat,2026-05-01,PAY_4414,STAT_182e,2026-05-01
4652,ORD_f55bf0,CUST_e821b0,Repeat,2026-05-01,PAY_e09a,STAT_182e,2026-05-01
4653,ORD_0d1a91,CUST_e821b0,Repeat,2026-05-01,PAY_182e,STAT_4414,2026-05-01
4654,ORD_a6b952,CUST_e821b0,Repeat,2026-05-01,PAY_4414,STAT_4414,2026-05-01
4655,ORD_e85540,CUST_e821b0,Repeat,2026-05-01,PAY_182e,STAT_e09a,2026-05-01
4656,ORD_f96f96,CUST_802283,One_Time,2026-02-13,PAY_4414,STAT_e09a,2026-02-13
4657,ORD_90a1d7,CUST_b2c914,One_Time,2021-12-25,PAY_4414,STAT_182e,2021-12-25
4658,ORD_5b5dfb,CUST_737507,One_Time,2025-10-27,PAY_4414,STAT_e09a,2025-10-27
4659,ORD_e68c7a,CUST_52dcfa,One_Time,2025-04-14,PAY_4414,STAT_8cd2,2025-04-14
4660,ORD_55f951,CUST_d27c4e,Repeat,2025-06-13,PAY_8cd2,STAT_8cd2,2025-06-13
4661,ORD_65e4c6,CUST_d27c4e,Repeat,2025-06-13,PAY_4414,STAT_e09a,2025-06-13
4662,ORD_cfedb4,CUST_d27c4e,Repeat,2026-03-06,PAY_4414,STAT_4414,2026-03-06
4663,ORD_864a69,CUST_d27c4e,Repeat,2025-06-13,PAY_4414,STAT_8cd2,2025-06-13
4664,ORD_bca7c2,CUST_d27c4e,Repeat,2025-06-13,PAY_4414,STAT_8cd2,2025-06-13
4665,ORD_a55228,CUST_d27c4e,Repeat,2025-06-13,PAY_182e,STAT_e09a,2025-06-13
4666,ORD_6994e2,CUST_f2bb61,One_Time,2025-02-02,PAY_182e,STAT_182e,2025-02-02
4667,ORD_3d0025,CUST_5ff6e6,One_Time,2024-02-05,PAY_182e,STAT_4414,2024-02-05
4668,ORD_4edf83,CUST_c691b8,Repeat,2026-02-28,PAY_e09a,STAT_e09a,2026-02-28
4669,ORD_5ca3f8,CUST_c691b8,Repeat,2026-02-28,PAY_182e,STAT_4414,2026-02-28
4670,ORD_d18fad,CUST_a52419,One_Time,2026-02-23,PAY_4414,STAT_4414,2026-02-23
4671,ORD_320c6f,CUST_60a7da,One_Time,2025-07-16,PAY_8cd2,STAT_182e,2025-07-16
4672,ORD_4fe7da,CUST_e78bc5,Repeat,2022-11-10,PAY_4414,STAT_8cd2,2022-11-10
4673,ORD_c1be15,CUST_e78bc5,Repeat,2024-12-06,PAY_182e,STAT_e09a,2024-12-06
4674,ORD_99fde8,CUST_e78bc5,Repeat,2024-10-24,PAY_4414,STAT_4414,2024-10-24
4675,ORD_5cf819,CUST_e78bc5,Repeat,2021-03-26,PAY_e09a,STAT_182e,2021-03-26
4676,ORD_fec71d,CUST_e78bc5,Repeat,2025-06-12,PAY_182e,STAT_e09a,2025-06-12
4677,ORD_f18067,CUST_e78bc5,Repeat,2022-11-25,PAY_182e,STAT_4414,2022-11-25
4678,ORD_fb97e0,CUST_c54d0d,Repeat,2026-03-25,PAY_e09a,STAT_4414,2026-03-25
4679,ORD_14f1e2,CUST_c54d0d,Repeat,2023-03-09,PAY_e09a,STAT_8cd2,2023-03-09
4680,ORD_4ce5f8,CUST_c54d0d,Repeat,2023-03-09,PAY_8cd2,STAT_e09a,2023-03-09
4681,ORD_1e5475,CUST_c54d0d,Repeat,2023-03-09,PAY_182e,STAT_4414,2023-03-09
4682,ORD_acd991,CUST_1009ac,One_Time,2024-03-07,PAY_4414,STAT_4414,2024-03-07
4683,ORD_c838f7,CUST_2568f9,Repeat,2026-05-02,PAY_8cd2,STAT_e09a,2026-05-02
4684,ORD_9478b6,CUST_2568f9,Repeat,2026-05-02,PAY_182e,STAT_e09a,2026-05-02
4685,ORD_cb49d6,CUST_70cb66,One_Time,2023-09-25,PAY_e09a,STAT_4414,2023-09-25
4686,ORD_c463c6,CUST_539c21,One_Time,2026-01-08,PAY_4414,STAT_e09a,2026-01-08
4687,ORD_581beb,CUST_912f18,One_Time,2023-06-25,PAY_8cd2,STAT_182e,2023-06-25
4688,ORD_765ffe,CUST_36d0f1,One_Time,2025-05-16,PAY_4414,STAT_8cd2,2025-05-16
4689,ORD_a213b8,CUST_3e47e8,Repeat,2025-12-22,PAY_e09a,STAT_8cd2,2025-12-22
4690,ORD_3baadd,CUST_3e47e8,Repeat,2025-12-22,PAY_8cd2,STAT_182e,2025-12-22
4691,ORD_a88300,CUST_3e47e8,Repeat,2025-12-22,PAY_182e,STAT_e09a,2025-12-22
4692,ORD_5f8e5e,CUST_3e47e8,Repeat,2025-12-22,PAY_4414,STAT_4414,2025-12-22
4693,ORD_787b11,CUST_3e47e8,Repeat,2025-12-22,PAY_182e,STAT_182e,2025-12-22
4694,ORD_fc0a43,CUST_d99139,One_Time,2026-01-23,PAY_4414,STAT_e09a,2026-01-23
4695,ORD_7cf814,CUST_413d3f,Repeat,2025-09-19,PAY_e09a,STAT_8cd2,2025-09-19
4696,ORD_32cb69,CUST_413d3f,Repeat,2025-09-20,PAY_8cd2,STAT_182e,2025-09-20
4697,ORD_23253c,CUST_413d3f,Repeat,2021-07-17,PAY_e09a,STAT_182e,2021-07-17
4698,ORD_443d05,CUST_109fcb,One_Time,2026-01-10,PAY_8cd2,STAT_e09a,2026-01-10
4699,ORD_90ad58,CUST_c7ed5b,Repeat,2023-07-14,PAY_182e,STAT_4414,2023-07-14
4700,ORD_8f2aa0,CUST_c7ed5b,Repeat,2021-02-11,PAY_8cd2,STAT_e09a,2021-02-11
4701,ORD_4a89a2,CUST_cecf6e,One_Time,2025-07-20,PAY_182e,STAT_4414,2025-07-20
4702,ORD_f71dbd,CUST_fee75b,One_Time,2026-01-25,PAY_4414,STAT_182e,2026-01-25
4703,ORD_a777ce,CUST_543f98,Repeat,2026-04-12,PAY_e09a,STAT_8cd2,2026-04-12
4704,ORD_80787f,CUST_543f98,Repeat,2026-04-12,PAY_4414,STAT_4414,2026-04-12
4705,ORD_60e866,CUST_543f98,Repeat,2026-04-12,PAY_8cd2,STAT_e09a,2026-04-12
4706,ORD_8b776b,CUST_543f98,Repeat,2026-04-12,PAY_e09a,STAT_e09a,2026-04-12
4707,ORD_59ba9d,CUST_063f9f,One_Time,2023-03-08,PAY_8cd2,STAT_4414,2023-03-08
4708,ORD_2a8be4,CUST_55b952,One_Time,2026-05-11,PAY_4414,STAT_e09a,2026-05-11
4709,ORD_3eb939,CUST_13f42d,One_Time,2026-05-08,PAY_182e,STAT_182e,2026-05-08
4710,ORD_9e3810,CUST_644de9,One_Time,2026-01-19,PAY_182e,STAT_e09a,2026-01-19
4711,ORD_86dd12,CUST_b4cc22,One_Time,2026-04-20,PAY_8cd2,STAT_e09a,2026-04-20
4712,ORD_ce9c78,CUST_14c8ce,One_Time,2026-01-04,PAY_182e,STAT_e09a,2026-01-04
4713,ORD_b0cefe,CUST_1fe8f2,One_Time,2024-08-10,PAY_e09a,STAT_e09a,2024-08-10
4714,ORD_ce218a,CUST_fdced8,One_Time,2024-03-23,PAY_8cd2,STAT_4414,2024-03-23
4715,ORD_dfe687,CUST_e1ab1a,Repeat,2025-01-22,PAY_8cd2,STAT_4414,2025-01-22
4716,ORD_27760d,CUST_e1ab1a,Repeat,2024-11-21,PAY_8cd2,STAT_8cd2,2024-11-21
4717,ORD_36bd0f,CUST_e1ab1a,Repeat,2024-11-21,PAY_182e,STAT_8cd2,2024-11-21
4718,ORD_b148ee,CUST_e1ab1a,Repeat,2025-02-20,PAY_e09a,STAT_8cd2,2025-02-20
4719,ORD_a631d5,CUST_e1ab1a,Repeat,2024-11-21,PAY_8cd2,STAT_8cd2,2024-11-21
4720,ORD_80cd2e,CUST_9d4388,One_Time,2025-04-21,PAY_e09a,STAT_8cd2,2025-04-21
4721,ORD_2480fd,CUST_7bba7d,Repeat,2025-09-08,PAY_8cd2,STAT_8cd2,2025-09-08
4722,ORD_6b0f56,CUST_7bba7d,Repeat,2024-08-14,PAY_182e,STAT_182e,2024-08-14
4723,ORD_9d5769,CUST_7bba7d,Repeat,2024-08-14,PAY_e09a,STAT_4414,2024-08-14
4724,ORD_3dd896,CUST_c8917d,Repeat,2026-05-26,PAY_4414,STAT_8cd2,2026-05-26
4725,ORD_7ef5bd,CUST_c8917d,Repeat,2021-11-28,PAY_e09a,STAT_e09a,2021-11-28
4726,ORD_917b22,CUST_c8917d,Repeat,2025-07-14,PAY_182e,STAT_8cd2,2025-07-14
4727,ORD_008169,CUST_c8917d,Repeat,2023-10-15,PAY_e09a,STAT_e09a,2023-10-15
4728,ORD_16c3c2,CUST_c8917d,Repeat,2026-02-07,PAY_e09a,STAT_4414,2026-02-07
4729,ORD_009e9e,CUST_1a1057,One_Time,2024-11-07,PAY_e09a,STAT_8cd2,2024-11-07
4730,ORD_ffca7b,CUST_cd1678,Repeat,2024-11-01,PAY_e09a,STAT_8cd2,2024-11-01
4731,ORD_21772c,CUST_cd1678,Repeat,2024-11-01,PAY_4414,STAT_4414,2024-11-01
4732,ORD_35995f,CUST_d1baa1,Repeat,2024-11-17,PAY_e09a,STAT_8cd2,2024-11-17
4733,ORD_5d21ea,CUST_d1baa1,Repeat,2024-11-17,PAY_4414,STAT_4414,2024-11-17
4734,ORD_89b8f6,CUST_d1baa1,Repeat,2024-11-17,PAY_182e,STAT_4414,2024-11-17
4735,ORD_38836d,CUST_d1baa1,Repeat,2024-11-17,PAY_4414,STAT_4414,2024-11-17
4736,ORD_55d20f,CUST_978abf,One_Time,2024-05-17,PAY_4414,STAT_e09a,2024-05-17
4737,ORD_3446ee,CUST_0630b5,One_Time,2025-07-19,PAY_8cd2,STAT_8cd2,2025-07-19
4738,ORD_ba2ae8,CUST_f69cfe,One_Time,2023-04-23,PAY_8cd2,STAT_8cd2,2023-04-23
4739,ORD_0d55b6,CUST_64cf00,Commercial,2025-09-04,PAY_4414,STAT_182e,2025-09-04
4740,ORD_7e7dbd,CUST_64cf00,Commercial,2026-05-25,PAY_182e,STAT_e09a,2026-05-25
4741,ORD_84124b,CUST_64cf00,Commercial,2022-12-28,PAY_4414,STAT_4414,2022-12-28
4742,ORD_e59dd1,CUST_64cf00,Commercial,2024-01-12,PAY_182e,STAT_182e,2024-01-12
4743,ORD_de0e9b,CUST_64cf00,Commercial,2026-03-26,PAY_e09a,STAT_8cd2,2026-03-26
4744,ORD_abdcfa,CUST_64cf00,Commercial,2024-10-24,PAY_8cd2,STAT_182e,2024-10-24
4745,ORD_352bf9,CUST_64cf00,Commercial,2024-04-22,PAY_4414,STAT_4414,2024-04-22
4746,ORD_0bca33,CUST_64cf00,Commercial,2023-04-02,PAY_8cd2,STAT_182e,2023-04-02
4747,ORD_4da4df,CUST_64cf00,Commercial,2023-08-21,PAY_e09a,STAT_8cd2,2023-08-21
4748,ORD_c15e55,CUST_2e15e5,Repeat,2025-06-18,PAY_182e,STAT_4414,2025-06-18
4749,ORD_4313c2,CUST_2e15e5,Repeat,2025-06-18,PAY_e09a,STAT_182e,2025-06-18
4750,ORD_9c37ad,CUST_2e15e5,Repeat,2025-11-23,PAY_182e,STAT_e09a,2025-11-23
4751,ORD_6874c9,CUST_3f4435,One_Time,2025-10-22,PAY_8cd2,STAT_182e,2025-10-22
4752,ORD_9f5d7b,CUST_c5aa70,Repeat,2026-05-27,PAY_8cd2,STAT_8cd2,2026-05-27
4753,ORD_569b76,CUST_c5aa70,Repeat,2026-05-27,PAY_e09a,STAT_8cd2,2026-05-27
4754,ORD_2f36be,CUST_2c2a5e,One_Time,2025-08-14,PAY_4414,STAT_4414,2025-08-14
4755,ORD_d61a0e,CUST_be09ff,Repeat,2025-11-11,PAY_e09a,STAT_4414,2025-11-11
4756,ORD_9a0e30,CUST_be09ff,Repeat,2022-03-17,PAY_182e,STAT_4414,2022-03-17
4757,ORD_6a610e,CUST_be09ff,Repeat,2025-03-01,PAY_182e,STAT_4414,2025-03-01
4758,ORD_ced0dd,CUST_e20b5a,One_Time,2021-12-04,PAY_8cd2,STAT_182e,2021-12-04
4759,ORD_8a1da5,CUST_ea7707,One_Time,2025-02-14,PAY_e09a,STAT_e09a,2025-02-14
4760,ORD_e20637,CUST_58c7eb,One_Time,2024-09-11,PAY_8cd2,STAT_182e,2024-09-11
4761,ORD_a9d7a9,CUST_6296e5,One_Time,2025-05-01,PAY_182e,STAT_e09a,2025-05-01
4762,ORD_42557b,CUST_1d0c3c,Repeat,2024-02-27,PAY_182e,STAT_182e,2024-02-27
4763,ORD_e3e6ee,CUST_1d0c3c,Repeat,2026-01-03,PAY_4414,STAT_182e,2026-01-03
4764,ORD_58d65a,CUST_1d0c3c,Repeat,2025-09-01,PAY_e09a,STAT_182e,2025-09-01
4765,ORD_ec403d,CUST_1d0c3c,Repeat,2026-03-22,PAY_182e,STAT_8cd2,2026-03-22
4766,ORD_e02d62,CUST_1d0c3c,Repeat,2024-02-27,PAY_4414,STAT_4414,2024-02-27
4767,ORD_04565d,CUST_21203f,One_Time,2023-05-08,PAY_4414,STAT_182e,2023-05-08
4768,ORD_7d6780,CUST_46eebe,One_Time,2026-04-11,PAY_182e,STAT_182e,2026-04-11
4769,ORD_e49f87,CUST_65724e,Repeat,2023-09-06,PAY_e09a,STAT_182e,2023-09-06
4770,ORD_62aa28,CUST_65724e,Repeat,2023-09-06,PAY_4414,STAT_8cd2,2023-09-06
4771,ORD_6be707,CUST_65724e,Repeat,2023-09-06,PAY_4414,STAT_e09a,2023-09-06
4772,ORD_874454,CUST_65724e,Repeat,2023-09-06,PAY_4414,STAT_8cd2,2023-09-06
4773,ORD_72b98d,CUST_65724e,Repeat,2025-12-14,PAY_182e,STAT_8cd2,2025-12-14
4774,ORD_ec4b27,CUST_65724e,Repeat,2024-08-04,PAY_4414,STAT_8cd2,2024-08-04
4775,ORD_4d3a9b,CUST_95dc46,One_Time,2025-05-21,PAY_e09a,STAT_4414,2025-05-21
4776,ORD_84a804,CUST_1f98e2,One_Time,2022-05-25,PAY_4414,STAT_8cd2,2022-05-25
4777,ORD_0c1070,CUST_a45515,One_Time,2024-11-05,PAY_e09a,STAT_8cd2,2024-11-05
4778,ORD_fb6599,CUST_2b407c,Repeat,2024-04-23,PAY_182e,STAT_4414,2024-04-23
4779,ORD_5df5dd,CUST_2b407c,Repeat,2024-04-23,PAY_4414,STAT_4414,2024-04-23
4780,ORD_1835cd,CUST_2b407c,Repeat,2024-04-23,PAY_182e,STAT_182e,2024-04-23
4781,ORD_cc2ebd,CUST_2b407c,Repeat,2024-04-23,PAY_4414,STAT_8cd2,2024-04-23
4782,ORD_e32765,CUST_2b407c,Repeat,2024-04-23,PAY_8cd2,STAT_4414,2024-04-23
4783,ORD_500275,CUST_2b407c,Repeat,2024-04-23,PAY_4414,STAT_8cd2,2024-04-23
4784,ORD_b5801c,CUST_dde0df,One_Time,2024-04-11,PAY_182e,STAT_4414,2024-04-11
4785,ORD_da9382,CUST_244da1,One_Time,2026-05-19,PAY_182e,STAT_8cd2,2026-05-19
4786,ORD_59568e,CUST_4b2dfc,One_Time,2024-01-19,PAY_8cd2,STAT_e09a,2024-01-19
4787,ORD_35d7d0,CUST_4d7cd1,One_Time,2022-09-27,PAY_182e,STAT_4414,2022-09-27
4788,ORD_9beff7,CUST_b1ed96,One_Time,2022-12-07,PAY_182e,STAT_4414,2022-12-07
4789,ORD_111bd2,CUST_7e8be7,Repeat,2021-11-27,PAY_4414,STAT_e09a,2021-11-27
4790,ORD_519c35,CUST_7e8be7,Repeat,2022-03-25,PAY_8cd2,STAT_182e,2022-03-25
4791,ORD_c1c6be,CUST_7e8be7,Repeat,2024-01-04,PAY_4414,STAT_e09a,2024-01-04
4792,ORD_46c398,CUST_7e8be7,Repeat,2023-03-11,PAY_e09a,STAT_8cd2,2023-03-11
4793,ORD_698bff,CUST_7e8be7,Repeat,2021-11-27,PAY_8cd2,STAT_8cd2,2021-11-27
4794,ORD_e69eb8,CUST_2d6287,Repeat,2022-12-07,PAY_e09a,STAT_e09a,2022-12-07
4795,ORD_791977,CUST_2d6287,Repeat,2022-12-07,PAY_182e,STAT_e09a,2022-12-07
4796,ORD_1547c8,CUST_2d6287,Repeat,2024-09-03,PAY_8cd2,STAT_4414,2024-09-03
4797,ORD_1d686f,CUST_be6b50,One_Time,2026-04-20,PAY_4414,STAT_4414,2026-04-20
4798,ORD_f44c03,CUST_6f9f9a,One_Time,2023-10-08,PAY_8cd2,STAT_4414,2023-10-08
4799,ORD_65e784,CUST_f9264f,Repeat,2025-04-02,PAY_4414,STAT_8cd2,2025-04-02
4800,ORD_a53e48,CUST_f9264f,Repeat,2026-03-01,PAY_4414,STAT_182e,2026-03-01
4801,ORD_20788e,CUST_f9264f,Repeat,2024-09-06,PAY_e09a,STAT_e09a,2024-09-06
4802,ORD_44a7d1,CUST_f9264f,Repeat,2024-03-20,PAY_4414,STAT_8cd2,2024-03-20
4803,ORD_99869d,CUST_146392,One_Time,2025-11-17,PAY_e09a,STAT_e09a,2025-11-17
4804,ORD_df909b,CUST_e05157,One_Time,2025-10-24,PAY_182e,STAT_4414,2025-10-24
4805,ORD_7110eb,CUST_4daf08,Repeat,2025-04-04,PAY_8cd2,STAT_8cd2,2025-04-04
4806,ORD_d63f61,CUST_4daf08,Repeat,2025-09-01,PAY_8cd2,STAT_8cd2,2025-09-01
4807,ORD_24f146,CUST_4daf08,Repeat,2026-01-13,PAY_e09a,STAT_182e,2026-01-13
4808,ORD_1f59ce,CUST_7346e4,One_Time,2023-04-12,PAY_4414,STAT_182e,2023-04-12
4809,ORD_3a4047,CUST_f8dffc,One_Time,2026-05-20,PAY_e09a,STAT_4414,2026-05-20
4810,ORD_4684be,CUST_156079,One_Time,2025-01-04,PAY_182e,STAT_8cd2,2025-01-04
4811,ORD_4947ef,CUST_089783,One_Time,2026-04-24,PAY_4414,STAT_4414,2026-04-24
4812,ORD_128e0c,CUST_00a2fb,One_Time,2026-05-12,PAY_8cd2,STAT_4414,2026-05-12
4813,ORD_d112d5,CUST_5a0ab4,One_Time,2022-02-01,PAY_8cd2,STAT_e09a,2022-02-01
4814,ORD_b91bfa,CUST_cba446,One_Time,2024-06-05,PAY_182e,STAT_182e,2024-06-05
4815,ORD_c08ecf,CUST_f39271,One_Time,2025-09-26,PAY_4414,STAT_4414,2025-09-26
4816,ORD_ba67fc,CUST_3cb650,One_Time,2023-03-13,PAY_182e,STAT_8cd2,2023-03-13
4817,ORD_986831,CUST_59c535,Repeat,2026-05-07,PAY_e09a,STAT_4414,2026-05-07
4818,ORD_9e396c,CUST_59c535,Repeat,2024-02-28,PAY_4414,STAT_8cd2,2024-02-28
4819,ORD_527a3c,CUST_d76c6c,Repeat,2025-04-12,PAY_8cd2,STAT_8cd2,2025-04-12
4820,ORD_ad29a0,CUST_d76c6c,Repeat,2025-08-07,PAY_8cd2,STAT_182e,2025-08-07
4821,ORD_13a046,CUST_d76c6c,Repeat,2025-04-12,PAY_8cd2,STAT_8cd2,2025-04-12
4822,ORD_a36b70,CUST_d76c6c,Repeat,2025-04-12,PAY_e09a,STAT_e09a,2025-04-12
4823,ORD_f17e77,CUST_d7b35e,One_Time,2026-05-23,PAY_4414,STAT_4414,2026-05-23
4824,ORD_800560,CUST_9ee16c,One_Time,2026-05-08,PAY_e09a,STAT_4414,2026-05-08
4825,ORD_ade8da,CUST_ade0b3,Repeat,2024-05-19,PAY_4414,STAT_4414,2024-05-19
4826,ORD_c5a5ed,CUST_ade0b3,Repeat,2024-05-19,PAY_8cd2,STAT_e09a,2024-05-19
4827,ORD_f15229,CUST_ade0b3,Repeat,2024-12-13,PAY_e09a,STAT_4414,2024-12-13
4828,ORD_eccf12,CUST_ade0b3,Repeat,2024-05-19,PAY_e09a,STAT_4414,2024-05-19
4829,ORD_643bb2,CUST_ade0b3,Repeat,2024-05-19,PAY_182e,STAT_4414,2024-05-19
4830,ORD_77bb01,CUST_e582ed,Commercial,2026-04-22,PAY_182e,STAT_e09a,2026-04-22
4831,ORD_bbb197,CUST_e582ed,Commercial,2021-11-18,PAY_8cd2,STAT_182e,2021-11-18
4832,ORD_849cfa,CUST_e582ed,Commercial,2025-05-11,PAY_8cd2,STAT_e09a,2025-05-11
4833,ORD_f0c8f0,CUST_e582ed,Commercial,2025-09-21,PAY_4414,STAT_182e,2025-09-21
4834,ORD_a33c14,CUST_e582ed,Commercial,2026-02-10,PAY_8cd2,STAT_8cd2,2026-02-10
4835,ORD_cec324,CUST_e582ed,Commercial,2024-11-27,PAY_4414,STAT_e09a,2024-11-27
4836,ORD_43b471,CUST_e582ed,Commercial,2025-12-17,PAY_8cd2,STAT_e09a,2025-12-17
4837,ORD_58d7f6,CUST_e582ed,Commercial,2021-11-18,PAY_4414,STAT_e09a,2021-11-18
4838,ORD_a0d2ea,CUST_e582ed,Commercial,2023-04-16,PAY_8cd2,STAT_8cd2,2023-04-16
4839,ORD_9140ce,CUST_e582ed,Commercial,2026-01-15,PAY_4414,STAT_4414,2026-01-15
4840,ORD_067161,CUST_e582ed,Commercial,2025-08-12,PAY_182e,STAT_8cd2,2025-08-12
4841,ORD_546cb4,CUST_e582ed,Commercial,2025-06-05,PAY_182e,STAT_e09a,2025-06-05
4842,ORD_429439,CUST_e582ed,Commercial,2023-01-14,PAY_e09a,STAT_4414,2023-01-14
4843,ORD_6b21bc,CUST_e582ed,Commercial,2021-11-18,PAY_4414,STAT_4414,2021-11-18
4844,ORD_135d21,CUST_e582ed,Commercial,2024-08-13,PAY_182e,STAT_8cd2,2024-08-13
4845,ORD_9750a2,CUST_e582ed,Commercial,2026-02-20,PAY_e09a,STAT_8cd2,2026-02-20
4846,ORD_b81ba9,CUST_e582ed,Commercial,2023-06-13,PAY_182e,STAT_4414,2023-06-13
4847,ORD_340565,CUST_819d08,One_Time,2023-11-16,PAY_8cd2,STAT_182e,2023-11-16
4848,ORD_02d6e5,CUST_fa865c,Repeat,2024-05-13,PAY_4414,STAT_4414,2024-05-13
4849,ORD_870564,CUST_fa865c,Repeat,2022-09-05,PAY_4414,STAT_e09a,2022-09-05
4850,ORD_a1c581,CUST_fa865c,Repeat,2022-03-04,PAY_e09a,STAT_8cd2,2022-03-04
4851,ORD_7509ee,CUST_fa865c,Repeat,2023-04-27,PAY_182e,STAT_4414,2023-04-27
4852,ORD_28d7fb,CUST_fa865c,Repeat,2021-05-01,PAY_e09a,STAT_8cd2,2021-05-01
4853,ORD_132c2a,CUST_fa865c,Repeat,2025-05-15,PAY_e09a,STAT_182e,2025-05-15
4854,ORD_bcf7f3,CUST_685b0c,One_Time,2024-07-06,PAY_e09a,STAT_182e,2024-07-06
4855,ORD_084405,CUST_89abeb,One_Time,2025-11-26,PAY_182e,STAT_182e,2025-11-26
4856,ORD_73a70d,CUST_4f42fc,One_Time,2025-08-20,PAY_8cd2,STAT_182e,2025-08-20
4857,ORD_7b6500,CUST_988343,One_Time,2025-05-25,PAY_8cd2,STAT_4414,2025-05-25
4858,ORD_9fab7a,CUST_5f778d,One_Time,2025-11-17,PAY_182e,STAT_182e,2025-11-17
4859,ORD_7fcf55,CUST_532315,Repeat,2024-11-14,PAY_8cd2,STAT_182e,2024-11-14
4860,ORD_7f97d4,CUST_532315,Repeat,2025-06-03,PAY_e09a,STAT_4414,2025-06-03
4861,ORD_3cf5df,CUST_532315,Repeat,2024-11-14,PAY_8cd2,STAT_4414,2024-11-14
4862,ORD_ea63fe,CUST_532315,Repeat,2024-11-14,PAY_4414,STAT_e09a,2024-11-14
4863,ORD_23d70e,CUST_532315,Repeat,2024-11-14,PAY_182e,STAT_8cd2,2024-11-14
4864,ORD_ffaebc,CUST_a9be08,One_Time,2023-02-07,PAY_e09a,STAT_4414,2023-02-07
4865,ORD_e114de,CUST_5bd795,One_Time,2022-01-11,PAY_8cd2,STAT_4414,2022-01-11
4866,ORD_47ba68,CUST_a7c9c1,One_Time,2026-05-11,PAY_8cd2,STAT_182e,2026-05-11
4867,ORD_dea091,CUST_193e77,One_Time,2024-04-11,PAY_e09a,STAT_4414,2024-04-11
4868,ORD_bdf5d5,CUST_9c9af4,One_Time,2025-08-24,PAY_8cd2,STAT_182e,2025-08-24
4869,ORD_742504,CUST_de6c9a,One_Time,2023-01-03,PAY_8cd2,STAT_8cd2,2023-01-03
4870,ORD_c2b20b,CUST_d0d713,One_Time,2024-02-25,PAY_4414,STAT_182e,2024-02-25
4871,ORD_639333,CUST_1ebcd2,One_Time,2025-02-04,PAY_4414,STAT_182e,2025-02-04
4872,ORD_acb0b6,CUST_09c61d,Repeat,2026-05-06,PAY_e09a,STAT_e09a,2026-05-06
4873,ORD_ba38c4,CUST_09c61d,Repeat,2026-05-06,PAY_4414,STAT_4414,2026-05-06
4874,ORD_76a04b,CUST_09c61d,Repeat,2026-05-06,PAY_4414,STAT_4414,2026-05-06
4875,ORD_71d7a0,CUST_09c61d,Repeat,2026-05-06,PAY_4414,STAT_4414,2026-05-06
4876,ORD_ace157,CUST_d756de,Commercial,2024-11-20,PAY_4414,STAT_4414,2024-11-20
4877,ORD_0d836b,CUST_d756de,Commercial,2024-01-02,PAY_4414,STAT_8cd2,2024-01-02
4878,ORD_b6f13f,CUST_d756de,Commercial,2025-04-17,PAY_e09a,STAT_e09a,2025-04-17
4879,ORD_d8c54d,CUST_d756de,Commercial,2025-04-24,PAY_e09a,STAT_4414,2025-04-24
4880,ORD_2834af,CUST_d756de,Commercial,2022-03-21,PAY_e09a,STAT_e09a,2022-03-21
4881,ORD_11a40d,CUST_d756de,Commercial,2023-01-23,PAY_182e,STAT_e09a,2023-01-23
4882,ORD_96b663,CUST_d756de,Commercial,2024-11-22,PAY_182e,STAT_e09a,2024-11-22
4883,ORD_3085e8,CUST_d756de,Commercial,2024-03-09,PAY_8cd2,STAT_8cd2,2024-03-09
4884,ORD_6dbbcd,CUST_d756de,Commercial,2023-02-18,PAY_8cd2,STAT_182e,2023-02-18
4885,ORD_58f097,CUST_d756de,Commercial,2026-03-27,PAY_8cd2,STAT_4414,2026-03-27
4886,ORD_5be646,CUST_d756de,Commercial,2025-11-19,PAY_e09a,STAT_4414,2025-11-19
4887,ORD_6148af,CUST_d756de,Commercial,2022-04-25,PAY_182e,STAT_8cd2,2022-04-25
4888,ORD_0c2f8b,CUST_d756de,Commercial,2024-10-21,PAY_182e,STAT_8cd2,2024-10-21
4889,ORD_f08ef0,CUST_d756de,Commercial,2026-03-24,PAY_182e,STAT_4414,2026-03-24
4890,ORD_5101b4,CUST_19621a,One_Time,2026-04-14,PAY_8cd2,STAT_182e,2026-04-14
4891,ORD_6a10ef,CUST_e84a2f,One_Time,2022-10-21,PAY_4414,STAT_8cd2,2022-10-21
4892,ORD_38bafe,CUST_71e2e5,One_Time,2024-11-01,PAY_8cd2,STAT_e09a,2024-11-01
4893,ORD_c47458,CUST_2c3ff1,One_Time,2025-10-28,PAY_e09a,STAT_182e,2025-10-28
4894,ORD_dcdd60,CUST_15059a,One_Time,2023-05-01,PAY_8cd2,STAT_e09a,2023-05-01
4895,ORD_aefe31,CUST_661bc1,One_Time,2022-11-10,PAY_4414,STAT_e09a,2022-11-10
4896,ORD_96c879,CUST_7432c3,Repeat,2025-11-19,PAY_e09a,STAT_e09a,2025-11-19
4897,ORD_d2344e,CUST_7432c3,Repeat,2025-11-19,PAY_4414,STAT_e09a,2025-11-19
4898,ORD_8d2f50,CUST_7432c3,Repeat,2025-11-19,PAY_182e,STAT_182e,2025-11-19
4899,ORD_681f41,CUST_7432c3,Repeat,2025-11-19,PAY_4414,STAT_8cd2,2025-11-19
4900,ORD_c94f82,CUST_7432c3,Repeat,2025-11-19,PAY_4414,STAT_8cd2,2025-11-19
4901,ORD_8d0cd2,CUST_089efb,One_Time,2023-10-11,PAY_182e,STAT_182e,2023-10-11
4902,ORD_1c00a5,CUST_671006,Repeat,2026-02-28,PAY_182e,STAT_8cd2,2026-02-28
4903,ORD_e3b811,CUST_671006,Repeat,2023-02-19,PAY_8cd2,STAT_8cd2,2023-02-19
4904,ORD_732f84,CUST_671006,Repeat,2022-05-22,PAY_4414,STAT_e09a,2022-05-22
4905,ORD_b478ad,CUST_671006,Repeat,2024-04-23,PAY_4414,STAT_182e,2024-04-23
4906,ORD_ed80b3,CUST_671006,Repeat,2022-08-09,PAY_4414,STAT_4414,2022-08-09
4907,ORD_666edc,CUST_b0fcac,Repeat,2025-06-10,PAY_e09a,STAT_e09a,2025-06-10
4908,ORD_29ae44,CUST_b0fcac,Repeat,2025-06-10,PAY_182e,STAT_8cd2,2025-06-10
4909,ORD_d9f032,CUST_b0fcac,Repeat,2025-06-10,PAY_8cd2,STAT_182e,2025-06-10
4910,ORD_6f1f34,CUST_b0fcac,Repeat,2025-06-10,PAY_4414,STAT_4414,2025-06-10
4911,ORD_f942e0,CUST_a5c79e,One_Time,2025-05-25,PAY_e09a,STAT_8cd2,2025-05-25
4912,ORD_ffbd40,CUST_ef352d,One_Time,2025-12-16,PAY_182e,STAT_8cd2,2025-12-16
4913,ORD_3ed6d7,CUST_200346,One_Time,2026-02-07,PAY_4414,STAT_e09a,2026-02-07
4914,ORD_0bf39b,CUST_bc98d4,One_Time,2025-03-05,PAY_8cd2,STAT_182e,2025-03-05
4915,ORD_db4348,CUST_75194a,One_Time,2025-10-06,PAY_e09a,STAT_e09a,2025-10-06
4916,ORD_45aa3c,CUST_abfdb7,One_Time,2021-07-17,PAY_4414,STAT_e09a,2021-07-17
4917,ORD_7b6051,CUST_ce19f1,One_Time,2023-09-20,PAY_e09a,STAT_8cd2,2023-09-20
4918,ORD_074113,CUST_c16e4a,One_Time,2024-01-08,PAY_4414,STAT_e09a,2024-01-08
4919,ORD_b3b124,CUST_fcbbe0,One_Time,2025-03-26,PAY_182e,STAT_e09a,2025-03-26
4920,ORD_866a77,CUST_9e12b2,One_Time,2025-04-27,PAY_e09a,STAT_e09a,2025-04-27
4921,ORD_549394,CUST_1fd199,Repeat,2024-03-02,PAY_8cd2,STAT_182e,2024-03-02
4922,ORD_a71ca3,CUST_1fd199,Repeat,2024-01-15,PAY_182e,STAT_e09a,2024-01-15
4923,ORD_3d1c3b,CUST_a30a5a,One_Time,2026-04-10,PAY_8cd2,STAT_e09a,2026-04-10
4924,ORD_98ba9d,CUST_7573de,One_Time,2025-10-03,PAY_e09a,STAT_182e,2025-10-03
4925,ORD_6233a0,CUST_b3ac41,One_Time,2025-09-25,PAY_182e,STAT_8cd2,2025-09-25
4926,ORD_aa37a7,CUST_bb0fba,One_Time,2026-02-11,PAY_4414,STAT_4414,2026-02-11
4927,ORD_4b9bfe,CUST_bd442a,One_Time,2023-09-07,PAY_4414,STAT_8cd2,2023-09-07
4928,ORD_a36da7,CUST_5a802e,One_Time,2025-02-11,PAY_8cd2,STAT_8cd2,2025-02-11
4929,ORD_9d1aaa,CUST_090260,Repeat,2026-05-24,PAY_182e,STAT_182e,2026-05-24
4930,ORD_90a4cc,CUST_090260,Repeat,2026-05-24,PAY_e09a,STAT_8cd2,2026-05-24
4931,ORD_528c6e,CUST_090260,Repeat,2026-05-24,PAY_182e,STAT_8cd2,2026-05-24
4932,ORD_a799aa,CUST_72eaef,Repeat,2024-08-17,PAY_4414,STAT_4414,2024-08-17
4933,ORD_029cdb,CUST_72eaef,Repeat,2026-02-01,PAY_e09a,STAT_e09a,2026-02-01
4934,ORD_1e26cf,CUST_72eaef,Repeat,2024-08-17,PAY_8cd2,STAT_e09a,2024-08-17
4935,ORD_7acafa,CUST_27da77,Repeat,2026-02-18,PAY_4414,STAT_e09a,2026-02-18
4936,ORD_433801,CUST_27da77,Repeat,2026-02-18,PAY_182e,STAT_e09a,2026-02-18
4937,ORD_d8a8d3,CUST_6cab2b,Repeat,2024-10-20,PAY_182e,STAT_4414,2024-10-20
4938,ORD_d68c34,CUST_6cab2b,Repeat,2026-05-26,PAY_182e,STAT_e09a,2026-05-26
4939,ORD_653122,CUST_6cab2b,Repeat,2024-10-20,PAY_182e,STAT_4414,2024-10-20
4940,ORD_e6eb47,CUST_6cab2b,Repeat,2024-10-20,PAY_182e,STAT_182e,2024-10-20
4941,ORD_e5c9e7,CUST_e800fa,One_Time,2025-12-04,PAY_e09a,STAT_4414,2025-12-04
4942,ORD_4d4d9c,CUST_05ca8a,Repeat,2026-04-22,PAY_4414,STAT_4414,2026-04-22
4943,ORD_0ca89a,CUST_05ca8a,Repeat,2025-02-07,PAY_182e,STAT_182e,2025-02-07
4944,ORD_08e174,CUST_05ca8a,Repeat,2025-09-24,PAY_e09a,STAT_182e,2025-09-24
4945,ORD_147a75,CUST_05ca8a,Repeat,2025-02-07,PAY_4414,STAT_e09a,2025-02-07
4946,ORD_9cc0bd,CUST_05ca8a,Repeat,2025-02-07,PAY_182e,STAT_182e,2025-02-07
4947,ORD_5454b8,CUST_fb1869,One_Time,2022-06-18,PAY_8cd2,STAT_4414,2022-06-18
4948,ORD_5542b1,CUST_125637,One_Time,2025-05-15,PAY_4414,STAT_182e,2025-05-15
4949,ORD_66e296,CUST_579f19,One_Time,2025-06-28,PAY_8cd2,STAT_182e,2025-06-28
4950,ORD_ace1ff,CUST_f1fd5a,One_Time,2026-04-06,PAY_4414,STAT_8cd2,2026-04-06
4951,ORD_07aae9,CUST_03475e,One_Time,2025-03-09,PAY_8cd2,STAT_8cd2,2025-03-09
4952,ORD_1c60a4,CUST_fb425b,One_Time,2023-11-21,PAY_8cd2,STAT_4414,2023-11-21
4953,ORD_4d6b43,CUST_dcef13,Repeat,2026-04-09,PAY_4414,STAT_e09a,2026-04-09
4954,ORD_bd4b7d,CUST_dcef13,Repeat,2026-04-09,PAY_4414,STAT_182e,2026-04-09
4955,ORD_39beea,CUST_a91c0d,One_Time,2026-01-18,PAY_4414,STAT_8cd2,2026-01-18
4956,ORD_16d0ca,CUST_3371b0,Commercial,2026-05-04,PAY_182e,STAT_4414,2026-05-04
4957,ORD_32183a,CUST_3371b0,Commercial,2026-05-04,PAY_4414,STAT_8cd2,2026-05-04
4958,ORD_87e214,CUST_3371b0,Commercial,2026-05-04,PAY_8cd2,STAT_182e,2026-05-04
4959,ORD_60ab37,CUST_3371b0,Commercial,2026-05-04,PAY_8cd2,STAT_4414,2026-05-04
4960,ORD_0a2719,CUST_3371b0,Commercial,2026-05-04,PAY_4414,STAT_e09a,2026-05-04
4961,ORD_b34e1d,CUST_3371b0,Commercial,2026-05-04,PAY_182e,STAT_e09a,2026-05-04
4962,ORD_46df08,CUST_3371b0,Commercial,2026-05-04,PAY_182e,STAT_8cd2,2026-05-04
4963,ORD_4ccfea,CUST_3371b0,Commercial,2026-05-04,PAY_e09a,STAT_4414,2026-05-04
4964,ORD_4c915f,CUST_3371b0,Commercial,2026-05-04,PAY_8cd2,STAT_182e,2026-05-04
4965,ORD_636784,CUST_3371b0,Commercial,2026-05-04,PAY_e09a,STAT_4414,2026-05-04
4966,ORD_0df7bd,CUST_3371b0,Commercial,2026-05-04,PAY_e09a,STAT_e09a,2026-05-04
4967,ORD_5f83a0,CUST_3371b0,Commercial,2026-05-04,PAY_182e,STAT_4414,2026-05-04
4968,ORD_305249,CUST_3371b0,Commercial,2026-05-04,PAY_8cd2,STAT_4414,2026-05-04
4969,ORD_a40a4c,CUST_3371b0,Commercial,2026-05-04,PAY_8cd2,STAT_4414,2026-05-04
4970,ORD_7caf4b,CUST_3371b0,Commercial,2026-05-04,PAY_8cd2,STAT_4414,2026-05-04
4971,ORD_067bdc,CUST_3371b0,Commercial,2026-05-04,PAY_8cd2,STAT_182e,2026-05-04
4972,ORD_6f232e,CUST_824794,One_Time,2024-05-03,PAY_8cd2,STAT_182e,2024-05-03
4973,ORD_cd5af4,CUST_2b14e9,One_Time,2023-09-01,PAY_e09a,STAT_182e,2023-09-01
4974,ORD_6e0272,CUST_10c50a,One_Time,2026-02-24,PAY_8cd2,STAT_8cd2,2026-02-24
4975,ORD_1cf79c,CUST_9ccd93,One_Time,2023-07-02,PAY_4414,STAT_182e,2023-07-02
4976,ORD_113901,CUST_43195e,One_Time,2026-03-21,PAY_e09a,STAT_e09a,2026-03-21
4977,ORD_db74a7,CUST_54e403,Repeat,2026-04-01,PAY_4414,STAT_8cd2,2026-04-01
4978,ORD_8bb472,CUST_54e403,Repeat,2023-11-13,PAY_8cd2,STAT_4414,2023-11-13
4979,ORD_b95e0f,CUST_54e403,Repeat,2023-10-01,PAY_4414,STAT_4414,2023-10-01
4980,ORD_399d83,CUST_54e403,Repeat,2024-06-16,PAY_8cd2,STAT_182e,2024-06-16
4981,ORD_7cffbc,CUST_54e403,Repeat,2021-06-17,PAY_e09a,STAT_8cd2,2021-06-17
4982,ORD_cd7a03,CUST_5dccca,One_Time,2025-03-17,PAY_8cd2,STAT_4414,2025-03-17
4983,ORD_74b22f,CUST_daecab,One_Time,2024-04-10,PAY_e09a,STAT_182e,2024-04-10
4984,ORD_d349ec,CUST_47e5eb,One_Time,2026-03-01,PAY_e09a,STAT_4414,2026-03-01
4985,ORD_3eebd8,CUST_696b2e,One_Time,2023-03-21,PAY_8cd2,STAT_182e,2023-03-21
4986,ORD_c45be4,CUST_2a15eb,Commercial,2022-07-09,PAY_182e,STAT_8cd2,2022-07-09
4987,ORD_c6b58f,CUST_2a15eb,Commercial,2022-07-09,PAY_182e,STAT_4414,2022-07-09
4988,ORD_ab2148,CUST_2a15eb,Commercial,2025-09-15,PAY_182e,STAT_8cd2,2025-09-15
4989,ORD_95fb6a,CUST_2a15eb,Commercial,2024-12-19,PAY_e09a,STAT_8cd2,2024-12-19
4990,ORD_0f1c84,CUST_2a15eb,Commercial,2022-12-02,PAY_182e,STAT_e09a,2022-12-02
4991,ORD_7e19bb,CUST_2a15eb,Commercial,2023-04-19,PAY_8cd2,STAT_8cd2,2023-04-19
4992,ORD_0869b9,CUST_2a15eb,Commercial,2024-04-04,PAY_4414,STAT_e09a,2024-04-04
4993,ORD_8b7183,CUST_2a15eb,Commercial,2025-05-05,PAY_e09a,STAT_8cd2,2025-05-05
4994,ORD_dca0cd,CUST_2a15eb,Commercial,2023-05-06,PAY_8cd2,STAT_e09a,2023-05-06
4995,ORD_b0e45a,CUST_2a15eb,Commercial,2022-07-09,PAY_4414,STAT_182e,2022-07-09
4996,ORD_b6d320,CUST_2a15eb,Commercial,2022-07-09,PAY_8cd2,STAT_4414,2022-07-09
4997,ORD_c66f9d,CUST_2a15eb,Commercial,2023-10-07,PAY_4414,STAT_182e,2023-10-07
4998,ORD_e00c7f,CUST_2a15eb,Commercial,2024-08-13,PAY_e09a,STAT_8cd2,2024-08-13
4999,ORD_13d88b,CUST_2a15eb,Commercial,2023-04-07,PAY_e09a,STAT_4414,2023-04-07
5000,ORD_61dfd3,CUST_2a15eb,Commercial,2022-09-10,PAY_8cd2,STAT_e09a,2022-09-10
5001,ORD_6d54ec,CUST_2a15eb,Commercial,2024-01-02,PAY_4414,STAT_182e,2024-01-02
5002,ORD_32f95a,CUST_2a15eb,Commercial,2026-04-19,PAY_e09a,STAT_4414,2026-04-19
5003,ORD_274943,CUST_2a15eb,Commercial,2025-02-07,PAY_8cd2,STAT_e09a,2025-02-07
5004,ORD_a52d09,CUST_c860b3,One_Time,2025-12-04,PAY_4414,STAT_e09a,2025-12-04
5005,ORD_75cf71,CUST_4ddf49,One_Time,2024-11-17,PAY_4414,STAT_e09a,2024-11-17
5006,ORD_743c1a,CUST_e4919d,One_Time,2024-09-13,PAY_182e,STAT_8cd2,2024-09-13
5007,ORD_c4e559,CUST_8e2873,One_Time,2023-01-05,PAY_e09a,STAT_8cd2,2023-01-05
5008,ORD_6a2c03,CUST_dea1a2,Repeat,2025-02-21,PAY_4414,STAT_e09a,2025-02-21
5009,ORD_a568fc,CUST_dea1a2,Repeat,2024-12-26,PAY_8cd2,STAT_e09a,2024-12-26
5010,ORD_c40980,CUST_dea1a2,Repeat,2024-12-26,PAY_e09a,STAT_8cd2,2024-12-26
5011,ORD_365c3a,CUST_dea1a2,Repeat,2024-12-26,PAY_e09a,STAT_e09a,2024-12-26
5012,ORD_ef66fb,CUST_f7750a,Repeat,2025-04-03,PAY_4414,STAT_e09a,2025-04-03
5013,ORD_0f0bfe,CUST_f7750a,Repeat,2024-06-02,PAY_4414,STAT_e09a,2024-06-02
5014,ORD_ad9572,CUST_f7750a,Repeat,2024-07-22,PAY_e09a,STAT_4414,2024-07-22
5015,ORD_64efd7,CUST_f7750a,Repeat,2021-10-10,PAY_8cd2,STAT_4414,2021-10-10
5016,ORD_c8eeb1,CUST_32ec6c,One_Time,2024-03-24,PAY_182e,STAT_4414,2024-03-24
5017,ORD_2fc8ff,CUST_e07a67,One_Time,2026-02-16,PAY_8cd2,STAT_e09a,2026-02-16
5018,ORD_280c4f,CUST_bd320c,One_Time,2024-01-13,PAY_4414,STAT_182e,2024-01-13
5019,ORD_55ff7a,CUST_6cae8e,One_Time,2025-12-19,PAY_8cd2,STAT_8cd2,2025-12-19
5020,ORD_a405e4,CUST_805ee5,One_Time,2026-03-14,PAY_8cd2,STAT_182e,2026-03-14
5021,ORD_903540,CUST_ae7d69,One_Time,2026-05-27,PAY_e09a,STAT_8cd2,2026-05-27
5022,ORD_01dbb3,CUST_8af54e,Repeat,2024-12-13,PAY_e09a,STAT_8cd2,2024-12-13
5023,ORD_636476,CUST_8af54e,Repeat,2023-04-21,PAY_4414,STAT_8cd2,2023-04-21
5024,ORD_ada41a,CUST_8af54e,Repeat,2025-11-03,PAY_182e,STAT_182e,2025-11-03
5025,ORD_a0bebe,CUST_8af54e,Repeat,2022-04-08,PAY_e09a,STAT_e09a,2022-04-08
5026,ORD_fb6bc8,CUST_8af54e,Repeat,2021-10-13,PAY_e09a,STAT_e09a,2021-10-13
5027,ORD_3a8912,CUST_8af54e,Repeat,2021-10-13,PAY_e09a,STAT_182e,2021-10-13
5028,ORD_272e09,CUST_7728c5,One_Time,2025-08-10,PAY_e09a,STAT_e09a,2025-08-10
5029,ORD_823a32,CUST_4a95e0,One_Time,2024-03-28,PAY_182e,STAT_4414,2024-03-28
5030,ORD_b9e0c2,CUST_708e5d,One_Time,2024-03-23,PAY_e09a,STAT_182e,2024-03-23
5031,ORD_3bdfd7,CUST_23d092,One_Time,2021-04-08,PAY_4414,STAT_8cd2,2021-04-08
5032,ORD_064c67,CUST_f132ab,One_Time,2025-03-15,PAY_4414,STAT_182e,2025-03-15
5033,ORD_d846a4,CUST_eba1ed,One_Time,2025-05-01,PAY_4414,STAT_182e,2025-05-01
5034,ORD_26f151,CUST_116ef8,One_Time,2026-05-26,PAY_4414,STAT_8cd2,2026-05-26
5035,ORD_0da7e5,CUST_8c1bc8,One_Time,2024-06-01,PAY_e09a,STAT_4414,2024-06-01
5036,ORD_22cd05,CUST_8393e9,One_Time,2025-02-27,PAY_e09a,STAT_e09a,2025-02-27
5037,ORD_347b79,CUST_6428dc,Repeat,2024-09-02,PAY_182e,STAT_8cd2,2024-09-02
5038,ORD_bb26fc,CUST_6428dc,Repeat,2026-03-27,PAY_4414,STAT_4414,2026-03-27
5039,ORD_2fc631,CUST_488ac6,One_Time,2026-03-03,PAY_182e,STAT_8cd2,2026-03-03
5040,ORD_d33252,CUST_12822d,One_Time,2024-06-06,PAY_e09a,STAT_182e,2024-06-06
5041,ORD_3e42a2,CUST_6adfc8,One_Time,2024-08-10,PAY_182e,STAT_4414,2024-08-10
5042,ORD_159ce2,CUST_c45586,One_Time,2026-05-27,PAY_e09a,STAT_4414,2026-05-27
5043,ORD_8462cc,CUST_71db60,One_Time,2026-02-15,PAY_8cd2,STAT_182e,2026-02-15
5044,ORD_b08f98,CUST_5821af,One_Time,2024-05-16,PAY_4414,STAT_e09a,2024-05-16
5045,ORD_8ea4af,CUST_4f17f3,One_Time,2022-07-25,PAY_e09a,STAT_4414,2022-07-25
5046,ORD_3c0116,CUST_7b0e36,One_Time,2026-04-25,PAY_4414,STAT_182e,2026-04-25
5047,ORD_4ec2bc,CUST_2e6f07,One_Time,2026-04-21,PAY_e09a,STAT_e09a,2026-04-21
5048,ORD_f8044d,CUST_a85e89,One_Time,2023-05-26,PAY_4414,STAT_8cd2,2023-05-26
5049,ORD_f7de88,CUST_f1e0b7,One_Time,2025-06-09,PAY_182e,STAT_4414,2025-06-09
5050,ORD_603af4,CUST_a68059,One_Time,2024-08-08,PAY_e09a,STAT_4414,2024-08-08
5051,ORD_908057,CUST_290d9a,One_Time,2024-08-01,PAY_4414,STAT_8cd2,2024-08-01
5052,ORD_65c477,CUST_93c025,Repeat,2026-01-18,PAY_4414,STAT_8cd2,2026-01-18
5053,ORD_0080a3,CUST_93c025,Repeat,2024-09-13,PAY_8cd2,STAT_e09a,2024-09-13
5054,ORD_b56ef7,CUST_93c025,Repeat,2024-09-13,PAY_e09a,STAT_e09a,2024-09-13
5055,ORD_fce8c4,CUST_93c025,Repeat,2025-07-22,PAY_182e,STAT_8cd2,2025-07-22
5056,ORD_0379e0,CUST_f5063f,Repeat,2024-10-11,PAY_8cd2,STAT_e09a,2024-10-11
5057,ORD_52c7ab,CUST_f5063f,Repeat,2022-12-12,PAY_182e,STAT_182e,2022-12-12
5058,ORD_2ed870,CUST_f5063f,Repeat,2023-11-14,PAY_4414,STAT_4414,2023-11-14
5059,ORD_412d41,CUST_f5063f,Repeat,2024-09-15,PAY_4414,STAT_182e,2024-09-15
5060,ORD_f6cd96,CUST_f5063f,Repeat,2022-12-12,PAY_8cd2,STAT_182e,2022-12-12
5061,ORD_657e84,CUST_54346a,Repeat,2025-04-13,PAY_8cd2,STAT_182e,2025-04-13
5062,ORD_2fd1d1,CUST_54346a,Repeat,2025-03-21,PAY_4414,STAT_8cd2,2025-03-21
5063,ORD_aa986c,CUST_54346a,Repeat,2025-03-21,PAY_8cd2,STAT_182e,2025-03-21
5064,ORD_cacf25,CUST_54346a,Repeat,2025-03-21,PAY_182e,STAT_e09a,2025-03-21
5065,ORD_976293,CUST_54346a,Repeat,2026-04-02,PAY_e09a,STAT_8cd2,2026-04-02
5066,ORD_d008ec,CUST_37fccd,One_Time,2025-07-27,PAY_e09a,STAT_e09a,2025-07-27
5067,ORD_6f8a20,CUST_d9a9d7,One_Time,2026-03-22,PAY_182e,STAT_8cd2,2026-03-22
5068,ORD_bbd8bc,CUST_e49bf9,One_Time,2024-04-03,PAY_8cd2,STAT_182e,2024-04-03
5069,ORD_26d516,CUST_44fb2a,Repeat,2024-12-23,PAY_182e,STAT_4414,2024-12-23
5070,ORD_f84e3f,CUST_44fb2a,Repeat,2025-05-06,PAY_182e,STAT_182e,2025-05-06
5071,ORD_e05d39,CUST_218505,One_Time,2025-04-08,PAY_182e,STAT_8cd2,2025-04-08
5072,ORD_e1866e,CUST_ede967,One_Time,2026-03-23,PAY_4414,STAT_e09a,2026-03-23
5073,ORD_e92b48,CUST_8172ec,One_Time,2024-06-26,PAY_4414,STAT_182e,2024-06-26
5074,ORD_3a0579,CUST_7cf417,One_Time,2026-04-01,PAY_8cd2,STAT_8cd2,2026-04-01
5075,ORD_2a0902,CUST_b24e30,One_Time,2024-04-26,PAY_4414,STAT_182e,2024-04-26
5076,ORD_b4cab2,CUST_d3febf,One_Time,2026-04-10,PAY_8cd2,STAT_182e,2026-04-10
5077,ORD_1308e1,CUST_e0a4cf,One_Time,2025-11-24,PAY_182e,STAT_4414,2025-11-24
5078,ORD_dbadda,CUST_17ab21,One_Time,2026-03-28,PAY_182e,STAT_4414,2026-03-28
5079,ORD_dc8a11,CUST_fac6f9,One_Time,2026-02-17,PAY_4414,STAT_4414,2026-02-17
5080,ORD_44cf41,CUST_77cc96,One_Time,2025-11-12,PAY_4414,STAT_8cd2,2025-11-12
5081,ORD_92db82,CUST_8e7299,One_Time,2024-05-23,PAY_182e,STAT_182e,2024-05-23
5082,ORD_b43fc4,CUST_e9be7c,One_Time,2024-09-10,PAY_8cd2,STAT_8cd2,2024-09-10
5083,ORD_7773b7,CUST_d53043,One_Time,2025-05-05,PAY_4414,STAT_8cd2,2025-05-05
5084,ORD_3a3fc8,CUST_cf85c6,One_Time,2022-06-21,PAY_4414,STAT_182e,2022-06-21
5085,ORD_744c1c,CUST_f66f5f,Repeat,2024-11-15,PAY_8cd2,STAT_e09a,2024-11-15
5086,ORD_8405b6,CUST_f66f5f,Repeat,2024-11-15,PAY_182e,STAT_e09a,2024-11-15
5087,ORD_cf4c59,CUST_9a6b1c,One_Time,2026-03-10,PAY_8cd2,STAT_e09a,2026-03-10
5088,ORD_a80ae9,CUST_b3ffbf,One_Time,2023-04-13,PAY_4414,STAT_182e,2023-04-13
5089,ORD_44db47,CUST_e16de4,One_Time,2024-10-21,PAY_4414,STAT_8cd2,2024-10-21
5090,ORD_ddac89,CUST_4efc0f,One_Time,2024-12-27,PAY_4414,STAT_4414,2024-12-27
5091,ORD_e6bc4a,CUST_269bc3,One_Time,2026-02-04,PAY_4414,STAT_8cd2,2026-02-04
5092,ORD_adaf50,CUST_b7b02c,One_Time,2025-10-03,PAY_8cd2,STAT_e09a,2025-10-03
5093,ORD_03c8d3,CUST_67e469,One_Time,2025-08-10,PAY_182e,STAT_4414,2025-08-10
5094,ORD_2a1b64,CUST_afa024,One_Time,2025-11-25,PAY_4414,STAT_8cd2,2025-11-25
5095,ORD_5808cd,CUST_87cef6,One_Time,2022-06-03,PAY_4414,STAT_4414,2022-06-03
5096,ORD_8bcb14,CUST_8bda3e,One_Time,2022-05-08,PAY_8cd2,STAT_e09a,2022-05-08
5097,ORD_3afd5f,CUST_721784,One_Time,2023-04-28,PAY_8cd2,STAT_182e,2023-04-28
5098,ORD_748bce,CUST_7cdd1b,One_Time,2025-10-09,PAY_182e,STAT_182e,2025-10-09
5099,ORD_dde857,CUST_1870c2,One_Time,2024-12-02,PAY_4414,STAT_e09a,2024-12-02
5100,ORD_6f879a,CUST_f35138,One_Time,2023-10-26,PAY_e09a,STAT_182e,2023-10-26
5101,ORD_444a37,CUST_dceca6,Commercial,2024-03-16,PAY_4414,STAT_8cd2,2024-03-16
5102,ORD_899552,CUST_dceca6,Commercial,2024-03-16,PAY_e09a,STAT_e09a,2024-03-16
5103,ORD_382409,CUST_dceca6,Commercial,2024-03-16,PAY_8cd2,STAT_182e,2024-03-16
5104,ORD_04fdea,CUST_dceca6,Commercial,2025-03-05,PAY_e09a,STAT_4414,2025-03-05
5105,ORD_adb568,CUST_dceca6,Commercial,2024-03-16,PAY_182e,STAT_4414,2024-03-16
5106,ORD_9d2640,CUST_dceca6,Commercial,2026-01-04,PAY_4414,STAT_182e,2026-01-04
5107,ORD_513c7e,CUST_dceca6,Commercial,2025-09-10,PAY_e09a,STAT_4414,2025-09-10
5108,ORD_ea6892,CUST_dceca6,Commercial,2025-04-27,PAY_182e,STAT_182e,2025-04-27
5109,ORD_3685f6,CUST_dceca6,Commercial,2026-02-23,PAY_e09a,STAT_8cd2,2026-02-23
5110,ORD_a5b32b,CUST_dceca6,Commercial,2026-05-23,PAY_8cd2,STAT_182e,2026-05-23
5111,ORD_a42969,CUST_dceca6,Commercial,2024-03-16,PAY_182e,STAT_182e,2024-03-16
5112,ORD_813d71,CUST_dceca6,Commercial,2025-05-28,PAY_8cd2,STAT_e09a,2025-05-28
5113,ORD_a18486,CUST_dceca6,Commercial,2024-08-01,PAY_4414,STAT_182e,2024-08-01
5114,ORD_3ffacf,CUST_dceca6,Commercial,2024-03-16,PAY_182e,STAT_e09a,2024-03-16
5115,ORD_d53935,CUST_dceca6,Commercial,2025-09-07,PAY_4414,STAT_4414,2025-09-07
5116,ORD_d8485a,CUST_dceca6,Commercial,2024-03-16,PAY_e09a,STAT_182e,2024-03-16
5117,ORD_346651,CUST_3e2651,One_Time,2022-02-11,PAY_182e,STAT_182e,2022-02-11
5118,ORD_3bc61b,CUST_23a04a,Repeat,2024-01-02,PAY_4414,STAT_182e,2024-01-02
5119,ORD_28c610,CUST_23a04a,Repeat,2024-01-02,PAY_182e,STAT_4414,2024-01-02
5120,ORD_8cb085,CUST_23a04a,Repeat,2024-01-02,PAY_e09a,STAT_8cd2,2024-01-02
5121,ORD_b483ac,CUST_23a04a,Repeat,2024-01-02,PAY_e09a,STAT_8cd2,2024-01-02
5122,ORD_c05e42,CUST_e5c345,One_Time,2025-04-26,PAY_182e,STAT_8cd2,2025-04-26
5123,ORD_5eaf97,CUST_92e905,One_Time,2025-06-21,PAY_e09a,STAT_182e,2025-06-21
5124,ORD_c9a3f7,CUST_fa1a83,One_Time,2023-12-03,PAY_4414,STAT_8cd2,2023-12-03
5125,ORD_881772,CUST_2d605c,Repeat,2023-03-14,PAY_e09a,STAT_182e,2023-03-14
5126,ORD_6b2812,CUST_2d605c,Repeat,2024-09-19,PAY_182e,STAT_4414,2024-09-19
5127,ORD_893721,CUST_2d605c,Repeat,2023-09-13,PAY_4414,STAT_4414,2023-09-13
5128,ORD_389cba,CUST_2d605c,Repeat,2023-03-14,PAY_4414,STAT_8cd2,2023-03-14
5129,ORD_fe4266,CUST_2d605c,Repeat,2023-03-14,PAY_4414,STAT_8cd2,2023-03-14
5130,ORD_142db3,CUST_2d605c,Repeat,2023-03-14,PAY_8cd2,STAT_4414,2023-03-14
5131,ORD_27dce0,CUST_8635d7,One_Time,2022-05-23,PAY_8cd2,STAT_4414,2022-05-23
5132,ORD_1d9e64,CUST_dc2db5,Repeat,2025-09-22,PAY_4414,STAT_e09a,2025-09-22
5133,ORD_0b833c,CUST_dc2db5,Repeat,2025-09-22,PAY_8cd2,STAT_e09a,2025-09-22
5134,ORD_79cc86,CUST_dc2db5,Repeat,2025-09-22,PAY_8cd2,STAT_4414,2025-09-22
5135,ORD_96f6b3,CUST_dc2db5,Repeat,2025-09-22,PAY_182e,STAT_182e,2025-09-22
5136,ORD_ecbba5,CUST_dbcc90,One_Time,2025-08-10,PAY_8cd2,STAT_182e,2025-08-10
5137,ORD_f8588d,CUST_cc6c41,One_Time,2026-04-04,PAY_182e,STAT_182e,2026-04-04
5138,ORD_037dc3,CUST_b0b318,One_Time,2024-04-27,PAY_182e,STAT_8cd2,2024-04-27
5139,ORD_6b90d1,CUST_7a143f,One_Time,2025-03-03,PAY_e09a,STAT_e09a,2025-03-03
5140,ORD_d48391,CUST_5ea0af,One_Time,2024-04-20,PAY_8cd2,STAT_8cd2,2024-04-20
5141,ORD_89a2e3,CUST_a74b97,One_Time,2023-06-16,PAY_182e,STAT_e09a,2023-06-16
5142,ORD_54b136,CUST_6b8806,One_Time,2025-09-11,PAY_e09a,STAT_182e,2025-09-11
5143,ORD_a088d6,CUST_eb95ad,One_Time,2023-06-23,PAY_8cd2,STAT_8cd2,2023-06-23
5144,ORD_e0b95a,CUST_84749e,One_Time,2024-03-28,PAY_182e,STAT_182e,2024-03-28
5145,ORD_c86cf8,CUST_edeeca,Repeat,2023-01-01,PAY_e09a,STAT_8cd2,2023-01-01
5146,ORD_13cfc4,CUST_edeeca,Repeat,2024-03-13,PAY_8cd2,STAT_4414,2024-03-13
5147,ORD_38544d,CUST_edeeca,Repeat,2024-07-16,PAY_182e,STAT_e09a,2024-07-16
5148,ORD_ffa5f4,CUST_edeeca,Repeat,2026-04-20,PAY_e09a,STAT_e09a,2026-04-20
5149,ORD_2bd788,CUST_edeeca,Repeat,2024-12-23,PAY_182e,STAT_4414,2024-12-23
5150,ORD_e9b3d2,CUST_edeeca,Repeat,2024-02-02,PAY_182e,STAT_182e,2024-02-02
5151,ORD_f40941,CUST_fb2173,One_Time,2024-02-17,PAY_182e,STAT_8cd2,2024-02-17
5152,ORD_538a39,CUST_f77bdd,Repeat,2026-03-23,PAY_182e,STAT_e09a,2026-03-23
5153,ORD_936bb6,CUST_f77bdd,Repeat,2025-03-06,PAY_4414,STAT_8cd2,2025-03-06
5154,ORD_14a360,CUST_f77bdd,Repeat,2025-03-06,PAY_182e,STAT_4414,2025-03-06
5155,ORD_07ee40,CUST_796358,One_Time,2026-04-18,PAY_e09a,STAT_4414,2026-04-18
5156,ORD_aef6c2,CUST_1b0560,One_Time,2025-07-02,PAY_8cd2,STAT_e09a,2025-07-02
5157,ORD_3216b2,CUST_86d2d2,One_Time,2024-08-09,PAY_8cd2,STAT_4414,2024-08-09
5158,ORD_84fa30,CUST_c5c125,One_Time,2025-02-14,PAY_8cd2,STAT_8cd2,2025-02-14
5159,ORD_c9939e,CUST_a73fc9,One_Time,2025-02-14,PAY_e09a,STAT_182e,2025-02-14
5160,ORD_d4bee2,CUST_b09979,Repeat,2023-07-03,PAY_8cd2,STAT_4414,2023-07-03
5161,ORD_4bb26c,CUST_b09979,Repeat,2023-07-03,PAY_182e,STAT_8cd2,2023-07-03
5162,ORD_d63d0b,CUST_b09979,Repeat,2023-07-03,PAY_8cd2,STAT_4414,2023-07-03
5163,ORD_35a0f3,CUST_b09979,Repeat,2023-07-03,PAY_182e,STAT_4414,2023-07-03
5164,ORD_10aafd,CUST_b09979,Repeat,2026-04-20,PAY_8cd2,STAT_8cd2,2026-04-20
5165,ORD_3e1035,CUST_e88cc0,Repeat,2025-03-20,PAY_8cd2,STAT_e09a,2025-03-20
5166,ORD_207f08,CUST_e88cc0,Repeat,2025-07-05,PAY_182e,STAT_4414,2025-07-05
5167,ORD_33317f,CUST_6a2872,One_Time,2025-10-16,PAY_4414,STAT_e09a,2025-10-16
5168,ORD_7eff2a,CUST_6f796c,One_Time,2023-01-20,PAY_8cd2,STAT_4414,2023-01-20
5169,ORD_183a60,CUST_a48593,One_Time,2023-06-04,PAY_8cd2,STAT_e09a,2023-06-04
5170,ORD_76e572,CUST_f42425,One_Time,2025-07-05,PAY_8cd2,STAT_4414,2025-07-05
5171,ORD_d81906,CUST_d7bd2e,One_Time,2022-11-25,PAY_e09a,STAT_e09a,2022-11-25
5172,ORD_4f4409,CUST_aa465d,One_Time,2025-05-21,PAY_4414,STAT_e09a,2025-05-21
5173,ORD_67e925,CUST_30867b,One_Time,2024-10-24,PAY_8cd2,STAT_182e,2024-10-24
5174,ORD_f2e13e,CUST_7eabc0,One_Time,2024-12-23,PAY_e09a,STAT_e09a,2024-12-23
5175,ORD_54f2f0,CUST_f28fe7,One_Time,2023-09-09,PAY_182e,STAT_8cd2,2023-09-09
5176,ORD_91778f,CUST_e95309,One_Time,2026-02-14,PAY_8cd2,STAT_e09a,2026-02-14
5177,ORD_a09804,CUST_087fef,One_Time,2023-12-13,PAY_182e,STAT_4414,2023-12-13
5178,ORD_e2819e,CUST_43521e,One_Time,2026-04-11,PAY_182e,STAT_4414,2026-04-11
5179,ORD_1dc92f,CUST_8a311b,One_Time,2025-09-13,PAY_8cd2,STAT_8cd2,2025-09-13
5180,ORD_dc1e4d,CUST_8cb94e,One_Time,2024-12-24,PAY_e09a,STAT_e09a,2024-12-24
5181,ORD_5e95d4,CUST_9353ba,One_Time,2025-09-14,PAY_182e,STAT_182e,2025-09-14
5182,ORD_f5496e,CUST_e02825,Repeat,2024-08-22,PAY_4414,STAT_8cd2,2024-08-22
5183,ORD_400bd9,CUST_e02825,Repeat,2024-08-22,PAY_4414,STAT_e09a,2024-08-22
5184,ORD_38e971,CUST_e02825,Repeat,2026-01-21,PAY_8cd2,STAT_4414,2026-01-21
5185,ORD_ccbdcb,CUST_d8e75f,One_Time,2024-06-06,PAY_4414,STAT_4414,2024-06-06
5186,ORD_a89e17,CUST_c10dc5,One_Time,2025-10-22,PAY_4414,STAT_8cd2,2025-10-22
5187,ORD_b47c42,CUST_4c114a,One_Time,2024-12-19,PAY_e09a,STAT_4414,2024-12-19
5188,ORD_c243d1,CUST_07e713,One_Time,2022-03-10,PAY_182e,STAT_182e,2022-03-10
5189,ORD_164cf8,CUST_29708d,One_Time,2025-10-03,PAY_e09a,STAT_e09a,2025-10-03
5190,ORD_885c32,CUST_1866e6,Repeat,2024-01-22,PAY_8cd2,STAT_182e,2024-01-22
5191,ORD_f4ae33,CUST_1866e6,Repeat,2024-01-22,PAY_4414,STAT_8cd2,2024-01-22
5192,ORD_f4ce7b,CUST_b1817f,One_Time,2024-09-19,PAY_e09a,STAT_182e,2024-09-19
5193,ORD_2ded24,CUST_8dfe32,One_Time,2023-04-01,PAY_8cd2,STAT_4414,2023-04-01
5194,ORD_061fb2,CUST_abdec7,One_Time,2025-09-25,PAY_182e,STAT_e09a,2025-09-25
5195,ORD_adb8e5,CUST_728cfa,One_Time,2024-12-24,PAY_182e,STAT_8cd2,2024-12-24
5196,ORD_7602cd,CUST_0bc0ab,One_Time,2025-02-01,PAY_e09a,STAT_8cd2,2025-02-01
5197,ORD_54ed23,CUST_ecaad1,One_Time,2026-04-05,PAY_8cd2,STAT_8cd2,2026-04-05
5198,ORD_4e7e28,CUST_008d81,One_Time,2021-02-24,PAY_4414,STAT_182e,2021-02-24
5199,ORD_c02615,CUST_96c376,One_Time,2025-02-28,PAY_8cd2,STAT_182e,2025-02-28
5200,ORD_581209,CUST_90fc50,One_Time,2025-04-19,PAY_182e,STAT_182e,2025-04-19
5201,ORD_6415e1,CUST_556490,One_Time,2024-09-04,PAY_4414,STAT_4414,2024-09-04
5202,ORD_dc85be,CUST_f6bada,One_Time,2025-08-04,PAY_182e,STAT_8cd2,2025-08-04
5203,ORD_6ac887,CUST_c35d06,Repeat,2024-08-19,PAY_4414,STAT_e09a,2024-08-19
5204,ORD_488f4a,CUST_c35d06,Repeat,2024-08-19,PAY_182e,STAT_182e,2024-08-19
5205,ORD_416366,CUST_ed4ec8,One_Time,2026-03-01,PAY_182e,STAT_182e,2026-03-01
5206,ORD_f454e7,CUST_9244e5,One_Time,2025-03-23,PAY_e09a,STAT_182e,2025-03-23
5207,ORD_1f0eb4,CUST_f3a612,One_Time,2026-05-09,PAY_e09a,STAT_182e,2026-05-09
5208,ORD_4b53dc,CUST_0a6d5a,One_Time,2022-12-21,PAY_182e,STAT_8cd2,2022-12-21
5209,ORD_2d03b8,CUST_2603f4,One_Time,2023-12-22,PAY_4414,STAT_e09a,2023-12-22
5210,ORD_b8d84e,CUST_00f002,One_Time,2023-11-02,PAY_e09a,STAT_8cd2,2023-11-02
5211,ORD_7aeb5b,CUST_448a48,Repeat,2023-04-16,PAY_182e,STAT_8cd2,2023-04-16
5212,ORD_d9d3c9,CUST_448a48,Repeat,2024-10-27,PAY_4414,STAT_8cd2,2024-10-27
5213,ORD_c53afb,CUST_448a48,Repeat,2023-04-16,PAY_e09a,STAT_4414,2023-04-16
5214,ORD_0906a1,CUST_448a48,Repeat,2024-04-14,PAY_4414,STAT_e09a,2024-04-14
5215,ORD_c5f0da,CUST_448a48,Repeat,2024-12-26,PAY_182e,STAT_8cd2,2024-12-26
5216,ORD_cb97e8,CUST_448a48,Repeat,2025-08-07,PAY_e09a,STAT_8cd2,2025-08-07
5217,ORD_277a07,CUST_5b81c2,Repeat,2022-09-05,PAY_4414,STAT_4414,2022-09-05
5218,ORD_586a81,CUST_5b81c2,Repeat,2025-12-07,PAY_182e,STAT_182e,2025-12-07
5219,ORD_4048f4,CUST_5b81c2,Repeat,2022-07-13,PAY_4414,STAT_e09a,2022-07-13
5220,ORD_47d5b3,CUST_5b81c2,Repeat,2022-05-05,PAY_4414,STAT_8cd2,2022-05-05
5221,ORD_d188d5,CUST_5b81c2,Repeat,2025-05-19,PAY_4414,STAT_e09a,2025-05-19
5222,ORD_3dc0c5,CUST_59e6c4,One_Time,2025-02-05,PAY_8cd2,STAT_e09a,2025-02-05
5223,ORD_689e88,CUST_6c6fb3,One_Time,2025-11-20,PAY_4414,STAT_182e,2025-11-20
5224,ORD_06d3de,CUST_7c67a8,One_Time,2021-10-07,PAY_e09a,STAT_e09a,2021-10-07
5225,ORD_027a0b,CUST_81773b,One_Time,2023-02-05,PAY_e09a,STAT_4414,2023-02-05
5226,ORD_d44b45,CUST_87e341,One_Time,2025-05-15,PAY_182e,STAT_4414,2025-05-15
5227,ORD_312891,CUST_7e2674,One_Time,2025-01-17,PAY_8cd2,STAT_8cd2,2025-01-17
5228,ORD_5f4524,CUST_c96cd7,Repeat,2025-04-28,PAY_e09a,STAT_4414,2025-04-28
5229,ORD_c1d515,CUST_c96cd7,Repeat,2025-12-10,PAY_182e,STAT_e09a,2025-12-10
5230,ORD_683268,CUST_c96cd7,Repeat,2022-03-18,PAY_e09a,STAT_e09a,2022-03-18
5231,ORD_be717b,CUST_c96cd7,Repeat,2025-10-15,PAY_4414,STAT_182e,2025-10-15
5232,ORD_a4dbf5,CUST_c96cd7,Repeat,2022-04-12,PAY_8cd2,STAT_182e,2022-04-12
5233,ORD_341a7b,CUST_048792,One_Time,2024-10-22,PAY_e09a,STAT_e09a,2024-10-22
5234,ORD_f51d04,CUST_c49033,Repeat,2025-07-03,PAY_182e,STAT_182e,2025-07-03
5235,ORD_aa3d4f,CUST_c49033,Repeat,2024-05-17,PAY_4414,STAT_e09a,2024-05-17
5236,ORD_4a0199,CUST_c49033,Repeat,2023-01-11,PAY_e09a,STAT_182e,2023-01-11
5237,ORD_f22e9d,CUST_c49033,Repeat,2023-01-11,PAY_4414,STAT_4414,2023-01-11
5238,ORD_506283,CUST_c49033,Repeat,2024-04-17,PAY_4414,STAT_8cd2,2024-04-17
5239,ORD_4cfd02,CUST_c49033,Repeat,2026-05-12,PAY_182e,STAT_e09a,2026-05-12
5240,ORD_0267af,CUST_29838b,One_Time,2024-07-27,PAY_8cd2,STAT_e09a,2024-07-27
5241,ORD_8a7961,CUST_a69139,One_Time,2023-10-22,PAY_182e,STAT_4414,2023-10-22
5242,ORD_f88564,CUST_862d4e,Repeat,2022-06-10,PAY_e09a,STAT_e09a,2022-06-10
5243,ORD_226eaa,CUST_862d4e,Repeat,2023-10-05,PAY_8cd2,STAT_182e,2023-10-05
5244,ORD_0fa287,CUST_862d4e,Repeat,2025-10-13,PAY_4414,STAT_182e,2025-10-13
5245,ORD_edb0ee,CUST_862d4e,Repeat,2026-03-16,PAY_4414,STAT_182e,2026-03-16
5246,ORD_d896f8,CUST_0b9f21,One_Time,2025-12-22,PAY_e09a,STAT_182e,2025-12-22
5247,ORD_3e3579,CUST_7685fb,One_Time,2023-09-16,PAY_4414,STAT_4414,2023-09-16
5248,ORD_a2f5a2,CUST_284419,One_Time,2025-08-24,PAY_4414,STAT_8cd2,2025-08-24
5249,ORD_059fa7,CUST_85e409,One_Time,2025-01-11,PAY_182e,STAT_4414,2025-01-11
5250,ORD_d5e051,CUST_6f5f35,One_Time,2024-05-02,PAY_e09a,STAT_4414,2024-05-02
5251,ORD_5a79cb,CUST_526f95,One_Time,2022-02-11,PAY_e09a,STAT_182e,2022-02-11
5252,ORD_d3c383,CUST_3ba4f4,One_Time,2023-04-25,PAY_182e,STAT_4414,2023-04-25
5253,ORD_05d711,CUST_3e421a,One_Time,2022-12-25,PAY_182e,STAT_182e,2022-12-25
5254,ORD_343a60,CUST_06482b,One_Time,2026-02-24,PAY_8cd2,STAT_e09a,2026-02-24
5255,ORD_ebe1f9,CUST_fd9aa5,One_Time,2024-10-25,PAY_8cd2,STAT_e09a,2024-10-25
5256,ORD_3901e7,CUST_94d7a8,One_Time,2025-02-23,PAY_4414,STAT_4414,2025-02-23
5257,ORD_f818a2,CUST_90de29,One_Time,2025-03-22,PAY_182e,STAT_8cd2,2025-03-22
5258,ORD_e9f189,CUST_fc150e,One_Time,2024-06-18,PAY_e09a,STAT_e09a,2024-06-18
5259,ORD_ee754a,CUST_b898da,One_Time,2025-08-05,PAY_182e,STAT_182e,2025-08-05
5260,ORD_ea3f41,CUST_c86c8b,One_Time,2026-04-13,PAY_4414,STAT_4414,2026-04-13
5261,ORD_42a735,CUST_e1472b,One_Time,2025-04-22,PAY_e09a,STAT_182e,2025-04-22
5262,ORD_1f79ec,CUST_75eaf0,One_Time,2023-10-24,PAY_e09a,STAT_182e,2023-10-24
5263,ORD_5d79dc,CUST_240bd2,One_Time,2023-09-25,PAY_8cd2,STAT_e09a,2023-09-25
5264,ORD_3a0cfc,CUST_a6e114,Commercial,2025-04-14,PAY_182e,STAT_e09a,2025-04-14
5265,ORD_f66e53,CUST_a6e114,Commercial,2026-01-11,PAY_182e,STAT_4414,2026-01-11
5266,ORD_27cd50,CUST_a6e114,Commercial,2025-08-25,PAY_8cd2,STAT_182e,2025-08-25
5267,ORD_387395,CUST_a6e114,Commercial,2025-11-02,PAY_e09a,STAT_e09a,2025-11-02
5268,ORD_b1334e,CUST_a6e114,Commercial,2025-04-14,PAY_8cd2,STAT_8cd2,2025-04-14
5269,ORD_bc1a6a,CUST_a6e114,Commercial,2025-04-14,PAY_182e,STAT_e09a,2025-04-14
5270,ORD_1c2818,CUST_a6e114,Commercial,2025-04-14,PAY_4414,STAT_8cd2,2025-04-14
5271,ORD_9da94c,CUST_a6e114,Commercial,2025-04-14,PAY_8cd2,STAT_182e,2025-04-14
5272,ORD_d8589c,CUST_a6e114,Commercial,2025-04-14,PAY_e09a,STAT_182e,2025-04-14
5273,ORD_908058,CUST_a6e114,Commercial,2025-04-14,PAY_4414,STAT_182e,2025-04-14
5274,ORD_8ee749,CUST_a6e114,Commercial,2025-07-08,PAY_8cd2,STAT_8cd2,2025-07-08
5275,ORD_d1ae0d,CUST_a6e114,Commercial,2025-04-14,PAY_182e,STAT_8cd2,2025-04-14
5276,ORD_2131a7,CUST_a6e114,Commercial,2025-05-28,PAY_182e,STAT_182e,2025-05-28
5277,ORD_3c69ee,CUST_a6e114,Commercial,2025-04-14,PAY_182e,STAT_8cd2,2025-04-14
5278,ORD_1cc8da,CUST_a6e114,Commercial,2025-04-14,PAY_8cd2,STAT_8cd2,2025-04-14
5279,ORD_1f9279,CUST_a6e114,Commercial,2025-04-14,PAY_182e,STAT_8cd2,2025-04-14
5280,ORD_5c3d17,CUST_a6e114,Commercial,2025-04-14,PAY_8cd2,STAT_e09a,2025-04-14
5281,ORD_6fbb15,CUST_6e2932,Repeat,2025-05-09,PAY_4414,STAT_8cd2,2025-05-09
5282,ORD_af7d31,CUST_6e2932,Repeat,2022-03-18,PAY_182e,STAT_e09a,2022-03-18
5283,ORD_26ab89,CUST_6e2932,Repeat,2024-10-09,PAY_182e,STAT_182e,2024-10-09
5284,ORD_2e13c3,CUST_6e2932,Repeat,2022-02-04,PAY_4414,STAT_8cd2,2022-02-04
5285,ORD_9021fe,CUST_d30702,One_Time,2025-11-18,PAY_e09a,STAT_e09a,2025-11-18
5286,ORD_996355,CUST_bd64cc,Commercial,2022-11-16,PAY_e09a,STAT_182e,2022-11-16
5287,ORD_4a784e,CUST_bd64cc,Commercial,2022-11-16,PAY_8cd2,STAT_8cd2,2022-11-16
5288,ORD_e4eeed,CUST_bd64cc,Commercial,2026-04-23,PAY_e09a,STAT_8cd2,2026-04-23
5289,ORD_e1144c,CUST_bd64cc,Commercial,2023-09-27,PAY_8cd2,STAT_4414,2023-09-27
5290,ORD_ae2ea2,CUST_bd64cc,Commercial,2024-09-13,PAY_4414,STAT_e09a,2024-09-13
5291,ORD_538f11,CUST_bd64cc,Commercial,2022-11-16,PAY_e09a,STAT_e09a,2022-11-16
5292,ORD_fe945c,CUST_bd64cc,Commercial,2026-04-09,PAY_182e,STAT_8cd2,2026-04-09
5293,ORD_d7864e,CUST_bd64cc,Commercial,2025-05-25,PAY_4414,STAT_182e,2025-05-25
5294,ORD_c9555c,CUST_d57683,One_Time,2025-05-28,PAY_4414,STAT_182e,2025-05-28
5295,ORD_0c9775,CUST_5ab16c,Repeat,2026-02-22,PAY_8cd2,STAT_e09a,2026-02-22
5296,ORD_eef1b1,CUST_5ab16c,Repeat,2025-07-11,PAY_182e,STAT_4414,2025-07-11
5297,ORD_c17df0,CUST_ab34b3,Repeat,2025-10-25,PAY_182e,STAT_4414,2025-10-25
5298,ORD_09706a,CUST_ab34b3,Repeat,2025-10-25,PAY_4414,STAT_e09a,2025-10-25
5299,ORD_747564,CUST_ab34b3,Repeat,2025-10-25,PAY_182e,STAT_4414,2025-10-25
5300,ORD_e7885d,CUST_ab34b3,Repeat,2025-10-25,PAY_e09a,STAT_182e,2025-10-25
5301,ORD_6cce69,CUST_48e1a7,One_Time,2024-05-21,PAY_4414,STAT_8cd2,2024-05-21
5302,ORD_ea06cf,CUST_377c06,One_Time,2026-04-27,PAY_4414,STAT_182e,2026-04-27
5303,ORD_a298cc,CUST_edd1d6,Repeat,2024-12-20,PAY_8cd2,STAT_e09a,2024-12-20
5304,ORD_9aa837,CUST_edd1d6,Repeat,2022-10-20,PAY_e09a,STAT_e09a,2022-10-20
5305,ORD_a55572,CUST_edd1d6,Repeat,2021-12-22,PAY_8cd2,STAT_182e,2021-12-22
5306,ORD_913c3f,CUST_edd1d6,Repeat,2022-08-07,PAY_e09a,STAT_e09a,2022-08-07
5307,ORD_a1f9c4,CUST_edd1d6,Repeat,2024-11-23,PAY_8cd2,STAT_e09a,2024-11-23
5308,ORD_ebcf81,CUST_cb4b24,One_Time,2025-06-20,PAY_182e,STAT_8cd2,2025-06-20
5309,ORD_6fc101,CUST_3b2911,One_Time,2023-10-08,PAY_8cd2,STAT_4414,2023-10-08
5310,ORD_f06b20,CUST_c281fe,One_Time,2025-03-17,PAY_8cd2,STAT_8cd2,2025-03-17
5311,ORD_da3370,CUST_c9af3c,One_Time,2022-08-22,PAY_182e,STAT_e09a,2022-08-22
5312,ORD_ee0dc4,CUST_72199a,Commercial,2025-03-22,PAY_182e,STAT_8cd2,2025-03-22
5313,ORD_fdc4e7,CUST_72199a,Commercial,2024-07-07,PAY_8cd2,STAT_182e,2024-07-07
5314,ORD_f7e7a5,CUST_72199a,Commercial,2024-01-19,PAY_8cd2,STAT_8cd2,2024-01-19
5315,ORD_472201,CUST_72199a,Commercial,2024-10-08,PAY_4414,STAT_e09a,2024-10-08
5316,ORD_f5d890,CUST_72199a,Commercial,2025-09-01,PAY_e09a,STAT_e09a,2025-09-01
5317,ORD_903d34,CUST_72199a,Commercial,2024-11-09,PAY_e09a,STAT_8cd2,2024-11-09
5318,ORD_099767,CUST_72199a,Commercial,2024-01-19,PAY_182e,STAT_4414,2024-01-19
5319,ORD_ffaa2f,CUST_72199a,Commercial,2026-05-14,PAY_8cd2,STAT_182e,2026-05-14
5320,ORD_9f5280,CUST_72199a,Commercial,2024-01-19,PAY_182e,STAT_4414,2024-01-19
5321,ORD_16aa77,CUST_72199a,Commercial,2024-01-19,PAY_e09a,STAT_4414,2024-01-19
5322,ORD_bf239c,CUST_72199a,Commercial,2024-01-19,PAY_4414,STAT_182e,2024-01-19
5323,ORD_88e2f0,CUST_72199a,Commercial,2026-03-23,PAY_182e,STAT_e09a,2026-03-23
5324,ORD_0a2db1,CUST_1995b3,One_Time,2023-05-10,PAY_e09a,STAT_e09a,2023-05-10
5325,ORD_bff583,CUST_f43643,Repeat,2024-06-01,PAY_8cd2,STAT_8cd2,2024-06-01
5326,ORD_6d300e,CUST_f43643,Repeat,2025-08-14,PAY_8cd2,STAT_182e,2025-08-14
5327,ORD_186b30,CUST_f43643,Repeat,2023-12-22,PAY_8cd2,STAT_182e,2023-12-22
5328,ORD_696e02,CUST_f43643,Repeat,2024-08-03,PAY_4414,STAT_182e,2024-08-03
5329,ORD_3ce239,CUST_f43643,Repeat,2021-09-01,PAY_8cd2,STAT_182e,2021-09-01
5330,ORD_32db32,CUST_f43643,Repeat,2022-09-09,PAY_e09a,STAT_182e,2022-09-09
5331,ORD_ba9ab3,CUST_7f5f52,One_Time,2025-12-23,PAY_4414,STAT_8cd2,2025-12-23
5332,ORD_d23bf8,CUST_03dacf,Repeat,2024-04-06,PAY_4414,STAT_182e,2024-04-06
5333,ORD_ada803,CUST_03dacf,Repeat,2024-05-20,PAY_e09a,STAT_e09a,2024-05-20
5334,ORD_e47aa1,CUST_03dacf,Repeat,2023-12-07,PAY_182e,STAT_e09a,2023-12-07
5335,ORD_004da3,CUST_03dacf,Repeat,2022-11-23,PAY_e09a,STAT_4414,2022-11-23
5336,ORD_f2d941,CUST_03dacf,Repeat,2022-12-05,PAY_182e,STAT_8cd2,2022-12-05
5337,ORD_5f82ad,CUST_b25ad4,One_Time,2025-02-17,PAY_e09a,STAT_4414,2025-02-17
5338,ORD_f92a4f,CUST_257ba5,One_Time,2025-12-10,PAY_182e,STAT_182e,2025-12-10
5339,ORD_24cebe,CUST_646b98,One_Time,2024-02-02,PAY_8cd2,STAT_182e,2024-02-02
5340,ORD_0b6778,CUST_3a0a63,Repeat,2026-03-10,PAY_182e,STAT_8cd2,2026-03-10
5341,ORD_b1aa7f,CUST_3a0a63,Repeat,2026-03-10,PAY_e09a,STAT_4414,2026-03-10
5342,ORD_5b99d2,CUST_3a0a63,Repeat,2026-03-10,PAY_182e,STAT_e09a,2026-03-10
5343,ORD_ebb0c5,CUST_f4da22,One_Time,2024-05-13,PAY_182e,STAT_8cd2,2024-05-13
5344,ORD_360155,CUST_e909c0,One_Time,2024-11-20,PAY_8cd2,STAT_e09a,2024-11-20
5345,ORD_7d44c3,CUST_e44c22,Repeat,2022-09-23,PAY_182e,STAT_e09a,2022-09-23
5346,ORD_512882,CUST_e44c22,Repeat,2022-09-23,PAY_4414,STAT_4414,2022-09-23
5347,ORD_b341b6,CUST_e44c22,Repeat,2022-09-23,PAY_182e,STAT_8cd2,2022-09-23
5348,ORD_c5f4e3,CUST_e44c22,Repeat,2022-09-23,PAY_e09a,STAT_8cd2,2022-09-23
5349,ORD_b0bd7a,CUST_2cda3c,One_Time,2024-05-01,PAY_4414,STAT_182e,2024-05-01
5350,ORD_f9f0e7,CUST_acc7b7,One_Time,2023-07-17,PAY_4414,STAT_8cd2,2023-07-17
5351,ORD_60e1cc,CUST_f43eec,One_Time,2026-02-12,PAY_4414,STAT_182e,2026-02-12
5352,ORD_da5eb8,CUST_dbf43d,Commercial,2025-07-11,PAY_e09a,STAT_8cd2,2025-07-11
5353,ORD_4e1fc7,CUST_dbf43d,Commercial,2022-10-07,PAY_4414,STAT_e09a,2022-10-07
5354,ORD_d5596a,CUST_dbf43d,Commercial,2024-09-21,PAY_182e,STAT_e09a,2024-09-21
5355,ORD_c447d6,CUST_dbf43d,Commercial,2022-10-07,PAY_182e,STAT_182e,2022-10-07
5356,ORD_d3ac50,CUST_dbf43d,Commercial,2022-10-07,PAY_8cd2,STAT_e09a,2022-10-07
5357,ORD_65091b,CUST_dbf43d,Commercial,2023-10-15,PAY_182e,STAT_182e,2023-10-15
5358,ORD_7ce478,CUST_dbf43d,Commercial,2024-02-27,PAY_8cd2,STAT_8cd2,2024-02-27
5359,ORD_8db6cb,CUST_dbf43d,Commercial,2025-10-05,PAY_8cd2,STAT_8cd2,2025-10-05
5360,ORD_9609a6,CUST_dbf43d,Commercial,2024-10-04,PAY_e09a,STAT_4414,2024-10-04
5361,ORD_a9920b,CUST_dbf43d,Commercial,2023-05-02,PAY_4414,STAT_8cd2,2023-05-02
5362,ORD_b22532,CUST_dbf43d,Commercial,2022-10-07,PAY_4414,STAT_182e,2022-10-07
5363,ORD_7fa5a6,CUST_dbf43d,Commercial,2022-10-07,PAY_4414,STAT_182e,2022-10-07
5364,ORD_2de90a,CUST_dbf43d,Commercial,2024-09-14,PAY_4414,STAT_e09a,2024-09-14
5365,ORD_23df3c,CUST_dbf43d,Commercial,2024-12-20,PAY_8cd2,STAT_e09a,2024-12-20
5366,ORD_e33554,CUST_dbf43d,Commercial,2026-01-27,PAY_e09a,STAT_182e,2026-01-27
5367,ORD_936965,CUST_dbf43d,Commercial,2023-03-12,PAY_182e,STAT_4414,2023-03-12
5368,ORD_cf8b79,CUST_70863c,One_Time,2025-08-21,PAY_4414,STAT_182e,2025-08-21
5369,ORD_33a82f,CUST_5ab10e,Repeat,2023-07-17,PAY_182e,STAT_4414,2023-07-17
5370,ORD_67bafa,CUST_5ab10e,Repeat,2023-07-17,PAY_8cd2,STAT_e09a,2023-07-17
5371,ORD_d08bf5,CUST_5ab10e,Repeat,2026-05-10,PAY_4414,STAT_e09a,2026-05-10
5372,ORD_ec1554,CUST_5ab10e,Repeat,2023-11-17,PAY_8cd2,STAT_4414,2023-11-17
5373,ORD_77e8f7,CUST_5ab10e,Repeat,2023-07-17,PAY_8cd2,STAT_4414,2023-07-17
5374,ORD_689548,CUST_3144e2,One_Time,2025-08-07,PAY_4414,STAT_e09a,2025-08-07
5375,ORD_ed731b,CUST_27c676,One_Time,2025-04-17,PAY_182e,STAT_182e,2025-04-17
5376,ORD_3275a1,CUST_fd38b0,Repeat,2024-05-22,PAY_182e,STAT_182e,2024-05-22
5377,ORD_f29064,CUST_fd38b0,Repeat,2023-02-26,PAY_e09a,STAT_182e,2023-02-26
5378,ORD_9541b2,CUST_fd38b0,Repeat,2023-02-26,PAY_8cd2,STAT_e09a,2023-02-26
5379,ORD_92eaf9,CUST_bcba5b,One_Time,2026-02-21,PAY_8cd2,STAT_e09a,2026-02-21
5380,ORD_f81b1c,CUST_d0dacc,One_Time,2024-10-12,PAY_182e,STAT_4414,2024-10-12
5381,ORD_81237a,CUST_b37130,Repeat,2026-05-23,PAY_8cd2,STAT_4414,2026-05-23
5382,ORD_ce13b2,CUST_b37130,Repeat,2026-05-23,PAY_182e,STAT_4414,2026-05-23
5383,ORD_a3e9e5,CUST_b37130,Repeat,2026-05-23,PAY_8cd2,STAT_8cd2,2026-05-23
5384,ORD_205b27,CUST_b37130,Repeat,2026-05-23,PAY_4414,STAT_e09a,2026-05-23
5385,ORD_227e9b,CUST_60946b,One_Time,2023-07-06,PAY_4414,STAT_4414,2023-07-06
5386,ORD_910289,CUST_296d86,One_Time,2025-12-01,PAY_8cd2,STAT_4414,2025-12-01
5387,ORD_7727bd,CUST_cc56ec,One_Time,2026-04-04,PAY_4414,STAT_4414,2026-04-04
5388,ORD_ae2c3a,CUST_b29a25,One_Time,2023-07-11,PAY_182e,STAT_4414,2023-07-11
5389,ORD_0c67cc,CUST_20965f,Repeat,2024-12-10,PAY_4414,STAT_4414,2024-12-10
5390,ORD_7443bd,CUST_20965f,Repeat,2024-11-23,PAY_182e,STAT_e09a,2024-11-23
5391,ORD_c263e4,CUST_20965f,Repeat,2025-02-07,PAY_8cd2,STAT_4414,2025-02-07
5392,ORD_420b62,CUST_20965f,Repeat,2024-02-10,PAY_4414,STAT_8cd2,2024-02-10
5393,ORD_43f4c0,CUST_f8956f,One_Time,2026-05-19,PAY_e09a,STAT_8cd2,2026-05-19
5394,ORD_be915b,CUST_a20b44,One_Time,2024-04-05,PAY_182e,STAT_8cd2,2024-04-05
5395,ORD_adf822,CUST_8030d3,One_Time,2024-06-13,PAY_e09a,STAT_4414,2024-06-13
5396,ORD_481c67,CUST_3b2331,Repeat,2022-05-08,PAY_4414,STAT_8cd2,2022-05-08
5397,ORD_ecd812,CUST_3b2331,Repeat,2022-07-14,PAY_e09a,STAT_4414,2022-07-14
5398,ORD_851d2b,CUST_3b2331,Repeat,2022-05-08,PAY_182e,STAT_e09a,2022-05-08
5399,ORD_c7dcee,CUST_fe1383,One_Time,2025-06-07,PAY_4414,STAT_182e,2025-06-07
5400,ORD_ca0368,CUST_cb20bc,Repeat,2025-09-25,PAY_e09a,STAT_4414,2025-09-25
5401,ORD_5e5750,CUST_cb20bc,Repeat,2024-02-15,PAY_e09a,STAT_8cd2,2024-02-15
5402,ORD_a19811,CUST_cb20bc,Repeat,2024-01-25,PAY_8cd2,STAT_182e,2024-01-25
5403,ORD_246667,CUST_cb20bc,Repeat,2024-01-25,PAY_8cd2,STAT_182e,2024-01-25
5404,ORD_f438e9,CUST_cb20bc,Repeat,2025-05-27,PAY_e09a,STAT_e09a,2025-05-27
5405,ORD_5c8d94,CUST_977410,One_Time,2022-04-21,PAY_182e,STAT_8cd2,2022-04-21
5406,ORD_bdeabe,CUST_c546fd,One_Time,2026-03-25,PAY_e09a,STAT_4414,2026-03-25
5407,ORD_d529d5,CUST_9268d8,One_Time,2026-05-13,PAY_e09a,STAT_4414,2026-05-13
5408,ORD_b795b5,CUST_e51b96,One_Time,2024-05-16,PAY_e09a,STAT_8cd2,2024-05-16
5409,ORD_1abbc4,CUST_72fae5,Repeat,2026-01-05,PAY_8cd2,STAT_4414,2026-01-05
5410,ORD_3be13a,CUST_72fae5,Repeat,2026-01-05,PAY_4414,STAT_4414,2026-01-05
5411,ORD_c22884,CUST_72fae5,Repeat,2026-01-05,PAY_8cd2,STAT_182e,2026-01-05
5412,ORD_ae65bc,CUST_5da4fd,Commercial,2022-11-15,PAY_e09a,STAT_4414,2022-11-15
5413,ORD_95f756,CUST_5da4fd,Commercial,2022-11-15,PAY_8cd2,STAT_8cd2,2022-11-15
5414,ORD_c4b25c,CUST_5da4fd,Commercial,2022-11-15,PAY_4414,STAT_e09a,2022-11-15
5415,ORD_3b2813,CUST_5da4fd,Commercial,2022-11-15,PAY_e09a,STAT_182e,2022-11-15
5416,ORD_99646d,CUST_5da4fd,Commercial,2025-12-04,PAY_182e,STAT_4414,2025-12-04
5417,ORD_3cd3f8,CUST_5da4fd,Commercial,2024-11-16,PAY_182e,STAT_e09a,2024-11-16
5418,ORD_d391ae,CUST_5da4fd,Commercial,2025-06-15,PAY_8cd2,STAT_182e,2025-06-15
5419,ORD_acb223,CUST_5da4fd,Commercial,2022-11-15,PAY_4414,STAT_182e,2022-11-15
5420,ORD_7fd481,CUST_5da4fd,Commercial,2026-03-04,PAY_8cd2,STAT_e09a,2026-03-04
5421,ORD_aaaf12,CUST_5da4fd,Commercial,2024-07-02,PAY_4414,STAT_4414,2024-07-02
5422,ORD_0ff299,CUST_5da4fd,Commercial,2022-11-15,PAY_4414,STAT_4414,2022-11-15
5423,ORD_c2f5db,CUST_5da4fd,Commercial,2026-01-08,PAY_e09a,STAT_4414,2026-01-08
5424,ORD_1f5d22,CUST_5da4fd,Commercial,2026-05-11,PAY_182e,STAT_8cd2,2026-05-11
5425,ORD_4cced7,CUST_5da4fd,Commercial,2023-01-26,PAY_182e,STAT_4414,2023-01-26
5426,ORD_c8041d,CUST_5da4fd,Commercial,2022-11-15,PAY_8cd2,STAT_182e,2022-11-15
5427,ORD_46268f,CUST_5da4fd,Commercial,2023-04-02,PAY_e09a,STAT_e09a,2023-04-02
5428,ORD_87b4f0,CUST_5da4fd,Commercial,2022-11-22,PAY_8cd2,STAT_8cd2,2022-11-22
5429,ORD_759996,CUST_5da4fd,Commercial,2022-11-15,PAY_e09a,STAT_4414,2022-11-15
5430,ORD_2220e1,CUST_5da4fd,Commercial,2023-02-28,PAY_e09a,STAT_4414,2023-02-28
5431,ORD_ac8e86,CUST_5da4fd,Commercial,2024-08-03,PAY_8cd2,STAT_8cd2,2024-08-03
5432,ORD_981ec3,CUST_e2f60c,Repeat,2026-02-17,PAY_8cd2,STAT_e09a,2026-02-17
5433,ORD_4bd4a8,CUST_e2f60c,Repeat,2026-02-17,PAY_182e,STAT_e09a,2026-02-17
5434,ORD_4c5543,CUST_e2f60c,Repeat,2026-02-17,PAY_4414,STAT_8cd2,2026-02-17
5435,ORD_96748d,CUST_e2f60c,Repeat,2026-02-17,PAY_182e,STAT_e09a,2026-02-17
5436,ORD_3715ce,CUST_e2f60c,Repeat,2026-02-17,PAY_182e,STAT_4414,2026-02-17
5437,ORD_0bab80,CUST_f3fd3e,One_Time,2026-03-18,PAY_e09a,STAT_e09a,2026-03-18
5438,ORD_d27274,CUST_84784e,One_Time,2026-01-11,PAY_182e,STAT_4414,2026-01-11
5439,ORD_691a51,CUST_5d1525,One_Time,2024-09-23,PAY_e09a,STAT_4414,2024-09-23
5440,ORD_4b7e07,CUST_b9ae4a,One_Time,2025-12-06,PAY_4414,STAT_8cd2,2025-12-06
5441,ORD_e0b16a,CUST_64371a,One_Time,2022-01-09,PAY_e09a,STAT_4414,2022-01-09
5442,ORD_a5dc41,CUST_4741f0,One_Time,2025-04-26,PAY_e09a,STAT_182e,2025-04-26
5443,ORD_b7bb48,CUST_aef926,One_Time,2025-09-04,PAY_182e,STAT_4414,2025-09-04
5444,ORD_1561d9,CUST_90e425,One_Time,2024-02-10,PAY_e09a,STAT_8cd2,2024-02-10
5445,ORD_a5cbc1,CUST_a3b752,Repeat,2024-12-07,PAY_182e,STAT_182e,2024-12-07
5446,ORD_9580ea,CUST_a3b752,Repeat,2024-12-07,PAY_8cd2,STAT_182e,2024-12-07
5447,ORD_68b267,CUST_a3b752,Repeat,2024-12-07,PAY_e09a,STAT_e09a,2024-12-07
5448,ORD_8a8f7f,CUST_a3b752,Repeat,2024-12-07,PAY_4414,STAT_e09a,2024-12-07
5449,ORD_d042b6,CUST_a3b752,Repeat,2024-12-07,PAY_182e,STAT_e09a,2024-12-07
5450,ORD_355c25,CUST_794924,One_Time,2025-09-10,PAY_e09a,STAT_182e,2025-09-10
5451,ORD_6dcd8a,CUST_88892f,One_Time,2023-10-27,PAY_4414,STAT_e09a,2023-10-27
5452,ORD_756616,CUST_289e83,One_Time,2025-03-22,PAY_e09a,STAT_e09a,2025-03-22
5453,ORD_fc68a6,CUST_b88240,One_Time,2025-03-08,PAY_8cd2,STAT_8cd2,2025-03-08
5454,ORD_dee26f,CUST_081ed9,One_Time,2024-06-13,PAY_e09a,STAT_e09a,2024-06-13
5455,ORD_4a1fa4,CUST_090a39,Repeat,2025-04-18,PAY_e09a,STAT_182e,2025-04-18
5456,ORD_9f1de2,CUST_090a39,Repeat,2024-02-17,PAY_e09a,STAT_4414,2024-02-17
5457,ORD_af9785,CUST_090a39,Repeat,2024-01-21,PAY_8cd2,STAT_e09a,2024-01-21
5458,ORD_7caf6e,CUST_090a39,Repeat,2025-12-16,PAY_8cd2,STAT_8cd2,2025-12-16
5459,ORD_41c8db,CUST_090a39,Repeat,2022-11-19,PAY_8cd2,STAT_182e,2022-11-19
5460,ORD_26d194,CUST_a432d2,Repeat,2024-04-17,PAY_e09a,STAT_8cd2,2024-04-17
5461,ORD_26d8de,CUST_a432d2,Repeat,2022-06-21,PAY_8cd2,STAT_182e,2022-06-21
5462,ORD_b1c10b,CUST_a432d2,Repeat,2025-09-18,PAY_8cd2,STAT_182e,2025-09-18
5463,ORD_21f098,CUST_cdc665,One_Time,2025-07-15,PAY_182e,STAT_4414,2025-07-15
5464,ORD_73f60f,CUST_d5bcd4,Repeat,2024-04-05,PAY_e09a,STAT_e09a,2024-04-05
5465,ORD_3513e0,CUST_d5bcd4,Repeat,2024-04-05,PAY_4414,STAT_e09a,2024-04-05
5466,ORD_49d018,CUST_d5bcd4,Repeat,2024-04-05,PAY_8cd2,STAT_e09a,2024-04-05
5467,ORD_1e7956,CUST_dc7e45,One_Time,2026-03-12,PAY_8cd2,STAT_e09a,2026-03-12
5468,ORD_ac7947,CUST_5bb003,One_Time,2023-07-22,PAY_182e,STAT_e09a,2023-07-22
5469,ORD_54b78c,CUST_a127c8,One_Time,2023-10-24,PAY_182e,STAT_4414,2023-10-24
5470,ORD_95feeb,CUST_b4e2f9,Repeat,2025-10-26,PAY_4414,STAT_8cd2,2025-10-26
5471,ORD_48fa62,CUST_b4e2f9,Repeat,2022-04-07,PAY_8cd2,STAT_e09a,2022-04-07
5472,ORD_61fe5f,CUST_b4e2f9,Repeat,2025-09-23,PAY_182e,STAT_e09a,2025-09-23
5473,ORD_7cb5a2,CUST_b4e2f9,Repeat,2022-01-27,PAY_4414,STAT_e09a,2022-01-27
5474,ORD_f76a49,CUST_b4e2f9,Repeat,2026-05-13,PAY_8cd2,STAT_8cd2,2026-05-13
5475,ORD_eefd5a,CUST_322194,One_Time,2023-12-28,PAY_8cd2,STAT_e09a,2023-12-28
5476,ORD_54ae9a,CUST_dc7314,Repeat,2025-01-19,PAY_8cd2,STAT_4414,2025-01-19
5477,ORD_447676,CUST_dc7314,Repeat,2025-01-19,PAY_e09a,STAT_4414,2025-01-19
5478,ORD_85c73e,CUST_dc7314,Repeat,2025-01-19,PAY_182e,STAT_8cd2,2025-01-19
5479,ORD_4308b3,CUST_dc7314,Repeat,2025-01-19,PAY_e09a,STAT_4414,2025-01-19
5480,ORD_da4a07,CUST_dc7314,Repeat,2025-01-19,PAY_4414,STAT_4414,2025-01-19
5481,ORD_095cd9,CUST_ae5d97,Repeat,2025-01-20,PAY_182e,STAT_182e,2025-01-20
5482,ORD_551654,CUST_ae5d97,Repeat,2025-01-20,PAY_8cd2,STAT_182e,2025-01-20
5483,ORD_a65b67,CUST_9cb987,Repeat,2024-01-16,PAY_4414,STAT_182e,2024-01-16
5484,ORD_ea2699,CUST_9cb987,Repeat,2023-07-10,PAY_8cd2,STAT_182e,2023-07-10
5485,ORD_bfb477,CUST_9cb987,Repeat,2023-07-10,PAY_182e,STAT_4414,2023-07-10
5486,ORD_19376d,CUST_9cb987,Repeat,2023-12-24,PAY_8cd2,STAT_e09a,2023-12-24
5487,ORD_8f25ce,CUST_9cb987,Repeat,2023-11-10,PAY_182e,STAT_e09a,2023-11-10
5488,ORD_4a5cc9,CUST_ea2d69,One_Time,2026-05-03,PAY_4414,STAT_e09a,2026-05-03
5489,ORD_9863b4,CUST_029649,Repeat,2026-03-27,PAY_8cd2,STAT_182e,2026-03-27
5490,ORD_d3d621,CUST_029649,Repeat,2026-03-27,PAY_8cd2,STAT_4414,2026-03-27
5491,ORD_9dae80,CUST_029649,Repeat,2026-03-27,PAY_e09a,STAT_e09a,2026-03-27
5492,ORD_558cb9,CUST_029649,Repeat,2026-03-27,PAY_182e,STAT_8cd2,2026-03-27
5493,ORD_3da724,CUST_852d88,One_Time,2025-12-12,PAY_e09a,STAT_e09a,2025-12-12
5494,ORD_87b547,CUST_2f61c1,One_Time,2026-04-01,PAY_4414,STAT_8cd2,2026-04-01
5495,ORD_66e0ae,CUST_fa6522,One_Time,2025-01-19,PAY_182e,STAT_182e,2025-01-19
5496,ORD_677962,CUST_0151de,One_Time,2024-02-21,PAY_8cd2,STAT_e09a,2024-02-21
5497,ORD_5f495b,CUST_4e08f3,One_Time,2023-06-13,PAY_e09a,STAT_182e,2023-06-13
5498,ORD_ee3e80,CUST_ffbf25,One_Time,2025-11-26,PAY_182e,STAT_182e,2025-11-26
5499,ORD_9c64d4,CUST_af6ac0,Repeat,2024-01-21,PAY_e09a,STAT_4414,2024-01-21
5500,ORD_80b850,CUST_af6ac0,Repeat,2022-08-10,PAY_4414,STAT_e09a,2022-08-10
5501,ORD_e804b8,CUST_af6ac0,Repeat,2022-09-25,PAY_182e,STAT_e09a,2022-09-25
5502,ORD_ce3cab,CUST_af6ac0,Repeat,2022-04-13,PAY_e09a,STAT_4414,2022-04-13
5503,ORD_812325,CUST_af6ac0,Repeat,2025-01-04,PAY_e09a,STAT_e09a,2025-01-04
5504,ORD_681070,CUST_262c03,Repeat,2024-07-04,PAY_e09a,STAT_182e,2024-07-04
5505,ORD_57a35b,CUST_262c03,Repeat,2024-07-04,PAY_8cd2,STAT_8cd2,2024-07-04
5506,ORD_345ef5,CUST_262c03,Repeat,2025-05-04,PAY_182e,STAT_8cd2,2025-05-04
5507,ORD_5a95d1,CUST_262c03,Repeat,2025-01-05,PAY_4414,STAT_182e,2025-01-05
5508,ORD_ccfd53,CUST_262c03,Repeat,2024-07-04,PAY_4414,STAT_e09a,2024-07-04
5509,ORD_0e460f,CUST_262c03,Repeat,2026-01-11,PAY_8cd2,STAT_e09a,2026-01-11
5510,ORD_d9952b,CUST_987c9a,One_Time,2022-01-03,PAY_e09a,STAT_e09a,2022-01-03
5511,ORD_d3767e,CUST_f9a672,Repeat,2026-04-15,PAY_e09a,STAT_182e,2026-04-15
5512,ORD_285501,CUST_f9a672,Repeat,2026-04-15,PAY_8cd2,STAT_e09a,2026-04-15
5513,ORD_ebda24,CUST_f9a672,Repeat,2026-04-15,PAY_182e,STAT_182e,2026-04-15
5514,ORD_e9da9e,CUST_f9a672,Repeat,2026-04-15,PAY_4414,STAT_4414,2026-04-15
5515,ORD_7176ef,CUST_af67a1,Repeat,2025-05-04,PAY_8cd2,STAT_182e,2025-05-04
5516,ORD_56cdf8,CUST_af67a1,Repeat,2023-08-04,PAY_8cd2,STAT_8cd2,2023-08-04
5517,ORD_10fa74,CUST_602f36,Repeat,2025-06-19,PAY_e09a,STAT_182e,2025-06-19
5518,ORD_bc4da7,CUST_602f36,Repeat,2023-10-06,PAY_e09a,STAT_e09a,2023-10-06
5519,ORD_e5e4e4,CUST_a59a2f,One_Time,2025-11-09,PAY_8cd2,STAT_4414,2025-11-09
5520,ORD_ad2a3e,CUST_a5309b,Commercial,2022-01-05,PAY_182e,STAT_182e,2022-01-05
5521,ORD_5aa846,CUST_a5309b,Commercial,2023-02-11,PAY_4414,STAT_182e,2023-02-11
5522,ORD_c65071,CUST_a5309b,Commercial,2025-10-14,PAY_4414,STAT_e09a,2025-10-14
5523,ORD_fea6b4,CUST_a5309b,Commercial,2023-07-12,PAY_e09a,STAT_4414,2023-07-12
5524,ORD_8526bf,CUST_a5309b,Commercial,2022-03-13,PAY_4414,STAT_e09a,2022-03-13
5525,ORD_ac3eea,CUST_a5309b,Commercial,2023-08-03,PAY_4414,STAT_8cd2,2023-08-03
5526,ORD_c89e0f,CUST_a5309b,Commercial,2023-11-17,PAY_182e,STAT_4414,2023-11-17
5527,ORD_ade50b,CUST_a5309b,Commercial,2024-11-03,PAY_4414,STAT_e09a,2024-11-03
5528,ORD_6d0bba,CUST_a5309b,Commercial,2024-03-08,PAY_e09a,STAT_8cd2,2024-03-08
5529,ORD_418ac6,CUST_a5309b,Commercial,2025-11-24,PAY_182e,STAT_4414,2025-11-24
5530,ORD_9125f4,CUST_a5309b,Commercial,2022-09-28,PAY_182e,STAT_4414,2022-09-28
5531,ORD_7796a9,CUST_a5309b,Commercial,2025-02-24,PAY_e09a,STAT_182e,2025-02-24
5532,ORD_18e357,CUST_a5309b,Commercial,2021-12-28,PAY_8cd2,STAT_e09a,2021-12-28
5533,ORD_653c64,CUST_a5309b,Commercial,2024-02-15,PAY_4414,STAT_e09a,2024-02-15
5534,ORD_de27d0,CUST_a5309b,Commercial,2024-06-13,PAY_4414,STAT_8cd2,2024-06-13
5535,ORD_42fe9c,CUST_a5309b,Commercial,2025-05-24,PAY_8cd2,STAT_4414,2025-05-24
5536,ORD_0a03eb,CUST_a5309b,Commercial,2025-06-18,PAY_8cd2,STAT_e09a,2025-06-18
5537,ORD_426d01,CUST_a5309b,Commercial,2021-12-28,PAY_8cd2,STAT_4414,2021-12-28
5538,ORD_ac15cd,CUST_a5309b,Commercial,2024-05-15,PAY_e09a,STAT_182e,2024-05-15
5539,ORD_1eccbd,CUST_a5309b,Commercial,2022-02-09,PAY_8cd2,STAT_182e,2022-02-09
5540,ORD_da853b,CUST_6f982f,One_Time,2025-01-06,PAY_8cd2,STAT_182e,2025-01-06
5541,ORD_5b8b30,CUST_35b64d,One_Time,2025-06-18,PAY_e09a,STAT_4414,2025-06-18
5542,ORD_f8b0b5,CUST_b06ea3,Repeat,2025-03-04,PAY_182e,STAT_4414,2025-03-04
5543,ORD_cbe9be,CUST_b06ea3,Repeat,2025-03-04,PAY_e09a,STAT_e09a,2025-03-04
5544,ORD_7c7de0,CUST_b06ea3,Repeat,2025-03-04,PAY_8cd2,STAT_8cd2,2025-03-04
5545,ORD_e8dff2,CUST_b06ea3,Repeat,2025-03-04,PAY_4414,STAT_4414,2025-03-04
5546,ORD_762699,CUST_b06ea3,Repeat,2025-03-04,PAY_182e,STAT_182e,2025-03-04
5547,ORD_8a8bc4,CUST_b06ea3,Repeat,2025-03-04,PAY_8cd2,STAT_8cd2,2025-03-04
5548,ORD_2d3c10,CUST_add8ad,One_Time,2026-05-22,PAY_8cd2,STAT_182e,2026-05-22
5549,ORD_8cc1af,CUST_e8ebd7,One_Time,2025-12-17,PAY_8cd2,STAT_e09a,2025-12-17
5550,ORD_0e6141,CUST_eb35dd,One_Time,2024-11-23,PAY_e09a,STAT_4414,2024-11-23
5551,ORD_b4bbe5,CUST_88aad6,Commercial,2023-06-25,PAY_4414,STAT_4414,2023-06-25
5552,ORD_491e5c,CUST_88aad6,Commercial,2026-05-22,PAY_8cd2,STAT_182e,2026-05-22
5553,ORD_335cc5,CUST_88aad6,Commercial,2024-12-22,PAY_182e,STAT_4414,2024-12-22
5554,ORD_60e8b5,CUST_88aad6,Commercial,2025-12-10,PAY_4414,STAT_182e,2025-12-10
5555,ORD_a2b927,CUST_88aad6,Commercial,2024-06-27,PAY_e09a,STAT_182e,2024-06-27
5556,ORD_e5a917,CUST_88aad6,Commercial,2025-10-24,PAY_182e,STAT_182e,2025-10-24
5557,ORD_54e3c4,CUST_88aad6,Commercial,2022-05-19,PAY_e09a,STAT_4414,2022-05-19
5558,ORD_bd5713,CUST_88aad6,Commercial,2026-05-27,PAY_182e,STAT_8cd2,2026-05-27
5559,ORD_73e7c8,CUST_88aad6,Commercial,2024-10-18,PAY_4414,STAT_4414,2024-10-18
5560,ORD_b7f578,CUST_88aad6,Commercial,2023-01-01,PAY_8cd2,STAT_4414,2023-01-01
5561,ORD_3814fb,CUST_88aad6,Commercial,2024-11-27,PAY_4414,STAT_8cd2,2024-11-27
5562,ORD_bd208e,CUST_88aad6,Commercial,2024-06-13,PAY_8cd2,STAT_4414,2024-06-13
5563,ORD_1f70de,CUST_88aad6,Commercial,2023-02-06,PAY_182e,STAT_4414,2023-02-06
5564,ORD_08d5ba,CUST_88aad6,Commercial,2022-09-18,PAY_4414,STAT_182e,2022-09-18
5565,ORD_a6962b,CUST_4e43bb,One_Time,2025-07-10,PAY_8cd2,STAT_8cd2,2025-07-10
5566,ORD_f15720,CUST_c64ff1,Repeat,2026-03-13,PAY_4414,STAT_8cd2,2026-03-13
5567,ORD_f0cf78,CUST_c64ff1,Repeat,2025-02-21,PAY_8cd2,STAT_e09a,2025-02-21
5568,ORD_f522ab,CUST_c64ff1,Repeat,2024-02-25,PAY_182e,STAT_e09a,2024-02-25
5569,ORD_281ef5,CUST_c64ff1,Repeat,2024-11-18,PAY_e09a,STAT_4414,2024-11-18
5570,ORD_688cce,CUST_656582,Commercial,2026-05-18,PAY_182e,STAT_182e,2026-05-18
5571,ORD_8ebc6b,CUST_656582,Commercial,2026-05-18,PAY_4414,STAT_182e,2026-05-18
5572,ORD_cc4423,CUST_656582,Commercial,2026-05-18,PAY_4414,STAT_e09a,2026-05-18
5573,ORD_b7fe54,CUST_656582,Commercial,2026-05-18,PAY_182e,STAT_e09a,2026-05-18
5574,ORD_2c5f0d,CUST_656582,Commercial,2026-05-18,PAY_182e,STAT_e09a,2026-05-18
5575,ORD_c14b6a,CUST_656582,Commercial,2026-05-18,PAY_182e,STAT_8cd2,2026-05-18
5576,ORD_e16484,CUST_656582,Commercial,2026-05-18,PAY_182e,STAT_182e,2026-05-18
5577,ORD_d54789,CUST_656582,Commercial,2026-05-18,PAY_8cd2,STAT_8cd2,2026-05-18
5578,ORD_bfb391,CUST_656582,Commercial,2026-05-18,PAY_4414,STAT_e09a,2026-05-18
5579,ORD_739548,CUST_656582,Commercial,2026-05-18,PAY_4414,STAT_e09a,2026-05-18
5580,ORD_7ae012,CUST_656582,Commercial,2026-05-18,PAY_182e,STAT_182e,2026-05-18
5581,ORD_b7c55d,CUST_656582,Commercial,2026-05-18,PAY_4414,STAT_182e,2026-05-18
5582,ORD_739ab1,CUST_656582,Commercial,2026-05-18,PAY_4414,STAT_e09a,2026-05-18
5583,ORD_3ce52d,CUST_b1ecb1,One_Time,2026-05-28,PAY_4414,STAT_8cd2,2026-05-28
5584,ORD_93da42,CUST_7a4ed3,One_Time,2023-12-04,PAY_e09a,STAT_182e,2023-12-04
5585,ORD_53d0bc,CUST_819ae4,One_Time,2025-06-12,PAY_8cd2,STAT_8cd2,2025-06-12
5586,ORD_3594b9,CUST_a89598,One_Time,2025-11-19,PAY_182e,STAT_8cd2,2025-11-19
5587,ORD_8c9d5e,CUST_a0ad4d,Commercial,2025-12-17,PAY_4414,STAT_8cd2,2025-12-17
5588,ORD_0f14b5,CUST_a0ad4d,Commercial,2024-08-17,PAY_182e,STAT_e09a,2024-08-17
5589,ORD_3fe934,CUST_a0ad4d,Commercial,2024-08-17,PAY_8cd2,STAT_e09a,2024-08-17
5590,ORD_3ef69e,CUST_a0ad4d,Commercial,2024-08-17,PAY_182e,STAT_e09a,2024-08-17
5591,ORD_208c73,CUST_a0ad4d,Commercial,2024-08-17,PAY_8cd2,STAT_8cd2,2024-08-17
5592,ORD_10ec96,CUST_a0ad4d,Commercial,2024-08-17,PAY_4414,STAT_e09a,2024-08-17
5593,ORD_620bfd,CUST_a0ad4d,Commercial,2025-07-26,PAY_182e,STAT_e09a,2025-07-26
5594,ORD_9fed72,CUST_a0ad4d,Commercial,2024-08-21,PAY_4414,STAT_e09a,2024-08-21
5595,ORD_bfba25,CUST_a0ad4d,Commercial,2024-08-17,PAY_e09a,STAT_e09a,2024-08-17
5596,ORD_244cf5,CUST_4c1c53,One_Time,2023-03-24,PAY_4414,STAT_4414,2023-03-24
5597,ORD_cd05b6,CUST_fda21a,Repeat,2026-04-08,PAY_e09a,STAT_182e,2026-04-08
5598,ORD_e4c12c,CUST_fda21a,Repeat,2026-04-08,PAY_4414,STAT_182e,2026-04-08
5599,ORD_748416,CUST_db5d3c,Repeat,2024-03-04,PAY_182e,STAT_4414,2024-03-04
5600,ORD_fbfa44,CUST_db5d3c,Repeat,2022-01-17,PAY_182e,STAT_e09a,2022-01-17
5601,ORD_181179,CUST_db5d3c,Repeat,2024-05-12,PAY_182e,STAT_4414,2024-05-12
5602,ORD_649ab5,CUST_db5d3c,Repeat,2024-08-07,PAY_4414,STAT_8cd2,2024-08-07
5603,ORD_7e2dc7,CUST_db5d3c,Repeat,2025-10-05,PAY_8cd2,STAT_4414,2025-10-05
5604,ORD_83eb4f,CUST_db5d3c,Repeat,2025-02-26,PAY_8cd2,STAT_4414,2025-02-26
5605,ORD_c47541,CUST_a40491,One_Time,2025-02-08,PAY_e09a,STAT_8cd2,2025-02-08
5606,ORD_179775,CUST_49457b,One_Time,2024-12-05,PAY_e09a,STAT_4414,2024-12-05
5607,ORD_51ccf1,CUST_fea372,One_Time,2024-06-22,PAY_182e,STAT_e09a,2024-06-22
5608,ORD_a58347,CUST_e7d983,One_Time,2023-06-13,PAY_182e,STAT_4414,2023-06-13
5609,ORD_25e265,CUST_23e86b,Repeat,2025-02-28,PAY_182e,STAT_8cd2,2025-02-28
5610,ORD_886b9d,CUST_23e86b,Repeat,2026-03-06,PAY_182e,STAT_4414,2026-03-06
5611,ORD_0bbf9f,CUST_23e86b,Repeat,2026-03-21,PAY_e09a,STAT_e09a,2026-03-21
5612,ORD_a45402,CUST_23e86b,Repeat,2024-10-01,PAY_e09a,STAT_e09a,2024-10-01
5613,ORD_5edb18,CUST_f7c8b5,Repeat,2024-10-06,PAY_8cd2,STAT_8cd2,2024-10-06
5614,ORD_b83190,CUST_f7c8b5,Repeat,2026-02-01,PAY_4414,STAT_e09a,2026-02-01
5615,ORD_8cedff,CUST_f7c8b5,Repeat,2024-10-06,PAY_8cd2,STAT_4414,2024-10-06
5616,ORD_1e6dfb,CUST_41d446,Repeat,2026-04-15,PAY_4414,STAT_182e,2026-04-15
5617,ORD_bac03a,CUST_41d446,Repeat,2026-04-15,PAY_e09a,STAT_e09a,2026-04-15
5618,ORD_054e72,CUST_41d446,Repeat,2026-04-15,PAY_8cd2,STAT_4414,2026-04-15
5619,ORD_8bcd2f,CUST_41d446,Repeat,2026-04-15,PAY_8cd2,STAT_e09a,2026-04-15
5620,ORD_e580e5,CUST_41d446,Repeat,2026-04-15,PAY_8cd2,STAT_182e,2026-04-15
5621,ORD_c94048,CUST_1d0322,Repeat,2026-01-17,PAY_e09a,STAT_e09a,2026-01-17
5622,ORD_9c8905,CUST_1d0322,Repeat,2026-01-17,PAY_e09a,STAT_182e,2026-01-17
5623,ORD_3ea9b0,CUST_f0d062,Repeat,2023-08-20,PAY_4414,STAT_4414,2023-08-20
5624,ORD_92789a,CUST_f0d062,Repeat,2025-06-25,PAY_8cd2,STAT_4414,2025-06-25
5625,ORD_f9f943,CUST_f0d062,Repeat,2023-08-20,PAY_4414,STAT_e09a,2023-08-20
5626,ORD_a1571f,CUST_f0d062,Repeat,2026-01-13,PAY_4414,STAT_182e,2026-01-13
5627,ORD_478ddc,CUST_f0d062,Repeat,2023-08-20,PAY_4414,STAT_4414,2023-08-20
5628,ORD_95202f,CUST_500bec,Repeat,2021-08-17,PAY_8cd2,STAT_4414,2021-08-17
5629,ORD_0843eb,CUST_500bec,Repeat,2021-08-17,PAY_e09a,STAT_182e,2021-08-17
5630,ORD_0336e5,CUST_500bec,Repeat,2024-03-06,PAY_4414,STAT_8cd2,2024-03-06
5631,ORD_424709,CUST_500bec,Repeat,2026-02-19,PAY_8cd2,STAT_4414,2026-02-19
5632,ORD_0c3a0e,CUST_500bec,Repeat,2022-03-15,PAY_182e,STAT_182e,2022-03-15
5633,ORD_85f6ff,CUST_500bec,Repeat,2025-12-10,PAY_8cd2,STAT_8cd2,2025-12-10
5634,ORD_f5c30a,CUST_7e9e2b,One_Time,2024-03-21,PAY_4414,STAT_8cd2,2024-03-21
5635,ORD_f0f2db,CUST_f96db1,One_Time,2026-03-22,PAY_182e,STAT_4414,2026-03-22
5636,ORD_3cbbe1,CUST_bbc5f2,One_Time,2026-04-20,PAY_8cd2,STAT_8cd2,2026-04-20
5637,ORD_e1aa60,CUST_f8e051,Repeat,2024-10-21,PAY_8cd2,STAT_8cd2,2024-10-21
5638,ORD_abf0e5,CUST_f8e051,Repeat,2024-10-01,PAY_8cd2,STAT_182e,2024-10-01
5639,ORD_df2f99,CUST_f8e051,Repeat,2025-11-16,PAY_4414,STAT_8cd2,2025-11-16
5640,ORD_8c4346,CUST_02ac91,One_Time,2026-05-09,PAY_4414,STAT_182e,2026-05-09
5641,ORD_a7e5e3,CUST_40a8ed,Commercial,2023-12-09,PAY_e09a,STAT_8cd2,2023-12-09
5642,ORD_813a93,CUST_40a8ed,Commercial,2023-12-26,PAY_4414,STAT_4414,2023-12-26
5643,ORD_1c99c7,CUST_40a8ed,Commercial,2022-10-05,PAY_4414,STAT_e09a,2022-10-05
5644,ORD_bc41d8,CUST_40a8ed,Commercial,2023-08-01,PAY_8cd2,STAT_8cd2,2023-08-01
5645,ORD_fa60f2,CUST_40a8ed,Commercial,2024-06-07,PAY_e09a,STAT_e09a,2024-06-07
5646,ORD_312131,CUST_40a8ed,Commercial,2025-03-13,PAY_4414,STAT_8cd2,2025-03-13
5647,ORD_343760,CUST_40a8ed,Commercial,2025-10-15,PAY_8cd2,STAT_8cd2,2025-10-15
5648,ORD_0185bd,CUST_40a8ed,Commercial,2023-05-18,PAY_4414,STAT_8cd2,2023-05-18
5649,ORD_430cbe,CUST_40a8ed,Commercial,2022-10-05,PAY_e09a,STAT_e09a,2022-10-05
5650,ORD_fc295a,CUST_40a8ed,Commercial,2025-07-22,PAY_4414,STAT_182e,2025-07-22
5651,ORD_f1e70a,CUST_40a8ed,Commercial,2022-10-12,PAY_8cd2,STAT_8cd2,2022-10-12
5652,ORD_d7b6c7,CUST_40a8ed,Commercial,2023-10-09,PAY_e09a,STAT_8cd2,2023-10-09
5653,ORD_85b3f4,CUST_40a8ed,Commercial,2024-04-18,PAY_8cd2,STAT_8cd2,2024-04-18
5654,ORD_4b7ee5,CUST_40a8ed,Commercial,2025-04-16,PAY_4414,STAT_e09a,2025-04-16
5655,ORD_0e5f88,CUST_40a8ed,Commercial,2022-10-05,PAY_4414,STAT_8cd2,2022-10-05
5656,ORD_311301,CUST_40a8ed,Commercial,2023-12-02,PAY_e09a,STAT_8cd2,2023-12-02
5657,ORD_c931c2,CUST_40a8ed,Commercial,2023-07-02,PAY_4414,STAT_182e,2023-07-02
5658,ORD_a590bb,CUST_40a8ed,Commercial,2025-06-15,PAY_8cd2,STAT_8cd2,2025-06-15
5659,ORD_03df89,CUST_40a8ed,Commercial,2022-11-08,PAY_8cd2,STAT_4414,2022-11-08
5660,ORD_df3b3e,CUST_89becb,One_Time,2023-02-25,PAY_e09a,STAT_182e,2023-02-25
5661,ORD_78347f,CUST_31d930,One_Time,2025-06-16,PAY_e09a,STAT_182e,2025-06-16
5662,ORD_c0ba19,CUST_4f9f09,Repeat,2025-01-04,PAY_4414,STAT_182e,2025-01-04
5663,ORD_6b38f3,CUST_4f9f09,Repeat,2023-11-10,PAY_e09a,STAT_4414,2023-11-10
5664,ORD_aea9c4,CUST_4f9f09,Repeat,2023-03-18,PAY_8cd2,STAT_e09a,2023-03-18
5665,ORD_bc802e,CUST_4f9f09,Repeat,2025-12-14,PAY_8cd2,STAT_8cd2,2025-12-14
5666,ORD_e88333,CUST_a422b8,One_Time,2026-02-17,PAY_8cd2,STAT_182e,2026-02-17
5667,ORD_47eba7,CUST_395dda,Repeat,2022-01-08,PAY_182e,STAT_4414,2022-01-08
5668,ORD_436e8c,CUST_395dda,Repeat,2026-03-05,PAY_8cd2,STAT_8cd2,2026-03-05
5669,ORD_f52e92,CUST_395dda,Repeat,2026-05-18,PAY_182e,STAT_8cd2,2026-05-18
5670,ORD_b0a1bd,CUST_d6950d,Commercial,2026-01-18,PAY_8cd2,STAT_8cd2,2026-01-18
5671,ORD_d26af1,CUST_d6950d,Commercial,2026-01-18,PAY_4414,STAT_4414,2026-01-18
5672,ORD_73cad7,CUST_d6950d,Commercial,2026-01-18,PAY_182e,STAT_182e,2026-01-18
5673,ORD_2e38f8,CUST_d6950d,Commercial,2026-01-18,PAY_4414,STAT_e09a,2026-01-18
5674,ORD_c63fe3,CUST_d6950d,Commercial,2026-01-18,PAY_e09a,STAT_4414,2026-01-18
5675,ORD_c1680e,CUST_d6950d,Commercial,2026-01-18,PAY_e09a,STAT_e09a,2026-01-18
5676,ORD_045176,CUST_d6950d,Commercial,2026-01-18,PAY_e09a,STAT_4414,2026-01-18
5677,ORD_a858a0,CUST_d6950d,Commercial,2026-01-25,PAY_182e,STAT_8cd2,2026-01-25
5678,ORD_860de0,CUST_d6950d,Commercial,2026-01-18,PAY_4414,STAT_4414,2026-01-18
5679,ORD_578704,CUST_d6950d,Commercial,2026-01-18,PAY_4414,STAT_182e,2026-01-18
5680,ORD_207e2c,CUST_d6950d,Commercial,2026-01-18,PAY_e09a,STAT_8cd2,2026-01-18
5681,ORD_36d259,CUST_d6950d,Commercial,2026-01-18,PAY_4414,STAT_e09a,2026-01-18
5682,ORD_79e743,CUST_fa6f12,One_Time,2026-05-20,PAY_e09a,STAT_e09a,2026-05-20
5683,ORD_a6f221,CUST_c5a425,One_Time,2026-05-18,PAY_e09a,STAT_e09a,2026-05-18
5684,ORD_9a245a,CUST_708d98,One_Time,2026-05-22,PAY_4414,STAT_e09a,2026-05-22
5685,ORD_cc53b7,CUST_bb03a3,One_Time,2025-04-27,PAY_182e,STAT_e09a,2025-04-27
5686,ORD_f85ce2,CUST_7d4931,One_Time,2022-09-18,PAY_4414,STAT_e09a,2022-09-18
5687,ORD_fe4163,CUST_99b4c9,One_Time,2024-06-15,PAY_182e,STAT_e09a,2024-06-15
5688,ORD_000d59,CUST_3891aa,One_Time,2025-05-03,PAY_4414,STAT_8cd2,2025-05-03
5689,ORD_af08a6,CUST_b17590,One_Time,2025-08-16,PAY_4414,STAT_e09a,2025-08-16
5690,ORD_5c0b40,CUST_f61243,One_Time,2025-09-15,PAY_182e,STAT_182e,2025-09-15
5691,ORD_481ea4,CUST_5cbe43,One_Time,2026-04-11,PAY_8cd2,STAT_8cd2,2026-04-11
5692,ORD_874c05,CUST_1b33a1,Repeat,2025-12-05,PAY_e09a,STAT_e09a,2025-12-05
5693,ORD_8f9f5e,CUST_1b33a1,Repeat,2024-01-19,PAY_4414,STAT_e09a,2024-01-19
5694,ORD_3c6e7f,CUST_1b33a1,Repeat,2024-01-19,PAY_8cd2,STAT_e09a,2024-01-19
5695,ORD_6051cc,CUST_1b33a1,Repeat,2024-01-19,PAY_182e,STAT_e09a,2024-01-19
5696,ORD_90242c,CUST_740196,One_Time,2025-12-21,PAY_182e,STAT_8cd2,2025-12-21
5697,ORD_b95671,CUST_d4f664,One_Time,2023-11-24,PAY_8cd2,STAT_e09a,2023-11-24
5698,ORD_52f175,CUST_577c67,One_Time,2023-04-15,PAY_e09a,STAT_8cd2,2023-04-15
5699,ORD_81eae7,CUST_27a39f,One_Time,2026-05-08,PAY_182e,STAT_8cd2,2026-05-08
5700,ORD_bb202a,CUST_eed7f0,One_Time,2022-07-10,PAY_4414,STAT_8cd2,2022-07-10
5701,ORD_d3a4ae,CUST_bcad25,Repeat,2023-05-21,PAY_182e,STAT_182e,2023-05-21
5702,ORD_5a6f3e,CUST_bcad25,Repeat,2023-05-20,PAY_e09a,STAT_182e,2023-05-20
5703,ORD_133e02,CUST_a7efe9,Commercial,2026-03-04,PAY_182e,STAT_8cd2,2026-03-04
5704,ORD_332e9d,CUST_a7efe9,Commercial,2024-03-17,PAY_182e,STAT_8cd2,2024-03-17
5705,ORD_cd3126,CUST_a7efe9,Commercial,2024-11-03,PAY_e09a,STAT_8cd2,2024-11-03
5706,ORD_e83fa0,CUST_a7efe9,Commercial,2024-11-04,PAY_4414,STAT_e09a,2024-11-04
5707,ORD_e33db1,CUST_a7efe9,Commercial,2025-12-26,PAY_4414,STAT_e09a,2025-12-26
5708,ORD_15f42b,CUST_a7efe9,Commercial,2021-10-13,PAY_4414,STAT_e09a,2021-10-13
5709,ORD_0bd639,CUST_a7efe9,Commercial,2021-10-13,PAY_4414,STAT_4414,2021-10-13
5710,ORD_c91484,CUST_a7efe9,Commercial,2025-02-06,PAY_8cd2,STAT_4414,2025-02-06
5711,ORD_dfe39c,CUST_a7efe9,Commercial,2024-02-15,PAY_4414,STAT_8cd2,2024-02-15
5712,ORD_450107,CUST_a7efe9,Commercial,2026-01-22,PAY_8cd2,STAT_e09a,2026-01-22
5713,ORD_f3a393,CUST_a7efe9,Commercial,2022-04-22,PAY_182e,STAT_8cd2,2022-04-22
5714,ORD_5aceba,CUST_a7efe9,Commercial,2024-05-05,PAY_e09a,STAT_182e,2024-05-05
5715,ORD_5c15f5,CUST_a7efe9,Commercial,2024-08-17,PAY_e09a,STAT_8cd2,2024-08-17
5716,ORD_0ca89f,CUST_a7efe9,Commercial,2025-06-10,PAY_e09a,STAT_8cd2,2025-06-10
5717,ORD_835e82,CUST_a7efe9,Commercial,2023-12-02,PAY_182e,STAT_8cd2,2023-12-02
5718,ORD_3442de,CUST_a7efe9,Commercial,2022-03-19,PAY_8cd2,STAT_e09a,2022-03-19
5719,ORD_7b8d79,CUST_a7efe9,Commercial,2022-06-16,PAY_8cd2,STAT_182e,2022-06-16
5720,ORD_11b5c3,CUST_a7efe9,Commercial,2024-04-04,PAY_182e,STAT_8cd2,2024-04-04
5721,ORD_f3b311,CUST_faeae6,One_Time,2024-09-01,PAY_182e,STAT_8cd2,2024-09-01
5722,ORD_be2dfe,CUST_7cc7a9,One_Time,2024-11-19,PAY_4414,STAT_4414,2024-11-19
5723,ORD_66ef71,CUST_892024,One_Time,2026-01-15,PAY_4414,STAT_182e,2026-01-15
5724,ORD_fe69a7,CUST_1997f3,Repeat,2024-02-22,PAY_e09a,STAT_8cd2,2024-02-22
5725,ORD_fbbf73,CUST_1997f3,Repeat,2024-04-27,PAY_182e,STAT_e09a,2024-04-27
5726,ORD_265b0d,CUST_1997f3,Repeat,2025-10-28,PAY_4414,STAT_8cd2,2025-10-28
5727,ORD_ab6af2,CUST_1997f3,Repeat,2024-04-05,PAY_e09a,STAT_182e,2024-04-05
5728,ORD_3ac736,CUST_1997f3,Repeat,2024-02-22,PAY_8cd2,STAT_4414,2024-02-22
5729,ORD_8881d5,CUST_72e68e,One_Time,2024-09-04,PAY_182e,STAT_4414,2024-09-04
5730,ORD_68741e,CUST_fefad1,Repeat,2024-08-03,PAY_e09a,STAT_4414,2024-08-03
5731,ORD_d2a2c2,CUST_fefad1,Repeat,2023-01-17,PAY_8cd2,STAT_e09a,2023-01-17
5732,ORD_ffc338,CUST_fefad1,Repeat,2023-01-17,PAY_4414,STAT_4414,2023-01-17
5733,ORD_f57614,CUST_fefad1,Repeat,2023-01-17,PAY_8cd2,STAT_8cd2,2023-01-17
5734,ORD_a9bceb,CUST_fefad1,Repeat,2023-01-17,PAY_182e,STAT_e09a,2023-01-17
5735,ORD_89b752,CUST_69c3c5,Repeat,2026-05-17,PAY_4414,STAT_4414,2026-05-17
5736,ORD_e7d64c,CUST_69c3c5,Repeat,2026-05-17,PAY_8cd2,STAT_e09a,2026-05-17
5737,ORD_852745,CUST_99c7dd,One_Time,2026-02-11,PAY_e09a,STAT_8cd2,2026-02-11
5738,ORD_0d0f1a,CUST_0426bc,One_Time,2025-04-11,PAY_4414,STAT_182e,2025-04-11
5739,ORD_e90e8d,CUST_bd07ec,One_Time,2024-06-11,PAY_e09a,STAT_8cd2,2024-06-11
5740,ORD_3568c3,CUST_772059,One_Time,2022-01-09,PAY_8cd2,STAT_8cd2,2022-01-09
5741,ORD_583bd8,CUST_799d3a,Repeat,2022-08-14,PAY_8cd2,STAT_e09a,2022-08-14
5742,ORD_17ace5,CUST_799d3a,Repeat,2024-03-05,PAY_e09a,STAT_182e,2024-03-05
5743,ORD_47141a,CUST_799d3a,Repeat,2024-10-05,PAY_182e,STAT_4414,2024-10-05
5744,ORD_740d94,CUST_799d3a,Repeat,2022-02-12,PAY_182e,STAT_4414,2022-02-12
5745,ORD_c3c160,CUST_12f158,One_Time,2026-01-12,PAY_182e,STAT_e09a,2026-01-12
5746,ORD_762fe5,CUST_90daaa,Repeat,2023-09-27,PAY_182e,STAT_4414,2023-09-27
5747,ORD_8eaec3,CUST_90daaa,Repeat,2025-12-03,PAY_8cd2,STAT_e09a,2025-12-03
5748,ORD_76e1ac,CUST_90daaa,Repeat,2022-05-18,PAY_8cd2,STAT_182e,2022-05-18
5749,ORD_0a6dec,CUST_90daaa,Repeat,2025-09-01,PAY_4414,STAT_4414,2025-09-01
5750,ORD_f971c6,CUST_90daaa,Repeat,2022-04-20,PAY_e09a,STAT_e09a,2022-04-20
5751,ORD_e61ff8,CUST_867bdc,One_Time,2025-01-03,PAY_8cd2,STAT_8cd2,2025-01-03
5752,ORD_c89e24,CUST_40236e,One_Time,2024-12-24,PAY_182e,STAT_4414,2024-12-24
5753,ORD_82d8d0,CUST_b1437b,One_Time,2025-11-25,PAY_4414,STAT_182e,2025-11-25
5754,ORD_4cb1b7,CUST_0e71ad,One_Time,2024-04-23,PAY_8cd2,STAT_182e,2024-04-23
5755,ORD_5735f4,CUST_7601f4,Commercial,2025-03-01,PAY_8cd2,STAT_8cd2,2025-03-01
5756,ORD_7f710c,CUST_7601f4,Commercial,2026-01-23,PAY_8cd2,STAT_e09a,2026-01-23
5757,ORD_d44e62,CUST_7601f4,Commercial,2025-03-01,PAY_182e,STAT_e09a,2025-03-01
5758,ORD_2b05d8,CUST_7601f4,Commercial,2025-03-01,PAY_182e,STAT_8cd2,2025-03-01
5759,ORD_31570c,CUST_7601f4,Commercial,2025-09-05,PAY_4414,STAT_8cd2,2025-09-05
5760,ORD_28f6b9,CUST_7601f4,Commercial,2026-03-05,PAY_182e,STAT_e09a,2026-03-05
5761,ORD_a034e9,CUST_7601f4,Commercial,2025-03-01,PAY_182e,STAT_182e,2025-03-01
5762,ORD_20d8e7,CUST_7601f4,Commercial,2025-03-01,PAY_8cd2,STAT_182e,2025-03-01
5763,ORD_979be7,CUST_7601f4,Commercial,2025-03-01,PAY_e09a,STAT_182e,2025-03-01
5764,ORD_ab520b,CUST_7601f4,Commercial,2025-03-26,PAY_8cd2,STAT_4414,2025-03-26
5765,ORD_b19b2a,CUST_9266d6,One_Time,2023-10-08,PAY_8cd2,STAT_182e,2023-10-08
5766,ORD_857945,CUST_9b6563,One_Time,2024-12-26,PAY_e09a,STAT_e09a,2024-12-26
5767,ORD_1a8265,CUST_1acfd3,One_Time,2026-03-07,PAY_e09a,STAT_e09a,2026-03-07
5768,ORD_f260ed,CUST_b51c1d,One_Time,2021-12-16,PAY_4414,STAT_182e,2021-12-16
5769,ORD_433cbd,CUST_3df09f,One_Time,2021-04-28,PAY_e09a,STAT_4414,2021-04-28
5770,ORD_9c16f7,CUST_80e4b6,One_Time,2026-04-11,PAY_e09a,STAT_182e,2026-04-11
5771,ORD_680b7c,CUST_00a937,One_Time,2024-04-16,PAY_4414,STAT_182e,2024-04-16
5772,ORD_30755f,CUST_75755c,One_Time,2024-06-17,PAY_e09a,STAT_182e,2024-06-17
5773,ORD_c0de62,CUST_da76fa,Repeat,2021-03-26,PAY_8cd2,STAT_4414,2021-03-26
5774,ORD_7a1f5c,CUST_da76fa,Repeat,2024-04-05,PAY_e09a,STAT_182e,2024-04-05
5775,ORD_f4a3fe,CUST_da76fa,Repeat,2024-10-20,PAY_e09a,STAT_182e,2024-10-20
5776,ORD_b4eee3,CUST_da76fa,Repeat,2022-11-05,PAY_8cd2,STAT_4414,2022-11-05
5777,ORD_ae1f8f,CUST_da76fa,Repeat,2025-08-02,PAY_e09a,STAT_8cd2,2025-08-02
5778,ORD_899ea3,CUST_da76fa,Repeat,2022-08-21,PAY_182e,STAT_e09a,2022-08-21
5779,ORD_0cd28b,CUST_ce4c57,One_Time,2025-04-20,PAY_182e,STAT_182e,2025-04-20
5780,ORD_23d007,CUST_dd5c50,One_Time,2025-07-21,PAY_e09a,STAT_4414,2025-07-21
5781,ORD_b451ba,CUST_494703,One_Time,2022-08-07,PAY_8cd2,STAT_182e,2022-08-07
5782,ORD_272104,CUST_293cfa,One_Time,2025-12-26,PAY_182e,STAT_8cd2,2025-12-26
5783,ORD_831065,CUST_6cb9b2,One_Time,2024-08-07,PAY_e09a,STAT_182e,2024-08-07
5784,ORD_7a28ed,CUST_0c1b42,Repeat,2023-07-27,PAY_e09a,STAT_8cd2,2023-07-27
5785,ORD_cbd6cb,CUST_0c1b42,Repeat,2023-12-23,PAY_8cd2,STAT_e09a,2023-12-23
5786,ORD_feb894,CUST_7c3376,One_Time,2024-12-21,PAY_8cd2,STAT_182e,2024-12-21
5787,ORD_0ec079,CUST_bde64f,One_Time,2024-10-18,PAY_4414,STAT_182e,2024-10-18
5788,ORD_f8e7c0,CUST_f0b934,One_Time,2023-07-11,PAY_e09a,STAT_182e,2023-07-11
5789,ORD_2915da,CUST_43f03c,One_Time,2024-01-13,PAY_8cd2,STAT_8cd2,2024-01-13
5790,ORD_114362,CUST_45a127,One_Time,2025-04-17,PAY_182e,STAT_182e,2025-04-17
5791,ORD_cadd66,CUST_e8a15b,One_Time,2025-06-08,PAY_e09a,STAT_4414,2025-06-08
5792,ORD_b4c9d6,CUST_a1887d,One_Time,2024-07-15,PAY_4414,STAT_182e,2024-07-15
5793,ORD_aefc80,CUST_18780c,One_Time,2025-09-20,PAY_e09a,STAT_8cd2,2025-09-20
5794,ORD_d81e89,CUST_fc4e7d,One_Time,2023-12-10,PAY_e09a,STAT_4414,2023-12-10
5795,ORD_c5bcd4,CUST_a0dfcb,One_Time,2024-05-18,PAY_182e,STAT_4414,2024-05-18
5796,ORD_ed9e40,CUST_eb8fc5,One_Time,2022-09-16,PAY_182e,STAT_4414,2022-09-16
5797,ORD_4111ea,CUST_cf0661,Commercial,2025-06-10,PAY_8cd2,STAT_8cd2,2025-06-10
5798,ORD_c944e0,CUST_cf0661,Commercial,2026-02-01,PAY_4414,STAT_4414,2026-02-01
5799,ORD_d360e4,CUST_cf0661,Commercial,2025-06-10,PAY_8cd2,STAT_8cd2,2025-06-10
5800,ORD_e1714a,CUST_cf0661,Commercial,2025-12-03,PAY_4414,STAT_8cd2,2025-12-03
5801,ORD_bce456,CUST_cf0661,Commercial,2025-06-10,PAY_4414,STAT_4414,2025-06-10
5802,ORD_86509e,CUST_cf0661,Commercial,2025-06-10,PAY_e09a,STAT_182e,2025-06-10
5803,ORD_652259,CUST_cf0661,Commercial,2025-06-10,PAY_e09a,STAT_8cd2,2025-06-10
5804,ORD_2ffad5,CUST_cf0661,Commercial,2025-06-10,PAY_182e,STAT_4414,2025-06-10
5805,ORD_bde274,CUST_cf0661,Commercial,2025-06-10,PAY_8cd2,STAT_e09a,2025-06-10
5806,ORD_654be2,CUST_cf0661,Commercial,2025-06-10,PAY_e09a,STAT_4414,2025-06-10
5807,ORD_bd20c6,CUST_cf0661,Commercial,2026-04-02,PAY_8cd2,STAT_4414,2026-04-02
5808,ORD_74a770,CUST_cf0661,Commercial,2025-06-10,PAY_4414,STAT_8cd2,2025-06-10
5809,ORD_382b91,CUST_cf0661,Commercial,2025-06-10,PAY_e09a,STAT_e09a,2025-06-10
5810,ORD_420e06,CUST_cf0661,Commercial,2025-06-10,PAY_4414,STAT_182e,2025-06-10
5811,ORD_cc7a6e,CUST_cf0661,Commercial,2025-06-10,PAY_e09a,STAT_182e,2025-06-10
5812,ORD_82b931,CUST_cf0661,Commercial,2026-04-16,PAY_182e,STAT_4414,2026-04-16
5813,ORD_d55201,CUST_cf0661,Commercial,2025-06-10,PAY_182e,STAT_8cd2,2025-06-10
5814,ORD_622b24,CUST_894758,Repeat,2022-12-28,PAY_8cd2,STAT_e09a,2022-12-28
5815,ORD_7577f2,CUST_894758,Repeat,2022-10-12,PAY_8cd2,STAT_182e,2022-10-12
5816,ORD_ab975f,CUST_894758,Repeat,2024-09-22,PAY_4414,STAT_4414,2024-09-22
5817,ORD_dcafac,CUST_894758,Repeat,2022-08-28,PAY_182e,STAT_e09a,2022-08-28
5818,ORD_9dde94,CUST_894758,Repeat,2022-08-28,PAY_8cd2,STAT_4414,2022-08-28
5819,ORD_c46dff,CUST_894758,Repeat,2022-08-28,PAY_182e,STAT_e09a,2022-08-28
5820,ORD_70ae10,CUST_2c2b37,Commercial,2024-09-17,PAY_4414,STAT_4414,2024-09-17
5821,ORD_e106a2,CUST_2c2b37,Commercial,2025-09-28,PAY_4414,STAT_e09a,2025-09-28
5822,ORD_921b6d,CUST_2c2b37,Commercial,2025-12-19,PAY_182e,STAT_182e,2025-12-19
5823,ORD_3c981e,CUST_2c2b37,Commercial,2025-12-05,PAY_4414,STAT_182e,2025-12-05
5824,ORD_ae4d46,CUST_2c2b37,Commercial,2024-09-17,PAY_182e,STAT_182e,2024-09-17
5825,ORD_20a886,CUST_2c2b37,Commercial,2024-09-17,PAY_e09a,STAT_4414,2024-09-17
5826,ORD_3f3ced,CUST_2c2b37,Commercial,2024-09-17,PAY_4414,STAT_4414,2024-09-17
5827,ORD_7181ed,CUST_2c2b37,Commercial,2025-02-05,PAY_e09a,STAT_8cd2,2025-02-05
5828,ORD_eeabe9,CUST_2c2b37,Commercial,2024-09-17,PAY_4414,STAT_182e,2024-09-17
5829,ORD_666e9c,CUST_2c2b37,Commercial,2024-09-17,PAY_e09a,STAT_e09a,2024-09-17
5830,ORD_b1ab0b,CUST_2c2b37,Commercial,2024-09-17,PAY_182e,STAT_4414,2024-09-17
5831,ORD_4119d0,CUST_2c2b37,Commercial,2024-09-17,PAY_8cd2,STAT_8cd2,2024-09-17
5832,ORD_4886d0,CUST_2c2b37,Commercial,2024-09-17,PAY_e09a,STAT_8cd2,2024-09-17
5833,ORD_190025,CUST_2c2b37,Commercial,2024-09-17,PAY_8cd2,STAT_4414,2024-09-17
5834,ORD_93db7d,CUST_2c2b37,Commercial,2024-09-17,PAY_182e,STAT_4414,2024-09-17
5835,ORD_50d0ea,CUST_2c2b37,Commercial,2025-07-28,PAY_182e,STAT_4414,2025-07-28
5836,ORD_0279ad,CUST_2c2b37,Commercial,2024-09-17,PAY_182e,STAT_182e,2024-09-17
5837,ORD_bf71a0,CUST_3405f6,One_Time,2026-05-10,PAY_8cd2,STAT_8cd2,2026-05-10
5838,ORD_1af5cd,CUST_c64aaa,Repeat,2022-10-17,PAY_182e,STAT_8cd2,2022-10-17
5839,ORD_fc10d0,CUST_c64aaa,Repeat,2026-02-02,PAY_8cd2,STAT_e09a,2026-02-02
5840,ORD_507aff,CUST_af86c7,One_Time,2026-01-13,PAY_182e,STAT_e09a,2026-01-13
5841,ORD_fe2efd,CUST_03e3d8,One_Time,2023-09-15,PAY_e09a,STAT_4414,2023-09-15
5842,ORD_228a58,CUST_c43102,One_Time,2026-05-13,PAY_e09a,STAT_182e,2026-05-13
5843,ORD_dabd06,CUST_70d53d,One_Time,2025-06-07,PAY_4414,STAT_8cd2,2025-06-07
5844,ORD_70d90f,CUST_18f5b4,One_Time,2023-10-07,PAY_4414,STAT_8cd2,2023-10-07
5845,ORD_087255,CUST_ef6892,One_Time,2024-08-23,PAY_182e,STAT_182e,2024-08-23
5846,ORD_d96313,CUST_315a8a,Commercial,2025-12-28,PAY_4414,STAT_e09a,2025-12-28
5847,ORD_758240,CUST_315a8a,Commercial,2025-12-28,PAY_8cd2,STAT_8cd2,2025-12-28
5848,ORD_4248ef,CUST_315a8a,Commercial,2025-12-28,PAY_4414,STAT_8cd2,2025-12-28
5849,ORD_cbec31,CUST_315a8a,Commercial,2026-01-08,PAY_182e,STAT_e09a,2026-01-08
5850,ORD_c70d74,CUST_315a8a,Commercial,2025-12-28,PAY_182e,STAT_8cd2,2025-12-28
5851,ORD_2a3baf,CUST_315a8a,Commercial,2025-12-28,PAY_182e,STAT_e09a,2025-12-28
5852,ORD_04bf70,CUST_315a8a,Commercial,2025-12-28,PAY_182e,STAT_182e,2025-12-28
5853,ORD_463a67,CUST_315a8a,Commercial,2025-12-28,PAY_e09a,STAT_182e,2025-12-28
5854,ORD_1aa3a8,CUST_315a8a,Commercial,2025-12-28,PAY_8cd2,STAT_4414,2025-12-28
5855,ORD_149ea2,CUST_315a8a,Commercial,2025-12-28,PAY_182e,STAT_8cd2,2025-12-28
5856,ORD_e27a31,CUST_89d6bb,One_Time,2023-04-04,PAY_182e,STAT_8cd2,2023-04-04
5857,ORD_7c9ad9,CUST_43e4ee,Commercial,2023-11-09,PAY_4414,STAT_4414,2023-11-09
5858,ORD_87beb2,CUST_43e4ee,Commercial,2025-12-03,PAY_182e,STAT_e09a,2025-12-03
5859,ORD_d47a0a,CUST_43e4ee,Commercial,2024-12-26,PAY_8cd2,STAT_4414,2024-12-26
5860,ORD_fd300e,CUST_43e4ee,Commercial,2026-01-23,PAY_182e,STAT_182e,2026-01-23
5861,ORD_52493f,CUST_43e4ee,Commercial,2025-01-14,PAY_8cd2,STAT_e09a,2025-01-14
5862,ORD_43cbf0,CUST_43e4ee,Commercial,2024-08-18,PAY_8cd2,STAT_8cd2,2024-08-18
5863,ORD_770885,CUST_43e4ee,Commercial,2025-03-09,PAY_e09a,STAT_8cd2,2025-03-09
5864,ORD_6a5097,CUST_43e4ee,Commercial,2025-12-05,PAY_e09a,STAT_182e,2025-12-05
5865,ORD_fad5c5,CUST_43e4ee,Commercial,2025-10-14,PAY_4414,STAT_4414,2025-10-14
5866,ORD_e5f168,CUST_43e4ee,Commercial,2025-11-02,PAY_8cd2,STAT_182e,2025-11-02
5867,ORD_f2b265,CUST_43e4ee,Commercial,2024-12-21,PAY_e09a,STAT_182e,2024-12-21
5868,ORD_efe5e3,CUST_43e4ee,Commercial,2023-11-09,PAY_4414,STAT_4414,2023-11-09
5869,ORD_9b9b0c,CUST_43e4ee,Commercial,2023-11-09,PAY_4414,STAT_8cd2,2023-11-09
5870,ORD_4538c1,CUST_43e4ee,Commercial,2024-10-21,PAY_8cd2,STAT_e09a,2024-10-21
5871,ORD_7c6f11,CUST_43e4ee,Commercial,2025-08-01,PAY_4414,STAT_182e,2025-08-01
5872,ORD_c3c25b,CUST_43e4ee,Commercial,2025-01-01,PAY_4414,STAT_8cd2,2025-01-01
5873,ORD_112b4d,CUST_43e4ee,Commercial,2024-05-13,PAY_182e,STAT_8cd2,2024-05-13
5874,ORD_cac795,CUST_43e4ee,Commercial,2023-11-09,PAY_4414,STAT_182e,2023-11-09
5875,ORD_fbc093,CUST_3e389a,Repeat,2025-01-25,PAY_182e,STAT_4414,2025-01-25
5876,ORD_91e0f0,CUST_3e389a,Repeat,2025-01-27,PAY_4414,STAT_8cd2,2025-01-27
5877,ORD_6e984a,CUST_24ad38,One_Time,2026-02-12,PAY_182e,STAT_8cd2,2026-02-12
5878,ORD_8c504d,CUST_1d3c92,One_Time,2025-09-06,PAY_8cd2,STAT_182e,2025-09-06
5879,ORD_27f6a2,CUST_108476,Repeat,2025-01-24,PAY_182e,STAT_8cd2,2025-01-24
5880,ORD_95873f,CUST_108476,Repeat,2026-04-22,PAY_e09a,STAT_4414,2026-04-22
5881,ORD_bd057a,CUST_108476,Repeat,2026-01-05,PAY_182e,STAT_182e,2026-01-05
5882,ORD_229cea,CUST_07634a,One_Time,2026-01-18,PAY_4414,STAT_e09a,2026-01-18
5883,ORD_52cc3b,CUST_e87f7e,One_Time,2022-11-14,PAY_182e,STAT_182e,2022-11-14
5884,ORD_1625a3,CUST_f251b6,One_Time,2025-05-19,PAY_e09a,STAT_4414,2025-05-19
5885,ORD_f26b3e,CUST_db0bde,One_Time,2022-07-05,PAY_4414,STAT_e09a,2022-07-05
5886,ORD_8b09d4,CUST_97497f,One_Time,2025-07-05,PAY_182e,STAT_e09a,2025-07-05
5887,ORD_6e1c37,CUST_dc5eb8,One_Time,2024-07-13,PAY_4414,STAT_4414,2024-07-13
5888,ORD_3e196e,CUST_57efc2,Repeat,2025-05-22,PAY_e09a,STAT_182e,2025-05-22
5889,ORD_dda536,CUST_57efc2,Repeat,2025-03-28,PAY_4414,STAT_182e,2025-03-28
5890,ORD_ebf1e2,CUST_57efc2,Repeat,2025-10-20,PAY_4414,STAT_8cd2,2025-10-20
5891,ORD_605d91,CUST_57efc2,Repeat,2026-04-24,PAY_e09a,STAT_e09a,2026-04-24
5892,ORD_155d5c,CUST_2cae9e,One_Time,2025-04-07,PAY_182e,STAT_8cd2,2025-04-07
5893,ORD_b80cb2,CUST_32050b,One_Time,2023-09-13,PAY_e09a,STAT_182e,2023-09-13
5894,ORD_ade837,CUST_66516b,One_Time,2024-06-19,PAY_8cd2,STAT_4414,2024-06-19
5895,ORD_dd6025,CUST_41a509,Commercial,2023-03-18,PAY_182e,STAT_e09a,2023-03-18
5896,ORD_7b6236,CUST_41a509,Commercial,2023-09-14,PAY_8cd2,STAT_182e,2023-09-14
5897,ORD_5e2c9f,CUST_41a509,Commercial,2022-03-26,PAY_182e,STAT_8cd2,2022-03-26
5898,ORD_2d6a7d,CUST_41a509,Commercial,2023-02-20,PAY_8cd2,STAT_e09a,2023-02-20
5899,ORD_46e8c1,CUST_41a509,Commercial,2025-05-17,PAY_4414,STAT_e09a,2025-05-17
5900,ORD_1e1479,CUST_41a509,Commercial,2026-05-14,PAY_4414,STAT_8cd2,2026-05-14
5901,ORD_bba713,CUST_41a509,Commercial,2025-02-19,PAY_8cd2,STAT_e09a,2025-02-19
5902,ORD_a18fc2,CUST_41a509,Commercial,2024-08-15,PAY_8cd2,STAT_182e,2024-08-15
5903,ORD_a30ea4,CUST_41a509,Commercial,2023-10-14,PAY_4414,STAT_182e,2023-10-14
5904,ORD_57ddaa,CUST_41a509,Commercial,2023-02-19,PAY_e09a,STAT_8cd2,2023-02-19
5905,ORD_4051df,CUST_41a509,Commercial,2026-02-02,PAY_8cd2,STAT_e09a,2026-02-02
5906,ORD_30de53,CUST_41a509,Commercial,2024-04-16,PAY_8cd2,STAT_182e,2024-04-16
5907,ORD_5e1cf4,CUST_41a509,Commercial,2022-08-13,PAY_e09a,STAT_e09a,2022-08-13
5908,ORD_815f35,CUST_41a509,Commercial,2022-07-05,PAY_4414,STAT_4414,2022-07-05
5909,ORD_3ec58f,CUST_e31e43,One_Time,2022-11-04,PAY_4414,STAT_182e,2022-11-04
5910,ORD_bbf88c,CUST_5f37d2,One_Time,2024-09-04,PAY_8cd2,STAT_e09a,2024-09-04
5911,ORD_8bf9b2,CUST_48c08c,One_Time,2025-11-13,PAY_4414,STAT_4414,2025-11-13
5912,ORD_d9a46e,CUST_2d9619,One_Time,2026-03-22,PAY_e09a,STAT_e09a,2026-03-22
5913,ORD_662327,CUST_c7bd2f,One_Time,2025-07-26,PAY_8cd2,STAT_182e,2025-07-26
5914,ORD_5e256b,CUST_8b81ae,Repeat,2024-12-22,PAY_e09a,STAT_e09a,2024-12-22
5915,ORD_7789a1,CUST_8b81ae,Repeat,2024-12-22,PAY_8cd2,STAT_182e,2024-12-22
5916,ORD_2130c4,CUST_8b81ae,Repeat,2024-12-22,PAY_4414,STAT_e09a,2024-12-22
5917,ORD_26dc3b,CUST_8b81ae,Repeat,2024-12-22,PAY_4414,STAT_8cd2,2024-12-22
5918,ORD_edc2bd,CUST_880d20,Repeat,2024-07-09,PAY_e09a,STAT_e09a,2024-07-09
5919,ORD_82150e,CUST_880d20,Repeat,2025-08-21,PAY_182e,STAT_4414,2025-08-21
5920,ORD_8812f3,CUST_880d20,Repeat,2026-03-02,PAY_e09a,STAT_8cd2,2026-03-02
5921,ORD_8fc752,CUST_880d20,Repeat,2023-02-24,PAY_182e,STAT_182e,2023-02-24
5922,ORD_d333af,CUST_880d20,Repeat,2025-10-17,PAY_8cd2,STAT_e09a,2025-10-17
5923,ORD_e1a163,CUST_880d20,Repeat,2022-07-06,PAY_e09a,STAT_182e,2022-07-06
5924,ORD_dc42ec,CUST_c04d35,Repeat,2026-02-18,PAY_8cd2,STAT_4414,2026-02-18
5925,ORD_4f8645,CUST_c04d35,Repeat,2026-02-18,PAY_182e,STAT_4414,2026-02-18
5926,ORD_60626e,CUST_c04d35,Repeat,2026-02-18,PAY_8cd2,STAT_e09a,2026-02-18
5927,ORD_32f5a9,CUST_c04d35,Repeat,2026-02-18,PAY_182e,STAT_4414,2026-02-18
5928,ORD_7d8053,CUST_6887b2,One_Time,2024-03-25,PAY_4414,STAT_182e,2024-03-25
5929,ORD_061c66,CUST_f08276,One_Time,2025-07-24,PAY_e09a,STAT_e09a,2025-07-24
5930,ORD_bd6be4,CUST_2640d4,Repeat,2024-07-17,PAY_182e,STAT_8cd2,2024-07-17
5931,ORD_f0e35b,CUST_2640d4,Repeat,2025-05-20,PAY_e09a,STAT_4414,2025-05-20
5932,ORD_c02d9c,CUST_2640d4,Repeat,2026-05-03,PAY_8cd2,STAT_8cd2,2026-05-03
5933,ORD_ef4d64,CUST_2640d4,Repeat,2026-02-01,PAY_e09a,STAT_182e,2026-02-01
5934,ORD_3d211b,CUST_ab087a,One_Time,2022-12-25,PAY_182e,STAT_e09a,2022-12-25
5935,ORD_03e0dd,CUST_53583a,One_Time,2026-01-24,PAY_182e,STAT_182e,2026-01-24
5936,ORD_2a16f3,CUST_9e600f,Repeat,2024-06-12,PAY_e09a,STAT_182e,2024-06-12
5937,ORD_043b17,CUST_9e600f,Repeat,2024-06-12,PAY_e09a,STAT_e09a,2024-06-12
5938,ORD_fd4002,CUST_9e600f,Repeat,2024-06-12,PAY_8cd2,STAT_4414,2024-06-12
5939,ORD_e37b5a,CUST_9e600f,Repeat,2024-06-12,PAY_e09a,STAT_4414,2024-06-12
5940,ORD_a60be8,CUST_9e600f,Repeat,2026-02-16,PAY_8cd2,STAT_182e,2026-02-16
5941,ORD_59610d,CUST_9e600f,Repeat,2024-06-12,PAY_182e,STAT_e09a,2024-06-12
5942,ORD_2a8954,CUST_6baebe,Commercial,2023-07-27,PAY_8cd2,STAT_e09a,2023-07-27
5943,ORD_85459b,CUST_6baebe,Commercial,2026-01-15,PAY_182e,STAT_8cd2,2026-01-15
5944,ORD_cc4306,CUST_6baebe,Commercial,2023-11-06,PAY_e09a,STAT_182e,2023-11-06
5945,ORD_ef5b80,CUST_6baebe,Commercial,2024-08-23,PAY_e09a,STAT_4414,2024-08-23
5946,ORD_0ca443,CUST_6baebe,Commercial,2025-03-25,PAY_182e,STAT_182e,2025-03-25
5947,ORD_b6a944,CUST_6baebe,Commercial,2024-06-28,PAY_4414,STAT_4414,2024-06-28
5948,ORD_b9b969,CUST_6baebe,Commercial,2023-07-27,PAY_8cd2,STAT_e09a,2023-07-27
5949,ORD_9b9a27,CUST_6baebe,Commercial,2023-09-04,PAY_182e,STAT_4414,2023-09-04
5950,ORD_c96706,CUST_6baebe,Commercial,2023-07-27,PAY_4414,STAT_182e,2023-07-27
5951,ORD_acbcdd,CUST_6baebe,Commercial,2023-07-27,PAY_e09a,STAT_4414,2023-07-27
5952,ORD_d012ae,CUST_6baebe,Commercial,2023-08-24,PAY_4414,STAT_182e,2023-08-24
5953,ORD_a31dce,CUST_6baebe,Commercial,2024-01-06,PAY_e09a,STAT_4414,2024-01-06
5954,ORD_61e57e,CUST_6baebe,Commercial,2023-07-27,PAY_8cd2,STAT_8cd2,2023-07-27
5955,ORD_832af2,CUST_6baebe,Commercial,2023-12-01,PAY_8cd2,STAT_8cd2,2023-12-01
5956,ORD_0240d5,CUST_6baebe,Commercial,2023-07-27,PAY_e09a,STAT_8cd2,2023-07-27
5957,ORD_165b2d,CUST_6baebe,Commercial,2026-02-15,PAY_8cd2,STAT_182e,2026-02-15
5958,ORD_75907a,CUST_6baebe,Commercial,2025-05-09,PAY_e09a,STAT_8cd2,2025-05-09
5959,ORD_666c36,CUST_6baebe,Commercial,2024-06-14,PAY_8cd2,STAT_4414,2024-06-14
5960,ORD_1a8db2,CUST_852e60,Repeat,2024-03-05,PAY_182e,STAT_4414,2024-03-05
5961,ORD_d83500,CUST_852e60,Repeat,2025-01-13,PAY_e09a,STAT_8cd2,2025-01-13
5962,ORD_4515e4,CUST_852e60,Repeat,2024-03-05,PAY_182e,STAT_182e,2024-03-05
5963,ORD_c44255,CUST_852e60,Repeat,2024-03-05,PAY_e09a,STAT_182e,2024-03-05
5964,ORD_84a411,CUST_23c08c,Repeat,2026-05-19,PAY_8cd2,STAT_4414,2026-05-19
5965,ORD_3acdd5,CUST_23c08c,Repeat,2024-10-20,PAY_e09a,STAT_182e,2024-10-20
5966,ORD_5fe608,CUST_23c08c,Repeat,2023-04-14,PAY_182e,STAT_8cd2,2023-04-14
5967,ORD_f64424,CUST_23c08c,Repeat,2022-05-14,PAY_182e,STAT_8cd2,2022-05-14
5968,ORD_ecb6a7,CUST_9b0200,Commercial,2026-02-21,PAY_182e,STAT_4414,2026-02-21
5969,ORD_15c848,CUST_9b0200,Commercial,2026-03-28,PAY_e09a,STAT_182e,2026-03-28
5970,ORD_5f01c1,CUST_9b0200,Commercial,2026-02-21,PAY_e09a,STAT_e09a,2026-02-21
5971,ORD_6792b4,CUST_9b0200,Commercial,2026-02-21,PAY_8cd2,STAT_4414,2026-02-21
5972,ORD_c37cb5,CUST_9b0200,Commercial,2026-02-21,PAY_e09a,STAT_182e,2026-02-21
5973,ORD_78a02e,CUST_9b0200,Commercial,2026-02-21,PAY_182e,STAT_8cd2,2026-02-21
5974,ORD_a2136f,CUST_9b0200,Commercial,2026-02-21,PAY_182e,STAT_8cd2,2026-02-21
5975,ORD_bbe3b5,CUST_9b0200,Commercial,2026-02-21,PAY_8cd2,STAT_8cd2,2026-02-21
5976,ORD_a01d6b,CUST_9b0200,Commercial,2026-02-21,PAY_182e,STAT_4414,2026-02-21
5977,ORD_15a8c8,CUST_9b0200,Commercial,2026-02-21,PAY_e09a,STAT_4414,2026-02-21
5978,ORD_5582e6,CUST_9b0200,Commercial,2026-02-21,PAY_8cd2,STAT_182e,2026-02-21
5979,ORD_233a0d,CUST_9b0200,Commercial,2026-04-10,PAY_4414,STAT_e09a,2026-04-10
5980,ORD_e67601,CUST_9b0200,Commercial,2026-02-21,PAY_8cd2,STAT_182e,2026-02-21
5981,ORD_4a1792,CUST_9b0200,Commercial,2026-02-21,PAY_182e,STAT_8cd2,2026-02-21
5982,ORD_7b6415,CUST_f95a13,One_Time,2025-10-12,PAY_4414,STAT_8cd2,2025-10-12
5983,ORD_42f423,CUST_004528,One_Time,2026-02-10,PAY_e09a,STAT_e09a,2026-02-10
5984,ORD_d16aec,CUST_5a1efc,One_Time,2026-03-10,PAY_e09a,STAT_182e,2026-03-10
5985,ORD_606822,CUST_b8cc0e,Repeat,2025-11-02,PAY_e09a,STAT_4414,2025-11-02
5986,ORD_f095cc,CUST_b8cc0e,Repeat,2024-06-23,PAY_4414,STAT_182e,2024-06-23
5987,ORD_634af2,CUST_b8cc0e,Repeat,2026-04-11,PAY_4414,STAT_182e,2026-04-11
5988,ORD_595018,CUST_b8cc0e,Repeat,2024-06-02,PAY_8cd2,STAT_182e,2024-06-02
5989,ORD_33d53b,CUST_26d05e,Repeat,2025-07-17,PAY_182e,STAT_182e,2025-07-17
5990,ORD_2fc094,CUST_26d05e,Repeat,2026-02-10,PAY_4414,STAT_8cd2,2026-02-10
5991,ORD_43b16c,CUST_26d05e,Repeat,2023-04-14,PAY_e09a,STAT_182e,2023-04-14
5992,ORD_0d2e19,CUST_26d05e,Repeat,2025-02-27,PAY_8cd2,STAT_4414,2025-02-27
5993,ORD_f287db,CUST_26d05e,Repeat,2023-04-14,PAY_4414,STAT_4414,2023-04-14
5994,ORD_194c85,CUST_26d05e,Repeat,2023-04-14,PAY_4414,STAT_e09a,2023-04-14
5995,ORD_ee44f8,CUST_8d4cde,One_Time,2021-05-13,PAY_8cd2,STAT_4414,2021-05-13
5996,ORD_58f52d,CUST_6250e4,One_Time,2024-05-06,PAY_4414,STAT_4414,2024-05-06
5997,ORD_bfc3a0,CUST_301fc9,One_Time,2025-11-10,PAY_4414,STAT_4414,2025-11-10
5998,ORD_2a3348,CUST_c1ae4f,One_Time,2021-03-24,PAY_4414,STAT_4414,2021-03-24
5999,ORD_8514eb,CUST_1203b9,One_Time,2025-11-10,PAY_e09a,STAT_4414,2025-11-10
6000,ORD_658a26,CUST_5bfbe1,Repeat,2024-06-01,PAY_e09a,STAT_8cd2,2024-06-01
6001,ORD_877e38,CUST_5bfbe1,Repeat,2024-06-01,PAY_8cd2,STAT_4414,2024-06-01
6002,ORD_1f9139,CUST_29e588,One_Time,2024-10-12,PAY_4414,STAT_4414,2024-10-12
6003,ORD_8a6146,CUST_3319f8,One_Time,2025-12-03,PAY_4414,STAT_e09a,2025-12-03
6004,ORD_5c81d7,CUST_5a3632,Repeat,2025-11-06,PAY_8cd2,STAT_8cd2,2025-11-06
6005,ORD_aee642,CUST_5a3632,Repeat,2025-11-06,PAY_8cd2,STAT_e09a,2025-11-06
6006,ORD_6c7ebc,CUST_5a3632,Repeat,2025-11-06,PAY_8cd2,STAT_4414,2025-11-06
6007,ORD_3dfad7,CUST_5927a5,Repeat,2025-08-25,PAY_8cd2,STAT_4414,2025-08-25
6008,ORD_b87365,CUST_5927a5,Repeat,2022-02-10,PAY_4414,STAT_8cd2,2022-02-10
6009,ORD_6e7387,CUST_5927a5,Repeat,2022-02-10,PAY_e09a,STAT_182e,2022-02-10
6010,ORD_f02428,CUST_5927a5,Repeat,2025-01-02,PAY_182e,STAT_4414,2025-01-02
6011,ORD_ee2653,CUST_5927a5,Repeat,2024-02-01,PAY_182e,STAT_182e,2024-02-01
6012,ORD_298f37,CUST_5927a5,Repeat,2025-03-06,PAY_4414,STAT_4414,2025-03-06
6013,ORD_8cc61f,CUST_2e5249,One_Time,2024-07-22,PAY_e09a,STAT_182e,2024-07-22
6014,ORD_439b5e,CUST_272770,One_Time,2026-03-22,PAY_e09a,STAT_182e,2026-03-22
6015,ORD_f73228,CUST_3097be,One_Time,2024-10-01,PAY_182e,STAT_182e,2024-10-01
6016,ORD_ced51c,CUST_e69a65,One_Time,2025-09-20,PAY_e09a,STAT_182e,2025-09-20
6017,ORD_cab056,CUST_c9ee16,Commercial,2025-02-28,PAY_182e,STAT_4414,2025-02-28
6018,ORD_cbd896,CUST_c9ee16,Commercial,2025-02-28,PAY_182e,STAT_8cd2,2025-02-28
6019,ORD_3811b5,CUST_c9ee16,Commercial,2025-02-28,PAY_182e,STAT_4414,2025-02-28
6020,ORD_6b6dc0,CUST_c9ee16,Commercial,2025-02-28,PAY_8cd2,STAT_4414,2025-02-28
6021,ORD_2a1a90,CUST_c9ee16,Commercial,2025-07-17,PAY_182e,STAT_4414,2025-07-17
6022,ORD_d05b1e,CUST_c9ee16,Commercial,2025-02-28,PAY_182e,STAT_e09a,2025-02-28
6023,ORD_56c1cc,CUST_c9ee16,Commercial,2025-02-28,PAY_182e,STAT_182e,2025-02-28
6024,ORD_29f0c5,CUST_c9ee16,Commercial,2025-02-28,PAY_4414,STAT_8cd2,2025-02-28
6025,ORD_f715c2,CUST_c9ee16,Commercial,2025-02-28,PAY_e09a,STAT_4414,2025-02-28
6026,ORD_16a58d,CUST_c9ee16,Commercial,2025-03-06,PAY_8cd2,STAT_4414,2025-03-06
6027,ORD_ea52fb,CUST_c9ee16,Commercial,2025-02-28,PAY_e09a,STAT_182e,2025-02-28
6028,ORD_f4d356,CUST_c9ee16,Commercial,2025-02-28,PAY_8cd2,STAT_8cd2,2025-02-28
6029,ORD_95ffcc,CUST_c9ee16,Commercial,2025-02-28,PAY_e09a,STAT_4414,2025-02-28
6030,ORD_6c05b7,CUST_c9ee16,Commercial,2025-02-28,PAY_4414,STAT_8cd2,2025-02-28
6031,ORD_20ccd5,CUST_c9ee16,Commercial,2026-05-13,PAY_e09a,STAT_8cd2,2026-05-13
6032,ORD_aae3c6,CUST_c9ee16,Commercial,2025-02-28,PAY_8cd2,STAT_4414,2025-02-28
6033,ORD_cfa5f9,CUST_c9ee16,Commercial,2025-02-28,PAY_182e,STAT_4414,2025-02-28
6034,ORD_f8bbdb,CUST_c9ee16,Commercial,2025-02-28,PAY_182e,STAT_e09a,2025-02-28
6035,ORD_de2255,CUST_c9ee16,Commercial,2025-06-17,PAY_4414,STAT_e09a,2025-06-17
6036,ORD_7efbae,CUST_c9ee16,Commercial,2025-02-28,PAY_8cd2,STAT_e09a,2025-02-28
6037,ORD_57e5ba,CUST_2b980d,One_Time,2022-02-17,PAY_e09a,STAT_e09a,2022-02-17
6038,ORD_b89f7d,CUST_5dae8e,One_Time,2022-07-26,PAY_e09a,STAT_8cd2,2022-07-26
6039,ORD_83ca46,CUST_228288,Repeat,2023-11-18,PAY_182e,STAT_4414,2023-11-18
6040,ORD_eb4f67,CUST_228288,Repeat,2023-02-09,PAY_8cd2,STAT_e09a,2023-02-09
6041,ORD_2aa182,CUST_228288,Repeat,2023-02-09,PAY_4414,STAT_182e,2023-02-09
6042,ORD_03bdb7,CUST_228288,Repeat,2024-11-19,PAY_e09a,STAT_4414,2024-11-19
6043,ORD_e0da94,CUST_228288,Repeat,2026-03-01,PAY_8cd2,STAT_182e,2026-03-01
6044,ORD_8f07fb,CUST_228288,Repeat,2023-02-09,PAY_182e,STAT_8cd2,2023-02-09
6045,ORD_67d821,CUST_9fdcf6,Repeat,2026-05-21,PAY_8cd2,STAT_182e,2026-05-21
6046,ORD_a3b95e,CUST_9fdcf6,Repeat,2026-05-21,PAY_182e,STAT_182e,2026-05-21
6047,ORD_09721d,CUST_9fdcf6,Repeat,2026-05-21,PAY_8cd2,STAT_e09a,2026-05-21
6048,ORD_a56e1a,CUST_9fdcf6,Repeat,2026-05-21,PAY_4414,STAT_4414,2026-05-21
6049,ORD_e7f22f,CUST_ab81ff,One_Time,2025-02-12,PAY_e09a,STAT_182e,2025-02-12
6050,ORD_ec37c2,CUST_350e8c,One_Time,2023-06-03,PAY_8cd2,STAT_8cd2,2023-06-03
6051,ORD_ed33b7,CUST_ad714f,Repeat,2026-02-05,PAY_182e,STAT_4414,2026-02-05
6052,ORD_2ebc11,CUST_ad714f,Repeat,2026-02-14,PAY_182e,STAT_182e,2026-02-14
6053,ORD_d4522d,CUST_68488c,One_Time,2025-10-06,PAY_e09a,STAT_4414,2025-10-06
6054,ORD_f761f9,CUST_0b8078,One_Time,2026-04-23,PAY_182e,STAT_8cd2,2026-04-23
6055,ORD_cff532,CUST_915125,One_Time,2024-01-09,PAY_e09a,STAT_4414,2024-01-09
6056,ORD_550649,CUST_c07884,Repeat,2026-04-11,PAY_4414,STAT_182e,2026-04-11
6057,ORD_3a608b,CUST_c07884,Repeat,2026-04-11,PAY_8cd2,STAT_e09a,2026-04-11
6058,ORD_c6eab4,CUST_c07884,Repeat,2026-04-11,PAY_182e,STAT_182e,2026-04-11
6059,ORD_ab13ab,CUST_c07884,Repeat,2026-04-11,PAY_e09a,STAT_e09a,2026-04-11
6060,ORD_daa060,CUST_c07884,Repeat,2026-04-11,PAY_182e,STAT_8cd2,2026-04-11
6061,ORD_cb0186,CUST_bf2772,One_Time,2024-07-17,PAY_4414,STAT_e09a,2024-07-17
6062,ORD_ae3d64,CUST_969d1c,One_Time,2024-09-09,PAY_182e,STAT_182e,2024-09-09
6063,ORD_d04643,CUST_ba6d1b,One_Time,2025-03-13,PAY_8cd2,STAT_8cd2,2025-03-13
6064,ORD_1a6662,CUST_15ebca,One_Time,2026-04-02,PAY_8cd2,STAT_8cd2,2026-04-02
6065,ORD_69d2e4,CUST_2653e2,One_Time,2024-06-06,PAY_e09a,STAT_e09a,2024-06-06
6066,ORD_7cdc44,CUST_7275dc,One_Time,2025-07-21,PAY_182e,STAT_e09a,2025-07-21
6067,ORD_85b250,CUST_8766d7,Repeat,2025-07-19,PAY_4414,STAT_4414,2025-07-19
6068,ORD_75769a,CUST_8766d7,Repeat,2024-06-07,PAY_8cd2,STAT_4414,2024-06-07
6069,ORD_be7490,CUST_8766d7,Repeat,2024-02-23,PAY_8cd2,STAT_182e,2024-02-23
6070,ORD_ea3297,CUST_8766d7,Repeat,2024-02-23,PAY_4414,STAT_4414,2024-02-23
6071,ORD_aef453,CUST_8766d7,Repeat,2024-02-23,PAY_8cd2,STAT_182e,2024-02-23
6072,ORD_d945c4,CUST_8766d7,Repeat,2024-06-10,PAY_182e,STAT_182e,2024-06-10
6073,ORD_ae3670,CUST_db6a00,One_Time,2026-05-03,PAY_4414,STAT_4414,2026-05-03
6074,ORD_d30224,CUST_2ad50e,One_Time,2023-12-26,PAY_182e,STAT_4414,2023-12-26
6075,ORD_cc935b,CUST_73aaeb,One_Time,2023-08-10,PAY_8cd2,STAT_182e,2023-08-10
6076,ORD_df2af4,CUST_0d35fc,Repeat,2023-07-20,PAY_8cd2,STAT_8cd2,2023-07-20
6077,ORD_09fd72,CUST_0d35fc,Repeat,2024-02-15,PAY_4414,STAT_4414,2024-02-15
6078,ORD_161baf,CUST_0d35fc,Repeat,2024-08-27,PAY_182e,STAT_182e,2024-08-27
6079,ORD_534938,CUST_02e6b1,One_Time,2025-12-22,PAY_182e,STAT_e09a,2025-12-22
6080,ORD_d62a9d,CUST_45c0e7,One_Time,2024-05-04,PAY_182e,STAT_8cd2,2024-05-04
6081,ORD_98f903,CUST_7ef402,One_Time,2025-05-21,PAY_4414,STAT_4414,2025-05-21
6082,ORD_ca2a33,CUST_a4099e,One_Time,2025-11-25,PAY_e09a,STAT_182e,2025-11-25
6083,ORD_a0ca67,CUST_1692d4,One_Time,2024-07-13,PAY_e09a,STAT_182e,2024-07-13
6084,ORD_692651,CUST_bea338,Repeat,2024-02-11,PAY_182e,STAT_8cd2,2024-02-11
6085,ORD_4fb1c2,CUST_bea338,Repeat,2025-09-25,PAY_4414,STAT_8cd2,2025-09-25
6086,ORD_fc22e5,CUST_bea338,Repeat,2024-02-11,PAY_182e,STAT_4414,2024-02-11
6087,ORD_0bf894,CUST_bea338,Repeat,2025-06-08,PAY_8cd2,STAT_182e,2025-06-08
6088,ORD_b46da2,CUST_cf1357,Repeat,2025-10-23,PAY_182e,STAT_4414,2025-10-23
6089,ORD_511d71,CUST_cf1357,Repeat,2025-10-23,PAY_e09a,STAT_4414,2025-10-23
6090,ORD_3b8a90,CUST_cf1357,Repeat,2025-10-23,PAY_8cd2,STAT_182e,2025-10-23
6091,ORD_f40fa2,CUST_495001,One_Time,2022-11-20,PAY_182e,STAT_182e,2022-11-20
6092,ORD_d45a07,CUST_345060,One_Time,2025-04-23,PAY_4414,STAT_e09a,2025-04-23
6093,ORD_68d760,CUST_687d28,One_Time,2021-09-03,PAY_8cd2,STAT_182e,2021-09-03
6094,ORD_1a60c6,CUST_01f9e1,One_Time,2026-04-15,PAY_182e,STAT_182e,2026-04-15
6095,ORD_e33829,CUST_a5135e,One_Time,2026-01-27,PAY_8cd2,STAT_182e,2026-01-27
6096,ORD_3ecd63,CUST_f5df5c,One_Time,2026-04-03,PAY_182e,STAT_e09a,2026-04-03
6097,ORD_ed4f51,CUST_7a22ef,One_Time,2025-03-08,PAY_8cd2,STAT_182e,2025-03-08
6098,ORD_28b263,CUST_532f22,One_Time,2025-04-26,PAY_e09a,STAT_e09a,2025-04-26
6099,ORD_008c58,CUST_e4927d,Repeat,2025-12-11,PAY_8cd2,STAT_182e,2025-12-11
6100,ORD_337680,CUST_e4927d,Repeat,2025-04-11,PAY_8cd2,STAT_e09a,2025-04-11
6101,ORD_10322e,CUST_e4927d,Repeat,2026-01-28,PAY_182e,STAT_182e,2026-01-28
6102,ORD_897499,CUST_e4927d,Repeat,2026-03-19,PAY_8cd2,STAT_4414,2026-03-19
6103,ORD_dea885,CUST_aaeb66,One_Time,2025-11-18,PAY_e09a,STAT_8cd2,2025-11-18
6104,ORD_c05a09,CUST_c1beee,One_Time,2023-12-15,PAY_182e,STAT_8cd2,2023-12-15
6105,ORD_4a6722,CUST_ac4a28,One_Time,2026-03-16,PAY_182e,STAT_e09a,2026-03-16
6106,ORD_51fd37,CUST_651caf,One_Time,2024-04-13,PAY_8cd2,STAT_182e,2024-04-13
6107,ORD_281f65,CUST_6439fa,One_Time,2024-02-14,PAY_e09a,STAT_4414,2024-02-14
6108,ORD_e8f114,CUST_730d45,One_Time,2025-09-23,PAY_e09a,STAT_8cd2,2025-09-23
6109,ORD_29e497,CUST_38893b,One_Time,2026-05-26,PAY_4414,STAT_4414,2026-05-26
6110,ORD_2c3bb3,CUST_8ea9fb,One_Time,2024-12-26,PAY_8cd2,STAT_4414,2024-12-26
6111,ORD_1f0a47,CUST_ac937a,One_Time,2024-10-26,PAY_e09a,STAT_4414,2024-10-26
6112,ORD_50b5d6,CUST_b61af3,One_Time,2026-05-14,PAY_8cd2,STAT_4414,2026-05-14
6113,ORD_34f8a1,CUST_cae66b,One_Time,2025-01-24,PAY_182e,STAT_182e,2025-01-24
6114,ORD_22362d,CUST_7b83f8,One_Time,2024-10-05,PAY_8cd2,STAT_8cd2,2024-10-05
6115,ORD_b09012,CUST_3b7647,Repeat,2025-06-10,PAY_4414,STAT_e09a,2025-06-10
6116,ORD_fa904c,CUST_3b7647,Repeat,2025-04-24,PAY_8cd2,STAT_8cd2,2025-04-24
6117,ORD_127a53,CUST_3b7647,Repeat,2025-04-24,PAY_4414,STAT_e09a,2025-04-24
6118,ORD_86644c,CUST_88a806,Repeat,2022-01-05,PAY_8cd2,STAT_8cd2,2022-01-05
6119,ORD_796b5c,CUST_88a806,Repeat,2023-07-15,PAY_e09a,STAT_4414,2023-07-15
6120,ORD_1c5fa8,CUST_88a806,Repeat,2025-07-21,PAY_e09a,STAT_e09a,2025-07-21
6121,ORD_30bd19,CUST_88a806,Repeat,2025-08-02,PAY_8cd2,STAT_8cd2,2025-08-02
6122,ORD_a1ced7,CUST_88a806,Repeat,2022-10-17,PAY_8cd2,STAT_4414,2022-10-17
6123,ORD_396e9d,CUST_5e8982,One_Time,2025-10-06,PAY_4414,STAT_8cd2,2025-10-06
6124,ORD_83bfb2,CUST_9543f0,Repeat,2023-10-16,PAY_e09a,STAT_182e,2023-10-16
6125,ORD_788ca2,CUST_9543f0,Repeat,2024-01-11,PAY_8cd2,STAT_e09a,2024-01-11
6126,ORD_7e730e,CUST_9543f0,Repeat,2025-01-23,PAY_182e,STAT_e09a,2025-01-23
6127,ORD_32c42e,CUST_9543f0,Repeat,2022-08-08,PAY_e09a,STAT_e09a,2022-08-08
6128,ORD_065e10,CUST_9543f0,Repeat,2026-01-27,PAY_4414,STAT_4414,2026-01-27
6129,ORD_7cdaaf,CUST_9543f0,Repeat,2022-12-12,PAY_4414,STAT_4414,2022-12-12
6130,ORD_a742c2,CUST_afc9cc,One_Time,2023-10-04,PAY_182e,STAT_4414,2023-10-04
6131,ORD_73f8c1,CUST_d65076,One_Time,2023-10-27,PAY_4414,STAT_182e,2023-10-27
6132,ORD_e6b00b,CUST_b1dbb8,One_Time,2024-04-08,PAY_e09a,STAT_e09a,2024-04-08
6133,ORD_8f81ef,CUST_b5ad03,One_Time,2026-02-28,PAY_e09a,STAT_e09a,2026-02-28
6134,ORD_6d831c,CUST_8dee00,One_Time,2023-10-26,PAY_182e,STAT_8cd2,2023-10-26
6135,ORD_8cb3ba,CUST_b06e82,One_Time,2025-08-05,PAY_182e,STAT_182e,2025-08-05
6136,ORD_4b0582,CUST_198992,One_Time,2026-01-13,PAY_182e,STAT_4414,2026-01-13
6137,ORD_1bbca3,CUST_abf894,One_Time,2023-12-19,PAY_4414,STAT_4414,2023-12-19
6138,ORD_90d728,CUST_6415c8,One_Time,2025-07-16,PAY_8cd2,STAT_8cd2,2025-07-16
6139,ORD_ae6613,CUST_7defe7,One_Time,2022-06-28,PAY_182e,STAT_8cd2,2022-06-28
6140,ORD_3d03bc,CUST_d5829e,One_Time,2024-08-15,PAY_8cd2,STAT_182e,2024-08-15
6141,ORD_24b0a0,CUST_67a720,Repeat,2023-12-11,PAY_8cd2,STAT_8cd2,2023-12-11
6142,ORD_ff4c50,CUST_67a720,Repeat,2023-09-19,PAY_182e,STAT_e09a,2023-09-19
6143,ORD_d5de83,CUST_042839,One_Time,2025-07-07,PAY_8cd2,STAT_4414,2025-07-07
6144,ORD_3059f0,CUST_a2ed21,One_Time,2025-08-17,PAY_4414,STAT_e09a,2025-08-17
6145,ORD_1ea1b2,CUST_d2f643,One_Time,2023-08-01,PAY_8cd2,STAT_e09a,2023-08-01
6146,ORD_94ac7c,CUST_fb0a43,One_Time,2026-03-07,PAY_e09a,STAT_4414,2026-03-07
6147,ORD_fa8a3a,CUST_b875dd,One_Time,2026-04-07,PAY_8cd2,STAT_4414,2026-04-07
6148,ORD_1108e1,CUST_2be5b8,One_Time,2024-06-04,PAY_e09a,STAT_4414,2024-06-04
6149,ORD_d97ee5,CUST_632b37,One_Time,2022-03-11,PAY_e09a,STAT_4414,2022-03-11
6150,ORD_0d1653,CUST_801355,One_Time,2026-04-28,PAY_e09a,STAT_4414,2026-04-28
6151,ORD_820476,CUST_43e9e8,One_Time,2021-11-17,PAY_8cd2,STAT_8cd2,2021-11-17
6152,ORD_fffedf,CUST_8df6ef,One_Time,2021-06-19,PAY_8cd2,STAT_8cd2,2021-06-19
6153,ORD_535fbf,CUST_aa5b17,One_Time,2021-07-02,PAY_e09a,STAT_8cd2,2021-07-02
6154,ORD_54ce8e,CUST_87c312,One_Time,2023-01-28,PAY_4414,STAT_4414,2023-01-28
6155,ORD_8eeb2b,CUST_8f0003,One_Time,2025-04-05,PAY_182e,STAT_8cd2,2025-04-05
6156,ORD_dd06d6,CUST_dca799,One_Time,2026-01-14,PAY_182e,STAT_8cd2,2026-01-14
6157,ORD_e78c4e,CUST_83f232,Commercial,2025-07-05,PAY_4414,STAT_e09a,2025-07-05
6158,ORD_993af2,CUST_83f232,Commercial,2025-07-05,PAY_182e,STAT_4414,2025-07-05
6159,ORD_a55597,CUST_83f232,Commercial,2025-07-05,PAY_8cd2,STAT_8cd2,2025-07-05
6160,ORD_3a580f,CUST_83f232,Commercial,2025-07-05,PAY_182e,STAT_182e,2025-07-05
6161,ORD_598234,CUST_83f232,Commercial,2025-07-05,PAY_4414,STAT_4414,2025-07-05
6162,ORD_af32d2,CUST_83f232,Commercial,2026-02-14,PAY_e09a,STAT_182e,2026-02-14
6163,ORD_12366c,CUST_83f232,Commercial,2026-01-13,PAY_e09a,STAT_8cd2,2026-01-13
6164,ORD_847b24,CUST_83f232,Commercial,2025-07-05,PAY_8cd2,STAT_e09a,2025-07-05
6165,ORD_8e492d,CUST_83f232,Commercial,2025-07-05,PAY_8cd2,STAT_e09a,2025-07-05
6166,ORD_21733c,CUST_83f232,Commercial,2025-07-05,PAY_e09a,STAT_182e,2025-07-05
6167,ORD_0471b0,CUST_83f232,Commercial,2025-11-16,PAY_4414,STAT_182e,2025-11-16
6168,ORD_b31def,CUST_83f232,Commercial,2025-09-13,PAY_4414,STAT_e09a,2025-09-13
6169,ORD_107fd7,CUST_83f232,Commercial,2025-07-05,PAY_182e,STAT_182e,2025-07-05
6170,ORD_9bc030,CUST_40a311,Repeat,2024-10-10,PAY_8cd2,STAT_8cd2,2024-10-10
6171,ORD_eea79e,CUST_40a311,Repeat,2026-02-23,PAY_e09a,STAT_4414,2026-02-23
6172,ORD_07a8ed,CUST_40a311,Repeat,2025-07-24,PAY_182e,STAT_4414,2025-07-24
6173,ORD_80ee21,CUST_40a311,Repeat,2024-07-06,PAY_182e,STAT_182e,2024-07-06
6174,ORD_762e85,CUST_40a311,Repeat,2026-02-24,PAY_182e,STAT_e09a,2026-02-24
6175,ORD_81a18a,CUST_04b38d,One_Time,2023-07-21,PAY_4414,STAT_4414,2023-07-21
6176,ORD_34a51a,CUST_2c2b90,One_Time,2024-10-05,PAY_182e,STAT_8cd2,2024-10-05
6177,ORD_da46ac,CUST_a515b7,Repeat,2023-09-13,PAY_e09a,STAT_4414,2023-09-13
6178,ORD_9a6a99,CUST_a515b7,Repeat,2023-06-16,PAY_4414,STAT_182e,2023-06-16
6179,ORD_dbda1b,CUST_a515b7,Repeat,2023-06-16,PAY_8cd2,STAT_e09a,2023-06-16
6180,ORD_5a9aa7,CUST_a515b7,Repeat,2023-06-16,PAY_e09a,STAT_e09a,2023-06-16
6181,ORD_7c420b,CUST_380cd1,One_Time,2025-07-27,PAY_8cd2,STAT_182e,2025-07-27
6182,ORD_7015ee,CUST_3c7413,One_Time,2025-11-27,PAY_4414,STAT_8cd2,2025-11-27
6183,ORD_cc2936,CUST_7a030c,Commercial,2022-11-11,PAY_e09a,STAT_4414,2022-11-11
6184,ORD_a7f6e0,CUST_7a030c,Commercial,2025-08-21,PAY_8cd2,STAT_8cd2,2025-08-21
6185,ORD_387677,CUST_7a030c,Commercial,2022-06-08,PAY_4414,STAT_182e,2022-06-08
6186,ORD_75d341,CUST_7a030c,Commercial,2023-02-01,PAY_182e,STAT_8cd2,2023-02-01
6187,ORD_35ad20,CUST_7a030c,Commercial,2023-01-26,PAY_4414,STAT_4414,2023-01-26
6188,ORD_f7d9e9,CUST_7a030c,Commercial,2022-06-08,PAY_182e,STAT_4414,2022-06-08
6189,ORD_ffc349,CUST_7a030c,Commercial,2022-06-08,PAY_4414,STAT_4414,2022-06-08
6190,ORD_f6a107,CUST_7a030c,Commercial,2024-10-16,PAY_4414,STAT_e09a,2024-10-16
6191,ORD_4777ed,CUST_7a030c,Commercial,2023-03-18,PAY_8cd2,STAT_8cd2,2023-03-18
6192,ORD_c6a047,CUST_7a030c,Commercial,2022-06-08,PAY_4414,STAT_4414,2022-06-08
6193,ORD_ded620,CUST_7a030c,Commercial,2025-04-04,PAY_8cd2,STAT_8cd2,2025-04-04
6194,ORD_62c439,CUST_7a030c,Commercial,2022-06-08,PAY_4414,STAT_182e,2022-06-08
6195,ORD_5e96af,CUST_7a030c,Commercial,2025-07-12,PAY_8cd2,STAT_4414,2025-07-12
6196,ORD_436f5e,CUST_7a030c,Commercial,2023-08-20,PAY_8cd2,STAT_182e,2023-08-20
6197,ORD_567c08,CUST_7a030c,Commercial,2025-08-25,PAY_e09a,STAT_182e,2025-08-25
6198,ORD_ad78ff,CUST_7a030c,Commercial,2024-12-10,PAY_4414,STAT_8cd2,2024-12-10
6199,ORD_e65b1e,CUST_7a030c,Commercial,2022-12-23,PAY_4414,STAT_4414,2022-12-23
6200,ORD_9f5e5f,CUST_7a030c,Commercial,2024-01-08,PAY_182e,STAT_e09a,2024-01-08
6201,ORD_f33686,CUST_e629fc,One_Time,2025-10-12,PAY_4414,STAT_e09a,2025-10-12
6202,ORD_6bd8ea,CUST_e3e12e,One_Time,2023-09-07,PAY_182e,STAT_4414,2023-09-07
6203,ORD_b73fed,CUST_80e629,One_Time,2024-04-27,PAY_4414,STAT_e09a,2024-04-27
6204,ORD_92081d,CUST_68af1d,One_Time,2023-04-04,PAY_182e,STAT_8cd2,2023-04-04
6205,ORD_fb872d,CUST_3dd88b,One_Time,2026-03-27,PAY_182e,STAT_182e,2026-03-27
6206,ORD_1cfbe2,CUST_4145c3,Repeat,2023-03-15,PAY_4414,STAT_8cd2,2023-03-15
6207,ORD_689250,CUST_4145c3,Repeat,2022-05-27,PAY_4414,STAT_182e,2022-05-27
6208,ORD_b51b72,CUST_4145c3,Repeat,2022-05-27,PAY_4414,STAT_4414,2022-05-27
6209,ORD_248754,CUST_4145c3,Repeat,2025-12-05,PAY_e09a,STAT_4414,2025-12-05
6210,ORD_37ecaf,CUST_4145c3,Repeat,2024-12-20,PAY_4414,STAT_e09a,2024-12-20
6211,ORD_ca32ae,CUST_4b790d,Repeat,2023-12-08,PAY_4414,STAT_e09a,2023-12-08
6212,ORD_0c6654,CUST_4b790d,Repeat,2024-12-26,PAY_4414,STAT_182e,2024-12-26
6213,ORD_2e11c5,CUST_4b790d,Repeat,2022-10-28,PAY_e09a,STAT_182e,2022-10-28
6214,ORD_f11b53,CUST_4b790d,Repeat,2024-06-09,PAY_4414,STAT_182e,2024-06-09
6215,ORD_c7e4d8,CUST_79045f,One_Time,2024-12-23,PAY_4414,STAT_4414,2024-12-23
6216,ORD_bb832c,CUST_f7393a,Repeat,2025-10-09,PAY_4414,STAT_4414,2025-10-09
6217,ORD_4c4eab,CUST_f7393a,Repeat,2025-10-09,PAY_182e,STAT_182e,2025-10-09
6218,ORD_fb01e1,CUST_f7393a,Repeat,2025-10-09,PAY_8cd2,STAT_4414,2025-10-09
6219,ORD_14a17c,CUST_f7393a,Repeat,2026-01-13,PAY_8cd2,STAT_182e,2026-01-13
6220,ORD_3f38a9,CUST_f7393a,Repeat,2025-10-09,PAY_8cd2,STAT_e09a,2025-10-09
6221,ORD_63f354,CUST_f7393a,Repeat,2025-10-09,PAY_8cd2,STAT_e09a,2025-10-09
6222,ORD_24756e,CUST_b2e9e9,Repeat,2021-07-01,PAY_8cd2,STAT_182e,2021-07-01
6223,ORD_a5555f,CUST_b2e9e9,Repeat,2022-01-16,PAY_8cd2,STAT_e09a,2022-01-16
6224,ORD_f14ce1,CUST_b2e9e9,Repeat,2024-01-14,PAY_4414,STAT_4414,2024-01-14
6225,ORD_14f00d,CUST_b2e9e9,Repeat,2021-12-24,PAY_e09a,STAT_e09a,2021-12-24
6226,ORD_d42ea7,CUST_206daf,One_Time,2022-08-07,PAY_e09a,STAT_4414,2022-08-07
6227,ORD_290c60,CUST_7a606a,One_Time,2025-12-16,PAY_4414,STAT_182e,2025-12-16
6228,ORD_c61ff5,CUST_08d32d,One_Time,2026-04-23,PAY_e09a,STAT_8cd2,2026-04-23
6229,ORD_e9b80d,CUST_782071,One_Time,2024-10-13,PAY_182e,STAT_8cd2,2024-10-13
6230,ORD_44f7b1,CUST_f2008b,One_Time,2024-03-25,PAY_4414,STAT_4414,2024-03-25
6231,ORD_28c385,CUST_219dfe,One_Time,2024-12-05,PAY_8cd2,STAT_8cd2,2024-12-05
6232,ORD_ae8026,CUST_d190eb,One_Time,2025-10-07,PAY_8cd2,STAT_182e,2025-10-07
6233,ORD_4d19ea,CUST_0d6e46,One_Time,2026-02-27,PAY_e09a,STAT_8cd2,2026-02-27
6234,ORD_1118b6,CUST_1ed19a,Repeat,2026-05-15,PAY_4414,STAT_4414,2026-05-15
6235,ORD_836b55,CUST_1ed19a,Repeat,2023-03-03,PAY_182e,STAT_182e,2023-03-03
6236,ORD_88a38b,CUST_1ed19a,Repeat,2024-07-26,PAY_e09a,STAT_182e,2024-07-26
6237,ORD_ac1940,CUST_f13132,One_Time,2024-11-25,PAY_4414,STAT_8cd2,2024-11-25
6238,ORD_9c2667,CUST_21306b,Repeat,2023-04-13,PAY_182e,STAT_4414,2023-04-13
6239,ORD_da0556,CUST_21306b,Repeat,2023-04-13,PAY_e09a,STAT_182e,2023-04-13
6240,ORD_3c9fb7,CUST_21306b,Repeat,2024-04-18,PAY_4414,STAT_182e,2024-04-18
6241,ORD_c6ac35,CUST_9cfee3,One_Time,2026-05-25,PAY_4414,STAT_e09a,2026-05-25
6242,ORD_a88c42,CUST_a4fa04,Repeat,2025-08-22,PAY_182e,STAT_182e,2025-08-22
6243,ORD_652cf1,CUST_a4fa04,Repeat,2024-11-14,PAY_182e,STAT_e09a,2024-11-14
6244,ORD_e9c547,CUST_a4fa04,Repeat,2024-11-14,PAY_8cd2,STAT_8cd2,2024-11-14
6245,ORD_c8e15e,CUST_a4fa04,Repeat,2024-11-14,PAY_4414,STAT_e09a,2024-11-14
6246,ORD_435e51,CUST_a4fa04,Repeat,2025-03-19,PAY_4414,STAT_e09a,2025-03-19
6247,ORD_9244bb,CUST_a4fa04,Repeat,2026-04-12,PAY_182e,STAT_8cd2,2026-04-12
6248,ORD_d1588b,CUST_1ecb40,One_Time,2023-07-03,PAY_182e,STAT_e09a,2023-07-03
6249,ORD_e38c1e,CUST_a1b433,One_Time,2022-09-01,PAY_182e,STAT_182e,2022-09-01
6250,ORD_14bb7f,CUST_980be5,Repeat,2024-10-06,PAY_4414,STAT_8cd2,2024-10-06
6251,ORD_76092a,CUST_980be5,Repeat,2024-10-06,PAY_8cd2,STAT_4414,2024-10-06
6252,ORD_1d2fcc,CUST_980be5,Repeat,2024-10-06,PAY_182e,STAT_8cd2,2024-10-06
6253,ORD_ba663c,CUST_980be5,Repeat,2024-10-06,PAY_4414,STAT_8cd2,2024-10-06
6254,ORD_046f31,CUST_9a5f93,One_Time,2025-09-02,PAY_182e,STAT_182e,2025-09-02
6255,ORD_6dc864,CUST_2987a6,One_Time,2026-04-12,PAY_8cd2,STAT_4414,2026-04-12
6256,ORD_06e2e9,CUST_ecd772,One_Time,2024-10-26,PAY_e09a,STAT_8cd2,2024-10-26
6257,ORD_c10229,CUST_4ee201,Commercial,2024-09-06,PAY_e09a,STAT_e09a,2024-09-06
6258,ORD_12c27f,CUST_4ee201,Commercial,2023-03-21,PAY_e09a,STAT_8cd2,2023-03-21
6259,ORD_2c44d3,CUST_4ee201,Commercial,2024-07-04,PAY_4414,STAT_8cd2,2024-07-04
6260,ORD_edc806,CUST_4ee201,Commercial,2024-01-03,PAY_4414,STAT_4414,2024-01-03
6261,ORD_e4817b,CUST_4ee201,Commercial,2023-03-21,PAY_8cd2,STAT_e09a,2023-03-21
6262,ORD_bac339,CUST_4ee201,Commercial,2026-03-12,PAY_4414,STAT_8cd2,2026-03-12
6263,ORD_56e153,CUST_4ee201,Commercial,2025-10-22,PAY_182e,STAT_4414,2025-10-22
6264,ORD_e41054,CUST_4ee201,Commercial,2026-05-17,PAY_182e,STAT_4414,2026-05-17
6265,ORD_d80a5c,CUST_4ee201,Commercial,2025-10-09,PAY_182e,STAT_e09a,2025-10-09
6266,ORD_4263f9,CUST_4ee201,Commercial,2023-06-25,PAY_8cd2,STAT_182e,2023-06-25
6267,ORD_da7e01,CUST_4ee201,Commercial,2024-01-25,PAY_4414,STAT_8cd2,2024-01-25
6268,ORD_44b85b,CUST_4ee201,Commercial,2026-05-19,PAY_4414,STAT_e09a,2026-05-19
6269,ORD_f6535e,CUST_4ee201,Commercial,2025-04-05,PAY_4414,STAT_182e,2025-04-05
6270,ORD_dac2ff,CUST_4ee201,Commercial,2023-03-21,PAY_4414,STAT_e09a,2023-03-21
6271,ORD_e04cfd,CUST_4ee201,Commercial,2023-09-05,PAY_8cd2,STAT_4414,2023-09-05
6272,ORD_7b718b,CUST_4ee201,Commercial,2025-10-08,PAY_182e,STAT_e09a,2025-10-08
6273,ORD_ee2a46,CUST_4ee201,Commercial,2025-03-23,PAY_e09a,STAT_8cd2,2025-03-23
6274,ORD_b10419,CUST_4ee201,Commercial,2023-03-21,PAY_4414,STAT_8cd2,2023-03-21
6275,ORD_df195c,CUST_4ee201,Commercial,2023-06-19,PAY_4414,STAT_4414,2023-06-19
6276,ORD_4b53bb,CUST_2d7eef,One_Time,2025-03-02,PAY_182e,STAT_182e,2025-03-02
6277,ORD_f1c6eb,CUST_0d55aa,One_Time,2023-08-17,PAY_e09a,STAT_182e,2023-08-17
6278,ORD_ca4f00,CUST_9f6f7a,One_Time,2024-07-26,PAY_8cd2,STAT_8cd2,2024-07-26
6279,ORD_1e18db,CUST_d97873,One_Time,2024-06-20,PAY_e09a,STAT_4414,2024-06-20
6280,ORD_24b3ad,CUST_915e32,One_Time,2026-05-24,PAY_8cd2,STAT_4414,2026-05-24
6281,ORD_9b553e,CUST_b943c0,One_Time,2023-09-13,PAY_e09a,STAT_182e,2023-09-13
6282,ORD_44125c,CUST_dc1c7b,One_Time,2024-12-13,PAY_4414,STAT_e09a,2024-12-13
6283,ORD_a37002,CUST_16b076,Repeat,2025-02-23,PAY_e09a,STAT_4414,2025-02-23
6284,ORD_92cab6,CUST_16b076,Repeat,2025-02-23,PAY_e09a,STAT_182e,2025-02-23
6285,ORD_026955,CUST_16b076,Repeat,2025-02-23,PAY_182e,STAT_e09a,2025-02-23
6286,ORD_d64c8e,CUST_5f626d,One_Time,2025-02-09,PAY_8cd2,STAT_182e,2025-02-09
6287,ORD_3be041,CUST_d976c2,One_Time,2025-12-25,PAY_182e,STAT_8cd2,2025-12-25
6288,ORD_058358,CUST_9f9e4b,Repeat,2023-06-08,PAY_e09a,STAT_4414,2023-06-08
6289,ORD_8f8e8e,CUST_9f9e4b,Repeat,2022-09-26,PAY_4414,STAT_8cd2,2022-09-26
6290,ORD_e02cfb,CUST_9f9e4b,Repeat,2022-09-26,PAY_4414,STAT_4414,2022-09-26
6291,ORD_2dc79c,CUST_9f9e4b,Repeat,2022-09-26,PAY_e09a,STAT_182e,2022-09-26
6292,ORD_bba417,CUST_9f9e4b,Repeat,2023-01-04,PAY_e09a,STAT_182e,2023-01-04
6293,ORD_716ca6,CUST_d8cee6,One_Time,2025-12-01,PAY_182e,STAT_4414,2025-12-01
6294,ORD_e93ee2,CUST_afd523,Repeat,2025-12-02,PAY_4414,STAT_182e,2025-12-02
6295,ORD_eddd23,CUST_afd523,Repeat,2025-12-02,PAY_e09a,STAT_182e,2025-12-02
6296,ORD_391173,CUST_afd523,Repeat,2025-12-02,PAY_4414,STAT_4414,2025-12-02
6297,ORD_b3f23c,CUST_afd523,Repeat,2025-12-02,PAY_e09a,STAT_182e,2025-12-02
6298,ORD_ef9999,CUST_afd523,Repeat,2026-04-05,PAY_8cd2,STAT_8cd2,2026-04-05
6299,ORD_9f2b57,CUST_ed2330,One_Time,2024-12-09,PAY_8cd2,STAT_4414,2024-12-09
6300,ORD_52759a,CUST_40cad0,One_Time,2026-03-19,PAY_4414,STAT_e09a,2026-03-19
6301,ORD_60a471,CUST_e7e198,Repeat,2025-08-17,PAY_182e,STAT_8cd2,2025-08-17
6302,ORD_ee52aa,CUST_e7e198,Repeat,2024-09-04,PAY_8cd2,STAT_182e,2024-09-04
6303,ORD_cf9636,CUST_e7e198,Repeat,2025-02-21,PAY_182e,STAT_4414,2025-02-21
6304,ORD_1ebcd7,CUST_8bb51d,Repeat,2026-05-25,PAY_4414,STAT_4414,2026-05-25
6305,ORD_f8e383,CUST_8bb51d,Repeat,2023-12-14,PAY_e09a,STAT_182e,2023-12-14
6306,ORD_1d689c,CUST_8bb51d,Repeat,2023-12-14,PAY_4414,STAT_8cd2,2023-12-14
6307,ORD_39d5c3,CUST_cd6c6a,One_Time,2025-02-16,PAY_182e,STAT_4414,2025-02-16
6308,ORD_46f77e,CUST_c9194c,One_Time,2026-02-25,PAY_e09a,STAT_8cd2,2026-02-25
6309,ORD_8cc0d3,CUST_b2e670,One_Time,2021-12-11,PAY_8cd2,STAT_8cd2,2021-12-11
6310,ORD_278112,CUST_efd22e,One_Time,2023-08-12,PAY_e09a,STAT_4414,2023-08-12
6311,ORD_5f92a1,CUST_fe717e,One_Time,2021-05-17,PAY_4414,STAT_182e,2021-05-17
6312,ORD_b86353,CUST_76a4b0,One_Time,2026-04-07,PAY_4414,STAT_4414,2026-04-07
6313,ORD_b44653,CUST_5c42e3,One_Time,2024-06-01,PAY_182e,STAT_182e,2024-06-01
6314,ORD_62d23c,CUST_513e4d,Commercial,2025-01-17,PAY_8cd2,STAT_4414,2025-01-17
6315,ORD_df909d,CUST_513e4d,Commercial,2025-01-17,PAY_182e,STAT_4414,2025-01-17
6316,ORD_2d557d,CUST_513e4d,Commercial,2025-01-17,PAY_8cd2,STAT_8cd2,2025-01-17
6317,ORD_0dba44,CUST_513e4d,Commercial,2025-01-17,PAY_e09a,STAT_e09a,2025-01-17
6318,ORD_b2d58e,CUST_513e4d,Commercial,2025-01-17,PAY_182e,STAT_8cd2,2025-01-17
6319,ORD_f1b38f,CUST_513e4d,Commercial,2025-01-17,PAY_182e,STAT_8cd2,2025-01-17
6320,ORD_f62e68,CUST_513e4d,Commercial,2025-01-17,PAY_182e,STAT_e09a,2025-01-17
6321,ORD_3b6440,CUST_513e4d,Commercial,2025-01-17,PAY_8cd2,STAT_e09a,2025-01-17
6322,ORD_748cde,CUST_513e4d,Commercial,2025-01-17,PAY_e09a,STAT_182e,2025-01-17
6323,ORD_d496be,CUST_513e4d,Commercial,2025-01-17,PAY_8cd2,STAT_e09a,2025-01-17
6324,ORD_5da527,CUST_513e4d,Commercial,2026-03-03,PAY_e09a,STAT_182e,2026-03-03
6325,ORD_1da88d,CUST_513e4d,Commercial,2025-01-17,PAY_4414,STAT_8cd2,2025-01-17
6326,ORD_de5d32,CUST_513e4d,Commercial,2025-06-19,PAY_4414,STAT_182e,2025-06-19
6327,ORD_4bb812,CUST_513e4d,Commercial,2025-01-17,PAY_4414,STAT_e09a,2025-01-17
6328,ORD_bb5a48,CUST_33ae06,One_Time,2024-05-13,PAY_8cd2,STAT_8cd2,2024-05-13
6329,ORD_929ad8,CUST_c67c23,One_Time,2021-06-28,PAY_4414,STAT_182e,2021-06-28
6330,ORD_b19e71,CUST_1cd73d,One_Time,2026-05-28,PAY_182e,STAT_e09a,2026-05-28
6331,ORD_cba8b9,CUST_d91b91,One_Time,2024-07-13,PAY_e09a,STAT_4414,2024-07-13
6332,ORD_7cc934,CUST_090057,One_Time,2024-08-11,PAY_182e,STAT_182e,2024-08-11
6333,ORD_aba6e2,CUST_203ad6,Commercial,2023-04-02,PAY_4414,STAT_182e,2023-04-02
6334,ORD_447f9a,CUST_203ad6,Commercial,2023-04-02,PAY_182e,STAT_e09a,2023-04-02
6335,ORD_265091,CUST_203ad6,Commercial,2025-11-12,PAY_4414,STAT_182e,2025-11-12
6336,ORD_e59a07,CUST_203ad6,Commercial,2023-10-22,PAY_4414,STAT_8cd2,2023-10-22
6337,ORD_54eeaa,CUST_203ad6,Commercial,2023-04-16,PAY_8cd2,STAT_182e,2023-04-16
6338,ORD_d5a9d1,CUST_203ad6,Commercial,2023-04-02,PAY_4414,STAT_182e,2023-04-02
6339,ORD_aac44b,CUST_203ad6,Commercial,2025-04-13,PAY_8cd2,STAT_4414,2025-04-13
6340,ORD_c8a4e7,CUST_203ad6,Commercial,2025-03-11,PAY_e09a,STAT_182e,2025-03-11
6341,ORD_a39ac5,CUST_203ad6,Commercial,2025-09-25,PAY_e09a,STAT_4414,2025-09-25
6342,ORD_ea8855,CUST_203ad6,Commercial,2023-04-02,PAY_182e,STAT_8cd2,2023-04-02
6343,ORD_5a56c7,CUST_203ad6,Commercial,2023-04-02,PAY_8cd2,STAT_182e,2023-04-02
6344,ORD_2e5f00,CUST_203ad6,Commercial,2023-11-07,PAY_8cd2,STAT_182e,2023-11-07
6345,ORD_8a4db5,CUST_203ad6,Commercial,2023-11-14,PAY_4414,STAT_8cd2,2023-11-14
6346,ORD_c4e62f,CUST_d5fb19,Repeat,2024-01-23,PAY_8cd2,STAT_182e,2024-01-23
6347,ORD_6271bf,CUST_d5fb19,Repeat,2025-06-24,PAY_4414,STAT_8cd2,2025-06-24
6348,ORD_2bed0b,CUST_7c4e4b,One_Time,2026-05-10,PAY_e09a,STAT_e09a,2026-05-10
6349,ORD_8721a8,CUST_d55a38,One_Time,2026-02-13,PAY_182e,STAT_8cd2,2026-02-13
6350,ORD_276236,CUST_bd1fb5,One_Time,2022-10-12,PAY_182e,STAT_4414,2022-10-12
6351,ORD_38751d,CUST_4995bf,One_Time,2024-04-01,PAY_8cd2,STAT_e09a,2024-04-01
6352,ORD_3ceb5f,CUST_9eb032,Repeat,2023-01-25,PAY_4414,STAT_8cd2,2023-01-25
6353,ORD_6ce314,CUST_9eb032,Repeat,2022-10-04,PAY_8cd2,STAT_182e,2022-10-04
6354,ORD_c4c67e,CUST_9eb032,Repeat,2022-10-04,PAY_8cd2,STAT_8cd2,2022-10-04
6355,ORD_3b1861,CUST_9eb032,Repeat,2022-10-04,PAY_182e,STAT_4414,2022-10-04
6356,ORD_9d2db8,CUST_9eb032,Repeat,2022-11-17,PAY_8cd2,STAT_4414,2022-11-17
6357,ORD_e1c658,CUST_ae2a89,One_Time,2026-03-04,PAY_182e,STAT_4414,2026-03-04
6358,ORD_4f3c73,CUST_e2ccfe,One_Time,2026-02-01,PAY_182e,STAT_e09a,2026-02-01
6359,ORD_85cc1c,CUST_67885c,One_Time,2025-09-28,PAY_8cd2,STAT_182e,2025-09-28
6360,ORD_2c649f,CUST_a266f6,Repeat,2025-12-16,PAY_182e,STAT_4414,2025-12-16
6361,ORD_9477cc,CUST_a266f6,Repeat,2022-07-27,PAY_e09a,STAT_e09a,2022-07-27
6362,ORD_a9399c,CUST_a266f6,Repeat,2025-08-25,PAY_e09a,STAT_8cd2,2025-08-25
6363,ORD_b631e5,CUST_c97b79,One_Time,2026-02-28,PAY_182e,STAT_e09a,2026-02-28
6364,ORD_4d60f2,CUST_6f6110,One_Time,2025-01-01,PAY_4414,STAT_8cd2,2025-01-01
6365,ORD_7917bf,CUST_806e13,Commercial,2024-05-12,PAY_182e,STAT_4414,2024-05-12
6366,ORD_8433dc,CUST_806e13,Commercial,2024-05-12,PAY_e09a,STAT_4414,2024-05-12
6367,ORD_cab8aa,CUST_806e13,Commercial,2025-12-23,PAY_e09a,STAT_182e,2025-12-23
6368,ORD_e74154,CUST_806e13,Commercial,2025-04-05,PAY_4414,STAT_8cd2,2025-04-05
6369,ORD_2ef7fe,CUST_806e13,Commercial,2024-05-12,PAY_182e,STAT_8cd2,2024-05-12
6370,ORD_5a2bb8,CUST_806e13,Commercial,2024-05-12,PAY_4414,STAT_8cd2,2024-05-12
6371,ORD_bc4dd7,CUST_806e13,Commercial,2024-05-12,PAY_8cd2,STAT_e09a,2024-05-12
6372,ORD_09f94e,CUST_806e13,Commercial,2024-07-18,PAY_e09a,STAT_182e,2024-07-18
6373,ORD_53f042,CUST_e7c62c,Repeat,2026-03-08,PAY_8cd2,STAT_4414,2026-03-08
6374,ORD_215aab,CUST_e7c62c,Repeat,2023-05-11,PAY_e09a,STAT_e09a,2023-05-11
6375,ORD_5470cc,CUST_e7c62c,Repeat,2025-12-22,PAY_182e,STAT_e09a,2025-12-22
6376,ORD_96801b,CUST_e7c62c,Repeat,2024-02-18,PAY_182e,STAT_e09a,2024-02-18
6377,ORD_43a706,CUST_e7c62c,Repeat,2023-11-22,PAY_e09a,STAT_e09a,2023-11-22
6378,ORD_a02588,CUST_e7c62c,Repeat,2024-06-21,PAY_e09a,STAT_4414,2024-06-21
6379,ORD_c9cd8e,CUST_6cbe3a,Commercial,2024-10-15,PAY_4414,STAT_4414,2024-10-15
6380,ORD_3dc0d4,CUST_6cbe3a,Commercial,2024-10-15,PAY_8cd2,STAT_e09a,2024-10-15
6381,ORD_a8366a,CUST_6cbe3a,Commercial,2025-11-10,PAY_182e,STAT_4414,2025-11-10
6382,ORD_8529f6,CUST_6cbe3a,Commercial,2024-10-15,PAY_8cd2,STAT_8cd2,2024-10-15
6383,ORD_7ec54f,CUST_6cbe3a,Commercial,2026-01-18,PAY_e09a,STAT_4414,2026-01-18
6384,ORD_fc921a,CUST_6cbe3a,Commercial,2024-10-15,PAY_4414,STAT_e09a,2024-10-15
6385,ORD_7e6c39,CUST_6cbe3a,Commercial,2025-02-16,PAY_e09a,STAT_8cd2,2025-02-16
6386,ORD_064ed2,CUST_6cbe3a,Commercial,2026-04-12,PAY_182e,STAT_4414,2026-04-12
6387,ORD_88eceb,CUST_6cbe3a,Commercial,2025-11-18,PAY_4414,STAT_182e,2025-11-18
6388,ORD_982c46,CUST_6cbe3a,Commercial,2024-10-15,PAY_4414,STAT_4414,2024-10-15
6389,ORD_1cd803,CUST_6cbe3a,Commercial,2024-10-15,PAY_8cd2,STAT_e09a,2024-10-15
6390,ORD_974d41,CUST_6cbe3a,Commercial,2024-10-15,PAY_e09a,STAT_e09a,2024-10-15
6391,ORD_43f266,CUST_6cbe3a,Commercial,2024-10-15,PAY_8cd2,STAT_e09a,2024-10-15
6392,ORD_41de5d,CUST_6cbe3a,Commercial,2024-10-15,PAY_8cd2,STAT_8cd2,2024-10-15
6393,ORD_21f946,CUST_6cbe3a,Commercial,2025-03-21,PAY_182e,STAT_182e,2025-03-21
6394,ORD_a0e5a2,CUST_6cbe3a,Commercial,2024-10-15,PAY_8cd2,STAT_182e,2024-10-15
6395,ORD_069698,CUST_6cbe3a,Commercial,2024-10-15,PAY_182e,STAT_182e,2024-10-15
6396,ORD_8326fe,CUST_bf8774,Repeat,2025-06-01,PAY_4414,STAT_e09a,2025-06-01
6397,ORD_4ba5f9,CUST_bf8774,Repeat,2025-05-06,PAY_e09a,STAT_e09a,2025-05-06
6398,ORD_1c8bf3,CUST_bf8774,Repeat,2025-05-06,PAY_e09a,STAT_8cd2,2025-05-06
6399,ORD_a3f4c1,CUST_bf8774,Repeat,2025-05-06,PAY_e09a,STAT_8cd2,2025-05-06
6400,ORD_09ef3d,CUST_bf8774,Repeat,2025-05-06,PAY_4414,STAT_182e,2025-05-06
6401,ORD_ec39b0,CUST_4d8029,Repeat,2025-05-27,PAY_4414,STAT_4414,2025-05-27
6402,ORD_258ce2,CUST_4d8029,Repeat,2023-03-19,PAY_8cd2,STAT_8cd2,2023-03-19
6403,ORD_67c54d,CUST_03ed16,One_Time,2024-12-15,PAY_e09a,STAT_4414,2024-12-15
6404,ORD_c42cf5,CUST_123b06,One_Time,2025-11-22,PAY_8cd2,STAT_182e,2025-11-22
6405,ORD_3791cc,CUST_30e81a,One_Time,2025-10-25,PAY_8cd2,STAT_4414,2025-10-25
6406,ORD_f73dd2,CUST_69857c,One_Time,2025-10-26,PAY_182e,STAT_8cd2,2025-10-26
6407,ORD_10b5cb,CUST_9f8812,One_Time,2023-12-06,PAY_e09a,STAT_182e,2023-12-06
6408,ORD_a9766a,CUST_1fc83e,One_Time,2025-09-09,PAY_182e,STAT_182e,2025-09-09
6409,ORD_6b16af,CUST_6c3e8b,Repeat,2023-06-02,PAY_8cd2,STAT_4414,2023-06-02
6410,ORD_79633d,CUST_6c3e8b,Repeat,2024-07-07,PAY_e09a,STAT_4414,2024-07-07
6411,ORD_68900b,CUST_6c3e8b,Repeat,2023-06-02,PAY_8cd2,STAT_e09a,2023-06-02
6412,ORD_3e3350,CUST_e92cf0,One_Time,2023-01-04,PAY_182e,STAT_e09a,2023-01-04
6413,ORD_9b3989,CUST_355c60,One_Time,2026-03-12,PAY_8cd2,STAT_e09a,2026-03-12
6414,ORD_367732,CUST_6fa49d,Commercial,2024-04-25,PAY_182e,STAT_182e,2024-04-25
6415,ORD_aa21c4,CUST_6fa49d,Commercial,2024-04-25,PAY_e09a,STAT_e09a,2024-04-25
6416,ORD_d336ad,CUST_6fa49d,Commercial,2024-06-23,PAY_4414,STAT_182e,2024-06-23
6417,ORD_76940a,CUST_6fa49d,Commercial,2026-01-19,PAY_4414,STAT_182e,2026-01-19
6418,ORD_215590,CUST_6fa49d,Commercial,2024-04-25,PAY_182e,STAT_8cd2,2024-04-25
6419,ORD_217188,CUST_6fa49d,Commercial,2024-04-25,PAY_182e,STAT_8cd2,2024-04-25
6420,ORD_7c8b4b,CUST_6fa49d,Commercial,2025-08-08,PAY_e09a,STAT_182e,2025-08-08
6421,ORD_93bf69,CUST_6fa49d,Commercial,2025-02-28,PAY_8cd2,STAT_182e,2025-02-28
6422,ORD_57ded9,CUST_fd0c0c,One_Time,2025-04-11,PAY_e09a,STAT_e09a,2025-04-11
6423,ORD_61beba,CUST_3a6996,One_Time,2023-02-24,PAY_4414,STAT_4414,2023-02-24
6424,ORD_8cc6ef,CUST_def902,One_Time,2022-12-06,PAY_8cd2,STAT_4414,2022-12-06
6425,ORD_c402c2,CUST_2b552b,One_Time,2023-12-16,PAY_182e,STAT_8cd2,2023-12-16
6426,ORD_2c709a,CUST_fb763d,Repeat,2023-11-23,PAY_182e,STAT_e09a,2023-11-23
6427,ORD_2dc5e9,CUST_fb763d,Repeat,2022-10-24,PAY_4414,STAT_4414,2022-10-24
6428,ORD_21b6fc,CUST_fb763d,Repeat,2022-10-24,PAY_e09a,STAT_8cd2,2022-10-24
6429,ORD_68836a,CUST_c1083c,One_Time,2023-09-13,PAY_e09a,STAT_e09a,2023-09-13
6430,ORD_998d07,CUST_099bfb,One_Time,2025-11-14,PAY_e09a,STAT_8cd2,2025-11-14
6431,ORD_9d0a25,CUST_0b8a05,One_Time,2024-07-19,PAY_4414,STAT_182e,2024-07-19
6432,ORD_395d04,CUST_1ecbef,One_Time,2025-12-25,PAY_4414,STAT_182e,2025-12-25
6433,ORD_0fb58c,CUST_b210bc,One_Time,2025-01-26,PAY_8cd2,STAT_4414,2025-01-26
6434,ORD_95d3f3,CUST_14e652,One_Time,2023-12-18,PAY_4414,STAT_e09a,2023-12-18
6435,ORD_384963,CUST_888bb9,Repeat,2024-03-06,PAY_4414,STAT_e09a,2024-03-06
6436,ORD_fdb016,CUST_888bb9,Repeat,2024-02-26,PAY_4414,STAT_4414,2024-02-26
6437,ORD_d75393,CUST_888bb9,Repeat,2026-03-25,PAY_8cd2,STAT_4414,2026-03-25
6438,ORD_48ca0d,CUST_888bb9,Repeat,2024-02-26,PAY_8cd2,STAT_4414,2024-02-26
6439,ORD_240d7b,CUST_888bb9,Repeat,2026-03-20,PAY_8cd2,STAT_182e,2026-03-20
6440,ORD_4a2a46,CUST_16d2c8,One_Time,2021-10-25,PAY_8cd2,STAT_182e,2021-10-25
6441,ORD_767e8f,CUST_52f2d0,One_Time,2022-10-24,PAY_8cd2,STAT_e09a,2022-10-24
6442,ORD_996e22,CUST_cd8bcc,One_Time,2026-05-26,PAY_4414,STAT_4414,2026-05-26
6443,ORD_e4280e,CUST_46d066,One_Time,2024-12-06,PAY_e09a,STAT_182e,2024-12-06
6444,ORD_b3769b,CUST_b204a9,One_Time,2024-05-07,PAY_182e,STAT_e09a,2024-05-07
6445,ORD_53ff66,CUST_2e701f,Commercial,2024-08-07,PAY_4414,STAT_4414,2024-08-07
6446,ORD_b545cf,CUST_2e701f,Commercial,2024-08-07,PAY_e09a,STAT_e09a,2024-08-07
6447,ORD_d0c050,CUST_2e701f,Commercial,2024-08-07,PAY_182e,STAT_8cd2,2024-08-07
6448,ORD_039f4b,CUST_2e701f,Commercial,2024-08-07,PAY_e09a,STAT_e09a,2024-08-07
6449,ORD_1d102c,CUST_2e701f,Commercial,2025-05-19,PAY_8cd2,STAT_182e,2025-05-19
6450,ORD_048030,CUST_2e701f,Commercial,2024-08-07,PAY_4414,STAT_e09a,2024-08-07
6451,ORD_e806bd,CUST_2e701f,Commercial,2024-08-07,PAY_182e,STAT_e09a,2024-08-07
6452,ORD_890593,CUST_2e701f,Commercial,2025-08-15,PAY_182e,STAT_e09a,2025-08-15
6453,ORD_66a70a,CUST_2e701f,Commercial,2025-04-08,PAY_4414,STAT_182e,2025-04-08
6454,ORD_6deb2b,CUST_2e701f,Commercial,2025-08-01,PAY_4414,STAT_e09a,2025-08-01
6455,ORD_4783db,CUST_2e701f,Commercial,2024-08-07,PAY_e09a,STAT_e09a,2024-08-07
6456,ORD_4c726d,CUST_264318,One_Time,2025-03-19,PAY_e09a,STAT_e09a,2025-03-19
6457,ORD_ff823d,CUST_d0f78d,One_Time,2025-12-15,PAY_e09a,STAT_182e,2025-12-15
6458,ORD_7e6f19,CUST_0e57e9,One_Time,2026-05-03,PAY_e09a,STAT_8cd2,2026-05-03
6459,ORD_02b47d,CUST_fe1de8,Repeat,2026-04-23,PAY_182e,STAT_8cd2,2026-04-23
6460,ORD_f45ce8,CUST_fe1de8,Repeat,2025-09-27,PAY_4414,STAT_8cd2,2025-09-27
6461,ORD_5ec715,CUST_5f42c7,Repeat,2024-11-09,PAY_8cd2,STAT_182e,2024-11-09
6462,ORD_0ba381,CUST_5f42c7,Repeat,2023-03-18,PAY_4414,STAT_182e,2023-03-18
6463,ORD_c07cdc,CUST_5f42c7,Repeat,2023-03-18,PAY_182e,STAT_182e,2023-03-18
6464,ORD_a1ec96,CUST_ae77b7,One_Time,2025-11-12,PAY_8cd2,STAT_e09a,2025-11-12
6465,ORD_4df465,CUST_91b23f,Repeat,2024-12-16,PAY_4414,STAT_4414,2024-12-16
6466,ORD_b2e157,CUST_91b23f,Repeat,2023-02-06,PAY_e09a,STAT_182e,2023-02-06
6467,ORD_51159f,CUST_91b23f,Repeat,2024-06-09,PAY_4414,STAT_182e,2024-06-09
6468,ORD_cd1755,CUST_0036c6,One_Time,2025-01-03,PAY_182e,STAT_4414,2025-01-03
6469,ORD_6c201a,CUST_423a7d,Repeat,2024-09-17,PAY_8cd2,STAT_e09a,2024-09-17
6470,ORD_e5f29e,CUST_423a7d,Repeat,2025-08-07,PAY_4414,STAT_4414,2025-08-07
6471,ORD_a2f02c,CUST_423a7d,Repeat,2024-09-17,PAY_8cd2,STAT_8cd2,2024-09-17
6472,ORD_bf95e9,CUST_38a94a,One_Time,2025-12-24,PAY_8cd2,STAT_182e,2025-12-24
6473,ORD_235789,CUST_77f8bf,Commercial,2021-09-21,PAY_e09a,STAT_e09a,2021-09-21
6474,ORD_8ccf8a,CUST_77f8bf,Commercial,2022-08-03,PAY_182e,STAT_182e,2022-08-03
6475,ORD_66b557,CUST_77f8bf,Commercial,2024-09-08,PAY_8cd2,STAT_4414,2024-09-08
6476,ORD_c14221,CUST_77f8bf,Commercial,2022-01-14,PAY_182e,STAT_e09a,2022-01-14
6477,ORD_df9d09,CUST_77f8bf,Commercial,2024-09-13,PAY_182e,STAT_8cd2,2024-09-13
6478,ORD_df278d,CUST_77f8bf,Commercial,2022-05-21,PAY_4414,STAT_8cd2,2022-05-21
6479,ORD_de8f9a,CUST_77f8bf,Commercial,2022-02-02,PAY_4414,STAT_4414,2022-02-02
6480,ORD_11cbfb,CUST_77f8bf,Commercial,2026-02-04,PAY_e09a,STAT_182e,2026-02-04
6481,ORD_2dd466,CUST_77f8bf,Commercial,2026-05-19,PAY_8cd2,STAT_8cd2,2026-05-19
6482,ORD_7f9e0f,CUST_77f8bf,Commercial,2026-05-24,PAY_8cd2,STAT_4414,2026-05-24
6483,ORD_a8fb7c,CUST_77f8bf,Commercial,2024-01-15,PAY_8cd2,STAT_e09a,2024-01-15
6484,ORD_1dba5d,CUST_77f8bf,Commercial,2024-01-24,PAY_182e,STAT_4414,2024-01-24
6485,ORD_65e631,CUST_77f8bf,Commercial,2025-12-21,PAY_4414,STAT_182e,2025-12-21
6486,ORD_85775f,CUST_77f8bf,Commercial,2023-10-11,PAY_182e,STAT_8cd2,2023-10-11
6487,ORD_4ee919,CUST_77f8bf,Commercial,2021-06-08,PAY_e09a,STAT_8cd2,2021-06-08
6488,ORD_2ba8b7,CUST_77f8bf,Commercial,2026-01-08,PAY_4414,STAT_182e,2026-01-08
6489,ORD_a3f4bb,CUST_77f8bf,Commercial,2023-03-24,PAY_4414,STAT_8cd2,2023-03-24
6490,ORD_f322ef,CUST_77f8bf,Commercial,2021-07-08,PAY_8cd2,STAT_182e,2021-07-08
6491,ORD_eafe33,CUST_77f8bf,Commercial,2022-05-02,PAY_182e,STAT_182e,2022-05-02
6492,ORD_c668d2,CUST_42029a,One_Time,2023-08-02,PAY_e09a,STAT_182e,2023-08-02
6493,ORD_5d33a2,CUST_b99954,One_Time,2025-05-23,PAY_4414,STAT_182e,2025-05-23
6494,ORD_7a03cc,CUST_e5b372,One_Time,2023-12-24,PAY_182e,STAT_e09a,2023-12-24
6495,ORD_58e968,CUST_ded678,One_Time,2023-09-13,PAY_e09a,STAT_e09a,2023-09-13
6496,ORD_aee99f,CUST_0d49c6,One_Time,2025-10-28,PAY_182e,STAT_182e,2025-10-28
6497,ORD_7a982a,CUST_d952ee,One_Time,2025-10-24,PAY_182e,STAT_4414,2025-10-24
6498,ORD_fb2faf,CUST_36fa63,One_Time,2021-12-09,PAY_4414,STAT_e09a,2021-12-09
6499,ORD_527fc8,CUST_7dcd24,One_Time,2022-08-08,PAY_8cd2,STAT_182e,2022-08-08
6500,ORD_b8c138,CUST_483893,One_Time,2025-06-01,PAY_8cd2,STAT_8cd2,2025-06-01
6501,ORD_76f874,CUST_9d0770,Commercial,2024-01-04,PAY_8cd2,STAT_4414,2024-01-04
6502,ORD_415d1d,CUST_9d0770,Commercial,2024-01-04,PAY_182e,STAT_8cd2,2024-01-04
6503,ORD_ac94d0,CUST_9d0770,Commercial,2025-06-14,PAY_4414,STAT_4414,2025-06-14
6504,ORD_1adf0c,CUST_9d0770,Commercial,2025-03-04,PAY_8cd2,STAT_182e,2025-03-04
6505,ORD_bd881c,CUST_9d0770,Commercial,2024-01-04,PAY_8cd2,STAT_8cd2,2024-01-04
6506,ORD_ae16c5,CUST_9d0770,Commercial,2024-01-04,PAY_e09a,STAT_e09a,2024-01-04
6507,ORD_22e72f,CUST_9d0770,Commercial,2024-01-04,PAY_4414,STAT_8cd2,2024-01-04
6508,ORD_90764c,CUST_9d0770,Commercial,2025-08-24,PAY_4414,STAT_182e,2025-08-24
6509,ORD_8b0aee,CUST_9d0770,Commercial,2024-01-04,PAY_182e,STAT_4414,2024-01-04
6510,ORD_1cc497,CUST_9d0770,Commercial,2024-01-04,PAY_e09a,STAT_8cd2,2024-01-04
6511,ORD_5b9f8f,CUST_9d0770,Commercial,2024-01-04,PAY_182e,STAT_e09a,2024-01-04
6512,ORD_f5f845,CUST_9d0770,Commercial,2026-01-08,PAY_e09a,STAT_4414,2026-01-08
6513,ORD_8c5a8e,CUST_9d0770,Commercial,2024-01-04,PAY_182e,STAT_182e,2024-01-04
6514,ORD_55aad1,CUST_9d0770,Commercial,2024-01-04,PAY_8cd2,STAT_e09a,2024-01-04
6515,ORD_578197,CUST_9d0770,Commercial,2025-12-16,PAY_e09a,STAT_4414,2025-12-16
6516,ORD_26819a,CUST_048e81,Repeat,2026-04-05,PAY_8cd2,STAT_8cd2,2026-04-05
6517,ORD_d8a5fb,CUST_048e81,Repeat,2025-04-27,PAY_e09a,STAT_4414,2025-04-27
6518,ORD_e5b523,CUST_b12222,One_Time,2024-09-22,PAY_4414,STAT_182e,2024-09-22
6519,ORD_5667de,CUST_13da69,One_Time,2025-11-04,PAY_e09a,STAT_4414,2025-11-04
6520,ORD_b85800,CUST_a1cfd4,One_Time,2026-02-17,PAY_e09a,STAT_e09a,2026-02-17
6521,ORD_f3f74e,CUST_ad4a3a,Repeat,2026-03-28,PAY_4414,STAT_182e,2026-03-28
6522,ORD_28d362,CUST_ad4a3a,Repeat,2025-12-09,PAY_e09a,STAT_8cd2,2025-12-09
6523,ORD_410857,CUST_ad4a3a,Repeat,2024-11-17,PAY_e09a,STAT_182e,2024-11-17
6524,ORD_615c32,CUST_ad4a3a,Repeat,2024-03-19,PAY_4414,STAT_8cd2,2024-03-19
6525,ORD_26f881,CUST_ad4a3a,Repeat,2024-03-19,PAY_182e,STAT_e09a,2024-03-19
6526,ORD_b84426,CUST_10d3ae,Repeat,2022-12-22,PAY_e09a,STAT_182e,2022-12-22
6527,ORD_f193b9,CUST_10d3ae,Repeat,2024-01-25,PAY_4414,STAT_e09a,2024-01-25
6528,ORD_6929f9,CUST_10d3ae,Repeat,2026-02-28,PAY_e09a,STAT_e09a,2026-02-28
6529,ORD_8c3ea9,CUST_10d3ae,Repeat,2025-09-19,PAY_182e,STAT_8cd2,2025-09-19
6530,ORD_c06271,CUST_dcdb81,Commercial,2025-06-16,PAY_8cd2,STAT_4414,2025-06-16
6531,ORD_6aadd8,CUST_dcdb81,Commercial,2025-01-08,PAY_4414,STAT_4414,2025-01-08
6532,ORD_11da9b,CUST_dcdb81,Commercial,2024-09-17,PAY_182e,STAT_182e,2024-09-17
6533,ORD_aa8a1e,CUST_dcdb81,Commercial,2024-09-17,PAY_4414,STAT_182e,2024-09-17
6534,ORD_69bf75,CUST_dcdb81,Commercial,2025-12-27,PAY_182e,STAT_e09a,2025-12-27
6535,ORD_23e3a8,CUST_dcdb81,Commercial,2024-09-17,PAY_4414,STAT_e09a,2024-09-17
6536,ORD_134122,CUST_dcdb81,Commercial,2025-05-22,PAY_182e,STAT_8cd2,2025-05-22
6537,ORD_116b88,CUST_dcdb81,Commercial,2024-09-17,PAY_4414,STAT_e09a,2024-09-17
6538,ORD_601896,CUST_dcdb81,Commercial,2024-09-17,PAY_4414,STAT_e09a,2024-09-17
6539,ORD_5a532f,CUST_dcdb81,Commercial,2025-11-02,PAY_8cd2,STAT_e09a,2025-11-02
6540,ORD_f7cb1f,CUST_5f8de7,One_Time,2022-11-09,PAY_4414,STAT_182e,2022-11-09
6541,ORD_21abcc,CUST_d77447,One_Time,2023-04-24,PAY_4414,STAT_182e,2023-04-24
6542,ORD_2ffc12,CUST_7d4a6d,One_Time,2026-04-26,PAY_e09a,STAT_8cd2,2026-04-26
6543,ORD_178eb0,CUST_5764e5,Commercial,2026-05-01,PAY_e09a,STAT_4414,2026-05-01
6544,ORD_962f48,CUST_5764e5,Commercial,2026-05-26,PAY_e09a,STAT_e09a,2026-05-26
6545,ORD_5b57a4,CUST_5764e5,Commercial,2024-11-18,PAY_8cd2,STAT_e09a,2024-11-18
6546,ORD_612186,CUST_5764e5,Commercial,2024-11-18,PAY_8cd2,STAT_8cd2,2024-11-18
6547,ORD_851cce,CUST_5764e5,Commercial,2024-11-18,PAY_182e,STAT_8cd2,2024-11-18
6548,ORD_a6a269,CUST_5764e5,Commercial,2025-10-24,PAY_e09a,STAT_e09a,2025-10-24
6549,ORD_2f09da,CUST_5764e5,Commercial,2024-11-18,PAY_4414,STAT_4414,2024-11-18
6550,ORD_4f4004,CUST_5764e5,Commercial,2026-05-17,PAY_182e,STAT_8cd2,2026-05-17
6551,ORD_e029d1,CUST_5764e5,Commercial,2024-11-18,PAY_e09a,STAT_e09a,2024-11-18
6552,ORD_4e53f9,CUST_5764e5,Commercial,2024-11-18,PAY_e09a,STAT_4414,2024-11-18
6553,ORD_7e65e5,CUST_5764e5,Commercial,2024-11-18,PAY_8cd2,STAT_4414,2024-11-18
6554,ORD_0f9aca,CUST_5764e5,Commercial,2024-11-18,PAY_8cd2,STAT_8cd2,2024-11-18
6555,ORD_704fd0,CUST_fd2fdd,One_Time,2024-12-05,PAY_4414,STAT_4414,2024-12-05
6556,ORD_25b671,CUST_1df652,Repeat,2024-12-24,PAY_4414,STAT_182e,2024-12-24
6557,ORD_bcf852,CUST_1df652,Repeat,2024-12-24,PAY_e09a,STAT_e09a,2024-12-24
6558,ORD_8f208d,CUST_1df652,Repeat,2024-12-24,PAY_182e,STAT_8cd2,2024-12-24
6559,ORD_0e0509,CUST_1df652,Repeat,2024-12-24,PAY_182e,STAT_8cd2,2024-12-24
6560,ORD_8a3bbb,CUST_1df652,Repeat,2024-12-24,PAY_182e,STAT_4414,2024-12-24
6561,ORD_d297a3,CUST_17724b,One_Time,2021-12-15,PAY_e09a,STAT_4414,2021-12-15
6562,ORD_801000,CUST_95c3f8,One_Time,2022-04-01,PAY_8cd2,STAT_182e,2022-04-01
6563,ORD_094a93,CUST_dc3976,Repeat,2024-06-16,PAY_e09a,STAT_e09a,2024-06-16
6564,ORD_fd9b62,CUST_dc3976,Repeat,2026-02-16,PAY_8cd2,STAT_e09a,2026-02-16
6565,ORD_19247a,CUST_dc3976,Repeat,2024-06-16,PAY_8cd2,STAT_182e,2024-06-16
6566,ORD_a0bef2,CUST_dc3976,Repeat,2024-06-16,PAY_8cd2,STAT_8cd2,2024-06-16
6567,ORD_c9d505,CUST_c85341,Repeat,2023-02-08,PAY_182e,STAT_182e,2023-02-08
6568,ORD_42d182,CUST_c85341,Repeat,2022-04-04,PAY_4414,STAT_4414,2022-04-04
6569,ORD_a1aadb,CUST_c85341,Repeat,2025-05-01,PAY_e09a,STAT_182e,2025-05-01
6570,ORD_d20f91,CUST_c85341,Repeat,2023-11-26,PAY_8cd2,STAT_e09a,2023-11-26
6571,ORD_161093,CUST_c85341,Repeat,2022-04-04,PAY_182e,STAT_e09a,2022-04-04
6572,ORD_32d5f5,CUST_dbe073,Repeat,2025-11-17,PAY_e09a,STAT_182e,2025-11-17
6573,ORD_bf08bd,CUST_dbe073,Repeat,2025-11-17,PAY_182e,STAT_182e,2025-11-17
6574,ORD_f350ef,CUST_dbe073,Repeat,2025-11-17,PAY_4414,STAT_182e,2025-11-17
6575,ORD_73ef58,CUST_dbe073,Repeat,2025-11-17,PAY_182e,STAT_182e,2025-11-17
6576,ORD_54a99b,CUST_dbe073,Repeat,2025-11-17,PAY_e09a,STAT_e09a,2025-11-17
6577,ORD_0b3d9b,CUST_dbe073,Repeat,2025-11-17,PAY_182e,STAT_e09a,2025-11-17
6578,ORD_c55449,CUST_d19860,Repeat,2025-01-16,PAY_182e,STAT_4414,2025-01-16
6579,ORD_83d4d6,CUST_d19860,Repeat,2026-05-06,PAY_4414,STAT_e09a,2026-05-06
6580,ORD_8a3514,CUST_d19860,Repeat,2025-01-16,PAY_e09a,STAT_8cd2,2025-01-16
6581,ORD_0af95e,CUST_d19860,Repeat,2025-01-16,PAY_182e,STAT_182e,2025-01-16
6582,ORD_e81c88,CUST_d19860,Repeat,2025-01-16,PAY_4414,STAT_4414,2025-01-16
6583,ORD_3eadb6,CUST_d19860,Repeat,2025-01-16,PAY_182e,STAT_e09a,2025-01-16
6584,ORD_f69628,CUST_fd9df3,Repeat,2026-04-10,PAY_e09a,STAT_4414,2026-04-10
6585,ORD_9a70fa,CUST_fd9df3,Repeat,2026-04-10,PAY_e09a,STAT_4414,2026-04-10
6586,ORD_1eb395,CUST_c32533,One_Time,2024-05-08,PAY_e09a,STAT_8cd2,2024-05-08
6587,ORD_e760fe,CUST_dc2038,One_Time,2024-11-13,PAY_e09a,STAT_4414,2024-11-13
6588,ORD_26d0fb,CUST_7f09d8,Repeat,2022-06-19,PAY_182e,STAT_e09a,2022-06-19
6589,ORD_e3c13f,CUST_7f09d8,Repeat,2024-10-11,PAY_e09a,STAT_4414,2024-10-11
6590,ORD_34abf5,CUST_7f09d8,Repeat,2023-11-01,PAY_4414,STAT_182e,2023-11-01
6591,ORD_c9e719,CUST_7f09d8,Repeat,2022-09-04,PAY_e09a,STAT_e09a,2022-09-04
6592,ORD_8e3ea6,CUST_7f09d8,Repeat,2024-09-05,PAY_e09a,STAT_8cd2,2024-09-05
6593,ORD_a8594b,CUST_0e0583,Repeat,2025-07-28,PAY_182e,STAT_4414,2025-07-28
6594,ORD_df99d6,CUST_0e0583,Repeat,2024-09-12,PAY_4414,STAT_4414,2024-09-12
6595,ORD_6cbebe,CUST_0e0583,Repeat,2024-09-12,PAY_8cd2,STAT_4414,2024-09-12
6596,ORD_839045,CUST_0e0583,Repeat,2024-09-12,PAY_e09a,STAT_8cd2,2024-09-12
6597,ORD_49008b,CUST_06744f,Commercial,2026-05-17,PAY_8cd2,STAT_4414,2026-05-17
6598,ORD_0afe9a,CUST_06744f,Commercial,2024-11-13,PAY_8cd2,STAT_8cd2,2024-11-13
6599,ORD_82396c,CUST_06744f,Commercial,2023-11-21,PAY_4414,STAT_8cd2,2023-11-21
6600,ORD_287263,CUST_06744f,Commercial,2023-11-21,PAY_4414,STAT_182e,2023-11-21
6601,ORD_50b6f9,CUST_06744f,Commercial,2023-11-21,PAY_4414,STAT_182e,2023-11-21
6602,ORD_95da78,CUST_06744f,Commercial,2023-11-21,PAY_e09a,STAT_182e,2023-11-21
6603,ORD_a8d7e6,CUST_06744f,Commercial,2025-11-01,PAY_e09a,STAT_e09a,2025-11-01
6604,ORD_e308c1,CUST_06744f,Commercial,2024-08-12,PAY_4414,STAT_8cd2,2024-08-12
6605,ORD_db2f07,CUST_06744f,Commercial,2023-11-21,PAY_8cd2,STAT_182e,2023-11-21
6606,ORD_4e3c65,CUST_06744f,Commercial,2024-09-18,PAY_8cd2,STAT_8cd2,2024-09-18
6607,ORD_ba6e3f,CUST_06744f,Commercial,2023-11-21,PAY_8cd2,STAT_e09a,2023-11-21
6608,ORD_064650,CUST_06744f,Commercial,2023-11-21,PAY_4414,STAT_182e,2023-11-21
6609,ORD_34dae5,CUST_06744f,Commercial,2024-07-01,PAY_e09a,STAT_8cd2,2024-07-01
6610,ORD_fbff26,CUST_06744f,Commercial,2023-11-21,PAY_4414,STAT_182e,2023-11-21
6611,ORD_102c2f,CUST_06744f,Commercial,2023-11-21,PAY_4414,STAT_4414,2023-11-21
6612,ORD_fd6b7d,CUST_06744f,Commercial,2025-02-03,PAY_8cd2,STAT_8cd2,2025-02-03
6613,ORD_4826d9,CUST_06744f,Commercial,2023-11-21,PAY_4414,STAT_182e,2023-11-21
6614,ORD_dd97ea,CUST_06744f,Commercial,2023-11-21,PAY_182e,STAT_e09a,2023-11-21
6615,ORD_7e7d62,CUST_0f8a5f,One_Time,2026-01-06,PAY_8cd2,STAT_4414,2026-01-06
6616,ORD_7a08e1,CUST_8aeb66,One_Time,2024-03-02,PAY_182e,STAT_182e,2024-03-02
6617,ORD_fe0f42,CUST_3bb985,One_Time,2024-12-04,PAY_e09a,STAT_e09a,2024-12-04
6618,ORD_d2b540,CUST_a606cd,One_Time,2026-02-06,PAY_e09a,STAT_e09a,2026-02-06
6619,ORD_5276df,CUST_723202,One_Time,2024-01-01,PAY_e09a,STAT_182e,2024-01-01
6620,ORD_46082e,CUST_36a34a,One_Time,2026-05-22,PAY_e09a,STAT_4414,2026-05-22
6621,ORD_f43dd6,CUST_5652b9,One_Time,2025-10-10,PAY_e09a,STAT_182e,2025-10-10
6622,ORD_c1e5b2,CUST_38c9c8,One_Time,2022-09-15,PAY_4414,STAT_182e,2022-09-15
6623,ORD_d867d6,CUST_dfbdec,One_Time,2023-10-10,PAY_e09a,STAT_4414,2023-10-10
6624,ORD_6ccc4b,CUST_a7fb38,One_Time,2026-02-08,PAY_4414,STAT_8cd2,2026-02-08
6625,ORD_03b997,CUST_2a677b,One_Time,2023-08-09,PAY_182e,STAT_182e,2023-08-09
6626,ORD_d76d4c,CUST_ccf77d,One_Time,2024-07-21,PAY_e09a,STAT_8cd2,2024-07-21
6627,ORD_b81ead,CUST_b69cca,One_Time,2024-09-27,PAY_8cd2,STAT_e09a,2024-09-27
6628,ORD_f1b1fa,CUST_df093d,Commercial,2023-04-19,PAY_e09a,STAT_e09a,2023-04-19
6629,ORD_329649,CUST_df093d,Commercial,2024-02-24,PAY_4414,STAT_4414,2024-02-24
6630,ORD_6440a1,CUST_df093d,Commercial,2024-03-02,PAY_8cd2,STAT_8cd2,2024-03-02
6631,ORD_56f0d6,CUST_df093d,Commercial,2021-05-21,PAY_e09a,STAT_e09a,2021-05-21
6632,ORD_41fa03,CUST_df093d,Commercial,2022-03-16,PAY_182e,STAT_e09a,2022-03-16
6633,ORD_5552a9,CUST_df093d,Commercial,2025-07-27,PAY_4414,STAT_e09a,2025-07-27
6634,ORD_688656,CUST_df093d,Commercial,2026-05-03,PAY_e09a,STAT_182e,2026-05-03
6635,ORD_d8e598,CUST_df093d,Commercial,2025-05-18,PAY_8cd2,STAT_4414,2025-05-18
6636,ORD_96d7ec,CUST_5b2b76,One_Time,2024-01-23,PAY_8cd2,STAT_182e,2024-01-23
6637,ORD_355b52,CUST_39400a,Repeat,2025-09-09,PAY_182e,STAT_4414,2025-09-09
6638,ORD_3fd23c,CUST_39400a,Repeat,2022-07-04,PAY_4414,STAT_8cd2,2022-07-04
6639,ORD_1c03d1,CUST_39400a,Repeat,2022-09-21,PAY_182e,STAT_4414,2022-09-21
6640,ORD_bc716b,CUST_39400a,Repeat,2023-04-22,PAY_e09a,STAT_e09a,2023-04-22
6641,ORD_dcab5a,CUST_714bad,One_Time,2025-08-08,PAY_e09a,STAT_8cd2,2025-08-08
6642,ORD_acfb60,CUST_4f50b6,One_Time,2023-12-25,PAY_8cd2,STAT_4414,2023-12-25
6643,ORD_c3be10,CUST_23b3df,One_Time,2025-05-05,PAY_4414,STAT_e09a,2025-05-05
6644,ORD_ee7e60,CUST_b75530,One_Time,2023-12-16,PAY_4414,STAT_182e,2023-12-16
6645,ORD_3b4617,CUST_c87cd4,One_Time,2024-11-22,PAY_8cd2,STAT_e09a,2024-11-22
6646,ORD_038958,CUST_43b8fb,Repeat,2021-10-10,PAY_e09a,STAT_e09a,2021-10-10
6647,ORD_22d5a2,CUST_43b8fb,Repeat,2026-01-09,PAY_182e,STAT_8cd2,2026-01-09
6648,ORD_9d76fc,CUST_43b8fb,Repeat,2024-03-06,PAY_8cd2,STAT_4414,2024-03-06
6649,ORD_ba26e6,CUST_43b8fb,Repeat,2023-01-26,PAY_e09a,STAT_4414,2023-01-26
6650,ORD_62f26d,CUST_4f25bf,One_Time,2024-05-08,PAY_4414,STAT_182e,2024-05-08
6651,ORD_bd78ca,CUST_56ddd9,One_Time,2022-04-01,PAY_8cd2,STAT_4414,2022-04-01
6652,ORD_6c2e8e,CUST_a8d08d,One_Time,2024-07-05,PAY_182e,STAT_e09a,2024-07-05
6653,ORD_61f941,CUST_947788,One_Time,2024-07-16,PAY_182e,STAT_8cd2,2024-07-16
6654,ORD_908992,CUST_ecc299,One_Time,2022-07-25,PAY_e09a,STAT_182e,2022-07-25
6655,ORD_56b4fe,CUST_311025,One_Time,2024-12-06,PAY_4414,STAT_e09a,2024-12-06
6656,ORD_140eab,CUST_f3eb3c,One_Time,2024-10-10,PAY_4414,STAT_8cd2,2024-10-10
6657,ORD_41d17b,CUST_328ade,One_Time,2024-10-02,PAY_4414,STAT_4414,2024-10-02
6658,ORD_fdafbf,CUST_f70ddd,One_Time,2025-01-21,PAY_182e,STAT_8cd2,2025-01-21
6659,ORD_eb793b,CUST_d4cb16,One_Time,2023-09-24,PAY_e09a,STAT_e09a,2023-09-24
6660,ORD_0c81b6,CUST_ea880f,One_Time,2024-07-18,PAY_e09a,STAT_182e,2024-07-18
6661,ORD_602a7e,CUST_b9c01c,One_Time,2021-05-15,PAY_e09a,STAT_4414,2021-05-15
6662,ORD_063f2e,CUST_527f08,One_Time,2024-12-06,PAY_e09a,STAT_e09a,2024-12-06
6663,ORD_571609,CUST_e9c4ba,One_Time,2021-10-03,PAY_8cd2,STAT_182e,2021-10-03
6664,ORD_b3eb54,CUST_65be8d,One_Time,2026-04-14,PAY_e09a,STAT_4414,2026-04-14
6665,ORD_243b36,CUST_ca0f0b,One_Time,2025-11-18,PAY_182e,STAT_e09a,2025-11-18
6666,ORD_e558d6,CUST_110ae8,One_Time,2025-10-02,PAY_182e,STAT_e09a,2025-10-02
6667,ORD_0e3064,CUST_1221f2,One_Time,2021-03-18,PAY_4414,STAT_182e,2021-03-18
6668,ORD_5af6d1,CUST_5f2a4e,One_Time,2026-05-11,PAY_4414,STAT_4414,2026-05-11
6669,ORD_8d3e41,CUST_aa8aa3,One_Time,2023-03-16,PAY_e09a,STAT_8cd2,2023-03-16
6670,ORD_db7762,CUST_15c85a,Repeat,2024-05-26,PAY_182e,STAT_182e,2024-05-26
6671,ORD_d160b2,CUST_15c85a,Repeat,2024-05-26,PAY_182e,STAT_e09a,2024-05-26
6672,ORD_e6e644,CUST_15c85a,Repeat,2024-05-26,PAY_182e,STAT_182e,2024-05-26
6673,ORD_fb929d,CUST_1c5f6f,One_Time,2024-11-04,PAY_8cd2,STAT_4414,2024-11-04
6674,ORD_7ecd41,CUST_0717c5,Repeat,2022-06-06,PAY_e09a,STAT_e09a,2022-06-06
6675,ORD_096910,CUST_0717c5,Repeat,2022-08-18,PAY_8cd2,STAT_8cd2,2022-08-18
6676,ORD_128923,CUST_0717c5,Repeat,2022-06-06,PAY_8cd2,STAT_182e,2022-06-06
6677,ORD_ec6335,CUST_0717c5,Repeat,2025-08-07,PAY_182e,STAT_4414,2025-08-07
6678,ORD_7c15ac,CUST_0717c5,Repeat,2025-02-19,PAY_182e,STAT_182e,2025-02-19
6679,ORD_67a145,CUST_0717c5,Repeat,2022-11-20,PAY_182e,STAT_182e,2022-11-20
6680,ORD_fc9be8,CUST_95c223,Repeat,2023-08-12,PAY_182e,STAT_8cd2,2023-08-12
6681,ORD_f62a2b,CUST_95c223,Repeat,2024-03-24,PAY_182e,STAT_4414,2024-03-24
6682,ORD_c6ac98,CUST_95c223,Repeat,2022-08-21,PAY_8cd2,STAT_182e,2022-08-21
6683,ORD_e9d6f8,CUST_95c223,Repeat,2022-07-20,PAY_182e,STAT_e09a,2022-07-20
6684,ORD_55f114,CUST_95c223,Repeat,2024-09-12,PAY_e09a,STAT_182e,2024-09-12
6685,ORD_ca07bd,CUST_95c223,Repeat,2025-01-13,PAY_e09a,STAT_182e,2025-01-13
6686,ORD_3319ce,CUST_ff614c,One_Time,2025-10-05,PAY_4414,STAT_4414,2025-10-05
6687,ORD_6701df,CUST_f062c8,One_Time,2024-07-19,PAY_8cd2,STAT_e09a,2024-07-19
6688,ORD_626ae2,CUST_cb48f5,One_Time,2022-03-01,PAY_e09a,STAT_4414,2022-03-01
6689,ORD_53239e,CUST_acdd78,One_Time,2024-09-26,PAY_182e,STAT_182e,2024-09-26
6690,ORD_de28f2,CUST_ba1905,One_Time,2024-02-08,PAY_e09a,STAT_e09a,2024-02-08
6691,ORD_1d008c,CUST_857133,One_Time,2026-04-27,PAY_8cd2,STAT_e09a,2026-04-27
6692,ORD_bbad53,CUST_3b8423,One_Time,2024-06-11,PAY_4414,STAT_e09a,2024-06-11
6693,ORD_36d205,CUST_dbeb65,One_Time,2023-07-20,PAY_e09a,STAT_182e,2023-07-20
6694,ORD_4a3f3a,CUST_e21aa6,One_Time,2024-08-20,PAY_8cd2,STAT_182e,2024-08-20
6695,ORD_760147,CUST_a6f10a,One_Time,2025-01-08,PAY_e09a,STAT_e09a,2025-01-08
6696,ORD_12376f,CUST_f16152,One_Time,2025-08-21,PAY_182e,STAT_8cd2,2025-08-21
6697,ORD_775a11,CUST_a4be7d,One_Time,2025-10-07,PAY_182e,STAT_e09a,2025-10-07
6698,ORD_bf18ae,CUST_be9135,One_Time,2024-08-09,PAY_e09a,STAT_e09a,2024-08-09
6699,ORD_c81a07,CUST_176d56,One_Time,2025-04-18,PAY_8cd2,STAT_e09a,2025-04-18
6700,ORD_4b7ef6,CUST_91977b,Repeat,2024-07-25,PAY_8cd2,STAT_e09a,2024-07-25
6701,ORD_3c80d4,CUST_91977b,Repeat,2022-01-27,PAY_e09a,STAT_e09a,2022-01-27
6702,ORD_02d403,CUST_91977b,Repeat,2022-01-02,PAY_8cd2,STAT_4414,2022-01-02
6703,ORD_389836,CUST_91977b,Repeat,2023-06-03,PAY_e09a,STAT_8cd2,2023-06-03
6704,ORD_54c519,CUST_63159c,Repeat,2023-10-16,PAY_182e,STAT_8cd2,2023-10-16
6705,ORD_dbaa3a,CUST_63159c,Repeat,2025-03-18,PAY_182e,STAT_4414,2025-03-18
6706,ORD_1d83f1,CUST_63159c,Repeat,2025-10-15,PAY_e09a,STAT_e09a,2025-10-15
6707,ORD_5dec6f,CUST_63159c,Repeat,2023-10-21,PAY_e09a,STAT_4414,2023-10-21
6708,ORD_ed79ce,CUST_63159c,Repeat,2026-04-12,PAY_182e,STAT_4414,2026-04-12
6709,ORD_cc6d43,CUST_63159c,Repeat,2023-09-26,PAY_182e,STAT_e09a,2023-09-26
6710,ORD_072e9b,CUST_15e571,Repeat,2024-09-09,PAY_e09a,STAT_e09a,2024-09-09
6711,ORD_1eb851,CUST_15e571,Repeat,2026-04-26,PAY_e09a,STAT_e09a,2026-04-26
6712,ORD_16d0b1,CUST_15e571,Repeat,2023-12-25,PAY_4414,STAT_8cd2,2023-12-25
6713,ORD_314ac8,CUST_15e571,Repeat,2024-05-03,PAY_e09a,STAT_4414,2024-05-03
6714,ORD_7dc141,CUST_15e571,Repeat,2026-03-26,PAY_e09a,STAT_4414,2026-03-26
6715,ORD_84b1f1,CUST_15e571,Repeat,2025-11-01,PAY_4414,STAT_8cd2,2025-11-01
6716,ORD_c8836f,CUST_1501e6,One_Time,2023-08-26,PAY_4414,STAT_e09a,2023-08-26
6717,ORD_2b2316,CUST_8a2f89,One_Time,2022-08-02,PAY_4414,STAT_4414,2022-08-02
6718,ORD_0f8e88,CUST_34ac6c,One_Time,2026-05-06,PAY_4414,STAT_e09a,2026-05-06
6719,ORD_4aab25,CUST_f99968,One_Time,2025-03-02,PAY_e09a,STAT_e09a,2025-03-02
6720,ORD_ca0da2,CUST_8b1c74,One_Time,2025-03-10,PAY_182e,STAT_e09a,2025-03-10
6721,ORD_2424f0,CUST_12792b,One_Time,2026-03-16,PAY_4414,STAT_e09a,2026-03-16
6722,ORD_d83453,CUST_65f501,One_Time,2024-03-25,PAY_e09a,STAT_8cd2,2024-03-25
6723,ORD_bc37fe,CUST_d7a2e2,Commercial,2026-04-27,PAY_4414,STAT_8cd2,2026-04-27
6724,ORD_2ad996,CUST_d7a2e2,Commercial,2026-04-27,PAY_e09a,STAT_e09a,2026-04-27
6725,ORD_12bda6,CUST_d7a2e2,Commercial,2026-04-27,PAY_8cd2,STAT_e09a,2026-04-27
6726,ORD_c95820,CUST_d7a2e2,Commercial,2026-04-27,PAY_8cd2,STAT_e09a,2026-04-27
6727,ORD_0e10ff,CUST_d7a2e2,Commercial,2026-04-27,PAY_e09a,STAT_e09a,2026-04-27
6728,ORD_c91d6c,CUST_d7a2e2,Commercial,2026-04-27,PAY_e09a,STAT_182e,2026-04-27
6729,ORD_5c484d,CUST_d7a2e2,Commercial,2026-04-27,PAY_8cd2,STAT_8cd2,2026-04-27
6730,ORD_574b72,CUST_d7a2e2,Commercial,2026-04-27,PAY_182e,STAT_182e,2026-04-27
6731,ORD_560cfa,CUST_d7a2e2,Commercial,2026-04-27,PAY_182e,STAT_e09a,2026-04-27
6732,ORD_8d2beb,CUST_d7a2e2,Commercial,2026-04-27,PAY_182e,STAT_182e,2026-04-27
6733,ORD_eae037,CUST_d7a2e2,Commercial,2026-04-27,PAY_182e,STAT_4414,2026-04-27
6734,ORD_4c65b6,CUST_d7a2e2,Commercial,2026-04-27,PAY_e09a,STAT_182e,2026-04-27
6735,ORD_134c9e,CUST_d7a2e2,Commercial,2026-04-27,PAY_e09a,STAT_182e,2026-04-27
6736,ORD_b782bb,CUST_d7a2e2,Commercial,2026-04-27,PAY_182e,STAT_182e,2026-04-27
6737,ORD_a1c04f,CUST_d7a2e2,Commercial,2026-04-27,PAY_4414,STAT_182e,2026-04-27
6738,ORD_127df7,CUST_6eb97b,One_Time,2024-07-28,PAY_182e,STAT_8cd2,2024-07-28
6739,ORD_8f8cf1,CUST_24ccec,One_Time,2025-11-10,PAY_8cd2,STAT_182e,2025-11-10
6740,ORD_f2fe50,CUST_4d3c85,Repeat,2026-05-14,PAY_8cd2,STAT_4414,2026-05-14
6741,ORD_fd4d27,CUST_4d3c85,Repeat,2023-03-21,PAY_8cd2,STAT_e09a,2023-03-21
6742,ORD_5efdcf,CUST_4d3c85,Repeat,2025-09-12,PAY_4414,STAT_182e,2025-09-12
6743,ORD_586803,CUST_4d3c85,Repeat,2025-04-07,PAY_e09a,STAT_e09a,2025-04-07
6744,ORD_7a0cc2,CUST_4d3c85,Repeat,2026-01-26,PAY_182e,STAT_4414,2026-01-26
6745,ORD_adb465,CUST_4d3c85,Repeat,2022-06-10,PAY_8cd2,STAT_8cd2,2022-06-10
6746,ORD_af1ff7,CUST_878e11,Repeat,2023-05-19,PAY_4414,STAT_e09a,2023-05-19
6747,ORD_ef8bae,CUST_878e11,Repeat,2023-05-19,PAY_4414,STAT_8cd2,2023-05-19
6748,ORD_a997f6,CUST_878e11,Repeat,2023-05-19,PAY_182e,STAT_182e,2023-05-19
6749,ORD_63eca7,CUST_878e11,Repeat,2026-04-11,PAY_4414,STAT_8cd2,2026-04-11
6750,ORD_31fe83,CUST_878e11,Repeat,2023-05-19,PAY_4414,STAT_e09a,2023-05-19
6751,ORD_55d5e5,CUST_831ec0,One_Time,2024-09-24,PAY_182e,STAT_4414,2024-09-24
6752,ORD_47e4eb,CUST_6e60c4,One_Time,2026-05-19,PAY_4414,STAT_182e,2026-05-19
6753,ORD_9cb98b,CUST_76f2e8,One_Time,2025-03-17,PAY_e09a,STAT_8cd2,2025-03-17
6754,ORD_6ca712,CUST_234190,One_Time,2022-11-25,PAY_4414,STAT_182e,2022-11-25
6755,ORD_b63d4e,CUST_ae2101,Repeat,2025-06-20,PAY_8cd2,STAT_8cd2,2025-06-20
6756,ORD_9d42bb,CUST_ae2101,Repeat,2025-06-20,PAY_182e,STAT_4414,2025-06-20
6757,ORD_47a764,CUST_ae2101,Repeat,2025-06-20,PAY_4414,STAT_182e,2025-06-20
6758,ORD_a3a678,CUST_ae2101,Repeat,2025-06-20,PAY_4414,STAT_4414,2025-06-20
6759,ORD_b3d734,CUST_ae2101,Repeat,2025-06-20,PAY_4414,STAT_8cd2,2025-06-20
6760,ORD_daa2c7,CUST_b487e0,One_Time,2022-08-26,PAY_e09a,STAT_4414,2022-08-26
6761,ORD_8e09ee,CUST_bb795b,One_Time,2024-07-26,PAY_8cd2,STAT_e09a,2024-07-26
6762,ORD_2f927d,CUST_6fe81b,One_Time,2025-01-19,PAY_182e,STAT_e09a,2025-01-19
6763,ORD_ba6b0b,CUST_842613,One_Time,2024-11-08,PAY_182e,STAT_182e,2024-11-08
6764,ORD_3665c1,CUST_e6ded1,One_Time,2023-06-10,PAY_4414,STAT_e09a,2023-06-10
6765,ORD_ca2510,CUST_800474,One_Time,2025-11-02,PAY_4414,STAT_4414,2025-11-02
6766,ORD_9c34cd,CUST_8f1442,Repeat,2026-03-16,PAY_e09a,STAT_182e,2026-03-16
6767,ORD_e27548,CUST_8f1442,Repeat,2026-03-16,PAY_e09a,STAT_e09a,2026-03-16
6768,ORD_e0663c,CUST_8f1442,Repeat,2026-03-16,PAY_4414,STAT_e09a,2026-03-16
6769,ORD_a267c5,CUST_8f1442,Repeat,2026-03-16,PAY_8cd2,STAT_e09a,2026-03-16
6770,ORD_f22466,CUST_8f1442,Repeat,2026-03-16,PAY_182e,STAT_e09a,2026-03-16
6771,ORD_ec79c3,CUST_b3ca44,One_Time,2025-10-02,PAY_e09a,STAT_182e,2025-10-02
6772,ORD_71852f,CUST_1bc647,Repeat,2026-04-21,PAY_4414,STAT_182e,2026-04-21
6773,ORD_3aca92,CUST_1bc647,Repeat,2026-04-21,PAY_e09a,STAT_8cd2,2026-04-21
6774,ORD_645eda,CUST_4346b7,One_Time,2025-10-15,PAY_182e,STAT_4414,2025-10-15
6775,ORD_c05e09,CUST_54937a,One_Time,2024-11-18,PAY_182e,STAT_4414,2024-11-18
6776,ORD_7b0206,CUST_e92ab9,One_Time,2023-02-22,PAY_182e,STAT_8cd2,2023-02-22
6777,ORD_387149,CUST_b7e2b7,One_Time,2025-07-01,PAY_8cd2,STAT_e09a,2025-07-01
6778,ORD_b2b677,CUST_1e2d93,One_Time,2025-04-02,PAY_8cd2,STAT_8cd2,2025-04-02
6779,ORD_0743c0,CUST_ce3cc8,One_Time,2025-06-14,PAY_4414,STAT_8cd2,2025-06-14
6780,ORD_c3dbc3,CUST_83eba6,One_Time,2026-01-19,PAY_4414,STAT_4414,2026-01-19
6781,ORD_63bd13,CUST_78dc22,One_Time,2025-11-14,PAY_e09a,STAT_e09a,2025-11-14
6782,ORD_fb0a4c,CUST_1c4185,One_Time,2026-01-21,PAY_8cd2,STAT_e09a,2026-01-21
6783,ORD_c75fa7,CUST_61789c,One_Time,2025-12-09,PAY_8cd2,STAT_8cd2,2025-12-09
6784,ORD_01ec1c,CUST_4374be,One_Time,2024-03-25,PAY_8cd2,STAT_8cd2,2024-03-25
6785,ORD_6f6018,CUST_cb4a0c,One_Time,2025-11-01,PAY_4414,STAT_e09a,2025-11-01
6786,ORD_86c23f,CUST_66dbeb,One_Time,2026-05-13,PAY_8cd2,STAT_182e,2026-05-13
6787,ORD_dd29df,CUST_d5ac1a,Commercial,2025-06-06,PAY_182e,STAT_8cd2,2025-06-06
6788,ORD_a89d1e,CUST_d5ac1a,Commercial,2025-06-06,PAY_8cd2,STAT_8cd2,2025-06-06
6789,ORD_86f039,CUST_d5ac1a,Commercial,2025-06-06,PAY_8cd2,STAT_e09a,2025-06-06
6790,ORD_ff4559,CUST_d5ac1a,Commercial,2026-03-20,PAY_4414,STAT_8cd2,2026-03-20
6791,ORD_a0e32e,CUST_d5ac1a,Commercial,2025-06-06,PAY_4414,STAT_8cd2,2025-06-06
6792,ORD_fd574f,CUST_d5ac1a,Commercial,2025-06-06,PAY_e09a,STAT_8cd2,2025-06-06
6793,ORD_395bd5,CUST_d5ac1a,Commercial,2025-06-06,PAY_8cd2,STAT_8cd2,2025-06-06
6794,ORD_45d11b,CUST_d5ac1a,Commercial,2026-03-22,PAY_e09a,STAT_8cd2,2026-03-22
6795,ORD_91d311,CUST_d5ac1a,Commercial,2025-06-06,PAY_e09a,STAT_e09a,2025-06-06
6796,ORD_8deaf6,CUST_d5ac1a,Commercial,2025-06-06,PAY_4414,STAT_e09a,2025-06-06
6797,ORD_d7ca08,CUST_d5ac1a,Commercial,2025-06-06,PAY_182e,STAT_4414,2025-06-06
6798,ORD_ddfbfa,CUST_d5ac1a,Commercial,2025-06-06,PAY_8cd2,STAT_4414,2025-06-06
6799,ORD_57d31d,CUST_d5ac1a,Commercial,2025-06-06,PAY_182e,STAT_e09a,2025-06-06
6800,ORD_787e4f,CUST_d5ac1a,Commercial,2025-09-23,PAY_e09a,STAT_8cd2,2025-09-23
6801,ORD_4d1f3a,CUST_d5ac1a,Commercial,2025-06-06,PAY_8cd2,STAT_8cd2,2025-06-06
6802,ORD_fcf146,CUST_d5ac1a,Commercial,2025-06-06,PAY_4414,STAT_e09a,2025-06-06
6803,ORD_b65382,CUST_d5ac1a,Commercial,2025-06-06,PAY_182e,STAT_182e,2025-06-06
6804,ORD_87aa89,CUST_d5ac1a,Commercial,2025-06-06,PAY_e09a,STAT_182e,2025-06-06
6805,ORD_ea5c7e,CUST_d5ac1a,Commercial,2026-01-14,PAY_8cd2,STAT_4414,2026-01-14
6806,ORD_d31712,CUST_d5ac1a,Commercial,2025-06-06,PAY_8cd2,STAT_e09a,2025-06-06
6807,ORD_7af28d,CUST_249d83,One_Time,2026-04-13,PAY_e09a,STAT_182e,2026-04-13
6808,ORD_ac57b3,CUST_a08100,One_Time,2025-01-22,PAY_8cd2,STAT_8cd2,2025-01-22
6809,ORD_5eddfd,CUST_719161,One_Time,2025-08-12,PAY_e09a,STAT_4414,2025-08-12
6810,ORD_2d0cee,CUST_18ee94,One_Time,2025-03-03,PAY_4414,STAT_4414,2025-03-03
6811,ORD_315682,CUST_4d0df5,One_Time,2026-03-04,PAY_182e,STAT_4414,2026-03-04
6812,ORD_2968cd,CUST_fd1621,One_Time,2026-01-28,PAY_e09a,STAT_e09a,2026-01-28
6813,ORD_3428a2,CUST_d3892e,Repeat,2024-10-12,PAY_182e,STAT_4414,2024-10-12
6814,ORD_039b13,CUST_d3892e,Repeat,2025-06-10,PAY_4414,STAT_182e,2025-06-10
6815,ORD_12e81c,CUST_d3892e,Repeat,2023-11-17,PAY_8cd2,STAT_e09a,2023-11-17
6816,ORD_aa49cf,CUST_d3892e,Repeat,2026-01-27,PAY_8cd2,STAT_8cd2,2026-01-27
6817,ORD_cfa302,CUST_d3892e,Repeat,2023-09-08,PAY_182e,STAT_4414,2023-09-08
6818,ORD_2fe80d,CUST_d3892e,Repeat,2024-08-27,PAY_182e,STAT_182e,2024-08-27
6819,ORD_392d82,CUST_c51aba,One_Time,2025-02-03,PAY_8cd2,STAT_8cd2,2025-02-03
6820,ORD_a26d4f,CUST_576b54,One_Time,2025-06-21,PAY_182e,STAT_182e,2025-06-21
6821,ORD_72b92d,CUST_f3c1a4,One_Time,2023-08-06,PAY_e09a,STAT_e09a,2023-08-06
6822,ORD_756ff8,CUST_0bdb7c,One_Time,2026-02-10,PAY_182e,STAT_8cd2,2026-02-10
6823,ORD_c26c35,CUST_01e241,Repeat,2023-05-24,PAY_182e,STAT_182e,2023-05-24
6824,ORD_37a15f,CUST_01e241,Repeat,2023-05-24,PAY_e09a,STAT_8cd2,2023-05-24
6825,ORD_b6c7de,CUST_01e241,Repeat,2023-05-24,PAY_182e,STAT_4414,2023-05-24
6826,ORD_22c393,CUST_01e241,Repeat,2025-01-02,PAY_182e,STAT_e09a,2025-01-02
6827,ORD_7b8a6a,CUST_01e241,Repeat,2023-05-24,PAY_e09a,STAT_8cd2,2023-05-24
6828,ORD_5fdfb1,CUST_d6211f,One_Time,2025-06-17,PAY_e09a,STAT_182e,2025-06-17
6829,ORD_3d13cd,CUST_ba6d9c,One_Time,2024-03-06,PAY_8cd2,STAT_4414,2024-03-06
6830,ORD_a5d5c8,CUST_1da651,One_Time,2024-04-08,PAY_8cd2,STAT_182e,2024-04-08
6831,ORD_9461be,CUST_879ed6,One_Time,2024-09-22,PAY_4414,STAT_4414,2024-09-22
6832,ORD_f6cf98,CUST_265bf1,Repeat,2023-12-01,PAY_182e,STAT_4414,2023-12-01
6833,ORD_bdfa59,CUST_265bf1,Repeat,2023-12-01,PAY_8cd2,STAT_182e,2023-12-01
6834,ORD_bb6a80,CUST_265bf1,Repeat,2023-12-01,PAY_e09a,STAT_e09a,2023-12-01
6835,ORD_fe205a,CUST_265bf1,Repeat,2023-12-01,PAY_4414,STAT_4414,2023-12-01
6836,ORD_6aa877,CUST_265bf1,Repeat,2026-02-27,PAY_8cd2,STAT_8cd2,2026-02-27
6837,ORD_9762c2,CUST_265bf1,Repeat,2023-12-01,PAY_e09a,STAT_8cd2,2023-12-01
6838,ORD_1ea81a,CUST_00b498,One_Time,2025-05-22,PAY_4414,STAT_8cd2,2025-05-22
6839,ORD_0feda5,CUST_4db97d,One_Time,2023-07-01,PAY_4414,STAT_8cd2,2023-07-01
6840,ORD_4f4af6,CUST_bfabd4,Repeat,2026-03-19,PAY_e09a,STAT_4414,2026-03-19
6841,ORD_426b72,CUST_bfabd4,Repeat,2026-03-19,PAY_4414,STAT_4414,2026-03-19
6842,ORD_be529c,CUST_bfabd4,Repeat,2026-03-19,PAY_182e,STAT_4414,2026-03-19
6843,ORD_a151cb,CUST_bfabd4,Repeat,2026-03-19,PAY_8cd2,STAT_4414,2026-03-19
6844,ORD_4762bf,CUST_bfabd4,Repeat,2026-03-19,PAY_8cd2,STAT_182e,2026-03-19
6845,ORD_740d80,CUST_897b19,One_Time,2026-02-12,PAY_e09a,STAT_e09a,2026-02-12
6846,ORD_694083,CUST_1c957b,One_Time,2023-08-03,PAY_8cd2,STAT_e09a,2023-08-03
6847,ORD_2030cc,CUST_baffc3,One_Time,2022-04-14,PAY_182e,STAT_e09a,2022-04-14
6848,ORD_5a72b7,CUST_a95ac4,One_Time,2025-07-28,PAY_8cd2,STAT_182e,2025-07-28
6849,ORD_309ac5,CUST_ad631e,Repeat,2025-05-04,PAY_8cd2,STAT_8cd2,2025-05-04
6850,ORD_8f2720,CUST_ad631e,Repeat,2024-09-04,PAY_e09a,STAT_e09a,2024-09-04
6851,ORD_11496e,CUST_ad631e,Repeat,2024-12-15,PAY_e09a,STAT_4414,2024-12-15
6852,ORD_fe9bb9,CUST_ad631e,Repeat,2025-04-15,PAY_182e,STAT_182e,2025-04-15
6853,ORD_66b0b7,CUST_ad631e,Repeat,2024-02-20,PAY_4414,STAT_e09a,2024-02-20
6854,ORD_0c85fe,CUST_5051b7,One_Time,2025-08-28,PAY_4414,STAT_e09a,2025-08-28
6855,ORD_1f7b81,CUST_e7013e,One_Time,2026-03-27,PAY_e09a,STAT_4414,2026-03-27
6856,ORD_23b260,CUST_ea5822,One_Time,2025-05-28,PAY_8cd2,STAT_e09a,2025-05-28
6857,ORD_500750,CUST_b3b484,Repeat,2025-05-10,PAY_182e,STAT_182e,2025-05-10
6858,ORD_e816df,CUST_b3b484,Repeat,2025-05-10,PAY_e09a,STAT_182e,2025-05-10
6859,ORD_617691,CUST_b3b484,Repeat,2025-05-10,PAY_8cd2,STAT_182e,2025-05-10
6860,ORD_aa7722,CUST_b3b484,Repeat,2026-01-25,PAY_4414,STAT_182e,2026-01-25
6861,ORD_141be6,CUST_b3b484,Repeat,2025-05-10,PAY_8cd2,STAT_182e,2025-05-10
6862,ORD_6218af,CUST_b3b484,Repeat,2026-05-05,PAY_8cd2,STAT_8cd2,2026-05-05
6863,ORD_9c6d54,CUST_13612d,One_Time,2021-11-01,PAY_4414,STAT_e09a,2021-11-01
6864,ORD_e1ad14,CUST_450a2a,One_Time,2025-12-22,PAY_e09a,STAT_e09a,2025-12-22
6865,ORD_f949a0,CUST_f49c16,One_Time,2025-07-07,PAY_e09a,STAT_8cd2,2025-07-07
6866,ORD_94bba5,CUST_da76dc,One_Time,2023-10-21,PAY_182e,STAT_8cd2,2023-10-21
6867,ORD_74b777,CUST_aec6b7,One_Time,2023-11-23,PAY_182e,STAT_8cd2,2023-11-23
6868,ORD_4314cb,CUST_dff236,Commercial,2024-04-04,PAY_8cd2,STAT_4414,2024-04-04
6869,ORD_3cd85c,CUST_dff236,Commercial,2024-04-04,PAY_182e,STAT_8cd2,2024-04-04
6870,ORD_0fe673,CUST_dff236,Commercial,2026-02-15,PAY_e09a,STAT_182e,2026-02-15
6871,ORD_6d6c07,CUST_dff236,Commercial,2025-06-22,PAY_182e,STAT_182e,2025-06-22
6872,ORD_0b0c8b,CUST_dff236,Commercial,2024-08-09,PAY_182e,STAT_e09a,2024-08-09
6873,ORD_8e360a,CUST_dff236,Commercial,2026-02-28,PAY_4414,STAT_4414,2026-02-28
6874,ORD_8ef79c,CUST_dff236,Commercial,2024-04-04,PAY_182e,STAT_182e,2024-04-04
6875,ORD_197509,CUST_dff236,Commercial,2025-05-16,PAY_4414,STAT_8cd2,2025-05-16
6876,ORD_51bef0,CUST_dff236,Commercial,2025-12-03,PAY_4414,STAT_e09a,2025-12-03
6877,ORD_eba141,CUST_dff236,Commercial,2024-04-04,PAY_8cd2,STAT_8cd2,2024-04-04
6878,ORD_973f32,CUST_dff236,Commercial,2025-07-27,PAY_8cd2,STAT_182e,2025-07-27
6879,ORD_687a9c,CUST_dff236,Commercial,2024-04-04,PAY_e09a,STAT_4414,2024-04-04
6880,ORD_503a10,CUST_dff236,Commercial,2024-09-15,PAY_182e,STAT_4414,2024-09-15
6881,ORD_ad99ae,CUST_dff236,Commercial,2024-04-04,PAY_4414,STAT_e09a,2024-04-04
6882,ORD_b2228e,CUST_dff236,Commercial,2024-04-04,PAY_4414,STAT_4414,2024-04-04
6883,ORD_8481e5,CUST_dff236,Commercial,2024-04-04,PAY_8cd2,STAT_4414,2024-04-04
6884,ORD_d9113a,CUST_dff236,Commercial,2024-04-04,PAY_182e,STAT_8cd2,2024-04-04
6885,ORD_2f1488,CUST_dff236,Commercial,2024-06-18,PAY_182e,STAT_4414,2024-06-18
6886,ORD_2f788a,CUST_dff236,Commercial,2024-04-04,PAY_4414,STAT_182e,2024-04-04
6887,ORD_d8dc09,CUST_dff236,Commercial,2025-08-23,PAY_182e,STAT_182e,2025-08-23
6888,ORD_1cd96e,CUST_504739,Commercial,2026-01-28,PAY_e09a,STAT_4414,2026-01-28
6889,ORD_1bb7a6,CUST_504739,Commercial,2022-09-16,PAY_8cd2,STAT_e09a,2022-09-16
6890,ORD_e02e58,CUST_504739,Commercial,2026-01-02,PAY_4414,STAT_4414,2026-01-02
6891,ORD_3e1185,CUST_504739,Commercial,2022-09-16,PAY_182e,STAT_4414,2022-09-16
6892,ORD_326880,CUST_504739,Commercial,2024-09-01,PAY_4414,STAT_8cd2,2024-09-01
6893,ORD_da68e4,CUST_504739,Commercial,2024-02-17,PAY_182e,STAT_4414,2024-02-17
6894,ORD_2d846c,CUST_504739,Commercial,2022-09-16,PAY_182e,STAT_e09a,2022-09-16
6895,ORD_0b6de0,CUST_504739,Commercial,2024-09-24,PAY_182e,STAT_e09a,2024-09-24
6896,ORD_b567f2,CUST_504739,Commercial,2026-01-19,PAY_4414,STAT_8cd2,2026-01-19
6897,ORD_5c9d71,CUST_504739,Commercial,2026-03-04,PAY_4414,STAT_8cd2,2026-03-04
6898,ORD_a2e3a9,CUST_ee7fac,One_Time,2024-02-07,PAY_8cd2,STAT_182e,2024-02-07
6899,ORD_1f09e5,CUST_3927f8,One_Time,2023-12-17,PAY_4414,STAT_e09a,2023-12-17
6900,ORD_2aca56,CUST_e656ed,One_Time,2024-08-26,PAY_e09a,STAT_4414,2024-08-26
6901,ORD_aadd12,CUST_64267e,One_Time,2026-02-03,PAY_8cd2,STAT_182e,2026-02-03
6902,ORD_f377e7,CUST_11dff1,Repeat,2024-09-21,PAY_e09a,STAT_e09a,2024-09-21
6903,ORD_a7fbee,CUST_11dff1,Repeat,2024-09-21,PAY_4414,STAT_182e,2024-09-21
6904,ORD_6bdd79,CUST_d317e2,Repeat,2023-02-24,PAY_182e,STAT_182e,2023-02-24
6905,ORD_503b14,CUST_d317e2,Repeat,2023-08-20,PAY_e09a,STAT_8cd2,2023-08-20
6906,ORD_33a02c,CUST_d317e2,Repeat,2023-02-03,PAY_e09a,STAT_e09a,2023-02-03
6907,ORD_0b9225,CUST_d317e2,Repeat,2025-10-03,PAY_4414,STAT_4414,2025-10-03
6908,ORD_380c16,CUST_41b616,Repeat,2023-08-18,PAY_8cd2,STAT_4414,2023-08-18
6909,ORD_644003,CUST_41b616,Repeat,2022-06-08,PAY_e09a,STAT_e09a,2022-06-08
6910,ORD_98614b,CUST_d10cd6,Repeat,2025-09-19,PAY_e09a,STAT_182e,2025-09-19
6911,ORD_c3701c,CUST_d10cd6,Repeat,2025-09-19,PAY_4414,STAT_8cd2,2025-09-19
6912,ORD_77f1bc,CUST_d10cd6,Repeat,2026-04-26,PAY_4414,STAT_4414,2026-04-26
6913,ORD_9fe8ba,CUST_d10cd6,Repeat,2026-03-24,PAY_4414,STAT_8cd2,2026-03-24
6914,ORD_210a22,CUST_d10cd6,Repeat,2025-09-19,PAY_e09a,STAT_182e,2025-09-19
6915,ORD_7e356e,CUST_d10cd6,Repeat,2025-09-19,PAY_4414,STAT_8cd2,2025-09-19
6916,ORD_66dbd4,CUST_4e3d1a,One_Time,2024-10-07,PAY_e09a,STAT_e09a,2024-10-07
6917,ORD_4f187f,CUST_ad10c8,One_Time,2023-01-22,PAY_182e,STAT_182e,2023-01-22
6918,ORD_d47b40,CUST_a1b638,Repeat,2026-02-06,PAY_4414,STAT_4414,2026-02-06
6919,ORD_4725fe,CUST_a1b638,Repeat,2026-04-01,PAY_4414,STAT_e09a,2026-04-01
6920,ORD_e5f0c3,CUST_a1b638,Repeat,2024-07-03,PAY_8cd2,STAT_182e,2024-07-03
6921,ORD_43175d,CUST_e5aa87,One_Time,2023-08-16,PAY_e09a,STAT_e09a,2023-08-16
6922,ORD_e88115,CUST_6a99e7,Repeat,2024-08-06,PAY_182e,STAT_8cd2,2024-08-06
6923,ORD_ddca84,CUST_6a99e7,Repeat,2025-10-26,PAY_e09a,STAT_e09a,2025-10-26
6924,ORD_d142fa,CUST_6a99e7,Repeat,2024-12-14,PAY_182e,STAT_e09a,2024-12-14
6925,ORD_a4b1eb,CUST_6a99e7,Repeat,2024-08-06,PAY_8cd2,STAT_e09a,2024-08-06
6926,ORD_13c5fb,CUST_6a99e7,Repeat,2024-08-06,PAY_8cd2,STAT_8cd2,2024-08-06
6927,ORD_9a6c6d,CUST_9a3b05,One_Time,2022-06-22,PAY_8cd2,STAT_182e,2022-06-22
6928,ORD_bf7de0,CUST_a9da44,Repeat,2024-03-11,PAY_182e,STAT_4414,2024-03-11
6929,ORD_b859c0,CUST_a9da44,Repeat,2024-03-11,PAY_4414,STAT_4414,2024-03-11
6930,ORD_13bc36,CUST_a9da44,Repeat,2025-07-21,PAY_8cd2,STAT_4414,2025-07-21
6931,ORD_952cb9,CUST_a9da44,Repeat,2024-03-11,PAY_e09a,STAT_8cd2,2024-03-11
6932,ORD_9aae7d,CUST_a9da44,Repeat,2024-03-11,PAY_e09a,STAT_8cd2,2024-03-11
6933,ORD_2bcc92,CUST_67083d,Repeat,2024-03-05,PAY_4414,STAT_8cd2,2024-03-05
6934,ORD_d52e7a,CUST_67083d,Repeat,2024-03-05,PAY_4414,STAT_8cd2,2024-03-05
6935,ORD_349366,CUST_67083d,Repeat,2024-03-05,PAY_8cd2,STAT_8cd2,2024-03-05
6936,ORD_2650d8,CUST_67083d,Repeat,2024-03-05,PAY_182e,STAT_e09a,2024-03-05
6937,ORD_914450,CUST_aa21b2,One_Time,2025-07-05,PAY_8cd2,STAT_e09a,2025-07-05
6938,ORD_c005b2,CUST_9549fe,One_Time,2023-08-07,PAY_182e,STAT_8cd2,2023-08-07
6939,ORD_a539c2,CUST_d88c6d,One_Time,2025-10-13,PAY_4414,STAT_182e,2025-10-13
6940,ORD_439ea3,CUST_cbc7af,Repeat,2026-03-19,PAY_8cd2,STAT_8cd2,2026-03-19
6941,ORD_84f042,CUST_cbc7af,Repeat,2025-12-15,PAY_4414,STAT_e09a,2025-12-15
6942,ORD_62605e,CUST_cbc7af,Repeat,2025-04-25,PAY_182e,STAT_182e,2025-04-25
6943,ORD_869002,CUST_cbc7af,Repeat,2025-01-06,PAY_4414,STAT_8cd2,2025-01-06
6944,ORD_4bb2e1,CUST_37b74d,One_Time,2024-05-24,PAY_8cd2,STAT_e09a,2024-05-24
6945,ORD_06783a,CUST_d6597b,One_Time,2024-12-23,PAY_4414,STAT_4414,2024-12-23
6946,ORD_6de7b3,CUST_0d25f3,Repeat,2023-11-08,PAY_8cd2,STAT_4414,2023-11-08
6947,ORD_805316,CUST_0d25f3,Repeat,2025-04-20,PAY_8cd2,STAT_182e,2025-04-20
6948,ORD_882e80,CUST_c7ba32,Commercial,2026-05-22,PAY_4414,STAT_e09a,2026-05-22
6949,ORD_50b162,CUST_c7ba32,Commercial,2025-10-07,PAY_e09a,STAT_8cd2,2025-10-07
6950,ORD_fd76a8,CUST_c7ba32,Commercial,2023-05-23,PAY_8cd2,STAT_182e,2023-05-23
6951,ORD_cfad3d,CUST_c7ba32,Commercial,2025-04-24,PAY_8cd2,STAT_8cd2,2025-04-24
6952,ORD_a03163,CUST_c7ba32,Commercial,2024-05-26,PAY_4414,STAT_182e,2024-05-26
6953,ORD_8b4fa4,CUST_c7ba32,Commercial,2022-03-07,PAY_e09a,STAT_e09a,2022-03-07
6954,ORD_01f27f,CUST_c7ba32,Commercial,2024-06-05,PAY_8cd2,STAT_8cd2,2024-06-05
6955,ORD_837270,CUST_c7ba32,Commercial,2022-03-07,PAY_182e,STAT_182e,2022-03-07
6956,ORD_953e2b,CUST_c7ba32,Commercial,2023-03-06,PAY_4414,STAT_182e,2023-03-06
6957,ORD_bc2505,CUST_c7ba32,Commercial,2022-03-07,PAY_e09a,STAT_8cd2,2022-03-07
6958,ORD_ffcb02,CUST_c7ba32,Commercial,2023-07-06,PAY_e09a,STAT_e09a,2023-07-06
6959,ORD_154356,CUST_c7ba32,Commercial,2023-12-03,PAY_e09a,STAT_4414,2023-12-03
6960,ORD_2c85af,CUST_c7ba32,Commercial,2025-10-12,PAY_8cd2,STAT_8cd2,2025-10-12
6961,ORD_74c878,CUST_b65346,One_Time,2023-02-03,PAY_8cd2,STAT_8cd2,2023-02-03
6962,ORD_6f0c7b,CUST_1cec7e,Repeat,2026-03-25,PAY_8cd2,STAT_8cd2,2026-03-25
6963,ORD_efc60e,CUST_1cec7e,Repeat,2024-03-15,PAY_182e,STAT_4414,2024-03-15
6964,ORD_7eb93c,CUST_1cec7e,Repeat,2025-05-12,PAY_e09a,STAT_e09a,2025-05-12
6965,ORD_02751d,CUST_c8af21,One_Time,2022-01-04,PAY_4414,STAT_4414,2022-01-04
6966,ORD_366248,CUST_a52d21,One_Time,2023-04-11,PAY_e09a,STAT_8cd2,2023-04-11
6967,ORD_41abd3,CUST_623b7c,One_Time,2024-06-06,PAY_e09a,STAT_4414,2024-06-06
6968,ORD_f374d3,CUST_99d5fe,One_Time,2023-08-13,PAY_e09a,STAT_e09a,2023-08-13
6969,ORD_e2e78e,CUST_ee7878,One_Time,2023-12-24,PAY_e09a,STAT_e09a,2023-12-24
6970,ORD_f65133,CUST_4fdfea,One_Time,2023-10-24,PAY_4414,STAT_8cd2,2023-10-24
6971,ORD_5ab688,CUST_a97bbc,One_Time,2025-09-20,PAY_4414,STAT_8cd2,2025-09-20
6972,ORD_2c7bb5,CUST_8bf6dd,One_Time,2025-08-12,PAY_182e,STAT_182e,2025-08-12
6973,ORD_6a81ef,CUST_91d842,One_Time,2023-10-15,PAY_8cd2,STAT_e09a,2023-10-15
6974,ORD_fbe665,CUST_99e068,One_Time,2023-08-14,PAY_4414,STAT_182e,2023-08-14
6975,ORD_d6cf3b,CUST_6151d1,One_Time,2025-03-13,PAY_4414,STAT_e09a,2025-03-13
6976,ORD_f7e678,CUST_4b1423,One_Time,2023-11-20,PAY_182e,STAT_e09a,2023-11-20
6977,ORD_195f43,CUST_b3677a,One_Time,2026-04-22,PAY_8cd2,STAT_182e,2026-04-22
6978,ORD_c22583,CUST_18a1cc,One_Time,2023-10-06,PAY_182e,STAT_8cd2,2023-10-06
6979,ORD_bad42c,CUST_3ee23c,One_Time,2025-09-16,PAY_182e,STAT_182e,2025-09-16
6980,ORD_44e07b,CUST_5e2db5,Repeat,2024-09-05,PAY_e09a,STAT_8cd2,2024-09-05
6981,ORD_3d2f71,CUST_5e2db5,Repeat,2024-09-05,PAY_e09a,STAT_4414,2024-09-05
6982,ORD_622e95,CUST_5e2db5,Repeat,2024-09-05,PAY_8cd2,STAT_4414,2024-09-05
6983,ORD_328f8b,CUST_5e2db5,Repeat,2024-09-05,PAY_e09a,STAT_e09a,2024-09-05
6984,ORD_4b5c64,CUST_d65512,One_Time,2025-09-21,PAY_4414,STAT_e09a,2025-09-21
6985,ORD_5a8672,CUST_5ae4d2,Repeat,2021-01-23,PAY_4414,STAT_e09a,2021-01-23
6986,ORD_dd6343,CUST_5ae4d2,Repeat,2021-03-24,PAY_e09a,STAT_8cd2,2021-03-24
6987,ORD_a73306,CUST_5ae4d2,Repeat,2023-04-15,PAY_8cd2,STAT_182e,2023-04-15
6988,ORD_b9f671,CUST_5ae4d2,Repeat,2022-01-16,PAY_e09a,STAT_8cd2,2022-01-16
6989,ORD_f7fe07,CUST_5ae4d2,Repeat,2025-04-02,PAY_8cd2,STAT_182e,2025-04-02
6990,ORD_1ef0a5,CUST_856ce9,One_Time,2024-08-27,PAY_182e,STAT_182e,2024-08-27
6991,ORD_63c6c5,CUST_ef67cc,One_Time,2024-01-14,PAY_e09a,STAT_4414,2024-01-14
6992,ORD_7fb588,CUST_a787fb,One_Time,2023-10-01,PAY_4414,STAT_8cd2,2023-10-01
6993,ORD_3ac241,CUST_472418,One_Time,2023-11-24,PAY_4414,STAT_182e,2023-11-24
6994,ORD_689a2c,CUST_87a31b,One_Time,2025-09-21,PAY_e09a,STAT_8cd2,2025-09-21
6995,ORD_3a493e,CUST_7944a3,One_Time,2022-12-10,PAY_182e,STAT_4414,2022-12-10
6996,ORD_18d2ba,CUST_a0356d,Repeat,2022-11-13,PAY_182e,STAT_182e,2022-11-13
6997,ORD_1afa82,CUST_a0356d,Repeat,2025-01-23,PAY_182e,STAT_e09a,2025-01-23
6998,ORD_ef86f7,CUST_a0356d,Repeat,2023-06-28,PAY_4414,STAT_e09a,2023-06-28
6999,ORD_881a7e,CUST_a0356d,Repeat,2025-05-05,PAY_4414,STAT_8cd2,2025-05-05
7000,ORD_72f938,CUST_a0356d,Repeat,2026-03-07,PAY_4414,STAT_182e,2026-03-07
7001,ORD_c67421,CUST_a0356d,Repeat,2025-09-13,PAY_4414,STAT_e09a,2025-09-13
7002,ORD_915865,CUST_a1f8a4,Repeat,2026-02-09,PAY_8cd2,STAT_182e,2026-02-09
7003,ORD_df7167,CUST_a1f8a4,Repeat,2026-02-09,PAY_8cd2,STAT_182e,2026-02-09
7004,ORD_818cbd,CUST_a1f8a4,Repeat,2026-02-09,PAY_8cd2,STAT_4414,2026-02-09
7005,ORD_39e74e,CUST_a1f8a4,Repeat,2026-02-09,PAY_8cd2,STAT_e09a,2026-02-09
7006,ORD_20b281,CUST_8405de,One_Time,2025-09-10,PAY_8cd2,STAT_182e,2025-09-10
7007,ORD_3eeb55,CUST_1c8e07,One_Time,2024-04-10,PAY_8cd2,STAT_182e,2024-04-10
7008,ORD_9d6f6e,CUST_dae0c5,One_Time,2022-04-17,PAY_4414,STAT_e09a,2022-04-17
7009,ORD_cbf223,CUST_8137b5,Commercial,2024-12-07,PAY_182e,STAT_8cd2,2024-12-07
7010,ORD_c3e71a,CUST_8137b5,Commercial,2024-07-13,PAY_8cd2,STAT_e09a,2024-07-13
7011,ORD_99b4b9,CUST_8137b5,Commercial,2024-07-13,PAY_e09a,STAT_4414,2024-07-13
7012,ORD_842b54,CUST_8137b5,Commercial,2024-07-13,PAY_e09a,STAT_e09a,2024-07-13
7013,ORD_be2d86,CUST_8137b5,Commercial,2024-07-13,PAY_8cd2,STAT_4414,2024-07-13
7014,ORD_c9ac5d,CUST_8137b5,Commercial,2024-07-13,PAY_8cd2,STAT_4414,2024-07-13
7015,ORD_56cf6f,CUST_8137b5,Commercial,2024-07-13,PAY_182e,STAT_e09a,2024-07-13
7016,ORD_693b69,CUST_8137b5,Commercial,2024-07-13,PAY_4414,STAT_8cd2,2024-07-13
7017,ORD_60516f,CUST_8137b5,Commercial,2024-07-13,PAY_4414,STAT_8cd2,2024-07-13
7018,ORD_37eb13,CUST_8137b5,Commercial,2024-07-13,PAY_182e,STAT_4414,2024-07-13
7019,ORD_1a2724,CUST_8137b5,Commercial,2024-07-13,PAY_182e,STAT_182e,2024-07-13
7020,ORD_5d40f8,CUST_8137b5,Commercial,2026-05-14,PAY_4414,STAT_182e,2026-05-14
7021,ORD_f4bcbb,CUST_8137b5,Commercial,2024-07-13,PAY_182e,STAT_182e,2024-07-13
7022,ORD_1ee82d,CUST_8137b5,Commercial,2025-07-06,PAY_4414,STAT_182e,2025-07-06
7023,ORD_1430f3,CUST_8137b5,Commercial,2025-04-25,PAY_4414,STAT_4414,2025-04-25
7024,ORD_fef465,CUST_e75de8,One_Time,2025-06-03,PAY_182e,STAT_4414,2025-06-03
7025,ORD_97a1b2,CUST_823bc3,One_Time,2022-04-18,PAY_182e,STAT_4414,2022-04-18
7026,ORD_58e3ad,CUST_d04adc,One_Time,2024-02-20,PAY_182e,STAT_8cd2,2024-02-20
7027,ORD_9f832d,CUST_259c94,One_Time,2026-03-23,PAY_e09a,STAT_4414,2026-03-23
7028,ORD_76f9ae,CUST_446009,One_Time,2025-10-10,PAY_e09a,STAT_e09a,2025-10-10
7029,ORD_b2af73,CUST_a9da88,One_Time,2025-11-17,PAY_4414,STAT_4414,2025-11-17
7030,ORD_bc3390,CUST_a5782c,Commercial,2023-08-20,PAY_182e,STAT_4414,2023-08-20
7031,ORD_18167b,CUST_a5782c,Commercial,2021-03-26,PAY_e09a,STAT_8cd2,2021-03-26
7032,ORD_7b1723,CUST_a5782c,Commercial,2025-05-07,PAY_e09a,STAT_8cd2,2025-05-07
7033,ORD_286920,CUST_a5782c,Commercial,2021-08-09,PAY_8cd2,STAT_4414,2021-08-09
7034,ORD_14f0c5,CUST_a5782c,Commercial,2021-09-01,PAY_e09a,STAT_e09a,2021-09-01
7035,ORD_381ac7,CUST_a5782c,Commercial,2024-09-09,PAY_e09a,STAT_4414,2024-09-09
7036,ORD_56d883,CUST_a5782c,Commercial,2021-06-15,PAY_4414,STAT_8cd2,2021-06-15
7037,ORD_b0e187,CUST_a5782c,Commercial,2021-11-02,PAY_e09a,STAT_4414,2021-11-02
7038,ORD_e7e2b9,CUST_a5782c,Commercial,2022-04-11,PAY_182e,STAT_e09a,2022-04-11
7039,ORD_f26c67,CUST_a5782c,Commercial,2024-08-02,PAY_e09a,STAT_8cd2,2024-08-02
7040,ORD_471b88,CUST_a5782c,Commercial,2023-10-17,PAY_182e,STAT_8cd2,2023-10-17
7041,ORD_299fc7,CUST_a5782c,Commercial,2021-09-14,PAY_8cd2,STAT_4414,2021-09-14
7042,ORD_dd1511,CUST_a5782c,Commercial,2026-03-15,PAY_182e,STAT_182e,2026-03-15
7043,ORD_09f85b,CUST_a5782c,Commercial,2024-06-14,PAY_182e,STAT_182e,2024-06-14
7044,ORD_3622f7,CUST_a5782c,Commercial,2021-08-17,PAY_4414,STAT_4414,2021-08-17
7045,ORD_e4e309,CUST_a5782c,Commercial,2025-04-27,PAY_8cd2,STAT_4414,2025-04-27
7046,ORD_8c292f,CUST_a5782c,Commercial,2023-10-23,PAY_4414,STAT_8cd2,2023-10-23
7047,ORD_512b3c,CUST_a5782c,Commercial,2022-10-26,PAY_e09a,STAT_e09a,2022-10-26
7048,ORD_0a80a5,CUST_d7f72e,Repeat,2023-12-26,PAY_4414,STAT_e09a,2023-12-26
7049,ORD_c644f2,CUST_d7f72e,Repeat,2024-02-27,PAY_4414,STAT_8cd2,2024-02-27
7050,ORD_21d52a,CUST_340730,One_Time,2023-06-10,PAY_4414,STAT_182e,2023-06-10
7051,ORD_3d7509,CUST_a3da30,One_Time,2026-05-27,PAY_8cd2,STAT_8cd2,2026-05-27
7052,ORD_c9f288,CUST_0de821,One_Time,2025-09-14,PAY_e09a,STAT_8cd2,2025-09-14
7053,ORD_a3e7ef,CUST_c63db4,One_Time,2024-08-22,PAY_e09a,STAT_e09a,2024-08-22
7054,ORD_c8308b,CUST_479b05,One_Time,2026-01-22,PAY_4414,STAT_e09a,2026-01-22
7055,ORD_8001c8,CUST_4e99a8,One_Time,2023-03-22,PAY_e09a,STAT_4414,2023-03-22
7056,ORD_47532d,CUST_3e18d1,One_Time,2023-08-03,PAY_182e,STAT_8cd2,2023-08-03
7057,ORD_ce70a0,CUST_1f2447,One_Time,2024-12-11,PAY_182e,STAT_e09a,2024-12-11
7058,ORD_d2b96f,CUST_4c550a,Commercial,2026-03-21,PAY_182e,STAT_8cd2,2026-03-21
7059,ORD_76e503,CUST_4c550a,Commercial,2026-04-25,PAY_182e,STAT_4414,2026-04-25
7060,ORD_194df5,CUST_4c550a,Commercial,2023-04-25,PAY_8cd2,STAT_182e,2023-04-25
7061,ORD_02156c,CUST_4c550a,Commercial,2023-04-25,PAY_8cd2,STAT_e09a,2023-04-25
7062,ORD_3a9226,CUST_4c550a,Commercial,2023-11-13,PAY_e09a,STAT_8cd2,2023-11-13
7063,ORD_0a46b1,CUST_4c550a,Commercial,2025-08-09,PAY_182e,STAT_8cd2,2025-08-09
7064,ORD_b7c795,CUST_4c550a,Commercial,2026-03-17,PAY_8cd2,STAT_e09a,2026-03-17
7065,ORD_595d2d,CUST_4c550a,Commercial,2023-10-01,PAY_e09a,STAT_8cd2,2023-10-01
7066,ORD_ab89f4,CUST_4c550a,Commercial,2025-09-02,PAY_8cd2,STAT_182e,2025-09-02
7067,ORD_467138,CUST_4c550a,Commercial,2025-05-07,PAY_4414,STAT_4414,2025-05-07
7068,ORD_2b4bfe,CUST_4c550a,Commercial,2024-10-13,PAY_e09a,STAT_182e,2024-10-13
7069,ORD_fbc7e0,CUST_4c550a,Commercial,2023-06-08,PAY_182e,STAT_4414,2023-06-08
7070,ORD_8f2ecb,CUST_4c550a,Commercial,2023-04-25,PAY_e09a,STAT_182e,2023-04-25
7071,ORD_8b27c2,CUST_4c550a,Commercial,2023-09-19,PAY_8cd2,STAT_8cd2,2023-09-19
7072,ORD_326f6e,CUST_4c550a,Commercial,2023-04-25,PAY_e09a,STAT_e09a,2023-04-25
7073,ORD_8ab319,CUST_4c550a,Commercial,2023-04-25,PAY_4414,STAT_e09a,2023-04-25
7074,ORD_db5574,CUST_eda1f3,One_Time,2024-01-19,PAY_e09a,STAT_8cd2,2024-01-19
7075,ORD_6a926d,CUST_534086,One_Time,2023-10-17,PAY_8cd2,STAT_e09a,2023-10-17
7076,ORD_5d5dd8,CUST_ac4ca0,Repeat,2025-01-19,PAY_4414,STAT_4414,2025-01-19
7077,ORD_522498,CUST_ac4ca0,Repeat,2023-10-05,PAY_182e,STAT_182e,2023-10-05
7078,ORD_af08b0,CUST_1c0d04,One_Time,2023-03-20,PAY_182e,STAT_182e,2023-03-20
7079,ORD_3866f1,CUST_1d7466,One_Time,2025-10-20,PAY_4414,STAT_8cd2,2025-10-20
7080,ORD_6b4584,CUST_92d058,Repeat,2025-12-28,PAY_4414,STAT_182e,2025-12-28
7081,ORD_bde905,CUST_92d058,Repeat,2025-10-26,PAY_8cd2,STAT_4414,2025-10-26
7082,ORD_f6a1fa,CUST_079157,Repeat,2025-05-01,PAY_e09a,STAT_182e,2025-05-01
7083,ORD_14cb3e,CUST_079157,Repeat,2025-05-01,PAY_e09a,STAT_4414,2025-05-01
7084,ORD_094f9a,CUST_079157,Repeat,2025-05-01,PAY_e09a,STAT_8cd2,2025-05-01
7085,ORD_2800b2,CUST_079157,Repeat,2025-05-01,PAY_8cd2,STAT_4414,2025-05-01
7086,ORD_03fed7,CUST_079157,Repeat,2025-05-01,PAY_4414,STAT_4414,2025-05-01
7087,ORD_8c38bb,CUST_f8233b,One_Time,2021-05-28,PAY_8cd2,STAT_4414,2021-05-28
7088,ORD_c21b04,CUST_5a016a,One_Time,2025-03-28,PAY_4414,STAT_8cd2,2025-03-28
7089,ORD_efae91,CUST_45e7b4,One_Time,2022-07-25,PAY_e09a,STAT_e09a,2022-07-25
7090,ORD_33beb3,CUST_8b730a,One_Time,2026-01-23,PAY_4414,STAT_182e,2026-01-23
7091,ORD_a30427,CUST_5774d7,One_Time,2022-03-03,PAY_182e,STAT_4414,2022-03-03
7092,ORD_c386ac,CUST_2b3875,One_Time,2024-08-02,PAY_4414,STAT_e09a,2024-08-02
7093,ORD_4bda19,CUST_553a45,Repeat,2026-01-05,PAY_8cd2,STAT_8cd2,2026-01-05
7094,ORD_3f43c5,CUST_553a45,Repeat,2024-03-09,PAY_182e,STAT_182e,2024-03-09
7095,ORD_32f47e,CUST_4c0c7b,One_Time,2025-01-15,PAY_182e,STAT_4414,2025-01-15
7096,ORD_703f2e,CUST_4cbec7,One_Time,2025-09-04,PAY_4414,STAT_8cd2,2025-09-04
7097,ORD_87e5f7,CUST_663118,One_Time,2023-08-04,PAY_e09a,STAT_4414,2023-08-04
7098,ORD_68c532,CUST_ddd875,One_Time,2024-11-14,PAY_182e,STAT_e09a,2024-11-14
7099,ORD_a72c93,CUST_73716f,Repeat,2023-10-07,PAY_e09a,STAT_e09a,2023-10-07
7100,ORD_2f434a,CUST_73716f,Repeat,2024-11-14,PAY_4414,STAT_8cd2,2024-11-14
7101,ORD_ca1069,CUST_6547f9,Repeat,2025-06-06,PAY_182e,STAT_8cd2,2025-06-06
7102,ORD_9b3804,CUST_6547f9,Repeat,2025-05-13,PAY_e09a,STAT_182e,2025-05-13
7103,ORD_5b189a,CUST_61b1b0,Repeat,2025-04-27,PAY_e09a,STAT_8cd2,2025-04-27
7104,ORD_b144a2,CUST_61b1b0,Repeat,2025-04-27,PAY_e09a,STAT_182e,2025-04-27
7105,ORD_01c985,CUST_61b1b0,Repeat,2025-04-27,PAY_4414,STAT_e09a,2025-04-27
7106,ORD_64d962,CUST_61b1b0,Repeat,2025-04-27,PAY_8cd2,STAT_e09a,2025-04-27
7107,ORD_8733b2,CUST_61b1b0,Repeat,2025-04-27,PAY_182e,STAT_4414,2025-04-27
7108,ORD_ce120c,CUST_7c83f2,One_Time,2022-11-06,PAY_182e,STAT_e09a,2022-11-06
7109,ORD_ad2416,CUST_747fa1,One_Time,2026-04-10,PAY_8cd2,STAT_8cd2,2026-04-10
7110,ORD_d8b838,CUST_180ed8,Repeat,2022-02-22,PAY_8cd2,STAT_e09a,2022-02-22
7111,ORD_bb0f05,CUST_180ed8,Repeat,2025-03-03,PAY_4414,STAT_e09a,2025-03-03
7112,ORD_590012,CUST_180ed8,Repeat,2026-02-05,PAY_182e,STAT_182e,2026-02-05
7113,ORD_0ab520,CUST_eed1ee,Repeat,2024-05-22,PAY_4414,STAT_e09a,2024-05-22
7114,ORD_e61573,CUST_eed1ee,Repeat,2025-11-16,PAY_182e,STAT_4414,2025-11-16
7115,ORD_4e2a01,CUST_eed1ee,Repeat,2024-05-22,PAY_182e,STAT_8cd2,2024-05-22
7116,ORD_8faac3,CUST_eed1ee,Repeat,2025-08-26,PAY_e09a,STAT_4414,2025-08-26
7117,ORD_a5647c,CUST_eed1ee,Repeat,2025-01-03,PAY_8cd2,STAT_8cd2,2025-01-03
7118,ORD_052614,CUST_eed1ee,Repeat,2024-05-22,PAY_182e,STAT_8cd2,2024-05-22
7119,ORD_0c9652,CUST_f39137,One_Time,2022-04-02,PAY_4414,STAT_4414,2022-04-02
7120,ORD_00b8d4,CUST_ffa721,Repeat,2025-08-14,PAY_4414,STAT_8cd2,2025-08-14
7121,ORD_54185d,CUST_ffa721,Repeat,2024-12-28,PAY_8cd2,STAT_8cd2,2024-12-28
7122,ORD_0d7af2,CUST_ffa721,Repeat,2023-02-16,PAY_182e,STAT_4414,2023-02-16
7123,ORD_e96da8,CUST_ffa721,Repeat,2026-01-07,PAY_4414,STAT_e09a,2026-01-07
7124,ORD_8a1f49,CUST_f471cf,One_Time,2026-01-22,PAY_8cd2,STAT_182e,2026-01-22
7125,ORD_aaa7d1,CUST_c526b1,One_Time,2024-08-16,PAY_8cd2,STAT_182e,2024-08-16
7126,ORD_77e95a,CUST_9747c6,One_Time,2022-05-09,PAY_8cd2,STAT_8cd2,2022-05-09
7127,ORD_36474f,CUST_3d97ce,Repeat,2024-08-24,PAY_e09a,STAT_e09a,2024-08-24
7128,ORD_41d70e,CUST_3d97ce,Repeat,2022-08-19,PAY_4414,STAT_182e,2022-08-19
7129,ORD_36d456,CUST_3d97ce,Repeat,2026-02-10,PAY_182e,STAT_182e,2026-02-10
7130,ORD_ed6ddb,CUST_3d97ce,Repeat,2022-11-17,PAY_e09a,STAT_e09a,2022-11-17
7131,ORD_4516ad,CUST_821960,One_Time,2025-02-24,PAY_182e,STAT_8cd2,2025-02-24
7132,ORD_e6623d,CUST_0d3934,Repeat,2025-05-05,PAY_182e,STAT_8cd2,2025-05-05
7133,ORD_336c48,CUST_0d3934,Repeat,2026-03-12,PAY_4414,STAT_e09a,2026-03-12
7134,ORD_bb33f3,CUST_0d3934,Repeat,2025-05-05,PAY_182e,STAT_4414,2025-05-05
7135,ORD_4a0911,CUST_1ddd09,One_Time,2023-11-12,PAY_4414,STAT_182e,2023-11-12
7136,ORD_0700d8,CUST_714928,One_Time,2024-10-17,PAY_e09a,STAT_8cd2,2024-10-17
7137,ORD_f3b4ba,CUST_85e5dd,One_Time,2025-09-24,PAY_182e,STAT_182e,2025-09-24
7138,ORD_7c0c50,CUST_4963b3,One_Time,2024-03-18,PAY_8cd2,STAT_182e,2024-03-18
7139,ORD_3f4549,CUST_e68656,One_Time,2024-02-23,PAY_4414,STAT_182e,2024-02-23
7140,ORD_81d409,CUST_c81d1e,One_Time,2024-02-23,PAY_182e,STAT_8cd2,2024-02-23
7141,ORD_cab396,CUST_953665,Repeat,2022-09-10,PAY_4414,STAT_4414,2022-09-10
7142,ORD_20ba8d,CUST_953665,Repeat,2024-12-16,PAY_4414,STAT_8cd2,2024-12-16
7143,ORD_fc259c,CUST_953665,Repeat,2022-09-10,PAY_182e,STAT_8cd2,2022-09-10
7144,ORD_25a62f,CUST_a8a809,One_Time,2022-09-27,PAY_8cd2,STAT_182e,2022-09-27
7145,ORD_b4dcbb,CUST_9bed12,One_Time,2026-05-05,PAY_8cd2,STAT_e09a,2026-05-05
7146,ORD_2280f2,CUST_210f46,One_Time,2023-04-14,PAY_182e,STAT_8cd2,2023-04-14
7147,ORD_7d9926,CUST_33a78a,One_Time,2026-03-13,PAY_182e,STAT_4414,2026-03-13
7148,ORD_e9bf80,CUST_3dad76,One_Time,2024-11-22,PAY_8cd2,STAT_182e,2024-11-22
7149,ORD_430990,CUST_a3256f,One_Time,2023-10-28,PAY_8cd2,STAT_182e,2023-10-28
7150,ORD_e7859e,CUST_c66958,Repeat,2022-07-23,PAY_4414,STAT_4414,2022-07-23
7151,ORD_2859c6,CUST_c66958,Repeat,2025-12-04,PAY_e09a,STAT_4414,2025-12-04
7152,ORD_f81dc7,CUST_c66958,Repeat,2023-02-02,PAY_e09a,STAT_8cd2,2023-02-02
7153,ORD_8619cd,CUST_c66958,Repeat,2022-07-23,PAY_e09a,STAT_4414,2022-07-23
7154,ORD_2ca737,CUST_eefe50,One_Time,2025-09-14,PAY_182e,STAT_182e,2025-09-14
7155,ORD_e4ee1f,CUST_4443a9,One_Time,2026-04-16,PAY_4414,STAT_e09a,2026-04-16
7156,ORD_1258a8,CUST_3875a0,One_Time,2024-03-08,PAY_8cd2,STAT_4414,2024-03-08
7157,ORD_368780,CUST_b89999,Repeat,2025-07-27,PAY_4414,STAT_4414,2025-07-27
7158,ORD_45ffa9,CUST_b89999,Repeat,2024-10-04,PAY_4414,STAT_e09a,2024-10-04
7159,ORD_35f38b,CUST_b89999,Repeat,2025-02-24,PAY_e09a,STAT_8cd2,2025-02-24
7160,ORD_17b26a,CUST_b89999,Repeat,2026-05-20,PAY_8cd2,STAT_182e,2026-05-20
7161,ORD_9bab48,CUST_806f0b,Commercial,2022-07-06,PAY_182e,STAT_182e,2022-07-06
7162,ORD_b20f2c,CUST_806f0b,Commercial,2026-04-22,PAY_e09a,STAT_4414,2026-04-22
7163,ORD_297a9b,CUST_806f0b,Commercial,2024-07-16,PAY_4414,STAT_182e,2024-07-16
7164,ORD_aef86d,CUST_806f0b,Commercial,2025-02-28,PAY_182e,STAT_8cd2,2025-02-28
7165,ORD_fc281c,CUST_806f0b,Commercial,2022-08-12,PAY_8cd2,STAT_8cd2,2022-08-12
7166,ORD_2b6d17,CUST_806f0b,Commercial,2024-11-18,PAY_4414,STAT_e09a,2024-11-18
7167,ORD_5cb444,CUST_806f0b,Commercial,2022-07-06,PAY_8cd2,STAT_e09a,2022-07-06
7168,ORD_58a5a3,CUST_806f0b,Commercial,2022-07-06,PAY_e09a,STAT_4414,2022-07-06
7169,ORD_98fb65,CUST_806f0b,Commercial,2024-08-21,PAY_8cd2,STAT_182e,2024-08-21
7170,ORD_1f5bde,CUST_806f0b,Commercial,2026-03-03,PAY_4414,STAT_8cd2,2026-03-03
7171,ORD_d04b04,CUST_806f0b,Commercial,2024-04-09,PAY_8cd2,STAT_4414,2024-04-09
7172,ORD_07b155,CUST_806f0b,Commercial,2022-07-06,PAY_4414,STAT_8cd2,2022-07-06
7173,ORD_7dc00a,CUST_806f0b,Commercial,2023-09-02,PAY_182e,STAT_e09a,2023-09-02
7174,ORD_23ff45,CUST_806f0b,Commercial,2025-01-03,PAY_4414,STAT_8cd2,2025-01-03
7175,ORD_ef5315,CUST_806f0b,Commercial,2024-06-08,PAY_e09a,STAT_182e,2024-06-08
7176,ORD_1ce0c9,CUST_806f0b,Commercial,2022-07-06,PAY_8cd2,STAT_4414,2022-07-06
7177,ORD_99883c,CUST_806f0b,Commercial,2023-11-01,PAY_e09a,STAT_e09a,2023-11-01
7178,ORD_e2ab55,CUST_806f0b,Commercial,2023-08-20,PAY_182e,STAT_4414,2023-08-20
7179,ORD_05c1e2,CUST_0c8d4c,Repeat,2025-08-10,PAY_4414,STAT_4414,2025-08-10
7180,ORD_bbfc8e,CUST_0c8d4c,Repeat,2025-08-10,PAY_182e,STAT_4414,2025-08-10
7181,ORD_2394ec,CUST_0c8d4c,Repeat,2025-08-10,PAY_182e,STAT_182e,2025-08-10
7182,ORD_8167cc,CUST_0c8d4c,Repeat,2025-08-10,PAY_182e,STAT_8cd2,2025-08-10
7183,ORD_df9ccc,CUST_baa9ff,One_Time,2025-02-24,PAY_182e,STAT_182e,2025-02-24
7184,ORD_2777b0,CUST_13ad64,One_Time,2025-02-11,PAY_182e,STAT_182e,2025-02-11
7185,ORD_e5bb27,CUST_eee72e,Commercial,2023-10-16,PAY_e09a,STAT_4414,2023-10-16
7186,ORD_c87bb9,CUST_eee72e,Commercial,2023-10-16,PAY_8cd2,STAT_182e,2023-10-16
7187,ORD_5efa1b,CUST_eee72e,Commercial,2023-10-16,PAY_182e,STAT_182e,2023-10-16
7188,ORD_42ac65,CUST_eee72e,Commercial,2025-07-11,PAY_182e,STAT_e09a,2025-07-11
7189,ORD_c0c8c0,CUST_eee72e,Commercial,2023-10-16,PAY_8cd2,STAT_182e,2023-10-16
7190,ORD_882915,CUST_eee72e,Commercial,2023-10-16,PAY_e09a,STAT_182e,2023-10-16
7191,ORD_8de775,CUST_eee72e,Commercial,2024-05-06,PAY_182e,STAT_182e,2024-05-06
7192,ORD_a112a8,CUST_eee72e,Commercial,2023-10-16,PAY_4414,STAT_4414,2023-10-16
7193,ORD_6021b3,CUST_35902f,One_Time,2025-12-12,PAY_e09a,STAT_e09a,2025-12-12
7194,ORD_9f010f,CUST_65d83f,One_Time,2024-12-04,PAY_8cd2,STAT_e09a,2024-12-04
7195,ORD_e94ee2,CUST_a50eaf,One_Time,2024-02-21,PAY_8cd2,STAT_e09a,2024-02-21
7196,ORD_edaa57,CUST_a6a133,One_Time,2024-04-10,PAY_e09a,STAT_4414,2024-04-10
7197,ORD_6a2f8e,CUST_e56049,One_Time,2022-12-19,PAY_8cd2,STAT_e09a,2022-12-19
7198,ORD_96edb4,CUST_c42429,One_Time,2026-03-07,PAY_e09a,STAT_182e,2026-03-07
7199,ORD_da5d9f,CUST_6c00f2,Repeat,2025-08-24,PAY_e09a,STAT_8cd2,2025-08-24
7200,ORD_52276d,CUST_6c00f2,Repeat,2025-08-24,PAY_4414,STAT_4414,2025-08-24
7201,ORD_d52b2f,CUST_6c00f2,Repeat,2025-08-24,PAY_8cd2,STAT_182e,2025-08-24
7202,ORD_3fa03b,CUST_6c00f2,Repeat,2025-08-24,PAY_182e,STAT_8cd2,2025-08-24
7203,ORD_4bd694,CUST_6c00f2,Repeat,2025-08-24,PAY_4414,STAT_182e,2025-08-24
7204,ORD_de64e1,CUST_f8e3ac,Repeat,2025-11-12,PAY_e09a,STAT_e09a,2025-11-12
7205,ORD_c1cd69,CUST_f8e3ac,Repeat,2025-11-12,PAY_8cd2,STAT_8cd2,2025-11-12
7206,ORD_c0a56e,CUST_2791d4,Repeat,2024-07-13,PAY_8cd2,STAT_4414,2024-07-13
7207,ORD_fb9880,CUST_2791d4,Repeat,2026-04-06,PAY_4414,STAT_e09a,2026-04-06
7208,ORD_e7c72d,CUST_696d89,One_Time,2025-05-05,PAY_e09a,STAT_8cd2,2025-05-05
7209,ORD_366a6b,CUST_8ed199,One_Time,2025-02-12,PAY_4414,STAT_8cd2,2025-02-12
7210,ORD_7ccc84,CUST_d576b7,One_Time,2025-04-19,PAY_182e,STAT_182e,2025-04-19
7211,ORD_38061b,CUST_634619,Commercial,2024-03-16,PAY_4414,STAT_182e,2024-03-16
7212,ORD_11a91f,CUST_634619,Commercial,2022-07-22,PAY_4414,STAT_8cd2,2022-07-22
7213,ORD_a3c702,CUST_634619,Commercial,2024-01-01,PAY_182e,STAT_182e,2024-01-01
7214,ORD_6d451c,CUST_634619,Commercial,2022-11-15,PAY_182e,STAT_4414,2022-11-15
7215,ORD_0eec24,CUST_634619,Commercial,2023-01-10,PAY_e09a,STAT_8cd2,2023-01-10
7216,ORD_147371,CUST_634619,Commercial,2022-07-22,PAY_182e,STAT_8cd2,2022-07-22
7217,ORD_c0719b,CUST_634619,Commercial,2022-07-22,PAY_182e,STAT_e09a,2022-07-22
7218,ORD_3ca548,CUST_634619,Commercial,2025-04-07,PAY_e09a,STAT_e09a,2025-04-07
7219,ORD_00fcab,CUST_634619,Commercial,2023-04-03,PAY_182e,STAT_8cd2,2023-04-03
7220,ORD_f4261b,CUST_634619,Commercial,2025-03-04,PAY_182e,STAT_4414,2025-03-04
7221,ORD_f15226,CUST_634619,Commercial,2026-02-15,PAY_4414,STAT_182e,2026-02-15
7222,ORD_1452e4,CUST_634619,Commercial,2022-12-22,PAY_8cd2,STAT_e09a,2022-12-22
7223,ORD_407a5d,CUST_634619,Commercial,2025-01-14,PAY_182e,STAT_8cd2,2025-01-14
7224,ORD_9109a8,CUST_634619,Commercial,2025-08-03,PAY_e09a,STAT_4414,2025-08-03
7225,ORD_4389aa,CUST_e30f9b,Repeat,2022-09-10,PAY_182e,STAT_182e,2022-09-10
7226,ORD_92f73e,CUST_e30f9b,Repeat,2026-04-15,PAY_e09a,STAT_e09a,2026-04-15
7227,ORD_3f3dcc,CUST_e30f9b,Repeat,2023-01-20,PAY_4414,STAT_8cd2,2023-01-20
7228,ORD_d25ecf,CUST_e30f9b,Repeat,2025-07-17,PAY_8cd2,STAT_8cd2,2025-07-17
7229,ORD_c1085b,CUST_625383,One_Time,2023-04-15,PAY_4414,STAT_8cd2,2023-04-15
7230,ORD_af0e34,CUST_3c8f44,Repeat,2026-01-27,PAY_e09a,STAT_4414,2026-01-27
7231,ORD_770704,CUST_3c8f44,Repeat,2024-12-01,PAY_e09a,STAT_4414,2024-12-01
7232,ORD_46796d,CUST_3c8f44,Repeat,2024-12-01,PAY_4414,STAT_182e,2024-12-01
7233,ORD_f6e58a,CUST_3c8f44,Repeat,2024-12-01,PAY_4414,STAT_182e,2024-12-01
7234,ORD_6f166f,CUST_ead98b,One_Time,2026-05-20,PAY_8cd2,STAT_e09a,2026-05-20
7235,ORD_2c4817,CUST_f19449,One_Time,2025-07-20,PAY_182e,STAT_182e,2025-07-20
7236,ORD_d7e339,CUST_647a46,One_Time,2026-04-11,PAY_182e,STAT_e09a,2026-04-11
7237,ORD_34150d,CUST_5f6350,One_Time,2023-09-09,PAY_4414,STAT_e09a,2023-09-09
7238,ORD_d0ab23,CUST_770da4,One_Time,2023-08-12,PAY_182e,STAT_182e,2023-08-12
7239,ORD_f4a67e,CUST_152f58,One_Time,2026-02-21,PAY_182e,STAT_e09a,2026-02-21
7240,ORD_5b1fbf,CUST_a37581,One_Time,2023-12-27,PAY_e09a,STAT_182e,2023-12-27
7241,ORD_b7097a,CUST_911c04,One_Time,2026-05-27,PAY_e09a,STAT_182e,2026-05-27
7242,ORD_ee77dd,CUST_582562,Repeat,2023-08-22,PAY_182e,STAT_4414,2023-08-22
7243,ORD_692c05,CUST_582562,Repeat,2025-08-06,PAY_e09a,STAT_e09a,2025-08-06
7244,ORD_abd0a1,CUST_582562,Repeat,2023-02-11,PAY_8cd2,STAT_4414,2023-02-11
7245,ORD_9d5a9b,CUST_582562,Repeat,2025-07-04,PAY_8cd2,STAT_8cd2,2025-07-04
7246,ORD_ac6430,CUST_582562,Repeat,2023-06-28,PAY_8cd2,STAT_e09a,2023-06-28
7247,ORD_fb3525,CUST_0193ef,One_Time,2025-12-27,PAY_4414,STAT_182e,2025-12-27
7248,ORD_d56967,CUST_7cd11a,Repeat,2026-03-14,PAY_e09a,STAT_182e,2026-03-14
7249,ORD_d870d3,CUST_7cd11a,Repeat,2026-03-14,PAY_e09a,STAT_8cd2,2026-03-14
7250,ORD_f57a15,CUST_7cd11a,Repeat,2026-03-14,PAY_4414,STAT_e09a,2026-03-14
7251,ORD_4c00a5,CUST_7cd11a,Repeat,2026-03-14,PAY_8cd2,STAT_8cd2,2026-03-14
7252,ORD_b78d80,CUST_7cd11a,Repeat,2026-03-14,PAY_8cd2,STAT_4414,2026-03-14
7253,ORD_17c951,CUST_96e5ad,Repeat,2025-10-20,PAY_e09a,STAT_e09a,2025-10-20
7254,ORD_e02b21,CUST_96e5ad,Repeat,2025-10-20,PAY_8cd2,STAT_8cd2,2025-10-20
7255,ORD_974c81,CUST_96e5ad,Repeat,2025-10-20,PAY_8cd2,STAT_e09a,2025-10-20
7256,ORD_a25cc8,CUST_96e5ad,Repeat,2025-10-20,PAY_e09a,STAT_182e,2025-10-20
7257,ORD_d49331,CUST_96e5ad,Repeat,2025-10-20,PAY_8cd2,STAT_4414,2025-10-20
7258,ORD_86bfaf,CUST_96e5ad,Repeat,2025-10-20,PAY_e09a,STAT_e09a,2025-10-20
7259,ORD_30d700,CUST_bb9fcd,One_Time,2025-11-03,PAY_8cd2,STAT_4414,2025-11-03
7260,ORD_22370d,CUST_403333,One_Time,2022-04-08,PAY_4414,STAT_8cd2,2022-04-08
7261,ORD_0ce0b9,CUST_fe8155,One_Time,2023-01-24,PAY_4414,STAT_4414,2023-01-24
7262,ORD_30743b,CUST_6b4d77,One_Time,2025-05-25,PAY_e09a,STAT_4414,2025-05-25
7263,ORD_b50fb3,CUST_45ec25,One_Time,2025-11-13,PAY_4414,STAT_8cd2,2025-11-13
7264,ORD_04dadd,CUST_22ad58,Repeat,2025-05-16,PAY_4414,STAT_4414,2025-05-16
7265,ORD_9288b4,CUST_22ad58,Repeat,2025-05-16,PAY_4414,STAT_8cd2,2025-05-16
7266,ORD_8033fa,CUST_22ad58,Repeat,2026-05-10,PAY_8cd2,STAT_e09a,2026-05-10
7267,ORD_8b9e56,CUST_22ad58,Repeat,2025-05-16,PAY_182e,STAT_4414,2025-05-16
7268,ORD_21aa1c,CUST_22ad58,Repeat,2026-04-08,PAY_182e,STAT_8cd2,2026-04-08
7269,ORD_030cde,CUST_a05885,Repeat,2026-01-01,PAY_8cd2,STAT_4414,2026-01-01
7270,ORD_381a4b,CUST_a05885,Repeat,2026-01-01,PAY_8cd2,STAT_e09a,2026-01-01
7271,ORD_f25c20,CUST_a05885,Repeat,2026-04-24,PAY_182e,STAT_182e,2026-04-24
7272,ORD_8ea7d7,CUST_a05885,Repeat,2026-01-01,PAY_8cd2,STAT_8cd2,2026-01-01
7273,ORD_06f947,CUST_a05885,Repeat,2026-01-01,PAY_4414,STAT_4414,2026-01-01
7274,ORD_e7a881,CUST_ba3e41,One_Time,2022-01-05,PAY_4414,STAT_4414,2022-01-05
7275,ORD_cc6a39,CUST_1f2f00,Repeat,2024-01-06,PAY_8cd2,STAT_182e,2024-01-06
7276,ORD_c8ce1f,CUST_1f2f00,Repeat,2026-01-17,PAY_182e,STAT_8cd2,2026-01-17
7277,ORD_2f3af7,CUST_1f2f00,Repeat,2026-04-04,PAY_e09a,STAT_e09a,2026-04-04
7278,ORD_a4268f,CUST_1f2f00,Repeat,2026-02-23,PAY_e09a,STAT_4414,2026-02-23
7279,ORD_caa600,CUST_1f2f00,Repeat,2024-01-06,PAY_4414,STAT_8cd2,2024-01-06
7280,ORD_966cff,CUST_f982ca,Repeat,2026-01-20,PAY_182e,STAT_e09a,2026-01-20
7281,ORD_028573,CUST_f982ca,Repeat,2026-03-08,PAY_e09a,STAT_4414,2026-03-08
7282,ORD_4c1ef9,CUST_f982ca,Repeat,2024-09-15,PAY_8cd2,STAT_4414,2024-09-15
7283,ORD_c3948e,CUST_f982ca,Repeat,2024-05-11,PAY_4414,STAT_e09a,2024-05-11
7284,ORD_fb2469,CUST_f982ca,Repeat,2024-05-11,PAY_4414,STAT_e09a,2024-05-11
7285,ORD_d8a73e,CUST_f982ca,Repeat,2024-05-14,PAY_4414,STAT_8cd2,2024-05-14
7286,ORD_83444f,CUST_62b9cb,Commercial,2026-05-04,PAY_4414,STAT_8cd2,2026-05-04
7287,ORD_2174be,CUST_62b9cb,Commercial,2026-05-04,PAY_e09a,STAT_4414,2026-05-04
7288,ORD_1cdbfc,CUST_62b9cb,Commercial,2026-05-04,PAY_4414,STAT_e09a,2026-05-04
7289,ORD_a44a1b,CUST_62b9cb,Commercial,2026-05-04,PAY_4414,STAT_4414,2026-05-04
7290,ORD_23ac61,CUST_62b9cb,Commercial,2026-05-04,PAY_8cd2,STAT_182e,2026-05-04
7291,ORD_b62d68,CUST_62b9cb,Commercial,2026-05-04,PAY_e09a,STAT_e09a,2026-05-04
7292,ORD_22bd2d,CUST_62b9cb,Commercial,2026-05-04,PAY_8cd2,STAT_e09a,2026-05-04
7293,ORD_4fb8e5,CUST_62b9cb,Commercial,2026-05-04,PAY_8cd2,STAT_4414,2026-05-04
7294,ORD_79a485,CUST_62b9cb,Commercial,2026-05-04,PAY_4414,STAT_e09a,2026-05-04
7295,ORD_eb0040,CUST_62b9cb,Commercial,2026-05-04,PAY_182e,STAT_182e,2026-05-04
7296,ORD_72e993,CUST_62b9cb,Commercial,2026-05-04,PAY_4414,STAT_8cd2,2026-05-04
7297,ORD_d08c5d,CUST_62b9cb,Commercial,2026-05-04,PAY_182e,STAT_182e,2026-05-04
7298,ORD_3ac8af,CUST_62b9cb,Commercial,2026-05-04,PAY_182e,STAT_4414,2026-05-04
7299,ORD_167837,CUST_62b9cb,Commercial,2026-05-04,PAY_8cd2,STAT_4414,2026-05-04
7300,ORD_ecce01,CUST_62b9cb,Commercial,2026-05-04,PAY_8cd2,STAT_8cd2,2026-05-04
7301,ORD_65739f,CUST_62b9cb,Commercial,2026-05-04,PAY_4414,STAT_e09a,2026-05-04
7302,ORD_bfc260,CUST_8cf5e8,One_Time,2025-08-23,PAY_4414,STAT_8cd2,2025-08-23
7303,ORD_3631d0,CUST_c31b3f,Repeat,2024-08-10,PAY_e09a,STAT_4414,2024-08-10
7304,ORD_aded28,CUST_c31b3f,Repeat,2024-08-11,PAY_e09a,STAT_182e,2024-08-11
7305,ORD_8cd86c,CUST_a0371a,One_Time,2024-03-06,PAY_8cd2,STAT_e09a,2024-03-06
7306,ORD_c163fc,CUST_4915a9,One_Time,2025-08-27,PAY_e09a,STAT_182e,2025-08-27
7307,ORD_158084,CUST_867f29,One_Time,2025-03-25,PAY_8cd2,STAT_4414,2025-03-25
7308,ORD_a9de74,CUST_b3f81d,One_Time,2024-03-21,PAY_4414,STAT_182e,2024-03-21
7309,ORD_e4c51e,CUST_bbd086,One_Time,2025-02-15,PAY_4414,STAT_4414,2025-02-15
7310,ORD_77e687,CUST_bf6d07,Repeat,2026-02-25,PAY_e09a,STAT_8cd2,2026-02-25
7311,ORD_5d7b12,CUST_bf6d07,Repeat,2026-02-25,PAY_e09a,STAT_8cd2,2026-02-25
7312,ORD_39cd99,CUST_327dee,One_Time,2023-11-11,PAY_8cd2,STAT_4414,2023-11-11
7313,ORD_165b1c,CUST_7b47fb,One_Time,2024-02-04,PAY_4414,STAT_8cd2,2024-02-04
7314,ORD_4db33c,CUST_29277c,Repeat,2026-03-11,PAY_e09a,STAT_e09a,2026-03-11
7315,ORD_71c27f,CUST_29277c,Repeat,2026-03-11,PAY_8cd2,STAT_4414,2026-03-11
7316,ORD_d49f27,CUST_a7d66c,One_Time,2026-04-18,PAY_e09a,STAT_4414,2026-04-18
7317,ORD_552eff,CUST_1a7ef5,Repeat,2025-10-27,PAY_e09a,STAT_182e,2025-10-27
7318,ORD_bbc715,CUST_1a7ef5,Repeat,2025-10-27,PAY_182e,STAT_e09a,2025-10-27
7319,ORD_6bdb98,CUST_1a7ef5,Repeat,2025-10-27,PAY_8cd2,STAT_182e,2025-10-27
7320,ORD_18fd13,CUST_1a7ef5,Repeat,2025-10-27,PAY_8cd2,STAT_182e,2025-10-27
7321,ORD_c019b9,CUST_1a7ef5,Repeat,2026-05-23,PAY_e09a,STAT_4414,2026-05-23
7322,ORD_632067,CUST_1a7ef5,Repeat,2025-10-27,PAY_182e,STAT_4414,2025-10-27
7323,ORD_d7299b,CUST_54a6cd,One_Time,2022-10-09,PAY_182e,STAT_8cd2,2022-10-09
7324,ORD_7a35fa,CUST_7907c1,One_Time,2025-04-02,PAY_182e,STAT_182e,2025-04-02
7325,ORD_fab785,CUST_35665d,One_Time,2022-08-09,PAY_4414,STAT_e09a,2022-08-09
7326,ORD_6789f1,CUST_62d6d0,One_Time,2025-05-05,PAY_8cd2,STAT_182e,2025-05-05
7327,ORD_e1a3ce,CUST_c397ad,One_Time,2022-02-28,PAY_e09a,STAT_4414,2022-02-28
7328,ORD_6c3638,CUST_7517c1,One_Time,2024-07-24,PAY_182e,STAT_8cd2,2024-07-24
7329,ORD_752f08,CUST_8bfa07,Repeat,2026-05-09,PAY_e09a,STAT_4414,2026-05-09
7330,ORD_66612e,CUST_8bfa07,Repeat,2026-05-09,PAY_e09a,STAT_e09a,2026-05-09
7331,ORD_878b91,CUST_8bfa07,Repeat,2026-05-09,PAY_8cd2,STAT_4414,2026-05-09
7332,ORD_20b00f,CUST_d62184,Repeat,2023-12-27,PAY_182e,STAT_8cd2,2023-12-27
7333,ORD_7db399,CUST_d62184,Repeat,2023-12-27,PAY_182e,STAT_182e,2023-12-27
7334,ORD_1b4576,CUST_cb11e1,One_Time,2023-05-03,PAY_4414,STAT_4414,2023-05-03
7335,ORD_9112fc,CUST_85121c,One_Time,2023-05-22,PAY_8cd2,STAT_8cd2,2023-05-22
7336,ORD_9455df,CUST_bd39cf,One_Time,2024-04-26,PAY_e09a,STAT_e09a,2024-04-26
7337,ORD_449502,CUST_70b89b,Repeat,2026-04-14,PAY_4414,STAT_182e,2026-04-14
7338,ORD_981d97,CUST_70b89b,Repeat,2026-04-14,PAY_4414,STAT_e09a,2026-04-14
7339,ORD_6520ef,CUST_70b89b,Repeat,2026-04-14,PAY_4414,STAT_e09a,2026-04-14
7340,ORD_471de6,CUST_70b89b,Repeat,2026-04-14,PAY_4414,STAT_182e,2026-04-14
7341,ORD_a2344d,CUST_5bfc3d,One_Time,2024-10-28,PAY_8cd2,STAT_8cd2,2024-10-28
7342,ORD_3c4ffd,CUST_16e426,One_Time,2025-12-23,PAY_4414,STAT_182e,2025-12-23
7343,ORD_3f8398,CUST_751ffb,One_Time,2024-04-18,PAY_182e,STAT_182e,2024-04-18
7344,ORD_f6e77d,CUST_459875,One_Time,2025-06-28,PAY_182e,STAT_4414,2025-06-28
7345,ORD_ee54f5,CUST_9eeb31,One_Time,2022-11-08,PAY_182e,STAT_8cd2,2022-11-08
7346,ORD_09b79c,CUST_8f1572,One_Time,2026-02-13,PAY_e09a,STAT_e09a,2026-02-13
7347,ORD_d29d14,CUST_a4af92,One_Time,2026-04-07,PAY_8cd2,STAT_8cd2,2026-04-07
7348,ORD_ce5966,CUST_0bbb11,One_Time,2024-05-22,PAY_8cd2,STAT_8cd2,2024-05-22
7349,ORD_bf7096,CUST_21086c,One_Time,2025-04-23,PAY_4414,STAT_e09a,2025-04-23
7350,ORD_67f2f5,CUST_c71fc1,Repeat,2026-02-04,PAY_182e,STAT_8cd2,2026-02-04
7351,ORD_73427d,CUST_c71fc1,Repeat,2026-02-04,PAY_4414,STAT_e09a,2026-02-04
7352,ORD_24886b,CUST_c71fc1,Repeat,2026-02-04,PAY_4414,STAT_182e,2026-02-04
7353,ORD_9b39a9,CUST_c71fc1,Repeat,2026-02-04,PAY_4414,STAT_e09a,2026-02-04
7354,ORD_78304b,CUST_c71fc1,Repeat,2026-02-04,PAY_8cd2,STAT_e09a,2026-02-04
7355,ORD_df8dd2,CUST_c71fc1,Repeat,2026-02-04,PAY_4414,STAT_4414,2026-02-04
7356,ORD_88727b,CUST_3e0789,Repeat,2024-04-28,PAY_182e,STAT_4414,2024-04-28
7357,ORD_f2d91b,CUST_3e0789,Repeat,2022-08-22,PAY_e09a,STAT_e09a,2022-08-22
7358,ORD_498906,CUST_3e0789,Repeat,2024-03-10,PAY_8cd2,STAT_e09a,2024-03-10
7359,ORD_d1f7bc,CUST_3e0789,Repeat,2023-12-11,PAY_4414,STAT_4414,2023-12-11
7360,ORD_2e146b,CUST_3e0789,Repeat,2022-08-22,PAY_182e,STAT_8cd2,2022-08-22
7361,ORD_ab0744,CUST_3e0789,Repeat,2022-08-22,PAY_182e,STAT_182e,2022-08-22
7362,ORD_8a8143,CUST_4da20a,One_Time,2025-04-21,PAY_182e,STAT_4414,2025-04-21
7363,ORD_35612e,CUST_f6626f,One_Time,2024-08-21,PAY_182e,STAT_182e,2024-08-21
7364,ORD_a4f329,CUST_8e76c7,Repeat,2026-03-09,PAY_4414,STAT_e09a,2026-03-09
7365,ORD_15bb76,CUST_8e76c7,Repeat,2022-12-09,PAY_182e,STAT_e09a,2022-12-09
7366,ORD_beabb8,CUST_8e76c7,Repeat,2025-10-08,PAY_e09a,STAT_182e,2025-10-08
7367,ORD_df9500,CUST_f35131,Repeat,2023-09-27,PAY_182e,STAT_8cd2,2023-09-27
7368,ORD_f028d2,CUST_f35131,Repeat,2022-01-23,PAY_182e,STAT_e09a,2022-01-23
7369,ORD_3aa6c4,CUST_f35131,Repeat,2025-11-17,PAY_8cd2,STAT_e09a,2025-11-17
7370,ORD_bc43fd,CUST_f35131,Repeat,2023-11-14,PAY_182e,STAT_8cd2,2023-11-14
7371,ORD_1b3811,CUST_f35131,Repeat,2024-10-03,PAY_8cd2,STAT_4414,2024-10-03
7372,ORD_be5dd7,CUST_f35131,Repeat,2022-01-23,PAY_8cd2,STAT_182e,2022-01-23
7373,ORD_58100f,CUST_28cc5a,One_Time,2024-12-19,PAY_8cd2,STAT_8cd2,2024-12-19
7374,ORD_670a34,CUST_0d2fc9,Repeat,2026-05-01,PAY_e09a,STAT_8cd2,2026-05-01
7375,ORD_c4c502,CUST_0d2fc9,Repeat,2024-06-05,PAY_182e,STAT_4414,2024-06-05
7376,ORD_32ce23,CUST_0d2fc9,Repeat,2025-02-10,PAY_4414,STAT_4414,2025-02-10
7377,ORD_4ade44,CUST_0d2fc9,Repeat,2026-04-15,PAY_8cd2,STAT_4414,2026-04-15
7378,ORD_0cbef2,CUST_84b6a7,One_Time,2024-05-11,PAY_4414,STAT_8cd2,2024-05-11
7379,ORD_f87492,CUST_cfad9f,Repeat,2026-03-05,PAY_182e,STAT_8cd2,2026-03-05
7380,ORD_838741,CUST_cfad9f,Repeat,2026-03-05,PAY_e09a,STAT_4414,2026-03-05
7381,ORD_8b6ea8,CUST_cfad9f,Repeat,2026-03-05,PAY_8cd2,STAT_8cd2,2026-03-05
7382,ORD_e00f66,CUST_cfad9f,Repeat,2026-03-05,PAY_4414,STAT_182e,2026-03-05
7383,ORD_78c3d6,CUST_319d53,Repeat,2025-11-22,PAY_4414,STAT_4414,2025-11-22
7384,ORD_799d48,CUST_319d53,Repeat,2025-04-21,PAY_e09a,STAT_e09a,2025-04-21
7385,ORD_ada9af,CUST_319d53,Repeat,2023-09-27,PAY_8cd2,STAT_8cd2,2023-09-27
7386,ORD_3deee1,CUST_319d53,Repeat,2022-12-03,PAY_8cd2,STAT_e09a,2022-12-03
7387,ORD_9bf44c,CUST_319d53,Repeat,2026-04-01,PAY_4414,STAT_8cd2,2026-04-01
7388,ORD_70b7d5,CUST_40f52e,One_Time,2026-04-26,PAY_8cd2,STAT_182e,2026-04-26
7389,ORD_502ab3,CUST_e400cd,One_Time,2023-08-25,PAY_182e,STAT_8cd2,2023-08-25
7390,ORD_72011d,CUST_216e5a,One_Time,2023-03-20,PAY_8cd2,STAT_8cd2,2023-03-20
7391,ORD_765d27,CUST_d4cdf7,One_Time,2023-10-25,PAY_8cd2,STAT_4414,2023-10-25
7392,ORD_4e99b2,CUST_136a38,One_Time,2026-04-03,PAY_182e,STAT_4414,2026-04-03
7393,ORD_e1ecb7,CUST_c9cf7b,One_Time,2024-12-15,PAY_e09a,STAT_8cd2,2024-12-15
7394,ORD_3540f2,CUST_33856b,One_Time,2025-04-07,PAY_182e,STAT_8cd2,2025-04-07
7395,ORD_ae81e9,CUST_e1f45f,One_Time,2024-11-02,PAY_182e,STAT_182e,2024-11-02
7396,ORD_9b84a9,CUST_a67c96,One_Time,2023-06-03,PAY_8cd2,STAT_e09a,2023-06-03
7397,ORD_179906,CUST_b87127,One_Time,2025-08-12,PAY_182e,STAT_182e,2025-08-12
7398,ORD_e1d954,CUST_dc4529,Repeat,2025-10-12,PAY_8cd2,STAT_8cd2,2025-10-12
7399,ORD_55ffb1,CUST_dc4529,Repeat,2025-10-12,PAY_8cd2,STAT_4414,2025-10-12
7400,ORD_09f413,CUST_dc4529,Repeat,2025-10-12,PAY_4414,STAT_4414,2025-10-12
7401,ORD_b34612,CUST_8cd79a,Repeat,2023-09-13,PAY_e09a,STAT_8cd2,2023-09-13
7402,ORD_cedb32,CUST_8cd79a,Repeat,2026-03-21,PAY_182e,STAT_182e,2026-03-21
7403,ORD_386e9f,CUST_22bd98,Commercial,2022-02-14,PAY_182e,STAT_8cd2,2022-02-14
7404,ORD_72ef47,CUST_22bd98,Commercial,2022-03-21,PAY_8cd2,STAT_4414,2022-03-21
7405,ORD_6b60b9,CUST_22bd98,Commercial,2025-06-10,PAY_4414,STAT_4414,2025-06-10
7406,ORD_04c6f3,CUST_22bd98,Commercial,2022-02-14,PAY_4414,STAT_4414,2022-02-14
7407,ORD_22649c,CUST_22bd98,Commercial,2024-02-26,PAY_4414,STAT_e09a,2024-02-26
7408,ORD_1616e8,CUST_22bd98,Commercial,2022-09-24,PAY_4414,STAT_8cd2,2022-09-24
7409,ORD_7b30b8,CUST_22bd98,Commercial,2025-07-21,PAY_e09a,STAT_182e,2025-07-21
7410,ORD_f848ad,CUST_22bd98,Commercial,2025-06-06,PAY_8cd2,STAT_8cd2,2025-06-06
7411,ORD_d8ca9b,CUST_22bd98,Commercial,2023-06-06,PAY_e09a,STAT_4414,2023-06-06
7412,ORD_ca6a29,CUST_22bd98,Commercial,2022-12-18,PAY_4414,STAT_e09a,2022-12-18
7413,ORD_bb9cba,CUST_22bd98,Commercial,2024-04-05,PAY_182e,STAT_182e,2024-04-05
7414,ORD_e26351,CUST_377b98,One_Time,2022-09-10,PAY_4414,STAT_182e,2022-09-10
7415,ORD_a01c42,CUST_81b020,One_Time,2026-03-04,PAY_182e,STAT_4414,2026-03-04
7416,ORD_c784f8,CUST_e8591c,Repeat,2026-03-19,PAY_182e,STAT_8cd2,2026-03-19
7417,ORD_c76b71,CUST_e8591c,Repeat,2026-04-06,PAY_4414,STAT_4414,2026-04-06
7418,ORD_69ce18,CUST_e8591c,Repeat,2026-03-19,PAY_4414,STAT_e09a,2026-03-19
7419,ORD_d01bb5,CUST_ff70ac,One_Time,2023-08-15,PAY_e09a,STAT_8cd2,2023-08-15
7420,ORD_451a1d,CUST_81120a,One_Time,2025-07-22,PAY_8cd2,STAT_8cd2,2025-07-22
7421,ORD_f24a78,CUST_21ec34,One_Time,2026-04-13,PAY_4414,STAT_4414,2026-04-13
7422,ORD_64280f,CUST_311780,One_Time,2023-08-17,PAY_182e,STAT_8cd2,2023-08-17
7423,ORD_a4fe5f,CUST_7645e1,One_Time,2024-06-24,PAY_4414,STAT_8cd2,2024-06-24
7424,ORD_e4ab31,CUST_f84d51,One_Time,2025-09-23,PAY_182e,STAT_182e,2025-09-23
7425,ORD_6d236a,CUST_982d0a,One_Time,2022-03-28,PAY_e09a,STAT_8cd2,2022-03-28
7426,ORD_43d103,CUST_3de3b9,One_Time,2025-01-18,PAY_182e,STAT_182e,2025-01-18
7427,ORD_b4c200,CUST_d8c509,Commercial,2025-09-10,PAY_182e,STAT_8cd2,2025-09-10
7428,ORD_5124ec,CUST_d8c509,Commercial,2021-08-16,PAY_8cd2,STAT_4414,2021-08-16
7429,ORD_6f19a0,CUST_d8c509,Commercial,2025-06-09,PAY_182e,STAT_182e,2025-06-09
7430,ORD_778b36,CUST_d8c509,Commercial,2021-08-16,PAY_8cd2,STAT_8cd2,2021-08-16
7431,ORD_a1b2df,CUST_d8c509,Commercial,2025-03-13,PAY_4414,STAT_4414,2025-03-13
7432,ORD_d86912,CUST_d8c509,Commercial,2023-03-16,PAY_e09a,STAT_4414,2023-03-16
7433,ORD_789df9,CUST_d8c509,Commercial,2023-06-12,PAY_182e,STAT_4414,2023-06-12
7434,ORD_d59bb4,CUST_d8c509,Commercial,2022-09-24,PAY_4414,STAT_182e,2022-09-24
7435,ORD_d50c12,CUST_d8c509,Commercial,2024-02-08,PAY_4414,STAT_8cd2,2024-02-08
7436,ORD_ff0007,CUST_ea06ba,Repeat,2024-03-17,PAY_e09a,STAT_8cd2,2024-03-17
7437,ORD_5fb62e,CUST_ea06ba,Repeat,2024-03-17,PAY_8cd2,STAT_182e,2024-03-17
7438,ORD_707c45,CUST_ea06ba,Repeat,2024-07-27,PAY_e09a,STAT_e09a,2024-07-27
7439,ORD_fd9a4b,CUST_10ad2f,One_Time,2023-04-16,PAY_e09a,STAT_8cd2,2023-04-16
7440,ORD_3d6379,CUST_7ea398,One_Time,2025-03-28,PAY_8cd2,STAT_182e,2025-03-28
7441,ORD_1d8d26,CUST_db12a3,Repeat,2026-01-27,PAY_e09a,STAT_e09a,2026-01-27
7442,ORD_e1dc1d,CUST_db12a3,Repeat,2026-03-15,PAY_e09a,STAT_8cd2,2026-03-15
7443,ORD_4ec2cf,CUST_db12a3,Repeat,2026-01-27,PAY_4414,STAT_4414,2026-01-27
7444,ORD_e8d550,CUST_a313df,One_Time,2023-05-04,PAY_e09a,STAT_4414,2023-05-04
7445,ORD_6435c1,CUST_e5837f,Repeat,2026-01-15,PAY_182e,STAT_8cd2,2026-01-15
7446,ORD_129e0b,CUST_e5837f,Repeat,2026-01-15,PAY_e09a,STAT_8cd2,2026-01-15
7447,ORD_e74775,CUST_e5837f,Repeat,2026-01-15,PAY_4414,STAT_e09a,2026-01-15
7448,ORD_dae96b,CUST_e5837f,Repeat,2026-01-15,PAY_4414,STAT_4414,2026-01-15
7449,ORD_a7b14d,CUST_e5837f,Repeat,2026-01-15,PAY_e09a,STAT_8cd2,2026-01-15
7450,ORD_a5231d,CUST_184f27,One_Time,2026-03-13,PAY_4414,STAT_8cd2,2026-03-13
7451,ORD_595ce2,CUST_265b03,Repeat,2025-08-05,PAY_182e,STAT_8cd2,2025-08-05
7452,ORD_eed640,CUST_265b03,Repeat,2026-04-18,PAY_8cd2,STAT_8cd2,2026-04-18
7453,ORD_b77342,CUST_265b03,Repeat,2025-08-05,PAY_182e,STAT_8cd2,2025-08-05
7454,ORD_e6d44b,CUST_9333ac,One_Time,2026-05-27,PAY_8cd2,STAT_e09a,2026-05-27
7455,ORD_64c309,CUST_4ff5a1,One_Time,2026-05-25,PAY_182e,STAT_182e,2026-05-25
7456,ORD_3c7de5,CUST_fca4b0,One_Time,2025-03-22,PAY_4414,STAT_e09a,2025-03-22
7457,ORD_3e975e,CUST_748886,One_Time,2025-07-05,PAY_8cd2,STAT_182e,2025-07-05
7458,ORD_935b67,CUST_842363,Commercial,2023-06-05,PAY_4414,STAT_e09a,2023-06-05
7459,ORD_5cc86b,CUST_842363,Commercial,2024-04-24,PAY_4414,STAT_182e,2024-04-24
7460,ORD_38c243,CUST_842363,Commercial,2023-06-05,PAY_4414,STAT_182e,2023-06-05
7461,ORD_175d5e,CUST_842363,Commercial,2023-06-05,PAY_182e,STAT_182e,2023-06-05
7462,ORD_b5c332,CUST_842363,Commercial,2025-08-23,PAY_182e,STAT_8cd2,2025-08-23
7463,ORD_76a45a,CUST_842363,Commercial,2023-06-05,PAY_4414,STAT_e09a,2023-06-05
7464,ORD_e8038a,CUST_842363,Commercial,2026-04-26,PAY_182e,STAT_4414,2026-04-26
7465,ORD_c2cdc5,CUST_842363,Commercial,2023-06-05,PAY_4414,STAT_4414,2023-06-05
7466,ORD_7375ea,CUST_e52571,One_Time,2024-12-25,PAY_4414,STAT_e09a,2024-12-25
7467,ORD_08d2eb,CUST_70eadf,One_Time,2026-02-02,PAY_e09a,STAT_8cd2,2026-02-02
7468,ORD_a52718,CUST_a2fd5b,One_Time,2023-08-10,PAY_e09a,STAT_4414,2023-08-10
7469,ORD_6c4091,CUST_7b9d87,Repeat,2024-09-27,PAY_4414,STAT_8cd2,2024-09-27
7470,ORD_81ad2a,CUST_7b9d87,Repeat,2025-02-27,PAY_8cd2,STAT_e09a,2025-02-27
7471,ORD_12e09a,CUST_7b9d87,Repeat,2026-01-21,PAY_182e,STAT_4414,2026-01-21
7472,ORD_b94d10,CUST_7b9d87,Repeat,2023-07-06,PAY_e09a,STAT_4414,2023-07-06
7473,ORD_ddd76a,CUST_7b9d87,Repeat,2023-07-06,PAY_8cd2,STAT_4414,2023-07-06
7474,ORD_c8499d,CUST_ba45bf,One_Time,2024-05-14,PAY_182e,STAT_e09a,2024-05-14
7475,ORD_eef64f,CUST_477015,One_Time,2026-03-17,PAY_8cd2,STAT_8cd2,2026-03-17
7476,ORD_5d895c,CUST_10da7b,One_Time,2023-10-09,PAY_182e,STAT_8cd2,2023-10-09
7477,ORD_768f35,CUST_f13f47,One_Time,2026-05-05,PAY_e09a,STAT_182e,2026-05-05
7478,ORD_cad6ad,CUST_867f3b,Repeat,2022-12-13,PAY_e09a,STAT_4414,2022-12-13
7479,ORD_0cbdf2,CUST_867f3b,Repeat,2024-08-04,PAY_e09a,STAT_4414,2024-08-04
7480,ORD_2a994e,CUST_867f3b,Repeat,2023-02-23,PAY_182e,STAT_182e,2023-02-23
7481,ORD_bd82cf,CUST_867f3b,Repeat,2024-06-06,PAY_e09a,STAT_8cd2,2024-06-06
7482,ORD_8e2575,CUST_867f3b,Repeat,2022-12-13,PAY_4414,STAT_4414,2022-12-13
7483,ORD_3cca07,CUST_867f3b,Repeat,2026-01-17,PAY_8cd2,STAT_8cd2,2026-01-17
7484,ORD_364c95,CUST_ae72e6,One_Time,2026-02-27,PAY_e09a,STAT_182e,2026-02-27
7485,ORD_dacfeb,CUST_f3d003,Commercial,2025-11-18,PAY_8cd2,STAT_8cd2,2025-11-18
7486,ORD_aa5a9a,CUST_f3d003,Commercial,2025-11-18,PAY_4414,STAT_4414,2025-11-18
7487,ORD_245101,CUST_f3d003,Commercial,2025-11-18,PAY_182e,STAT_182e,2025-11-18
7488,ORD_034f23,CUST_f3d003,Commercial,2026-03-20,PAY_8cd2,STAT_182e,2026-03-20
7489,ORD_8d7746,CUST_f3d003,Commercial,2025-11-18,PAY_e09a,STAT_4414,2025-11-18
7490,ORD_87978f,CUST_f3d003,Commercial,2025-11-18,PAY_e09a,STAT_8cd2,2025-11-18
7491,ORD_722ca4,CUST_f3d003,Commercial,2026-02-13,PAY_182e,STAT_e09a,2026-02-13
7492,ORD_695278,CUST_f3d003,Commercial,2025-11-18,PAY_182e,STAT_4414,2025-11-18
7493,ORD_9c4862,CUST_f3d003,Commercial,2025-11-18,PAY_e09a,STAT_e09a,2025-11-18
7494,ORD_aeb190,CUST_f3d003,Commercial,2025-11-21,PAY_e09a,STAT_e09a,2025-11-21
7495,ORD_70df1a,CUST_f3d003,Commercial,2025-11-18,PAY_4414,STAT_4414,2025-11-18
7496,ORD_f519a5,CUST_f3d003,Commercial,2025-11-18,PAY_8cd2,STAT_e09a,2025-11-18
7497,ORD_6e3318,CUST_f3d003,Commercial,2025-11-18,PAY_8cd2,STAT_e09a,2025-11-18
7498,ORD_bec46d,CUST_f3d003,Commercial,2026-03-22,PAY_182e,STAT_e09a,2026-03-22
7499,ORD_47758d,CUST_cbbd63,One_Time,2026-01-17,PAY_e09a,STAT_e09a,2026-01-17
7500,ORD_e10500,CUST_3667e1,One_Time,2021-12-07,PAY_8cd2,STAT_e09a,2021-12-07
7501,ORD_5b1179,CUST_668d3f,One_Time,2025-12-14,PAY_182e,STAT_e09a,2025-12-14
7502,ORD_55b9e0,CUST_4a3b77,One_Time,2025-12-03,PAY_4414,STAT_8cd2,2025-12-03
7503,ORD_aa2295,CUST_449fb9,Commercial,2026-05-06,PAY_4414,STAT_4414,2026-05-06
7504,ORD_77da25,CUST_449fb9,Commercial,2026-05-06,PAY_8cd2,STAT_182e,2026-05-06
7505,ORD_2dc5c6,CUST_449fb9,Commercial,2026-05-06,PAY_4414,STAT_e09a,2026-05-06
7506,ORD_95ebfd,CUST_449fb9,Commercial,2026-05-06,PAY_182e,STAT_182e,2026-05-06
7507,ORD_d2acf9,CUST_449fb9,Commercial,2026-05-06,PAY_182e,STAT_e09a,2026-05-06
7508,ORD_e4340e,CUST_449fb9,Commercial,2026-05-06,PAY_4414,STAT_4414,2026-05-06
7509,ORD_1378e2,CUST_449fb9,Commercial,2026-05-06,PAY_182e,STAT_e09a,2026-05-06
7510,ORD_838f5d,CUST_449fb9,Commercial,2026-05-06,PAY_8cd2,STAT_e09a,2026-05-06
7511,ORD_794732,CUST_449fb9,Commercial,2026-05-06,PAY_182e,STAT_e09a,2026-05-06
7512,ORD_52b856,CUST_449fb9,Commercial,2026-05-06,PAY_4414,STAT_182e,2026-05-06
7513,ORD_7b7d1e,CUST_449fb9,Commercial,2026-05-06,PAY_e09a,STAT_182e,2026-05-06
7514,ORD_f3e365,CUST_449fb9,Commercial,2026-05-06,PAY_182e,STAT_8cd2,2026-05-06
7515,ORD_fd1cd6,CUST_449fb9,Commercial,2026-05-06,PAY_4414,STAT_4414,2026-05-06
7516,ORD_b7bcef,CUST_449fb9,Commercial,2026-05-06,PAY_e09a,STAT_e09a,2026-05-06
7517,ORD_0ceb09,CUST_e87014,One_Time,2023-03-09,PAY_8cd2,STAT_4414,2023-03-09
7518,ORD_2609f7,CUST_1dd7cd,Repeat,2024-10-15,PAY_182e,STAT_e09a,2024-10-15
7519,ORD_ddc549,CUST_1dd7cd,Repeat,2024-10-15,PAY_182e,STAT_8cd2,2024-10-15
7520,ORD_20c423,CUST_1dd7cd,Repeat,2026-01-10,PAY_4414,STAT_4414,2026-01-10
7521,ORD_ff47a4,CUST_1dd7cd,Repeat,2024-10-15,PAY_182e,STAT_8cd2,2024-10-15
7522,ORD_4ef18e,CUST_1dd7cd,Repeat,2024-10-15,PAY_182e,STAT_182e,2024-10-15
7523,ORD_ea4972,CUST_7a5f69,One_Time,2024-11-16,PAY_e09a,STAT_e09a,2024-11-16
7524,ORD_6d639f,CUST_e8629f,One_Time,2024-09-12,PAY_182e,STAT_182e,2024-09-12
7525,ORD_f398b1,CUST_b1b75d,One_Time,2022-07-16,PAY_4414,STAT_4414,2022-07-16
7526,ORD_4f5f43,CUST_9ee471,Repeat,2025-02-27,PAY_e09a,STAT_e09a,2025-02-27
7527,ORD_be7244,CUST_9ee471,Repeat,2025-01-05,PAY_4414,STAT_e09a,2025-01-05
7528,ORD_9242ee,CUST_1e6039,One_Time,2024-09-02,PAY_182e,STAT_4414,2024-09-02
7529,ORD_680d76,CUST_8eee51,One_Time,2022-08-02,PAY_8cd2,STAT_4414,2022-08-02
7530,ORD_cb66e2,CUST_620c05,One_Time,2024-03-19,PAY_e09a,STAT_e09a,2024-03-19
7531,ORD_ff8dbc,CUST_58bd0b,Repeat,2024-05-01,PAY_4414,STAT_4414,2024-05-01
7532,ORD_b6faa5,CUST_58bd0b,Repeat,2024-11-13,PAY_182e,STAT_4414,2024-11-13
7533,ORD_81ba91,CUST_58bd0b,Repeat,2024-05-01,PAY_8cd2,STAT_8cd2,2024-05-01
7534,ORD_8e1484,CUST_58bd0b,Repeat,2025-01-09,PAY_4414,STAT_4414,2025-01-09
7535,ORD_800d7f,CUST_22a9dd,One_Time,2022-06-22,PAY_182e,STAT_e09a,2022-06-22
7536,ORD_87077d,CUST_61ce8d,One_Time,2023-07-17,PAY_8cd2,STAT_4414,2023-07-17
7537,ORD_61bda2,CUST_f83aa3,Repeat,2026-01-05,PAY_4414,STAT_8cd2,2026-01-05
7538,ORD_6338ae,CUST_f83aa3,Repeat,2026-01-05,PAY_8cd2,STAT_4414,2026-01-05
7539,ORD_fb9762,CUST_f83aa3,Repeat,2026-01-05,PAY_4414,STAT_8cd2,2026-01-05
7540,ORD_9af637,CUST_0e490c,One_Time,2023-03-24,PAY_e09a,STAT_4414,2023-03-24
7541,ORD_802445,CUST_b332c0,One_Time,2025-01-11,PAY_8cd2,STAT_182e,2025-01-11
7542,ORD_cb640e,CUST_05180f,One_Time,2026-03-07,PAY_182e,STAT_182e,2026-03-07
7543,ORD_2de4e5,CUST_bdc12b,One_Time,2024-12-06,PAY_e09a,STAT_4414,2024-12-06
7544,ORD_31ba4d,CUST_5024c3,Commercial,2025-08-28,PAY_182e,STAT_182e,2025-08-28
7545,ORD_9324e4,CUST_5024c3,Commercial,2025-08-28,PAY_182e,STAT_e09a,2025-08-28
7546,ORD_8a38d4,CUST_5024c3,Commercial,2025-08-28,PAY_8cd2,STAT_4414,2025-08-28
7547,ORD_df9453,CUST_5024c3,Commercial,2025-08-28,PAY_182e,STAT_8cd2,2025-08-28
7548,ORD_02f0ac,CUST_5024c3,Commercial,2026-01-27,PAY_4414,STAT_e09a,2026-01-27
7549,ORD_674a5f,CUST_5024c3,Commercial,2025-08-28,PAY_8cd2,STAT_182e,2025-08-28
7550,ORD_f2509c,CUST_5024c3,Commercial,2025-08-28,PAY_4414,STAT_182e,2025-08-28
7551,ORD_e11952,CUST_5024c3,Commercial,2025-08-28,PAY_4414,STAT_4414,2025-08-28
7552,ORD_482049,CUST_5024c3,Commercial,2025-09-21,PAY_e09a,STAT_e09a,2025-09-21
7553,ORD_2589e1,CUST_5024c3,Commercial,2025-08-28,PAY_8cd2,STAT_4414,2025-08-28
7554,ORD_9f2ebb,CUST_5024c3,Commercial,2026-02-09,PAY_8cd2,STAT_8cd2,2026-02-09
7555,ORD_561ca6,CUST_5024c3,Commercial,2025-08-28,PAY_e09a,STAT_e09a,2025-08-28
7556,ORD_933030,CUST_5024c3,Commercial,2025-10-20,PAY_182e,STAT_4414,2025-10-20
7557,ORD_545139,CUST_5024c3,Commercial,2025-08-28,PAY_182e,STAT_182e,2025-08-28
7558,ORD_9522e8,CUST_5024c3,Commercial,2026-04-03,PAY_8cd2,STAT_e09a,2026-04-03
7559,ORD_155c04,CUST_5024c3,Commercial,2025-08-28,PAY_4414,STAT_8cd2,2025-08-28
7560,ORD_810972,CUST_5024c3,Commercial,2025-08-28,PAY_4414,STAT_4414,2025-08-28
7561,ORD_a2e42a,CUST_5024c3,Commercial,2025-08-28,PAY_4414,STAT_182e,2025-08-28
7562,ORD_c22163,CUST_5024c3,Commercial,2025-08-28,PAY_e09a,STAT_8cd2,2025-08-28
7563,ORD_38a8f2,CUST_33f72a,Repeat,2024-06-03,PAY_4414,STAT_e09a,2024-06-03
7564,ORD_6a60e9,CUST_33f72a,Repeat,2024-06-03,PAY_4414,STAT_4414,2024-06-03
7565,ORD_05a188,CUST_33f72a,Repeat,2025-09-25,PAY_8cd2,STAT_8cd2,2025-09-25
7566,ORD_f64f0e,CUST_33f72a,Repeat,2025-10-13,PAY_182e,STAT_182e,2025-10-13
7567,ORD_ec9ee6,CUST_33f72a,Repeat,2024-06-03,PAY_8cd2,STAT_182e,2024-06-03
7568,ORD_be891b,CUST_6f8d03,One_Time,2025-08-24,PAY_8cd2,STAT_8cd2,2025-08-24
7569,ORD_c13149,CUST_501de7,One_Time,2026-02-23,PAY_4414,STAT_e09a,2026-02-23
7570,ORD_0c4ea7,CUST_7f9797,Repeat,2022-07-27,PAY_182e,STAT_8cd2,2022-07-27
7571,ORD_50e152,CUST_7f9797,Repeat,2025-09-22,PAY_e09a,STAT_e09a,2025-09-22
7572,ORD_40402e,CUST_7f9797,Repeat,2025-09-27,PAY_e09a,STAT_8cd2,2025-09-27
7573,ORD_a449b2,CUST_7f9797,Repeat,2023-10-11,PAY_182e,STAT_8cd2,2023-10-11
7574,ORD_088ed8,CUST_7f9797,Repeat,2024-05-06,PAY_e09a,STAT_e09a,2024-05-06
7575,ORD_c52268,CUST_cfe6ba,One_Time,2024-12-13,PAY_182e,STAT_8cd2,2024-12-13
7576,ORD_6ffe61,CUST_966df7,One_Time,2023-04-10,PAY_4414,STAT_e09a,2023-04-10
7577,ORD_22e4ed,CUST_f4593d,One_Time,2025-02-25,PAY_e09a,STAT_8cd2,2025-02-25
7578,ORD_4ec5a8,CUST_efeff6,One_Time,2026-03-14,PAY_182e,STAT_182e,2026-03-14
7579,ORD_78bfb9,CUST_e5890a,Repeat,2025-12-10,PAY_8cd2,STAT_e09a,2025-12-10
7580,ORD_c4cebc,CUST_e5890a,Repeat,2025-12-10,PAY_4414,STAT_e09a,2025-12-10
7581,ORD_d472ad,CUST_e5890a,Repeat,2025-12-10,PAY_182e,STAT_4414,2025-12-10
7582,ORD_a83296,CUST_e5890a,Repeat,2025-12-10,PAY_e09a,STAT_4414,2025-12-10
7583,ORD_4135af,CUST_e5890a,Repeat,2025-12-10,PAY_4414,STAT_4414,2025-12-10
7584,ORD_03b173,CUST_45311f,One_Time,2024-08-26,PAY_e09a,STAT_182e,2024-08-26
7585,ORD_d475c1,CUST_db09c3,Repeat,2025-07-03,PAY_e09a,STAT_8cd2,2025-07-03
7586,ORD_b15c95,CUST_db09c3,Repeat,2025-07-03,PAY_182e,STAT_182e,2025-07-03
7587,ORD_40526f,CUST_db09c3,Repeat,2026-05-05,PAY_4414,STAT_182e,2026-05-05
7588,ORD_25bd72,CUST_db09c3,Repeat,2025-09-09,PAY_182e,STAT_4414,2025-09-09
7589,ORD_391cac,CUST_db09c3,Repeat,2025-07-03,PAY_e09a,STAT_e09a,2025-07-03
7590,ORD_97f2fb,CUST_db09c3,Repeat,2025-12-23,PAY_182e,STAT_8cd2,2025-12-23
7591,ORD_f9e4d3,CUST_25da71,One_Time,2025-10-17,PAY_182e,STAT_e09a,2025-10-17
7592,ORD_280d1e,CUST_43a896,One_Time,2024-11-06,PAY_182e,STAT_4414,2024-11-06
7593,ORD_be7a2a,CUST_be14e3,One_Time,2024-10-07,PAY_182e,STAT_182e,2024-10-07
7594,ORD_ebaa6b,CUST_7afd39,One_Time,2026-02-14,PAY_e09a,STAT_182e,2026-02-14
7595,ORD_f8a578,CUST_f1ba7a,Repeat,2024-02-03,PAY_4414,STAT_4414,2024-02-03
7596,ORD_9be622,CUST_f1ba7a,Repeat,2022-09-19,PAY_4414,STAT_e09a,2022-09-19
7597,ORD_ce3421,CUST_ac5a76,Repeat,2023-04-15,PAY_182e,STAT_182e,2023-04-15
7598,ORD_1951d5,CUST_ac5a76,Repeat,2022-10-02,PAY_8cd2,STAT_4414,2022-10-02
7599,ORD_e47d4a,CUST_ac5a76,Repeat,2022-12-21,PAY_182e,STAT_182e,2022-12-21
7600,ORD_84345c,CUST_ed8b94,One_Time,2023-07-03,PAY_4414,STAT_8cd2,2023-07-03
7601,ORD_3c8fd1,CUST_b23dee,One_Time,2026-05-19,PAY_182e,STAT_e09a,2026-05-19
7602,ORD_3474af,CUST_ae14e0,One_Time,2026-05-21,PAY_8cd2,STAT_8cd2,2026-05-21
7603,ORD_7f9a66,CUST_455afa,One_Time,2022-11-24,PAY_8cd2,STAT_8cd2,2022-11-24
7604,ORD_089212,CUST_95ba37,Repeat,2024-08-07,PAY_8cd2,STAT_182e,2024-08-07
7605,ORD_03c63f,CUST_95ba37,Repeat,2024-06-16,PAY_182e,STAT_182e,2024-06-16
7606,ORD_9edddd,CUST_95ba37,Repeat,2026-01-20,PAY_e09a,STAT_182e,2026-01-20
7607,ORD_beabad,CUST_95ba37,Repeat,2022-05-20,PAY_4414,STAT_8cd2,2022-05-20
7608,ORD_83a66e,CUST_95ba37,Repeat,2025-12-05,PAY_182e,STAT_182e,2025-12-05
7609,ORD_cfa50a,CUST_2f9c8d,Repeat,2024-08-02,PAY_182e,STAT_8cd2,2024-08-02
7610,ORD_bb1c56,CUST_2f9c8d,Repeat,2024-10-19,PAY_e09a,STAT_8cd2,2024-10-19
7611,ORD_af6180,CUST_1c4693,One_Time,2024-12-14,PAY_4414,STAT_e09a,2024-12-14
7612,ORD_2d8214,CUST_5dd780,One_Time,2025-02-09,PAY_4414,STAT_182e,2025-02-09
7613,ORD_2b7b8b,CUST_f6545a,Repeat,2024-08-04,PAY_4414,STAT_4414,2024-08-04
7614,ORD_8c4b68,CUST_f6545a,Repeat,2025-10-10,PAY_e09a,STAT_4414,2025-10-10
7615,ORD_8b54a1,CUST_f6545a,Repeat,2024-08-04,PAY_e09a,STAT_4414,2024-08-04
7616,ORD_677896,CUST_f6545a,Repeat,2024-08-04,PAY_182e,STAT_4414,2024-08-04
7617,ORD_8b64fd,CUST_f6545a,Repeat,2024-08-04,PAY_4414,STAT_8cd2,2024-08-04
7618,ORD_3d732c,CUST_47d8e5,One_Time,2025-10-24,PAY_4414,STAT_e09a,2025-10-24
7619,ORD_21000a,CUST_589597,Repeat,2025-02-12,PAY_8cd2,STAT_4414,2025-02-12
7620,ORD_5b365d,CUST_589597,Repeat,2025-02-12,PAY_182e,STAT_8cd2,2025-02-12
7621,ORD_f2c17f,CUST_589597,Repeat,2025-02-12,PAY_8cd2,STAT_e09a,2025-02-12
7622,ORD_d851bd,CUST_5b2fdf,One_Time,2026-02-22,PAY_182e,STAT_e09a,2026-02-22
7623,ORD_2a1625,CUST_eff6de,One_Time,2024-09-18,PAY_8cd2,STAT_8cd2,2024-09-18
7624,ORD_139378,CUST_0d1a20,One_Time,2025-04-03,PAY_8cd2,STAT_8cd2,2025-04-03
7625,ORD_c3be29,CUST_bc7e0a,Repeat,2025-08-25,PAY_8cd2,STAT_182e,2025-08-25
7626,ORD_3b138c,CUST_bc7e0a,Repeat,2026-03-19,PAY_182e,STAT_e09a,2026-03-19
7627,ORD_337f48,CUST_bc7e0a,Repeat,2025-08-25,PAY_8cd2,STAT_8cd2,2025-08-25
7628,ORD_24b171,CUST_bc7e0a,Repeat,2025-08-25,PAY_4414,STAT_e09a,2025-08-25
7629,ORD_eb7f1e,CUST_021974,One_Time,2025-03-08,PAY_182e,STAT_182e,2025-03-08
7630,ORD_e05424,CUST_b43b8f,One_Time,2024-04-28,PAY_4414,STAT_182e,2024-04-28
7631,ORD_7c2ce9,CUST_74e939,One_Time,2026-01-20,PAY_8cd2,STAT_e09a,2026-01-20
7632,ORD_9f5115,CUST_702918,Repeat,2026-04-18,PAY_8cd2,STAT_8cd2,2026-04-18
7633,ORD_ea7a70,CUST_702918,Repeat,2026-05-27,PAY_4414,STAT_4414,2026-05-27
7634,ORD_a83ea3,CUST_cf63fd,One_Time,2023-01-06,PAY_e09a,STAT_182e,2023-01-06
7635,ORD_a9c36a,CUST_ed74ba,One_Time,2025-12-25,PAY_8cd2,STAT_182e,2025-12-25
7636,ORD_5c4dbe,CUST_726a43,One_Time,2025-11-11,PAY_4414,STAT_182e,2025-11-11
7637,ORD_b49b93,CUST_f1cf51,One_Time,2022-05-26,PAY_182e,STAT_4414,2022-05-26
7638,ORD_4a05f4,CUST_cbf9bf,One_Time,2025-10-17,PAY_182e,STAT_e09a,2025-10-17
7639,ORD_823845,CUST_59bf0b,One_Time,2024-01-27,PAY_e09a,STAT_8cd2,2024-01-27
7640,ORD_250fb7,CUST_36a557,One_Time,2026-02-28,PAY_e09a,STAT_e09a,2026-02-28
7641,ORD_ceb987,CUST_3adb2e,Repeat,2022-05-19,PAY_4414,STAT_182e,2022-05-19
7642,ORD_16d9dd,CUST_3adb2e,Repeat,2022-12-28,PAY_8cd2,STAT_182e,2022-12-28
7643,ORD_12136a,CUST_3adb2e,Repeat,2022-05-19,PAY_e09a,STAT_182e,2022-05-19
7644,ORD_e265fe,CUST_3adb2e,Repeat,2022-09-17,PAY_4414,STAT_4414,2022-09-17
7645,ORD_952ff8,CUST_3adb2e,Repeat,2026-04-27,PAY_182e,STAT_4414,2026-04-27
7646,ORD_8ed82b,CUST_d2bc95,Commercial,2024-10-27,PAY_4414,STAT_182e,2024-10-27
7647,ORD_e8c2cd,CUST_d2bc95,Commercial,2024-10-27,PAY_e09a,STAT_182e,2024-10-27
7648,ORD_4f4133,CUST_d2bc95,Commercial,2025-05-03,PAY_4414,STAT_4414,2025-05-03
7649,ORD_df3596,CUST_d2bc95,Commercial,2026-04-21,PAY_182e,STAT_4414,2026-04-21
7650,ORD_12dba3,CUST_d2bc95,Commercial,2024-10-27,PAY_182e,STAT_8cd2,2024-10-27
7651,ORD_f8a297,CUST_d2bc95,Commercial,2025-06-23,PAY_e09a,STAT_e09a,2025-06-23
7652,ORD_e62eff,CUST_d2bc95,Commercial,2024-10-27,PAY_4414,STAT_4414,2024-10-27
7653,ORD_b76f5b,CUST_d2bc95,Commercial,2024-10-27,PAY_182e,STAT_182e,2024-10-27
7654,ORD_5548c1,CUST_d2bc95,Commercial,2024-10-27,PAY_4414,STAT_e09a,2024-10-27
7655,ORD_00f857,CUST_d2bc95,Commercial,2024-10-27,PAY_e09a,STAT_4414,2024-10-27
7656,ORD_2034bd,CUST_d2bc95,Commercial,2024-10-27,PAY_e09a,STAT_182e,2024-10-27
7657,ORD_68b747,CUST_2c8335,One_Time,2024-09-13,PAY_e09a,STAT_4414,2024-09-13
7658,ORD_1de0f1,CUST_e78ffc,One_Time,2025-05-10,PAY_182e,STAT_8cd2,2025-05-10
7659,ORD_d26f85,CUST_25e0a7,One_Time,2022-10-08,PAY_8cd2,STAT_e09a,2022-10-08
7660,ORD_b41cb8,CUST_32de64,Repeat,2025-08-25,PAY_4414,STAT_8cd2,2025-08-25
7661,ORD_59dc74,CUST_32de64,Repeat,2025-07-28,PAY_4414,STAT_4414,2025-07-28
7662,ORD_6050c7,CUST_32de64,Repeat,2025-07-28,PAY_e09a,STAT_8cd2,2025-07-28
7663,ORD_c8b1f5,CUST_6cdca4,Repeat,2023-08-27,PAY_4414,STAT_4414,2023-08-27
7664,ORD_e9b56d,CUST_6cdca4,Repeat,2025-08-28,PAY_4414,STAT_4414,2025-08-28
7665,ORD_d98c57,CUST_6cdca4,Repeat,2026-01-22,PAY_8cd2,STAT_182e,2026-01-22
7666,ORD_389786,CUST_6cdca4,Repeat,2026-02-09,PAY_e09a,STAT_8cd2,2026-02-09
7667,ORD_10ed9c,CUST_6cdca4,Repeat,2024-02-25,PAY_e09a,STAT_4414,2024-02-25
7668,ORD_b5dc34,CUST_5dd924,Repeat,2024-12-15,PAY_8cd2,STAT_8cd2,2024-12-15
7669,ORD_f54457,CUST_5dd924,Repeat,2024-12-15,PAY_8cd2,STAT_4414,2024-12-15
7670,ORD_652fcb,CUST_5dd924,Repeat,2026-03-12,PAY_4414,STAT_8cd2,2026-03-12
7671,ORD_251a9b,CUST_5dd924,Repeat,2024-12-15,PAY_8cd2,STAT_182e,2024-12-15
7672,ORD_eee83e,CUST_af2e70,One_Time,2026-05-18,PAY_4414,STAT_4414,2026-05-18
7673,ORD_f48c08,CUST_34e0ee,One_Time,2026-04-04,PAY_182e,STAT_182e,2026-04-04
7674,ORD_5545f4,CUST_9196e9,One_Time,2023-11-17,PAY_8cd2,STAT_e09a,2023-11-17
7675,ORD_5b0fae,CUST_59cad4,One_Time,2026-02-14,PAY_4414,STAT_e09a,2026-02-14
7676,ORD_090f3d,CUST_cbc98a,Commercial,2023-11-23,PAY_182e,STAT_8cd2,2023-11-23
7677,ORD_9ad1fa,CUST_cbc98a,Commercial,2022-01-10,PAY_e09a,STAT_e09a,2022-01-10
7678,ORD_793c92,CUST_cbc98a,Commercial,2021-10-09,PAY_e09a,STAT_8cd2,2021-10-09
7679,ORD_3b2590,CUST_cbc98a,Commercial,2024-10-03,PAY_8cd2,STAT_e09a,2024-10-03
7680,ORD_87c9dd,CUST_cbc98a,Commercial,2024-05-08,PAY_182e,STAT_182e,2024-05-08
7681,ORD_2583ff,CUST_cbc98a,Commercial,2025-04-21,PAY_4414,STAT_8cd2,2025-04-21
7682,ORD_8a1414,CUST_cbc98a,Commercial,2026-01-04,PAY_4414,STAT_e09a,2026-01-04
7683,ORD_9a2fa2,CUST_cbc98a,Commercial,2026-04-05,PAY_182e,STAT_182e,2026-04-05
7684,ORD_f7d4df,CUST_cbc98a,Commercial,2021-10-09,PAY_8cd2,STAT_4414,2021-10-09
7685,ORD_0b6645,CUST_cbc98a,Commercial,2026-05-26,PAY_e09a,STAT_8cd2,2026-05-26
7686,ORD_2ae54c,CUST_cbc98a,Commercial,2025-06-07,PAY_4414,STAT_4414,2025-06-07
7687,ORD_3867d6,CUST_cbc98a,Commercial,2021-10-09,PAY_8cd2,STAT_e09a,2021-10-09
7688,ORD_0292c0,CUST_cbc98a,Commercial,2023-03-16,PAY_182e,STAT_e09a,2023-03-16
7689,ORD_b0dd79,CUST_cbc98a,Commercial,2024-12-16,PAY_e09a,STAT_e09a,2024-12-16
7690,ORD_5dff1c,CUST_cbc98a,Commercial,2024-07-14,PAY_e09a,STAT_e09a,2024-07-14
7691,ORD_07dcda,CUST_cbc98a,Commercial,2025-04-12,PAY_8cd2,STAT_182e,2025-04-12
7692,ORD_c21ffa,CUST_cbc98a,Commercial,2023-08-16,PAY_e09a,STAT_e09a,2023-08-16
7693,ORD_61d8ef,CUST_cbc98a,Commercial,2026-02-13,PAY_182e,STAT_4414,2026-02-13
7694,ORD_7236f6,CUST_cbc98a,Commercial,2025-10-04,PAY_4414,STAT_4414,2025-10-04
7695,ORD_00e486,CUST_acdd10,Repeat,2024-11-08,PAY_4414,STAT_e09a,2024-11-08
7696,ORD_0b3cb4,CUST_acdd10,Repeat,2024-11-08,PAY_e09a,STAT_182e,2024-11-08
7697,ORD_655574,CUST_acdd10,Repeat,2024-11-08,PAY_8cd2,STAT_4414,2024-11-08
7698,ORD_d59c08,CUST_acdd10,Repeat,2025-03-05,PAY_e09a,STAT_8cd2,2025-03-05
7699,ORD_729e46,CUST_db1d89,One_Time,2024-09-23,PAY_4414,STAT_182e,2024-09-23
7700,ORD_397d37,CUST_eb6541,One_Time,2024-08-03,PAY_4414,STAT_8cd2,2024-08-03
7701,ORD_34ef4f,CUST_a9d8a7,One_Time,2026-05-16,PAY_8cd2,STAT_4414,2026-05-16
7702,ORD_7ee4b5,CUST_2eacef,One_Time,2025-02-15,PAY_4414,STAT_e09a,2025-02-15
7703,ORD_74f3d8,CUST_481f82,One_Time,2024-07-07,PAY_e09a,STAT_182e,2024-07-07
7704,ORD_5c6bd9,CUST_8eb845,One_Time,2025-02-16,PAY_8cd2,STAT_e09a,2025-02-16
7705,ORD_8c6bf8,CUST_fb1d47,One_Time,2024-10-15,PAY_e09a,STAT_4414,2024-10-15
7706,ORD_8c937a,CUST_26d2f6,Commercial,2023-05-14,PAY_e09a,STAT_4414,2023-05-14
7707,ORD_a8b25f,CUST_26d2f6,Commercial,2024-07-20,PAY_8cd2,STAT_8cd2,2024-07-20
7708,ORD_26822a,CUST_26d2f6,Commercial,2021-12-13,PAY_4414,STAT_4414,2021-12-13
7709,ORD_c74c1f,CUST_26d2f6,Commercial,2025-08-15,PAY_182e,STAT_4414,2025-08-15
7710,ORD_5d46e8,CUST_26d2f6,Commercial,2025-08-26,PAY_182e,STAT_4414,2025-08-26
7711,ORD_3f44fa,CUST_26d2f6,Commercial,2022-06-18,PAY_182e,STAT_4414,2022-06-18
7712,ORD_802dda,CUST_26d2f6,Commercial,2025-08-27,PAY_8cd2,STAT_4414,2025-08-27
7713,ORD_65bc4f,CUST_26d2f6,Commercial,2025-09-25,PAY_8cd2,STAT_4414,2025-09-25
7714,ORD_e00b0b,CUST_26d2f6,Commercial,2022-10-11,PAY_182e,STAT_4414,2022-10-11
7715,ORD_b0456f,CUST_26d2f6,Commercial,2022-03-08,PAY_182e,STAT_e09a,2022-03-08
7716,ORD_ccd94e,CUST_26d2f6,Commercial,2021-12-13,PAY_8cd2,STAT_4414,2021-12-13
7717,ORD_6844c3,CUST_26d2f6,Commercial,2026-05-18,PAY_e09a,STAT_8cd2,2026-05-18
7718,ORD_dfe533,CUST_26d2f6,Commercial,2024-10-28,PAY_182e,STAT_4414,2024-10-28
7719,ORD_a59357,CUST_26d2f6,Commercial,2025-07-05,PAY_8cd2,STAT_4414,2025-07-05
7720,ORD_21bae3,CUST_26d2f6,Commercial,2026-01-18,PAY_8cd2,STAT_8cd2,2026-01-18
7721,ORD_cdaddd,CUST_8ade09,One_Time,2023-04-01,PAY_e09a,STAT_e09a,2023-04-01
7722,ORD_e04a46,CUST_896c69,One_Time,2026-02-12,PAY_4414,STAT_e09a,2026-02-12
7723,ORD_a46d50,CUST_20e853,One_Time,2025-02-05,PAY_4414,STAT_182e,2025-02-05
7724,ORD_579d29,CUST_cc6121,One_Time,2025-01-20,PAY_182e,STAT_182e,2025-01-20
7725,ORD_51b7cb,CUST_e913a0,One_Time,2022-04-08,PAY_182e,STAT_8cd2,2022-04-08
7726,ORD_918c5c,CUST_ff08ee,One_Time,2023-12-22,PAY_4414,STAT_182e,2023-12-22
7727,ORD_547d1e,CUST_978ab4,One_Time,2022-09-01,PAY_e09a,STAT_8cd2,2022-09-01
7728,ORD_c94b87,CUST_364e5f,Repeat,2025-05-20,PAY_182e,STAT_8cd2,2025-05-20
7729,ORD_d98f21,CUST_364e5f,Repeat,2025-07-28,PAY_8cd2,STAT_8cd2,2025-07-28
7730,ORD_f8dd2a,CUST_364e5f,Repeat,2023-12-21,PAY_8cd2,STAT_4414,2023-12-21
7731,ORD_86d85e,CUST_364e5f,Repeat,2024-09-19,PAY_e09a,STAT_4414,2024-09-19
7732,ORD_5fe3aa,CUST_f12ddd,One_Time,2024-08-10,PAY_8cd2,STAT_e09a,2024-08-10
7733,ORD_96d0ff,CUST_1727a0,Commercial,2025-08-23,PAY_8cd2,STAT_182e,2025-08-23
7734,ORD_414de2,CUST_1727a0,Commercial,2025-08-23,PAY_182e,STAT_4414,2025-08-23
7735,ORD_b61fab,CUST_1727a0,Commercial,2025-08-23,PAY_e09a,STAT_8cd2,2025-08-23
7736,ORD_ce905b,CUST_1727a0,Commercial,2025-08-23,PAY_182e,STAT_4414,2025-08-23
7737,ORD_ce3de7,CUST_1727a0,Commercial,2025-08-23,PAY_e09a,STAT_e09a,2025-08-23
7738,ORD_43ee84,CUST_1727a0,Commercial,2026-04-24,PAY_182e,STAT_182e,2026-04-24
7739,ORD_206c46,CUST_1727a0,Commercial,2026-03-25,PAY_e09a,STAT_182e,2026-03-25
7740,ORD_45809e,CUST_1727a0,Commercial,2025-08-23,PAY_182e,STAT_182e,2025-08-23
7741,ORD_18af0a,CUST_588559,One_Time,2022-03-05,PAY_182e,STAT_182e,2022-03-05
7742,ORD_918d8d,CUST_fb30d6,One_Time,2023-12-26,PAY_4414,STAT_e09a,2023-12-26
7743,ORD_a6c2ba,CUST_86e011,One_Time,2024-03-23,PAY_182e,STAT_e09a,2024-03-23
7744,ORD_a8d917,CUST_809490,Repeat,2025-11-11,PAY_4414,STAT_e09a,2025-11-11
7745,ORD_4936b1,CUST_809490,Repeat,2023-07-11,PAY_8cd2,STAT_4414,2023-07-11
7746,ORD_307a52,CUST_c33b1a,One_Time,2025-11-14,PAY_e09a,STAT_182e,2025-11-14
7747,ORD_e493dd,CUST_3e6a8b,One_Time,2025-03-01,PAY_182e,STAT_8cd2,2025-03-01
7748,ORD_373fca,CUST_687f1d,One_Time,2023-07-15,PAY_4414,STAT_182e,2023-07-15
7749,ORD_8f84c3,CUST_965598,Repeat,2025-05-07,PAY_182e,STAT_8cd2,2025-05-07
7750,ORD_9ed20c,CUST_965598,Repeat,2025-09-21,PAY_e09a,STAT_e09a,2025-09-21
7751,ORD_4a53c9,CUST_965598,Repeat,2025-05-07,PAY_4414,STAT_8cd2,2025-05-07
7752,ORD_546316,CUST_965598,Repeat,2025-05-07,PAY_8cd2,STAT_8cd2,2025-05-07
7753,ORD_3eda7a,CUST_965598,Repeat,2025-09-14,PAY_182e,STAT_4414,2025-09-14
7754,ORD_64fc0b,CUST_e54d12,One_Time,2022-04-07,PAY_e09a,STAT_e09a,2022-04-07
7755,ORD_19b199,CUST_79e846,One_Time,2024-08-02,PAY_4414,STAT_182e,2024-08-02
7756,ORD_691bf0,CUST_74eb3b,One_Time,2023-11-10,PAY_8cd2,STAT_8cd2,2023-11-10
7757,ORD_f72aa4,CUST_51b210,Repeat,2025-03-05,PAY_e09a,STAT_182e,2025-03-05
7758,ORD_67da50,CUST_51b210,Repeat,2022-08-11,PAY_4414,STAT_4414,2022-08-11
7759,ORD_764950,CUST_51b210,Repeat,2021-10-22,PAY_e09a,STAT_182e,2021-10-22
7760,ORD_c4bc42,CUST_51b210,Repeat,2024-06-02,PAY_4414,STAT_182e,2024-06-02
7761,ORD_07e09d,CUST_51b210,Repeat,2024-01-15,PAY_4414,STAT_e09a,2024-01-15
7762,ORD_cb724a,CUST_51b210,Repeat,2025-05-06,PAY_e09a,STAT_182e,2025-05-06
7763,ORD_707c48,CUST_8fa69e,One_Time,2025-03-16,PAY_8cd2,STAT_8cd2,2025-03-16
7764,ORD_c25527,CUST_bd8180,One_Time,2025-01-02,PAY_8cd2,STAT_8cd2,2025-01-02
7765,ORD_078d22,CUST_707115,One_Time,2024-09-21,PAY_e09a,STAT_e09a,2024-09-21
7766,ORD_c5f57b,CUST_c13c40,One_Time,2025-06-02,PAY_4414,STAT_182e,2025-06-02
7767,ORD_789c30,CUST_22279f,One_Time,2025-11-18,PAY_8cd2,STAT_8cd2,2025-11-18
7768,ORD_90c068,CUST_b2f44d,One_Time,2025-10-19,PAY_182e,STAT_e09a,2025-10-19
7769,ORD_123fc1,CUST_f15568,One_Time,2022-11-13,PAY_4414,STAT_e09a,2022-11-13
7770,ORD_fb3dd2,CUST_6b0cbc,One_Time,2025-08-26,PAY_4414,STAT_4414,2025-08-26
7771,ORD_546037,CUST_36b53f,Repeat,2023-04-19,PAY_8cd2,STAT_e09a,2023-04-19
7772,ORD_832e6c,CUST_36b53f,Repeat,2024-08-03,PAY_4414,STAT_4414,2024-08-03
7773,ORD_658f70,CUST_36b53f,Repeat,2023-09-20,PAY_e09a,STAT_182e,2023-09-20
7774,ORD_8aa721,CUST_8f6377,Repeat,2026-01-27,PAY_e09a,STAT_182e,2026-01-27
7775,ORD_cdb274,CUST_8f6377,Repeat,2026-01-27,PAY_e09a,STAT_4414,2026-01-27
7776,ORD_b88fb6,CUST_8f6377,Repeat,2026-01-27,PAY_e09a,STAT_e09a,2026-01-27
7777,ORD_3bd749,CUST_c76b48,One_Time,2022-06-02,PAY_4414,STAT_4414,2022-06-02
7778,ORD_369270,CUST_d502e1,One_Time,2025-10-23,PAY_4414,STAT_4414,2025-10-23
7779,ORD_922e09,CUST_2291a2,One_Time,2026-05-10,PAY_4414,STAT_e09a,2026-05-10
7780,ORD_9444d6,CUST_316cd8,One_Time,2025-12-22,PAY_4414,STAT_e09a,2025-12-22
7781,ORD_c76133,CUST_66c3ab,Repeat,2023-04-01,PAY_182e,STAT_4414,2023-04-01
7782,ORD_5a099c,CUST_66c3ab,Repeat,2022-10-24,PAY_182e,STAT_182e,2022-10-24
7783,ORD_85b017,CUST_66c3ab,Repeat,2023-11-01,PAY_4414,STAT_4414,2023-11-01
7784,ORD_54a1a2,CUST_66c3ab,Repeat,2023-07-26,PAY_182e,STAT_e09a,2023-07-26
7785,ORD_5bc083,CUST_66c3ab,Repeat,2026-02-03,PAY_8cd2,STAT_4414,2026-02-03
7786,ORD_57284d,CUST_7501d7,One_Time,2023-08-26,PAY_8cd2,STAT_4414,2023-08-26
7787,ORD_a8aecf,CUST_12e4bc,Repeat,2024-07-08,PAY_8cd2,STAT_182e,2024-07-08
7788,ORD_75e7ee,CUST_12e4bc,Repeat,2024-07-08,PAY_182e,STAT_182e,2024-07-08
7789,ORD_1d370f,CUST_12e4bc,Repeat,2025-09-04,PAY_182e,STAT_e09a,2025-09-04
7790,ORD_8b5c65,CUST_12e4bc,Repeat,2025-01-25,PAY_182e,STAT_e09a,2025-01-25
7791,ORD_8ec12d,CUST_b7ddcb,One_Time,2024-12-19,PAY_e09a,STAT_e09a,2024-12-19
7792,ORD_b7d4c4,CUST_f09186,One_Time,2024-08-13,PAY_4414,STAT_e09a,2024-08-13
7793,ORD_f31fd2,CUST_89ca6f,One_Time,2022-11-26,PAY_8cd2,STAT_4414,2022-11-26
7794,ORD_a3da40,CUST_13fafe,One_Time,2022-07-05,PAY_8cd2,STAT_8cd2,2022-07-05
7795,ORD_d9c7c9,CUST_bb250a,One_Time,2025-09-24,PAY_e09a,STAT_4414,2025-09-24
7796,ORD_764800,CUST_f93466,One_Time,2024-04-09,PAY_4414,STAT_4414,2024-04-09
7797,ORD_57a005,CUST_476ea2,One_Time,2024-05-14,PAY_4414,STAT_8cd2,2024-05-14
7798,ORD_2ce179,CUST_90446d,One_Time,2026-05-17,PAY_e09a,STAT_e09a,2026-05-17
7799,ORD_37b582,CUST_b58eff,One_Time,2025-06-19,PAY_4414,STAT_182e,2025-06-19
7800,ORD_97fbc6,CUST_df445f,One_Time,2025-08-16,PAY_e09a,STAT_182e,2025-08-16
7801,ORD_93be98,CUST_becd3a,Commercial,2025-01-22,PAY_e09a,STAT_4414,2025-01-22
7802,ORD_eec492,CUST_becd3a,Commercial,2025-01-22,PAY_8cd2,STAT_8cd2,2025-01-22
7803,ORD_4ac36b,CUST_becd3a,Commercial,2025-01-22,PAY_8cd2,STAT_182e,2025-01-22
7804,ORD_b21c33,CUST_becd3a,Commercial,2026-01-18,PAY_8cd2,STAT_182e,2026-01-18
7805,ORD_8628ee,CUST_becd3a,Commercial,2026-01-09,PAY_4414,STAT_e09a,2026-01-09
7806,ORD_d87586,CUST_becd3a,Commercial,2026-05-21,PAY_4414,STAT_e09a,2026-05-21
7807,ORD_e1694e,CUST_becd3a,Commercial,2025-01-22,PAY_e09a,STAT_182e,2025-01-22
7808,ORD_56bf28,CUST_becd3a,Commercial,2026-02-14,PAY_182e,STAT_8cd2,2026-02-14
7809,ORD_9189bc,CUST_24e9c7,Repeat,2026-01-14,PAY_e09a,STAT_4414,2026-01-14
7810,ORD_c7e23d,CUST_24e9c7,Repeat,2023-12-14,PAY_8cd2,STAT_4414,2023-12-14
7811,ORD_0ef3fc,CUST_24e9c7,Repeat,2025-02-27,PAY_8cd2,STAT_182e,2025-02-27
7812,ORD_ec6594,CUST_24e9c7,Repeat,2023-10-10,PAY_e09a,STAT_182e,2023-10-10
7813,ORD_444285,CUST_24e9c7,Repeat,2022-05-25,PAY_4414,STAT_182e,2022-05-25
7814,ORD_69b594,CUST_9d05ec,One_Time,2023-10-13,PAY_4414,STAT_8cd2,2023-10-13
7815,ORD_f984c5,CUST_216bdb,One_Time,2022-12-26,PAY_e09a,STAT_4414,2022-12-26
7816,ORD_dbcf5d,CUST_30824b,One_Time,2026-03-13,PAY_182e,STAT_182e,2026-03-13
7817,ORD_a67ed7,CUST_20bb44,One_Time,2025-07-21,PAY_182e,STAT_e09a,2025-07-21
7818,ORD_26ca75,CUST_718e2d,One_Time,2025-11-11,PAY_4414,STAT_182e,2025-11-11
7819,ORD_a40bca,CUST_064593,One_Time,2024-11-20,PAY_182e,STAT_8cd2,2024-11-20
7820,ORD_f15578,CUST_0300f6,One_Time,2025-04-23,PAY_e09a,STAT_4414,2025-04-23
7821,ORD_505464,CUST_5f5dcd,One_Time,2024-08-17,PAY_182e,STAT_8cd2,2024-08-17
7822,ORD_3d3b3b,CUST_ceb088,Repeat,2021-10-25,PAY_4414,STAT_8cd2,2021-10-25
7823,ORD_88c06a,CUST_ceb088,Repeat,2021-03-09,PAY_4414,STAT_8cd2,2021-03-09
7824,ORD_ec5338,CUST_32f8ef,Repeat,2024-11-01,PAY_182e,STAT_e09a,2024-11-01
7825,ORD_b64cfe,CUST_32f8ef,Repeat,2023-03-05,PAY_e09a,STAT_8cd2,2023-03-05
7826,ORD_4c2bee,CUST_a331ec,One_Time,2025-11-10,PAY_e09a,STAT_182e,2025-11-10
7827,ORD_8abc1d,CUST_098fb9,One_Time,2024-04-01,PAY_182e,STAT_4414,2024-04-01
7828,ORD_9c35db,CUST_f54860,One_Time,2025-12-04,PAY_8cd2,STAT_182e,2025-12-04
7829,ORD_aca2d4,CUST_2f14a1,One_Time,2023-07-06,PAY_4414,STAT_e09a,2023-07-06
7830,ORD_a09d81,CUST_4a7a32,One_Time,2023-11-26,PAY_8cd2,STAT_4414,2023-11-26
7831,ORD_3d67eb,CUST_07e522,One_Time,2024-05-05,PAY_e09a,STAT_4414,2024-05-05
7832,ORD_d7adfc,CUST_8ca091,One_Time,2024-08-22,PAY_182e,STAT_8cd2,2024-08-22
7833,ORD_858a65,CUST_151a5e,Repeat,2025-04-03,PAY_8cd2,STAT_8cd2,2025-04-03
7834,ORD_e5c21d,CUST_151a5e,Repeat,2025-04-03,PAY_182e,STAT_8cd2,2025-04-03
7835,ORD_5086ed,CUST_151a5e,Repeat,2025-04-03,PAY_e09a,STAT_182e,2025-04-03
7836,ORD_fb0db0,CUST_151a5e,Repeat,2025-04-03,PAY_182e,STAT_8cd2,2025-04-03
7837,ORD_3b7493,CUST_151a5e,Repeat,2025-04-03,PAY_182e,STAT_e09a,2025-04-03
7838,ORD_f18b2e,CUST_d58c2d,One_Time,2021-08-08,PAY_4414,STAT_182e,2021-08-08
7839,ORD_71da48,CUST_264b90,One_Time,2024-07-20,PAY_e09a,STAT_182e,2024-07-20
7840,ORD_5ec24c,CUST_94c063,One_Time,2024-07-27,PAY_4414,STAT_e09a,2024-07-27
7841,ORD_de0aef,CUST_fa8ead,One_Time,2024-06-13,PAY_e09a,STAT_4414,2024-06-13
7842,ORD_516205,CUST_bc6147,One_Time,2025-07-17,PAY_182e,STAT_8cd2,2025-07-17
7843,ORD_73f45f,CUST_75f244,Repeat,2025-03-22,PAY_8cd2,STAT_182e,2025-03-22
7844,ORD_de374a,CUST_75f244,Repeat,2026-02-22,PAY_182e,STAT_4414,2026-02-22
7845,ORD_dacd22,CUST_75f244,Repeat,2024-06-27,PAY_8cd2,STAT_4414,2024-06-27
7846,ORD_509ae9,CUST_75f244,Repeat,2025-10-13,PAY_4414,STAT_182e,2025-10-13
7847,ORD_c76d84,CUST_de4ae1,One_Time,2023-11-13,PAY_e09a,STAT_e09a,2023-11-13
7848,ORD_6289e4,CUST_a56048,Repeat,2024-04-13,PAY_182e,STAT_182e,2024-04-13
7849,ORD_debf3b,CUST_a56048,Repeat,2024-04-13,PAY_4414,STAT_182e,2024-04-13
7850,ORD_6a310d,CUST_a56048,Repeat,2024-04-13,PAY_e09a,STAT_182e,2024-04-13
7851,ORD_e94c4b,CUST_a56048,Repeat,2026-04-22,PAY_182e,STAT_4414,2026-04-22
7852,ORD_0e478b,CUST_a56048,Repeat,2025-11-03,PAY_4414,STAT_4414,2025-11-03
7853,ORD_7fd031,CUST_a56048,Repeat,2024-04-13,PAY_8cd2,STAT_182e,2024-04-13
7854,ORD_bb6c62,CUST_15c3d8,One_Time,2026-05-20,PAY_e09a,STAT_182e,2026-05-20
7855,ORD_a06283,CUST_1e37cb,One_Time,2026-03-25,PAY_e09a,STAT_8cd2,2026-03-25
7856,ORD_0d2b43,CUST_7d0330,Commercial,2022-01-04,PAY_4414,STAT_182e,2022-01-04
7857,ORD_960bca,CUST_7d0330,Commercial,2023-10-25,PAY_e09a,STAT_8cd2,2023-10-25
7858,ORD_0e44da,CUST_7d0330,Commercial,2025-11-08,PAY_8cd2,STAT_8cd2,2025-11-08
7859,ORD_d183a3,CUST_7d0330,Commercial,2024-04-23,PAY_182e,STAT_e09a,2024-04-23
7860,ORD_99556d,CUST_7d0330,Commercial,2021-05-10,PAY_e09a,STAT_e09a,2021-05-10
7861,ORD_3789a0,CUST_7d0330,Commercial,2024-07-27,PAY_4414,STAT_4414,2024-07-27
7862,ORD_b47ccc,CUST_7d0330,Commercial,2023-07-07,PAY_e09a,STAT_8cd2,2023-07-07
7863,ORD_9c7022,CUST_7d0330,Commercial,2024-10-05,PAY_4414,STAT_8cd2,2024-10-05
7864,ORD_881d91,CUST_7d0330,Commercial,2021-11-20,PAY_8cd2,STAT_8cd2,2021-11-20
7865,ORD_7210e6,CUST_7d0330,Commercial,2025-10-18,PAY_4414,STAT_182e,2025-10-18
7866,ORD_a18ec3,CUST_7d0330,Commercial,2024-05-01,PAY_4414,STAT_4414,2024-05-01
7867,ORD_bd8c81,CUST_7d0330,Commercial,2022-05-27,PAY_182e,STAT_182e,2022-05-27
7868,ORD_f7c666,CUST_7d0330,Commercial,2021-05-28,PAY_e09a,STAT_8cd2,2021-05-28
7869,ORD_d2ab11,CUST_7d0330,Commercial,2022-06-20,PAY_4414,STAT_8cd2,2022-06-20
7870,ORD_931140,CUST_7d0330,Commercial,2021-09-21,PAY_8cd2,STAT_8cd2,2021-09-21
7871,ORD_e0593d,CUST_7d0330,Commercial,2022-05-13,PAY_e09a,STAT_4414,2022-05-13
7872,ORD_e865cf,CUST_b44add,One_Time,2025-09-26,PAY_4414,STAT_182e,2025-09-26
7873,ORD_35271c,CUST_279435,One_Time,2024-11-05,PAY_e09a,STAT_182e,2024-11-05
7874,ORD_9264ce,CUST_78754c,One_Time,2026-02-01,PAY_8cd2,STAT_4414,2026-02-01
7875,ORD_ba44bf,CUST_6e826f,One_Time,2023-11-10,PAY_182e,STAT_8cd2,2023-11-10
7876,ORD_a10e31,CUST_d1976b,Commercial,2025-12-18,PAY_e09a,STAT_8cd2,2025-12-18
7877,ORD_c058de,CUST_d1976b,Commercial,2025-12-18,PAY_182e,STAT_8cd2,2025-12-18
7878,ORD_e2ccdd,CUST_d1976b,Commercial,2026-02-05,PAY_4414,STAT_4414,2026-02-05
7879,ORD_2e6f52,CUST_d1976b,Commercial,2025-12-18,PAY_4414,STAT_4414,2025-12-18
7880,ORD_0ff5b1,CUST_d1976b,Commercial,2025-12-18,PAY_4414,STAT_e09a,2025-12-18
7881,ORD_513a0b,CUST_d1976b,Commercial,2025-12-18,PAY_4414,STAT_e09a,2025-12-18
7882,ORD_7ee970,CUST_d1976b,Commercial,2025-12-18,PAY_e09a,STAT_4414,2025-12-18
7883,ORD_ad602f,CUST_d1976b,Commercial,2025-12-18,PAY_8cd2,STAT_4414,2025-12-18
7884,ORD_8547da,CUST_d1976b,Commercial,2025-12-18,PAY_8cd2,STAT_e09a,2025-12-18
7885,ORD_3bab4a,CUST_d1976b,Commercial,2025-12-18,PAY_8cd2,STAT_8cd2,2025-12-18
7886,ORD_d85d8a,CUST_d1976b,Commercial,2025-12-18,PAY_e09a,STAT_4414,2025-12-18
7887,ORD_99c315,CUST_d1976b,Commercial,2025-12-18,PAY_4414,STAT_8cd2,2025-12-18
7888,ORD_a19cd3,CUST_45a65a,One_Time,2022-05-12,PAY_8cd2,STAT_8cd2,2022-05-12
7889,ORD_220fd0,CUST_a49c6a,One_Time,2026-03-07,PAY_e09a,STAT_182e,2026-03-07
7890,ORD_952412,CUST_afdc3f,One_Time,2022-06-14,PAY_e09a,STAT_e09a,2022-06-14
7891,ORD_914e57,CUST_890f39,Repeat,2024-07-22,PAY_4414,STAT_182e,2024-07-22
7892,ORD_95c2cb,CUST_890f39,Repeat,2024-07-22,PAY_e09a,STAT_182e,2024-07-22
7893,ORD_0f2b25,CUST_3da077,One_Time,2026-05-03,PAY_8cd2,STAT_4414,2026-05-03
7894,ORD_3e6806,CUST_f1f90b,One_Time,2026-05-01,PAY_182e,STAT_4414,2026-05-01
7895,ORD_f62480,CUST_e319d3,One_Time,2022-09-09,PAY_e09a,STAT_8cd2,2022-09-09
7896,ORD_5634d5,CUST_c82e80,One_Time,2024-02-15,PAY_182e,STAT_4414,2024-02-15
7897,ORD_38c392,CUST_0255b5,One_Time,2024-12-27,PAY_e09a,STAT_8cd2,2024-12-27
7898,ORD_a96684,CUST_c1ac8a,One_Time,2024-07-08,PAY_4414,STAT_e09a,2024-07-08
7899,ORD_b8942c,CUST_06df7e,Repeat,2023-04-03,PAY_4414,STAT_8cd2,2023-04-03
7900,ORD_e083b2,CUST_06df7e,Repeat,2023-09-15,PAY_8cd2,STAT_8cd2,2023-09-15
7901,ORD_36e4de,CUST_06df7e,Repeat,2025-07-05,PAY_182e,STAT_8cd2,2025-07-05
7902,ORD_db77d5,CUST_06df7e,Repeat,2021-11-02,PAY_8cd2,STAT_8cd2,2021-11-02
7903,ORD_fa1f1e,CUST_06df7e,Repeat,2023-02-24,PAY_4414,STAT_182e,2023-02-24
7904,ORD_a69e3d,CUST_72fe16,One_Time,2025-12-15,PAY_e09a,STAT_4414,2025-12-15
7905,ORD_5ad675,CUST_05d1ec,Repeat,2024-02-15,PAY_182e,STAT_e09a,2024-02-15
7906,ORD_a52900,CUST_05d1ec,Repeat,2022-11-25,PAY_4414,STAT_8cd2,2022-11-25
7907,ORD_163145,CUST_05d1ec,Repeat,2022-11-25,PAY_4414,STAT_8cd2,2022-11-25
7908,ORD_f2cf0b,CUST_05d1ec,Repeat,2024-05-07,PAY_182e,STAT_e09a,2024-05-07
7909,ORD_815190,CUST_d58a89,One_Time,2023-07-02,PAY_182e,STAT_8cd2,2023-07-02
7910,ORD_e0ad3c,CUST_5966a3,One_Time,2025-01-18,PAY_4414,STAT_4414,2025-01-18
7911,ORD_da5e5c,CUST_ad725f,One_Time,2025-07-26,PAY_182e,STAT_182e,2025-07-26
7912,ORD_509318,CUST_ac30d0,One_Time,2024-10-03,PAY_4414,STAT_4414,2024-10-03
7913,ORD_ed3797,CUST_2bd5aa,One_Time,2024-10-26,PAY_4414,STAT_4414,2024-10-26
7914,ORD_d80d63,CUST_2b1dfa,One_Time,2024-10-02,PAY_8cd2,STAT_e09a,2024-10-02
7915,ORD_cb96de,CUST_ef3718,One_Time,2025-11-04,PAY_e09a,STAT_8cd2,2025-11-04
7916,ORD_0474ee,CUST_2e3320,One_Time,2025-08-22,PAY_4414,STAT_182e,2025-08-22
7917,ORD_08e005,CUST_8c75d1,One_Time,2025-11-11,PAY_8cd2,STAT_4414,2025-11-11
7918,ORD_c2cb1f,CUST_0c6cf8,Repeat,2026-05-06,PAY_4414,STAT_4414,2026-05-06
7919,ORD_cf0b0e,CUST_0c6cf8,Repeat,2026-03-22,PAY_182e,STAT_182e,2026-03-22
7920,ORD_ae34e6,CUST_a2844f,One_Time,2024-09-17,PAY_4414,STAT_182e,2024-09-17
7921,ORD_06f823,CUST_4ddbe8,One_Time,2023-03-11,PAY_4414,STAT_8cd2,2023-03-11
7922,ORD_af7498,CUST_28aab0,One_Time,2025-11-16,PAY_182e,STAT_182e,2025-11-16
7923,ORD_0b5206,CUST_ad7142,One_Time,2024-04-27,PAY_e09a,STAT_e09a,2024-04-27
7924,ORD_008dd5,CUST_49aa7d,Commercial,2025-09-16,PAY_182e,STAT_8cd2,2025-09-16
7925,ORD_01f368,CUST_49aa7d,Commercial,2025-09-16,PAY_4414,STAT_4414,2025-09-16
7926,ORD_7b889c,CUST_49aa7d,Commercial,2025-09-16,PAY_182e,STAT_4414,2025-09-16
7927,ORD_81c85f,CUST_49aa7d,Commercial,2025-09-16,PAY_4414,STAT_4414,2025-09-16
7928,ORD_ece7b9,CUST_49aa7d,Commercial,2025-09-16,PAY_182e,STAT_182e,2025-09-16
7929,ORD_5f7edf,CUST_49aa7d,Commercial,2025-09-16,PAY_4414,STAT_4414,2025-09-16
7930,ORD_a0ff5e,CUST_49aa7d,Commercial,2025-09-16,PAY_8cd2,STAT_4414,2025-09-16
7931,ORD_adaf61,CUST_49aa7d,Commercial,2025-09-16,PAY_e09a,STAT_182e,2025-09-16
7932,ORD_1fbbcd,CUST_49aa7d,Commercial,2025-10-22,PAY_8cd2,STAT_4414,2025-10-22
7933,ORD_064a39,CUST_49aa7d,Commercial,2025-09-16,PAY_e09a,STAT_182e,2025-09-16
7934,ORD_42607f,CUST_49aa7d,Commercial,2025-09-16,PAY_8cd2,STAT_182e,2025-09-16
7935,ORD_ac139e,CUST_49aa7d,Commercial,2025-09-16,PAY_8cd2,STAT_182e,2025-09-16
7936,ORD_dbbde0,CUST_49aa7d,Commercial,2025-09-16,PAY_e09a,STAT_182e,2025-09-16
7937,ORD_7102cc,CUST_49aa7d,Commercial,2025-09-21,PAY_4414,STAT_8cd2,2025-09-21
7938,ORD_8ab846,CUST_49aa7d,Commercial,2025-09-16,PAY_8cd2,STAT_8cd2,2025-09-16
7939,ORD_9fe4a5,CUST_49aa7d,Commercial,2025-09-16,PAY_182e,STAT_4414,2025-09-16
7940,ORD_c39d61,CUST_49aa7d,Commercial,2025-09-16,PAY_4414,STAT_4414,2025-09-16
7941,ORD_6b49d4,CUST_bc3251,One_Time,2024-02-12,PAY_4414,STAT_e09a,2024-02-12
7942,ORD_7a37ae,CUST_e1e0c6,One_Time,2026-05-17,PAY_182e,STAT_e09a,2026-05-17
7943,ORD_b6b218,CUST_4c0009,One_Time,2024-01-07,PAY_4414,STAT_8cd2,2024-01-07
7944,ORD_65cd1a,CUST_a3a677,One_Time,2023-09-18,PAY_4414,STAT_e09a,2023-09-18
7945,ORD_745b66,CUST_703dd6,Repeat,2026-01-04,PAY_4414,STAT_e09a,2026-01-04
7946,ORD_654baa,CUST_703dd6,Repeat,2026-02-07,PAY_4414,STAT_4414,2026-02-07
7947,ORD_aa2ae7,CUST_703dd6,Repeat,2026-01-04,PAY_4414,STAT_4414,2026-01-04
7948,ORD_371de0,CUST_703dd6,Repeat,2026-01-04,PAY_4414,STAT_182e,2026-01-04
7949,ORD_e58c0c,CUST_703dd6,Repeat,2026-01-04,PAY_e09a,STAT_8cd2,2026-01-04
7950,ORD_62c4ad,CUST_3325e0,One_Time,2025-11-14,PAY_182e,STAT_e09a,2025-11-14
7951,ORD_eb8bd4,CUST_67733c,One_Time,2026-02-20,PAY_182e,STAT_182e,2026-02-20
7952,ORD_e4fe1e,CUST_a7b2d2,One_Time,2025-12-07,PAY_8cd2,STAT_182e,2025-12-07
7953,ORD_bb3cc4,CUST_ce772b,One_Time,2022-09-02,PAY_4414,STAT_8cd2,2022-09-02
7954,ORD_1f9959,CUST_c695b1,One_Time,2026-03-20,PAY_182e,STAT_182e,2026-03-20
7955,ORD_729fa2,CUST_67a811,One_Time,2021-11-04,PAY_e09a,STAT_4414,2021-11-04
7956,ORD_dacff0,CUST_fdfb0a,One_Time,2026-05-20,PAY_4414,STAT_e09a,2026-05-20
7957,ORD_2bd5f3,CUST_297c14,Repeat,2026-01-21,PAY_e09a,STAT_182e,2026-01-21
7958,ORD_5e6ef5,CUST_297c14,Repeat,2026-01-06,PAY_e09a,STAT_e09a,2026-01-06
7959,ORD_b60410,CUST_8e1068,One_Time,2023-05-13,PAY_182e,STAT_4414,2023-05-13
7960,ORD_9f6267,CUST_a1afd2,One_Time,2023-01-02,PAY_e09a,STAT_4414,2023-01-02
7961,ORD_84b78d,CUST_bf0096,One_Time,2024-12-14,PAY_8cd2,STAT_8cd2,2024-12-14
7962,ORD_98add7,CUST_029b14,One_Time,2024-04-19,PAY_182e,STAT_4414,2024-04-19
7963,ORD_f4b976,CUST_aaf171,One_Time,2024-03-06,PAY_8cd2,STAT_4414,2024-03-06
7964,ORD_752618,CUST_500377,Repeat,2026-02-04,PAY_e09a,STAT_e09a,2026-02-04
7965,ORD_71538c,CUST_500377,Repeat,2026-02-04,PAY_e09a,STAT_182e,2026-02-04
7966,ORD_42e14e,CUST_500377,Repeat,2026-02-04,PAY_e09a,STAT_8cd2,2026-02-04
7967,ORD_28169f,CUST_5a861f,One_Time,2024-04-11,PAY_182e,STAT_182e,2024-04-11
7968,ORD_cde3be,CUST_96ce6a,Repeat,2024-01-05,PAY_e09a,STAT_e09a,2024-01-05
7969,ORD_353a45,CUST_96ce6a,Repeat,2026-01-15,PAY_182e,STAT_182e,2026-01-15
7970,ORD_fbfdd5,CUST_45c230,One_Time,2024-11-02,PAY_4414,STAT_182e,2024-11-02
7971,ORD_405684,CUST_e453c2,Repeat,2023-06-22,PAY_4414,STAT_8cd2,2023-06-22
7972,ORD_9e5392,CUST_e453c2,Repeat,2026-03-21,PAY_182e,STAT_e09a,2026-03-21
7973,ORD_7c52d3,CUST_e453c2,Repeat,2023-06-22,PAY_4414,STAT_4414,2023-06-22
7974,ORD_acf83b,CUST_e453c2,Repeat,2026-05-07,PAY_8cd2,STAT_182e,2026-05-07
7975,ORD_8ff377,CUST_e453c2,Repeat,2023-06-22,PAY_8cd2,STAT_8cd2,2023-06-22
7976,ORD_a25763,CUST_a93192,Repeat,2025-04-27,PAY_e09a,STAT_182e,2025-04-27
7977,ORD_ac773b,CUST_a93192,Repeat,2025-04-27,PAY_4414,STAT_182e,2025-04-27
7978,ORD_5bdf8c,CUST_545b9d,One_Time,2023-05-05,PAY_8cd2,STAT_e09a,2023-05-05
7979,ORD_bcac1c,CUST_d37754,One_Time,2026-01-21,PAY_e09a,STAT_182e,2026-01-21
7980,ORD_e03952,CUST_e7fd68,One_Time,2026-01-24,PAY_4414,STAT_4414,2026-01-24
7981,ORD_71fe5a,CUST_b66967,One_Time,2025-09-19,PAY_e09a,STAT_182e,2025-09-19
7982,ORD_e30c1b,CUST_7e8d52,One_Time,2022-07-22,PAY_8cd2,STAT_4414,2022-07-22
7983,ORD_1cbc87,CUST_e06abd,One_Time,2026-03-24,PAY_8cd2,STAT_4414,2026-03-24
7984,ORD_0ec507,CUST_ac8a5b,Repeat,2024-02-23,PAY_182e,STAT_4414,2024-02-23
7985,ORD_4bf77a,CUST_ac8a5b,Repeat,2024-02-23,PAY_e09a,STAT_e09a,2024-02-23
7986,ORD_f5add5,CUST_ac8a5b,Repeat,2024-02-23,PAY_e09a,STAT_8cd2,2024-02-23
7987,ORD_49e73f,CUST_000e6b,One_Time,2024-07-03,PAY_4414,STAT_4414,2024-07-03
7988,ORD_e25cfc,CUST_8374c1,Commercial,2026-03-04,PAY_8cd2,STAT_8cd2,2026-03-04
7989,ORD_b87cfc,CUST_8374c1,Commercial,2025-04-16,PAY_182e,STAT_4414,2025-04-16
7990,ORD_144329,CUST_8374c1,Commercial,2025-04-16,PAY_4414,STAT_8cd2,2025-04-16
7991,ORD_c83d1b,CUST_8374c1,Commercial,2025-04-16,PAY_182e,STAT_4414,2025-04-16
7992,ORD_a67422,CUST_8374c1,Commercial,2025-04-16,PAY_182e,STAT_182e,2025-04-16
7993,ORD_0aa786,CUST_8374c1,Commercial,2025-04-16,PAY_8cd2,STAT_8cd2,2025-04-16
7994,ORD_951da6,CUST_8374c1,Commercial,2026-02-24,PAY_4414,STAT_4414,2026-02-24
7995,ORD_00130f,CUST_8374c1,Commercial,2025-04-16,PAY_182e,STAT_182e,2025-04-16
7996,ORD_84885d,CUST_8374c1,Commercial,2025-04-16,PAY_4414,STAT_182e,2025-04-16
7997,ORD_3f51ae,CUST_8374c1,Commercial,2025-04-16,PAY_182e,STAT_4414,2025-04-16
7998,ORD_d8a619,CUST_8374c1,Commercial,2025-04-16,PAY_4414,STAT_e09a,2025-04-16
7999,ORD_b68f6d,CUST_8374c1,Commercial,2025-04-16,PAY_182e,STAT_8cd2,2025-04-16
8000,ORD_21a7fb,CUST_8374c1,Commercial,2025-04-16,PAY_e09a,STAT_4414,2025-04-16
8001,ORD_71d814,CUST_c79f39,One_Time,2023-06-25,PAY_e09a,STAT_182e,2023-06-25
8002,ORD_07a31a,CUST_546478,Repeat,2024-02-16,PAY_4414,STAT_182e,2024-02-16
8003,ORD_222fc8,CUST_546478,Repeat,2024-02-16,PAY_e09a,STAT_8cd2,2024-02-16
8004,ORD_d34342,CUST_546478,Repeat,2024-02-16,PAY_4414,STAT_e09a,2024-02-16
8005,ORD_045e37,CUST_5f5421,One_Time,2026-04-21,PAY_e09a,STAT_e09a,2026-04-21
8006,ORD_fe044d,CUST_b006f7,Commercial,2026-04-20,PAY_182e,STAT_e09a,2026-04-20
8007,ORD_a7444d,CUST_b006f7,Commercial,2026-04-20,PAY_182e,STAT_4414,2026-04-20
8008,ORD_f12c33,CUST_b006f7,Commercial,2026-04-20,PAY_182e,STAT_8cd2,2026-04-20
8009,ORD_fa59d2,CUST_b006f7,Commercial,2026-04-20,PAY_e09a,STAT_e09a,2026-04-20
8010,ORD_c2b52f,CUST_b006f7,Commercial,2026-04-20,PAY_8cd2,STAT_8cd2,2026-04-20
8011,ORD_61c51f,CUST_b006f7,Commercial,2026-04-20,PAY_4414,STAT_e09a,2026-04-20
8012,ORD_71ae33,CUST_b006f7,Commercial,2026-04-20,PAY_182e,STAT_4414,2026-04-20
8013,ORD_49a9a4,CUST_b006f7,Commercial,2026-04-20,PAY_e09a,STAT_e09a,2026-04-20
8014,ORD_dee5b2,CUST_b006f7,Commercial,2026-04-20,PAY_4414,STAT_8cd2,2026-04-20
8015,ORD_bc28e1,CUST_571a8b,One_Time,2024-09-10,PAY_8cd2,STAT_182e,2024-09-10
8016,ORD_e32977,CUST_d7776a,Repeat,2026-02-21,PAY_e09a,STAT_8cd2,2026-02-21
8017,ORD_0e3976,CUST_d7776a,Repeat,2026-02-21,PAY_e09a,STAT_e09a,2026-02-21
8018,ORD_be42b0,CUST_d7776a,Repeat,2026-02-21,PAY_e09a,STAT_182e,2026-02-21
8019,ORD_24dd5d,CUST_d7776a,Repeat,2026-02-21,PAY_4414,STAT_8cd2,2026-02-21
8020,ORD_af5069,CUST_5e2514,One_Time,2024-07-14,PAY_8cd2,STAT_4414,2024-07-14
8021,ORD_9ff1a3,CUST_6cf02b,One_Time,2024-08-16,PAY_8cd2,STAT_182e,2024-08-16
8022,ORD_fb267b,CUST_8402bc,Repeat,2022-05-15,PAY_182e,STAT_8cd2,2022-05-15
8023,ORD_7a0c04,CUST_8402bc,Repeat,2025-08-11,PAY_4414,STAT_4414,2025-08-11
8024,ORD_4ecde6,CUST_8402bc,Repeat,2025-09-18,PAY_182e,STAT_4414,2025-09-18
8025,ORD_2c9040,CUST_8402bc,Repeat,2026-01-01,PAY_4414,STAT_182e,2026-01-01
8026,ORD_f47d1d,CUST_8402bc,Repeat,2021-11-10,PAY_4414,STAT_8cd2,2021-11-10
8027,ORD_d2ea74,CUST_8402bc,Repeat,2024-01-23,PAY_8cd2,STAT_8cd2,2024-01-23
8028,ORD_a4906a,CUST_75aac7,One_Time,2026-05-02,PAY_e09a,STAT_e09a,2026-05-02
8029,ORD_149bce,CUST_b8729f,One_Time,2025-09-08,PAY_e09a,STAT_4414,2025-09-08
8030,ORD_fbec3a,CUST_746294,Repeat,2026-03-06,PAY_e09a,STAT_8cd2,2026-03-06
8031,ORD_c5b956,CUST_746294,Repeat,2026-03-06,PAY_e09a,STAT_e09a,2026-03-06
8032,ORD_6d71a5,CUST_746294,Repeat,2026-03-06,PAY_182e,STAT_e09a,2026-03-06
8033,ORD_a78549,CUST_746294,Repeat,2026-03-06,PAY_182e,STAT_8cd2,2026-03-06
8034,ORD_859282,CUST_746294,Repeat,2026-03-06,PAY_8cd2,STAT_8cd2,2026-03-06
8035,ORD_0fdcf1,CUST_746294,Repeat,2026-03-06,PAY_182e,STAT_8cd2,2026-03-06
8036,ORD_2413cb,CUST_eb49c0,One_Time,2024-08-28,PAY_182e,STAT_8cd2,2024-08-28
8037,ORD_66078b,CUST_dccf3f,One_Time,2026-01-27,PAY_e09a,STAT_8cd2,2026-01-27
8038,ORD_32998f,CUST_3b612a,Repeat,2025-09-09,PAY_182e,STAT_8cd2,2025-09-09
8039,ORD_ac7dd3,CUST_3b612a,Repeat,2024-11-15,PAY_182e,STAT_4414,2024-11-15
8040,ORD_104bb6,CUST_3b612a,Repeat,2024-11-15,PAY_182e,STAT_182e,2024-11-15
8041,ORD_5cc805,CUST_3b612a,Repeat,2024-11-15,PAY_8cd2,STAT_e09a,2024-11-15
8042,ORD_9d9751,CUST_6a9ef0,One_Time,2025-01-04,PAY_182e,STAT_e09a,2025-01-04
8043,ORD_12819c,CUST_5d98c2,One_Time,2026-05-07,PAY_8cd2,STAT_8cd2,2026-05-07
8044,ORD_356831,CUST_664277,One_Time,2026-03-24,PAY_182e,STAT_182e,2026-03-24
8045,ORD_c620ed,CUST_86c7c8,One_Time,2026-02-23,PAY_8cd2,STAT_182e,2026-02-23
8046,ORD_8c90b8,CUST_264cef,Repeat,2025-10-27,PAY_e09a,STAT_4414,2025-10-27
8047,ORD_702a07,CUST_264cef,Repeat,2025-10-27,PAY_e09a,STAT_e09a,2025-10-27
8048,ORD_8855b4,CUST_9d2bc9,Repeat,2025-07-11,PAY_e09a,STAT_e09a,2025-07-11
8049,ORD_c18f88,CUST_9d2bc9,Repeat,2022-11-25,PAY_e09a,STAT_4414,2022-11-25
8050,ORD_4c529c,CUST_9d2bc9,Repeat,2024-06-05,PAY_e09a,STAT_8cd2,2024-06-05
8051,ORD_9597b7,CUST_9d2bc9,Repeat,2025-11-10,PAY_8cd2,STAT_e09a,2025-11-10
8052,ORD_3efaf6,CUST_9d2bc9,Repeat,2025-08-25,PAY_182e,STAT_182e,2025-08-25
8053,ORD_c90ea9,CUST_9d2bc9,Repeat,2023-01-08,PAY_182e,STAT_182e,2023-01-08
8054,ORD_3ff3f7,CUST_de57c1,One_Time,2023-08-17,PAY_4414,STAT_182e,2023-08-17
8055,ORD_03f9fc,CUST_506497,One_Time,2026-02-14,PAY_182e,STAT_4414,2026-02-14
8056,ORD_558930,CUST_72892e,One_Time,2025-12-10,PAY_4414,STAT_182e,2025-12-10
8057,ORD_e0c4a7,CUST_036d44,One_Time,2025-04-11,PAY_182e,STAT_182e,2025-04-11
8058,ORD_46a449,CUST_0d9f84,Repeat,2024-08-21,PAY_182e,STAT_8cd2,2024-08-21
8059,ORD_05b8f7,CUST_0d9f84,Repeat,2024-08-21,PAY_e09a,STAT_182e,2024-08-21
8060,ORD_67da21,CUST_53ac6e,One_Time,2025-10-06,PAY_4414,STAT_e09a,2025-10-06
8061,ORD_b419f7,CUST_e9df85,Repeat,2026-03-19,PAY_8cd2,STAT_182e,2026-03-19
8062,ORD_18d447,CUST_e9df85,Repeat,2026-03-19,PAY_e09a,STAT_182e,2026-03-19
8063,ORD_c3e372,CUST_e9df85,Repeat,2026-03-19,PAY_8cd2,STAT_8cd2,2026-03-19
8064,ORD_5ce193,CUST_e9df85,Repeat,2026-03-19,PAY_e09a,STAT_4414,2026-03-19
8065,ORD_297b2c,CUST_d0b74c,One_Time,2025-12-20,PAY_8cd2,STAT_182e,2025-12-20
8066,ORD_b1122e,CUST_14c4ae,Repeat,2022-01-26,PAY_4414,STAT_8cd2,2022-01-26
8067,ORD_475be9,CUST_14c4ae,Repeat,2026-05-23,PAY_182e,STAT_4414,2026-05-23
8068,ORD_6e2469,CUST_7f4648,One_Time,2026-02-07,PAY_e09a,STAT_8cd2,2026-02-07
8069,ORD_1d56fa,CUST_768b22,One_Time,2025-05-20,PAY_182e,STAT_182e,2025-05-20
8070,ORD_43a34e,CUST_1a5a08,One_Time,2023-03-25,PAY_8cd2,STAT_e09a,2023-03-25
8071,ORD_4ddfcd,CUST_c339c9,One_Time,2025-11-01,PAY_8cd2,STAT_8cd2,2025-11-01
8072,ORD_5f9a1d,CUST_673c60,One_Time,2022-05-27,PAY_8cd2,STAT_4414,2022-05-27
8073,ORD_c6968b,CUST_cad4f9,One_Time,2025-07-09,PAY_182e,STAT_182e,2025-07-09
8074,ORD_906658,CUST_a1eee4,One_Time,2025-05-28,PAY_8cd2,STAT_182e,2025-05-28
8075,ORD_d9b186,CUST_cabb62,One_Time,2024-02-28,PAY_4414,STAT_e09a,2024-02-28
8076,ORD_a7c20b,CUST_7ac01e,Repeat,2025-11-22,PAY_182e,STAT_4414,2025-11-22
8077,ORD_eab843,CUST_7ac01e,Repeat,2025-11-22,PAY_e09a,STAT_e09a,2025-11-22
8078,ORD_2eec8e,CUST_7ac01e,Repeat,2025-11-22,PAY_8cd2,STAT_8cd2,2025-11-22
8079,ORD_58a2a3,CUST_8b6eae,One_Time,2026-03-01,PAY_e09a,STAT_182e,2026-03-01
8080,ORD_35d450,CUST_28c5ac,One_Time,2022-06-07,PAY_4414,STAT_182e,2022-06-07
8081,ORD_9f6788,CUST_46016d,One_Time,2026-03-03,PAY_e09a,STAT_8cd2,2026-03-03
8082,ORD_ff1262,CUST_0200d2,Repeat,2022-08-25,PAY_182e,STAT_8cd2,2022-08-25
8083,ORD_a7a6cb,CUST_0200d2,Repeat,2022-03-19,PAY_e09a,STAT_8cd2,2022-03-19
8084,ORD_1cd286,CUST_0200d2,Repeat,2024-05-01,PAY_e09a,STAT_182e,2024-05-01
8085,ORD_bb90d5,CUST_0200d2,Repeat,2025-12-17,PAY_182e,STAT_182e,2025-12-17
8086,ORD_964aa1,CUST_0200d2,Repeat,2024-01-08,PAY_4414,STAT_4414,2024-01-08
8087,ORD_087cb5,CUST_0200d2,Repeat,2025-09-12,PAY_e09a,STAT_4414,2025-09-12
8088,ORD_baaeb8,CUST_e260a0,Repeat,2022-12-12,PAY_e09a,STAT_4414,2022-12-12
8089,ORD_9f9852,CUST_e260a0,Repeat,2024-06-28,PAY_8cd2,STAT_8cd2,2024-06-28
8090,ORD_62dcd9,CUST_e260a0,Repeat,2022-10-14,PAY_e09a,STAT_182e,2022-10-14
8091,ORD_222123,CUST_e260a0,Repeat,2024-09-02,PAY_182e,STAT_e09a,2024-09-02
8092,ORD_7e443e,CUST_e260a0,Repeat,2023-01-11,PAY_4414,STAT_182e,2023-01-11
8093,ORD_486d15,CUST_be0699,Repeat,2023-02-03,PAY_8cd2,STAT_182e,2023-02-03
8094,ORD_e21a21,CUST_be0699,Repeat,2022-08-20,PAY_e09a,STAT_8cd2,2022-08-20
8095,ORD_32a497,CUST_be0699,Repeat,2023-04-15,PAY_8cd2,STAT_4414,2023-04-15
8096,ORD_8e99fc,CUST_3bff4c,One_Time,2022-07-12,PAY_e09a,STAT_182e,2022-07-12
8097,ORD_ba7b0e,CUST_b83083,One_Time,2023-01-25,PAY_8cd2,STAT_182e,2023-01-25
8098,ORD_336f03,CUST_b847fe,One_Time,2023-02-20,PAY_e09a,STAT_182e,2023-02-20
8099,ORD_94dcb6,CUST_ea20b1,Repeat,2024-11-16,PAY_182e,STAT_4414,2024-11-16
8100,ORD_783be6,CUST_ea20b1,Repeat,2025-06-27,PAY_4414,STAT_4414,2025-06-27
8101,ORD_3d01d7,CUST_ea20b1,Repeat,2024-01-05,PAY_4414,STAT_e09a,2024-01-05
8102,ORD_764f27,CUST_ea20b1,Repeat,2024-01-05,PAY_8cd2,STAT_4414,2024-01-05
8103,ORD_7be450,CUST_ea20b1,Repeat,2024-01-05,PAY_4414,STAT_4414,2024-01-05
8104,ORD_5c4366,CUST_ea20b1,Repeat,2024-01-05,PAY_4414,STAT_182e,2024-01-05
8105,ORD_20a19b,CUST_d5dd5c,Repeat,2024-05-15,PAY_8cd2,STAT_4414,2024-05-15
8106,ORD_02b0b9,CUST_d5dd5c,Repeat,2023-10-20,PAY_8cd2,STAT_4414,2023-10-20
8107,ORD_6302e6,CUST_d5dd5c,Repeat,2023-10-20,PAY_8cd2,STAT_4414,2023-10-20
8108,ORD_3b24d0,CUST_d5dd5c,Repeat,2026-04-24,PAY_e09a,STAT_4414,2026-04-24
8109,ORD_4afe72,CUST_d5dd5c,Repeat,2025-07-16,PAY_182e,STAT_182e,2025-07-16
8110,ORD_a43e95,CUST_d5dd5c,Repeat,2023-12-09,PAY_182e,STAT_e09a,2023-12-09
8111,ORD_4101eb,CUST_9010c8,One_Time,2025-04-20,PAY_e09a,STAT_182e,2025-04-20
8112,ORD_e5b9e9,CUST_63554f,Repeat,2026-02-09,PAY_182e,STAT_4414,2026-02-09
8113,ORD_61230d,CUST_63554f,Repeat,2026-01-19,PAY_8cd2,STAT_8cd2,2026-01-19
8114,ORD_42a30e,CUST_63554f,Repeat,2026-01-19,PAY_182e,STAT_e09a,2026-01-19
8115,ORD_08f736,CUST_1146d5,One_Time,2024-11-27,PAY_182e,STAT_4414,2024-11-27
8116,ORD_e21995,CUST_ea9e2a,One_Time,2023-06-04,PAY_4414,STAT_4414,2023-06-04
8117,ORD_898ad9,CUST_920310,Repeat,2025-07-22,PAY_182e,STAT_8cd2,2025-07-22
8118,ORD_675339,CUST_920310,Repeat,2024-03-11,PAY_8cd2,STAT_8cd2,2024-03-11
8119,ORD_ee1205,CUST_920310,Repeat,2024-03-11,PAY_e09a,STAT_4414,2024-03-11
8120,ORD_a0f3df,CUST_920310,Repeat,2024-03-11,PAY_e09a,STAT_e09a,2024-03-11
8121,ORD_777b13,CUST_920310,Repeat,2026-04-24,PAY_182e,STAT_4414,2026-04-24
8122,ORD_fc47a8,CUST_359129,One_Time,2022-02-04,PAY_4414,STAT_4414,2022-02-04
8123,ORD_c8c6dd,CUST_dbba0e,Commercial,2025-02-02,PAY_8cd2,STAT_4414,2025-02-02
8124,ORD_d93794,CUST_dbba0e,Commercial,2025-02-02,PAY_e09a,STAT_8cd2,2025-02-02
8125,ORD_2aba9d,CUST_dbba0e,Commercial,2025-02-02,PAY_8cd2,STAT_4414,2025-02-02
8126,ORD_64b11e,CUST_dbba0e,Commercial,2025-02-02,PAY_8cd2,STAT_8cd2,2025-02-02
8127,ORD_9f2ea8,CUST_dbba0e,Commercial,2025-02-02,PAY_182e,STAT_e09a,2025-02-02
8128,ORD_72e95f,CUST_dbba0e,Commercial,2025-02-02,PAY_182e,STAT_4414,2025-02-02
8129,ORD_399d08,CUST_dbba0e,Commercial,2025-02-02,PAY_182e,STAT_4414,2025-02-02
8130,ORD_082e2a,CUST_dbba0e,Commercial,2026-01-23,PAY_e09a,STAT_8cd2,2026-01-23
8131,ORD_fd3d67,CUST_dbba0e,Commercial,2025-02-02,PAY_182e,STAT_182e,2025-02-02
8132,ORD_1fca10,CUST_dbba0e,Commercial,2025-02-02,PAY_e09a,STAT_8cd2,2025-02-02
8133,ORD_d3d94b,CUST_dbba0e,Commercial,2026-01-20,PAY_4414,STAT_e09a,2026-01-20
8134,ORD_3d2695,CUST_dbba0e,Commercial,2025-09-27,PAY_8cd2,STAT_182e,2025-09-27
8135,ORD_ad5aca,CUST_255a48,One_Time,2024-07-27,PAY_8cd2,STAT_8cd2,2024-07-27
8136,ORD_d2d26e,CUST_4b0e84,One_Time,2025-07-22,PAY_e09a,STAT_e09a,2025-07-22
8137,ORD_6aa344,CUST_bdd3ed,One_Time,2024-06-15,PAY_e09a,STAT_4414,2024-06-15
8138,ORD_c371bf,CUST_6dc914,Repeat,2026-05-17,PAY_182e,STAT_8cd2,2026-05-17
8139,ORD_dc27f1,CUST_6dc914,Repeat,2025-04-16,PAY_182e,STAT_4414,2025-04-16
8140,ORD_0193de,CUST_6dc914,Repeat,2025-04-16,PAY_e09a,STAT_182e,2025-04-16
8141,ORD_32ea0a,CUST_6dc914,Repeat,2025-04-16,PAY_4414,STAT_8cd2,2025-04-16
8142,ORD_d3fefa,CUST_6dc914,Repeat,2025-04-16,PAY_4414,STAT_8cd2,2025-04-16
8143,ORD_b59138,CUST_6dc914,Repeat,2025-04-16,PAY_182e,STAT_8cd2,2025-04-16
8144,ORD_fd16ee,CUST_521549,One_Time,2024-10-05,PAY_4414,STAT_4414,2024-10-05
8145,ORD_2c17c5,CUST_0f6919,One_Time,2022-04-13,PAY_8cd2,STAT_4414,2022-04-13
8146,ORD_567dc6,CUST_2593d7,One_Time,2025-06-25,PAY_e09a,STAT_8cd2,2025-06-25
8147,ORD_6599d1,CUST_de4074,Repeat,2024-06-27,PAY_8cd2,STAT_182e,2024-06-27
8148,ORD_a3575f,CUST_de4074,Repeat,2024-06-27,PAY_8cd2,STAT_4414,2024-06-27
8149,ORD_d7185c,CUST_de4074,Repeat,2025-04-02,PAY_8cd2,STAT_8cd2,2025-04-02
8150,ORD_8548aa,CUST_de4074,Repeat,2024-07-08,PAY_e09a,STAT_e09a,2024-07-08
8151,ORD_2c5381,CUST_b5633a,One_Time,2025-05-26,PAY_182e,STAT_182e,2025-05-26
8152,ORD_ef6e7e,CUST_6b3ed0,One_Time,2025-09-13,PAY_8cd2,STAT_4414,2025-09-13
8153,ORD_3d995a,CUST_eafc0a,One_Time,2026-04-03,PAY_8cd2,STAT_8cd2,2026-04-03
8154,ORD_bb65e6,CUST_33c1f2,Repeat,2025-07-26,PAY_8cd2,STAT_182e,2025-07-26
8155,ORD_9fc94a,CUST_33c1f2,Repeat,2024-04-14,PAY_e09a,STAT_4414,2024-04-14
8156,ORD_4c4bd3,CUST_104f5b,Repeat,2024-09-02,PAY_e09a,STAT_8cd2,2024-09-02
8157,ORD_4d58b3,CUST_104f5b,Repeat,2024-09-02,PAY_8cd2,STAT_e09a,2024-09-02
8158,ORD_a301ab,CUST_104f5b,Repeat,2024-09-02,PAY_4414,STAT_4414,2024-09-02
8159,ORD_acc03f,CUST_104f5b,Repeat,2025-10-23,PAY_4414,STAT_8cd2,2025-10-23
8160,ORD_4b5cef,CUST_104f5b,Repeat,2024-09-02,PAY_182e,STAT_4414,2024-09-02
8161,ORD_5b811f,CUST_410a2a,One_Time,2022-01-25,PAY_182e,STAT_4414,2022-01-25
8162,ORD_842448,CUST_2f293d,One_Time,2025-10-07,PAY_182e,STAT_8cd2,2025-10-07
8163,ORD_14df7f,CUST_81c27c,One_Time,2023-05-07,PAY_4414,STAT_4414,2023-05-07
8164,ORD_8dc352,CUST_b7cf71,One_Time,2025-08-18,PAY_4414,STAT_182e,2025-08-18
8165,ORD_5e72bd,CUST_052619,One_Time,2024-04-20,PAY_4414,STAT_182e,2024-04-20
8166,ORD_23bb25,CUST_218f69,One_Time,2023-09-15,PAY_4414,STAT_182e,2023-09-15
8167,ORD_24a7df,CUST_20e68d,Repeat,2025-06-02,PAY_8cd2,STAT_182e,2025-06-02
8168,ORD_a4f985,CUST_20e68d,Repeat,2022-11-24,PAY_4414,STAT_8cd2,2022-11-24
8169,ORD_60f38f,CUST_20e68d,Repeat,2026-02-24,PAY_8cd2,STAT_182e,2026-02-24
8170,ORD_218320,CUST_20e68d,Repeat,2023-03-05,PAY_8cd2,STAT_8cd2,2023-03-05
8171,ORD_582644,CUST_20e68d,Repeat,2023-11-01,PAY_8cd2,STAT_182e,2023-11-01
8172,ORD_00bf3e,CUST_bb9558,One_Time,2023-12-08,PAY_e09a,STAT_8cd2,2023-12-08
8173,ORD_5cd50c,CUST_950e18,One_Time,2024-06-26,PAY_e09a,STAT_e09a,2024-06-26
8174,ORD_07f338,CUST_b6caa6,One_Time,2025-06-28,PAY_4414,STAT_e09a,2025-06-28
8175,ORD_3e2842,CUST_64e7a9,One_Time,2025-04-28,PAY_4414,STAT_e09a,2025-04-28
8176,ORD_526fde,CUST_0189a3,One_Time,2026-01-20,PAY_182e,STAT_4414,2026-01-20
8177,ORD_bbecde,CUST_03247e,One_Time,2024-12-25,PAY_182e,STAT_4414,2024-12-25
8178,ORD_800ac3,CUST_ddf84e,One_Time,2024-05-24,PAY_182e,STAT_8cd2,2024-05-24
8179,ORD_529d7c,CUST_d5772d,One_Time,2023-04-24,PAY_182e,STAT_182e,2023-04-24
8180,ORD_5da830,CUST_aa9f78,One_Time,2024-12-14,PAY_8cd2,STAT_8cd2,2024-12-14
8181,ORD_277db8,CUST_6725b4,One_Time,2026-01-05,PAY_4414,STAT_182e,2026-01-05
8182,ORD_49a9ed,CUST_7ea30d,Commercial,2026-05-10,PAY_e09a,STAT_8cd2,2026-05-10
8183,ORD_de3ad7,CUST_7ea30d,Commercial,2026-05-09,PAY_4414,STAT_4414,2026-05-09
8184,ORD_3481c2,CUST_7ea30d,Commercial,2026-05-09,PAY_8cd2,STAT_8cd2,2026-05-09
8185,ORD_1e4a0b,CUST_7ea30d,Commercial,2026-05-09,PAY_8cd2,STAT_4414,2026-05-09
8186,ORD_42d3ff,CUST_7ea30d,Commercial,2026-05-28,PAY_182e,STAT_4414,2026-05-28
8187,ORD_fdb34f,CUST_7ea30d,Commercial,2026-05-09,PAY_8cd2,STAT_182e,2026-05-09
8188,ORD_756ee3,CUST_7ea30d,Commercial,2026-05-09,PAY_4414,STAT_4414,2026-05-09
8189,ORD_a05174,CUST_7ea30d,Commercial,2026-05-09,PAY_e09a,STAT_4414,2026-05-09
8190,ORD_7e3241,CUST_7ea30d,Commercial,2026-05-09,PAY_8cd2,STAT_e09a,2026-05-09
8191,ORD_5bebb6,CUST_7ea30d,Commercial,2026-05-09,PAY_182e,STAT_e09a,2026-05-09
8192,ORD_f4ad3a,CUST_7ea30d,Commercial,2026-05-09,PAY_182e,STAT_4414,2026-05-09
8193,ORD_889de3,CUST_7ea30d,Commercial,2026-05-09,PAY_e09a,STAT_e09a,2026-05-09
8194,ORD_0498ea,CUST_7ea30d,Commercial,2026-05-09,PAY_8cd2,STAT_4414,2026-05-09
8195,ORD_4cda4f,CUST_7ea30d,Commercial,2026-05-09,PAY_e09a,STAT_182e,2026-05-09
8196,ORD_d4bbb8,CUST_7ea30d,Commercial,2026-05-09,PAY_4414,STAT_182e,2026-05-09
8197,ORD_d3f923,CUST_7ea30d,Commercial,2026-05-09,PAY_e09a,STAT_8cd2,2026-05-09
8198,ORD_5edd51,CUST_7ea30d,Commercial,2026-05-09,PAY_4414,STAT_182e,2026-05-09
8199,ORD_ab17c3,CUST_c7a1a6,One_Time,2026-02-19,PAY_e09a,STAT_4414,2026-02-19
8200,ORD_c8561d,CUST_46e8f1,One_Time,2023-05-01,PAY_8cd2,STAT_182e,2023-05-01
8201,ORD_6707a6,CUST_f3a9c1,One_Time,2026-04-17,PAY_4414,STAT_8cd2,2026-04-17
8202,ORD_1cde4d,CUST_d8559c,One_Time,2024-01-17,PAY_8cd2,STAT_182e,2024-01-17
8203,ORD_fadde7,CUST_b57b4e,One_Time,2024-09-12,PAY_8cd2,STAT_182e,2024-09-12
8204,ORD_fa2196,CUST_0e15c1,One_Time,2024-11-22,PAY_4414,STAT_4414,2024-11-22
8205,ORD_209ddb,CUST_0b06aa,Commercial,2025-06-26,PAY_4414,STAT_182e,2025-06-26
8206,ORD_9bee22,CUST_0b06aa,Commercial,2025-06-26,PAY_e09a,STAT_8cd2,2025-06-26
8207,ORD_559ca1,CUST_0b06aa,Commercial,2025-06-26,PAY_4414,STAT_e09a,2025-06-26
8208,ORD_f62dab,CUST_0b06aa,Commercial,2025-06-26,PAY_e09a,STAT_8cd2,2025-06-26
8209,ORD_0886b7,CUST_0b06aa,Commercial,2025-06-26,PAY_e09a,STAT_4414,2025-06-26
8210,ORD_fc2461,CUST_0b06aa,Commercial,2025-06-26,PAY_e09a,STAT_182e,2025-06-26
8211,ORD_136c3a,CUST_0b06aa,Commercial,2025-06-26,PAY_e09a,STAT_e09a,2025-06-26
8212,ORD_5e6a84,CUST_0b06aa,Commercial,2025-06-26,PAY_4414,STAT_8cd2,2025-06-26
8213,ORD_534f9e,CUST_0b06aa,Commercial,2025-06-26,PAY_182e,STAT_4414,2025-06-26
8214,ORD_64b232,CUST_0b06aa,Commercial,2025-06-26,PAY_8cd2,STAT_182e,2025-06-26
8215,ORD_a036ac,CUST_0b06aa,Commercial,2025-06-26,PAY_4414,STAT_4414,2025-06-26
8216,ORD_4f5a77,CUST_0b06aa,Commercial,2026-02-20,PAY_8cd2,STAT_4414,2026-02-20
8217,ORD_876a79,CUST_0b06aa,Commercial,2026-05-03,PAY_8cd2,STAT_e09a,2026-05-03
8218,ORD_e2fa3c,CUST_0b06aa,Commercial,2025-06-26,PAY_e09a,STAT_e09a,2025-06-26
8219,ORD_d501b6,CUST_0b06aa,Commercial,2025-06-26,PAY_4414,STAT_8cd2,2025-06-26
8220,ORD_b38d80,CUST_0b06aa,Commercial,2025-06-26,PAY_182e,STAT_e09a,2025-06-26
8221,ORD_155309,CUST_0b06aa,Commercial,2026-04-02,PAY_4414,STAT_8cd2,2026-04-02
8222,ORD_8105f2,CUST_599374,Repeat,2023-02-14,PAY_8cd2,STAT_8cd2,2023-02-14
8223,ORD_faef39,CUST_599374,Repeat,2023-12-23,PAY_8cd2,STAT_e09a,2023-12-23
8224,ORD_aff751,CUST_599374,Repeat,2023-12-11,PAY_8cd2,STAT_182e,2023-12-11
8225,ORD_a58b64,CUST_599374,Repeat,2024-08-22,PAY_e09a,STAT_182e,2024-08-22
8226,ORD_687bd5,CUST_4790e5,One_Time,2026-01-22,PAY_182e,STAT_8cd2,2026-01-22
8227,ORD_e0286f,CUST_ae5c8a,One_Time,2023-01-08,PAY_e09a,STAT_e09a,2023-01-08
8228,ORD_70566b,CUST_7c10c3,Repeat,2023-05-02,PAY_182e,STAT_e09a,2023-05-02
8229,ORD_acf459,CUST_7c10c3,Repeat,2025-11-09,PAY_4414,STAT_182e,2025-11-09
8230,ORD_1d3b4c,CUST_7c10c3,Repeat,2023-05-02,PAY_4414,STAT_e09a,2023-05-02
8231,ORD_925a92,CUST_7c10c3,Repeat,2023-05-02,PAY_4414,STAT_4414,2023-05-02
8232,ORD_7d6046,CUST_7c10c3,Repeat,2025-02-02,PAY_4414,STAT_e09a,2025-02-02
8233,ORD_1be80b,CUST_7c10c3,Repeat,2023-05-02,PAY_4414,STAT_8cd2,2023-05-02
8234,ORD_703408,CUST_48dfab,One_Time,2023-12-02,PAY_e09a,STAT_182e,2023-12-02
8235,ORD_9bf1fe,CUST_de065f,Repeat,2022-09-24,PAY_8cd2,STAT_182e,2022-09-24
8236,ORD_924db6,CUST_de065f,Repeat,2026-05-16,PAY_4414,STAT_8cd2,2026-05-16
8237,ORD_f88cbf,CUST_de065f,Repeat,2024-05-26,PAY_4414,STAT_182e,2024-05-26
8238,ORD_b5572c,CUST_de065f,Repeat,2022-08-04,PAY_182e,STAT_4414,2022-08-04
8239,ORD_d96c75,CUST_13528c,One_Time,2022-08-24,PAY_182e,STAT_4414,2022-08-24
8240,ORD_3223d3,CUST_86b5a6,One_Time,2025-04-13,PAY_8cd2,STAT_4414,2025-04-13
8241,ORD_8e70b3,CUST_0ebfb7,One_Time,2025-08-06,PAY_4414,STAT_8cd2,2025-08-06
8242,ORD_e322e6,CUST_7b3c6a,One_Time,2026-02-24,PAY_e09a,STAT_4414,2026-02-24
8243,ORD_063cf3,CUST_28966b,One_Time,2025-06-27,PAY_8cd2,STAT_182e,2025-06-27
8244,ORD_3ad6ce,CUST_9ec041,One_Time,2022-02-20,PAY_182e,STAT_e09a,2022-02-20
8245,ORD_03ae7d,CUST_ab77e2,One_Time,2025-02-10,PAY_182e,STAT_4414,2025-02-10
8246,ORD_2d9e2f,CUST_5e82cf,Repeat,2025-04-09,PAY_e09a,STAT_e09a,2025-04-09
8247,ORD_2c4cdd,CUST_5e82cf,Repeat,2025-04-09,PAY_e09a,STAT_4414,2025-04-09
8248,ORD_19fe46,CUST_5e82cf,Repeat,2025-04-09,PAY_8cd2,STAT_182e,2025-04-09
8249,ORD_496669,CUST_e81ead,One_Time,2026-04-25,PAY_e09a,STAT_8cd2,2026-04-25
8250,ORD_121042,CUST_f1d527,Repeat,2024-05-05,PAY_e09a,STAT_4414,2024-05-05
8251,ORD_2df053,CUST_f1d527,Repeat,2024-02-27,PAY_4414,STAT_4414,2024-02-27
8252,ORD_8f996c,CUST_f1d527,Repeat,2024-02-27,PAY_8cd2,STAT_e09a,2024-02-27
8253,ORD_873703,CUST_f1d527,Repeat,2025-05-17,PAY_8cd2,STAT_182e,2025-05-17
8254,ORD_265cdf,CUST_f1d527,Repeat,2025-05-20,PAY_8cd2,STAT_4414,2025-05-20
8255,ORD_1f8558,CUST_f1d527,Repeat,2024-12-15,PAY_4414,STAT_e09a,2024-12-15
8256,ORD_f5a069,CUST_3b9c7c,Commercial,2024-07-01,PAY_e09a,STAT_182e,2024-07-01
8257,ORD_0d9fc9,CUST_3b9c7c,Commercial,2023-07-03,PAY_e09a,STAT_4414,2023-07-03
8258,ORD_523e47,CUST_3b9c7c,Commercial,2025-10-16,PAY_e09a,STAT_e09a,2025-10-16
8259,ORD_f1bfd1,CUST_3b9c7c,Commercial,2022-10-09,PAY_182e,STAT_e09a,2022-10-09
8260,ORD_b00b01,CUST_3b9c7c,Commercial,2025-09-25,PAY_182e,STAT_8cd2,2025-09-25
8261,ORD_ed57a4,CUST_3b9c7c,Commercial,2023-12-08,PAY_8cd2,STAT_4414,2023-12-08
8262,ORD_83a52c,CUST_3b9c7c,Commercial,2022-10-09,PAY_4414,STAT_182e,2022-10-09
8263,ORD_b5cbcc,CUST_3b9c7c,Commercial,2022-10-09,PAY_4414,STAT_4414,2022-10-09
8264,ORD_278458,CUST_3b9c7c,Commercial,2022-10-09,PAY_e09a,STAT_e09a,2022-10-09
8265,ORD_d25678,CUST_b26828,One_Time,2023-06-21,PAY_182e,STAT_e09a,2023-06-21
8266,ORD_3e33c2,CUST_12474a,One_Time,2024-07-18,PAY_e09a,STAT_e09a,2024-07-18
8267,ORD_a90349,CUST_c2093c,One_Time,2025-11-13,PAY_182e,STAT_4414,2025-11-13
8268,ORD_ec0345,CUST_31d119,Repeat,2026-05-17,PAY_182e,STAT_e09a,2026-05-17
8269,ORD_19643e,CUST_31d119,Repeat,2026-05-17,PAY_182e,STAT_4414,2026-05-17
8270,ORD_f18c81,CUST_31d119,Repeat,2026-05-17,PAY_4414,STAT_4414,2026-05-17
8271,ORD_7853b3,CUST_31d119,Repeat,2026-05-17,PAY_4414,STAT_182e,2026-05-17
8272,ORD_42c38a,CUST_4a7029,One_Time,2022-11-15,PAY_e09a,STAT_e09a,2022-11-15
8273,ORD_17570b,CUST_ff6fdf,One_Time,2025-07-27,PAY_e09a,STAT_8cd2,2025-07-27
8274,ORD_f7e643,CUST_1dd985,Repeat,2024-09-02,PAY_e09a,STAT_4414,2024-09-02
8275,ORD_2b042f,CUST_1dd985,Repeat,2024-09-02,PAY_4414,STAT_182e,2024-09-02
8276,ORD_29cac3,CUST_1dd985,Repeat,2024-11-09,PAY_8cd2,STAT_4414,2024-11-09
8277,ORD_29c92f,CUST_0e1b01,Repeat,2026-02-04,PAY_182e,STAT_8cd2,2026-02-04
8278,ORD_e3f4e3,CUST_0e1b01,Repeat,2026-02-04,PAY_4414,STAT_182e,2026-02-04
8279,ORD_7ab7af,CUST_0e1b01,Repeat,2026-02-04,PAY_8cd2,STAT_182e,2026-02-04
8280,ORD_cd755d,CUST_0e1b01,Repeat,2026-02-04,PAY_182e,STAT_8cd2,2026-02-04
8281,ORD_6451ac,CUST_0e1b01,Repeat,2026-02-04,PAY_4414,STAT_4414,2026-02-04
8282,ORD_7a3e2a,CUST_0e1b01,Repeat,2026-02-04,PAY_182e,STAT_8cd2,2026-02-04
8283,ORD_d7e1a5,CUST_b77380,One_Time,2024-02-15,PAY_4414,STAT_8cd2,2024-02-15
8284,ORD_6ca40b,CUST_3a1bb5,One_Time,2025-03-08,PAY_e09a,STAT_8cd2,2025-03-08
8285,ORD_613d6b,CUST_e02de1,One_Time,2023-10-28,PAY_4414,STAT_182e,2023-10-28
8286,ORD_250c29,CUST_248566,One_Time,2025-10-26,PAY_e09a,STAT_8cd2,2025-10-26
8287,ORD_97ebf3,CUST_00025e,One_Time,2024-10-22,PAY_8cd2,STAT_182e,2024-10-22
8288,ORD_e9c35b,CUST_d65bff,One_Time,2022-02-07,PAY_e09a,STAT_182e,2022-02-07
8289,ORD_040269,CUST_a84e06,One_Time,2025-03-11,PAY_e09a,STAT_4414,2025-03-11
8290,ORD_b49f22,CUST_5921d5,Repeat,2022-02-26,PAY_182e,STAT_182e,2022-02-26
8291,ORD_e677a5,CUST_5921d5,Repeat,2022-02-26,PAY_4414,STAT_e09a,2022-02-26
8292,ORD_15ef16,CUST_5921d5,Repeat,2023-02-23,PAY_182e,STAT_8cd2,2023-02-23
8293,ORD_c8aee3,CUST_5921d5,Repeat,2022-05-09,PAY_182e,STAT_182e,2022-05-09
8294,ORD_df28e5,CUST_12447e,One_Time,2026-05-03,PAY_182e,STAT_182e,2026-05-03
8295,ORD_37f0a9,CUST_718f29,One_Time,2025-05-17,PAY_182e,STAT_182e,2025-05-17
8296,ORD_8a7087,CUST_53b0aa,One_Time,2025-12-01,PAY_e09a,STAT_4414,2025-12-01
8297,ORD_2d6ea1,CUST_3c94cc,One_Time,2025-10-25,PAY_8cd2,STAT_182e,2025-10-25
8298,ORD_cdb0a3,CUST_460527,Repeat,2025-12-27,PAY_8cd2,STAT_8cd2,2025-12-27
8299,ORD_b3a816,CUST_460527,Repeat,2025-12-27,PAY_8cd2,STAT_4414,2025-12-27
8300,ORD_adf26a,CUST_460527,Repeat,2025-12-27,PAY_e09a,STAT_4414,2025-12-27
8301,ORD_bc6bd4,CUST_460527,Repeat,2025-12-27,PAY_182e,STAT_e09a,2025-12-27
8302,ORD_96c27f,CUST_460527,Repeat,2025-12-27,PAY_182e,STAT_8cd2,2025-12-27
8303,ORD_fd7fd8,CUST_bca937,One_Time,2024-09-05,PAY_182e,STAT_4414,2024-09-05
8304,ORD_83eb00,CUST_ff7af5,Repeat,2025-01-02,PAY_e09a,STAT_e09a,2025-01-02
8305,ORD_9389af,CUST_ff7af5,Repeat,2026-04-04,PAY_8cd2,STAT_4414,2026-04-04
8306,ORD_367200,CUST_ff7af5,Repeat,2026-03-14,PAY_8cd2,STAT_8cd2,2026-03-14
8307,ORD_e6b64f,CUST_9c7726,Repeat,2026-05-27,PAY_182e,STAT_e09a,2026-05-27
8308,ORD_e562c1,CUST_9c7726,Repeat,2023-07-08,PAY_182e,STAT_4414,2023-07-08
8309,ORD_abc573,CUST_9c7726,Repeat,2023-04-22,PAY_4414,STAT_8cd2,2023-04-22
8310,ORD_0676f3,CUST_9c7726,Repeat,2025-03-05,PAY_8cd2,STAT_182e,2025-03-05
8311,ORD_e8ee9d,CUST_9c7726,Repeat,2025-01-24,PAY_e09a,STAT_4414,2025-01-24
8312,ORD_33d8aa,CUST_4d795f,One_Time,2023-01-24,PAY_e09a,STAT_e09a,2023-01-24
8313,ORD_4c73da,CUST_10b9c7,One_Time,2023-12-24,PAY_8cd2,STAT_182e,2023-12-24
8314,ORD_398b04,CUST_5f44df,One_Time,2025-06-07,PAY_e09a,STAT_182e,2025-06-07
8315,ORD_cc8293,CUST_5f729a,One_Time,2025-06-14,PAY_8cd2,STAT_e09a,2025-06-14
8316,ORD_4893dd,CUST_b765b6,One_Time,2025-10-10,PAY_8cd2,STAT_182e,2025-10-10
8317,ORD_8595e9,CUST_07b368,One_Time,2024-10-10,PAY_e09a,STAT_4414,2024-10-10
8318,ORD_3e25fa,CUST_65a9d0,One_Time,2023-10-08,PAY_182e,STAT_4414,2023-10-08
8319,ORD_8b36dc,CUST_bdf17d,One_Time,2024-10-18,PAY_8cd2,STAT_4414,2024-10-18
8320,ORD_90a95c,CUST_aea52a,Repeat,2024-09-01,PAY_8cd2,STAT_e09a,2024-09-01
8321,ORD_6d15d6,CUST_aea52a,Repeat,2024-09-23,PAY_182e,STAT_e09a,2024-09-23
8322,ORD_3e5b65,CUST_aea52a,Repeat,2024-04-07,PAY_8cd2,STAT_e09a,2024-04-07
8323,ORD_df6521,CUST_80efd7,One_Time,2025-02-22,PAY_4414,STAT_4414,2025-02-22
8324,ORD_f09b94,CUST_2150a1,Repeat,2023-06-04,PAY_e09a,STAT_4414,2023-06-04
8325,ORD_2a03b7,CUST_2150a1,Repeat,2024-04-19,PAY_8cd2,STAT_8cd2,2024-04-19
8326,ORD_99aee7,CUST_2150a1,Repeat,2023-09-27,PAY_8cd2,STAT_182e,2023-09-27
8327,ORD_e34329,CUST_b4a18d,Repeat,2025-06-17,PAY_8cd2,STAT_8cd2,2025-06-17
8328,ORD_5ab38a,CUST_b4a18d,Repeat,2025-07-14,PAY_8cd2,STAT_e09a,2025-07-14
8329,ORD_b77ac4,CUST_b4a18d,Repeat,2025-07-16,PAY_e09a,STAT_182e,2025-07-16
8330,ORD_a6a9eb,CUST_e17bcb,One_Time,2026-02-09,PAY_182e,STAT_182e,2026-02-09
8331,ORD_7715a7,CUST_c9260d,One_Time,2026-04-08,PAY_8cd2,STAT_8cd2,2026-04-08
8332,ORD_2e933a,CUST_2519d6,One_Time,2025-09-02,PAY_e09a,STAT_182e,2025-09-02
8333,ORD_a8679a,CUST_d7f51f,Repeat,2024-01-25,PAY_8cd2,STAT_182e,2024-01-25
8334,ORD_41a92c,CUST_d7f51f,Repeat,2024-11-16,PAY_e09a,STAT_e09a,2024-11-16
8335,ORD_69117f,CUST_d7f51f,Repeat,2026-05-26,PAY_8cd2,STAT_e09a,2026-05-26
8336,ORD_db959b,CUST_938647,One_Time,2024-11-19,PAY_4414,STAT_182e,2024-11-19
8337,ORD_010dd0,CUST_5c85e6,Repeat,2022-07-21,PAY_e09a,STAT_8cd2,2022-07-21
8338,ORD_2b6ede,CUST_5c85e6,Repeat,2025-08-07,PAY_8cd2,STAT_e09a,2025-08-07
8339,ORD_a38c72,CUST_eec561,One_Time,2025-10-14,PAY_4414,STAT_182e,2025-10-14
8340,ORD_14ee69,CUST_6313ff,One_Time,2023-05-25,PAY_182e,STAT_e09a,2023-05-25
8341,ORD_a48139,CUST_a65566,One_Time,2026-05-07,PAY_8cd2,STAT_8cd2,2026-05-07
8342,ORD_3d6dfa,CUST_cebece,One_Time,2025-10-09,PAY_4414,STAT_8cd2,2025-10-09
8343,ORD_b1f2e2,CUST_933238,One_Time,2025-03-21,PAY_182e,STAT_4414,2025-03-21
8344,ORD_d597aa,CUST_4a7343,One_Time,2023-12-23,PAY_e09a,STAT_182e,2023-12-23
8345,ORD_b89bdc,CUST_cd3fa6,One_Time,2024-06-07,PAY_8cd2,STAT_e09a,2024-06-07
8346,ORD_01bdcc,CUST_b69856,One_Time,2026-01-20,PAY_e09a,STAT_4414,2026-01-20
8347,ORD_450c25,CUST_478bba,One_Time,2025-12-21,PAY_182e,STAT_182e,2025-12-21
8348,ORD_a3ee3f,CUST_bb8e41,One_Time,2025-07-22,PAY_e09a,STAT_e09a,2025-07-22
8349,ORD_584d24,CUST_fa8dba,Repeat,2024-10-24,PAY_8cd2,STAT_e09a,2024-10-24
8350,ORD_d6a606,CUST_fa8dba,Repeat,2025-02-21,PAY_4414,STAT_4414,2025-02-21
8351,ORD_def2d3,CUST_fa8dba,Repeat,2024-10-24,PAY_e09a,STAT_e09a,2024-10-24
8352,ORD_fa18e3,CUST_fa8dba,Repeat,2024-10-24,PAY_4414,STAT_182e,2024-10-24
8353,ORD_b1560f,CUST_fa8dba,Repeat,2024-10-24,PAY_e09a,STAT_8cd2,2024-10-24
8354,ORD_44ca32,CUST_f473d7,Commercial,2023-10-18,PAY_8cd2,STAT_e09a,2023-10-18
8355,ORD_14a73e,CUST_f473d7,Commercial,2024-11-01,PAY_8cd2,STAT_e09a,2024-11-01
8356,ORD_e3743c,CUST_f473d7,Commercial,2022-10-10,PAY_182e,STAT_4414,2022-10-10
8357,ORD_4e3004,CUST_f473d7,Commercial,2022-07-19,PAY_4414,STAT_e09a,2022-07-19
8358,ORD_6021ef,CUST_f473d7,Commercial,2023-02-16,PAY_182e,STAT_8cd2,2023-02-16
8359,ORD_17ae30,CUST_f473d7,Commercial,2024-02-17,PAY_8cd2,STAT_182e,2024-02-17
8360,ORD_ec7511,CUST_f473d7,Commercial,2023-04-07,PAY_e09a,STAT_4414,2023-04-07
8361,ORD_1200ae,CUST_f473d7,Commercial,2024-01-06,PAY_182e,STAT_182e,2024-01-06
8362,ORD_44db05,CUST_f473d7,Commercial,2022-07-19,PAY_182e,STAT_4414,2022-07-19
8363,ORD_60b67c,CUST_f473d7,Commercial,2023-06-25,PAY_e09a,STAT_8cd2,2023-06-25
8364,ORD_32cc48,CUST_f473d7,Commercial,2022-07-19,PAY_8cd2,STAT_8cd2,2022-07-19
8365,ORD_a7d15f,CUST_f473d7,Commercial,2023-12-05,PAY_e09a,STAT_e09a,2023-12-05
8366,ORD_e1b0d2,CUST_f473d7,Commercial,2024-03-10,PAY_8cd2,STAT_e09a,2024-03-10
8367,ORD_02afe6,CUST_f473d7,Commercial,2022-07-19,PAY_4414,STAT_8cd2,2022-07-19
8368,ORD_5687b4,CUST_621fdb,One_Time,2025-11-16,PAY_8cd2,STAT_8cd2,2025-11-16
8369,ORD_d653d7,CUST_a77681,One_Time,2025-02-26,PAY_182e,STAT_182e,2025-02-26
8370,ORD_5229ef,CUST_fc52dc,One_Time,2025-06-28,PAY_8cd2,STAT_4414,2025-06-28
8371,ORD_80654e,CUST_d96b23,One_Time,2024-03-22,PAY_e09a,STAT_182e,2024-03-22
8372,ORD_b6f556,CUST_9808e5,Repeat,2023-07-06,PAY_4414,STAT_182e,2023-07-06
8373,ORD_d711f0,CUST_9808e5,Repeat,2025-04-20,PAY_e09a,STAT_e09a,2025-04-20
8374,ORD_baf152,CUST_9808e5,Repeat,2023-07-06,PAY_4414,STAT_e09a,2023-07-06
8375,ORD_3363f9,CUST_9808e5,Repeat,2023-07-06,PAY_e09a,STAT_4414,2023-07-06
8376,ORD_522c7e,CUST_1c4d91,One_Time,2026-02-07,PAY_8cd2,STAT_4414,2026-02-07
8377,ORD_de1a9a,CUST_eff9c1,One_Time,2026-05-05,PAY_8cd2,STAT_182e,2026-05-05
8378,ORD_914317,CUST_b755a5,Repeat,2023-04-28,PAY_182e,STAT_182e,2023-04-28
8379,ORD_c7fe90,CUST_b755a5,Repeat,2025-11-10,PAY_8cd2,STAT_182e,2025-11-10
8380,ORD_030220,CUST_b755a5,Repeat,2021-06-10,PAY_e09a,STAT_4414,2021-06-10
8381,ORD_3421e0,CUST_b755a5,Repeat,2024-05-01,PAY_e09a,STAT_e09a,2024-05-01
8382,ORD_2504de,CUST_b755a5,Repeat,2025-11-04,PAY_8cd2,STAT_182e,2025-11-04
8383,ORD_2597de,CUST_5abc6c,One_Time,2023-12-01,PAY_4414,STAT_4414,2023-12-01
8384,ORD_31774e,CUST_337e7c,One_Time,2025-08-06,PAY_8cd2,STAT_182e,2025-08-06
8385,ORD_17ccc6,CUST_5e09de,Commercial,2026-01-25,PAY_4414,STAT_8cd2,2026-01-25
8386,ORD_faf09c,CUST_5e09de,Commercial,2024-11-02,PAY_4414,STAT_8cd2,2024-11-02
8387,ORD_c42863,CUST_5e09de,Commercial,2024-11-02,PAY_e09a,STAT_e09a,2024-11-02
8388,ORD_cd04ab,CUST_5e09de,Commercial,2025-12-14,PAY_182e,STAT_e09a,2025-12-14
8389,ORD_b904ff,CUST_5e09de,Commercial,2024-11-15,PAY_e09a,STAT_e09a,2024-11-15
8390,ORD_e08c8b,CUST_5e09de,Commercial,2024-11-02,PAY_e09a,STAT_182e,2024-11-02
8391,ORD_0414c7,CUST_5e09de,Commercial,2025-07-12,PAY_182e,STAT_182e,2025-07-12
8392,ORD_aae2b7,CUST_5e09de,Commercial,2024-11-02,PAY_e09a,STAT_e09a,2024-11-02
8393,ORD_4e4b97,CUST_5e09de,Commercial,2026-02-10,PAY_8cd2,STAT_8cd2,2026-02-10
8394,ORD_4946f7,CUST_5e09de,Commercial,2024-11-02,PAY_8cd2,STAT_8cd2,2024-11-02
8395,ORD_c38a6c,CUST_5e09de,Commercial,2024-11-02,PAY_182e,STAT_8cd2,2024-11-02
8396,ORD_bb2477,CUST_5e09de,Commercial,2024-11-02,PAY_4414,STAT_e09a,2024-11-02
8397,ORD_a713da,CUST_5e09de,Commercial,2025-03-13,PAY_e09a,STAT_182e,2025-03-13
8398,ORD_815720,CUST_5e09de,Commercial,2024-11-02,PAY_e09a,STAT_8cd2,2024-11-02
8399,ORD_a29417,CUST_5e09de,Commercial,2024-11-02,PAY_182e,STAT_8cd2,2024-11-02
8400,ORD_a05d99,CUST_5e09de,Commercial,2024-11-02,PAY_4414,STAT_e09a,2024-11-02
8401,ORD_6fe21f,CUST_1d7372,One_Time,2025-12-09,PAY_8cd2,STAT_e09a,2025-12-09
8402,ORD_b750fd,CUST_9a21d1,One_Time,2024-09-08,PAY_4414,STAT_182e,2024-09-08
8403,ORD_a2d183,CUST_af232c,One_Time,2024-10-05,PAY_8cd2,STAT_e09a,2024-10-05
8404,ORD_e654a8,CUST_93141f,Repeat,2022-09-20,PAY_e09a,STAT_8cd2,2022-09-20
8405,ORD_4ae536,CUST_93141f,Repeat,2026-04-17,PAY_182e,STAT_e09a,2026-04-17
8406,ORD_b61d20,CUST_93141f,Repeat,2021-12-13,PAY_8cd2,STAT_8cd2,2021-12-13
8407,ORD_a2155c,CUST_1c5061,Repeat,2021-11-20,PAY_e09a,STAT_4414,2021-11-20
8408,ORD_4bcfe3,CUST_1c5061,Repeat,2025-05-01,PAY_182e,STAT_8cd2,2025-05-01
8409,ORD_6cc918,CUST_1c5061,Repeat,2026-01-01,PAY_8cd2,STAT_8cd2,2026-01-01
8410,ORD_286587,CUST_c90a07,Repeat,2022-09-17,PAY_4414,STAT_4414,2022-09-17
8411,ORD_4cc71a,CUST_c90a07,Repeat,2025-02-21,PAY_182e,STAT_8cd2,2025-02-21
8412,ORD_c8847b,CUST_c90a07,Repeat,2025-03-15,PAY_4414,STAT_e09a,2025-03-15
8413,ORD_6f3b71,CUST_c90a07,Repeat,2023-07-04,PAY_e09a,STAT_4414,2023-07-04
8414,ORD_86fda2,CUST_c90a07,Repeat,2025-03-18,PAY_182e,STAT_182e,2025-03-18
8415,ORD_d7c78a,CUST_b3ae49,One_Time,2026-01-19,PAY_8cd2,STAT_182e,2026-01-19
8416,ORD_fc60fa,CUST_e18c98,Repeat,2025-01-16,PAY_e09a,STAT_4414,2025-01-16
8417,ORD_069b56,CUST_e18c98,Repeat,2024-07-03,PAY_182e,STAT_8cd2,2024-07-03
8418,ORD_2e1ba9,CUST_e18c98,Repeat,2022-11-05,PAY_e09a,STAT_182e,2022-11-05
8419,ORD_961042,CUST_e18c98,Repeat,2025-11-22,PAY_4414,STAT_4414,2025-11-22
8420,ORD_9aed89,CUST_abbf94,One_Time,2024-12-05,PAY_8cd2,STAT_e09a,2024-12-05
8421,ORD_51bfd0,CUST_4c9a01,One_Time,2026-02-08,PAY_182e,STAT_e09a,2026-02-08
8422,ORD_199918,CUST_479767,One_Time,2023-06-12,PAY_8cd2,STAT_182e,2023-06-12
8423,ORD_2b0ca2,CUST_dfe457,One_Time,2024-04-28,PAY_8cd2,STAT_8cd2,2024-04-28
8424,ORD_73c3f5,CUST_8f7f84,One_Time,2022-02-27,PAY_4414,STAT_8cd2,2022-02-27
8425,ORD_a4563e,CUST_4f99ca,Commercial,2025-04-28,PAY_182e,STAT_8cd2,2025-04-28
8426,ORD_e1fea2,CUST_4f99ca,Commercial,2025-12-20,PAY_8cd2,STAT_4414,2025-12-20
8427,ORD_fb2c35,CUST_4f99ca,Commercial,2022-04-20,PAY_e09a,STAT_8cd2,2022-04-20
8428,ORD_a7e330,CUST_4f99ca,Commercial,2025-09-21,PAY_8cd2,STAT_8cd2,2025-09-21
8429,ORD_618b9d,CUST_4f99ca,Commercial,2022-01-01,PAY_8cd2,STAT_8cd2,2022-01-01
8430,ORD_9d5263,CUST_4f99ca,Commercial,2024-01-24,PAY_4414,STAT_8cd2,2024-01-24
8431,ORD_6ec15d,CUST_4f99ca,Commercial,2026-02-23,PAY_182e,STAT_182e,2026-02-23
8432,ORD_40cbfc,CUST_4f99ca,Commercial,2024-11-02,PAY_4414,STAT_4414,2024-11-02
8433,ORD_ae0d5c,CUST_4f99ca,Commercial,2024-08-16,PAY_e09a,STAT_8cd2,2024-08-16
8434,ORD_d0d70b,CUST_4f99ca,Commercial,2023-06-21,PAY_8cd2,STAT_182e,2023-06-21
8435,ORD_5cab69,CUST_4f99ca,Commercial,2025-04-25,PAY_182e,STAT_8cd2,2025-04-25
8436,ORD_4a8343,CUST_4f99ca,Commercial,2025-11-28,PAY_e09a,STAT_8cd2,2025-11-28
8437,ORD_ddbe64,CUST_4f99ca,Commercial,2023-02-17,PAY_182e,STAT_e09a,2023-02-17
8438,ORD_31a95b,CUST_4f99ca,Commercial,2024-07-12,PAY_e09a,STAT_4414,2024-07-12
8439,ORD_768267,CUST_4f99ca,Commercial,2025-08-11,PAY_e09a,STAT_4414,2025-08-11
8440,ORD_860868,CUST_4f99ca,Commercial,2023-02-15,PAY_e09a,STAT_4414,2023-02-15
8441,ORD_f2e69f,CUST_4f99ca,Commercial,2022-01-01,PAY_4414,STAT_e09a,2022-01-01
8442,ORD_d16d2e,CUST_4f99ca,Commercial,2025-03-02,PAY_8cd2,STAT_182e,2025-03-02
8443,ORD_2e5d58,CUST_4f99ca,Commercial,2022-07-08,PAY_8cd2,STAT_8cd2,2022-07-08
8444,ORD_9ec5e1,CUST_4f99ca,Commercial,2022-01-01,PAY_4414,STAT_182e,2022-01-01
8445,ORD_521b9d,CUST_bcf2a0,Repeat,2026-03-03,PAY_182e,STAT_182e,2026-03-03
8446,ORD_02e133,CUST_bcf2a0,Repeat,2024-12-18,PAY_4414,STAT_4414,2024-12-18
8447,ORD_09e723,CUST_bcf2a0,Repeat,2025-08-10,PAY_182e,STAT_182e,2025-08-10
8448,ORD_1a7293,CUST_bcf2a0,Repeat,2024-12-18,PAY_182e,STAT_4414,2024-12-18
8449,ORD_43cd79,CUST_bcf2a0,Repeat,2024-12-18,PAY_182e,STAT_4414,2024-12-18
8450,ORD_df4792,CUST_bcf2a0,Repeat,2026-04-20,PAY_182e,STAT_8cd2,2026-04-20
8451,ORD_3c84a7,CUST_8c3315,One_Time,2026-05-20,PAY_182e,STAT_8cd2,2026-05-20
8452,ORD_089b7c,CUST_89fb96,Repeat,2025-01-14,PAY_e09a,STAT_e09a,2025-01-14
8453,ORD_a8316c,CUST_89fb96,Repeat,2025-01-14,PAY_182e,STAT_8cd2,2025-01-14
8454,ORD_7039bb,CUST_2ca89d,One_Time,2025-06-24,PAY_182e,STAT_e09a,2025-06-24
8455,ORD_70407c,CUST_1fb33e,One_Time,2022-02-05,PAY_8cd2,STAT_8cd2,2022-02-05
8456,ORD_f5438a,CUST_a91a60,Commercial,2023-05-13,PAY_4414,STAT_182e,2023-05-13
8457,ORD_51a4b3,CUST_a91a60,Commercial,2024-12-15,PAY_e09a,STAT_182e,2024-12-15
8458,ORD_4132b0,CUST_a91a60,Commercial,2025-11-12,PAY_4414,STAT_8cd2,2025-11-12
8459,ORD_93c3ca,CUST_a91a60,Commercial,2022-07-25,PAY_4414,STAT_182e,2022-07-25
8460,ORD_83432a,CUST_a91a60,Commercial,2022-07-25,PAY_8cd2,STAT_182e,2022-07-25
8461,ORD_f0ca27,CUST_a91a60,Commercial,2025-01-26,PAY_8cd2,STAT_182e,2025-01-26
8462,ORD_a02ca5,CUST_a91a60,Commercial,2024-08-10,PAY_4414,STAT_e09a,2024-08-10
8463,ORD_d52765,CUST_a91a60,Commercial,2023-02-16,PAY_8cd2,STAT_182e,2023-02-16
8464,ORD_a2c335,CUST_a91a60,Commercial,2023-06-22,PAY_4414,STAT_4414,2023-06-22
8465,ORD_c692a6,CUST_a91a60,Commercial,2026-05-03,PAY_4414,STAT_4414,2026-05-03
8466,ORD_634923,CUST_a91a60,Commercial,2022-07-25,PAY_182e,STAT_4414,2022-07-25
8467,ORD_ea7410,CUST_a91a60,Commercial,2022-08-22,PAY_8cd2,STAT_182e,2022-08-22
8468,ORD_c4cc76,CUST_a91a60,Commercial,2023-08-15,PAY_182e,STAT_4414,2023-08-15
8469,ORD_0384be,CUST_a91a60,Commercial,2022-08-18,PAY_8cd2,STAT_4414,2022-08-18
8470,ORD_789860,CUST_142c10,Repeat,2022-04-22,PAY_4414,STAT_e09a,2022-04-22
8471,ORD_24780e,CUST_142c10,Repeat,2025-12-04,PAY_4414,STAT_182e,2025-12-04
8472,ORD_f86a02,CUST_142c10,Repeat,2021-08-05,PAY_4414,STAT_4414,2021-08-05
8473,ORD_c57088,CUST_142c10,Repeat,2024-09-18,PAY_4414,STAT_8cd2,2024-09-18
8474,ORD_bc4d29,CUST_142c10,Repeat,2026-02-04,PAY_4414,STAT_8cd2,2026-02-04
8475,ORD_552e36,CUST_142c10,Repeat,2023-10-11,PAY_8cd2,STAT_e09a,2023-10-11
8476,ORD_5b03cb,CUST_5928d8,One_Time,2026-05-13,PAY_8cd2,STAT_182e,2026-05-13
8477,ORD_6a5fc4,CUST_a87df4,Repeat,2025-05-02,PAY_8cd2,STAT_e09a,2025-05-02
8478,ORD_370755,CUST_a87df4,Repeat,2023-07-28,PAY_4414,STAT_8cd2,2023-07-28
8479,ORD_2ee203,CUST_a87df4,Repeat,2022-11-11,PAY_4414,STAT_e09a,2022-11-11
8480,ORD_15b7a7,CUST_a87df4,Repeat,2025-02-10,PAY_8cd2,STAT_4414,2025-02-10
8481,ORD_5ccdf5,CUST_a87df4,Repeat,2024-10-09,PAY_e09a,STAT_e09a,2024-10-09
8482,ORD_b25d40,CUST_a87df4,Repeat,2022-09-28,PAY_182e,STAT_4414,2022-09-28
8483,ORD_e0d088,CUST_5e0604,One_Time,2026-05-17,PAY_8cd2,STAT_8cd2,2026-05-17
8484,ORD_bdee1b,CUST_7bd490,One_Time,2025-12-05,PAY_182e,STAT_4414,2025-12-05
8485,ORD_6ee0f6,CUST_f1a97a,One_Time,2025-05-23,PAY_182e,STAT_8cd2,2025-05-23
8486,ORD_ac5095,CUST_9bca6a,One_Time,2026-03-24,PAY_e09a,STAT_4414,2026-03-24
8487,ORD_120299,CUST_6c64de,Commercial,2025-08-25,PAY_182e,STAT_e09a,2025-08-25
8488,ORD_bbb65e,CUST_6c64de,Commercial,2026-04-02,PAY_4414,STAT_8cd2,2026-04-02
8489,ORD_093e9c,CUST_6c64de,Commercial,2025-08-25,PAY_8cd2,STAT_8cd2,2025-08-25
8490,ORD_2ab8e6,CUST_6c64de,Commercial,2025-08-25,PAY_182e,STAT_e09a,2025-08-25
8491,ORD_d7850e,CUST_6c64de,Commercial,2026-05-15,PAY_182e,STAT_182e,2026-05-15
8492,ORD_a71208,CUST_6c64de,Commercial,2025-08-25,PAY_182e,STAT_e09a,2025-08-25
8493,ORD_693916,CUST_6c64de,Commercial,2025-08-25,PAY_e09a,STAT_182e,2025-08-25
8494,ORD_f490da,CUST_6c64de,Commercial,2025-08-25,PAY_4414,STAT_4414,2025-08-25
8495,ORD_d3e2b1,CUST_6c64de,Commercial,2026-01-14,PAY_182e,STAT_182e,2026-01-14
8496,ORD_dcab8b,CUST_6c64de,Commercial,2025-08-25,PAY_8cd2,STAT_e09a,2025-08-25
8497,ORD_66c8ee,CUST_6c64de,Commercial,2025-08-25,PAY_182e,STAT_4414,2025-08-25
8498,ORD_45e1b1,CUST_6c64de,Commercial,2025-08-25,PAY_e09a,STAT_e09a,2025-08-25
8499,ORD_ebd7a8,CUST_6c64de,Commercial,2025-08-25,PAY_4414,STAT_8cd2,2025-08-25
8500,ORD_44bcaa,CUST_6c64de,Commercial,2025-08-25,PAY_8cd2,STAT_4414,2025-08-25
8501,ORD_8ea801,CUST_ba4892,One_Time,2024-11-08,PAY_4414,STAT_e09a,2024-11-08
8502,ORD_2e18a5,CUST_87771a,One_Time,2025-12-14,PAY_182e,STAT_182e,2025-12-14
8503,ORD_b88b9a,CUST_dde291,Repeat,2024-11-06,PAY_8cd2,STAT_8cd2,2024-11-06
8504,ORD_b2aff6,CUST_dde291,Repeat,2025-02-11,PAY_8cd2,STAT_4414,2025-02-11
8505,ORD_ce0de5,CUST_dde291,Repeat,2024-11-06,PAY_e09a,STAT_e09a,2024-11-06
8506,ORD_c3f470,CUST_dde291,Repeat,2024-11-06,PAY_e09a,STAT_8cd2,2024-11-06
8507,ORD_b3be7a,CUST_02191e,One_Time,2024-07-28,PAY_4414,STAT_8cd2,2024-07-28
8508,ORD_d23126,CUST_eef835,Repeat,2021-08-04,PAY_e09a,STAT_8cd2,2021-08-04
8509,ORD_a440a6,CUST_eef835,Repeat,2024-12-19,PAY_8cd2,STAT_4414,2024-12-19
8510,ORD_d1e53f,CUST_eef835,Repeat,2022-01-13,PAY_4414,STAT_4414,2022-01-13
8511,ORD_cab778,CUST_eef835,Repeat,2021-08-04,PAY_4414,STAT_182e,2021-08-04
8512,ORD_0dd781,CUST_eef835,Repeat,2023-05-17,PAY_182e,STAT_8cd2,2023-05-17
8513,ORD_97d9b7,CUST_eef835,Repeat,2024-04-10,PAY_4414,STAT_182e,2024-04-10
8514,ORD_f20e13,CUST_7cafc0,One_Time,2023-09-03,PAY_e09a,STAT_4414,2023-09-03
8515,ORD_4664d9,CUST_80dfe1,Repeat,2024-11-25,PAY_e09a,STAT_4414,2024-11-25
8516,ORD_f2b8d0,CUST_80dfe1,Repeat,2024-11-25,PAY_4414,STAT_182e,2024-11-25
8517,ORD_01583b,CUST_80dfe1,Repeat,2024-11-25,PAY_4414,STAT_4414,2024-11-25
8518,ORD_472599,CUST_80dfe1,Repeat,2024-11-25,PAY_182e,STAT_4414,2024-11-25
8519,ORD_725057,CUST_80dfe1,Repeat,2025-12-14,PAY_8cd2,STAT_4414,2025-12-14
8520,ORD_d9add0,CUST_da336f,One_Time,2025-10-20,PAY_e09a,STAT_182e,2025-10-20
8521,ORD_1b0e79,CUST_060a62,One_Time,2026-02-02,PAY_8cd2,STAT_e09a,2026-02-02
8522,ORD_2ef960,CUST_9b1129,Repeat,2023-08-13,PAY_4414,STAT_8cd2,2023-08-13
8523,ORD_d0b1a8,CUST_9b1129,Repeat,2023-08-13,PAY_e09a,STAT_8cd2,2023-08-13
8524,ORD_670a47,CUST_9b1129,Repeat,2023-08-13,PAY_e09a,STAT_e09a,2023-08-13
8525,ORD_2a71f1,CUST_9882e7,One_Time,2022-04-13,PAY_e09a,STAT_4414,2022-04-13
8526,ORD_776a00,CUST_57fb22,One_Time,2024-01-03,PAY_4414,STAT_182e,2024-01-03
8527,ORD_afdcde,CUST_1c4fa0,Commercial,2025-11-25,PAY_8cd2,STAT_182e,2025-11-25
8528,ORD_b80eb8,CUST_1c4fa0,Commercial,2025-11-25,PAY_e09a,STAT_182e,2025-11-25
8529,ORD_12a777,CUST_1c4fa0,Commercial,2025-11-25,PAY_182e,STAT_182e,2025-11-25
8530,ORD_df2c81,CUST_1c4fa0,Commercial,2025-11-25,PAY_182e,STAT_182e,2025-11-25
8531,ORD_fc63e4,CUST_1c4fa0,Commercial,2025-11-25,PAY_4414,STAT_4414,2025-11-25
8532,ORD_d09a11,CUST_1c4fa0,Commercial,2025-11-25,PAY_182e,STAT_182e,2025-11-25
8533,ORD_efe4dc,CUST_1c4fa0,Commercial,2025-11-25,PAY_e09a,STAT_e09a,2025-11-25
8534,ORD_3de92d,CUST_1c4fa0,Commercial,2025-11-25,PAY_4414,STAT_e09a,2025-11-25
8535,ORD_da9cbc,CUST_1c4fa0,Commercial,2025-11-25,PAY_4414,STAT_4414,2025-11-25
8536,ORD_5570e1,CUST_1c4fa0,Commercial,2025-11-25,PAY_8cd2,STAT_8cd2,2025-11-25
8537,ORD_7f76eb,CUST_1c4fa0,Commercial,2025-11-25,PAY_4414,STAT_182e,2025-11-25
8538,ORD_51bb59,CUST_1c4fa0,Commercial,2025-11-25,PAY_182e,STAT_8cd2,2025-11-25
8539,ORD_a81516,CUST_1c4fa0,Commercial,2026-03-12,PAY_4414,STAT_4414,2026-03-12
8540,ORD_c954ec,CUST_1c4fa0,Commercial,2025-11-25,PAY_4414,STAT_4414,2025-11-25
8541,ORD_bede1a,CUST_1c4fa0,Commercial,2025-11-25,PAY_4414,STAT_8cd2,2025-11-25
8542,ORD_1dc00e,CUST_1c4fa0,Commercial,2025-11-25,PAY_4414,STAT_e09a,2025-11-25
8543,ORD_35e098,CUST_1c4fa0,Commercial,2025-11-25,PAY_e09a,STAT_182e,2025-11-25
8544,ORD_a797d9,CUST_1c4fa0,Commercial,2025-11-25,PAY_182e,STAT_e09a,2025-11-25
8545,ORD_8696fe,CUST_1c4fa0,Commercial,2025-11-25,PAY_4414,STAT_8cd2,2025-11-25
8546,ORD_321caf,CUST_f0a346,Repeat,2024-06-08,PAY_182e,STAT_182e,2024-06-08
8547,ORD_f82698,CUST_f0a346,Repeat,2024-06-08,PAY_e09a,STAT_e09a,2024-06-08
8548,ORD_e32672,CUST_f0a346,Repeat,2024-06-08,PAY_4414,STAT_8cd2,2024-06-08
8549,ORD_bc012c,CUST_7b17bc,Commercial,2021-07-12,PAY_8cd2,STAT_e09a,2021-07-12
8550,ORD_c4c421,CUST_7b17bc,Commercial,2021-11-12,PAY_8cd2,STAT_8cd2,2021-11-12
8551,ORD_8bcbc1,CUST_7b17bc,Commercial,2021-07-12,PAY_8cd2,STAT_8cd2,2021-07-12
8552,ORD_8b3d93,CUST_7b17bc,Commercial,2023-04-22,PAY_8cd2,STAT_e09a,2023-04-22
8553,ORD_ea55b5,CUST_7b17bc,Commercial,2025-05-19,PAY_182e,STAT_4414,2025-05-19
8554,ORD_c88643,CUST_7b17bc,Commercial,2025-11-28,PAY_8cd2,STAT_8cd2,2025-11-28
8555,ORD_ab046d,CUST_7b17bc,Commercial,2021-07-20,PAY_8cd2,STAT_4414,2021-07-20
8556,ORD_c47842,CUST_7b17bc,Commercial,2021-10-27,PAY_e09a,STAT_8cd2,2021-10-27
8557,ORD_43ba56,CUST_7b17bc,Commercial,2025-01-20,PAY_e09a,STAT_8cd2,2025-01-20
8558,ORD_177152,CUST_7b17bc,Commercial,2023-12-19,PAY_8cd2,STAT_182e,2023-12-19
8559,ORD_e87171,CUST_8cc9eb,One_Time,2022-02-22,PAY_8cd2,STAT_182e,2022-02-22
8560,ORD_9c7fbe,CUST_94f7fe,One_Time,2024-06-28,PAY_8cd2,STAT_e09a,2024-06-28
8561,ORD_d0ce47,CUST_b3044e,One_Time,2025-11-20,PAY_4414,STAT_e09a,2025-11-20
8562,ORD_151869,CUST_c1b506,One_Time,2022-08-27,PAY_e09a,STAT_e09a,2022-08-27
8563,ORD_2d658c,CUST_95241e,One_Time,2021-10-08,PAY_e09a,STAT_8cd2,2021-10-08
8564,ORD_a5a1fc,CUST_54705c,Commercial,2025-06-04,PAY_8cd2,STAT_182e,2025-06-04
8565,ORD_cfa326,CUST_54705c,Commercial,2026-05-21,PAY_4414,STAT_e09a,2026-05-21
8566,ORD_d940c0,CUST_54705c,Commercial,2025-11-26,PAY_182e,STAT_182e,2025-11-26
8567,ORD_ef2c84,CUST_54705c,Commercial,2025-06-04,PAY_182e,STAT_8cd2,2025-06-04
8568,ORD_443c29,CUST_54705c,Commercial,2025-06-04,PAY_4414,STAT_8cd2,2025-06-04
8569,ORD_c52d84,CUST_54705c,Commercial,2025-06-04,PAY_182e,STAT_e09a,2025-06-04
8570,ORD_eacdbd,CUST_54705c,Commercial,2025-06-04,PAY_8cd2,STAT_4414,2025-06-04
8571,ORD_74ef16,CUST_54705c,Commercial,2026-03-20,PAY_8cd2,STAT_8cd2,2026-03-20
8572,ORD_6be8d6,CUST_54705c,Commercial,2025-06-04,PAY_4414,STAT_4414,2025-06-04
8573,ORD_cc05ba,CUST_54705c,Commercial,2025-10-11,PAY_e09a,STAT_4414,2025-10-11
8574,ORD_75cc7e,CUST_54705c,Commercial,2025-06-04,PAY_e09a,STAT_4414,2025-06-04
8575,ORD_1961b8,CUST_54705c,Commercial,2025-06-04,PAY_182e,STAT_182e,2025-06-04
8576,ORD_d17cea,CUST_9d8eb6,One_Time,2025-02-17,PAY_8cd2,STAT_4414,2025-02-17
8577,ORD_16c0de,CUST_4303ae,One_Time,2025-04-10,PAY_182e,STAT_8cd2,2025-04-10
8578,ORD_c6e00f,CUST_e59b63,One_Time,2025-04-07,PAY_4414,STAT_8cd2,2025-04-07
8579,ORD_b77972,CUST_a72d85,One_Time,2025-12-25,PAY_182e,STAT_8cd2,2025-12-25
8580,ORD_d7afa7,CUST_1c095f,One_Time,2025-07-07,PAY_4414,STAT_8cd2,2025-07-07
8581,ORD_af5116,CUST_8616b9,One_Time,2026-02-01,PAY_4414,STAT_182e,2026-02-01
8582,ORD_a42682,CUST_3ebbb5,Repeat,2025-01-14,PAY_e09a,STAT_182e,2025-01-14
8583,ORD_c5d84a,CUST_3ebbb5,Repeat,2022-12-16,PAY_8cd2,STAT_182e,2022-12-16
8584,ORD_4b8e40,CUST_9e4729,One_Time,2023-10-08,PAY_e09a,STAT_e09a,2023-10-08
8585,ORD_84a190,CUST_1273be,One_Time,2024-08-18,PAY_182e,STAT_4414,2024-08-18
8586,ORD_e5855d,CUST_9cdf97,One_Time,2026-03-06,PAY_e09a,STAT_8cd2,2026-03-06
8587,ORD_687a36,CUST_bb393a,One_Time,2023-04-21,PAY_e09a,STAT_e09a,2023-04-21
8588,ORD_2f904c,CUST_60d987,Repeat,2026-03-16,PAY_182e,STAT_182e,2026-03-16
8589,ORD_8764de,CUST_60d987,Repeat,2026-01-15,PAY_8cd2,STAT_8cd2,2026-01-15
8590,ORD_0e9c77,CUST_60d987,Repeat,2026-01-15,PAY_182e,STAT_e09a,2026-01-15
8591,ORD_61d7b1,CUST_60d987,Repeat,2026-01-15,PAY_e09a,STAT_182e,2026-01-15
8592,ORD_8937cf,CUST_60d987,Repeat,2026-01-15,PAY_8cd2,STAT_8cd2,2026-01-15
8593,ORD_1f84a5,CUST_3b1d9f,One_Time,2026-05-08,PAY_182e,STAT_182e,2026-05-08
8594,ORD_7e7849,CUST_878edb,One_Time,2024-11-02,PAY_4414,STAT_182e,2024-11-02
8595,ORD_6b2dcc,CUST_bc5d51,One_Time,2026-02-23,PAY_8cd2,STAT_4414,2026-02-23
8596,ORD_d9597c,CUST_ed7eca,Repeat,2025-04-28,PAY_8cd2,STAT_182e,2025-04-28
8597,ORD_6a2db9,CUST_ed7eca,Repeat,2023-12-23,PAY_e09a,STAT_182e,2023-12-23
8598,ORD_35a557,CUST_ed7eca,Repeat,2023-12-23,PAY_e09a,STAT_8cd2,2023-12-23
8599,ORD_1e2b31,CUST_1d43aa,One_Time,2024-01-06,PAY_4414,STAT_8cd2,2024-01-06
8600,ORD_218274,CUST_4bbab1,One_Time,2025-05-26,PAY_4414,STAT_8cd2,2025-05-26
8601,ORD_bbe020,CUST_6769a8,One_Time,2022-12-07,PAY_4414,STAT_4414,2022-12-07
8602,ORD_dbe0bb,CUST_9b43f5,Repeat,2022-07-05,PAY_8cd2,STAT_182e,2022-07-05
8603,ORD_b63059,CUST_9b43f5,Repeat,2023-02-25,PAY_8cd2,STAT_e09a,2023-02-25
8604,ORD_b4a26d,CUST_9b43f5,Repeat,2024-06-16,PAY_182e,STAT_e09a,2024-06-16
8605,ORD_12a8ad,CUST_9b43f5,Repeat,2025-11-27,PAY_8cd2,STAT_e09a,2025-11-27
8606,ORD_c9ae9d,CUST_f65e3f,One_Time,2022-12-16,PAY_e09a,STAT_182e,2022-12-16
8607,ORD_f6045e,CUST_2f8e42,One_Time,2025-07-20,PAY_182e,STAT_8cd2,2025-07-20
8608,ORD_6f6bff,CUST_846a64,One_Time,2023-04-02,PAY_8cd2,STAT_182e,2023-04-02
8609,ORD_09e64e,CUST_eb29f0,One_Time,2024-11-09,PAY_8cd2,STAT_e09a,2024-11-09
8610,ORD_02eac6,CUST_bb9964,One_Time,2022-05-14,PAY_4414,STAT_e09a,2022-05-14
8611,ORD_91300d,CUST_c69d89,Repeat,2023-02-13,PAY_182e,STAT_4414,2023-02-13
8612,ORD_1f5a8a,CUST_c69d89,Repeat,2023-12-24,PAY_8cd2,STAT_8cd2,2023-12-24
8613,ORD_429cf0,CUST_c9e37b,One_Time,2025-12-24,PAY_182e,STAT_8cd2,2025-12-24
8614,ORD_bff223,CUST_4a3565,Repeat,2023-01-25,PAY_8cd2,STAT_4414,2023-01-25
8615,ORD_043e77,CUST_4a3565,Repeat,2022-10-11,PAY_e09a,STAT_e09a,2022-10-11
8616,ORD_ae0171,CUST_4a3565,Repeat,2022-10-11,PAY_4414,STAT_e09a,2022-10-11
8617,ORD_2a5eb7,CUST_4a3565,Repeat,2025-02-19,PAY_e09a,STAT_8cd2,2025-02-19
8618,ORD_1ead18,CUST_0f5316,One_Time,2024-04-22,PAY_e09a,STAT_e09a,2024-04-22
8619,ORD_8b481f,CUST_f6de00,Commercial,2023-10-12,PAY_8cd2,STAT_e09a,2023-10-12
8620,ORD_d0689a,CUST_f6de00,Commercial,2023-02-20,PAY_e09a,STAT_e09a,2023-02-20
8621,ORD_edb6c7,CUST_f6de00,Commercial,2023-11-19,PAY_4414,STAT_8cd2,2023-11-19
8622,ORD_7371a7,CUST_f6de00,Commercial,2023-02-02,PAY_e09a,STAT_182e,2023-02-02
8623,ORD_4f4b21,CUST_f6de00,Commercial,2026-02-24,PAY_182e,STAT_e09a,2026-02-24
8624,ORD_8b184f,CUST_f6de00,Commercial,2024-05-15,PAY_e09a,STAT_182e,2024-05-15
8625,ORD_a18d81,CUST_f6de00,Commercial,2023-05-17,PAY_182e,STAT_4414,2023-05-17
8626,ORD_7eaba3,CUST_f6de00,Commercial,2025-12-28,PAY_4414,STAT_e09a,2025-12-28
8627,ORD_b050e7,CUST_f6de00,Commercial,2023-11-09,PAY_e09a,STAT_182e,2023-11-09
8628,ORD_19db80,CUST_f79b7d,One_Time,2024-09-11,PAY_4414,STAT_8cd2,2024-09-11
8629,ORD_9be4ea,CUST_36f336,One_Time,2024-02-23,PAY_182e,STAT_e09a,2024-02-23
8630,ORD_98edf6,CUST_7ded8c,One_Time,2024-07-28,PAY_8cd2,STAT_8cd2,2024-07-28
8631,ORD_edbf2b,CUST_143290,One_Time,2024-11-24,PAY_e09a,STAT_182e,2024-11-24
8632,ORD_6b43f3,CUST_fee613,Commercial,2024-05-10,PAY_182e,STAT_4414,2024-05-10
8633,ORD_cc8f2d,CUST_fee613,Commercial,2026-05-28,PAY_4414,STAT_e09a,2026-05-28
8634,ORD_bc0cf9,CUST_fee613,Commercial,2024-05-10,PAY_8cd2,STAT_8cd2,2024-05-10
8635,ORD_88697f,CUST_fee613,Commercial,2025-02-09,PAY_4414,STAT_4414,2025-02-09
8636,ORD_b5d1b0,CUST_fee613,Commercial,2025-11-04,PAY_4414,STAT_e09a,2025-11-04
8637,ORD_2a988b,CUST_fee613,Commercial,2024-05-10,PAY_182e,STAT_e09a,2024-05-10
8638,ORD_bc8ee4,CUST_fee613,Commercial,2024-05-18,PAY_182e,STAT_182e,2024-05-18
8639,ORD_e36f4b,CUST_fee613,Commercial,2025-10-18,PAY_4414,STAT_8cd2,2025-10-18
8640,ORD_bdb4d1,CUST_fee613,Commercial,2024-05-10,PAY_e09a,STAT_182e,2024-05-10
8641,ORD_d73c16,CUST_fee613,Commercial,2024-05-10,PAY_e09a,STAT_e09a,2024-05-10
8642,ORD_793a69,CUST_fee613,Commercial,2025-05-04,PAY_4414,STAT_4414,2025-05-04
8643,ORD_bd0c98,CUST_fee613,Commercial,2024-05-10,PAY_182e,STAT_e09a,2024-05-10
8644,ORD_e9d7a8,CUST_fee613,Commercial,2024-08-10,PAY_182e,STAT_182e,2024-08-10
8645,ORD_a949cf,CUST_fee613,Commercial,2024-05-10,PAY_182e,STAT_8cd2,2024-05-10
8646,ORD_2b19f2,CUST_fee613,Commercial,2024-05-10,PAY_8cd2,STAT_4414,2024-05-10
8647,ORD_b283e9,CUST_fee613,Commercial,2024-05-10,PAY_182e,STAT_8cd2,2024-05-10
8648,ORD_031b3a,CUST_f9b1f9,One_Time,2025-11-02,PAY_182e,STAT_e09a,2025-11-02
8649,ORD_38e44e,CUST_cd440b,Repeat,2026-04-11,PAY_4414,STAT_8cd2,2026-04-11
8650,ORD_ed3be7,CUST_cd440b,Repeat,2026-04-11,PAY_e09a,STAT_8cd2,2026-04-11
8651,ORD_b53dc9,CUST_cd440b,Repeat,2026-04-11,PAY_182e,STAT_8cd2,2026-04-11
8652,ORD_a2510b,CUST_cd440b,Repeat,2026-04-11,PAY_4414,STAT_182e,2026-04-11
8653,ORD_a185f3,CUST_cd440b,Repeat,2026-04-11,PAY_8cd2,STAT_8cd2,2026-04-11
8654,ORD_7b9928,CUST_cd440b,Repeat,2026-04-11,PAY_8cd2,STAT_182e,2026-04-11
8655,ORD_3e7dc1,CUST_61b40d,Repeat,2022-05-18,PAY_8cd2,STAT_4414,2022-05-18
8656,ORD_60e4e2,CUST_61b40d,Repeat,2025-12-23,PAY_4414,STAT_182e,2025-12-23
8657,ORD_977c1c,CUST_61b40d,Repeat,2024-10-11,PAY_4414,STAT_8cd2,2024-10-11
8658,ORD_c00c78,CUST_61b40d,Repeat,2022-04-26,PAY_8cd2,STAT_182e,2022-04-26
8659,ORD_da7356,CUST_61b40d,Repeat,2026-04-02,PAY_8cd2,STAT_4414,2026-04-02
8660,ORD_fb81aa,CUST_946a61,One_Time,2026-02-10,PAY_e09a,STAT_e09a,2026-02-10
8661,ORD_6cfb20,CUST_217cfa,One_Time,2024-08-12,PAY_8cd2,STAT_8cd2,2024-08-12
8662,ORD_bbccc4,CUST_54a11c,One_Time,2022-03-23,PAY_4414,STAT_8cd2,2022-03-23
8663,ORD_0c1318,CUST_409031,One_Time,2025-11-24,PAY_8cd2,STAT_8cd2,2025-11-24
8664,ORD_5eed39,CUST_f1c46c,One_Time,2023-07-20,PAY_8cd2,STAT_4414,2023-07-20
8665,ORD_4cb39c,CUST_94e287,One_Time,2024-02-12,PAY_182e,STAT_e09a,2024-02-12
8666,ORD_286271,CUST_b22a25,Repeat,2024-12-07,PAY_8cd2,STAT_182e,2024-12-07
8667,ORD_771fdc,CUST_b22a25,Repeat,2025-10-28,PAY_182e,STAT_4414,2025-10-28
8668,ORD_12189b,CUST_2ce83e,One_Time,2025-02-26,PAY_8cd2,STAT_e09a,2025-02-26
8669,ORD_c0a0f4,CUST_b67d56,One_Time,2024-10-06,PAY_e09a,STAT_e09a,2024-10-06
8670,ORD_86ab44,CUST_a5979b,One_Time,2025-04-18,PAY_8cd2,STAT_8cd2,2025-04-18
8671,ORD_9650cd,CUST_66b235,Repeat,2024-04-06,PAY_e09a,STAT_e09a,2024-04-06
8672,ORD_f23bd5,CUST_66b235,Repeat,2022-12-12,PAY_8cd2,STAT_e09a,2022-12-12
8673,ORD_a65aec,CUST_66b235,Repeat,2025-07-25,PAY_4414,STAT_182e,2025-07-25
8674,ORD_b587df,CUST_66b235,Repeat,2025-06-13,PAY_4414,STAT_4414,2025-06-13
8675,ORD_2709aa,CUST_66b235,Repeat,2025-10-10,PAY_182e,STAT_4414,2025-10-10
8676,ORD_0f2007,CUST_66b235,Repeat,2026-04-14,PAY_8cd2,STAT_e09a,2026-04-14
8677,ORD_50d734,CUST_a68f6c,One_Time,2026-01-16,PAY_e09a,STAT_4414,2026-01-16
8678,ORD_0cc2aa,CUST_76d1a6,One_Time,2025-10-07,PAY_e09a,STAT_4414,2025-10-07
8679,ORD_37f25a,CUST_8f680e,One_Time,2022-05-16,PAY_4414,STAT_e09a,2022-05-16
8680,ORD_bd0562,CUST_f60bc8,Repeat,2023-08-07,PAY_e09a,STAT_e09a,2023-08-07
8681,ORD_f205e5,CUST_f60bc8,Repeat,2025-02-12,PAY_8cd2,STAT_e09a,2025-02-12
8682,ORD_224c8b,CUST_f60bc8,Repeat,2026-04-18,PAY_4414,STAT_182e,2026-04-18
8683,ORD_1044c3,CUST_f60bc8,Repeat,2022-03-06,PAY_4414,STAT_4414,2022-03-06
8684,ORD_313be6,CUST_f60bc8,Repeat,2024-07-23,PAY_182e,STAT_8cd2,2024-07-23
8685,ORD_44df74,CUST_f4c827,One_Time,2026-04-04,PAY_182e,STAT_e09a,2026-04-04
8686,ORD_f56846,CUST_157a44,One_Time,2026-01-22,PAY_e09a,STAT_4414,2026-01-22
8687,ORD_3e7191,CUST_13eb75,Commercial,2025-02-04,PAY_4414,STAT_182e,2025-02-04
8688,ORD_9e2612,CUST_13eb75,Commercial,2025-02-04,PAY_4414,STAT_8cd2,2025-02-04
8689,ORD_3c9e1f,CUST_13eb75,Commercial,2025-02-04,PAY_182e,STAT_8cd2,2025-02-04
8690,ORD_7ecddf,CUST_13eb75,Commercial,2025-02-04,PAY_182e,STAT_182e,2025-02-04
8691,ORD_455e36,CUST_13eb75,Commercial,2025-02-04,PAY_8cd2,STAT_4414,2025-02-04
8692,ORD_cd505a,CUST_13eb75,Commercial,2025-02-04,PAY_8cd2,STAT_e09a,2025-02-04
8693,ORD_1226ce,CUST_13eb75,Commercial,2025-02-04,PAY_182e,STAT_4414,2025-02-04
8694,ORD_ec3f0c,CUST_13eb75,Commercial,2025-02-04,PAY_8cd2,STAT_e09a,2025-02-04
8695,ORD_2119f7,CUST_13eb75,Commercial,2025-02-04,PAY_e09a,STAT_e09a,2025-02-04
8696,ORD_23ff77,CUST_13eb75,Commercial,2025-02-04,PAY_e09a,STAT_8cd2,2025-02-04
8697,ORD_c122c5,CUST_13eb75,Commercial,2025-02-04,PAY_4414,STAT_e09a,2025-02-04
8698,ORD_016ea3,CUST_13eb75,Commercial,2025-02-04,PAY_8cd2,STAT_e09a,2025-02-04
8699,ORD_3c20f8,CUST_a7ffdf,One_Time,2022-05-21,PAY_8cd2,STAT_182e,2022-05-21
8700,ORD_0cecde,CUST_8bef1d,Repeat,2022-05-10,PAY_e09a,STAT_e09a,2022-05-10
8701,ORD_11381f,CUST_8bef1d,Repeat,2022-05-10,PAY_e09a,STAT_182e,2022-05-10
8702,ORD_0c20aa,CUST_cb1345,Commercial,2026-01-25,PAY_182e,STAT_182e,2026-01-25
8703,ORD_8d2ad1,CUST_cb1345,Commercial,2022-08-28,PAY_182e,STAT_4414,2022-08-28
8704,ORD_de9e63,CUST_cb1345,Commercial,2025-07-09,PAY_182e,STAT_4414,2025-07-09
8705,ORD_2e14e2,CUST_cb1345,Commercial,2025-07-24,PAY_e09a,STAT_182e,2025-07-24
8706,ORD_b57508,CUST_cb1345,Commercial,2025-03-11,PAY_8cd2,STAT_8cd2,2025-03-11
8707,ORD_6d1739,CUST_cb1345,Commercial,2022-08-28,PAY_182e,STAT_4414,2022-08-28
8708,ORD_549858,CUST_cb1345,Commercial,2022-08-28,PAY_182e,STAT_e09a,2022-08-28
8709,ORD_ac8983,CUST_cb1345,Commercial,2022-08-28,PAY_4414,STAT_8cd2,2022-08-28
8710,ORD_219703,CUST_cb1345,Commercial,2026-03-19,PAY_4414,STAT_182e,2026-03-19
8711,ORD_aec2d8,CUST_cb1345,Commercial,2022-08-28,PAY_e09a,STAT_8cd2,2022-08-28
8712,ORD_730ed5,CUST_cb1345,Commercial,2025-01-14,PAY_4414,STAT_e09a,2025-01-14
8713,ORD_a1880c,CUST_cb1345,Commercial,2022-08-28,PAY_182e,STAT_8cd2,2022-08-28
8714,ORD_8a7f76,CUST_cb1345,Commercial,2022-08-28,PAY_e09a,STAT_e09a,2022-08-28
8715,ORD_af1689,CUST_d6bc83,One_Time,2026-03-15,PAY_e09a,STAT_8cd2,2026-03-15
8716,ORD_3ce00a,CUST_d816dd,Commercial,2025-06-21,PAY_8cd2,STAT_182e,2025-06-21
8717,ORD_213d43,CUST_d816dd,Commercial,2023-07-05,PAY_4414,STAT_182e,2023-07-05
8718,ORD_abc86a,CUST_d816dd,Commercial,2022-03-13,PAY_8cd2,STAT_e09a,2022-03-13
8719,ORD_23f51e,CUST_d816dd,Commercial,2022-12-04,PAY_4414,STAT_182e,2022-12-04
8720,ORD_44f2ea,CUST_d816dd,Commercial,2025-03-07,PAY_182e,STAT_8cd2,2025-03-07
8721,ORD_e534f2,CUST_d816dd,Commercial,2026-02-12,PAY_4414,STAT_e09a,2026-02-12
8722,ORD_6b7f30,CUST_d816dd,Commercial,2023-05-04,PAY_4414,STAT_e09a,2023-05-04
8723,ORD_74f06a,CUST_d816dd,Commercial,2021-11-08,PAY_4414,STAT_8cd2,2021-11-08
8724,ORD_5bd380,CUST_3ef630,Repeat,2025-11-07,PAY_182e,STAT_4414,2025-11-07
8725,ORD_f2e70b,CUST_3ef630,Repeat,2025-11-07,PAY_8cd2,STAT_182e,2025-11-07
8726,ORD_6cebc3,CUST_3ef630,Repeat,2025-11-07,PAY_182e,STAT_e09a,2025-11-07
8727,ORD_fdbc50,CUST_3ef630,Repeat,2025-11-07,PAY_8cd2,STAT_182e,2025-11-07
8728,ORD_55a0d7,CUST_30ff59,One_Time,2021-07-18,PAY_4414,STAT_e09a,2021-07-18
8729,ORD_5d602e,CUST_95a388,Repeat,2026-02-03,PAY_8cd2,STAT_8cd2,2026-02-03
8730,ORD_fb6f6b,CUST_95a388,Repeat,2026-02-03,PAY_182e,STAT_4414,2026-02-03
8731,ORD_31ae58,CUST_95a388,Repeat,2026-02-03,PAY_e09a,STAT_e09a,2026-02-03
8732,ORD_905270,CUST_15512c,Repeat,2021-06-09,PAY_e09a,STAT_182e,2021-06-09
8733,ORD_fd9648,CUST_15512c,Repeat,2025-01-24,PAY_182e,STAT_182e,2025-01-24
8734,ORD_a42201,CUST_15512c,Repeat,2025-06-03,PAY_4414,STAT_8cd2,2025-06-03
8735,ORD_4c5cb6,CUST_f862ff,One_Time,2024-08-25,PAY_8cd2,STAT_4414,2024-08-25
8736,ORD_f651a1,CUST_142677,One_Time,2026-03-09,PAY_8cd2,STAT_e09a,2026-03-09
8737,ORD_42d2d1,CUST_5e618c,One_Time,2025-09-07,PAY_182e,STAT_182e,2025-09-07
8738,ORD_500608,CUST_d1ec35,One_Time,2026-05-26,PAY_4414,STAT_182e,2026-05-26
8739,ORD_a6d1a9,CUST_258be0,One_Time,2025-04-19,PAY_4414,STAT_8cd2,2025-04-19
8740,ORD_2be4f4,CUST_c3c335,One_Time,2026-02-07,PAY_8cd2,STAT_182e,2026-02-07
8741,ORD_406c05,CUST_21db6b,One_Time,2024-02-25,PAY_182e,STAT_182e,2024-02-25
8742,ORD_8f0e5a,CUST_279fcb,Repeat,2024-07-10,PAY_8cd2,STAT_4414,2024-07-10
8743,ORD_80639a,CUST_279fcb,Repeat,2026-02-28,PAY_182e,STAT_4414,2026-02-28
8744,ORD_92e70b,CUST_279fcb,Repeat,2024-12-23,PAY_e09a,STAT_4414,2024-12-23
8745,ORD_05af5d,CUST_279fcb,Repeat,2024-07-10,PAY_4414,STAT_4414,2024-07-10
8746,ORD_f51cf4,CUST_279fcb,Repeat,2025-09-23,PAY_8cd2,STAT_e09a,2025-09-23
8747,ORD_4586af,CUST_b36c95,One_Time,2023-12-22,PAY_182e,STAT_4414,2023-12-22
8748,ORD_c41c7a,CUST_8fece3,One_Time,2024-05-11,PAY_4414,STAT_4414,2024-05-11
8749,ORD_fb0787,CUST_7e02de,One_Time,2025-05-16,PAY_182e,STAT_182e,2025-05-16
8750,ORD_e10ca8,CUST_25f2d7,One_Time,2024-11-24,PAY_4414,STAT_182e,2024-11-24
8751,ORD_910de8,CUST_260623,One_Time,2025-12-06,PAY_8cd2,STAT_8cd2,2025-12-06
8752,ORD_2cc413,CUST_6f68c9,Commercial,2024-11-11,PAY_182e,STAT_e09a,2024-11-11
8753,ORD_5bc249,CUST_6f68c9,Commercial,2022-05-21,PAY_182e,STAT_8cd2,2022-05-21
8754,ORD_b1c207,CUST_6f68c9,Commercial,2022-12-15,PAY_182e,STAT_8cd2,2022-12-15
8755,ORD_b566f0,CUST_6f68c9,Commercial,2024-01-26,PAY_4414,STAT_e09a,2024-01-26
8756,ORD_445d55,CUST_6f68c9,Commercial,2022-12-09,PAY_4414,STAT_e09a,2022-12-09
8757,ORD_58dcaf,CUST_6f68c9,Commercial,2023-11-07,PAY_8cd2,STAT_8cd2,2023-11-07
8758,ORD_d4dd5e,CUST_6f68c9,Commercial,2025-06-02,PAY_182e,STAT_e09a,2025-06-02
8759,ORD_f6b2d8,CUST_6f68c9,Commercial,2022-09-15,PAY_4414,STAT_4414,2022-09-15
8760,ORD_2a64be,CUST_6f68c9,Commercial,2026-02-06,PAY_4414,STAT_8cd2,2026-02-06
8761,ORD_d733db,CUST_6f68c9,Commercial,2022-05-14,PAY_4414,STAT_e09a,2022-05-14
8762,ORD_19a4a7,CUST_6f68c9,Commercial,2025-12-01,PAY_182e,STAT_182e,2025-12-01
8763,ORD_cc97ae,CUST_f1bb79,One_Time,2026-01-20,PAY_e09a,STAT_182e,2026-01-20
8764,ORD_2f6b19,CUST_567e17,One_Time,2024-08-23,PAY_e09a,STAT_4414,2024-08-23
8765,ORD_6a7ca6,CUST_b4002a,One_Time,2025-02-06,PAY_182e,STAT_8cd2,2025-02-06
8766,ORD_4dab83,CUST_5c5369,Repeat,2025-07-04,PAY_8cd2,STAT_8cd2,2025-07-04
8767,ORD_21a7ee,CUST_5c5369,Repeat,2025-09-02,PAY_4414,STAT_182e,2025-09-02
8768,ORD_d8d8ff,CUST_5c5369,Repeat,2025-07-04,PAY_182e,STAT_e09a,2025-07-04
8769,ORD_a1eb14,CUST_5c5369,Repeat,2025-07-04,PAY_182e,STAT_4414,2025-07-04
8770,ORD_e3c3e6,CUST_5c5369,Repeat,2025-07-04,PAY_182e,STAT_8cd2,2025-07-04
8771,ORD_c17115,CUST_5c5369,Repeat,2025-07-04,PAY_8cd2,STAT_182e,2025-07-04
8772,ORD_c4858d,CUST_6d699c,Commercial,2026-05-06,PAY_182e,STAT_e09a,2026-05-06
8773,ORD_4ba677,CUST_6d699c,Commercial,2026-04-15,PAY_4414,STAT_4414,2026-04-15
8774,ORD_e9f81e,CUST_6d699c,Commercial,2026-04-15,PAY_8cd2,STAT_e09a,2026-04-15
8775,ORD_d2fd63,CUST_6d699c,Commercial,2026-04-15,PAY_4414,STAT_182e,2026-04-15
8776,ORD_fa7171,CUST_6d699c,Commercial,2026-04-15,PAY_4414,STAT_e09a,2026-04-15
8777,ORD_b323db,CUST_6d699c,Commercial,2026-04-15,PAY_e09a,STAT_e09a,2026-04-15
8778,ORD_6a1c10,CUST_6d699c,Commercial,2026-04-15,PAY_8cd2,STAT_4414,2026-04-15
8779,ORD_6fa29d,CUST_6d699c,Commercial,2026-04-15,PAY_e09a,STAT_4414,2026-04-15
8780,ORD_fee629,CUST_6d699c,Commercial,2026-04-15,PAY_182e,STAT_4414,2026-04-15
8781,ORD_0bdd0b,CUST_6d699c,Commercial,2026-04-15,PAY_e09a,STAT_8cd2,2026-04-15
8782,ORD_529c14,CUST_6d699c,Commercial,2026-04-15,PAY_e09a,STAT_e09a,2026-04-15
8783,ORD_4194e0,CUST_6d699c,Commercial,2026-04-15,PAY_e09a,STAT_4414,2026-04-15
8784,ORD_832f2f,CUST_6d699c,Commercial,2026-04-15,PAY_4414,STAT_4414,2026-04-15
8785,ORD_d859b7,CUST_6d699c,Commercial,2026-04-15,PAY_4414,STAT_4414,2026-04-15
8786,ORD_4102ab,CUST_6d699c,Commercial,2026-05-26,PAY_e09a,STAT_e09a,2026-05-26
8787,ORD_c93fc6,CUST_6d699c,Commercial,2026-04-15,PAY_4414,STAT_182e,2026-04-15
8788,ORD_39b953,CUST_6d699c,Commercial,2026-04-15,PAY_182e,STAT_182e,2026-04-15
8789,ORD_85b7fd,CUST_6d699c,Commercial,2026-04-15,PAY_4414,STAT_182e,2026-04-15
8790,ORD_6ff9c2,CUST_107f82,One_Time,2024-08-25,PAY_182e,STAT_182e,2024-08-25
8791,ORD_cc2441,CUST_330abc,One_Time,2024-06-17,PAY_182e,STAT_8cd2,2024-06-17
8792,ORD_a84f44,CUST_0cc97d,One_Time,2025-09-27,PAY_8cd2,STAT_182e,2025-09-27
8793,ORD_e3dd54,CUST_60bdb6,One_Time,2026-02-17,PAY_8cd2,STAT_4414,2026-02-17
8794,ORD_f1c9ff,CUST_9593eb,Repeat,2024-11-21,PAY_8cd2,STAT_e09a,2024-11-21
8795,ORD_3108bf,CUST_9593eb,Repeat,2026-04-27,PAY_8cd2,STAT_8cd2,2026-04-27
8796,ORD_8f5e17,CUST_9593eb,Repeat,2024-01-25,PAY_182e,STAT_e09a,2024-01-25
8797,ORD_6e6936,CUST_9593eb,Repeat,2024-01-25,PAY_4414,STAT_e09a,2024-01-25
8798,ORD_b0a63b,CUST_e1d269,One_Time,2022-09-17,PAY_e09a,STAT_4414,2022-09-17
8799,ORD_b9ecc5,CUST_3040d7,Repeat,2023-09-19,PAY_8cd2,STAT_182e,2023-09-19
8800,ORD_4ccc81,CUST_3040d7,Repeat,2024-01-06,PAY_182e,STAT_8cd2,2024-01-06
8801,ORD_2c7393,CUST_3040d7,Repeat,2023-06-17,PAY_4414,STAT_4414,2023-06-17
8802,ORD_3cf6a1,CUST_d05844,One_Time,2026-02-08,PAY_8cd2,STAT_8cd2,2026-02-08
8803,ORD_48fb78,CUST_3faf8a,One_Time,2023-02-07,PAY_182e,STAT_8cd2,2023-02-07
8804,ORD_bdcfce,CUST_a56fd7,One_Time,2021-12-25,PAY_8cd2,STAT_8cd2,2021-12-25
8805,ORD_2bde91,CUST_0bea72,One_Time,2024-12-24,PAY_4414,STAT_182e,2024-12-24
8806,ORD_34ffb9,CUST_1f1f04,Repeat,2023-08-25,PAY_182e,STAT_e09a,2023-08-25
8807,ORD_705dca,CUST_1f1f04,Repeat,2024-10-17,PAY_e09a,STAT_182e,2024-10-17
8808,ORD_5efd0e,CUST_18b824,One_Time,2026-02-23,PAY_182e,STAT_e09a,2026-02-23
8809,ORD_2ed46c,CUST_4085e2,One_Time,2023-01-20,PAY_e09a,STAT_e09a,2023-01-20
8810,ORD_a505b9,CUST_ee9d5d,One_Time,2026-03-18,PAY_8cd2,STAT_182e,2026-03-18
8811,ORD_d13e77,CUST_5e483a,One_Time,2025-09-25,PAY_e09a,STAT_182e,2025-09-25
8812,ORD_2a7ff3,CUST_a790b6,Repeat,2022-10-25,PAY_e09a,STAT_e09a,2022-10-25
8813,ORD_f6a1d3,CUST_a790b6,Repeat,2023-09-15,PAY_e09a,STAT_182e,2023-09-15
8814,ORD_d11eaa,CUST_a790b6,Repeat,2022-10-14,PAY_8cd2,STAT_182e,2022-10-14
8815,ORD_47d676,CUST_a790b6,Repeat,2024-02-18,PAY_182e,STAT_e09a,2024-02-18
8816,ORD_55d4e3,CUST_a790b6,Repeat,2025-05-05,PAY_4414,STAT_4414,2025-05-05
8817,ORD_b9cdb3,CUST_2401a0,One_Time,2025-02-13,PAY_182e,STAT_e09a,2025-02-13
8818,ORD_01525b,CUST_6ecf29,One_Time,2024-12-04,PAY_8cd2,STAT_4414,2024-12-04
8819,ORD_465588,CUST_549afe,One_Time,2025-10-01,PAY_8cd2,STAT_182e,2025-10-01
8820,ORD_7047d9,CUST_73da68,Repeat,2023-12-05,PAY_8cd2,STAT_182e,2023-12-05
8821,ORD_5fc95d,CUST_73da68,Repeat,2024-09-23,PAY_8cd2,STAT_8cd2,2024-09-23
8822,ORD_0f4d7b,CUST_73da68,Repeat,2023-12-05,PAY_4414,STAT_e09a,2023-12-05
8823,ORD_63e043,CUST_d65213,One_Time,2025-10-28,PAY_4414,STAT_182e,2025-10-28
8824,ORD_5500fd,CUST_0458c8,One_Time,2026-01-03,PAY_e09a,STAT_182e,2026-01-03
8825,ORD_ed4286,CUST_7832c6,Repeat,2025-08-05,PAY_e09a,STAT_8cd2,2025-08-05
8826,ORD_a2be04,CUST_7832c6,Repeat,2025-05-06,PAY_e09a,STAT_182e,2025-05-06
8827,ORD_b2c242,CUST_7832c6,Repeat,2025-04-26,PAY_4414,STAT_182e,2025-04-26
8828,ORD_20366f,CUST_7832c6,Repeat,2025-04-26,PAY_182e,STAT_8cd2,2025-04-26
8829,ORD_af613b,CUST_7ce101,One_Time,2025-09-20,PAY_8cd2,STAT_8cd2,2025-09-20
8830,ORD_ce5f2f,CUST_db6077,One_Time,2022-01-01,PAY_e09a,STAT_e09a,2022-01-01
8831,ORD_1bc75b,CUST_2aefb5,One_Time,2024-10-02,PAY_e09a,STAT_182e,2024-10-02
8832,ORD_60eab2,CUST_2c064f,One_Time,2022-10-27,PAY_8cd2,STAT_182e,2022-10-27
8833,ORD_83b2c2,CUST_577b1e,Repeat,2024-08-15,PAY_e09a,STAT_8cd2,2024-08-15
8834,ORD_2a055c,CUST_577b1e,Repeat,2023-04-28,PAY_4414,STAT_8cd2,2023-04-28
8835,ORD_006478,CUST_0a986b,One_Time,2025-11-06,PAY_4414,STAT_8cd2,2025-11-06
8836,ORD_e936d4,CUST_b7b681,Repeat,2024-10-24,PAY_4414,STAT_8cd2,2024-10-24
8837,ORD_c025df,CUST_b7b681,Repeat,2026-02-11,PAY_4414,STAT_182e,2026-02-11
8838,ORD_7a4215,CUST_dfc086,One_Time,2023-07-27,PAY_4414,STAT_182e,2023-07-27
8839,ORD_56c6d6,CUST_e21587,One_Time,2025-03-23,PAY_e09a,STAT_4414,2025-03-23
8840,ORD_39ac30,CUST_e3b3c1,One_Time,2024-09-23,PAY_182e,STAT_8cd2,2024-09-23
8841,ORD_0dc9e7,CUST_74d8ff,Repeat,2025-08-02,PAY_182e,STAT_e09a,2025-08-02
8842,ORD_5b8512,CUST_74d8ff,Repeat,2022-07-27,PAY_182e,STAT_4414,2022-07-27
8843,ORD_335c38,CUST_74d8ff,Repeat,2022-07-27,PAY_e09a,STAT_4414,2022-07-27
8844,ORD_dc508d,CUST_74d8ff,Repeat,2023-04-06,PAY_8cd2,STAT_8cd2,2023-04-06
8845,ORD_9857f1,CUST_be7028,One_Time,2026-01-03,PAY_4414,STAT_e09a,2026-01-03
8846,ORD_e04924,CUST_af9082,One_Time,2023-06-19,PAY_8cd2,STAT_8cd2,2023-06-19
8847,ORD_913074,CUST_b5fbce,One_Time,2026-03-13,PAY_4414,STAT_8cd2,2026-03-13
8848,ORD_230f5c,CUST_6653a8,Repeat,2026-03-16,PAY_182e,STAT_182e,2026-03-16
8849,ORD_e250e4,CUST_6653a8,Repeat,2025-04-05,PAY_8cd2,STAT_e09a,2025-04-05
8850,ORD_fa4c69,CUST_6653a8,Repeat,2024-07-15,PAY_182e,STAT_8cd2,2024-07-15
8851,ORD_d79b7f,CUST_6653a8,Repeat,2024-07-15,PAY_8cd2,STAT_182e,2024-07-15
8852,ORD_46a18d,CUST_8fb524,One_Time,2023-05-28,PAY_e09a,STAT_4414,2023-05-28
8853,ORD_2ac546,CUST_838517,One_Time,2026-03-24,PAY_8cd2,STAT_8cd2,2026-03-24
8854,ORD_20a101,CUST_73f54a,Repeat,2023-08-02,PAY_e09a,STAT_4414,2023-08-02
8855,ORD_ba9785,CUST_73f54a,Repeat,2024-10-27,PAY_e09a,STAT_8cd2,2024-10-27
8856,ORD_203feb,CUST_73f54a,Repeat,2024-05-23,PAY_8cd2,STAT_182e,2024-05-23
8857,ORD_0a4051,CUST_73f54a,Repeat,2024-04-24,PAY_182e,STAT_e09a,2024-04-24
8858,ORD_712776,CUST_73f54a,Repeat,2025-04-08,PAY_8cd2,STAT_182e,2025-04-08
8859,ORD_b2c864,CUST_73f54a,Repeat,2023-12-21,PAY_8cd2,STAT_e09a,2023-12-21
8860,ORD_8faa9b,CUST_147306,One_Time,2025-06-27,PAY_4414,STAT_8cd2,2025-06-27
8861,ORD_107377,CUST_36c577,Repeat,2025-02-22,PAY_4414,STAT_182e,2025-02-22
8862,ORD_633c06,CUST_36c577,Repeat,2026-04-10,PAY_4414,STAT_8cd2,2026-04-10
8863,ORD_8eb7fe,CUST_36c577,Repeat,2022-02-15,PAY_182e,STAT_8cd2,2022-02-15
8864,ORD_a1c3e4,CUST_36c577,Repeat,2022-02-15,PAY_182e,STAT_8cd2,2022-02-15
8865,ORD_ba7b52,CUST_36c577,Repeat,2022-02-15,PAY_4414,STAT_8cd2,2022-02-15
8866,ORD_cf6941,CUST_90f272,Repeat,2023-12-15,PAY_e09a,STAT_4414,2023-12-15
8867,ORD_3cf842,CUST_90f272,Repeat,2021-06-25,PAY_4414,STAT_e09a,2021-06-25
8868,ORD_d005d0,CUST_90f272,Repeat,2022-04-25,PAY_8cd2,STAT_182e,2022-04-25
8869,ORD_9b8fc9,CUST_89f5a9,One_Time,2024-11-01,PAY_8cd2,STAT_4414,2024-11-01
8870,ORD_42bf0e,CUST_4eb36f,One_Time,2025-07-11,PAY_e09a,STAT_182e,2025-07-11
8871,ORD_6b46c4,CUST_921358,One_Time,2025-04-18,PAY_182e,STAT_182e,2025-04-18
8872,ORD_9cef95,CUST_c62456,One_Time,2026-05-15,PAY_e09a,STAT_182e,2026-05-15
8873,ORD_184384,CUST_0f6564,Repeat,2023-11-14,PAY_182e,STAT_e09a,2023-11-14
8874,ORD_96af57,CUST_0f6564,Repeat,2026-01-18,PAY_8cd2,STAT_e09a,2026-01-18
8875,ORD_2bb735,CUST_0f6564,Repeat,2026-02-10,PAY_8cd2,STAT_8cd2,2026-02-10
8876,ORD_dd0e88,CUST_0f6564,Repeat,2023-11-14,PAY_182e,STAT_4414,2023-11-14
8877,ORD_dd614a,CUST_d6c43c,One_Time,2023-03-05,PAY_4414,STAT_8cd2,2023-03-05
8878,ORD_e3c6dd,CUST_7eae00,One_Time,2022-11-26,PAY_4414,STAT_8cd2,2022-11-26
8879,ORD_4e0b18,CUST_3d2ccf,One_Time,2024-07-17,PAY_e09a,STAT_4414,2024-07-17
8880,ORD_a0cb74,CUST_4e088a,One_Time,2026-04-18,PAY_4414,STAT_e09a,2026-04-18
8881,ORD_d6cb17,CUST_742eb0,One_Time,2026-05-27,PAY_e09a,STAT_e09a,2026-05-27
8882,ORD_8120ba,CUST_46aed0,Commercial,2025-05-24,PAY_4414,STAT_4414,2025-05-24
8883,ORD_4e78e5,CUST_46aed0,Commercial,2026-01-08,PAY_4414,STAT_4414,2026-01-08
8884,ORD_da4e0b,CUST_46aed0,Commercial,2025-05-24,PAY_182e,STAT_182e,2025-05-24
8885,ORD_187b38,CUST_46aed0,Commercial,2025-05-24,PAY_8cd2,STAT_e09a,2025-05-24
8886,ORD_60a9fe,CUST_46aed0,Commercial,2025-09-07,PAY_8cd2,STAT_182e,2025-09-07
8887,ORD_b40a46,CUST_46aed0,Commercial,2026-03-10,PAY_8cd2,STAT_4414,2026-03-10
8888,ORD_458feb,CUST_46aed0,Commercial,2025-07-03,PAY_e09a,STAT_e09a,2025-07-03
8889,ORD_b12410,CUST_46aed0,Commercial,2025-05-24,PAY_8cd2,STAT_4414,2025-05-24
8890,ORD_09480a,CUST_46aed0,Commercial,2025-12-02,PAY_e09a,STAT_182e,2025-12-02
8891,ORD_cb365b,CUST_46aed0,Commercial,2025-05-24,PAY_182e,STAT_e09a,2025-05-24
8892,ORD_e4eec9,CUST_ad6687,One_Time,2026-03-07,PAY_4414,STAT_e09a,2026-03-07
8893,ORD_112420,CUST_7bd14f,One_Time,2026-02-28,PAY_4414,STAT_4414,2026-02-28
8894,ORD_456eaa,CUST_881931,One_Time,2026-02-27,PAY_e09a,STAT_182e,2026-02-27
8895,ORD_4452ae,CUST_385d19,One_Time,2025-07-16,PAY_4414,STAT_182e,2025-07-16
8896,ORD_0d3ec3,CUST_ad91ca,One_Time,2025-02-21,PAY_8cd2,STAT_182e,2025-02-21
8897,ORD_8eace7,CUST_cf3081,One_Time,2023-02-11,PAY_e09a,STAT_8cd2,2023-02-11
8898,ORD_e39054,CUST_18ff80,One_Time,2025-08-13,PAY_4414,STAT_4414,2025-08-13
8899,ORD_925286,CUST_48e4dc,One_Time,2026-05-19,PAY_8cd2,STAT_182e,2026-05-19
8900,ORD_4ac063,CUST_28252c,Repeat,2026-01-01,PAY_182e,STAT_4414,2026-01-01
8901,ORD_dc1933,CUST_28252c,Repeat,2023-11-07,PAY_4414,STAT_e09a,2023-11-07
8902,ORD_88ec64,CUST_28252c,Repeat,2023-09-20,PAY_4414,STAT_e09a,2023-09-20
8903,ORD_5a8c8c,CUST_cdc349,One_Time,2026-03-25,PAY_4414,STAT_8cd2,2026-03-25
8904,ORD_87f77f,CUST_666a46,Repeat,2024-06-26,PAY_e09a,STAT_4414,2024-06-26
8905,ORD_db377d,CUST_666a46,Repeat,2024-06-26,PAY_8cd2,STAT_182e,2024-06-26
8906,ORD_006ddf,CUST_666a46,Repeat,2024-06-26,PAY_4414,STAT_8cd2,2024-06-26
8907,ORD_880434,CUST_52e03c,One_Time,2023-11-01,PAY_e09a,STAT_4414,2023-11-01
8908,ORD_a0571e,CUST_eb3bda,Repeat,2026-05-27,PAY_182e,STAT_e09a,2026-05-27
8909,ORD_8a07a5,CUST_eb3bda,Repeat,2024-06-10,PAY_4414,STAT_e09a,2024-06-10
8910,ORD_610c4b,CUST_be47a5,One_Time,2024-02-14,PAY_4414,STAT_e09a,2024-02-14
8911,ORD_ff7cd6,CUST_8039b7,One_Time,2024-09-13,PAY_4414,STAT_e09a,2024-09-13
8912,ORD_a8ac84,CUST_9968f2,One_Time,2025-08-27,PAY_e09a,STAT_e09a,2025-08-27
8913,ORD_320529,CUST_484390,Repeat,2026-01-02,PAY_182e,STAT_e09a,2026-01-02
8914,ORD_a87348,CUST_484390,Repeat,2026-02-06,PAY_8cd2,STAT_182e,2026-02-06
8915,ORD_3cccea,CUST_484390,Repeat,2026-01-02,PAY_182e,STAT_e09a,2026-01-02
8916,ORD_86736c,CUST_484390,Repeat,2026-01-02,PAY_182e,STAT_182e,2026-01-02
8917,ORD_13e85a,CUST_484390,Repeat,2026-04-12,PAY_182e,STAT_8cd2,2026-04-12
8918,ORD_29cd41,CUST_484390,Repeat,2026-01-02,PAY_182e,STAT_182e,2026-01-02
8919,ORD_d03c4c,CUST_2eb892,Repeat,2026-04-18,PAY_8cd2,STAT_8cd2,2026-04-18
8920,ORD_58e714,CUST_2eb892,Repeat,2026-04-18,PAY_e09a,STAT_e09a,2026-04-18
8921,ORD_4719e2,CUST_bb1a8d,One_Time,2024-07-21,PAY_8cd2,STAT_e09a,2024-07-21
8922,ORD_8e5796,CUST_df4700,One_Time,2024-12-25,PAY_8cd2,STAT_4414,2024-12-25
8923,ORD_3d7205,CUST_b5b74a,One_Time,2025-12-15,PAY_8cd2,STAT_8cd2,2025-12-15
8924,ORD_ad83f3,CUST_342249,One_Time,2025-07-11,PAY_4414,STAT_4414,2025-07-11
8925,ORD_a821d1,CUST_96cc1d,One_Time,2025-01-09,PAY_182e,STAT_4414,2025-01-09
8926,ORD_031666,CUST_c079ca,One_Time,2025-06-02,PAY_8cd2,STAT_e09a,2025-06-02
8927,ORD_49861b,CUST_42eacb,One_Time,2021-11-11,PAY_4414,STAT_182e,2021-11-11
8928,ORD_73ccca,CUST_45d6a0,Commercial,2023-01-01,PAY_e09a,STAT_182e,2023-01-01
8929,ORD_0e18bf,CUST_45d6a0,Commercial,2024-10-28,PAY_8cd2,STAT_182e,2024-10-28
8930,ORD_93f4e7,CUST_45d6a0,Commercial,2022-05-19,PAY_8cd2,STAT_e09a,2022-05-19
8931,ORD_46678b,CUST_45d6a0,Commercial,2021-12-09,PAY_e09a,STAT_182e,2021-12-09
8932,ORD_b0be96,CUST_45d6a0,Commercial,2024-09-13,PAY_e09a,STAT_e09a,2024-09-13
8933,ORD_9ef6fd,CUST_45d6a0,Commercial,2025-02-09,PAY_8cd2,STAT_182e,2025-02-09
8934,ORD_a3c24b,CUST_45d6a0,Commercial,2026-02-21,PAY_e09a,STAT_182e,2026-02-21
8935,ORD_790c16,CUST_45d6a0,Commercial,2026-01-24,PAY_4414,STAT_8cd2,2026-01-24
8936,ORD_d89f84,CUST_45d6a0,Commercial,2024-05-03,PAY_e09a,STAT_e09a,2024-05-03
8937,ORD_bc3e89,CUST_45d6a0,Commercial,2021-12-09,PAY_4414,STAT_8cd2,2021-12-09
8938,ORD_b1640e,CUST_45d6a0,Commercial,2024-06-14,PAY_182e,STAT_4414,2024-06-14
8939,ORD_63aa3c,CUST_45d6a0,Commercial,2025-06-19,PAY_4414,STAT_182e,2025-06-19
8940,ORD_d67a0f,CUST_45d6a0,Commercial,2024-06-24,PAY_8cd2,STAT_8cd2,2024-06-24
8941,ORD_6745cc,CUST_270276,One_Time,2023-07-15,PAY_8cd2,STAT_8cd2,2023-07-15
8942,ORD_f2d53d,CUST_05904f,One_Time,2024-12-05,PAY_8cd2,STAT_4414,2024-12-05
8943,ORD_9c51e0,CUST_3a5a1c,One_Time,2026-03-16,PAY_8cd2,STAT_8cd2,2026-03-16
8944,ORD_711704,CUST_d9d786,One_Time,2023-09-08,PAY_e09a,STAT_182e,2023-09-08
8945,ORD_1497b5,CUST_5d1019,One_Time,2025-06-23,PAY_4414,STAT_182e,2025-06-23
8946,ORD_ebe71e,CUST_4d540e,One_Time,2025-12-03,PAY_182e,STAT_e09a,2025-12-03
8947,ORD_9e2dcb,CUST_b87dd6,One_Time,2025-08-23,PAY_e09a,STAT_182e,2025-08-23
8948,ORD_97754b,CUST_8335ae,One_Time,2022-12-23,PAY_182e,STAT_182e,2022-12-23
8949,ORD_2bfa5c,CUST_429c47,One_Time,2023-11-19,PAY_e09a,STAT_8cd2,2023-11-19
8950,ORD_8a1458,CUST_d34789,One_Time,2023-06-04,PAY_4414,STAT_8cd2,2023-06-04
8951,ORD_064866,CUST_3e0e5b,One_Time,2022-11-05,PAY_4414,STAT_e09a,2022-11-05
8952,ORD_0ed786,CUST_3d08d4,One_Time,2022-11-25,PAY_182e,STAT_e09a,2022-11-25
8953,ORD_913a63,CUST_4748ce,One_Time,2026-02-01,PAY_182e,STAT_8cd2,2026-02-01
8954,ORD_87da5d,CUST_18df19,Repeat,2026-02-19,PAY_182e,STAT_182e,2026-02-19
8955,ORD_58465d,CUST_18df19,Repeat,2023-12-20,PAY_8cd2,STAT_4414,2023-12-20
8956,ORD_ee3fe8,CUST_18df19,Repeat,2023-07-27,PAY_4414,STAT_4414,2023-07-27
8957,ORD_cfb724,CUST_18df19,Repeat,2024-11-17,PAY_e09a,STAT_182e,2024-11-17
8958,ORD_f0f65a,CUST_18df19,Repeat,2022-04-14,PAY_8cd2,STAT_e09a,2022-04-14
8959,ORD_b1a2e1,CUST_18df19,Repeat,2022-04-14,PAY_182e,STAT_4414,2022-04-14
8960,ORD_118e0a,CUST_c2e326,Commercial,2022-12-23,PAY_8cd2,STAT_e09a,2022-12-23
8961,ORD_7e14e9,CUST_c2e326,Commercial,2025-05-02,PAY_e09a,STAT_182e,2025-05-02
8962,ORD_c69d02,CUST_c2e326,Commercial,2023-07-27,PAY_182e,STAT_4414,2023-07-27
8963,ORD_afa000,CUST_c2e326,Commercial,2023-06-01,PAY_4414,STAT_182e,2023-06-01
8964,ORD_5fea51,CUST_c2e326,Commercial,2024-05-19,PAY_182e,STAT_182e,2024-05-19
8965,ORD_fb3353,CUST_c2e326,Commercial,2025-01-18,PAY_182e,STAT_8cd2,2025-01-18
8966,ORD_363b2e,CUST_c2e326,Commercial,2023-09-14,PAY_8cd2,STAT_4414,2023-09-14
8967,ORD_224c49,CUST_c2e326,Commercial,2025-08-06,PAY_182e,STAT_4414,2025-08-06
8968,ORD_18a6bd,CUST_c2e326,Commercial,2024-08-09,PAY_4414,STAT_8cd2,2024-08-09
8969,ORD_d3d167,CUST_c2e326,Commercial,2026-02-02,PAY_8cd2,STAT_e09a,2026-02-02
8970,ORD_e053bc,CUST_c2e326,Commercial,2026-02-14,PAY_8cd2,STAT_182e,2026-02-14
8971,ORD_a8ff80,CUST_c2e326,Commercial,2022-12-23,PAY_4414,STAT_182e,2022-12-23
8972,ORD_82c8ea,CUST_0131a9,One_Time,2026-02-25,PAY_182e,STAT_e09a,2026-02-25
8973,ORD_14bf9a,CUST_9e119b,One_Time,2024-01-10,PAY_4414,STAT_4414,2024-01-10
8974,ORD_c2b3b9,CUST_5f0116,One_Time,2025-07-20,PAY_8cd2,STAT_182e,2025-07-20
8975,ORD_de31a3,CUST_74a8b6,One_Time,2023-11-20,PAY_8cd2,STAT_182e,2023-11-20
8976,ORD_f599b6,CUST_ac4d0f,Commercial,2026-04-28,PAY_8cd2,STAT_182e,2026-04-28
8977,ORD_f071e7,CUST_ac4d0f,Commercial,2026-04-28,PAY_e09a,STAT_8cd2,2026-04-28
8978,ORD_834ce0,CUST_ac4d0f,Commercial,2026-04-28,PAY_182e,STAT_4414,2026-04-28
8979,ORD_e74998,CUST_ac4d0f,Commercial,2026-04-28,PAY_4414,STAT_182e,2026-04-28
8980,ORD_0a95a8,CUST_ac4d0f,Commercial,2026-04-28,PAY_e09a,STAT_182e,2026-04-28
8981,ORD_bb7e36,CUST_ac4d0f,Commercial,2026-04-28,PAY_4414,STAT_8cd2,2026-04-28
8982,ORD_54894c,CUST_ac4d0f,Commercial,2026-04-28,PAY_182e,STAT_8cd2,2026-04-28
8983,ORD_df818f,CUST_ac4d0f,Commercial,2026-04-28,PAY_182e,STAT_4414,2026-04-28
8984,ORD_3cde71,CUST_ac4d0f,Commercial,2026-04-28,PAY_4414,STAT_182e,2026-04-28
8985,ORD_0163d3,CUST_ac4d0f,Commercial,2026-04-28,PAY_4414,STAT_8cd2,2026-04-28
8986,ORD_df92f3,CUST_ac4d0f,Commercial,2026-04-28,PAY_8cd2,STAT_8cd2,2026-04-28
8987,ORD_754352,CUST_ac4d0f,Commercial,2026-04-28,PAY_8cd2,STAT_182e,2026-04-28
8988,ORD_9683d1,CUST_ac4d0f,Commercial,2026-04-28,PAY_8cd2,STAT_8cd2,2026-04-28
8989,ORD_ce0405,CUST_ac4d0f,Commercial,2026-04-28,PAY_8cd2,STAT_e09a,2026-04-28
8990,ORD_762cdd,CUST_ac4d0f,Commercial,2026-04-28,PAY_4414,STAT_8cd2,2026-04-28
8991,ORD_b9e57e,CUST_ac4d0f,Commercial,2026-04-28,PAY_8cd2,STAT_4414,2026-04-28
8992,ORD_5fef41,CUST_ac4d0f,Commercial,2026-04-28,PAY_4414,STAT_182e,2026-04-28
8993,ORD_676581,CUST_ac4d0f,Commercial,2026-04-28,PAY_182e,STAT_8cd2,2026-04-28
8994,ORD_5809d5,CUST_ac4d0f,Commercial,2026-04-28,PAY_182e,STAT_8cd2,2026-04-28
8995,ORD_39c8a7,CUST_ac4d0f,Commercial,2026-04-28,PAY_4414,STAT_8cd2,2026-04-28
8996,ORD_cc5f37,CUST_8cc5d0,One_Time,2022-01-01,PAY_182e,STAT_182e,2022-01-01
8997,ORD_79899e,CUST_d6274b,One_Time,2023-09-13,PAY_e09a,STAT_e09a,2023-09-13
8998,ORD_4a200c,CUST_583a0b,One_Time,2026-03-17,PAY_8cd2,STAT_182e,2026-03-17
8999,ORD_b1cb09,CUST_c91bef,One_Time,2021-12-24,PAY_4414,STAT_182e,2021-12-24
9000,ORD_69c8be,CUST_b051af,One_Time,2026-02-11,PAY_8cd2,STAT_4414,2026-02-11
9001,ORD_53777b,CUST_85a4ca,One_Time,2025-07-20,PAY_8cd2,STAT_4414,2025-07-20
9002,ORD_f5152f,CUST_292496,One_Time,2024-08-12,PAY_4414,STAT_4414,2024-08-12
9003,ORD_e33da3,CUST_82c93f,One_Time,2024-09-05,PAY_8cd2,STAT_4414,2024-09-05
9004,ORD_d3e5b3,CUST_3d4a00,One_Time,2022-04-12,PAY_e09a,STAT_8cd2,2022-04-12
9005,ORD_ef7818,CUST_a5b7d7,Repeat,2025-02-08,PAY_8cd2,STAT_182e,2025-02-08
9006,ORD_5f0333,CUST_a5b7d7,Repeat,2023-09-22,PAY_182e,STAT_8cd2,2023-09-22
9007,ORD_2481ae,CUST_a5b7d7,Repeat,2024-11-19,PAY_4414,STAT_182e,2024-11-19
9008,ORD_52a45e,CUST_a5b7d7,Repeat,2024-11-27,PAY_182e,STAT_8cd2,2024-11-27
9009,ORD_e476af,CUST_a5b7d7,Repeat,2025-03-16,PAY_182e,STAT_4414,2025-03-16
9010,ORD_52cef3,CUST_9bd8a4,One_Time,2026-02-04,PAY_182e,STAT_182e,2026-02-04
9011,ORD_4d7d56,CUST_938200,One_Time,2026-05-10,PAY_4414,STAT_e09a,2026-05-10
9012,ORD_617ee5,CUST_14c2dd,One_Time,2025-05-09,PAY_8cd2,STAT_8cd2,2025-05-09
9013,ORD_c015f6,CUST_9c90aa,One_Time,2023-11-08,PAY_e09a,STAT_182e,2023-11-08
9014,ORD_4c7fbc,CUST_2f9a0e,One_Time,2025-04-05,PAY_182e,STAT_4414,2025-04-05
9015,ORD_d7dbc6,CUST_1568c2,One_Time,2022-01-17,PAY_e09a,STAT_182e,2022-01-17
9016,ORD_37a5e8,CUST_b1ff34,Repeat,2026-03-26,PAY_4414,STAT_8cd2,2026-03-26
9017,ORD_db9026,CUST_b1ff34,Repeat,2022-07-09,PAY_e09a,STAT_e09a,2022-07-09
9018,ORD_fd5c8a,CUST_b1ff34,Repeat,2022-06-24,PAY_e09a,STAT_e09a,2022-06-24
9019,ORD_0cbe45,CUST_f8a66e,Repeat,2025-09-07,PAY_8cd2,STAT_8cd2,2025-09-07
9020,ORD_496fec,CUST_f8a66e,Repeat,2025-09-07,PAY_182e,STAT_8cd2,2025-09-07
9021,ORD_3d591e,CUST_f8a66e,Repeat,2026-01-26,PAY_182e,STAT_182e,2026-01-26
9022,ORD_f9068b,CUST_f8a66e,Repeat,2025-09-07,PAY_182e,STAT_182e,2025-09-07
9023,ORD_dbe9b9,CUST_f8a66e,Repeat,2025-09-07,PAY_4414,STAT_8cd2,2025-09-07
9024,ORD_d63eed,CUST_b3994a,Commercial,2024-07-03,PAY_e09a,STAT_e09a,2024-07-03
9025,ORD_372c6e,CUST_b3994a,Commercial,2024-07-03,PAY_4414,STAT_4414,2024-07-03
9026,ORD_8ecae1,CUST_b3994a,Commercial,2024-07-03,PAY_182e,STAT_e09a,2024-07-03
9027,ORD_91265b,CUST_b3994a,Commercial,2024-07-03,PAY_8cd2,STAT_e09a,2024-07-03
9028,ORD_1137bb,CUST_b3994a,Commercial,2024-07-03,PAY_4414,STAT_e09a,2024-07-03
9029,ORD_d1ab9d,CUST_b3994a,Commercial,2024-07-03,PAY_e09a,STAT_e09a,2024-07-03
9030,ORD_b89710,CUST_b3994a,Commercial,2024-07-03,PAY_4414,STAT_e09a,2024-07-03
9031,ORD_1de801,CUST_b3994a,Commercial,2025-04-24,PAY_4414,STAT_8cd2,2025-04-24
9032,ORD_dfd64f,CUST_b3994a,Commercial,2025-07-18,PAY_e09a,STAT_e09a,2025-07-18
9033,ORD_332c42,CUST_b3994a,Commercial,2024-07-03,PAY_8cd2,STAT_e09a,2024-07-03
9034,ORD_f9529d,CUST_b3994a,Commercial,2024-11-20,PAY_8cd2,STAT_182e,2024-11-20
9035,ORD_62777a,CUST_b3994a,Commercial,2024-07-03,PAY_182e,STAT_4414,2024-07-03
9036,ORD_f1f85f,CUST_b3994a,Commercial,2024-07-03,PAY_4414,STAT_182e,2024-07-03
9037,ORD_7d9c1e,CUST_36ed60,One_Time,2025-12-23,PAY_4414,STAT_e09a,2025-12-23
9038,ORD_242c4e,CUST_655a82,One_Time,2024-12-28,PAY_8cd2,STAT_182e,2024-12-28
9039,ORD_1d2bd1,CUST_cb1532,One_Time,2021-09-25,PAY_8cd2,STAT_182e,2021-09-25
9040,ORD_cac0e8,CUST_775b22,Repeat,2023-10-13,PAY_182e,STAT_4414,2023-10-13
9041,ORD_ee5e16,CUST_775b22,Repeat,2025-11-16,PAY_e09a,STAT_182e,2025-11-16
9042,ORD_210c22,CUST_775b22,Repeat,2024-07-16,PAY_e09a,STAT_8cd2,2024-07-16
9043,ORD_ce7bf6,CUST_775b22,Repeat,2024-05-04,PAY_e09a,STAT_4414,2024-05-04
9044,ORD_714392,CUST_775b22,Repeat,2026-02-06,PAY_182e,STAT_e09a,2026-02-06
9045,ORD_8ee5d1,CUST_775b22,Repeat,2024-01-16,PAY_e09a,STAT_8cd2,2024-01-16
9046,ORD_71b690,CUST_18d56d,One_Time,2025-01-11,PAY_e09a,STAT_8cd2,2025-01-11
9047,ORD_820082,CUST_857ef7,Repeat,2023-07-04,PAY_4414,STAT_182e,2023-07-04
9048,ORD_dfadc6,CUST_857ef7,Repeat,2022-07-22,PAY_8cd2,STAT_8cd2,2022-07-22
9049,ORD_9dd5af,CUST_857ef7,Repeat,2024-02-05,PAY_182e,STAT_4414,2024-02-05
9050,ORD_84ccc6,CUST_857ef7,Repeat,2023-02-17,PAY_4414,STAT_182e,2023-02-17
9051,ORD_8736e7,CUST_857ef7,Repeat,2022-06-28,PAY_182e,STAT_182e,2022-06-28
9052,ORD_d5a6ea,CUST_0cf32c,One_Time,2025-12-25,PAY_4414,STAT_e09a,2025-12-25
9053,ORD_c1df61,CUST_2bac44,One_Time,2022-05-07,PAY_4414,STAT_4414,2022-05-07
9054,ORD_92ae52,CUST_5da2b6,One_Time,2026-03-12,PAY_e09a,STAT_8cd2,2026-03-12
9055,ORD_d5ec6d,CUST_6693f5,Repeat,2022-10-17,PAY_e09a,STAT_4414,2022-10-17
9056,ORD_0d7b45,CUST_6693f5,Repeat,2022-10-17,PAY_e09a,STAT_e09a,2022-10-17
9057,ORD_2e5781,CUST_6693f5,Repeat,2022-10-17,PAY_e09a,STAT_4414,2022-10-17
9058,ORD_a8c2d1,CUST_6693f5,Repeat,2024-01-08,PAY_182e,STAT_4414,2024-01-08
9059,ORD_222188,CUST_ecb0ea,One_Time,2026-05-09,PAY_8cd2,STAT_4414,2026-05-09
9060,ORD_2c0ef0,CUST_562c85,One_Time,2026-03-04,PAY_182e,STAT_e09a,2026-03-04
9061,ORD_12c0f2,CUST_fab06b,One_Time,2024-05-25,PAY_8cd2,STAT_182e,2024-05-25
9062,ORD_05e19f,CUST_dc05be,One_Time,2026-03-07,PAY_4414,STAT_182e,2026-03-07
9063,ORD_a5103c,CUST_5fa514,One_Time,2026-04-20,PAY_e09a,STAT_8cd2,2026-04-20
9064,ORD_b8c645,CUST_0edfdb,Repeat,2024-01-25,PAY_182e,STAT_182e,2024-01-25
9065,ORD_ee5b41,CUST_0edfdb,Repeat,2024-01-25,PAY_182e,STAT_182e,2024-01-25
9066,ORD_f1b771,CUST_0edfdb,Repeat,2024-01-25,PAY_182e,STAT_e09a,2024-01-25
9067,ORD_4f2dc1,CUST_0edfdb,Repeat,2024-01-25,PAY_8cd2,STAT_e09a,2024-01-25
9068,ORD_44411b,CUST_f576cd,One_Time,2026-05-06,PAY_e09a,STAT_8cd2,2026-05-06
9069,ORD_1953f4,CUST_c09e7b,One_Time,2022-07-27,PAY_182e,STAT_182e,2022-07-27
9070,ORD_4240fc,CUST_a630b8,One_Time,2026-05-18,PAY_4414,STAT_e09a,2026-05-18
9071,ORD_fd7105,CUST_eb36ff,One_Time,2026-04-02,PAY_4414,STAT_182e,2026-04-02
9072,ORD_d9feb9,CUST_10d370,Repeat,2024-09-17,PAY_4414,STAT_8cd2,2024-09-17
9073,ORD_f37506,CUST_10d370,Repeat,2024-02-24,PAY_182e,STAT_8cd2,2024-02-24
9074,ORD_6cb903,CUST_10d370,Repeat,2026-04-27,PAY_182e,STAT_e09a,2026-04-27
9075,ORD_9ab42f,CUST_10d370,Repeat,2024-02-24,PAY_182e,STAT_4414,2024-02-24
9076,ORD_49677c,CUST_8f037b,One_Time,2024-04-06,PAY_8cd2,STAT_8cd2,2024-04-06
9077,ORD_1b31ee,CUST_9c986d,Repeat,2023-11-04,PAY_e09a,STAT_182e,2023-11-04
9078,ORD_76ff2c,CUST_9c986d,Repeat,2023-11-04,PAY_182e,STAT_e09a,2023-11-04
9079,ORD_15df0d,CUST_9c986d,Repeat,2023-11-04,PAY_e09a,STAT_8cd2,2023-11-04
9080,ORD_7be913,CUST_9c986d,Repeat,2024-12-27,PAY_182e,STAT_8cd2,2024-12-27
9081,ORD_16cc0a,CUST_9b926a,One_Time,2026-01-09,PAY_4414,STAT_4414,2026-01-09
9082,ORD_2e9c13,CUST_b97b1f,One_Time,2021-07-16,PAY_8cd2,STAT_182e,2021-07-16
9083,ORD_8006f8,CUST_81b900,One_Time,2022-02-11,PAY_182e,STAT_e09a,2022-02-11
9084,ORD_356d82,CUST_806cbd,Repeat,2024-01-23,PAY_8cd2,STAT_182e,2024-01-23
9085,ORD_4c3f4a,CUST_806cbd,Repeat,2026-05-23,PAY_e09a,STAT_e09a,2026-05-23
9086,ORD_be595c,CUST_806cbd,Repeat,2025-05-01,PAY_4414,STAT_4414,2025-05-01
9087,ORD_d3fcaf,CUST_806cbd,Repeat,2023-05-20,PAY_4414,STAT_8cd2,2023-05-20
9088,ORD_c07e79,CUST_806cbd,Repeat,2026-02-02,PAY_182e,STAT_182e,2026-02-02
9089,ORD_319264,CUST_806cbd,Repeat,2024-09-06,PAY_e09a,STAT_4414,2024-09-06
9090,ORD_7df50f,CUST_1beac1,Repeat,2025-12-08,PAY_8cd2,STAT_e09a,2025-12-08
9091,ORD_ac7d44,CUST_1beac1,Repeat,2024-04-17,PAY_4414,STAT_182e,2024-04-17
9092,ORD_d3d636,CUST_1beac1,Repeat,2024-08-11,PAY_182e,STAT_8cd2,2024-08-11
9093,ORD_7ee9af,CUST_1beac1,Repeat,2024-04-17,PAY_4414,STAT_e09a,2024-04-17
9094,ORD_fd7b90,CUST_1beac1,Repeat,2024-04-17,PAY_e09a,STAT_8cd2,2024-04-17
9095,ORD_7fe27a,CUST_b5c223,One_Time,2026-02-24,PAY_4414,STAT_e09a,2026-02-24
9096,ORD_a00465,CUST_95aaae,One_Time,2025-09-20,PAY_8cd2,STAT_4414,2025-09-20
9097,ORD_61b7fe,CUST_87e2a0,One_Time,2025-01-23,PAY_e09a,STAT_e09a,2025-01-23
9098,ORD_5be066,CUST_ba2475,One_Time,2025-11-11,PAY_8cd2,STAT_e09a,2025-11-11
9099,ORD_8f2a35,CUST_5f9908,One_Time,2022-09-23,PAY_4414,STAT_e09a,2022-09-23
9100,ORD_172aa8,CUST_158df2,One_Time,2023-08-03,PAY_182e,STAT_8cd2,2023-08-03
9101,ORD_775d4f,CUST_1f96ec,Repeat,2021-09-14,PAY_e09a,STAT_8cd2,2021-09-14
9102,ORD_27e897,CUST_1f96ec,Repeat,2021-08-07,PAY_8cd2,STAT_182e,2021-08-07
9103,ORD_f56e64,CUST_1f96ec,Repeat,2021-08-07,PAY_8cd2,STAT_182e,2021-08-07
9104,ORD_5885aa,CUST_1f96ec,Repeat,2023-07-15,PAY_182e,STAT_4414,2023-07-15
9105,ORD_7b492d,CUST_1f96ec,Repeat,2025-01-20,PAY_182e,STAT_8cd2,2025-01-20
9106,ORD_c1e394,CUST_cca139,One_Time,2023-09-13,PAY_e09a,STAT_4414,2023-09-13
9107,ORD_0e5bb8,CUST_df8ecb,One_Time,2024-02-01,PAY_182e,STAT_e09a,2024-02-01
9108,ORD_de7b16,CUST_31cd92,One_Time,2022-07-23,PAY_4414,STAT_e09a,2022-07-23
9109,ORD_7c3945,CUST_b0a2ae,Repeat,2025-10-27,PAY_8cd2,STAT_182e,2025-10-27
9110,ORD_d5c304,CUST_b0a2ae,Repeat,2023-02-09,PAY_4414,STAT_e09a,2023-02-09
9111,ORD_4c9621,CUST_9ee3ea,One_Time,2026-03-10,PAY_8cd2,STAT_182e,2026-03-10
9112,ORD_41c3b0,CUST_0ee7a7,Repeat,2022-09-15,PAY_182e,STAT_4414,2022-09-15
9113,ORD_8b134d,CUST_0ee7a7,Repeat,2024-02-14,PAY_e09a,STAT_4414,2024-02-14
9114,ORD_4bc37b,CUST_b01b30,One_Time,2024-08-13,PAY_4414,STAT_e09a,2024-08-13
9115,ORD_70e195,CUST_c340a7,One_Time,2025-10-28,PAY_e09a,STAT_e09a,2025-10-28
9116,ORD_2a79c0,CUST_91e94b,One_Time,2026-02-03,PAY_182e,STAT_8cd2,2026-02-03
9117,ORD_3c12bc,CUST_b16ee9,One_Time,2025-11-28,PAY_4414,STAT_e09a,2025-11-28
9118,ORD_1c70cd,CUST_7e8961,One_Time,2025-02-17,PAY_182e,STAT_e09a,2025-02-17
9119,ORD_261634,CUST_d3d37e,One_Time,2025-06-16,PAY_e09a,STAT_4414,2025-06-16
9120,ORD_0f7638,CUST_9f130d,One_Time,2023-06-01,PAY_4414,STAT_4414,2023-06-01
9121,ORD_9101f5,CUST_d9914c,One_Time,2023-03-28,PAY_4414,STAT_e09a,2023-03-28
9122,ORD_58ff61,CUST_3e9184,One_Time,2025-01-02,PAY_8cd2,STAT_182e,2025-01-02
9123,ORD_3a7a7d,CUST_35e138,One_Time,2026-05-13,PAY_e09a,STAT_4414,2026-05-13
9124,ORD_8e2738,CUST_922dc5,One_Time,2026-03-15,PAY_8cd2,STAT_4414,2026-03-15
9125,ORD_6ba85a,CUST_656561,One_Time,2024-07-24,PAY_182e,STAT_e09a,2024-07-24
9126,ORD_1802b3,CUST_74aeec,One_Time,2026-03-05,PAY_4414,STAT_8cd2,2026-03-05
9127,ORD_c773c5,CUST_723648,Repeat,2024-12-12,PAY_182e,STAT_4414,2024-12-12
9128,ORD_6ee56f,CUST_723648,Repeat,2024-12-12,PAY_8cd2,STAT_e09a,2024-12-12
9129,ORD_bbaba0,CUST_723648,Repeat,2025-05-10,PAY_4414,STAT_e09a,2025-05-10
9130,ORD_49c5b8,CUST_723648,Repeat,2025-01-05,PAY_4414,STAT_e09a,2025-01-05
9131,ORD_5a2cd0,CUST_25662f,One_Time,2026-02-08,PAY_e09a,STAT_4414,2026-02-08
9132,ORD_0bf430,CUST_5d40df,Repeat,2024-06-20,PAY_4414,STAT_182e,2024-06-20
9133,ORD_d6485e,CUST_5d40df,Repeat,2024-06-20,PAY_182e,STAT_8cd2,2024-06-20
9134,ORD_d2671d,CUST_1cf358,One_Time,2023-12-08,PAY_8cd2,STAT_e09a,2023-12-08
9135,ORD_549d0e,CUST_1a418c,One_Time,2025-07-23,PAY_4414,STAT_182e,2025-07-23
9136,ORD_5ba2a5,CUST_f9a617,One_Time,2025-01-17,PAY_182e,STAT_182e,2025-01-17
9137,ORD_144e74,CUST_659d9f,Repeat,2023-10-05,PAY_e09a,STAT_182e,2023-10-05
9138,ORD_1cfbd7,CUST_659d9f,Repeat,2025-01-21,PAY_8cd2,STAT_182e,2025-01-21
9139,ORD_882240,CUST_659d9f,Repeat,2025-02-26,PAY_182e,STAT_182e,2025-02-26
9140,ORD_bd06e7,CUST_af9774,One_Time,2025-03-28,PAY_8cd2,STAT_4414,2025-03-28
9141,ORD_a893fa,CUST_65678c,One_Time,2025-03-28,PAY_8cd2,STAT_182e,2025-03-28
9142,ORD_dd6f59,CUST_1eb87e,One_Time,2024-02-14,PAY_4414,STAT_4414,2024-02-14
9143,ORD_cfa836,CUST_b21611,One_Time,2026-04-12,PAY_4414,STAT_8cd2,2026-04-12
9144,ORD_9664ec,CUST_0b74ef,Commercial,2022-11-09,PAY_8cd2,STAT_182e,2022-11-09
9145,ORD_ff0893,CUST_0b74ef,Commercial,2024-04-03,PAY_e09a,STAT_4414,2024-04-03
9146,ORD_91ab25,CUST_0b74ef,Commercial,2023-01-13,PAY_e09a,STAT_8cd2,2023-01-13
9147,ORD_ca0600,CUST_0b74ef,Commercial,2024-03-06,PAY_8cd2,STAT_e09a,2024-03-06
9148,ORD_4a2598,CUST_0b74ef,Commercial,2021-09-23,PAY_4414,STAT_e09a,2021-09-23
9149,ORD_01b015,CUST_0b74ef,Commercial,2022-03-04,PAY_4414,STAT_e09a,2022-03-04
9150,ORD_ba9d08,CUST_0b74ef,Commercial,2022-04-02,PAY_4414,STAT_e09a,2022-04-02
9151,ORD_866e2d,CUST_0b74ef,Commercial,2025-09-15,PAY_4414,STAT_4414,2025-09-15
9152,ORD_99f0ed,CUST_0b74ef,Commercial,2025-12-11,PAY_e09a,STAT_182e,2025-12-11
9153,ORD_401203,CUST_3e10cf,Repeat,2026-04-05,PAY_182e,STAT_182e,2026-04-05
9154,ORD_edb098,CUST_3e10cf,Repeat,2026-04-05,PAY_182e,STAT_4414,2026-04-05
9155,ORD_fecc68,CUST_3e10cf,Repeat,2026-04-05,PAY_4414,STAT_4414,2026-04-05
9156,ORD_44e34a,CUST_3e10cf,Repeat,2026-04-05,PAY_8cd2,STAT_4414,2026-04-05
9157,ORD_8cd128,CUST_2e0361,Repeat,2025-06-23,PAY_182e,STAT_8cd2,2025-06-23
9158,ORD_0129dd,CUST_2e0361,Repeat,2023-02-21,PAY_8cd2,STAT_4414,2023-02-21
9159,ORD_92caf4,CUST_2e0361,Repeat,2022-08-08,PAY_e09a,STAT_e09a,2022-08-08
9160,ORD_280fe8,CUST_2e0361,Repeat,2022-08-08,PAY_e09a,STAT_e09a,2022-08-08
9161,ORD_b23c64,CUST_dc4b7d,Repeat,2022-10-18,PAY_182e,STAT_8cd2,2022-10-18
9162,ORD_51018d,CUST_dc4b7d,Repeat,2024-08-05,PAY_4414,STAT_e09a,2024-08-05
9163,ORD_d792ae,CUST_dc4b7d,Repeat,2023-05-07,PAY_182e,STAT_182e,2023-05-07
9164,ORD_f6b634,CUST_dc4b7d,Repeat,2026-03-21,PAY_8cd2,STAT_8cd2,2026-03-21
9165,ORD_07bcb3,CUST_dc4b7d,Repeat,2022-10-18,PAY_4414,STAT_182e,2022-10-18
9166,ORD_098dc6,CUST_dc4b7d,Repeat,2024-05-12,PAY_182e,STAT_4414,2024-05-12
9167,ORD_716c33,CUST_38b9ef,One_Time,2023-06-15,PAY_8cd2,STAT_e09a,2023-06-15
9168,ORD_c92c80,CUST_df1220,Repeat,2026-03-20,PAY_8cd2,STAT_182e,2026-03-20
9169,ORD_f864a7,CUST_df1220,Repeat,2026-03-20,PAY_4414,STAT_4414,2026-03-20
9170,ORD_1ab2a0,CUST_df1220,Repeat,2026-03-20,PAY_182e,STAT_182e,2026-03-20
9171,ORD_4f5456,CUST_776c37,One_Time,2025-10-09,PAY_4414,STAT_e09a,2025-10-09
9172,ORD_c617d5,CUST_a2e4f8,Repeat,2025-11-04,PAY_8cd2,STAT_8cd2,2025-11-04
9173,ORD_c0885e,CUST_a2e4f8,Repeat,2025-11-04,PAY_8cd2,STAT_182e,2025-11-04
9174,ORD_e8c12c,CUST_a2e4f8,Repeat,2025-12-26,PAY_182e,STAT_4414,2025-12-26
9175,ORD_770587,CUST_a2e4f8,Repeat,2025-12-17,PAY_e09a,STAT_182e,2025-12-17
9176,ORD_942d0c,CUST_48af47,One_Time,2025-08-25,PAY_8cd2,STAT_e09a,2025-08-25
9177,ORD_eb49b4,CUST_b0b2a6,One_Time,2023-09-14,PAY_e09a,STAT_4414,2023-09-14
9178,ORD_1411f8,CUST_6e767e,One_Time,2022-11-07,PAY_e09a,STAT_e09a,2022-11-07
9179,ORD_903b72,CUST_030609,One_Time,2024-12-24,PAY_4414,STAT_e09a,2024-12-24
9180,ORD_c7aac2,CUST_7f9492,Repeat,2022-12-21,PAY_e09a,STAT_8cd2,2022-12-21
9181,ORD_04b98d,CUST_7f9492,Repeat,2022-03-04,PAY_8cd2,STAT_182e,2022-03-04
9182,ORD_865da7,CUST_7f9492,Repeat,2022-03-04,PAY_4414,STAT_8cd2,2022-03-04
9183,ORD_cd01db,CUST_7f9492,Repeat,2024-07-19,PAY_182e,STAT_182e,2024-07-19
9184,ORD_c74ab9,CUST_7f9492,Repeat,2025-12-18,PAY_4414,STAT_182e,2025-12-18
9185,ORD_f54b4f,CUST_636271,One_Time,2025-11-02,PAY_182e,STAT_182e,2025-11-02
9186,ORD_e27460,CUST_f4a40b,One_Time,2024-10-12,PAY_8cd2,STAT_4414,2024-10-12
9187,ORD_75c4c3,CUST_14db51,One_Time,2025-10-15,PAY_8cd2,STAT_e09a,2025-10-15
9188,ORD_965031,CUST_1320b8,Repeat,2026-01-25,PAY_182e,STAT_4414,2026-01-25
9189,ORD_b310a6,CUST_1320b8,Repeat,2026-03-20,PAY_e09a,STAT_8cd2,2026-03-20
9190,ORD_6dcff1,CUST_1320b8,Repeat,2026-05-20,PAY_e09a,STAT_8cd2,2026-05-20
9191,ORD_229648,CUST_1320b8,Repeat,2024-04-13,PAY_182e,STAT_4414,2024-04-13
9192,ORD_b97e9c,CUST_d51368,Repeat,2021-10-04,PAY_4414,STAT_4414,2021-10-04
9193,ORD_a3c7c1,CUST_d51368,Repeat,2025-05-01,PAY_e09a,STAT_e09a,2025-05-01
9194,ORD_1afc0d,CUST_d51368,Repeat,2025-03-04,PAY_182e,STAT_182e,2025-03-04
9195,ORD_9e3fe6,CUST_d51368,Repeat,2021-10-04,PAY_4414,STAT_4414,2021-10-04
9196,ORD_60d31b,CUST_bbde9c,One_Time,2023-07-28,PAY_e09a,STAT_e09a,2023-07-28
9197,ORD_fff267,CUST_009e24,One_Time,2023-11-15,PAY_8cd2,STAT_4414,2023-11-15
9198,ORD_c6772d,CUST_fa5cdd,One_Time,2026-02-05,PAY_8cd2,STAT_182e,2026-02-05
9199,ORD_3950b2,CUST_dbf510,One_Time,2025-05-10,PAY_e09a,STAT_8cd2,2025-05-10
9200,ORD_40211a,CUST_458a0d,One_Time,2026-04-09,PAY_8cd2,STAT_e09a,2026-04-09
9201,ORD_de862d,CUST_0f097e,One_Time,2025-05-07,PAY_8cd2,STAT_4414,2025-05-07
9202,ORD_4d6ba3,CUST_18b154,One_Time,2024-08-21,PAY_4414,STAT_e09a,2024-08-21
9203,ORD_693280,CUST_abc74c,One_Time,2025-10-03,PAY_4414,STAT_182e,2025-10-03
9204,ORD_de951e,CUST_79834b,One_Time,2024-02-03,PAY_182e,STAT_4414,2024-02-03
9205,ORD_63db13,CUST_90a02a,Repeat,2026-01-10,PAY_4414,STAT_4414,2026-01-10
9206,ORD_c5aeba,CUST_90a02a,Repeat,2025-08-16,PAY_182e,STAT_e09a,2025-08-16
9207,ORD_70365e,CUST_90a02a,Repeat,2025-05-27,PAY_8cd2,STAT_4414,2025-05-27
9208,ORD_d275ee,CUST_90a02a,Repeat,2026-03-24,PAY_8cd2,STAT_4414,2026-03-24
9209,ORD_68f2de,CUST_a45667,Commercial,2023-12-03,PAY_8cd2,STAT_e09a,2023-12-03
9210,ORD_1b5714,CUST_a45667,Commercial,2022-11-26,PAY_8cd2,STAT_182e,2022-11-26
9211,ORD_399d00,CUST_a45667,Commercial,2025-10-18,PAY_e09a,STAT_182e,2025-10-18
9212,ORD_5c413d,CUST_a45667,Commercial,2024-08-28,PAY_4414,STAT_8cd2,2024-08-28
9213,ORD_73c25b,CUST_a45667,Commercial,2025-12-08,PAY_8cd2,STAT_e09a,2025-12-08
9214,ORD_153bfc,CUST_a45667,Commercial,2022-09-16,PAY_e09a,STAT_8cd2,2022-09-16
9215,ORD_c1fc67,CUST_a45667,Commercial,2024-03-06,PAY_e09a,STAT_4414,2024-03-06
9216,ORD_ed8fba,CUST_a45667,Commercial,2024-03-07,PAY_4414,STAT_182e,2024-03-07
9217,ORD_834f85,CUST_11905e,One_Time,2026-01-17,PAY_e09a,STAT_182e,2026-01-17
9218,ORD_004246,CUST_b59bc8,One_Time,2025-12-16,PAY_182e,STAT_8cd2,2025-12-16
9219,ORD_d44200,CUST_46d726,One_Time,2024-12-13,PAY_4414,STAT_8cd2,2024-12-13
9220,ORD_284aab,CUST_275130,One_Time,2025-04-09,PAY_e09a,STAT_8cd2,2025-04-09
9221,ORD_0f13d8,CUST_e27686,One_Time,2023-12-10,PAY_182e,STAT_8cd2,2023-12-10
9222,ORD_d1895b,CUST_2dd443,One_Time,2025-02-08,PAY_8cd2,STAT_e09a,2025-02-08
9223,ORD_a89de5,CUST_e50aec,One_Time,2021-11-17,PAY_4414,STAT_182e,2021-11-17
9224,ORD_8ef4d2,CUST_6e87ce,One_Time,2024-06-23,PAY_4414,STAT_4414,2024-06-23
9225,ORD_13c8ab,CUST_e3faa5,One_Time,2022-07-05,PAY_e09a,STAT_e09a,2022-07-05
9226,ORD_d450a7,CUST_451d49,One_Time,2022-10-08,PAY_4414,STAT_4414,2022-10-08
9227,ORD_e98265,CUST_9b2f45,Commercial,2025-02-16,PAY_182e,STAT_8cd2,2025-02-16
9228,ORD_c76fbd,CUST_9b2f45,Commercial,2025-02-16,PAY_e09a,STAT_8cd2,2025-02-16
9229,ORD_edffe1,CUST_9b2f45,Commercial,2025-02-16,PAY_182e,STAT_4414,2025-02-16
9230,ORD_a6d373,CUST_9b2f45,Commercial,2025-04-21,PAY_8cd2,STAT_182e,2025-04-21
9231,ORD_a1ec26,CUST_9b2f45,Commercial,2026-03-28,PAY_4414,STAT_4414,2026-03-28
9232,ORD_44a792,CUST_9b2f45,Commercial,2026-05-14,PAY_e09a,STAT_182e,2026-05-14
9233,ORD_dbdbcd,CUST_9b2f45,Commercial,2025-02-16,PAY_8cd2,STAT_8cd2,2025-02-16
9234,ORD_2f6415,CUST_9b2f45,Commercial,2025-02-16,PAY_e09a,STAT_182e,2025-02-16
9235,ORD_34717a,CUST_9b2f45,Commercial,2025-02-16,PAY_e09a,STAT_4414,2025-02-16
9236,ORD_865355,CUST_9b2f45,Commercial,2025-02-16,PAY_4414,STAT_8cd2,2025-02-16
9237,ORD_947bbe,CUST_9b2f45,Commercial,2025-02-16,PAY_4414,STAT_4414,2025-02-16
9238,ORD_dbc674,CUST_9b2f45,Commercial,2026-04-25,PAY_e09a,STAT_4414,2026-04-25
9239,ORD_b607f2,CUST_9b2f45,Commercial,2025-02-16,PAY_8cd2,STAT_e09a,2025-02-16
9240,ORD_6da0c3,CUST_9b2f45,Commercial,2025-02-16,PAY_182e,STAT_4414,2025-02-16
9241,ORD_4be0c3,CUST_9b2f45,Commercial,2025-02-16,PAY_e09a,STAT_8cd2,2025-02-16
9242,ORD_69889f,CUST_9b2f45,Commercial,2026-01-07,PAY_e09a,STAT_4414,2026-01-07
9243,ORD_b302a0,CUST_9b2f45,Commercial,2026-04-06,PAY_182e,STAT_e09a,2026-04-06
9244,ORD_87fd31,CUST_a6ce98,One_Time,2025-08-10,PAY_4414,STAT_8cd2,2025-08-10
9245,ORD_c142bd,CUST_55082e,One_Time,2025-12-23,PAY_8cd2,STAT_4414,2025-12-23
9246,ORD_a6305a,CUST_d53089,One_Time,2024-05-06,PAY_182e,STAT_182e,2024-05-06
9247,ORD_d66664,CUST_fa7bcb,One_Time,2025-12-13,PAY_8cd2,STAT_4414,2025-12-13
9248,ORD_d15996,CUST_15cdcc,One_Time,2024-02-22,PAY_e09a,STAT_8cd2,2024-02-22
9249,ORD_8a09b2,CUST_165493,One_Time,2024-02-07,PAY_182e,STAT_4414,2024-02-07
9250,ORD_01388a,CUST_ad0a75,Repeat,2022-11-16,PAY_e09a,STAT_4414,2022-11-16
9251,ORD_d2dc7e,CUST_ad0a75,Repeat,2023-09-06,PAY_8cd2,STAT_e09a,2023-09-06
9252,ORD_f35a66,CUST_ad0a75,Repeat,2021-10-07,PAY_8cd2,STAT_4414,2021-10-07
9253,ORD_e62c99,CUST_ed30b6,Repeat,2024-10-02,PAY_e09a,STAT_8cd2,2024-10-02
9254,ORD_528e76,CUST_ed30b6,Repeat,2025-08-27,PAY_4414,STAT_4414,2025-08-27
9255,ORD_a01985,CUST_ed30b6,Repeat,2024-10-02,PAY_182e,STAT_4414,2024-10-02
9256,ORD_7dd564,CUST_ed30b6,Repeat,2024-10-02,PAY_8cd2,STAT_e09a,2024-10-02
9257,ORD_712cd0,CUST_bcd4a4,One_Time,2024-10-23,PAY_4414,STAT_182e,2024-10-23
9258,ORD_b039dd,CUST_b794df,One_Time,2026-04-20,PAY_8cd2,STAT_8cd2,2026-04-20
9259,ORD_e07522,CUST_d475ce,One_Time,2024-03-24,PAY_8cd2,STAT_8cd2,2024-03-24
9260,ORD_42c433,CUST_c0cf96,One_Time,2024-01-18,PAY_8cd2,STAT_8cd2,2024-01-18
9261,ORD_dd7f22,CUST_dc6531,Repeat,2023-05-20,PAY_e09a,STAT_182e,2023-05-20
9262,ORD_950fb2,CUST_dc6531,Repeat,2023-01-16,PAY_4414,STAT_8cd2,2023-01-16
9263,ORD_459992,CUST_dc6531,Repeat,2025-08-23,PAY_182e,STAT_4414,2025-08-23
9264,ORD_31a29a,CUST_dc6531,Repeat,2025-08-15,PAY_e09a,STAT_182e,2025-08-15
9265,ORD_4f9ddf,CUST_e62398,One_Time,2024-07-20,PAY_e09a,STAT_8cd2,2024-07-20
9266,ORD_193ad5,CUST_5102bb,One_Time,2025-03-14,PAY_8cd2,STAT_8cd2,2025-03-14
9267,ORD_888fd7,CUST_9b1353,Repeat,2025-06-26,PAY_182e,STAT_e09a,2025-06-26
9268,ORD_e5841a,CUST_9b1353,Repeat,2024-10-25,PAY_4414,STAT_8cd2,2024-10-25
9269,ORD_388c3e,CUST_9b1353,Repeat,2024-10-25,PAY_8cd2,STAT_4414,2024-10-25
9270,ORD_a80bc8,CUST_c8eb54,Repeat,2026-05-09,PAY_8cd2,STAT_8cd2,2026-05-09
9271,ORD_8c876c,CUST_c8eb54,Repeat,2026-05-09,PAY_4414,STAT_182e,2026-05-09
9272,ORD_76b8ee,CUST_c8eb54,Repeat,2026-05-09,PAY_e09a,STAT_8cd2,2026-05-09
9273,ORD_ca00a2,CUST_3d09f1,One_Time,2024-11-01,PAY_182e,STAT_e09a,2024-11-01
9274,ORD_8dd962,CUST_8d9162,One_Time,2025-11-15,PAY_8cd2,STAT_4414,2025-11-15
9275,ORD_d956f8,CUST_081d48,Repeat,2024-09-12,PAY_182e,STAT_8cd2,2024-09-12
9276,ORD_3836d3,CUST_081d48,Repeat,2024-09-12,PAY_182e,STAT_8cd2,2024-09-12
9277,ORD_5dfc53,CUST_081d48,Repeat,2024-09-12,PAY_e09a,STAT_182e,2024-09-12
9278,ORD_7ff049,CUST_081d48,Repeat,2024-09-12,PAY_4414,STAT_4414,2024-09-12
9279,ORD_739f63,CUST_081d48,Repeat,2024-09-12,PAY_e09a,STAT_182e,2024-09-12
9280,ORD_991779,CUST_081d48,Repeat,2025-09-03,PAY_182e,STAT_8cd2,2025-09-03
9281,ORD_e99271,CUST_924347,One_Time,2026-02-10,PAY_e09a,STAT_4414,2026-02-10
9282,ORD_11614b,CUST_87d8d7,One_Time,2025-08-15,PAY_182e,STAT_4414,2025-08-15
9283,ORD_394cfd,CUST_23ea07,Repeat,2025-08-01,PAY_8cd2,STAT_182e,2025-08-01
9284,ORD_183af6,CUST_23ea07,Repeat,2025-08-01,PAY_4414,STAT_e09a,2025-08-01
9285,ORD_ad0c9e,CUST_23ea07,Repeat,2025-08-01,PAY_8cd2,STAT_8cd2,2025-08-01
9286,ORD_7c9a39,CUST_23ea07,Repeat,2026-02-23,PAY_4414,STAT_e09a,2026-02-23
9287,ORD_eae528,CUST_30a91c,One_Time,2026-05-08,PAY_4414,STAT_182e,2026-05-08
9288,ORD_486284,CUST_3fecf3,One_Time,2025-09-17,PAY_4414,STAT_8cd2,2025-09-17
9289,ORD_5515dc,CUST_94760b,One_Time,2025-04-14,PAY_e09a,STAT_182e,2025-04-14
9290,ORD_5b0771,CUST_773200,Repeat,2024-11-20,PAY_4414,STAT_4414,2024-11-20
9291,ORD_75cb15,CUST_773200,Repeat,2025-02-10,PAY_4414,STAT_4414,2025-02-10
9292,ORD_c63978,CUST_773200,Repeat,2024-11-20,PAY_e09a,STAT_e09a,2024-11-20
9293,ORD_b8cb95,CUST_773200,Repeat,2026-02-25,PAY_8cd2,STAT_182e,2026-02-25
9294,ORD_c9d69e,CUST_773200,Repeat,2024-11-20,PAY_4414,STAT_4414,2024-11-20
9295,ORD_254157,CUST_cdd401,One_Time,2025-03-16,PAY_e09a,STAT_4414,2025-03-16
9296,ORD_b71c49,CUST_0f255a,One_Time,2025-08-07,PAY_8cd2,STAT_182e,2025-08-07
9297,ORD_837747,CUST_0d8d52,One_Time,2026-03-18,PAY_182e,STAT_182e,2026-03-18
9298,ORD_0540bc,CUST_359d98,One_Time,2024-10-17,PAY_4414,STAT_e09a,2024-10-17
9299,ORD_06dc40,CUST_5eb42f,One_Time,2024-01-04,PAY_4414,STAT_182e,2024-01-04
9300,ORD_73e829,CUST_f75ce7,One_Time,2026-03-13,PAY_182e,STAT_8cd2,2026-03-13
9301,ORD_094530,CUST_07d757,Repeat,2023-03-19,PAY_e09a,STAT_4414,2023-03-19
9302,ORD_c4aa87,CUST_07d757,Repeat,2026-01-23,PAY_8cd2,STAT_8cd2,2026-01-23
9303,ORD_e0df02,CUST_07d757,Repeat,2021-09-01,PAY_4414,STAT_8cd2,2021-09-01
9304,ORD_6b8e28,CUST_07d757,Repeat,2021-09-01,PAY_4414,STAT_4414,2021-09-01
9305,ORD_5038f8,CUST_a5a1e5,One_Time,2026-03-08,PAY_4414,STAT_182e,2026-03-08
9306,ORD_db8560,CUST_9ffe61,One_Time,2025-09-09,PAY_e09a,STAT_4414,2025-09-09
9307,ORD_67f3cd,CUST_390393,One_Time,2024-01-27,PAY_182e,STAT_e09a,2024-01-27
9308,ORD_049cf2,CUST_b49185,One_Time,2022-11-08,PAY_182e,STAT_e09a,2022-11-08
9309,ORD_85d0e7,CUST_2b5ca2,One_Time,2026-02-04,PAY_e09a,STAT_e09a,2026-02-04
9310,ORD_8016de,CUST_f57c05,One_Time,2024-05-28,PAY_4414,STAT_8cd2,2024-05-28
9311,ORD_990029,CUST_f93d6d,Commercial,2026-04-21,PAY_e09a,STAT_8cd2,2026-04-21
9312,ORD_f311bd,CUST_f93d6d,Commercial,2026-04-21,PAY_4414,STAT_182e,2026-04-21
9313,ORD_765787,CUST_f93d6d,Commercial,2026-04-21,PAY_4414,STAT_182e,2026-04-21
9314,ORD_a33173,CUST_f93d6d,Commercial,2026-04-21,PAY_e09a,STAT_4414,2026-04-21
9315,ORD_f82bde,CUST_f93d6d,Commercial,2026-05-07,PAY_182e,STAT_182e,2026-05-07
9316,ORD_54cc73,CUST_f93d6d,Commercial,2026-04-21,PAY_4414,STAT_8cd2,2026-04-21
9317,ORD_77d477,CUST_f93d6d,Commercial,2026-05-22,PAY_4414,STAT_8cd2,2026-05-22
9318,ORD_cd7fef,CUST_f93d6d,Commercial,2026-04-21,PAY_e09a,STAT_e09a,2026-04-21
9319,ORD_e3928a,CUST_f93d6d,Commercial,2026-04-21,PAY_8cd2,STAT_e09a,2026-04-21
9320,ORD_f28447,CUST_f93d6d,Commercial,2026-04-21,PAY_182e,STAT_4414,2026-04-21
9321,ORD_0da897,CUST_f93d6d,Commercial,2026-04-21,PAY_182e,STAT_182e,2026-04-21
9322,ORD_9bbe44,CUST_f93d6d,Commercial,2026-04-21,PAY_4414,STAT_8cd2,2026-04-21
9323,ORD_af82df,CUST_f93d6d,Commercial,2026-04-21,PAY_e09a,STAT_8cd2,2026-04-21
9324,ORD_de9125,CUST_88a9e6,One_Time,2023-10-11,PAY_182e,STAT_e09a,2023-10-11
9325,ORD_44d435,CUST_d5f191,One_Time,2022-09-04,PAY_4414,STAT_4414,2022-09-04
9326,ORD_602de6,CUST_68349d,Repeat,2024-02-12,PAY_182e,STAT_4414,2024-02-12
9327,ORD_eea78b,CUST_68349d,Repeat,2025-06-09,PAY_8cd2,STAT_8cd2,2025-06-09
9328,ORD_9d56cd,CUST_68349d,Repeat,2025-11-24,PAY_4414,STAT_182e,2025-11-24
9329,ORD_14a37a,CUST_68349d,Repeat,2023-03-24,PAY_8cd2,STAT_8cd2,2023-03-24
9330,ORD_264b00,CUST_68349d,Repeat,2026-05-17,PAY_e09a,STAT_8cd2,2026-05-17
9331,ORD_0ed6d3,CUST_3c2fd1,One_Time,2023-09-04,PAY_e09a,STAT_182e,2023-09-04
9332,ORD_f8878e,CUST_9e23e8,One_Time,2023-07-23,PAY_8cd2,STAT_182e,2023-07-23
9333,ORD_cd3c1a,CUST_110843,One_Time,2024-02-16,PAY_4414,STAT_4414,2024-02-16
9334,ORD_8406b0,CUST_ed252c,Repeat,2024-09-01,PAY_4414,STAT_e09a,2024-09-01
9335,ORD_c70e78,CUST_ed252c,Repeat,2024-11-24,PAY_4414,STAT_e09a,2024-11-24
9336,ORD_12239c,CUST_ed252c,Repeat,2024-06-10,PAY_e09a,STAT_e09a,2024-06-10
9337,ORD_0b0b8a,CUST_ed252c,Repeat,2024-06-10,PAY_8cd2,STAT_8cd2,2024-06-10
9338,ORD_280077,CUST_ed252c,Repeat,2024-06-10,PAY_e09a,STAT_4414,2024-06-10
9339,ORD_9c8dcf,CUST_c4924e,Repeat,2022-11-14,PAY_8cd2,STAT_e09a,2022-11-14
9340,ORD_5ae779,CUST_c4924e,Repeat,2022-11-14,PAY_8cd2,STAT_e09a,2022-11-14
9341,ORD_d158fd,CUST_9dbdf2,Repeat,2025-06-08,PAY_4414,STAT_e09a,2025-06-08
9342,ORD_1bf96f,CUST_9dbdf2,Repeat,2023-02-15,PAY_e09a,STAT_182e,2023-02-15
9343,ORD_f45ecb,CUST_a9037a,One_Time,2025-06-01,PAY_8cd2,STAT_4414,2025-06-01
9344,ORD_db82eb,CUST_298ca4,Commercial,2024-07-01,PAY_4414,STAT_182e,2024-07-01
9345,ORD_8dda0e,CUST_298ca4,Commercial,2024-07-01,PAY_8cd2,STAT_e09a,2024-07-01
9346,ORD_adcd13,CUST_298ca4,Commercial,2024-10-23,PAY_8cd2,STAT_4414,2024-10-23
9347,ORD_607057,CUST_298ca4,Commercial,2025-04-20,PAY_182e,STAT_e09a,2025-04-20
9348,ORD_ce5415,CUST_298ca4,Commercial,2024-07-01,PAY_4414,STAT_4414,2024-07-01
9349,ORD_2901ad,CUST_298ca4,Commercial,2024-09-25,PAY_182e,STAT_4414,2024-09-25
9350,ORD_6e880d,CUST_298ca4,Commercial,2024-07-01,PAY_182e,STAT_e09a,2024-07-01
9351,ORD_5d699b,CUST_298ca4,Commercial,2026-01-15,PAY_8cd2,STAT_e09a,2026-01-15
9352,ORD_5a9a69,CUST_298ca4,Commercial,2024-07-01,PAY_e09a,STAT_8cd2,2024-07-01
9353,ORD_d40382,CUST_298ca4,Commercial,2024-07-01,PAY_182e,STAT_182e,2024-07-01
9354,ORD_368fd9,CUST_298ca4,Commercial,2025-10-04,PAY_4414,STAT_182e,2025-10-04
9355,ORD_c8d55d,CUST_4ee4b7,One_Time,2024-03-21,PAY_182e,STAT_e09a,2024-03-21
9356,ORD_1b0838,CUST_7817ae,One_Time,2026-02-28,PAY_182e,STAT_182e,2026-02-28
9357,ORD_2693fc,CUST_f7da41,One_Time,2022-09-23,PAY_4414,STAT_182e,2022-09-23
9358,ORD_c584c3,CUST_bdc38c,One_Time,2023-07-26,PAY_8cd2,STAT_4414,2023-07-26
9359,ORD_32a3dd,CUST_733ccc,One_Time,2021-10-06,PAY_4414,STAT_4414,2021-10-06
9360,ORD_8d36e5,CUST_0ae1d9,Repeat,2026-04-03,PAY_8cd2,STAT_e09a,2026-04-03
9361,ORD_f3499f,CUST_0ae1d9,Repeat,2026-03-07,PAY_8cd2,STAT_8cd2,2026-03-07
9362,ORD_5094b2,CUST_0ae1d9,Repeat,2026-03-07,PAY_182e,STAT_4414,2026-03-07
9363,ORD_3a7ebf,CUST_0ae1d9,Repeat,2026-03-07,PAY_182e,STAT_4414,2026-03-07
9364,ORD_9efb50,CUST_0ae1d9,Repeat,2026-03-07,PAY_4414,STAT_e09a,2026-03-07
9365,ORD_302592,CUST_23a64e,One_Time,2023-09-16,PAY_4414,STAT_8cd2,2023-09-16
9366,ORD_dd83f6,CUST_38da8c,One_Time,2023-10-14,PAY_182e,STAT_8cd2,2023-10-14
9367,ORD_55d36a,CUST_82a258,One_Time,2025-05-17,PAY_8cd2,STAT_4414,2025-05-17
9368,ORD_395dba,CUST_53f10f,One_Time,2023-11-04,PAY_8cd2,STAT_8cd2,2023-11-04
9369,ORD_8ef008,CUST_50ea8c,One_Time,2026-04-08,PAY_e09a,STAT_182e,2026-04-08
9370,ORD_17d22b,CUST_66c100,One_Time,2023-02-03,PAY_4414,STAT_8cd2,2023-02-03
9371,ORD_6a31dd,CUST_4a7ea8,One_Time,2024-10-17,PAY_e09a,STAT_e09a,2024-10-17
9372,ORD_ada418,CUST_40af07,One_Time,2022-05-11,PAY_8cd2,STAT_4414,2022-05-11
9373,ORD_660e6b,CUST_4e652e,One_Time,2025-12-28,PAY_8cd2,STAT_4414,2025-12-28
9374,ORD_ff0b17,CUST_72b624,One_Time,2025-06-11,PAY_182e,STAT_e09a,2025-06-11
9375,ORD_cfc68e,CUST_57cf31,One_Time,2026-05-17,PAY_8cd2,STAT_182e,2026-05-17
9376,ORD_d57b81,CUST_ee11f5,Repeat,2023-07-06,PAY_182e,STAT_e09a,2023-07-06
9377,ORD_10fd20,CUST_ee11f5,Repeat,2023-07-06,PAY_8cd2,STAT_4414,2023-07-06
9378,ORD_d3bf90,CUST_ee11f5,Repeat,2023-07-06,PAY_4414,STAT_8cd2,2023-07-06
9379,ORD_811c90,CUST_7a816d,Commercial,2025-05-03,PAY_182e,STAT_8cd2,2025-05-03
9380,ORD_9726dd,CUST_7a816d,Commercial,2025-05-03,PAY_e09a,STAT_8cd2,2025-05-03
9381,ORD_5fb39a,CUST_7a816d,Commercial,2025-05-03,PAY_182e,STAT_8cd2,2025-05-03
9382,ORD_a6c5b8,CUST_7a816d,Commercial,2025-12-20,PAY_e09a,STAT_182e,2025-12-20
9383,ORD_550785,CUST_7a816d,Commercial,2025-05-03,PAY_8cd2,STAT_182e,2025-05-03
9384,ORD_be4ffc,CUST_7a816d,Commercial,2025-05-03,PAY_4414,STAT_4414,2025-05-03
9385,ORD_46212e,CUST_7a816d,Commercial,2025-05-03,PAY_e09a,STAT_4414,2025-05-03
9386,ORD_20500d,CUST_7a816d,Commercial,2026-01-09,PAY_4414,STAT_e09a,2026-01-09
9387,ORD_3841ec,CUST_a7fb0f,One_Time,2024-07-02,PAY_4414,STAT_182e,2024-07-02
9388,ORD_e2dfc5,CUST_81fe45,Repeat,2026-01-06,PAY_4414,STAT_182e,2026-01-06
9389,ORD_441c00,CUST_81fe45,Repeat,2026-01-06,PAY_8cd2,STAT_e09a,2026-01-06
9390,ORD_7ea5ce,CUST_81fe45,Repeat,2026-01-06,PAY_8cd2,STAT_e09a,2026-01-06
9391,ORD_a5c42a,CUST_81fe45,Repeat,2026-01-06,PAY_8cd2,STAT_8cd2,2026-01-06
9392,ORD_c59e94,CUST_81fe45,Repeat,2026-01-06,PAY_8cd2,STAT_4414,2026-01-06
9393,ORD_72885c,CUST_81fe45,Repeat,2026-01-06,PAY_4414,STAT_4414,2026-01-06
9394,ORD_eee52d,CUST_96c50c,One_Time,2026-03-04,PAY_8cd2,STAT_e09a,2026-03-04
9395,ORD_311233,CUST_6ce7ec,One_Time,2022-07-06,PAY_e09a,STAT_e09a,2022-07-06
9396,ORD_72c1de,CUST_2c06fe,One_Time,2025-10-06,PAY_8cd2,STAT_8cd2,2025-10-06
9397,ORD_6ef6c4,CUST_a5511e,One_Time,2025-03-13,PAY_4414,STAT_8cd2,2025-03-13
9398,ORD_5106ea,CUST_6443d7,Commercial,2024-09-03,PAY_182e,STAT_8cd2,2024-09-03
9399,ORD_d1d691,CUST_6443d7,Commercial,2025-03-06,PAY_182e,STAT_8cd2,2025-03-06
9400,ORD_1b280b,CUST_6443d7,Commercial,2024-09-03,PAY_4414,STAT_e09a,2024-09-03
9401,ORD_01cb66,CUST_6443d7,Commercial,2025-10-14,PAY_e09a,STAT_4414,2025-10-14
9402,ORD_b09be8,CUST_6443d7,Commercial,2024-09-03,PAY_182e,STAT_8cd2,2024-09-03
9403,ORD_3723c6,CUST_6443d7,Commercial,2024-09-03,PAY_e09a,STAT_182e,2024-09-03
9404,ORD_8d294d,CUST_6443d7,Commercial,2025-11-15,PAY_4414,STAT_182e,2025-11-15
9405,ORD_1f9ab1,CUST_6443d7,Commercial,2024-09-03,PAY_8cd2,STAT_182e,2024-09-03
9406,ORD_778f0d,CUST_6443d7,Commercial,2025-01-20,PAY_e09a,STAT_4414,2025-01-20
9407,ORD_39394e,CUST_6443d7,Commercial,2024-09-03,PAY_182e,STAT_e09a,2024-09-03
9408,ORD_c00aea,CUST_6443d7,Commercial,2024-12-11,PAY_4414,STAT_4414,2024-12-11
9409,ORD_1c7551,CUST_6443d7,Commercial,2025-01-07,PAY_4414,STAT_182e,2025-01-07
9410,ORD_6bf8ac,CUST_6443d7,Commercial,2024-09-03,PAY_182e,STAT_8cd2,2024-09-03
9411,ORD_48b728,CUST_6443d7,Commercial,2025-07-07,PAY_4414,STAT_e09a,2025-07-07
9412,ORD_344d7e,CUST_6443d7,Commercial,2024-09-03,PAY_4414,STAT_182e,2024-09-03
9413,ORD_e46af5,CUST_6443d7,Commercial,2024-09-03,PAY_182e,STAT_4414,2024-09-03
9414,ORD_dee53b,CUST_6443d7,Commercial,2025-07-05,PAY_e09a,STAT_182e,2025-07-05
9415,ORD_a1b9be,CUST_6443d7,Commercial,2025-08-20,PAY_4414,STAT_182e,2025-08-20
9416,ORD_23d6ed,CUST_12b787,One_Time,2024-10-10,PAY_4414,STAT_8cd2,2024-10-10
9417,ORD_bdbfb0,CUST_b8a02f,One_Time,2026-05-14,PAY_e09a,STAT_8cd2,2026-05-14
9418,ORD_9e7ebd,CUST_8be2c9,One_Time,2024-11-17,PAY_4414,STAT_8cd2,2024-11-17
9419,ORD_182411,CUST_703168,One_Time,2025-03-07,PAY_e09a,STAT_182e,2025-03-07
9420,ORD_324b0a,CUST_07f2ae,One_Time,2026-01-13,PAY_4414,STAT_4414,2026-01-13
9421,ORD_067e1e,CUST_c2913f,Repeat,2023-02-21,PAY_182e,STAT_182e,2023-02-21
9422,ORD_5cc11c,CUST_c2913f,Repeat,2024-02-09,PAY_e09a,STAT_182e,2024-02-09
9423,ORD_aa2972,CUST_c2913f,Repeat,2022-05-12,PAY_e09a,STAT_4414,2022-05-12
9424,ORD_c23d1f,CUST_c2913f,Repeat,2026-05-13,PAY_182e,STAT_8cd2,2026-05-13
9425,ORD_5288c1,CUST_c2913f,Repeat,2023-11-18,PAY_182e,STAT_4414,2023-11-18
9426,ORD_62e4b3,CUST_e3f584,Repeat,2026-03-14,PAY_8cd2,STAT_4414,2026-03-14
9427,ORD_ab9bb5,CUST_e3f584,Repeat,2026-03-14,PAY_e09a,STAT_8cd2,2026-03-14
9428,ORD_aa74f7,CUST_e3f584,Repeat,2026-03-14,PAY_4414,STAT_182e,2026-03-14
9429,ORD_e3b5cc,CUST_e3f584,Repeat,2026-03-14,PAY_182e,STAT_e09a,2026-03-14
9430,ORD_c2027d,CUST_e3f584,Repeat,2026-03-14,PAY_8cd2,STAT_e09a,2026-03-14
9431,ORD_8b4bab,CUST_e3f584,Repeat,2026-03-14,PAY_e09a,STAT_e09a,2026-03-14
9432,ORD_69bba7,CUST_cf5371,One_Time,2024-03-12,PAY_4414,STAT_e09a,2024-03-12
9433,ORD_b0eade,CUST_e98df0,One_Time,2024-11-10,PAY_8cd2,STAT_8cd2,2024-11-10
9434,ORD_35792e,CUST_93c156,One_Time,2022-01-26,PAY_8cd2,STAT_8cd2,2022-01-26
9435,ORD_aab11a,CUST_a2fd81,One_Time,2021-05-02,PAY_8cd2,STAT_e09a,2021-05-02
9436,ORD_e8256a,CUST_29ec17,One_Time,2024-03-17,PAY_8cd2,STAT_4414,2024-03-17
9437,ORD_1b6fb5,CUST_771319,Repeat,2026-04-20,PAY_182e,STAT_8cd2,2026-04-20
9438,ORD_46474d,CUST_771319,Repeat,2026-04-20,PAY_4414,STAT_182e,2026-04-20
9439,ORD_c31774,CUST_771319,Repeat,2026-04-20,PAY_4414,STAT_8cd2,2026-04-20
9440,ORD_140fdf,CUST_771319,Repeat,2026-04-20,PAY_182e,STAT_182e,2026-04-20
9441,ORD_bbd150,CUST_771319,Repeat,2026-04-20,PAY_4414,STAT_4414,2026-04-20
9442,ORD_8972d3,CUST_e3a983,One_Time,2025-05-01,PAY_e09a,STAT_4414,2025-05-01
9443,ORD_89006c,CUST_21b32e,Commercial,2022-02-26,PAY_8cd2,STAT_4414,2022-02-26
9444,ORD_c839bb,CUST_21b32e,Commercial,2022-04-24,PAY_e09a,STAT_e09a,2022-04-24
9445,ORD_f926a3,CUST_21b32e,Commercial,2021-11-10,PAY_e09a,STAT_4414,2021-11-10
9446,ORD_fdf608,CUST_21b32e,Commercial,2022-03-05,PAY_4414,STAT_e09a,2022-03-05
9447,ORD_54bf39,CUST_21b32e,Commercial,2023-10-04,PAY_4414,STAT_e09a,2023-10-04
9448,ORD_8c2ef9,CUST_21b32e,Commercial,2023-08-15,PAY_182e,STAT_4414,2023-08-15
9449,ORD_4ef45d,CUST_21b32e,Commercial,2026-04-21,PAY_4414,STAT_8cd2,2026-04-21
9450,ORD_1d629f,CUST_21b32e,Commercial,2021-04-03,PAY_8cd2,STAT_8cd2,2021-04-03
9451,ORD_82c2bb,CUST_21b32e,Commercial,2022-10-09,PAY_4414,STAT_e09a,2022-10-09
9452,ORD_63c83a,CUST_21b32e,Commercial,2023-06-19,PAY_4414,STAT_8cd2,2023-06-19
9453,ORD_65c5f0,CUST_21b32e,Commercial,2022-09-18,PAY_8cd2,STAT_4414,2022-09-18
9454,ORD_b134cb,CUST_21b32e,Commercial,2024-07-18,PAY_4414,STAT_182e,2024-07-18
9455,ORD_7149a1,CUST_21b32e,Commercial,2025-12-03,PAY_4414,STAT_8cd2,2025-12-03
9456,ORD_20d862,CUST_21b32e,Commercial,2025-02-14,PAY_182e,STAT_182e,2025-02-14
9457,ORD_2589de,CUST_21b32e,Commercial,2022-08-01,PAY_4414,STAT_4414,2022-08-01
9458,ORD_8f7866,CUST_21b32e,Commercial,2021-06-06,PAY_8cd2,STAT_4414,2021-06-06
9459,ORD_98c98f,CUST_21b32e,Commercial,2025-03-17,PAY_e09a,STAT_e09a,2025-03-17
9460,ORD_b68ee7,CUST_21b32e,Commercial,2021-12-21,PAY_8cd2,STAT_182e,2021-12-21
9461,ORD_a67a3d,CUST_3da079,Repeat,2024-08-06,PAY_4414,STAT_182e,2024-08-06
9462,ORD_fa618c,CUST_3da079,Repeat,2025-11-24,PAY_e09a,STAT_8cd2,2025-11-24
9463,ORD_ddf299,CUST_3da079,Repeat,2024-08-06,PAY_4414,STAT_8cd2,2024-08-06
9464,ORD_59e2be,CUST_a584bd,One_Time,2022-08-23,PAY_8cd2,STAT_182e,2022-08-23
9465,ORD_83e308,CUST_671a08,One_Time,2025-04-02,PAY_8cd2,STAT_4414,2025-04-02
9466,ORD_3f7ea4,CUST_62cd90,One_Time,2023-12-21,PAY_e09a,STAT_182e,2023-12-21
9467,ORD_00cd4c,CUST_52284e,One_Time,2023-11-13,PAY_4414,STAT_8cd2,2023-11-13
9468,ORD_a6ce6a,CUST_52e41f,Commercial,2026-02-17,PAY_4414,STAT_8cd2,2026-02-17
9469,ORD_91496a,CUST_52e41f,Commercial,2026-02-17,PAY_4414,STAT_182e,2026-02-17
9470,ORD_808319,CUST_52e41f,Commercial,2026-02-17,PAY_8cd2,STAT_8cd2,2026-02-17
9471,ORD_e0a4c0,CUST_52e41f,Commercial,2026-02-17,PAY_8cd2,STAT_4414,2026-02-17
9472,ORD_1b101a,CUST_52e41f,Commercial,2026-02-17,PAY_182e,STAT_182e,2026-02-17
9473,ORD_159a9a,CUST_52e41f,Commercial,2026-02-17,PAY_e09a,STAT_4414,2026-02-17
9474,ORD_8e95cd,CUST_52e41f,Commercial,2026-02-17,PAY_4414,STAT_e09a,2026-02-17
9475,ORD_191eaf,CUST_52e41f,Commercial,2026-02-17,PAY_8cd2,STAT_182e,2026-02-17
9476,ORD_1e1df9,CUST_52e41f,Commercial,2026-02-17,PAY_182e,STAT_e09a,2026-02-17
9477,ORD_6e6af3,CUST_52e41f,Commercial,2026-02-17,PAY_182e,STAT_e09a,2026-02-17
9478,ORD_bca459,CUST_06c2e4,Repeat,2024-10-13,PAY_4414,STAT_182e,2024-10-13
9479,ORD_259b76,CUST_06c2e4,Repeat,2022-12-11,PAY_4414,STAT_8cd2,2022-12-11
9480,ORD_3663ad,CUST_06c2e4,Repeat,2022-12-11,PAY_182e,STAT_182e,2022-12-11
9481,ORD_28d0e3,CUST_06c2e4,Repeat,2023-05-06,PAY_e09a,STAT_e09a,2023-05-06
9482,ORD_0ec874,CUST_06c2e4,Repeat,2026-04-19,PAY_8cd2,STAT_8cd2,2026-04-19
9483,ORD_39d1bb,CUST_0571e1,One_Time,2025-07-13,PAY_182e,STAT_e09a,2025-07-13
9484,ORD_064ca9,CUST_76a2c7,One_Time,2024-09-23,PAY_8cd2,STAT_4414,2024-09-23
9485,ORD_19ee20,CUST_6cbfc8,One_Time,2024-11-10,PAY_e09a,STAT_4414,2024-11-10
9486,ORD_4685e7,CUST_cc9de6,One_Time,2025-06-23,PAY_8cd2,STAT_e09a,2025-06-23
9487,ORD_fbf808,CUST_e4a5ba,One_Time,2025-06-21,PAY_e09a,STAT_4414,2025-06-21
9488,ORD_cf785e,CUST_afb737,Commercial,2024-10-05,PAY_e09a,STAT_182e,2024-10-05
9489,ORD_8d1e19,CUST_afb737,Commercial,2023-11-01,PAY_182e,STAT_4414,2023-11-01
9490,ORD_0a4664,CUST_afb737,Commercial,2023-11-01,PAY_4414,STAT_182e,2023-11-01
9491,ORD_5b42cd,CUST_afb737,Commercial,2023-11-01,PAY_8cd2,STAT_e09a,2023-11-01
9492,ORD_da4dc6,CUST_afb737,Commercial,2023-11-01,PAY_e09a,STAT_e09a,2023-11-01
9493,ORD_c5db2e,CUST_afb737,Commercial,2026-05-08,PAY_4414,STAT_8cd2,2026-05-08
9494,ORD_3881b7,CUST_afb737,Commercial,2023-11-01,PAY_182e,STAT_182e,2023-11-01
9495,ORD_75dcff,CUST_afb737,Commercial,2023-11-01,PAY_4414,STAT_182e,2023-11-01
9496,ORD_e9e133,CUST_afb737,Commercial,2025-10-06,PAY_182e,STAT_4414,2025-10-06
9497,ORD_548f48,CUST_afb737,Commercial,2023-11-01,PAY_e09a,STAT_182e,2023-11-01
9498,ORD_589edc,CUST_afb737,Commercial,2025-11-11,PAY_182e,STAT_e09a,2025-11-11
9499,ORD_fbc5d8,CUST_afb737,Commercial,2023-12-12,PAY_4414,STAT_4414,2023-12-12
9500,ORD_a70370,CUST_3cc64e,One_Time,2026-05-05,PAY_182e,STAT_e09a,2026-05-05
9501,ORD_4a6cd5,CUST_9cdbd8,Commercial,2025-04-04,PAY_8cd2,STAT_182e,2025-04-04
9502,ORD_2fb491,CUST_9cdbd8,Commercial,2026-04-03,PAY_e09a,STAT_4414,2026-04-03
9503,ORD_32ad3e,CUST_9cdbd8,Commercial,2025-04-04,PAY_e09a,STAT_4414,2025-04-04
9504,ORD_d1856b,CUST_9cdbd8,Commercial,2025-04-04,PAY_e09a,STAT_4414,2025-04-04
9505,ORD_42e640,CUST_9cdbd8,Commercial,2025-11-19,PAY_e09a,STAT_4414,2025-11-19
9506,ORD_a4b35d,CUST_9cdbd8,Commercial,2025-04-04,PAY_8cd2,STAT_8cd2,2025-04-04
9507,ORD_9eb2e0,CUST_9cdbd8,Commercial,2025-04-04,PAY_e09a,STAT_4414,2025-04-04
9508,ORD_08371d,CUST_9cdbd8,Commercial,2025-04-04,PAY_8cd2,STAT_e09a,2025-04-04
9509,ORD_d6dea5,CUST_9cdbd8,Commercial,2025-04-04,PAY_182e,STAT_4414,2025-04-04
9510,ORD_55cd7c,CUST_9cdbd8,Commercial,2025-04-04,PAY_e09a,STAT_4414,2025-04-04
9511,ORD_f30d6a,CUST_9cdbd8,Commercial,2025-04-04,PAY_8cd2,STAT_182e,2025-04-04
9512,ORD_ef7772,CUST_9cdbd8,Commercial,2026-01-11,PAY_4414,STAT_8cd2,2026-01-11
9513,ORD_f079ce,CUST_9cdbd8,Commercial,2025-10-14,PAY_4414,STAT_182e,2025-10-14
9514,ORD_26ad8b,CUST_9cdbd8,Commercial,2025-04-04,PAY_e09a,STAT_4414,2025-04-04
9515,ORD_e1aab9,CUST_9cdbd8,Commercial,2025-04-17,PAY_4414,STAT_182e,2025-04-17
9516,ORD_40a958,CUST_9cdbd8,Commercial,2025-04-04,PAY_8cd2,STAT_e09a,2025-04-04
9517,ORD_d8b78d,CUST_9cdbd8,Commercial,2025-04-04,PAY_8cd2,STAT_8cd2,2025-04-04
9518,ORD_428b20,CUST_f19abd,Commercial,2024-09-10,PAY_182e,STAT_182e,2024-09-10
9519,ORD_5fae43,CUST_f19abd,Commercial,2026-05-28,PAY_8cd2,STAT_182e,2026-05-28
9520,ORD_66e464,CUST_f19abd,Commercial,2025-12-27,PAY_182e,STAT_4414,2025-12-27
9521,ORD_655975,CUST_f19abd,Commercial,2024-02-24,PAY_182e,STAT_8cd2,2024-02-24
9522,ORD_49f520,CUST_f19abd,Commercial,2024-05-22,PAY_182e,STAT_182e,2024-05-22
9523,ORD_da9cce,CUST_f19abd,Commercial,2024-02-24,PAY_e09a,STAT_4414,2024-02-24
9524,ORD_b51c83,CUST_f19abd,Commercial,2026-02-18,PAY_4414,STAT_4414,2026-02-18
9525,ORD_c252e7,CUST_f19abd,Commercial,2024-02-24,PAY_e09a,STAT_182e,2024-02-24
9526,ORD_ae27b8,CUST_f19abd,Commercial,2024-07-24,PAY_4414,STAT_4414,2024-07-24
9527,ORD_b07dc1,CUST_f19abd,Commercial,2024-02-24,PAY_e09a,STAT_8cd2,2024-02-24
9528,ORD_3f2186,CUST_f19abd,Commercial,2024-02-24,PAY_e09a,STAT_4414,2024-02-24
9529,ORD_3859ff,CUST_f19abd,Commercial,2025-03-03,PAY_e09a,STAT_4414,2025-03-03
9530,ORD_4ec0ab,CUST_f19abd,Commercial,2025-03-28,PAY_8cd2,STAT_e09a,2025-03-28
9531,ORD_a942a2,CUST_f19abd,Commercial,2025-07-15,PAY_4414,STAT_4414,2025-07-15
9532,ORD_29ce51,CUST_f19abd,Commercial,2025-11-23,PAY_182e,STAT_8cd2,2025-11-23
9533,ORD_33fb64,CUST_f19abd,Commercial,2024-02-24,PAY_e09a,STAT_8cd2,2024-02-24
9534,ORD_dee309,CUST_0facb7,One_Time,2024-02-09,PAY_8cd2,STAT_e09a,2024-02-09
9535,ORD_c5433c,CUST_c7f98c,One_Time,2026-03-04,PAY_182e,STAT_4414,2026-03-04
9536,ORD_1e3c99,CUST_6869fd,Repeat,2025-04-11,PAY_e09a,STAT_8cd2,2025-04-11
9537,ORD_90ff3f,CUST_6869fd,Repeat,2026-05-17,PAY_4414,STAT_182e,2026-05-17
9538,ORD_9ead2d,CUST_6869fd,Repeat,2026-03-02,PAY_182e,STAT_4414,2026-03-02
9539,ORD_ed73ed,CUST_2ac4e7,Repeat,2025-10-18,PAY_8cd2,STAT_4414,2025-10-18
9540,ORD_72103e,CUST_2ac4e7,Repeat,2025-10-18,PAY_4414,STAT_8cd2,2025-10-18
9541,ORD_2f61ac,CUST_2ac4e7,Repeat,2025-10-18,PAY_8cd2,STAT_e09a,2025-10-18
9542,ORD_0344b6,CUST_064718,One_Time,2024-10-13,PAY_e09a,STAT_4414,2024-10-13
9543,ORD_ae3e46,CUST_e0ec45,One_Time,2025-12-26,PAY_4414,STAT_4414,2025-12-26
9544,ORD_9b30f5,CUST_d009bd,One_Time,2026-05-18,PAY_8cd2,STAT_4414,2026-05-18
9545,ORD_ee8214,CUST_09d533,One_Time,2023-04-16,PAY_4414,STAT_e09a,2023-04-16
9546,ORD_a4b02d,CUST_3408cd,One_Time,2025-11-23,PAY_4414,STAT_e09a,2025-11-23
9547,ORD_ea9e86,CUST_0aeb70,One_Time,2025-04-02,PAY_e09a,STAT_4414,2025-04-02
9548,ORD_bce8a1,CUST_20d325,One_Time,2022-08-07,PAY_4414,STAT_e09a,2022-08-07
9549,ORD_afbb21,CUST_f8f609,One_Time,2024-05-22,PAY_8cd2,STAT_4414,2024-05-22
9550,ORD_aa77cc,CUST_389c62,One_Time,2025-06-04,PAY_8cd2,STAT_e09a,2025-06-04
9551,ORD_243bc7,CUST_e62a27,One_Time,2024-06-21,PAY_e09a,STAT_e09a,2024-06-21
9552,ORD_8094fb,CUST_2a9e66,Repeat,2025-03-18,PAY_e09a,STAT_4414,2025-03-18
9553,ORD_25dde4,CUST_2a9e66,Repeat,2026-05-18,PAY_e09a,STAT_e09a,2026-05-18
9554,ORD_0ab714,CUST_09985b,One_Time,2025-02-27,PAY_8cd2,STAT_e09a,2025-02-27
9555,ORD_651209,CUST_40d376,One_Time,2024-11-15,PAY_8cd2,STAT_4414,2024-11-15
9556,ORD_8907ce,CUST_402edf,One_Time,2025-05-16,PAY_182e,STAT_e09a,2025-05-16
9557,ORD_480db2,CUST_5ffb85,One_Time,2026-04-15,PAY_8cd2,STAT_182e,2026-04-15
9558,ORD_5126cd,CUST_d70063,One_Time,2022-07-22,PAY_e09a,STAT_e09a,2022-07-22
9559,ORD_4f9787,CUST_91b8e8,One_Time,2024-08-22,PAY_182e,STAT_182e,2024-08-22
9560,ORD_d47009,CUST_8c31b0,One_Time,2024-06-05,PAY_182e,STAT_182e,2024-06-05
9561,ORD_2938f9,CUST_a00eb6,One_Time,2024-09-13,PAY_182e,STAT_4414,2024-09-13
9562,ORD_088ae3,CUST_c6ca70,Commercial,2021-07-28,PAY_e09a,STAT_8cd2,2021-07-28
9563,ORD_603bd2,CUST_c6ca70,Commercial,2024-10-24,PAY_182e,STAT_e09a,2024-10-24
9564,ORD_45f39c,CUST_c6ca70,Commercial,2021-09-11,PAY_4414,STAT_182e,2021-09-11
9565,ORD_ff174c,CUST_c6ca70,Commercial,2023-07-01,PAY_8cd2,STAT_e09a,2023-07-01
9566,ORD_6aefce,CUST_c6ca70,Commercial,2024-02-23,PAY_182e,STAT_8cd2,2024-02-23
9567,ORD_1b2711,CUST_c6ca70,Commercial,2022-10-05,PAY_4414,STAT_182e,2022-10-05
9568,ORD_e1ef35,CUST_c6ca70,Commercial,2024-01-26,PAY_8cd2,STAT_182e,2024-01-26
9569,ORD_a178f8,CUST_c6ca70,Commercial,2025-08-10,PAY_e09a,STAT_e09a,2025-08-10
9570,ORD_3009cc,CUST_c6ca70,Commercial,2024-02-10,PAY_e09a,STAT_8cd2,2024-02-10
9571,ORD_0aa23c,CUST_c6ca70,Commercial,2026-02-02,PAY_182e,STAT_4414,2026-02-02
9572,ORD_d795a9,CUST_c6ca70,Commercial,2024-07-09,PAY_182e,STAT_4414,2024-07-09
9573,ORD_01c69f,CUST_c6ca70,Commercial,2023-11-24,PAY_4414,STAT_8cd2,2023-11-24
9574,ORD_f839ea,CUST_c6ca70,Commercial,2023-12-09,PAY_8cd2,STAT_8cd2,2023-12-09
9575,ORD_4a8e3b,CUST_c6ca70,Commercial,2024-08-08,PAY_4414,STAT_4414,2024-08-08
9576,ORD_9d7701,CUST_0a56d9,Repeat,2025-06-01,PAY_4414,STAT_8cd2,2025-06-01
9577,ORD_78b34e,CUST_0a56d9,Repeat,2022-10-19,PAY_8cd2,STAT_182e,2022-10-19
9578,ORD_4043c4,CUST_0a56d9,Repeat,2024-05-20,PAY_182e,STAT_182e,2024-05-20
9579,ORD_3bf807,CUST_0a56d9,Repeat,2023-12-08,PAY_182e,STAT_e09a,2023-12-08
9580,ORD_77c7ba,CUST_cf3740,One_Time,2023-09-18,PAY_8cd2,STAT_8cd2,2023-09-18
9581,ORD_cda836,CUST_7b398e,Repeat,2024-04-14,PAY_182e,STAT_8cd2,2024-04-14
9582,ORD_c63b61,CUST_7b398e,Repeat,2024-04-14,PAY_e09a,STAT_4414,2024-04-14
9583,ORD_611a44,CUST_7b398e,Repeat,2026-01-02,PAY_182e,STAT_e09a,2026-01-02
9584,ORD_c1d668,CUST_15b1e1,One_Time,2024-06-18,PAY_4414,STAT_4414,2024-06-18
9585,ORD_8c70d0,CUST_adf897,One_Time,2026-01-28,PAY_4414,STAT_4414,2026-01-28
9586,ORD_dc7c9d,CUST_5d4548,One_Time,2023-08-02,PAY_e09a,STAT_4414,2023-08-02
9587,ORD_a8e8ee,CUST_c3c1fd,One_Time,2026-03-11,PAY_4414,STAT_e09a,2026-03-11
9588,ORD_54aa67,CUST_5476aa,One_Time,2026-01-09,PAY_e09a,STAT_8cd2,2026-01-09
9589,ORD_5304d6,CUST_113d66,Repeat,2026-02-03,PAY_e09a,STAT_4414,2026-02-03
9590,ORD_d321c5,CUST_113d66,Repeat,2026-02-03,PAY_e09a,STAT_8cd2,2026-02-03
9591,ORD_64f129,CUST_113d66,Repeat,2026-02-03,PAY_8cd2,STAT_4414,2026-02-03
9592,ORD_af9d5b,CUST_113d66,Repeat,2026-02-03,PAY_8cd2,STAT_e09a,2026-02-03
9593,ORD_0aadc3,CUST_113d66,Repeat,2026-02-03,PAY_e09a,STAT_e09a,2026-02-03
9594,ORD_40f4c5,CUST_982c09,One_Time,2021-09-27,PAY_8cd2,STAT_182e,2021-09-27
9595,ORD_488a32,CUST_6d15f7,Commercial,2021-10-28,PAY_e09a,STAT_182e,2021-10-28
9596,ORD_c8f7ea,CUST_6d15f7,Commercial,2022-04-10,PAY_e09a,STAT_e09a,2022-04-10
9597,ORD_056655,CUST_6d15f7,Commercial,2025-05-04,PAY_8cd2,STAT_e09a,2025-05-04
9598,ORD_4ef121,CUST_6d15f7,Commercial,2023-12-18,PAY_e09a,STAT_8cd2,2023-12-18
9599,ORD_c5180c,CUST_6d15f7,Commercial,2023-03-06,PAY_e09a,STAT_4414,2023-03-06
9600,ORD_c36841,CUST_6d15f7,Commercial,2022-02-14,PAY_e09a,STAT_182e,2022-02-14
9601,ORD_0916e4,CUST_6d15f7,Commercial,2021-10-12,PAY_4414,STAT_182e,2021-10-12
9602,ORD_adbd31,CUST_6d15f7,Commercial,2026-01-04,PAY_8cd2,STAT_8cd2,2026-01-04
9603,ORD_ba3a2b,CUST_1b4dba,One_Time,2025-07-28,PAY_182e,STAT_e09a,2025-07-28
9604,ORD_fb7c6a,CUST_b4d139,Commercial,2025-06-28,PAY_e09a,STAT_182e,2025-06-28
9605,ORD_bad270,CUST_b4d139,Commercial,2024-12-07,PAY_e09a,STAT_4414,2024-12-07
9606,ORD_be7a91,CUST_b4d139,Commercial,2024-12-07,PAY_182e,STAT_e09a,2024-12-07
9607,ORD_fd04eb,CUST_b4d139,Commercial,2024-12-07,PAY_4414,STAT_e09a,2024-12-07
9608,ORD_f37326,CUST_b4d139,Commercial,2024-12-07,PAY_182e,STAT_e09a,2024-12-07
9609,ORD_2d5c8e,CUST_b4d139,Commercial,2025-09-08,PAY_e09a,STAT_182e,2025-09-08
9610,ORD_b1b2b4,CUST_b4d139,Commercial,2024-12-07,PAY_8cd2,STAT_182e,2024-12-07
9611,ORD_858575,CUST_b4d139,Commercial,2024-12-07,PAY_e09a,STAT_4414,2024-12-07
9612,ORD_a70ea6,CUST_b4d139,Commercial,2024-12-07,PAY_8cd2,STAT_8cd2,2024-12-07
9613,ORD_cdf062,CUST_b4d139,Commercial,2024-12-07,PAY_4414,STAT_4414,2024-12-07
9614,ORD_b736c2,CUST_0296eb,One_Time,2022-10-21,PAY_4414,STAT_182e,2022-10-21
9615,ORD_9dc17e,CUST_927dfe,One_Time,2025-08-06,PAY_4414,STAT_e09a,2025-08-06
9616,ORD_b21e22,CUST_095f02,One_Time,2023-08-09,PAY_e09a,STAT_4414,2023-08-09
9617,ORD_ca0a94,CUST_0db7e3,One_Time,2024-07-18,PAY_e09a,STAT_e09a,2024-07-18
9618,ORD_e05747,CUST_586fec,One_Time,2025-06-25,PAY_182e,STAT_4414,2025-06-25
9619,ORD_dddd0b,CUST_2be532,One_Time,2026-03-01,PAY_4414,STAT_182e,2026-03-01
9620,ORD_166d90,CUST_bfc934,One_Time,2021-10-21,PAY_4414,STAT_8cd2,2021-10-21
9621,ORD_ebf5f5,CUST_ee1402,Repeat,2025-10-02,PAY_182e,STAT_e09a,2025-10-02
9622,ORD_191024,CUST_ee1402,Repeat,2025-10-02,PAY_182e,STAT_4414,2025-10-02
9623,ORD_eb59bb,CUST_ee1402,Repeat,2025-10-02,PAY_4414,STAT_8cd2,2025-10-02
9624,ORD_e4a65a,CUST_ee1402,Repeat,2025-10-02,PAY_4414,STAT_e09a,2025-10-02
9625,ORD_c04297,CUST_155ef4,One_Time,2024-12-17,PAY_182e,STAT_e09a,2024-12-17
9626,ORD_f8cc97,CUST_2616f9,One_Time,2026-04-26,PAY_4414,STAT_8cd2,2026-04-26
9627,ORD_b2b6a5,CUST_f5d4e2,One_Time,2025-01-13,PAY_4414,STAT_182e,2025-01-13
9628,ORD_794dc4,CUST_f3860c,One_Time,2025-06-04,PAY_182e,STAT_e09a,2025-06-04
9629,ORD_667b40,CUST_e1b243,One_Time,2025-08-17,PAY_182e,STAT_e09a,2025-08-17
9630,ORD_246fb8,CUST_17734f,One_Time,2026-05-11,PAY_e09a,STAT_4414,2026-05-11
9631,ORD_0c20c0,CUST_eb6207,One_Time,2024-09-20,PAY_4414,STAT_4414,2024-09-20
9632,ORD_4626a5,CUST_dcca28,One_Time,2024-10-23,PAY_182e,STAT_e09a,2024-10-23
9633,ORD_367ce6,CUST_857bd3,One_Time,2023-11-24,PAY_182e,STAT_182e,2023-11-24
9634,ORD_5aaed3,CUST_3291bf,One_Time,2021-05-05,PAY_e09a,STAT_e09a,2021-05-05
9635,ORD_80d0e7,CUST_7481fa,Repeat,2024-05-12,PAY_4414,STAT_182e,2024-05-12
9636,ORD_683c3a,CUST_7481fa,Repeat,2022-07-20,PAY_4414,STAT_4414,2022-07-20
9637,ORD_32af79,CUST_7481fa,Repeat,2025-01-03,PAY_e09a,STAT_e09a,2025-01-03
9638,ORD_317884,CUST_7481fa,Repeat,2023-02-08,PAY_182e,STAT_4414,2023-02-08
9639,ORD_56caf4,CUST_7481fa,Repeat,2024-07-22,PAY_182e,STAT_8cd2,2024-07-22
9640,ORD_c1315b,CUST_7481fa,Repeat,2026-02-21,PAY_182e,STAT_e09a,2026-02-21
9641,ORD_764ef2,CUST_3dfccd,One_Time,2025-06-12,PAY_8cd2,STAT_4414,2025-06-12
9642,ORD_ac2b17,CUST_ad76fc,One_Time,2025-08-12,PAY_182e,STAT_8cd2,2025-08-12
9643,ORD_f8832e,CUST_d361ab,One_Time,2025-06-24,PAY_8cd2,STAT_4414,2025-06-24
9644,ORD_174efe,CUST_6c4de4,One_Time,2023-12-08,PAY_8cd2,STAT_4414,2023-12-08
9645,ORD_20cc82,CUST_4d86b6,One_Time,2023-05-02,PAY_4414,STAT_182e,2023-05-02
9646,ORD_88dd62,CUST_60a69b,One_Time,2025-10-22,PAY_182e,STAT_8cd2,2025-10-22
9647,ORD_ab04e9,CUST_9f6ff0,One_Time,2025-05-03,PAY_8cd2,STAT_8cd2,2025-05-03
9648,ORD_6e474d,CUST_974d0f,Repeat,2023-10-01,PAY_182e,STAT_8cd2,2023-10-01
9649,ORD_67eb99,CUST_974d0f,Repeat,2025-03-08,PAY_e09a,STAT_e09a,2025-03-08
9650,ORD_b51309,CUST_974d0f,Repeat,2023-10-01,PAY_4414,STAT_e09a,2023-10-01
9651,ORD_fac628,CUST_974d0f,Repeat,2023-10-01,PAY_182e,STAT_182e,2023-10-01
9652,ORD_331bc9,CUST_c5d0e3,Commercial,2025-06-16,PAY_4414,STAT_8cd2,2025-06-16
9653,ORD_22b6df,CUST_c5d0e3,Commercial,2025-06-16,PAY_e09a,STAT_8cd2,2025-06-16
9654,ORD_81d45a,CUST_c5d0e3,Commercial,2026-02-08,PAY_e09a,STAT_4414,2026-02-08
9655,ORD_0caf27,CUST_c5d0e3,Commercial,2025-06-16,PAY_e09a,STAT_8cd2,2025-06-16
9656,ORD_fbc3e7,CUST_c5d0e3,Commercial,2025-06-16,PAY_e09a,STAT_8cd2,2025-06-16
9657,ORD_717df9,CUST_c5d0e3,Commercial,2025-06-16,PAY_e09a,STAT_e09a,2025-06-16
9658,ORD_5a0595,CUST_c5d0e3,Commercial,2025-06-16,PAY_4414,STAT_8cd2,2025-06-16
9659,ORD_c99208,CUST_c5d0e3,Commercial,2025-06-16,PAY_e09a,STAT_8cd2,2025-06-16
9660,ORD_aced6b,CUST_c5d0e3,Commercial,2025-06-16,PAY_4414,STAT_e09a,2025-06-16
9661,ORD_891848,CUST_c5d0e3,Commercial,2025-06-16,PAY_8cd2,STAT_4414,2025-06-16
9662,ORD_e4fcea,CUST_c5d0e3,Commercial,2025-06-16,PAY_e09a,STAT_8cd2,2025-06-16
9663,ORD_5707fb,CUST_c5d0e3,Commercial,2025-06-16,PAY_e09a,STAT_182e,2025-06-16
9664,ORD_d70e9f,CUST_c5d0e3,Commercial,2025-06-16,PAY_8cd2,STAT_4414,2025-06-16
9665,ORD_c87b97,CUST_c5d0e3,Commercial,2025-06-16,PAY_8cd2,STAT_4414,2025-06-16
9666,ORD_b3048f,CUST_c5d0e3,Commercial,2025-06-16,PAY_8cd2,STAT_182e,2025-06-16
9667,ORD_e00d15,CUST_c5d0e3,Commercial,2026-05-10,PAY_182e,STAT_4414,2026-05-10
9668,ORD_72b163,CUST_c5d0e3,Commercial,2025-06-16,PAY_8cd2,STAT_182e,2025-06-16
9669,ORD_78f84e,CUST_c5d0e3,Commercial,2025-06-16,PAY_4414,STAT_8cd2,2025-06-16
9670,ORD_ea6a3a,CUST_e5667c,One_Time,2022-09-09,PAY_8cd2,STAT_8cd2,2022-09-09
9671,ORD_0b0f4e,CUST_8d2971,Repeat,2026-02-02,PAY_182e,STAT_8cd2,2026-02-02
9672,ORD_ab8d1c,CUST_8d2971,Repeat,2026-05-13,PAY_4414,STAT_8cd2,2026-05-13
9673,ORD_50c182,CUST_8d2971,Repeat,2026-02-02,PAY_8cd2,STAT_8cd2,2026-02-02
9674,ORD_0bc5d1,CUST_e8abd7,One_Time,2026-05-08,PAY_e09a,STAT_4414,2026-05-08
9675,ORD_98e096,CUST_8d0ea6,One_Time,2024-01-12,PAY_4414,STAT_8cd2,2024-01-12
9676,ORD_207efa,CUST_595a32,One_Time,2024-11-04,PAY_e09a,STAT_e09a,2024-11-04
9677,ORD_360bdf,CUST_629b88,One_Time,2023-07-04,PAY_8cd2,STAT_e09a,2023-07-04
9678,ORD_000252,CUST_4b0db5,One_Time,2023-02-23,PAY_4414,STAT_e09a,2023-02-23
9679,ORD_5a47e8,CUST_7cc34f,One_Time,2024-05-16,PAY_182e,STAT_8cd2,2024-05-16
9680,ORD_8cb81b,CUST_153d35,One_Time,2024-10-17,PAY_182e,STAT_4414,2024-10-17
9681,ORD_a1cdad,CUST_1fc51a,One_Time,2026-03-11,PAY_4414,STAT_e09a,2026-03-11
9682,ORD_a173e6,CUST_5bbcc5,Commercial,2022-11-22,PAY_8cd2,STAT_182e,2022-11-22
9683,ORD_896b97,CUST_5bbcc5,Commercial,2025-06-27,PAY_8cd2,STAT_4414,2025-06-27
9684,ORD_cfe950,CUST_5bbcc5,Commercial,2024-02-20,PAY_182e,STAT_8cd2,2024-02-20
9685,ORD_9bd7c4,CUST_5bbcc5,Commercial,2024-09-19,PAY_182e,STAT_4414,2024-09-19
9686,ORD_b7dda0,CUST_5bbcc5,Commercial,2022-11-22,PAY_8cd2,STAT_182e,2022-11-22
9687,ORD_f4bc29,CUST_5bbcc5,Commercial,2026-04-17,PAY_e09a,STAT_e09a,2026-04-17
9688,ORD_05f6d5,CUST_5bbcc5,Commercial,2024-05-26,PAY_e09a,STAT_8cd2,2024-05-26
9689,ORD_ead595,CUST_5bbcc5,Commercial,2022-11-22,PAY_182e,STAT_182e,2022-11-22
9690,ORD_4b8b5b,CUST_5bbcc5,Commercial,2026-01-06,PAY_e09a,STAT_e09a,2026-01-06
9691,ORD_c76155,CUST_5bbcc5,Commercial,2025-10-23,PAY_182e,STAT_4414,2025-10-23
9692,ORD_ed8297,CUST_5bbcc5,Commercial,2022-11-22,PAY_e09a,STAT_4414,2022-11-22
9693,ORD_4c8507,CUST_5bbcc5,Commercial,2026-02-18,PAY_8cd2,STAT_4414,2026-02-18
9694,ORD_c50a02,CUST_5bbcc5,Commercial,2022-11-22,PAY_182e,STAT_e09a,2022-11-22
9695,ORD_a25e0b,CUST_5bbcc5,Commercial,2022-11-22,PAY_4414,STAT_e09a,2022-11-22
9696,ORD_b607ea,CUST_5bbcc5,Commercial,2024-01-20,PAY_8cd2,STAT_e09a,2024-01-20
9697,ORD_fc392d,CUST_5bbcc5,Commercial,2023-02-16,PAY_182e,STAT_8cd2,2023-02-16
9698,ORD_f32df1,CUST_5bbcc5,Commercial,2026-01-12,PAY_8cd2,STAT_182e,2026-01-12
9699,ORD_54de94,CUST_0d79d5,One_Time,2024-07-10,PAY_182e,STAT_4414,2024-07-10
9700,ORD_85ad0f,CUST_acad13,One_Time,2024-05-04,PAY_8cd2,STAT_4414,2024-05-04
9701,ORD_adc637,CUST_4feee3,Repeat,2026-05-06,PAY_4414,STAT_e09a,2026-05-06
9702,ORD_809846,CUST_4feee3,Repeat,2026-05-06,PAY_8cd2,STAT_e09a,2026-05-06
9703,ORD_b07e95,CUST_4feee3,Repeat,2026-05-06,PAY_4414,STAT_4414,2026-05-06
9704,ORD_9af614,CUST_f8063a,Repeat,2025-03-05,PAY_e09a,STAT_4414,2025-03-05
9705,ORD_c1ad1e,CUST_f8063a,Repeat,2021-05-26,PAY_8cd2,STAT_8cd2,2021-05-26
9706,ORD_f15aab,CUST_f8063a,Repeat,2021-11-04,PAY_e09a,STAT_182e,2021-11-04
9707,ORD_20ff7c,CUST_f8063a,Repeat,2022-06-16,PAY_182e,STAT_e09a,2022-06-16
9708,ORD_f49818,CUST_f8063a,Repeat,2023-12-23,PAY_8cd2,STAT_8cd2,2023-12-23
9709,ORD_673561,CUST_4c4811,One_Time,2023-09-17,PAY_182e,STAT_e09a,2023-09-17
9710,ORD_39cd13,CUST_0e246b,One_Time,2025-09-02,PAY_182e,STAT_4414,2025-09-02
9711,ORD_c509f1,CUST_b2924c,One_Time,2025-06-26,PAY_182e,STAT_e09a,2025-06-26
9712,ORD_734b45,CUST_662c7d,One_Time,2025-02-12,PAY_8cd2,STAT_8cd2,2025-02-12
9713,ORD_b01b93,CUST_a47ad6,One_Time,2022-10-10,PAY_e09a,STAT_4414,2022-10-10
9714,ORD_dd504b,CUST_f8f28d,One_Time,2024-10-28,PAY_4414,STAT_e09a,2024-10-28
9715,ORD_ec5e38,CUST_6a8aa6,One_Time,2022-09-14,PAY_4414,STAT_8cd2,2022-09-14
9716,ORD_b551f2,CUST_b67158,One_Time,2025-09-26,PAY_e09a,STAT_e09a,2025-09-26
9717,ORD_e5af04,CUST_1fcaa7,One_Time,2026-05-21,PAY_8cd2,STAT_8cd2,2026-05-21
9718,ORD_4baa7d,CUST_f115cd,One_Time,2025-08-15,PAY_e09a,STAT_e09a,2025-08-15
9719,ORD_af6114,CUST_23e61c,One_Time,2025-05-01,PAY_182e,STAT_8cd2,2025-05-01
9720,ORD_fe5b7e,CUST_757883,One_Time,2025-12-27,PAY_182e,STAT_4414,2025-12-27
9721,ORD_c5def1,CUST_a33b77,One_Time,2023-04-15,PAY_182e,STAT_4414,2023-04-15
9722,ORD_8bfc3d,CUST_2c0a1d,One_Time,2024-02-25,PAY_8cd2,STAT_182e,2024-02-25
9723,ORD_d43e3e,CUST_097bdc,One_Time,2022-09-28,PAY_e09a,STAT_182e,2022-09-28
9724,ORD_915355,CUST_aa1289,One_Time,2026-01-20,PAY_4414,STAT_4414,2026-01-20
9725,ORD_2bf5e4,CUST_5b15fa,One_Time,2024-01-06,PAY_182e,STAT_e09a,2024-01-06
9726,ORD_c6c239,CUST_5ebb6f,One_Time,2025-05-20,PAY_182e,STAT_8cd2,2025-05-20
9727,ORD_b67745,CUST_c1bec3,One_Time,2024-05-10,PAY_4414,STAT_182e,2024-05-10
9728,ORD_0e34e4,CUST_d1e4cc,Commercial,2025-04-15,PAY_8cd2,STAT_182e,2025-04-15
9729,ORD_c12f63,CUST_d1e4cc,Commercial,2025-10-07,PAY_e09a,STAT_8cd2,2025-10-07
9730,ORD_b682c2,CUST_d1e4cc,Commercial,2024-08-12,PAY_e09a,STAT_4414,2024-08-12
9731,ORD_7b9338,CUST_d1e4cc,Commercial,2026-04-07,PAY_8cd2,STAT_4414,2026-04-07
9732,ORD_35468f,CUST_d1e4cc,Commercial,2025-09-27,PAY_182e,STAT_8cd2,2025-09-27
9733,ORD_2dd005,CUST_d1e4cc,Commercial,2024-01-23,PAY_4414,STAT_4414,2024-01-23
9734,ORD_6c6ddc,CUST_d1e4cc,Commercial,2024-03-08,PAY_4414,STAT_4414,2024-03-08
9735,ORD_f6e196,CUST_d1e4cc,Commercial,2023-02-09,PAY_8cd2,STAT_4414,2023-02-09
9736,ORD_09c742,CUST_d1e4cc,Commercial,2024-09-01,PAY_e09a,STAT_4414,2024-09-01
9737,ORD_cd89b6,CUST_d1e4cc,Commercial,2022-03-26,PAY_182e,STAT_182e,2022-03-26
9738,ORD_987b58,CUST_d1e4cc,Commercial,2022-03-26,PAY_4414,STAT_e09a,2022-03-26
9739,ORD_0d60a0,CUST_b8e7fe,One_Time,2024-08-23,PAY_4414,STAT_4414,2024-08-23
9740,ORD_5323d9,CUST_4916ce,One_Time,2025-04-11,PAY_e09a,STAT_e09a,2025-04-11
9741,ORD_595ce6,CUST_6a08d5,One_Time,2024-11-15,PAY_8cd2,STAT_e09a,2024-11-15
9742,ORD_e25d1a,CUST_d4b5fe,One_Time,2025-07-22,PAY_182e,STAT_182e,2025-07-22
9743,ORD_e78539,CUST_7c0c56,One_Time,2026-01-09,PAY_182e,STAT_8cd2,2026-01-09
9744,ORD_7c1a7c,CUST_f734ff,One_Time,2022-10-16,PAY_4414,STAT_e09a,2022-10-16
9745,ORD_b80cfa,CUST_ccbbf4,One_Time,2022-09-01,PAY_4414,STAT_182e,2022-09-01
9746,ORD_57927b,CUST_c4eed1,One_Time,2024-04-16,PAY_8cd2,STAT_8cd2,2024-04-16
9747,ORD_460060,CUST_b9b7a1,One_Time,2024-12-21,PAY_4414,STAT_e09a,2024-12-21
9748,ORD_68513c,CUST_e8b762,One_Time,2025-08-04,PAY_e09a,STAT_182e,2025-08-04
9749,ORD_a43d12,CUST_e76961,Repeat,2022-11-26,PAY_4414,STAT_8cd2,2022-11-26
9750,ORD_d7c548,CUST_e76961,Repeat,2023-01-14,PAY_8cd2,STAT_4414,2023-01-14
9751,ORD_545092,CUST_e76961,Repeat,2022-10-25,PAY_182e,STAT_182e,2022-10-25
9752,ORD_bba16c,CUST_3dc571,One_Time,2023-05-18,PAY_8cd2,STAT_4414,2023-05-18
9753,ORD_88d3b6,CUST_7d0fc6,One_Time,2022-07-02,PAY_182e,STAT_182e,2022-07-02
9754,ORD_18bd21,CUST_50904b,One_Time,2022-04-24,PAY_e09a,STAT_e09a,2022-04-24
9755,ORD_ed1afe,CUST_072156,One_Time,2024-09-14,PAY_8cd2,STAT_e09a,2024-09-14
9756,ORD_b898c7,CUST_cdda42,One_Time,2023-10-17,PAY_e09a,STAT_e09a,2023-10-17
9757,ORD_79b88d,CUST_fe71f3,One_Time,2026-02-03,PAY_e09a,STAT_8cd2,2026-02-03
9758,ORD_c1be0d,CUST_121f84,One_Time,2024-11-21,PAY_8cd2,STAT_e09a,2024-11-21
9759,ORD_fa67b7,CUST_9c91e3,One_Time,2022-05-23,PAY_4414,STAT_8cd2,2022-05-23
9760,ORD_80b739,CUST_504078,One_Time,2024-02-09,PAY_182e,STAT_e09a,2024-02-09
9761,ORD_27b66c,CUST_07e6af,One_Time,2024-04-17,PAY_e09a,STAT_e09a,2024-04-17
9762,ORD_28f8ca,CUST_953195,One_Time,2023-09-19,PAY_4414,STAT_4414,2023-09-19
9763,ORD_25e7f4,CUST_f543d2,One_Time,2025-08-18,PAY_4414,STAT_e09a,2025-08-18
9764,ORD_e6c46b,CUST_4c7bab,One_Time,2025-01-20,PAY_182e,STAT_182e,2025-01-20
9765,ORD_a4ac6f,CUST_cadab0,One_Time,2025-05-24,PAY_8cd2,STAT_8cd2,2025-05-24
9766,ORD_99f01b,CUST_008186,One_Time,2026-01-02,PAY_182e,STAT_4414,2026-01-02
9767,ORD_7dd9e9,CUST_30ab36,One_Time,2025-06-03,PAY_8cd2,STAT_182e,2025-06-03
9768,ORD_2f192e,CUST_b94d67,One_Time,2024-02-09,PAY_182e,STAT_4414,2024-02-09
9769,ORD_7d7e0f,CUST_69c943,Repeat,2023-03-12,PAY_4414,STAT_4414,2023-03-12
9770,ORD_956ae7,CUST_69c943,Repeat,2025-05-04,PAY_e09a,STAT_4414,2025-05-04
9771,ORD_8fc6dc,CUST_aa97c5,One_Time,2026-04-06,PAY_8cd2,STAT_8cd2,2026-04-06
9772,ORD_ff8bd4,CUST_c66cbd,One_Time,2025-08-25,PAY_8cd2,STAT_182e,2025-08-25
9773,ORD_dbdb2f,CUST_434dc0,One_Time,2025-10-15,PAY_4414,STAT_182e,2025-10-15
9774,ORD_3e4489,CUST_3e041a,One_Time,2026-01-23,PAY_182e,STAT_e09a,2026-01-23
9775,ORD_fe932b,CUST_ab7350,Commercial,2023-02-12,PAY_8cd2,STAT_4414,2023-02-12
9776,ORD_a6a121,CUST_ab7350,Commercial,2025-01-27,PAY_8cd2,STAT_e09a,2025-01-27
9777,ORD_c82c77,CUST_ab7350,Commercial,2026-01-17,PAY_4414,STAT_182e,2026-01-17
9778,ORD_9cbbf3,CUST_ab7350,Commercial,2025-01-16,PAY_e09a,STAT_8cd2,2025-01-16
9779,ORD_9448a8,CUST_ab7350,Commercial,2024-02-12,PAY_e09a,STAT_e09a,2024-02-12
9780,ORD_0f09c2,CUST_ab7350,Commercial,2022-05-15,PAY_4414,STAT_4414,2022-05-15
9781,ORD_20e803,CUST_ab7350,Commercial,2025-09-18,PAY_182e,STAT_8cd2,2025-09-18
9782,ORD_701b08,CUST_ab7350,Commercial,2023-05-04,PAY_8cd2,STAT_8cd2,2023-05-04
9783,ORD_38f301,CUST_ab7350,Commercial,2024-10-27,PAY_e09a,STAT_4414,2024-10-27
9784,ORD_7c7fae,CUST_ab7350,Commercial,2023-04-17,PAY_4414,STAT_8cd2,2023-04-17
9785,ORD_94b7c0,CUST_ab7350,Commercial,2023-07-24,PAY_e09a,STAT_182e,2023-07-24
9786,ORD_64adf5,CUST_711f11,Commercial,2023-10-16,PAY_182e,STAT_e09a,2023-10-16
9787,ORD_d5b919,CUST_711f11,Commercial,2024-07-20,PAY_8cd2,STAT_8cd2,2024-07-20
9788,ORD_f7e677,CUST_711f11,Commercial,2024-07-26,PAY_4414,STAT_182e,2024-07-26
9789,ORD_395f87,CUST_711f11,Commercial,2025-06-07,PAY_182e,STAT_4414,2025-06-07
9790,ORD_2a2b04,CUST_711f11,Commercial,2024-09-06,PAY_8cd2,STAT_182e,2024-09-06
9791,ORD_549c19,CUST_711f11,Commercial,2024-09-23,PAY_4414,STAT_8cd2,2024-09-23
9792,ORD_0bee7c,CUST_711f11,Commercial,2025-10-28,PAY_182e,STAT_8cd2,2025-10-28
9793,ORD_2aff5f,CUST_711f11,Commercial,2023-10-16,PAY_8cd2,STAT_4414,2023-10-16
9794,ORD_43c346,CUST_711f11,Commercial,2026-03-02,PAY_4414,STAT_e09a,2026-03-02
9795,ORD_6edd5d,CUST_711f11,Commercial,2026-01-26,PAY_182e,STAT_e09a,2026-01-26
9796,ORD_eaec4b,CUST_711f11,Commercial,2023-10-16,PAY_e09a,STAT_182e,2023-10-16
9797,ORD_2c1e66,CUST_711f11,Commercial,2023-10-16,PAY_8cd2,STAT_e09a,2023-10-16
9798,ORD_841db5,CUST_711f11,Commercial,2025-06-14,PAY_8cd2,STAT_e09a,2025-06-14
9799,ORD_62711c,CUST_889a9b,One_Time,2026-05-05,PAY_8cd2,STAT_e09a,2026-05-05
9800,ORD_6aba83,CUST_257dd9,One_Time,2023-01-03,PAY_182e,STAT_8cd2,2023-01-03
9801,ORD_623bed,CUST_1bedaa,Repeat,2025-12-20,PAY_4414,STAT_182e,2025-12-20
9802,ORD_56f545,CUST_1bedaa,Repeat,2025-09-09,PAY_e09a,STAT_e09a,2025-09-09
9803,ORD_e36138,CUST_1bedaa,Repeat,2025-08-12,PAY_4414,STAT_e09a,2025-08-12
9804,ORD_4e5112,CUST_1bedaa,Repeat,2022-08-20,PAY_4414,STAT_8cd2,2022-08-20
9805,ORD_054065,CUST_c98e56,Commercial,2023-11-07,PAY_e09a,STAT_8cd2,2023-11-07
9806,ORD_a5a999,CUST_c98e56,Commercial,2024-08-17,PAY_e09a,STAT_4414,2024-08-17
9807,ORD_d45e02,CUST_c98e56,Commercial,2025-09-11,PAY_182e,STAT_4414,2025-09-11
9808,ORD_e7399a,CUST_c98e56,Commercial,2026-03-12,PAY_e09a,STAT_e09a,2026-03-12
9809,ORD_1996ac,CUST_c98e56,Commercial,2025-06-28,PAY_4414,STAT_4414,2025-06-28
9810,ORD_daaf3b,CUST_c98e56,Commercial,2024-06-05,PAY_4414,STAT_e09a,2024-06-05
9811,ORD_efd6d5,CUST_c98e56,Commercial,2023-09-24,PAY_182e,STAT_8cd2,2023-09-24
9812,ORD_198fc6,CUST_c98e56,Commercial,2023-05-08,PAY_8cd2,STAT_8cd2,2023-05-08
9813,ORD_43c82b,CUST_c98e56,Commercial,2023-05-08,PAY_e09a,STAT_182e,2023-05-08
9814,ORD_2dc68a,CUST_c98e56,Commercial,2024-07-19,PAY_4414,STAT_e09a,2024-07-19
9815,ORD_4fe585,CUST_c98e56,Commercial,2025-06-21,PAY_e09a,STAT_182e,2025-06-21
9816,ORD_24750e,CUST_c98e56,Commercial,2025-07-05,PAY_e09a,STAT_4414,2025-07-05
9817,ORD_98c7b6,CUST_c98e56,Commercial,2023-05-08,PAY_8cd2,STAT_4414,2023-05-08
9818,ORD_042a15,CUST_c98e56,Commercial,2025-09-10,PAY_182e,STAT_e09a,2025-09-10
9819,ORD_c532ce,CUST_c98e56,Commercial,2024-10-19,PAY_182e,STAT_e09a,2024-10-19
9820,ORD_2838e2,CUST_c98e56,Commercial,2023-05-08,PAY_4414,STAT_e09a,2023-05-08
9821,ORD_924c7d,CUST_c98e56,Commercial,2023-06-17,PAY_4414,STAT_8cd2,2023-06-17
9822,ORD_a2b22e,CUST_c98e56,Commercial,2023-05-08,PAY_182e,STAT_8cd2,2023-05-08
9823,ORD_fa97d6,CUST_c98e56,Commercial,2025-06-04,PAY_182e,STAT_4414,2025-06-04
9824,ORD_5e6215,CUST_694e85,One_Time,2025-02-08,PAY_e09a,STAT_4414,2025-02-08
9825,ORD_b64ee2,CUST_64cbb0,One_Time,2025-07-25,PAY_4414,STAT_4414,2025-07-25
9826,ORD_f5e2ea,CUST_566765,One_Time,2025-02-26,PAY_182e,STAT_e09a,2025-02-26
9827,ORD_a2108d,CUST_dbce73,One_Time,2022-01-09,PAY_8cd2,STAT_4414,2022-01-09
9828,ORD_262438,CUST_6740ae,One_Time,2023-03-01,PAY_182e,STAT_182e,2023-03-01
9829,ORD_2d881f,CUST_ff8d76,One_Time,2023-10-04,PAY_e09a,STAT_4414,2023-10-04
9830,ORD_cc638e,CUST_f96733,One_Time,2024-09-16,PAY_182e,STAT_8cd2,2024-09-16
9831,ORD_f4fbe9,CUST_a12a8d,One_Time,2026-02-03,PAY_182e,STAT_4414,2026-02-03
9832,ORD_de2716,CUST_41a524,One_Time,2024-01-16,PAY_8cd2,STAT_e09a,2024-01-16
9833,ORD_f726eb,CUST_7148e2,Commercial,2022-09-24,PAY_e09a,STAT_e09a,2022-09-24
9834,ORD_dba4a3,CUST_7148e2,Commercial,2024-12-25,PAY_4414,STAT_8cd2,2024-12-25
9835,ORD_206965,CUST_7148e2,Commercial,2024-08-02,PAY_e09a,STAT_4414,2024-08-02
9836,ORD_ae8e7f,CUST_7148e2,Commercial,2024-12-09,PAY_e09a,STAT_8cd2,2024-12-09
9837,ORD_050ff0,CUST_7148e2,Commercial,2023-03-24,PAY_4414,STAT_4414,2023-03-24
9838,ORD_33cdea,CUST_7148e2,Commercial,2025-07-08,PAY_182e,STAT_182e,2025-07-08
9839,ORD_dedc6b,CUST_7148e2,Commercial,2025-06-03,PAY_e09a,STAT_4414,2025-06-03
9840,ORD_0f8898,CUST_7148e2,Commercial,2025-10-18,PAY_182e,STAT_4414,2025-10-18
9841,ORD_e98036,CUST_7148e2,Commercial,2022-03-04,PAY_4414,STAT_8cd2,2022-03-04
9842,ORD_d3c3e7,CUST_7148e2,Commercial,2023-08-06,PAY_e09a,STAT_e09a,2023-08-06
9843,ORD_99eb10,CUST_7148e2,Commercial,2023-11-01,PAY_8cd2,STAT_182e,2023-11-01
9844,ORD_23ad44,CUST_7148e2,Commercial,2024-05-20,PAY_4414,STAT_4414,2024-05-20
9845,ORD_d4f6bb,CUST_7148e2,Commercial,2025-06-23,PAY_4414,STAT_e09a,2025-06-23
9846,ORD_16c03e,CUST_7148e2,Commercial,2022-12-24,PAY_4414,STAT_182e,2022-12-24
9847,ORD_5bd2e6,CUST_7148e2,Commercial,2025-12-12,PAY_e09a,STAT_e09a,2025-12-12
9848,ORD_cf80e0,CUST_7148e2,Commercial,2022-08-18,PAY_8cd2,STAT_182e,2022-08-18
9849,ORD_856ded,CUST_7148e2,Commercial,2026-04-09,PAY_e09a,STAT_8cd2,2026-04-09
9850,ORD_897d53,CUST_fc3c9b,One_Time,2023-06-19,PAY_182e,STAT_8cd2,2023-06-19
9851,ORD_460410,CUST_01e6eb,One_Time,2025-12-16,PAY_e09a,STAT_e09a,2025-12-16
9852,ORD_3cc549,CUST_fdf372,One_Time,2024-06-14,PAY_4414,STAT_e09a,2024-06-14
9853,ORD_f2593f,CUST_7dc5c6,One_Time,2022-11-02,PAY_4414,STAT_8cd2,2022-11-02
9854,ORD_a9fbde,CUST_7562a9,One_Time,2023-07-01,PAY_e09a,STAT_e09a,2023-07-01
9855,ORD_f56f60,CUST_2fd1a3,Repeat,2024-10-05,PAY_4414,STAT_182e,2024-10-05
9856,ORD_310363,CUST_2fd1a3,Repeat,2024-10-05,PAY_4414,STAT_4414,2024-10-05
9857,ORD_efe98b,CUST_2fd1a3,Repeat,2024-10-05,PAY_8cd2,STAT_8cd2,2024-10-05
9858,ORD_8ea128,CUST_2fd1a3,Repeat,2024-10-05,PAY_4414,STAT_4414,2024-10-05
9859,ORD_4f224e,CUST_2fd1a3,Repeat,2026-04-19,PAY_8cd2,STAT_e09a,2026-04-19
9860,ORD_074c4d,CUST_ae1576,One_Time,2023-07-25,PAY_e09a,STAT_182e,2023-07-25
9861,ORD_806c4e,CUST_a56cb1,One_Time,2026-02-13,PAY_e09a,STAT_e09a,2026-02-13
9862,ORD_61a0f6,CUST_54a41a,One_Time,2024-09-22,PAY_e09a,STAT_e09a,2024-09-22
9863,ORD_b2c6da,CUST_5874b7,One_Time,2025-09-15,PAY_4414,STAT_182e,2025-09-15
9864,ORD_57321b,CUST_2daf36,One_Time,2026-03-04,PAY_8cd2,STAT_8cd2,2026-03-04
9865,ORD_f0dfe1,CUST_85b006,One_Time,2026-04-26,PAY_8cd2,STAT_e09a,2026-04-26
9866,ORD_d58b6e,CUST_987cec,Repeat,2023-11-28,PAY_e09a,STAT_e09a,2023-11-28
9867,ORD_8edb84,CUST_987cec,Repeat,2023-11-28,PAY_4414,STAT_4414,2023-11-28
9868,ORD_96a721,CUST_987cec,Repeat,2024-03-16,PAY_4414,STAT_4414,2024-03-16
9869,ORD_e5e354,CUST_987cec,Repeat,2023-11-28,PAY_182e,STAT_8cd2,2023-11-28
9870,ORD_de0f9e,CUST_194ffa,One_Time,2022-04-05,PAY_8cd2,STAT_4414,2022-04-05
9871,ORD_098473,CUST_b320d8,One_Time,2026-05-11,PAY_182e,STAT_8cd2,2026-05-11
9872,ORD_c0cf5d,CUST_144222,Commercial,2022-12-12,PAY_182e,STAT_4414,2022-12-12
9873,ORD_a1c9d1,CUST_144222,Commercial,2024-04-24,PAY_e09a,STAT_4414,2024-04-24
9874,ORD_b7a451,CUST_144222,Commercial,2025-07-16,PAY_182e,STAT_e09a,2025-07-16
9875,ORD_4c5347,CUST_144222,Commercial,2022-12-12,PAY_8cd2,STAT_8cd2,2022-12-12
9876,ORD_9ee980,CUST_144222,Commercial,2025-02-12,PAY_e09a,STAT_182e,2025-02-12
9877,ORD_23b6cb,CUST_144222,Commercial,2025-08-07,PAY_e09a,STAT_182e,2025-08-07
9878,ORD_96a5b8,CUST_144222,Commercial,2022-12-12,PAY_e09a,STAT_182e,2022-12-12
9879,ORD_874e2e,CUST_144222,Commercial,2024-08-21,PAY_182e,STAT_8cd2,2024-08-21
9880,ORD_821367,CUST_144222,Commercial,2025-12-16,PAY_182e,STAT_8cd2,2025-12-16
9881,ORD_a95d4d,CUST_144222,Commercial,2023-05-04,PAY_e09a,STAT_e09a,2023-05-04
9882,ORD_9841b3,CUST_144222,Commercial,2025-11-01,PAY_182e,STAT_4414,2025-11-01
9883,ORD_adea66,CUST_144222,Commercial,2023-02-26,PAY_182e,STAT_e09a,2023-02-26
9884,ORD_99e3ec,CUST_144222,Commercial,2022-12-12,PAY_8cd2,STAT_4414,2022-12-12
9885,ORD_151ad2,CUST_144222,Commercial,2022-12-12,PAY_e09a,STAT_182e,2022-12-12
9886,ORD_fcd80c,CUST_144222,Commercial,2024-12-25,PAY_4414,STAT_8cd2,2024-12-25
9887,ORD_ee7f88,CUST_144222,Commercial,2024-07-09,PAY_e09a,STAT_4414,2024-07-09
9888,ORD_822ad6,CUST_144222,Commercial,2026-02-01,PAY_e09a,STAT_8cd2,2026-02-01
9889,ORD_0bb20c,CUST_144222,Commercial,2025-07-20,PAY_e09a,STAT_182e,2025-07-20
9890,ORD_c1bd85,CUST_144222,Commercial,2025-03-23,PAY_8cd2,STAT_4414,2025-03-23
9891,ORD_8782c8,CUST_998cca,One_Time,2026-03-01,PAY_4414,STAT_8cd2,2026-03-01
9892,ORD_fb123d,CUST_9731ba,One_Time,2026-05-04,PAY_e09a,STAT_e09a,2026-05-04
9893,ORD_fa4d62,CUST_b0aa9d,One_Time,2025-11-24,PAY_8cd2,STAT_4414,2025-11-24
9894,ORD_6fbe39,CUST_112276,Repeat,2025-05-07,PAY_e09a,STAT_e09a,2025-05-07
9895,ORD_e23d73,CUST_112276,Repeat,2025-05-07,PAY_e09a,STAT_182e,2025-05-07
9896,ORD_57409a,CUST_112276,Repeat,2025-05-07,PAY_182e,STAT_4414,2025-05-07
9897,ORD_141903,CUST_112276,Repeat,2026-01-28,PAY_8cd2,STAT_4414,2026-01-28
9898,ORD_5efdff,CUST_112276,Repeat,2025-05-07,PAY_8cd2,STAT_e09a,2025-05-07
9899,ORD_e48df4,CUST_7a5591,One_Time,2024-01-07,PAY_182e,STAT_8cd2,2024-01-07
9900,ORD_de4eeb,CUST_e080f6,One_Time,2025-10-07,PAY_8cd2,STAT_4414,2025-10-07
9901,ORD_f50ec7,CUST_cfd45e,One_Time,2024-02-13,PAY_e09a,STAT_182e,2024-02-13
9902,ORD_22ea51,CUST_9f57b2,Repeat,2023-07-11,PAY_182e,STAT_e09a,2023-07-11
9903,ORD_4e978a,CUST_9f57b2,Repeat,2023-07-11,PAY_4414,STAT_182e,2023-07-11
9904,ORD_5c2b77,CUST_9f57b2,Repeat,2024-10-09,PAY_e09a,STAT_e09a,2024-10-09
9905,ORD_a4144f,CUST_960dbb,One_Time,2024-10-27,PAY_182e,STAT_8cd2,2024-10-27
9906,ORD_7060b7,CUST_39fd9e,One_Time,2022-11-18,PAY_e09a,STAT_4414,2022-11-18
9907,ORD_9bf188,CUST_6fa918,One_Time,2024-02-28,PAY_8cd2,STAT_e09a,2024-02-28
9908,ORD_644c51,CUST_795061,One_Time,2025-03-27,PAY_4414,STAT_e09a,2025-03-27
9909,ORD_2f31be,CUST_eaef79,One_Time,2026-03-28,PAY_8cd2,STAT_8cd2,2026-03-28
9910,ORD_e5cbd2,CUST_7e346c,One_Time,2025-12-24,PAY_e09a,STAT_182e,2025-12-24
9911,ORD_820bfa,CUST_73965f,Repeat,2023-10-09,PAY_8cd2,STAT_8cd2,2023-10-09
9912,ORD_e3c68c,CUST_73965f,Repeat,2022-06-11,PAY_e09a,STAT_8cd2,2022-06-11
9913,ORD_abcbed,CUST_73965f,Repeat,2026-03-04,PAY_182e,STAT_4414,2026-03-04
9914,ORD_2c78e7,CUST_73965f,Repeat,2025-04-19,PAY_4414,STAT_8cd2,2025-04-19
9915,ORD_f09c6d,CUST_73965f,Repeat,2022-06-11,PAY_182e,STAT_182e,2022-06-11
9916,ORD_a9fa74,CUST_4eb37e,One_Time,2022-07-02,PAY_e09a,STAT_182e,2022-07-02
9917,ORD_3ed538,CUST_27a5b9,One_Time,2023-02-25,PAY_182e,STAT_182e,2023-02-25
9918,ORD_3a5929,CUST_0f398f,One_Time,2026-01-28,PAY_8cd2,STAT_182e,2026-01-28
9919,ORD_31690f,CUST_9f0095,Repeat,2026-01-02,PAY_4414,STAT_8cd2,2026-01-02
9920,ORD_6db0d5,CUST_9f0095,Repeat,2026-01-02,PAY_e09a,STAT_8cd2,2026-01-02
9921,ORD_106b23,CUST_e7ddff,One_Time,2023-12-07,PAY_182e,STAT_e09a,2023-12-07
9922,ORD_4c9f42,CUST_5424f6,One_Time,2026-05-04,PAY_e09a,STAT_8cd2,2026-05-04
9923,ORD_1ca50f,CUST_f06f39,One_Time,2025-01-19,PAY_e09a,STAT_182e,2025-01-19
9924,ORD_b70ea0,CUST_c6d7c8,One_Time,2022-05-12,PAY_182e,STAT_e09a,2022-05-12
9925,ORD_3675ed,CUST_6b8c78,Repeat,2024-09-12,PAY_182e,STAT_e09a,2024-09-12
9926,ORD_5ac01e,CUST_6b8c78,Repeat,2026-04-02,PAY_e09a,STAT_e09a,2026-04-02
9927,ORD_8967fb,CUST_6b8c78,Repeat,2023-05-16,PAY_8cd2,STAT_4414,2023-05-16
9928,ORD_ee10a6,CUST_6b8c78,Repeat,2025-07-20,PAY_8cd2,STAT_182e,2025-07-20
9929,ORD_a410c8,CUST_6b8c78,Repeat,2023-05-16,PAY_4414,STAT_e09a,2023-05-16
9930,ORD_232abd,CUST_6b8c78,Repeat,2023-05-16,PAY_e09a,STAT_e09a,2023-05-16
9931,ORD_36bc41,CUST_fed408,One_Time,2025-09-05,PAY_182e,STAT_e09a,2025-09-05
9932,ORD_216aaa,CUST_fee38b,Repeat,2023-03-03,PAY_4414,STAT_e09a,2023-03-03
9933,ORD_8b78cb,CUST_fee38b,Repeat,2023-12-14,PAY_182e,STAT_8cd2,2023-12-14
9934,ORD_4ce514,CUST_ff1659,One_Time,2023-09-23,PAY_4414,STAT_4414,2023-09-23
9935,ORD_c1313f,CUST_e9a5c1,One_Time,2025-07-11,PAY_e09a,STAT_e09a,2025-07-11
9936,ORD_5f4c53,CUST_1152f8,One_Time,2025-07-17,PAY_e09a,STAT_4414,2025-07-17
9937,ORD_6e66fc,CUST_bf5981,One_Time,2023-04-22,PAY_4414,STAT_e09a,2023-04-22
9938,ORD_76a7fc,CUST_26adb0,One_Time,2026-04-01,PAY_8cd2,STAT_e09a,2026-04-01
9939,ORD_e3a594,CUST_44063e,One_Time,2024-02-02,PAY_8cd2,STAT_8cd2,2024-02-02
9940,ORD_c98996,CUST_5f8fda,One_Time,2025-10-23,PAY_8cd2,STAT_8cd2,2025-10-23
9941,ORD_b79666,CUST_01ee09,One_Time,2025-06-13,PAY_182e,STAT_182e,2025-06-13
9942,ORD_c8666d,CUST_3f2f42,One_Time,2024-06-08,PAY_182e,STAT_4414,2024-06-08
9943,ORD_f8bce1,CUST_3bcaf6,Repeat,2025-12-14,PAY_e09a,STAT_182e,2025-12-14
9944,ORD_bd60dd,CUST_3bcaf6,Repeat,2025-12-14,PAY_182e,STAT_8cd2,2025-12-14
9945,ORD_a6be8d,CUST_ecc1d2,One_Time,2025-08-13,PAY_e09a,STAT_182e,2025-08-13
9946,ORD_190733,CUST_177771,One_Time,2024-02-23,PAY_4414,STAT_4414,2024-02-23
9947,ORD_eb5e3c,CUST_a7f2f5,One_Time,2022-12-12,PAY_e09a,STAT_e09a,2022-12-12
9948,ORD_da6b14,CUST_a6212a,One_Time,2026-03-25,PAY_e09a,STAT_182e,2026-03-25
9949,ORD_90336a,CUST_e4008f,Repeat,2023-08-16,PAY_4414,STAT_e09a,2023-08-16
9950,ORD_e13b1f,CUST_e4008f,Repeat,2026-01-04,PAY_e09a,STAT_182e,2026-01-04
9951,ORD_a5ff07,CUST_e4008f,Repeat,2025-07-15,PAY_e09a,STAT_8cd2,2025-07-15
9952,ORD_bb0acf,CUST_e4008f,Repeat,2025-12-11,PAY_8cd2,STAT_e09a,2025-12-11
9953,ORD_247b2b,CUST_e4008f,Repeat,2025-03-18,PAY_4414,STAT_8cd2,2025-03-18
9954,ORD_e3479b,CUST_f08211,One_Time,2024-09-09,PAY_8cd2,STAT_182e,2024-09-09
9955,ORD_808601,CUST_946f50,One_Time,2022-12-26,PAY_e09a,STAT_e09a,2022-12-26
9956,ORD_dc433b,CUST_fa4894,One_Time,2022-04-19,PAY_8cd2,STAT_e09a,2022-04-19
9957,ORD_ff283c,CUST_552474,One_Time,2025-02-06,PAY_4414,STAT_4414,2025-02-06
9958,ORD_6255f6,CUST_cd8d0c,Repeat,2026-02-19,PAY_e09a,STAT_182e,2026-02-19
9959,ORD_a5c2c5,CUST_cd8d0c,Repeat,2026-02-19,PAY_4414,STAT_182e,2026-02-19
9960,ORD_9cd22f,CUST_cd8d0c,Repeat,2026-02-19,PAY_182e,STAT_8cd2,2026-02-19
9961,ORD_49e9bd,CUST_71d2a3,Commercial,2023-11-07,PAY_8cd2,STAT_8cd2,2023-11-07
9962,ORD_1269c7,CUST_71d2a3,Commercial,2023-11-25,PAY_8cd2,STAT_4414,2023-11-25
9963,ORD_eca987,CUST_71d2a3,Commercial,2022-07-03,PAY_8cd2,STAT_182e,2022-07-03
9964,ORD_e80f1a,CUST_71d2a3,Commercial,2024-09-10,PAY_182e,STAT_e09a,2024-09-10
9965,ORD_8fd65e,CUST_71d2a3,Commercial,2026-03-24,PAY_e09a,STAT_8cd2,2026-03-24
9966,ORD_9cb819,CUST_71d2a3,Commercial,2026-03-01,PAY_8cd2,STAT_e09a,2026-03-01
9967,ORD_36866d,CUST_71d2a3,Commercial,2024-03-03,PAY_8cd2,STAT_182e,2024-03-03
9968,ORD_d8bf2c,CUST_71d2a3,Commercial,2023-11-12,PAY_4414,STAT_182e,2023-11-12
9969,ORD_fbfd89,CUST_71d2a3,Commercial,2023-09-27,PAY_e09a,STAT_e09a,2023-09-27
9970,ORD_d7ff30,CUST_71d2a3,Commercial,2025-02-23,PAY_4414,STAT_182e,2025-02-23
9971,ORD_0fbd35,CUST_71d2a3,Commercial,2025-06-27,PAY_8cd2,STAT_e09a,2025-06-27
9972,ORD_9a00b2,CUST_d4a090,One_Time,2023-03-07,PAY_8cd2,STAT_8cd2,2023-03-07
9973,ORD_9e75c7,CUST_0f89a1,One_Time,2026-04-16,PAY_182e,STAT_8cd2,2026-04-16
9974,ORD_dee727,CUST_89c418,One_Time,2024-12-25,PAY_4414,STAT_e09a,2024-12-25
9975,ORD_302aa4,CUST_b573f9,One_Time,2024-01-09,PAY_8cd2,STAT_4414,2024-01-09
9976,ORD_89629b,CUST_ec06da,One_Time,2024-03-15,PAY_e09a,STAT_182e,2024-03-15
9977,ORD_755a55,CUST_7e655c,One_Time,2026-03-17,PAY_8cd2,STAT_8cd2,2026-03-17
9978,ORD_73df75,CUST_d0c00d,Commercial,2024-11-20,PAY_e09a,STAT_8cd2,2024-11-20
9979,ORD_e48104,CUST_d0c00d,Commercial,2025-11-10,PAY_182e,STAT_182e,2025-11-10
9980,ORD_d6ba00,CUST_d0c00d,Commercial,2023-02-06,PAY_e09a,STAT_4414,2023-02-06
9981,ORD_a0779a,CUST_d0c00d,Commercial,2023-12-16,PAY_182e,STAT_e09a,2023-12-16
9982,ORD_4a743c,CUST_d0c00d,Commercial,2022-03-06,PAY_4414,STAT_4414,2022-03-06
9983,ORD_344542,CUST_d0c00d,Commercial,2024-04-10,PAY_4414,STAT_8cd2,2024-04-10
9984,ORD_bded7b,CUST_d0c00d,Commercial,2024-10-28,PAY_182e,STAT_182e,2024-10-28
9985,ORD_9a3f15,CUST_d0c00d,Commercial,2025-01-24,PAY_182e,STAT_e09a,2025-01-24
9986,ORD_e314c3,CUST_d0c00d,Commercial,2025-01-27,PAY_e09a,STAT_182e,2025-01-27
9987,ORD_e6491b,CUST_d0c00d,Commercial,2021-07-08,PAY_8cd2,STAT_8cd2,2021-07-08
9988,ORD_d73c68,CUST_d0c00d,Commercial,2025-09-23,PAY_4414,STAT_182e,2025-09-23
9989,ORD_cbef24,CUST_d0c00d,Commercial,2025-07-18,PAY_4414,STAT_182e,2025-07-18
9990,ORD_15378d,CUST_d0c00d,Commercial,2022-10-27,PAY_8cd2,STAT_e09a,2022-10-27
9991,ORD_e67095,CUST_d0c00d,Commercial,2023-06-20,PAY_8cd2,STAT_182e,2023-06-20
9992,ORD_267068,CUST_d0c00d,Commercial,2025-10-28,PAY_4414,STAT_8cd2,2025-10-28
9993,ORD_933500,CUST_d0c00d,Commercial,2021-08-04,PAY_4414,STAT_8cd2,2021-08-04
9994,ORD_366550,CUST_d0c00d,Commercial,2023-11-20,PAY_182e,STAT_e09a,2023-11-20
9995,ORD_80ff60,CUST_d0c00d,Commercial,2021-10-12,PAY_e09a,STAT_8cd2,2021-10-12
9996,ORD_bc8856,CUST_d0c00d,Commercial,2021-08-18,PAY_4414,STAT_182e,2021-08-18
9997,ORD_c9086e,CUST_d0c00d,Commercial,2025-06-20,PAY_182e,STAT_8cd2,2025-06-20
9998,ORD_66c33a,CUST_f6aaa6,One_Time,2024-05-25,PAY_182e,STAT_182e,2024-05-25
9999,ORD_cd50ac,CUST_ed3b7d,Repeat,2026-01-14,PAY_4414,STAT_182e,2026-01-14
10000,ORD_653942,CUST_ed3b7d,Repeat,2026-01-14,PAY_182e,STAT_8cd2,2026-01-14
10001,ORD_598217,CUST_800e7a,One_Time,2026-04-01,PAY_4414,STAT_8cd2,2026-04-01
10002,ORD_d73bb5,CUST_873e79,Repeat,2023-10-04,PAY_8cd2,STAT_8cd2,2023-10-04
10003,ORD_527889,CUST_873e79,Repeat,2023-03-20,PAY_e09a,STAT_e09a,2023-03-20
10004,ORD_76de65,CUST_60fe7e,One_Time,2023-03-06,PAY_182e,STAT_8cd2,2023-03-06
10005,ORD_a594ef,CUST_fdfdb5,One_Time,2026-01-03,PAY_182e,STAT_8cd2,2026-01-03
10006,ORD_14604e,CUST_b28d71,One_Time,2025-05-07,PAY_e09a,STAT_182e,2025-05-07
10007,ORD_3d3250,CUST_112596,One_Time,2025-10-24,PAY_e09a,STAT_e09a,2025-10-24
10008,ORD_f6cb31,CUST_ea459a,One_Time,2021-08-07,PAY_e09a,STAT_182e,2021-08-07
10009,ORD_4502ad,CUST_b18e9e,Repeat,2022-07-27,PAY_182e,STAT_8cd2,2022-07-27
10010,ORD_b455d5,CUST_b18e9e,Repeat,2023-06-01,PAY_e09a,STAT_4414,2023-06-01
10011,ORD_d2d388,CUST_b18e9e,Repeat,2022-05-12,PAY_4414,STAT_8cd2,2022-05-12
10012,ORD_762c40,CUST_128104,One_Time,2025-04-12,PAY_182e,STAT_e09a,2025-04-12
10013,ORD_cdc175,CUST_f6fc89,One_Time,2022-04-07,PAY_e09a,STAT_8cd2,2022-04-07
10014,ORD_cef632,CUST_53f275,One_Time,2026-02-19,PAY_182e,STAT_8cd2,2026-02-19
10015,ORD_e2d0e2,CUST_f4d8b9,One_Time,2022-08-13,PAY_8cd2,STAT_4414,2022-08-13
10016,ORD_69816d,CUST_9ddd34,One_Time,2022-01-16,PAY_8cd2,STAT_e09a,2022-01-16
10017,ORD_7ed9ed,CUST_74a8c3,Repeat,2026-05-15,PAY_4414,STAT_8cd2,2026-05-15
10018,ORD_8f81f0,CUST_74a8c3,Repeat,2023-10-15,PAY_8cd2,STAT_182e,2023-10-15
10019,ORD_62cd88,CUST_016edc,Repeat,2024-11-06,PAY_8cd2,STAT_4414,2024-11-06
10020,ORD_28dddf,CUST_016edc,Repeat,2024-11-06,PAY_8cd2,STAT_e09a,2024-11-06
10021,ORD_8b57a7,CUST_016edc,Repeat,2024-11-06,PAY_182e,STAT_8cd2,2024-11-06
10022,ORD_6c3377,CUST_016edc,Repeat,2024-11-06,PAY_e09a,STAT_182e,2024-11-06
10023,ORD_ed0fc5,CUST_016edc,Repeat,2025-10-10,PAY_182e,STAT_e09a,2025-10-10
10024,ORD_96a136,CUST_016edc,Repeat,2025-11-17,PAY_182e,STAT_e09a,2025-11-17
10025,ORD_d3ff75,CUST_122d45,One_Time,2025-12-13,PAY_e09a,STAT_8cd2,2025-12-13
10026,ORD_363115,CUST_9c3df0,One_Time,2025-01-19,PAY_e09a,STAT_8cd2,2025-01-19
10027,ORD_7a9b74,CUST_bdb468,One_Time,2024-05-22,PAY_182e,STAT_4414,2024-05-22
10028,ORD_5d9c9c,CUST_07a7bc,One_Time,2024-01-06,PAY_182e,STAT_4414,2024-01-06
10029,ORD_e94dea,CUST_df6182,One_Time,2026-01-08,PAY_4414,STAT_182e,2026-01-08
10030,ORD_dfeaff,CUST_3fefb6,One_Time,2025-11-17,PAY_4414,STAT_e09a,2025-11-17
10031,ORD_cd52f9,CUST_a61d7b,Repeat,2026-03-28,PAY_e09a,STAT_182e,2026-03-28
10032,ORD_229815,CUST_a61d7b,Repeat,2022-01-19,PAY_e09a,STAT_e09a,2022-01-19
10033,ORD_956fe2,CUST_629e55,Repeat,2023-04-15,PAY_182e,STAT_182e,2023-04-15
10034,ORD_278dbe,CUST_629e55,Repeat,2024-07-20,PAY_182e,STAT_e09a,2024-07-20
10035,ORD_42e9be,CUST_629e55,Repeat,2023-04-15,PAY_e09a,STAT_4414,2023-04-15
10036,ORD_a82ded,CUST_b46ca7,One_Time,2021-08-11,PAY_4414,STAT_e09a,2021-08-11
10037,ORD_92affa,CUST_b07b50,One_Time,2023-09-04,PAY_e09a,STAT_e09a,2023-09-04
10038,ORD_662e95,CUST_ba02ed,Repeat,2026-04-21,PAY_e09a,STAT_182e,2026-04-21
10039,ORD_1ee371,CUST_ba02ed,Repeat,2026-04-21,PAY_182e,STAT_8cd2,2026-04-21
10040,ORD_1f0976,CUST_ba02ed,Repeat,2026-04-21,PAY_e09a,STAT_8cd2,2026-04-21
10041,ORD_f7af73,CUST_ba02ed,Repeat,2026-04-21,PAY_e09a,STAT_8cd2,2026-04-21
10042,ORD_3c637a,CUST_ba02ed,Repeat,2026-04-21,PAY_8cd2,STAT_e09a,2026-04-21
10043,ORD_c87823,CUST_dbaf5b,One_Time,2024-02-14,PAY_e09a,STAT_8cd2,2024-02-14
10044,ORD_7e3f07,CUST_2d1ec9,One_Time,2024-11-06,PAY_e09a,STAT_182e,2024-11-06
10045,ORD_cf760b,CUST_a4490e,One_Time,2025-07-06,PAY_8cd2,STAT_182e,2025-07-06
10046,ORD_4c26fc,CUST_143c79,Repeat,2025-05-09,PAY_8cd2,STAT_182e,2025-05-09
10047,ORD_b80917,CUST_143c79,Repeat,2025-05-09,PAY_4414,STAT_4414,2025-05-09
10048,ORD_367d2b,CUST_143c79,Repeat,2025-05-09,PAY_182e,STAT_8cd2,2025-05-09
10049,ORD_478e29,CUST_143c79,Repeat,2025-05-09,PAY_4414,STAT_4414,2025-05-09
10050,ORD_33ad1f,CUST_143c79,Repeat,2026-02-04,PAY_e09a,STAT_8cd2,2026-02-04
10051,ORD_7b3685,CUST_df9270,One_Time,2024-11-20,PAY_182e,STAT_8cd2,2024-11-20
10052,ORD_354303,CUST_1d9436,One_Time,2025-09-21,PAY_4414,STAT_8cd2,2025-09-21
10053,ORD_6cd78c,CUST_9a9626,One_Time,2024-11-06,PAY_8cd2,STAT_e09a,2024-11-06
10054,ORD_c32edc,CUST_c603ee,One_Time,2026-02-07,PAY_e09a,STAT_4414,2026-02-07
10055,ORD_b70565,CUST_88b742,Repeat,2026-01-22,PAY_182e,STAT_182e,2026-01-22
10056,ORD_003c35,CUST_88b742,Repeat,2026-01-22,PAY_8cd2,STAT_e09a,2026-01-22
10057,ORD_028326,CUST_88b742,Repeat,2026-01-22,PAY_182e,STAT_8cd2,2026-01-22
10058,ORD_7d033b,CUST_88b742,Repeat,2026-01-22,PAY_4414,STAT_4414,2026-01-22
10059,ORD_98bba2,CUST_88b742,Repeat,2026-01-22,PAY_4414,STAT_e09a,2026-01-22
10060,ORD_3ff08d,CUST_88b742,Repeat,2026-01-22,PAY_8cd2,STAT_4414,2026-01-22
10061,ORD_aa5d3d,CUST_7794af,Commercial,2025-01-03,PAY_182e,STAT_e09a,2025-01-03
10062,ORD_a65de7,CUST_7794af,Commercial,2025-01-03,PAY_4414,STAT_182e,2025-01-03
10063,ORD_cac1e6,CUST_7794af,Commercial,2025-01-03,PAY_182e,STAT_e09a,2025-01-03
10064,ORD_082149,CUST_7794af,Commercial,2025-01-03,PAY_e09a,STAT_4414,2025-01-03
10065,ORD_c1a706,CUST_7794af,Commercial,2026-01-27,PAY_8cd2,STAT_e09a,2026-01-27
10066,ORD_72f745,CUST_7794af,Commercial,2026-05-14,PAY_e09a,STAT_4414,2026-05-14
10067,ORD_ae1734,CUST_7794af,Commercial,2025-01-03,PAY_4414,STAT_4414,2025-01-03
10068,ORD_4e7c2b,CUST_7794af,Commercial,2025-01-03,PAY_8cd2,STAT_4414,2025-01-03
10069,ORD_61c535,CUST_7794af,Commercial,2025-01-03,PAY_182e,STAT_8cd2,2025-01-03
10070,ORD_5f7518,CUST_7794af,Commercial,2025-01-03,PAY_182e,STAT_4414,2025-01-03
10071,ORD_0ee4b1,CUST_7794af,Commercial,2025-01-03,PAY_4414,STAT_182e,2025-01-03
10072,ORD_d3e23c,CUST_7794af,Commercial,2025-01-03,PAY_8cd2,STAT_8cd2,2025-01-03
10073,ORD_faad2f,CUST_7794af,Commercial,2025-01-03,PAY_e09a,STAT_4414,2025-01-03
10074,ORD_18084a,CUST_7794af,Commercial,2025-01-15,PAY_e09a,STAT_8cd2,2025-01-15
10075,ORD_3b943f,CUST_7794af,Commercial,2025-01-03,PAY_8cd2,STAT_e09a,2025-01-03
10076,ORD_775f1d,CUST_7794af,Commercial,2025-01-03,PAY_8cd2,STAT_e09a,2025-01-03
10077,ORD_e3f271,CUST_7794af,Commercial,2025-01-03,PAY_e09a,STAT_e09a,2025-01-03
10078,ORD_552d40,CUST_7794af,Commercial,2025-01-03,PAY_e09a,STAT_8cd2,2025-01-03
10079,ORD_ace111,CUST_09d092,One_Time,2024-08-08,PAY_e09a,STAT_8cd2,2024-08-08
10080,ORD_e2804e,CUST_52ae87,One_Time,2026-05-06,PAY_e09a,STAT_182e,2026-05-06
10081,ORD_235f59,CUST_deefbc,One_Time,2024-03-04,PAY_8cd2,STAT_182e,2024-03-04
10082,ORD_ca7ed4,CUST_c1e617,One_Time,2026-03-24,PAY_182e,STAT_e09a,2026-03-24
10083,ORD_ce133f,CUST_0b211f,One_Time,2024-03-04,PAY_4414,STAT_182e,2024-03-04
10084,ORD_af39b8,CUST_2020d8,One_Time,2024-12-09,PAY_182e,STAT_8cd2,2024-12-09
10085,ORD_cab0c5,CUST_9ddf66,Repeat,2026-01-02,PAY_e09a,STAT_8cd2,2026-01-02
10086,ORD_716010,CUST_9ddf66,Repeat,2026-01-02,PAY_e09a,STAT_8cd2,2026-01-02
10087,ORD_55880e,CUST_9ddf66,Repeat,2026-01-02,PAY_182e,STAT_182e,2026-01-02
10088,ORD_fbb3d1,CUST_9ddf66,Repeat,2026-01-02,PAY_4414,STAT_e09a,2026-01-02
10089,ORD_6730f3,CUST_9898cd,One_Time,2022-01-04,PAY_8cd2,STAT_8cd2,2022-01-04
10090,ORD_176474,CUST_eb1ce6,Repeat,2023-08-06,PAY_4414,STAT_182e,2023-08-06
10091,ORD_8b635c,CUST_eb1ce6,Repeat,2023-08-06,PAY_182e,STAT_4414,2023-08-06
10092,ORD_97a768,CUST_eb1ce6,Repeat,2023-08-06,PAY_e09a,STAT_8cd2,2023-08-06
10093,ORD_e8804f,CUST_6bced3,One_Time,2022-06-25,PAY_e09a,STAT_4414,2022-06-25
10094,ORD_d11069,CUST_290b20,One_Time,2023-11-26,PAY_182e,STAT_182e,2023-11-26
10095,ORD_2e70c4,CUST_c87312,One_Time,2026-04-26,PAY_8cd2,STAT_e09a,2026-04-26
10096,ORD_971bde,CUST_b8717f,One_Time,2024-05-27,PAY_e09a,STAT_e09a,2024-05-27
10097,ORD_128e82,CUST_707bb2,One_Time,2025-10-10,PAY_182e,STAT_8cd2,2025-10-10
10098,ORD_eac373,CUST_3cc5ee,Repeat,2026-03-17,PAY_8cd2,STAT_e09a,2026-03-17
10099,ORD_e54695,CUST_3cc5ee,Repeat,2026-03-17,PAY_182e,STAT_4414,2026-03-17
10100,ORD_0f94e8,CUST_3cc5ee,Repeat,2026-03-17,PAY_182e,STAT_e09a,2026-03-17
10101,ORD_2eded7,CUST_3cc5ee,Repeat,2026-04-27,PAY_8cd2,STAT_182e,2026-04-27
10102,ORD_6ea5c7,CUST_3cc5ee,Repeat,2026-03-17,PAY_182e,STAT_182e,2026-03-17
10103,ORD_b3a4a7,CUST_3cc5ee,Repeat,2026-03-17,PAY_4414,STAT_4414,2026-03-17
10104,ORD_bfd832,CUST_7d02bc,Repeat,2025-12-02,PAY_182e,STAT_182e,2025-12-02
10105,ORD_423275,CUST_7d02bc,Repeat,2025-12-02,PAY_182e,STAT_8cd2,2025-12-02
10106,ORD_d0aa13,CUST_7d02bc,Repeat,2025-12-02,PAY_e09a,STAT_182e,2025-12-02
10107,ORD_04ac3f,CUST_7d02bc,Repeat,2025-12-02,PAY_182e,STAT_e09a,2025-12-02
10108,ORD_5915dd,CUST_7d02bc,Repeat,2025-12-02,PAY_e09a,STAT_182e,2025-12-02
10109,ORD_daa084,CUST_7d02bc,Repeat,2025-12-02,PAY_4414,STAT_4414,2025-12-02
10110,ORD_6066fa,CUST_b8a7eb,One_Time,2025-10-21,PAY_8cd2,STAT_4414,2025-10-21
10111,ORD_6d2274,CUST_b9e40b,Repeat,2023-10-17,PAY_e09a,STAT_4414,2023-10-17
10112,ORD_aa1ada,CUST_b9e40b,Repeat,2023-10-17,PAY_4414,STAT_182e,2023-10-17
10113,ORD_2bd35c,CUST_1a444e,One_Time,2026-01-17,PAY_e09a,STAT_4414,2026-01-17
10114,ORD_d10f2b,CUST_5301bb,One_Time,2026-05-17,PAY_8cd2,STAT_8cd2,2026-05-17
10115,ORD_7b9473,CUST_f748b5,One_Time,2024-11-28,PAY_4414,STAT_8cd2,2024-11-28
10116,ORD_5a0ccd,CUST_11ce70,One_Time,2023-08-21,PAY_8cd2,STAT_182e,2023-08-21
10117,ORD_01ca72,CUST_291b42,One_Time,2025-02-23,PAY_4414,STAT_e09a,2025-02-23
10118,ORD_d0ad34,CUST_57681a,One_Time,2026-03-23,PAY_4414,STAT_182e,2026-03-23
10119,ORD_9f8599,CUST_a6a9f9,Repeat,2025-08-12,PAY_8cd2,STAT_e09a,2025-08-12
10120,ORD_1c3d11,CUST_a6a9f9,Repeat,2023-07-21,PAY_e09a,STAT_182e,2023-07-21
10121,ORD_5e6947,CUST_a6a9f9,Repeat,2023-06-19,PAY_e09a,STAT_8cd2,2023-06-19
10122,ORD_dc4c37,CUST_a6a9f9,Repeat,2024-11-25,PAY_8cd2,STAT_8cd2,2024-11-25
10123,ORD_41fae6,CUST_7cc85f,Repeat,2023-11-01,PAY_182e,STAT_8cd2,2023-11-01
10124,ORD_2340fe,CUST_7cc85f,Repeat,2024-08-16,PAY_e09a,STAT_182e,2024-08-16
10125,ORD_6589c8,CUST_d71c91,One_Time,2025-11-06,PAY_182e,STAT_8cd2,2025-11-06
10126,ORD_337c41,CUST_3104c7,Repeat,2023-01-01,PAY_8cd2,STAT_e09a,2023-01-01
10127,ORD_eb9def,CUST_3104c7,Repeat,2025-06-03,PAY_4414,STAT_182e,2025-06-03
10128,ORD_739882,CUST_743d5b,One_Time,2024-10-27,PAY_4414,STAT_8cd2,2024-10-27
10129,ORD_958da8,CUST_696d41,One_Time,2025-11-03,PAY_182e,STAT_4414,2025-11-03
10130,ORD_ed1196,CUST_8d366b,One_Time,2026-05-05,PAY_e09a,STAT_4414,2026-05-05
10131,ORD_78c121,CUST_76107a,Commercial,2025-08-05,PAY_182e,STAT_e09a,2025-08-05
10132,ORD_71c598,CUST_76107a,Commercial,2025-08-05,PAY_8cd2,STAT_e09a,2025-08-05
10133,ORD_2c0039,CUST_76107a,Commercial,2025-08-05,PAY_8cd2,STAT_8cd2,2025-08-05
10134,ORD_15fa7e,CUST_76107a,Commercial,2025-08-05,PAY_e09a,STAT_4414,2025-08-05
10135,ORD_9c15df,CUST_76107a,Commercial,2025-11-21,PAY_8cd2,STAT_8cd2,2025-11-21
10136,ORD_f07ae5,CUST_76107a,Commercial,2025-08-05,PAY_4414,STAT_182e,2025-08-05
10137,ORD_c0da11,CUST_76107a,Commercial,2025-08-05,PAY_8cd2,STAT_e09a,2025-08-05
10138,ORD_e33263,CUST_76107a,Commercial,2025-08-05,PAY_e09a,STAT_e09a,2025-08-05
10139,ORD_a58912,CUST_76107a,Commercial,2025-08-05,PAY_182e,STAT_182e,2025-08-05
10140,ORD_000dad,CUST_76107a,Commercial,2025-08-05,PAY_4414,STAT_182e,2025-08-05
10141,ORD_33465a,CUST_76107a,Commercial,2025-08-05,PAY_8cd2,STAT_e09a,2025-08-05
10142,ORD_de6db8,CUST_76107a,Commercial,2025-11-25,PAY_4414,STAT_182e,2025-11-25
10143,ORD_cb48ee,CUST_76107a,Commercial,2025-08-05,PAY_e09a,STAT_182e,2025-08-05
10144,ORD_145246,CUST_76107a,Commercial,2025-08-05,PAY_e09a,STAT_8cd2,2025-08-05
10145,ORD_b962c5,CUST_76107a,Commercial,2025-09-03,PAY_4414,STAT_8cd2,2025-09-03
10146,ORD_4a425e,CUST_76107a,Commercial,2025-08-05,PAY_8cd2,STAT_8cd2,2025-08-05
10147,ORD_9ac7e5,CUST_76107a,Commercial,2025-08-05,PAY_182e,STAT_8cd2,2025-08-05
10148,ORD_6d233d,CUST_033080,One_Time,2024-11-25,PAY_182e,STAT_4414,2024-11-25
10149,ORD_6856c6,CUST_72f180,One_Time,2026-04-23,PAY_8cd2,STAT_8cd2,2026-04-23
10150,ORD_8ce1d9,CUST_d841e7,One_Time,2024-12-07,PAY_e09a,STAT_8cd2,2024-12-07
10151,ORD_4bea25,CUST_ab2ffa,One_Time,2026-02-08,PAY_8cd2,STAT_8cd2,2026-02-08
10152,ORD_d8a121,CUST_78e8f8,One_Time,2022-07-19,PAY_182e,STAT_e09a,2022-07-19
10153,ORD_21d4d7,CUST_4da876,One_Time,2024-09-26,PAY_4414,STAT_4414,2024-09-26
10154,ORD_c7872f,CUST_64fb33,One_Time,2026-03-21,PAY_e09a,STAT_4414,2026-03-21
10155,ORD_320cb7,CUST_4c2fd8,One_Time,2025-05-16,PAY_e09a,STAT_e09a,2025-05-16
10156,ORD_8d21ba,CUST_4686a0,One_Time,2026-01-25,PAY_8cd2,STAT_8cd2,2026-01-25
10157,ORD_98a79d,CUST_27d01f,One_Time,2023-05-06,PAY_182e,STAT_182e,2023-05-06
10158,ORD_17c434,CUST_efd293,One_Time,2022-12-19,PAY_4414,STAT_182e,2022-12-19
10159,ORD_dc56d7,CUST_bc276e,One_Time,2025-04-15,PAY_8cd2,STAT_8cd2,2025-04-15
10160,ORD_15d179,CUST_c0cc47,Repeat,2026-03-15,PAY_182e,STAT_4414,2026-03-15
10161,ORD_ffbbe9,CUST_c0cc47,Repeat,2026-03-15,PAY_4414,STAT_182e,2026-03-15
10162,ORD_68c7e9,CUST_c0cc47,Repeat,2026-03-15,PAY_182e,STAT_182e,2026-03-15
10163,ORD_ffaa3d,CUST_c0cc47,Repeat,2026-03-15,PAY_4414,STAT_8cd2,2026-03-15
10164,ORD_967ba9,CUST_c0cc47,Repeat,2026-03-15,PAY_8cd2,STAT_e09a,2026-03-15
10165,ORD_473abc,CUST_f3d0ac,One_Time,2025-05-13,PAY_8cd2,STAT_182e,2025-05-13
10166,ORD_a2d679,CUST_c6a758,One_Time,2022-06-01,PAY_8cd2,STAT_182e,2022-06-01
10167,ORD_d1fe3f,CUST_77b27e,One_Time,2026-03-21,PAY_182e,STAT_4414,2026-03-21
10168,ORD_644276,CUST_f0e716,Commercial,2024-08-28,PAY_e09a,STAT_e09a,2024-08-28
10169,ORD_b3e90c,CUST_f0e716,Commercial,2023-12-13,PAY_4414,STAT_8cd2,2023-12-13
10170,ORD_235c72,CUST_f0e716,Commercial,2023-04-01,PAY_182e,STAT_4414,2023-04-01
10171,ORD_df481a,CUST_f0e716,Commercial,2025-12-26,PAY_182e,STAT_e09a,2025-12-26
10172,ORD_274d21,CUST_f0e716,Commercial,2023-11-09,PAY_4414,STAT_182e,2023-11-09
10173,ORD_6afe79,CUST_f0e716,Commercial,2022-08-05,PAY_e09a,STAT_e09a,2022-08-05
10174,ORD_9a5754,CUST_f0e716,Commercial,2022-08-05,PAY_8cd2,STAT_8cd2,2022-08-05
10175,ORD_214c04,CUST_f0e716,Commercial,2023-06-11,PAY_4414,STAT_4414,2023-06-11
10176,ORD_1351c8,CUST_f0e716,Commercial,2023-09-06,PAY_182e,STAT_8cd2,2023-09-06
10177,ORD_5497bd,CUST_f0e716,Commercial,2025-09-07,PAY_8cd2,STAT_e09a,2025-09-07
10178,ORD_5186dc,CUST_f0e716,Commercial,2022-08-05,PAY_e09a,STAT_182e,2022-08-05
10179,ORD_624bf0,CUST_f0e716,Commercial,2025-03-18,PAY_4414,STAT_4414,2025-03-18
10180,ORD_173b3c,CUST_f0e716,Commercial,2023-03-18,PAY_4414,STAT_182e,2023-03-18
10181,ORD_352eb7,CUST_f0e716,Commercial,2022-08-05,PAY_8cd2,STAT_e09a,2022-08-05
10182,ORD_d24274,CUST_f0e716,Commercial,2023-07-22,PAY_8cd2,STAT_182e,2023-07-22
10183,ORD_560c1b,CUST_f0e716,Commercial,2025-09-06,PAY_182e,STAT_e09a,2025-09-06
10184,ORD_0d49d4,CUST_f0e716,Commercial,2025-11-10,PAY_4414,STAT_182e,2025-11-10
10185,ORD_5a2497,CUST_07a918,Commercial,2025-10-23,PAY_e09a,STAT_8cd2,2025-10-23
10186,ORD_3f7e40,CUST_07a918,Commercial,2026-05-28,PAY_8cd2,STAT_182e,2026-05-28
10187,ORD_24f62a,CUST_07a918,Commercial,2024-06-14,PAY_8cd2,STAT_182e,2024-06-14
10188,ORD_363714,CUST_07a918,Commercial,2025-04-01,PAY_e09a,STAT_4414,2025-04-01
10189,ORD_d7754a,CUST_07a918,Commercial,2022-11-24,PAY_182e,STAT_8cd2,2022-11-24
10190,ORD_5412c3,CUST_07a918,Commercial,2024-11-19,PAY_4414,STAT_e09a,2024-11-19
10191,ORD_4e97e2,CUST_07a918,Commercial,2022-01-23,PAY_182e,STAT_182e,2022-01-23
10192,ORD_07bebf,CUST_07a918,Commercial,2024-03-23,PAY_e09a,STAT_182e,2024-03-23
10193,ORD_fb188f,CUST_07a918,Commercial,2023-01-06,PAY_8cd2,STAT_182e,2023-01-06
10194,ORD_6c2c25,CUST_07a918,Commercial,2022-01-23,PAY_4414,STAT_8cd2,2022-01-23
10195,ORD_c443eb,CUST_07a918,Commercial,2022-01-23,PAY_e09a,STAT_8cd2,2022-01-23
10196,ORD_f99b92,CUST_07a918,Commercial,2024-01-10,PAY_8cd2,STAT_182e,2024-01-10
10197,ORD_70d5d4,CUST_07a918,Commercial,2026-01-23,PAY_e09a,STAT_182e,2026-01-23
10198,ORD_1de04b,CUST_07a918,Commercial,2025-06-28,PAY_4414,STAT_182e,2025-06-28
10199,ORD_e92937,CUST_07a918,Commercial,2025-05-18,PAY_8cd2,STAT_4414,2025-05-18
10200,ORD_a3b423,CUST_07a918,Commercial,2024-07-28,PAY_8cd2,STAT_e09a,2024-07-28
10201,ORD_fc15c1,CUST_e13699,One_Time,2026-03-16,PAY_182e,STAT_182e,2026-03-16
10202,ORD_093efa,CUST_e25c4e,One_Time,2025-10-03,PAY_182e,STAT_182e,2025-10-03
10203,ORD_4fbd01,CUST_02d5d7,One_Time,2024-08-09,PAY_8cd2,STAT_4414,2024-08-09
10204,ORD_f67646,CUST_c29dfe,Repeat,2026-01-11,PAY_4414,STAT_182e,2026-01-11
10205,ORD_5f2310,CUST_c29dfe,Repeat,2026-01-11,PAY_e09a,STAT_182e,2026-01-11
10206,ORD_dfe1d1,CUST_c29dfe,Repeat,2026-01-11,PAY_e09a,STAT_8cd2,2026-01-11
10207,ORD_af13bb,CUST_c29dfe,Repeat,2026-01-11,PAY_8cd2,STAT_182e,2026-01-11
10208,ORD_46cd76,CUST_a04138,One_Time,2024-11-13,PAY_182e,STAT_e09a,2024-11-13
10209,ORD_5fb680,CUST_809bb8,One_Time,2025-09-25,PAY_182e,STAT_182e,2025-09-25
10210,ORD_4b9e71,CUST_6cb680,One_Time,2023-12-23,PAY_e09a,STAT_8cd2,2023-12-23
10211,ORD_e6f0ba,CUST_ce6a5f,Commercial,2025-08-17,PAY_e09a,STAT_4414,2025-08-17
10212,ORD_57e426,CUST_ce6a5f,Commercial,2025-09-15,PAY_8cd2,STAT_4414,2025-09-15
10213,ORD_d1557b,CUST_ce6a5f,Commercial,2025-08-17,PAY_4414,STAT_e09a,2025-08-17
10214,ORD_b75bff,CUST_ce6a5f,Commercial,2026-02-18,PAY_e09a,STAT_8cd2,2026-02-18
10215,ORD_8f9753,CUST_ce6a5f,Commercial,2025-08-17,PAY_8cd2,STAT_e09a,2025-08-17
10216,ORD_97ff5e,CUST_ce6a5f,Commercial,2025-08-17,PAY_182e,STAT_8cd2,2025-08-17
10217,ORD_f7b31c,CUST_ce6a5f,Commercial,2025-08-17,PAY_e09a,STAT_182e,2025-08-17
10218,ORD_1a2db4,CUST_ce6a5f,Commercial,2026-05-22,PAY_182e,STAT_4414,2026-05-22
10219,ORD_64e6d4,CUST_ce6a5f,Commercial,2025-08-17,PAY_e09a,STAT_e09a,2025-08-17
10220,ORD_70ab0a,CUST_ce6a5f,Commercial,2025-08-17,PAY_182e,STAT_e09a,2025-08-17
10221,ORD_3357ed,CUST_ce6a5f,Commercial,2025-08-17,PAY_8cd2,STAT_182e,2025-08-17
10222,ORD_88285c,CUST_ce6a5f,Commercial,2026-03-24,PAY_4414,STAT_182e,2026-03-24
10223,ORD_d40368,CUST_ce6a5f,Commercial,2025-08-17,PAY_4414,STAT_4414,2025-08-17
10224,ORD_d9431b,CUST_804ba8,One_Time,2025-10-06,PAY_8cd2,STAT_182e,2025-10-06
10225,ORD_ea4050,CUST_9d4ec9,One_Time,2025-04-22,PAY_8cd2,STAT_e09a,2025-04-22
10226,ORD_55afd4,CUST_7a4dff,Repeat,2025-01-13,PAY_4414,STAT_4414,2025-01-13
10227,ORD_e688c2,CUST_7a4dff,Repeat,2025-10-01,PAY_8cd2,STAT_8cd2,2025-10-01
10228,ORD_660481,CUST_78de1a,Repeat,2026-02-15,PAY_4414,STAT_182e,2026-02-15
10229,ORD_fb3315,CUST_78de1a,Repeat,2022-11-14,PAY_182e,STAT_182e,2022-11-14
10230,ORD_40a8f4,CUST_78de1a,Repeat,2025-06-16,PAY_4414,STAT_182e,2025-06-16
10231,ORD_bf59c6,CUST_78de1a,Repeat,2023-06-10,PAY_182e,STAT_182e,2023-06-10
10232,ORD_c02b2f,CUST_78de1a,Repeat,2022-11-03,PAY_182e,STAT_4414,2022-11-03
10233,ORD_463d3f,CUST_78de1a,Repeat,2023-02-21,PAY_182e,STAT_4414,2023-02-21
10234,ORD_d07405,CUST_73ebf2,One_Time,2026-02-05,PAY_4414,STAT_8cd2,2026-02-05
10235,ORD_1d3154,CUST_bcb665,Repeat,2025-06-08,PAY_8cd2,STAT_182e,2025-06-08
10236,ORD_b2f2d6,CUST_bcb665,Repeat,2022-12-17,PAY_182e,STAT_4414,2022-12-17
10237,ORD_987b0a,CUST_bcb665,Repeat,2026-03-17,PAY_4414,STAT_e09a,2026-03-17
10238,ORD_2f8e85,CUST_bcb665,Repeat,2022-12-17,PAY_4414,STAT_e09a,2022-12-17
10239,ORD_d9d7eb,CUST_bcb665,Repeat,2024-09-12,PAY_4414,STAT_e09a,2024-09-12
10240,ORD_23ac08,CUST_bcb665,Repeat,2023-12-12,PAY_8cd2,STAT_4414,2023-12-12
10241,ORD_f4d301,CUST_46ae09,One_Time,2022-10-06,PAY_e09a,STAT_8cd2,2022-10-06
10242,ORD_e4ef3b,CUST_e605d8,One_Time,2025-12-20,PAY_182e,STAT_182e,2025-12-20
10243,ORD_040ed3,CUST_62b0e5,Repeat,2025-01-07,PAY_182e,STAT_182e,2025-01-07
10244,ORD_dd7077,CUST_62b0e5,Repeat,2025-01-07,PAY_e09a,STAT_e09a,2025-01-07
10245,ORD_8a4ceb,CUST_62b0e5,Repeat,2025-01-07,PAY_182e,STAT_e09a,2025-01-07
10246,ORD_fdb983,CUST_62b0e5,Repeat,2025-01-07,PAY_8cd2,STAT_8cd2,2025-01-07
10247,ORD_dce874,CUST_62b0e5,Repeat,2025-01-07,PAY_4414,STAT_182e,2025-01-07
10248,ORD_d110f6,CUST_189f41,Commercial,2022-04-19,PAY_4414,STAT_4414,2022-04-19
10249,ORD_33b81c,CUST_189f41,Commercial,2024-02-08,PAY_e09a,STAT_8cd2,2024-02-08
10250,ORD_4ea1d3,CUST_189f41,Commercial,2024-03-07,PAY_e09a,STAT_4414,2024-03-07
10251,ORD_d5531b,CUST_189f41,Commercial,2023-03-26,PAY_e09a,STAT_8cd2,2023-03-26
10252,ORD_8f8da9,CUST_189f41,Commercial,2022-04-19,PAY_8cd2,STAT_8cd2,2022-04-19
10253,ORD_bcec5d,CUST_189f41,Commercial,2023-02-05,PAY_8cd2,STAT_e09a,2023-02-05
10254,ORD_8b3640,CUST_189f41,Commercial,2022-04-19,PAY_8cd2,STAT_e09a,2022-04-19
10255,ORD_824ad8,CUST_189f41,Commercial,2024-11-17,PAY_e09a,STAT_182e,2024-11-17
10256,ORD_daea0a,CUST_189f41,Commercial,2024-07-27,PAY_8cd2,STAT_4414,2024-07-27
10257,ORD_37f85c,CUST_189f41,Commercial,2023-08-21,PAY_4414,STAT_8cd2,2023-08-21
10258,ORD_d5d8f7,CUST_189f41,Commercial,2025-01-23,PAY_e09a,STAT_8cd2,2025-01-23
10259,ORD_ece060,CUST_189f41,Commercial,2024-06-08,PAY_e09a,STAT_8cd2,2024-06-08
10260,ORD_b05a17,CUST_189f41,Commercial,2025-01-27,PAY_8cd2,STAT_182e,2025-01-27
10261,ORD_dfca29,CUST_189f41,Commercial,2024-11-10,PAY_e09a,STAT_4414,2024-11-10
10262,ORD_d10f33,CUST_189f41,Commercial,2023-03-11,PAY_e09a,STAT_182e,2023-03-11
10263,ORD_bd1eeb,CUST_189f41,Commercial,2024-05-16,PAY_182e,STAT_8cd2,2024-05-16
10264,ORD_ec115e,CUST_189f41,Commercial,2025-07-14,PAY_e09a,STAT_182e,2025-07-14
10265,ORD_246a3a,CUST_5c69d3,One_Time,2025-01-02,PAY_4414,STAT_182e,2025-01-02
10266,ORD_1388e2,CUST_dca672,One_Time,2022-05-19,PAY_182e,STAT_4414,2022-05-19
10267,ORD_127f37,CUST_08d2d6,One_Time,2024-09-15,PAY_e09a,STAT_8cd2,2024-09-15
10268,ORD_54ece8,CUST_9a6a33,One_Time,2024-11-03,PAY_8cd2,STAT_8cd2,2024-11-03
10269,ORD_a89238,CUST_4da53e,One_Time,2026-01-18,PAY_182e,STAT_e09a,2026-01-18
10270,ORD_13a494,CUST_07173e,One_Time,2024-10-12,PAY_e09a,STAT_182e,2024-10-12
10271,ORD_afecfd,CUST_a1596e,One_Time,2026-01-24,PAY_4414,STAT_182e,2026-01-24
10272,ORD_d486d4,CUST_b52e8b,One_Time,2026-03-16,PAY_8cd2,STAT_4414,2026-03-16
10273,ORD_1639a2,CUST_9616e8,One_Time,2024-09-09,PAY_8cd2,STAT_8cd2,2024-09-09
10274,ORD_4702f5,CUST_647ab4,One_Time,2021-01-25,PAY_8cd2,STAT_4414,2021-01-25
10275,ORD_a76c66,CUST_b230c8,One_Time,2026-05-11,PAY_e09a,STAT_e09a,2026-05-11
10276,ORD_f5ddd9,CUST_3d2868,One_Time,2024-07-10,PAY_182e,STAT_4414,2024-07-10
10277,ORD_857305,CUST_ab0d02,One_Time,2022-11-08,PAY_182e,STAT_e09a,2022-11-08
10278,ORD_c9765c,CUST_04ba3a,Repeat,2023-04-14,PAY_182e,STAT_8cd2,2023-04-14
10279,ORD_ab58f8,CUST_04ba3a,Repeat,2025-03-03,PAY_182e,STAT_8cd2,2025-03-03
10280,ORD_35d3ac,CUST_04ba3a,Repeat,2025-10-23,PAY_8cd2,STAT_182e,2025-10-23
10281,ORD_0464c6,CUST_04ba3a,Repeat,2026-05-26,PAY_e09a,STAT_182e,2026-05-26
10282,ORD_ba46a5,CUST_04ba3a,Repeat,2024-05-01,PAY_8cd2,STAT_4414,2024-05-01
10283,ORD_271584,CUST_36ad10,One_Time,2025-08-17,PAY_e09a,STAT_4414,2025-08-17
10284,ORD_b7fef6,CUST_00e6f9,One_Time,2025-07-12,PAY_8cd2,STAT_4414,2025-07-12
10285,ORD_1ee428,CUST_0622fb,One_Time,2026-05-17,PAY_e09a,STAT_182e,2026-05-17
10286,ORD_4257bd,CUST_901f91,One_Time,2025-10-04,PAY_4414,STAT_182e,2025-10-04
10287,ORD_0312c9,CUST_639e0d,One_Time,2026-01-10,PAY_e09a,STAT_182e,2026-01-10
10288,ORD_0af023,CUST_277965,One_Time,2023-04-06,PAY_e09a,STAT_e09a,2023-04-06
10289,ORD_40af13,CUST_442537,One_Time,2021-12-01,PAY_4414,STAT_8cd2,2021-12-01
10290,ORD_7e5107,CUST_eb1e89,One_Time,2025-09-14,PAY_e09a,STAT_4414,2025-09-14
10291,ORD_420b82,CUST_155d34,One_Time,2024-04-24,PAY_e09a,STAT_e09a,2024-04-24
10292,ORD_28c0cd,CUST_e2e60e,Commercial,2023-06-16,PAY_8cd2,STAT_182e,2023-06-16
10293,ORD_988e05,CUST_e2e60e,Commercial,2025-10-10,PAY_e09a,STAT_4414,2025-10-10
10294,ORD_3e4e57,CUST_e2e60e,Commercial,2024-07-27,PAY_8cd2,STAT_182e,2024-07-27
10295,ORD_5fbcc3,CUST_e2e60e,Commercial,2022-05-14,PAY_8cd2,STAT_182e,2022-05-14
10296,ORD_4b9fc9,CUST_e2e60e,Commercial,2025-04-28,PAY_e09a,STAT_8cd2,2025-04-28
10297,ORD_8302c1,CUST_e2e60e,Commercial,2024-12-18,PAY_4414,STAT_182e,2024-12-18
10298,ORD_ea0227,CUST_e2e60e,Commercial,2022-11-22,PAY_4414,STAT_8cd2,2022-11-22
10299,ORD_62e4ae,CUST_e2e60e,Commercial,2024-11-12,PAY_e09a,STAT_e09a,2024-11-12
10300,ORD_5efad2,CUST_e2e60e,Commercial,2024-06-12,PAY_182e,STAT_8cd2,2024-06-12
10301,ORD_5f1fba,CUST_293254,One_Time,2023-04-20,PAY_4414,STAT_e09a,2023-04-20
10302,ORD_a9d375,CUST_fef714,One_Time,2025-02-24,PAY_e09a,STAT_182e,2025-02-24
10303,ORD_2f1fc3,CUST_2c3a3b,One_Time,2023-05-28,PAY_8cd2,STAT_8cd2,2023-05-28
10304,ORD_7e464f,CUST_6a43f4,One_Time,2026-05-26,PAY_8cd2,STAT_e09a,2026-05-26
10305,ORD_e19c03,CUST_838c3d,One_Time,2025-01-10,PAY_8cd2,STAT_e09a,2025-01-10
10306,ORD_444e49,CUST_605806,One_Time,2026-04-03,PAY_182e,STAT_182e,2026-04-03
10307,ORD_6b4ccc,CUST_186a38,One_Time,2026-05-19,PAY_182e,STAT_182e,2026-05-19
10308,ORD_2d883e,CUST_a72ca8,One_Time,2023-12-27,PAY_8cd2,STAT_e09a,2023-12-27
10309,ORD_4bc0bc,CUST_840f1b,One_Time,2022-01-06,PAY_e09a,STAT_4414,2022-01-06
10310,ORD_d3d122,CUST_14e87a,Repeat,2025-11-08,PAY_e09a,STAT_182e,2025-11-08
10311,ORD_0d3977,CUST_14e87a,Repeat,2024-09-06,PAY_8cd2,STAT_182e,2024-09-06
10312,ORD_5bd182,CUST_14e87a,Repeat,2024-07-24,PAY_182e,STAT_8cd2,2024-07-24
10313,ORD_efb7d5,CUST_857c13,Commercial,2026-05-05,PAY_e09a,STAT_8cd2,2026-05-05
10314,ORD_0f77a9,CUST_857c13,Commercial,2026-05-05,PAY_8cd2,STAT_182e,2026-05-05
10315,ORD_2e8b00,CUST_857c13,Commercial,2026-05-05,PAY_8cd2,STAT_8cd2,2026-05-05
10316,ORD_8433c0,CUST_857c13,Commercial,2026-05-05,PAY_4414,STAT_182e,2026-05-05
10317,ORD_03be2c,CUST_857c13,Commercial,2026-05-05,PAY_182e,STAT_e09a,2026-05-05
10318,ORD_a6d8d5,CUST_857c13,Commercial,2026-05-05,PAY_8cd2,STAT_e09a,2026-05-05
10319,ORD_2c68e9,CUST_857c13,Commercial,2026-05-05,PAY_8cd2,STAT_8cd2,2026-05-05
10320,ORD_171744,CUST_857c13,Commercial,2026-05-05,PAY_8cd2,STAT_8cd2,2026-05-05
10321,ORD_73d177,CUST_857c13,Commercial,2026-05-05,PAY_4414,STAT_e09a,2026-05-05
10322,ORD_577677,CUST_857c13,Commercial,2026-05-05,PAY_8cd2,STAT_e09a,2026-05-05
10323,ORD_56f424,CUST_857c13,Commercial,2026-05-05,PAY_4414,STAT_e09a,2026-05-05
10324,ORD_8e2922,CUST_857c13,Commercial,2026-05-05,PAY_8cd2,STAT_4414,2026-05-05
10325,ORD_6faba5,CUST_857c13,Commercial,2026-05-05,PAY_182e,STAT_8cd2,2026-05-05
10326,ORD_ba0065,CUST_857c13,Commercial,2026-05-05,PAY_e09a,STAT_e09a,2026-05-05
10327,ORD_6613d9,CUST_857c13,Commercial,2026-05-05,PAY_4414,STAT_8cd2,2026-05-05
10328,ORD_23b09f,CUST_b53132,One_Time,2023-04-27,PAY_182e,STAT_182e,2023-04-27
10329,ORD_291166,CUST_28f546,One_Time,2025-10-16,PAY_8cd2,STAT_182e,2025-10-16
10330,ORD_581647,CUST_17afd0,One_Time,2026-01-05,PAY_e09a,STAT_8cd2,2026-01-05
10331,ORD_64def3,CUST_d0e0d4,One_Time,2026-04-10,PAY_e09a,STAT_182e,2026-04-10
10332,ORD_9f5ead,CUST_8ac6d9,One_Time,2023-07-11,PAY_e09a,STAT_4414,2023-07-11
10333,ORD_46a422,CUST_7a2b31,One_Time,2024-05-14,PAY_8cd2,STAT_8cd2,2024-05-14
10334,ORD_c7ae71,CUST_602a94,One_Time,2025-04-11,PAY_e09a,STAT_4414,2025-04-11
10335,ORD_dfcaaa,CUST_68bbb6,Repeat,2023-09-03,PAY_4414,STAT_8cd2,2023-09-03
10336,ORD_24e59a,CUST_68bbb6,Repeat,2025-10-23,PAY_e09a,STAT_4414,2025-10-23
10337,ORD_253c51,CUST_68bbb6,Repeat,2023-08-07,PAY_8cd2,STAT_4414,2023-08-07
10338,ORD_7547e6,CUST_68bbb6,Repeat,2023-08-07,PAY_8cd2,STAT_4414,2023-08-07
10339,ORD_dafebd,CUST_68bbb6,Repeat,2025-10-27,PAY_e09a,STAT_e09a,2025-10-27
10340,ORD_f8e84f,CUST_68bbb6,Repeat,2024-05-01,PAY_8cd2,STAT_e09a,2024-05-01
10341,ORD_7d33da,CUST_69780f,One_Time,2025-07-11,PAY_182e,STAT_4414,2025-07-11
10342,ORD_f2c41c,CUST_feb93d,One_Time,2025-04-05,PAY_4414,STAT_4414,2025-04-05
10343,ORD_6ee3c5,CUST_c72aae,One_Time,2024-05-06,PAY_e09a,STAT_4414,2024-05-06
10344,ORD_ef55b3,CUST_a63759,Repeat,2025-06-24,PAY_4414,STAT_8cd2,2025-06-24
10345,ORD_82d2b7,CUST_a63759,Repeat,2025-06-24,PAY_4414,STAT_4414,2025-06-24
10346,ORD_0c0bc6,CUST_a63759,Repeat,2025-06-24,PAY_8cd2,STAT_4414,2025-06-24
10347,ORD_1cf0ff,CUST_a63759,Repeat,2025-06-24,PAY_8cd2,STAT_e09a,2025-06-24
10348,ORD_0239fe,CUST_a63759,Repeat,2025-11-21,PAY_8cd2,STAT_8cd2,2025-11-21
10349,ORD_8834f4,CUST_a63759,Repeat,2025-06-24,PAY_4414,STAT_e09a,2025-06-24
10350,ORD_393177,CUST_8b633b,Repeat,2026-04-08,PAY_4414,STAT_182e,2026-04-08
10351,ORD_c9e772,CUST_8b633b,Repeat,2025-11-26,PAY_e09a,STAT_4414,2025-11-26
10352,ORD_35072e,CUST_8b633b,Repeat,2023-10-02,PAY_182e,STAT_182e,2023-10-02
10353,ORD_e1804e,CUST_8b633b,Repeat,2025-09-24,PAY_4414,STAT_182e,2025-09-24
10354,ORD_d0c22c,CUST_b46490,One_Time,2026-02-12,PAY_4414,STAT_4414,2026-02-12
10355,ORD_4ea427,CUST_141c45,Repeat,2025-11-17,PAY_8cd2,STAT_4414,2025-11-17
10356,ORD_90196e,CUST_141c45,Repeat,2025-11-17,PAY_182e,STAT_4414,2025-11-17
10357,ORD_7043c1,CUST_04a5a4,Commercial,2025-08-15,PAY_4414,STAT_182e,2025-08-15
10358,ORD_ffe495,CUST_04a5a4,Commercial,2025-08-15,PAY_e09a,STAT_182e,2025-08-15
10359,ORD_03dd58,CUST_04a5a4,Commercial,2025-08-15,PAY_8cd2,STAT_e09a,2025-08-15
10360,ORD_2aa07f,CUST_04a5a4,Commercial,2025-08-15,PAY_182e,STAT_4414,2025-08-15
10361,ORD_e682c7,CUST_04a5a4,Commercial,2025-08-15,PAY_4414,STAT_e09a,2025-08-15
10362,ORD_8b459e,CUST_04a5a4,Commercial,2025-08-15,PAY_4414,STAT_182e,2025-08-15
10363,ORD_404917,CUST_04a5a4,Commercial,2025-08-15,PAY_8cd2,STAT_182e,2025-08-15
10364,ORD_74fc93,CUST_04a5a4,Commercial,2025-08-15,PAY_4414,STAT_8cd2,2025-08-15
10365,ORD_b06b09,CUST_04a5a4,Commercial,2025-08-15,PAY_e09a,STAT_e09a,2025-08-15
10366,ORD_7e70d3,CUST_04a5a4,Commercial,2025-08-15,PAY_e09a,STAT_8cd2,2025-08-15
10367,ORD_2731d6,CUST_04a5a4,Commercial,2025-08-15,PAY_e09a,STAT_182e,2025-08-15
10368,ORD_132685,CUST_04a5a4,Commercial,2025-08-15,PAY_4414,STAT_4414,2025-08-15
10369,ORD_4d6fef,CUST_04a5a4,Commercial,2025-08-15,PAY_4414,STAT_4414,2025-08-15
10370,ORD_0a3add,CUST_04a5a4,Commercial,2025-08-15,PAY_182e,STAT_e09a,2025-08-15
10371,ORD_3ea7cf,CUST_04a5a4,Commercial,2025-08-15,PAY_4414,STAT_e09a,2025-08-15
10372,ORD_3a1b67,CUST_04a5a4,Commercial,2025-08-15,PAY_4414,STAT_e09a,2025-08-15
10373,ORD_d09577,CUST_04a5a4,Commercial,2025-08-15,PAY_4414,STAT_182e,2025-08-15
10374,ORD_b6f913,CUST_04a5a4,Commercial,2025-08-15,PAY_182e,STAT_182e,2025-08-15
10375,ORD_27c616,CUST_52adba,One_Time,2025-09-03,PAY_4414,STAT_e09a,2025-09-03
10376,ORD_d93e38,CUST_436d8a,One_Time,2023-08-01,PAY_8cd2,STAT_182e,2023-08-01
10377,ORD_f77132,CUST_1328d2,One_Time,2023-07-03,PAY_8cd2,STAT_e09a,2023-07-03
10378,ORD_17b15a,CUST_476e1d,Repeat,2023-05-23,PAY_8cd2,STAT_4414,2023-05-23
10379,ORD_c31641,CUST_476e1d,Repeat,2025-01-21,PAY_8cd2,STAT_4414,2025-01-21
10380,ORD_2c7c6a,CUST_476e1d,Repeat,2022-05-03,PAY_182e,STAT_8cd2,2022-05-03
10381,ORD_8ba968,CUST_476e1d,Repeat,2024-03-07,PAY_4414,STAT_4414,2024-03-07
10382,ORD_ddd7ef,CUST_476e1d,Repeat,2022-05-03,PAY_4414,STAT_e09a,2022-05-03
10383,ORD_154028,CUST_476e1d,Repeat,2026-02-09,PAY_182e,STAT_e09a,2026-02-09
10384,ORD_4844cd,CUST_d374e7,One_Time,2025-02-21,PAY_182e,STAT_8cd2,2025-02-21
10385,ORD_d366fc,CUST_d5c2ea,One_Time,2023-09-03,PAY_e09a,STAT_8cd2,2023-09-03
10386,ORD_810aa2,CUST_d6c75f,One_Time,2025-03-19,PAY_e09a,STAT_8cd2,2025-03-19
10387,ORD_22bf65,CUST_18ef4d,One_Time,2026-04-22,PAY_4414,STAT_4414,2026-04-22
10388,ORD_f8793b,CUST_21de71,One_Time,2026-01-28,PAY_182e,STAT_182e,2026-01-28
10389,ORD_5dfb25,CUST_2e6b8c,One_Time,2023-10-20,PAY_8cd2,STAT_182e,2023-10-20
10390,ORD_e3890a,CUST_308e4f,One_Time,2024-01-07,PAY_4414,STAT_e09a,2024-01-07
10391,ORD_ef5d31,CUST_17c354,One_Time,2023-11-11,PAY_4414,STAT_182e,2023-11-11
10392,ORD_230390,CUST_4939b5,Commercial,2022-05-10,PAY_4414,STAT_8cd2,2022-05-10
10393,ORD_b8fa5e,CUST_4939b5,Commercial,2025-10-16,PAY_4414,STAT_8cd2,2025-10-16
10394,ORD_433a8f,CUST_4939b5,Commercial,2022-05-10,PAY_8cd2,STAT_e09a,2022-05-10
10395,ORD_15919d,CUST_4939b5,Commercial,2022-05-10,PAY_182e,STAT_8cd2,2022-05-10
10396,ORD_e16c23,CUST_4939b5,Commercial,2023-06-09,PAY_e09a,STAT_8cd2,2023-06-09
10397,ORD_9b7158,CUST_4939b5,Commercial,2022-09-07,PAY_8cd2,STAT_e09a,2022-09-07
10398,ORD_48480a,CUST_4939b5,Commercial,2023-12-26,PAY_4414,STAT_4414,2023-12-26
10399,ORD_c44c34,CUST_4939b5,Commercial,2024-10-01,PAY_4414,STAT_e09a,2024-10-01
10400,ORD_c80b53,CUST_4939b5,Commercial,2026-01-02,PAY_182e,STAT_4414,2026-01-02
10401,ORD_32a574,CUST_f998e6,Commercial,2025-10-03,PAY_8cd2,STAT_e09a,2025-10-03
10402,ORD_5e8da6,CUST_f998e6,Commercial,2024-07-24,PAY_e09a,STAT_182e,2024-07-24
10403,ORD_d9db16,CUST_f998e6,Commercial,2026-03-15,PAY_8cd2,STAT_8cd2,2026-03-15
10404,ORD_89c565,CUST_f998e6,Commercial,2024-07-24,PAY_182e,STAT_4414,2024-07-24
10405,ORD_4daf89,CUST_f998e6,Commercial,2026-03-04,PAY_4414,STAT_e09a,2026-03-04
10406,ORD_36df2d,CUST_f998e6,Commercial,2025-07-26,PAY_4414,STAT_4414,2025-07-26
10407,ORD_d5b369,CUST_f998e6,Commercial,2026-01-08,PAY_e09a,STAT_4414,2026-01-08
10408,ORD_c1bc26,CUST_f998e6,Commercial,2026-02-11,PAY_182e,STAT_8cd2,2026-02-11
10409,ORD_4c0679,CUST_f998e6,Commercial,2024-07-24,PAY_8cd2,STAT_e09a,2024-07-24
10410,ORD_c3da41,CUST_f998e6,Commercial,2024-07-24,PAY_8cd2,STAT_182e,2024-07-24
10411,ORD_65142a,CUST_f998e6,Commercial,2024-07-24,PAY_4414,STAT_8cd2,2024-07-24
10412,ORD_e654b9,CUST_f998e6,Commercial,2024-07-24,PAY_182e,STAT_e09a,2024-07-24
10413,ORD_4da68e,CUST_f998e6,Commercial,2024-07-24,PAY_8cd2,STAT_8cd2,2024-07-24
10414,ORD_debb4c,CUST_f998e6,Commercial,2024-07-24,PAY_182e,STAT_182e,2024-07-24
10415,ORD_fa1a71,CUST_f998e6,Commercial,2024-07-24,PAY_e09a,STAT_4414,2024-07-24
10416,ORD_d09c3b,CUST_f998e6,Commercial,2024-07-24,PAY_e09a,STAT_8cd2,2024-07-24
10417,ORD_15042d,CUST_d08bd4,One_Time,2026-03-04,PAY_e09a,STAT_182e,2026-03-04
10418,ORD_3653c9,CUST_4c7359,One_Time,2023-06-07,PAY_8cd2,STAT_4414,2023-06-07
10419,ORD_79d392,CUST_c1d628,One_Time,2025-07-09,PAY_4414,STAT_e09a,2025-07-09
10420,ORD_dba086,CUST_6fcb0d,One_Time,2022-11-11,PAY_e09a,STAT_8cd2,2022-11-11
10421,ORD_62ec26,CUST_9e9ce4,One_Time,2025-06-19,PAY_8cd2,STAT_e09a,2025-06-19
10422,ORD_62ee92,CUST_fb9660,Repeat,2024-06-07,PAY_4414,STAT_e09a,2024-06-07
10423,ORD_f8f5c9,CUST_fb9660,Repeat,2023-05-27,PAY_182e,STAT_8cd2,2023-05-27
10424,ORD_da36b3,CUST_bdb108,One_Time,2021-12-01,PAY_4414,STAT_e09a,2021-12-01
10425,ORD_0e2cfc,CUST_452952,Repeat,2023-07-04,PAY_8cd2,STAT_e09a,2023-07-04
10426,ORD_e4b135,CUST_452952,Repeat,2023-12-12,PAY_8cd2,STAT_8cd2,2023-12-12
10427,ORD_f0a10e,CUST_452952,Repeat,2024-04-28,PAY_4414,STAT_4414,2024-04-28
10428,ORD_60c8f1,CUST_452952,Repeat,2024-09-08,PAY_8cd2,STAT_4414,2024-09-08
10429,ORD_e1984e,CUST_5bd20c,Repeat,2025-02-15,PAY_8cd2,STAT_4414,2025-02-15
10430,ORD_4e77f9,CUST_5bd20c,Repeat,2024-08-05,PAY_4414,STAT_8cd2,2024-08-05
10431,ORD_04b039,CUST_6058eb,Repeat,2024-09-11,PAY_e09a,STAT_8cd2,2024-09-11
10432,ORD_58af83,CUST_6058eb,Repeat,2024-09-11,PAY_8cd2,STAT_182e,2024-09-11
10433,ORD_c972c9,CUST_6058eb,Repeat,2024-09-11,PAY_182e,STAT_8cd2,2024-09-11
10434,ORD_07df07,CUST_6058eb,Repeat,2024-09-11,PAY_e09a,STAT_4414,2024-09-11
10435,ORD_879ea4,CUST_951664,Repeat,2025-11-14,PAY_4414,STAT_8cd2,2025-11-14
10436,ORD_fb8fae,CUST_951664,Repeat,2025-11-14,PAY_8cd2,STAT_182e,2025-11-14
10437,ORD_794588,CUST_951664,Repeat,2025-11-14,PAY_4414,STAT_8cd2,2025-11-14
10438,ORD_3d954d,CUST_951664,Repeat,2025-11-14,PAY_8cd2,STAT_182e,2025-11-14
10439,ORD_89e76b,CUST_951664,Repeat,2025-11-14,PAY_8cd2,STAT_4414,2025-11-14
10440,ORD_0766e6,CUST_951664,Repeat,2025-11-14,PAY_182e,STAT_4414,2025-11-14
10441,ORD_4c3902,CUST_599d12,Repeat,2025-09-04,PAY_4414,STAT_182e,2025-09-04
10442,ORD_c58019,CUST_599d12,Repeat,2025-08-28,PAY_8cd2,STAT_e09a,2025-08-28
10443,ORD_999cb5,CUST_599d12,Repeat,2024-03-12,PAY_182e,STAT_8cd2,2024-03-12
10444,ORD_f17d10,CUST_599d12,Repeat,2023-05-12,PAY_e09a,STAT_8cd2,2023-05-12
10445,ORD_e56b07,CUST_599d12,Repeat,2024-06-13,PAY_182e,STAT_e09a,2024-06-13
10446,ORD_8580f9,CUST_599d12,Repeat,2025-07-01,PAY_182e,STAT_4414,2025-07-01
10447,ORD_b5d757,CUST_b177d8,Repeat,2026-03-27,PAY_4414,STAT_4414,2026-03-27
10448,ORD_939033,CUST_b177d8,Repeat,2025-05-06,PAY_8cd2,STAT_8cd2,2025-05-06
10449,ORD_42e3a9,CUST_b177d8,Repeat,2023-06-16,PAY_4414,STAT_e09a,2023-06-16
10450,ORD_247842,CUST_b177d8,Repeat,2023-06-16,PAY_e09a,STAT_182e,2023-06-16
10451,ORD_755913,CUST_b177d8,Repeat,2024-04-03,PAY_4414,STAT_e09a,2024-04-03
10452,ORD_1a2fe3,CUST_375c70,One_Time,2024-12-14,PAY_182e,STAT_e09a,2024-12-14
10453,ORD_411815,CUST_e02613,One_Time,2024-04-06,PAY_182e,STAT_182e,2024-04-06
10454,ORD_dee67d,CUST_8ed417,One_Time,2023-02-03,PAY_182e,STAT_182e,2023-02-03
10455,ORD_14d2b4,CUST_9e125b,One_Time,2022-01-27,PAY_e09a,STAT_4414,2022-01-27
10456,ORD_ece84a,CUST_c6603c,One_Time,2023-12-24,PAY_4414,STAT_182e,2023-12-24
10457,ORD_21dcc0,CUST_c8386e,One_Time,2024-06-11,PAY_4414,STAT_182e,2024-06-11
10458,ORD_07fe50,CUST_0f0535,One_Time,2025-03-21,PAY_4414,STAT_182e,2025-03-21
10459,ORD_77fd43,CUST_618d9c,One_Time,2025-06-18,PAY_182e,STAT_e09a,2025-06-18
10460,ORD_a62b6e,CUST_8843d8,One_Time,2025-09-19,PAY_8cd2,STAT_e09a,2025-09-19
10461,ORD_cf9929,CUST_801b50,One_Time,2025-01-11,PAY_e09a,STAT_182e,2025-01-11
10462,ORD_826c62,CUST_78f318,One_Time,2024-03-03,PAY_182e,STAT_8cd2,2024-03-03
10463,ORD_4dcc8a,CUST_f980b5,One_Time,2023-09-09,PAY_182e,STAT_8cd2,2023-09-09
10464,ORD_258158,CUST_23f0bc,One_Time,2022-01-12,PAY_8cd2,STAT_8cd2,2022-01-12
10465,ORD_ecbcca,CUST_af4aa6,One_Time,2026-05-15,PAY_8cd2,STAT_e09a,2026-05-15
10466,ORD_acb889,CUST_97023b,One_Time,2026-02-09,PAY_8cd2,STAT_8cd2,2026-02-09
10467,ORD_bd3a21,CUST_59973d,One_Time,2025-09-17,PAY_e09a,STAT_8cd2,2025-09-17
10468,ORD_788c96,CUST_ae6cef,Repeat,2026-02-16,PAY_8cd2,STAT_8cd2,2026-02-16
10469,ORD_bccece,CUST_ae6cef,Repeat,2021-06-04,PAY_e09a,STAT_e09a,2021-06-04
10470,ORD_22a926,CUST_ae6cef,Repeat,2021-09-18,PAY_8cd2,STAT_e09a,2021-09-18
10471,ORD_f80552,CUST_ae6cef,Repeat,2021-06-26,PAY_4414,STAT_e09a,2021-06-26
10472,ORD_e45083,CUST_ae6cef,Repeat,2026-01-05,PAY_e09a,STAT_8cd2,2026-01-05
10473,ORD_0e3740,CUST_ae6cef,Repeat,2021-08-04,PAY_8cd2,STAT_182e,2021-08-04
10474,ORD_b88ebd,CUST_68a922,One_Time,2025-12-06,PAY_8cd2,STAT_e09a,2025-12-06
10475,ORD_6fbc8b,CUST_14b1dc,One_Time,2023-02-04,PAY_8cd2,STAT_e09a,2023-02-04
10476,ORD_bef74e,CUST_64d396,Repeat,2026-04-16,PAY_8cd2,STAT_4414,2026-04-16
10477,ORD_530a87,CUST_64d396,Repeat,2022-09-07,PAY_4414,STAT_e09a,2022-09-07
10478,ORD_1fb30f,CUST_00ec94,One_Time,2024-01-07,PAY_8cd2,STAT_182e,2024-01-07
10479,ORD_ecfa38,CUST_dd4123,One_Time,2022-10-23,PAY_4414,STAT_4414,2022-10-23
10480,ORD_724745,CUST_6c7e67,Repeat,2025-01-18,PAY_8cd2,STAT_4414,2025-01-18
10481,ORD_33b13a,CUST_6c7e67,Repeat,2024-08-10,PAY_8cd2,STAT_e09a,2024-08-10
10482,ORD_16ae88,CUST_6c7e67,Repeat,2025-03-23,PAY_182e,STAT_4414,2025-03-23
10483,ORD_5e8829,CUST_6c7e67,Repeat,2025-11-14,PAY_8cd2,STAT_182e,2025-11-14
10484,ORD_63021c,CUST_6c7e67,Repeat,2026-03-01,PAY_8cd2,STAT_182e,2026-03-01
10485,ORD_9e7d5c,CUST_9530f2,One_Time,2026-04-17,PAY_e09a,STAT_182e,2026-04-17
10486,ORD_cb4171,CUST_9f15a1,One_Time,2023-12-21,PAY_182e,STAT_8cd2,2023-12-21
10487,ORD_a48be9,CUST_4d485c,One_Time,2026-03-13,PAY_e09a,STAT_e09a,2026-03-13
10488,ORD_c9663a,CUST_c09686,One_Time,2025-08-23,PAY_4414,STAT_182e,2025-08-23
10489,ORD_2f4f66,CUST_190344,One_Time,2024-08-09,PAY_182e,STAT_8cd2,2024-08-09
10490,ORD_c34151,CUST_eaa951,One_Time,2026-01-11,PAY_182e,STAT_e09a,2026-01-11
10491,ORD_d925aa,CUST_49e5e2,One_Time,2026-03-03,PAY_4414,STAT_4414,2026-03-03
10492,ORD_96f3f7,CUST_2c17e7,One_Time,2024-11-15,PAY_4414,STAT_4414,2024-11-15
10493,ORD_9cd5a1,CUST_5b7928,One_Time,2026-02-19,PAY_182e,STAT_e09a,2026-02-19
10494,ORD_72be9a,CUST_6475d8,One_Time,2024-05-15,PAY_8cd2,STAT_8cd2,2024-05-15
10495,ORD_088b06,CUST_55cd4a,One_Time,2023-03-02,PAY_8cd2,STAT_8cd2,2023-03-02
10496,ORD_be03e3,CUST_f19bf8,One_Time,2025-05-28,PAY_8cd2,STAT_e09a,2025-05-28
10497,ORD_4e0001,CUST_5cd0af,One_Time,2025-10-13,PAY_8cd2,STAT_4414,2025-10-13
10498,ORD_5ba9b3,CUST_302298,One_Time,2026-02-06,PAY_8cd2,STAT_8cd2,2026-02-06
10499,ORD_45fe69,CUST_3ab357,One_Time,2026-01-28,PAY_e09a,STAT_8cd2,2026-01-28
10500,ORD_8f4004,CUST_f2ab2e,Repeat,2022-10-27,PAY_182e,STAT_e09a,2022-10-27
10501,ORD_9bec35,CUST_f2ab2e,Repeat,2023-04-05,PAY_4414,STAT_182e,2023-04-05
10502,ORD_a80e0a,CUST_f2ab2e,Repeat,2025-06-01,PAY_182e,STAT_8cd2,2025-06-01
10503,ORD_5f016e,CUST_f2ab2e,Repeat,2025-12-14,PAY_8cd2,STAT_182e,2025-12-14
10504,ORD_e791ac,CUST_65fe5f,One_Time,2021-12-22,PAY_8cd2,STAT_8cd2,2021-12-22
10505,ORD_618bdf,CUST_06af0f,One_Time,2022-10-19,PAY_8cd2,STAT_e09a,2022-10-19
10506,ORD_ae3cfa,CUST_5e738d,One_Time,2024-02-09,PAY_4414,STAT_182e,2024-02-09
10507,ORD_e6ab35,CUST_a438f9,One_Time,2023-04-14,PAY_8cd2,STAT_8cd2,2023-04-14
10508,ORD_6bec42,CUST_2212a2,One_Time,2024-11-03,PAY_182e,STAT_182e,2024-11-03
10509,ORD_ad2e2c,CUST_85a04b,Repeat,2024-11-18,PAY_182e,STAT_8cd2,2024-11-18
10510,ORD_c910b0,CUST_85a04b,Repeat,2022-09-26,PAY_4414,STAT_4414,2022-09-26
10511,ORD_da9019,CUST_85a04b,Repeat,2024-04-17,PAY_8cd2,STAT_182e,2024-04-17
10512,ORD_395c42,CUST_85a04b,Repeat,2022-09-26,PAY_4414,STAT_8cd2,2022-09-26
10513,ORD_6c5e07,CUST_a21840,One_Time,2026-01-21,PAY_e09a,STAT_4414,2026-01-21
10514,ORD_0eac9c,CUST_315e6b,Commercial,2022-02-17,PAY_4414,STAT_182e,2022-02-17
10515,ORD_73dbed,CUST_315e6b,Commercial,2022-06-15,PAY_4414,STAT_e09a,2022-06-15
10516,ORD_5029cb,CUST_315e6b,Commercial,2024-02-04,PAY_e09a,STAT_182e,2024-02-04
10517,ORD_671e98,CUST_315e6b,Commercial,2022-11-20,PAY_4414,STAT_8cd2,2022-11-20
10518,ORD_0330e8,CUST_315e6b,Commercial,2025-01-17,PAY_4414,STAT_8cd2,2025-01-17
10519,ORD_0d638f,CUST_315e6b,Commercial,2022-10-05,PAY_4414,STAT_e09a,2022-10-05
10520,ORD_a339b4,CUST_315e6b,Commercial,2022-10-23,PAY_4414,STAT_e09a,2022-10-23
10521,ORD_d2b865,CUST_315e6b,Commercial,2022-02-11,PAY_8cd2,STAT_e09a,2022-02-11
10522,ORD_d5ab9d,CUST_315e6b,Commercial,2024-11-26,PAY_4414,STAT_4414,2024-11-26
10523,ORD_1d1b83,CUST_315e6b,Commercial,2026-05-16,PAY_4414,STAT_4414,2026-05-16
10524,ORD_fe6358,CUST_315e6b,Commercial,2026-05-13,PAY_8cd2,STAT_e09a,2026-05-13
10525,ORD_c72246,CUST_adc543,One_Time,2024-06-09,PAY_8cd2,STAT_8cd2,2024-06-09
10526,ORD_e71cae,CUST_cedf65,Commercial,2024-11-02,PAY_4414,STAT_8cd2,2024-11-02
10527,ORD_2e9959,CUST_cedf65,Commercial,2025-04-12,PAY_4414,STAT_4414,2025-04-12
10528,ORD_a27179,CUST_cedf65,Commercial,2026-03-20,PAY_182e,STAT_4414,2026-03-20
10529,ORD_ed4fd9,CUST_cedf65,Commercial,2023-12-17,PAY_182e,STAT_8cd2,2023-12-17
10530,ORD_81c22c,CUST_cedf65,Commercial,2023-12-17,PAY_182e,STAT_e09a,2023-12-17
10531,ORD_f1b866,CUST_cedf65,Commercial,2025-02-16,PAY_e09a,STAT_4414,2025-02-16
10532,ORD_2d7ad1,CUST_cedf65,Commercial,2025-02-11,PAY_4414,STAT_e09a,2025-02-11
10533,ORD_a1a034,CUST_cedf65,Commercial,2023-12-17,PAY_182e,STAT_8cd2,2023-12-17
10534,ORD_6b2e9e,CUST_cedf65,Commercial,2023-12-17,PAY_182e,STAT_4414,2023-12-17
10535,ORD_c0e4d1,CUST_cedf65,Commercial,2026-05-26,PAY_4414,STAT_8cd2,2026-05-26
10536,ORD_b2fd3f,CUST_cedf65,Commercial,2023-12-17,PAY_8cd2,STAT_e09a,2023-12-17
10537,ORD_ef315f,CUST_cedf65,Commercial,2024-10-19,PAY_e09a,STAT_8cd2,2024-10-19
10538,ORD_7a7fec,CUST_cedf65,Commercial,2023-12-17,PAY_8cd2,STAT_182e,2023-12-17
10539,ORD_dd96c0,CUST_cedf65,Commercial,2025-11-25,PAY_e09a,STAT_4414,2025-11-25
10540,ORD_59fa74,CUST_cedf65,Commercial,2023-12-17,PAY_8cd2,STAT_4414,2023-12-17
10541,ORD_226d44,CUST_cedf65,Commercial,2023-12-17,PAY_8cd2,STAT_182e,2023-12-17
10542,ORD_653263,CUST_a8e833,One_Time,2026-01-13,PAY_182e,STAT_4414,2026-01-13
10543,ORD_679118,CUST_fbac34,One_Time,2025-03-21,PAY_182e,STAT_8cd2,2025-03-21
10544,ORD_cb4c6b,CUST_8b3093,One_Time,2025-03-08,PAY_e09a,STAT_8cd2,2025-03-08
10545,ORD_fa45ff,CUST_d9ac6c,One_Time,2025-03-12,PAY_8cd2,STAT_182e,2025-03-12
10546,ORD_7ae925,CUST_3a3dbc,One_Time,2024-12-24,PAY_182e,STAT_182e,2024-12-24
10547,ORD_9e9454,CUST_bf6169,One_Time,2024-02-22,PAY_e09a,STAT_4414,2024-02-22
10548,ORD_2f9980,CUST_cc1ac2,One_Time,2024-11-18,PAY_e09a,STAT_e09a,2024-11-18
10549,ORD_d35eaa,CUST_64de5a,One_Time,2024-12-24,PAY_e09a,STAT_182e,2024-12-24
10550,ORD_417e68,CUST_2ee3f8,Commercial,2023-02-26,PAY_4414,STAT_e09a,2023-02-26
10551,ORD_f35a0d,CUST_2ee3f8,Commercial,2024-07-23,PAY_182e,STAT_8cd2,2024-07-23
10552,ORD_594882,CUST_2ee3f8,Commercial,2023-10-19,PAY_182e,STAT_182e,2023-10-19
10553,ORD_39d8bb,CUST_2ee3f8,Commercial,2026-03-15,PAY_8cd2,STAT_182e,2026-03-15
10554,ORD_53ffdb,CUST_2ee3f8,Commercial,2023-02-26,PAY_e09a,STAT_e09a,2023-02-26
10555,ORD_cfeb47,CUST_2ee3f8,Commercial,2025-02-03,PAY_e09a,STAT_4414,2025-02-03
10556,ORD_1015d6,CUST_2ee3f8,Commercial,2023-02-26,PAY_e09a,STAT_182e,2023-02-26
10557,ORD_c14bc6,CUST_2ee3f8,Commercial,2025-10-01,PAY_8cd2,STAT_8cd2,2025-10-01
10558,ORD_92ed59,CUST_2ee3f8,Commercial,2023-02-26,PAY_8cd2,STAT_e09a,2023-02-26
10559,ORD_06aafb,CUST_2ee3f8,Commercial,2023-11-03,PAY_8cd2,STAT_e09a,2023-11-03
10560,ORD_02a18c,CUST_2ee3f8,Commercial,2024-05-13,PAY_182e,STAT_4414,2024-05-13
10561,ORD_79a4c2,CUST_2ee3f8,Commercial,2025-02-18,PAY_8cd2,STAT_182e,2025-02-18
10562,ORD_8a10ef,CUST_2ee3f8,Commercial,2024-07-19,PAY_182e,STAT_e09a,2024-07-19
10563,ORD_6a0b78,CUST_2ee3f8,Commercial,2025-11-19,PAY_182e,STAT_182e,2025-11-19
10564,ORD_5147b9,CUST_2ee3f8,Commercial,2023-12-26,PAY_4414,STAT_e09a,2023-12-26
10565,ORD_075d77,CUST_2ee3f8,Commercial,2023-02-26,PAY_e09a,STAT_e09a,2023-02-26
10566,ORD_706352,CUST_2ee3f8,Commercial,2023-05-26,PAY_e09a,STAT_4414,2023-05-26
10567,ORD_6beffe,CUST_2ee3f8,Commercial,2023-02-26,PAY_e09a,STAT_8cd2,2023-02-26
10568,ORD_5b5e8a,CUST_39bb49,Repeat,2026-02-17,PAY_182e,STAT_8cd2,2026-02-17
10569,ORD_eff742,CUST_39bb49,Repeat,2025-06-06,PAY_e09a,STAT_8cd2,2025-06-06
10570,ORD_1b5a44,CUST_39bb49,Repeat,2026-01-15,PAY_e09a,STAT_e09a,2026-01-15
10571,ORD_15cdb2,CUST_39bb49,Repeat,2025-06-06,PAY_4414,STAT_8cd2,2025-06-06
10572,ORD_c2ea72,CUST_39bb49,Repeat,2026-05-01,PAY_e09a,STAT_182e,2026-05-01
10573,ORD_96536e,CUST_f5bfbb,Repeat,2022-06-28,PAY_8cd2,STAT_e09a,2022-06-28
10574,ORD_be34aa,CUST_f5bfbb,Repeat,2026-04-23,PAY_182e,STAT_8cd2,2026-04-23
10575,ORD_beac30,CUST_c1658b,One_Time,2025-07-03,PAY_4414,STAT_182e,2025-07-03
10576,ORD_30bb7a,CUST_78008e,One_Time,2022-11-20,PAY_182e,STAT_182e,2022-11-20
10577,ORD_ed9980,CUST_7a4dcf,One_Time,2025-12-13,PAY_4414,STAT_182e,2025-12-13
10578,ORD_437278,CUST_56b4ce,Commercial,2023-08-19,PAY_e09a,STAT_4414,2023-08-19
10579,ORD_369af1,CUST_56b4ce,Commercial,2022-11-10,PAY_182e,STAT_4414,2022-11-10
10580,ORD_e8626a,CUST_56b4ce,Commercial,2022-12-03,PAY_8cd2,STAT_182e,2022-12-03
10581,ORD_123eff,CUST_56b4ce,Commercial,2023-12-06,PAY_4414,STAT_182e,2023-12-06
10582,ORD_92ceac,CUST_56b4ce,Commercial,2022-10-09,PAY_8cd2,STAT_8cd2,2022-10-09
10583,ORD_d5a087,CUST_56b4ce,Commercial,2025-04-27,PAY_e09a,STAT_e09a,2025-04-27
10584,ORD_db0bdd,CUST_56b4ce,Commercial,2022-10-09,PAY_4414,STAT_182e,2022-10-09
10585,ORD_7237a0,CUST_56b4ce,Commercial,2024-04-20,PAY_e09a,STAT_4414,2024-04-20
10586,ORD_7d05e5,CUST_56b4ce,Commercial,2026-05-06,PAY_4414,STAT_4414,2026-05-06
10587,ORD_bf6981,CUST_56b4ce,Commercial,2022-10-21,PAY_8cd2,STAT_8cd2,2022-10-21
10588,ORD_c491ca,CUST_56b4ce,Commercial,2025-05-27,PAY_182e,STAT_e09a,2025-05-27
10589,ORD_6b0d68,CUST_56b4ce,Commercial,2022-10-09,PAY_4414,STAT_182e,2022-10-09
10590,ORD_6df90f,CUST_0bb1d0,One_Time,2021-06-26,PAY_4414,STAT_182e,2021-06-26
10591,ORD_df6832,CUST_7f6bb7,One_Time,2025-10-11,PAY_e09a,STAT_4414,2025-10-11
10592,ORD_b8169d,CUST_c4fb82,One_Time,2023-10-05,PAY_182e,STAT_e09a,2023-10-05
10593,ORD_fd4ed4,CUST_ee17e9,Repeat,2024-09-03,PAY_e09a,STAT_8cd2,2024-09-03
10594,ORD_e70b1c,CUST_ee17e9,Repeat,2026-05-11,PAY_e09a,STAT_4414,2026-05-11
10595,ORD_a27293,CUST_6186d6,One_Time,2022-10-25,PAY_4414,STAT_182e,2022-10-25
10596,ORD_0583eb,CUST_279a31,Repeat,2026-05-09,PAY_4414,STAT_8cd2,2026-05-09
10597,ORD_9d56fa,CUST_279a31,Repeat,2026-05-09,PAY_8cd2,STAT_182e,2026-05-09
10598,ORD_b52d5b,CUST_279a31,Repeat,2026-05-09,PAY_182e,STAT_e09a,2026-05-09
10599,ORD_16361d,CUST_279a31,Repeat,2026-05-09,PAY_4414,STAT_8cd2,2026-05-09
10600,ORD_1712a2,CUST_279a31,Repeat,2026-05-09,PAY_4414,STAT_182e,2026-05-09
10601,ORD_333c69,CUST_279a31,Repeat,2026-05-09,PAY_182e,STAT_182e,2026-05-09
10602,ORD_23a729,CUST_d0555f,One_Time,2026-05-22,PAY_8cd2,STAT_182e,2026-05-22
10603,ORD_72d5ca,CUST_477390,One_Time,2025-11-08,PAY_182e,STAT_e09a,2025-11-08
10604,ORD_8925bc,CUST_125b9a,Repeat,2025-12-12,PAY_4414,STAT_8cd2,2025-12-12
10605,ORD_815187,CUST_125b9a,Repeat,2025-12-12,PAY_4414,STAT_4414,2025-12-12
10606,ORD_192787,CUST_125b9a,Repeat,2025-12-12,PAY_182e,STAT_4414,2025-12-12
10607,ORD_669a39,CUST_125b9a,Repeat,2025-12-12,PAY_4414,STAT_182e,2025-12-12
10608,ORD_774aac,CUST_a69108,One_Time,2024-09-17,PAY_8cd2,STAT_e09a,2024-09-17
10609,ORD_f531d7,CUST_2ed7d8,One_Time,2024-04-20,PAY_8cd2,STAT_4414,2024-04-20
10610,ORD_f6f211,CUST_fa5802,One_Time,2024-12-19,PAY_8cd2,STAT_4414,2024-12-19
10611,ORD_33ec34,CUST_98d694,One_Time,2025-10-08,PAY_e09a,STAT_8cd2,2025-10-08
10612,ORD_1a63d7,CUST_c94cef,One_Time,2024-10-08,PAY_e09a,STAT_182e,2024-10-08
10613,ORD_c65f21,CUST_ac3f34,One_Time,2023-06-11,PAY_e09a,STAT_e09a,2023-06-11
10614,ORD_b7f7b6,CUST_d651a1,One_Time,2024-06-14,PAY_e09a,STAT_182e,2024-06-14
10615,ORD_c50a6e,CUST_e38c4c,One_Time,2023-09-24,PAY_182e,STAT_e09a,2023-09-24
10616,ORD_3e3fa9,CUST_8cd3f5,One_Time,2023-01-14,PAY_4414,STAT_4414,2023-01-14
10617,ORD_b28492,CUST_c705ed,One_Time,2024-03-17,PAY_182e,STAT_4414,2024-03-17
10618,ORD_58c9aa,CUST_1a16ba,One_Time,2026-02-27,PAY_4414,STAT_4414,2026-02-27
10619,ORD_91e7e0,CUST_fa3fee,One_Time,2025-09-13,PAY_4414,STAT_e09a,2025-09-13
10620,ORD_2ee92f,CUST_64d759,Repeat,2026-04-04,PAY_4414,STAT_e09a,2026-04-04
10621,ORD_3631f2,CUST_64d759,Repeat,2026-04-04,PAY_182e,STAT_4414,2026-04-04
10622,ORD_f134fe,CUST_5c46c7,One_Time,2023-05-28,PAY_4414,STAT_8cd2,2023-05-28
10623,ORD_c6519c,CUST_305e3f,One_Time,2023-11-15,PAY_182e,STAT_e09a,2023-11-15
10624,ORD_d4ce7d,CUST_4aa500,One_Time,2025-09-17,PAY_8cd2,STAT_182e,2025-09-17
10625,ORD_5eb831,CUST_88fdd7,Commercial,2023-02-19,PAY_e09a,STAT_182e,2023-02-19
10626,ORD_b9a2cf,CUST_88fdd7,Commercial,2023-02-19,PAY_8cd2,STAT_8cd2,2023-02-19
10627,ORD_ec91cb,CUST_88fdd7,Commercial,2024-10-18,PAY_4414,STAT_8cd2,2024-10-18
10628,ORD_5bca95,CUST_88fdd7,Commercial,2023-06-14,PAY_e09a,STAT_4414,2023-06-14
10629,ORD_0d3ef5,CUST_88fdd7,Commercial,2026-02-21,PAY_8cd2,STAT_e09a,2026-02-21
10630,ORD_563cc5,CUST_88fdd7,Commercial,2023-11-18,PAY_e09a,STAT_182e,2023-11-18
10631,ORD_59492f,CUST_88fdd7,Commercial,2024-07-05,PAY_182e,STAT_e09a,2024-07-05
10632,ORD_da85aa,CUST_88fdd7,Commercial,2023-02-19,PAY_8cd2,STAT_182e,2023-02-19
10633,ORD_0cb7b4,CUST_88fdd7,Commercial,2025-08-21,PAY_4414,STAT_4414,2025-08-21
10634,ORD_cf38c0,CUST_88fdd7,Commercial,2023-02-19,PAY_4414,STAT_e09a,2023-02-19
10635,ORD_933819,CUST_88fdd7,Commercial,2024-01-27,PAY_e09a,STAT_4414,2024-01-27
10636,ORD_c673b7,CUST_88fdd7,Commercial,2023-02-19,PAY_182e,STAT_182e,2023-02-19
10637,ORD_84e09d,CUST_88fdd7,Commercial,2025-11-09,PAY_8cd2,STAT_8cd2,2025-11-09
10638,ORD_ba1a57,CUST_88fdd7,Commercial,2024-06-05,PAY_e09a,STAT_e09a,2024-06-05
10639,ORD_921f30,CUST_88fdd7,Commercial,2025-03-14,PAY_182e,STAT_4414,2025-03-14
10640,ORD_5ea918,CUST_88fdd7,Commercial,2024-10-11,PAY_4414,STAT_8cd2,2024-10-11
10641,ORD_313933,CUST_88fdd7,Commercial,2024-08-19,PAY_e09a,STAT_4414,2024-08-19
10642,ORD_6f6ecb,CUST_88fdd7,Commercial,2024-11-20,PAY_182e,STAT_182e,2024-11-20
10643,ORD_227d74,CUST_88fdd7,Commercial,2024-12-14,PAY_4414,STAT_182e,2024-12-14
10644,ORD_963ece,CUST_88fdd7,Commercial,2023-02-19,PAY_4414,STAT_8cd2,2023-02-19
10645,ORD_e1b1d4,CUST_afcc1f,One_Time,2022-07-05,PAY_e09a,STAT_182e,2022-07-05
10646,ORD_131745,CUST_46eb25,Commercial,2025-05-15,PAY_e09a,STAT_e09a,2025-05-15
10647,ORD_c500b1,CUST_46eb25,Commercial,2026-04-24,PAY_4414,STAT_8cd2,2026-04-24
10648,ORD_6c248a,CUST_46eb25,Commercial,2025-05-15,PAY_8cd2,STAT_4414,2025-05-15
10649,ORD_7fc1a3,CUST_46eb25,Commercial,2025-05-15,PAY_8cd2,STAT_4414,2025-05-15
10650,ORD_071325,CUST_46eb25,Commercial,2025-12-09,PAY_8cd2,STAT_182e,2025-12-09
10651,ORD_542d1c,CUST_46eb25,Commercial,2025-12-27,PAY_e09a,STAT_e09a,2025-12-27
10652,ORD_bb759d,CUST_46eb25,Commercial,2025-05-15,PAY_4414,STAT_e09a,2025-05-15
10653,ORD_0d379c,CUST_46eb25,Commercial,2025-05-15,PAY_e09a,STAT_e09a,2025-05-15
10654,ORD_bd74bb,CUST_46eb25,Commercial,2025-08-13,PAY_8cd2,STAT_e09a,2025-08-13
10655,ORD_ef8e2d,CUST_46eb25,Commercial,2026-04-03,PAY_182e,STAT_8cd2,2026-04-03
10656,ORD_48f571,CUST_46eb25,Commercial,2026-01-03,PAY_e09a,STAT_e09a,2026-01-03
10657,ORD_23fd57,CUST_46eb25,Commercial,2025-07-28,PAY_182e,STAT_182e,2025-07-28
10658,ORD_785bcf,CUST_46eb25,Commercial,2025-05-15,PAY_8cd2,STAT_e09a,2025-05-15
10659,ORD_7c59d4,CUST_46eb25,Commercial,2025-05-15,PAY_182e,STAT_8cd2,2025-05-15
10660,ORD_34f9f7,CUST_46eb25,Commercial,2025-05-15,PAY_182e,STAT_4414,2025-05-15
10661,ORD_79a304,CUST_46eb25,Commercial,2025-05-15,PAY_e09a,STAT_4414,2025-05-15
10662,ORD_887c92,CUST_46eb25,Commercial,2025-05-15,PAY_4414,STAT_e09a,2025-05-15
10663,ORD_52b82f,CUST_46eb25,Commercial,2025-05-15,PAY_182e,STAT_182e,2025-05-15
10664,ORD_29bf86,CUST_72a08a,One_Time,2025-06-16,PAY_8cd2,STAT_4414,2025-06-16
10665,ORD_dc6476,CUST_c9cc2d,One_Time,2024-11-16,PAY_4414,STAT_e09a,2024-11-16
10666,ORD_a7e5e8,CUST_3794d6,One_Time,2026-05-02,PAY_182e,STAT_182e,2026-05-02
10667,ORD_dc041a,CUST_ca2aac,One_Time,2023-10-22,PAY_4414,STAT_e09a,2023-10-22
10668,ORD_af1f36,CUST_f41440,One_Time,2024-11-02,PAY_4414,STAT_e09a,2024-11-02
10669,ORD_248ec5,CUST_42bbb7,One_Time,2022-10-20,PAY_8cd2,STAT_4414,2022-10-20
10670,ORD_aca625,CUST_69552f,Repeat,2025-12-02,PAY_4414,STAT_4414,2025-12-02
10671,ORD_881ec9,CUST_69552f,Repeat,2025-12-02,PAY_8cd2,STAT_4414,2025-12-02
10672,ORD_c6f24f,CUST_69552f,Repeat,2025-12-02,PAY_e09a,STAT_182e,2025-12-02
10673,ORD_82324a,CUST_69552f,Repeat,2025-12-02,PAY_8cd2,STAT_8cd2,2025-12-02
10674,ORD_17396e,CUST_e5e89f,One_Time,2026-04-22,PAY_4414,STAT_4414,2026-04-22
10675,ORD_62d0f2,CUST_288d0f,One_Time,2025-09-06,PAY_e09a,STAT_8cd2,2025-09-06
10676,ORD_f0ad83,CUST_ec9663,One_Time,2024-10-12,PAY_e09a,STAT_8cd2,2024-10-12
10677,ORD_0ec157,CUST_205454,Repeat,2022-03-26,PAY_182e,STAT_e09a,2022-03-26
10678,ORD_b30dbd,CUST_205454,Repeat,2022-09-05,PAY_182e,STAT_e09a,2022-09-05
10679,ORD_343c25,CUST_205454,Repeat,2026-02-14,PAY_e09a,STAT_4414,2026-02-14
10680,ORD_bc953d,CUST_205454,Repeat,2025-07-25,PAY_4414,STAT_e09a,2025-07-25
10681,ORD_e5b5eb,CUST_205454,Repeat,2023-05-17,PAY_8cd2,STAT_8cd2,2023-05-17
10682,ORD_ac9ddb,CUST_233449,Repeat,2025-04-20,PAY_4414,STAT_4414,2025-04-20
10683,ORD_81f560,CUST_233449,Repeat,2024-07-24,PAY_e09a,STAT_182e,2024-07-24
10684,ORD_9d6e2f,CUST_233449,Repeat,2024-07-24,PAY_e09a,STAT_4414,2024-07-24
10685,ORD_858ccb,CUST_233449,Repeat,2024-07-24,PAY_182e,STAT_e09a,2024-07-24
10686,ORD_3af34e,CUST_dabf14,One_Time,2025-03-13,PAY_8cd2,STAT_4414,2025-03-13
10687,ORD_d206a0,CUST_f22459,Commercial,2026-05-17,PAY_e09a,STAT_e09a,2026-05-17
10688,ORD_30c993,CUST_f22459,Commercial,2022-10-20,PAY_4414,STAT_4414,2022-10-20
10689,ORD_a6bf33,CUST_f22459,Commercial,2024-07-04,PAY_182e,STAT_8cd2,2024-07-04
10690,ORD_0951ad,CUST_f22459,Commercial,2022-09-16,PAY_8cd2,STAT_e09a,2022-09-16
10691,ORD_ac55ae,CUST_f22459,Commercial,2024-09-23,PAY_8cd2,STAT_182e,2024-09-23
10692,ORD_f810a7,CUST_f22459,Commercial,2022-09-16,PAY_8cd2,STAT_8cd2,2022-09-16
10693,ORD_fc3c5c,CUST_f22459,Commercial,2025-05-12,PAY_8cd2,STAT_8cd2,2025-05-12
10694,ORD_fa4673,CUST_f22459,Commercial,2024-05-17,PAY_182e,STAT_8cd2,2024-05-17
10695,ORD_bb9b00,CUST_f22459,Commercial,2023-05-04,PAY_4414,STAT_4414,2023-05-04
10696,ORD_a45ef0,CUST_f22459,Commercial,2024-11-12,PAY_182e,STAT_182e,2024-11-12
10697,ORD_49fa82,CUST_f22459,Commercial,2024-05-11,PAY_182e,STAT_182e,2024-05-11
10698,ORD_df74e5,CUST_af8229,One_Time,2026-02-18,PAY_8cd2,STAT_182e,2026-02-18
10699,ORD_5b45d0,CUST_7d424d,Commercial,2022-12-21,PAY_e09a,STAT_4414,2022-12-21
10700,ORD_91bcae,CUST_7d424d,Commercial,2023-12-02,PAY_8cd2,STAT_e09a,2023-12-02
10701,ORD_25582a,CUST_7d424d,Commercial,2023-01-13,PAY_8cd2,STAT_8cd2,2023-01-13
10702,ORD_5b25f1,CUST_7d424d,Commercial,2024-10-14,PAY_182e,STAT_182e,2024-10-14
10703,ORD_b234e0,CUST_7d424d,Commercial,2022-12-21,PAY_4414,STAT_e09a,2022-12-21
10704,ORD_ef013a,CUST_7d424d,Commercial,2026-04-19,PAY_182e,STAT_e09a,2026-04-19
10705,ORD_b8ef97,CUST_7d424d,Commercial,2025-05-10,PAY_4414,STAT_e09a,2025-05-10
10706,ORD_b5ff37,CUST_7d424d,Commercial,2024-10-20,PAY_182e,STAT_4414,2024-10-20
10707,ORD_6b2cc1,CUST_7d424d,Commercial,2025-03-04,PAY_8cd2,STAT_182e,2025-03-04
10708,ORD_8e5e44,CUST_7d424d,Commercial,2026-04-18,PAY_8cd2,STAT_8cd2,2026-04-18
10709,ORD_2ea2b6,CUST_7d424d,Commercial,2025-09-10,PAY_182e,STAT_e09a,2025-09-10
10710,ORD_5adc4b,CUST_7d424d,Commercial,2023-10-15,PAY_e09a,STAT_e09a,2023-10-15
10711,ORD_94b5b3,CUST_7d424d,Commercial,2025-07-23,PAY_4414,STAT_4414,2025-07-23
10712,ORD_45dd50,CUST_7d424d,Commercial,2022-12-21,PAY_182e,STAT_4414,2022-12-21
10713,ORD_d9c18a,CUST_f06fe1,One_Time,2026-01-07,PAY_182e,STAT_8cd2,2026-01-07
10714,ORD_eebd6b,CUST_88445b,One_Time,2023-12-03,PAY_182e,STAT_182e,2023-12-03
10715,ORD_460576,CUST_3b9d0a,One_Time,2023-12-08,PAY_e09a,STAT_4414,2023-12-08
10716,ORD_bbdfb4,CUST_9e6d3a,One_Time,2024-08-23,PAY_182e,STAT_4414,2024-08-23
10717,ORD_69cbcc,CUST_3593ce,One_Time,2024-08-24,PAY_4414,STAT_182e,2024-08-24
10718,ORD_3ef8c7,CUST_8d59ad,One_Time,2025-07-12,PAY_182e,STAT_e09a,2025-07-12
10719,ORD_36953e,CUST_ac35ba,One_Time,2022-09-02,PAY_e09a,STAT_182e,2022-09-02
10720,ORD_f9f67d,CUST_0b93bd,One_Time,2025-09-10,PAY_4414,STAT_8cd2,2025-09-10
10721,ORD_186500,CUST_6742a9,One_Time,2026-04-24,PAY_8cd2,STAT_e09a,2026-04-24
10722,ORD_a8e046,CUST_f01deb,One_Time,2025-12-12,PAY_4414,STAT_8cd2,2025-12-12
10723,ORD_8ad727,CUST_bfb440,One_Time,2026-02-19,PAY_e09a,STAT_8cd2,2026-02-19
10724,ORD_8d3a7a,CUST_8de23e,One_Time,2024-10-13,PAY_8cd2,STAT_e09a,2024-10-13
10725,ORD_57d415,CUST_7b2923,One_Time,2025-03-16,PAY_182e,STAT_8cd2,2025-03-16
10726,ORD_ab88d5,CUST_1f61e4,One_Time,2024-05-14,PAY_8cd2,STAT_182e,2024-05-14
10727,ORD_b0e10f,CUST_8bbc11,Commercial,2025-01-26,PAY_182e,STAT_e09a,2025-01-26
10728,ORD_9c7274,CUST_8bbc11,Commercial,2025-03-10,PAY_8cd2,STAT_182e,2025-03-10
10729,ORD_eb22aa,CUST_8bbc11,Commercial,2025-01-26,PAY_182e,STAT_4414,2025-01-26
10730,ORD_ca3225,CUST_8bbc11,Commercial,2025-02-16,PAY_182e,STAT_182e,2025-02-16
10731,ORD_5b0dac,CUST_8bbc11,Commercial,2025-09-15,PAY_8cd2,STAT_4414,2025-09-15
10732,ORD_cb68e8,CUST_8bbc11,Commercial,2025-01-26,PAY_8cd2,STAT_8cd2,2025-01-26
10733,ORD_02f481,CUST_8bbc11,Commercial,2025-03-02,PAY_182e,STAT_e09a,2025-03-02
10734,ORD_05c71a,CUST_8bbc11,Commercial,2025-01-26,PAY_182e,STAT_8cd2,2025-01-26
10735,ORD_709b6b,CUST_8bbc11,Commercial,2025-01-26,PAY_e09a,STAT_182e,2025-01-26
10736,ORD_390733,CUST_a8b9e9,One_Time,2026-03-23,PAY_182e,STAT_8cd2,2026-03-23
10737,ORD_c61ea2,CUST_a16f08,One_Time,2022-12-08,PAY_4414,STAT_4414,2022-12-08
10738,ORD_2542e1,CUST_06b864,Repeat,2023-12-24,PAY_4414,STAT_182e,2023-12-24
10739,ORD_4cd316,CUST_06b864,Repeat,2025-11-23,PAY_4414,STAT_4414,2025-11-23
10740,ORD_09d8a5,CUST_06b864,Repeat,2024-02-10,PAY_8cd2,STAT_8cd2,2024-02-10
10741,ORD_fa091f,CUST_9114c7,One_Time,2025-02-12,PAY_182e,STAT_e09a,2025-02-12
10742,ORD_abac55,CUST_e54104,One_Time,2023-05-24,PAY_e09a,STAT_e09a,2023-05-24
10743,ORD_4ae53d,CUST_7c3255,Repeat,2024-09-02,PAY_182e,STAT_182e,2024-09-02
10744,ORD_65ec34,CUST_7c3255,Repeat,2025-11-28,PAY_8cd2,STAT_4414,2025-11-28
10745,ORD_a811e5,CUST_7c3255,Repeat,2023-12-23,PAY_4414,STAT_182e,2023-12-23
10746,ORD_c35964,CUST_7c3255,Repeat,2023-06-20,PAY_8cd2,STAT_e09a,2023-06-20
10747,ORD_87cb3c,CUST_7c3255,Repeat,2023-11-18,PAY_4414,STAT_8cd2,2023-11-18
10748,ORD_6f3ad9,CUST_d266c4,One_Time,2025-04-26,PAY_8cd2,STAT_4414,2025-04-26
10749,ORD_37d114,CUST_f36e8e,One_Time,2025-08-06,PAY_e09a,STAT_e09a,2025-08-06
10750,ORD_dad978,CUST_26b432,Repeat,2025-02-09,PAY_182e,STAT_182e,2025-02-09
10751,ORD_a30961,CUST_26b432,Repeat,2025-02-09,PAY_e09a,STAT_182e,2025-02-09
10752,ORD_6b553e,CUST_26b432,Repeat,2025-02-09,PAY_8cd2,STAT_182e,2025-02-09
10753,ORD_ec4bb4,CUST_26b432,Repeat,2025-02-09,PAY_4414,STAT_e09a,2025-02-09
10754,ORD_26c0ef,CUST_26b432,Repeat,2025-11-06,PAY_e09a,STAT_e09a,2025-11-06
10755,ORD_03d6f8,CUST_26b432,Repeat,2025-02-09,PAY_182e,STAT_e09a,2025-02-09
10756,ORD_65b64c,CUST_4ee9f3,One_Time,2024-10-01,PAY_4414,STAT_8cd2,2024-10-01
10757,ORD_6ef6c5,CUST_4b6bea,One_Time,2025-06-06,PAY_8cd2,STAT_8cd2,2025-06-06
10758,ORD_957978,CUST_e0719b,One_Time,2023-03-27,PAY_e09a,STAT_8cd2,2023-03-27
10759,ORD_4f6d91,CUST_7d3929,Repeat,2025-01-22,PAY_8cd2,STAT_e09a,2025-01-22
10760,ORD_409452,CUST_7d3929,Repeat,2025-08-27,PAY_4414,STAT_e09a,2025-08-27
10761,ORD_28c5c0,CUST_80e69e,One_Time,2024-07-26,PAY_182e,STAT_8cd2,2024-07-26
10762,ORD_62ba03,CUST_07348f,One_Time,2025-12-04,PAY_182e,STAT_8cd2,2025-12-04
10763,ORD_d1a45f,CUST_3ececd,One_Time,2023-09-13,PAY_182e,STAT_182e,2023-09-13
10764,ORD_aea479,CUST_3619bb,One_Time,2024-10-04,PAY_8cd2,STAT_4414,2024-10-04
10765,ORD_e18a90,CUST_ca9eba,Repeat,2023-03-24,PAY_8cd2,STAT_8cd2,2023-03-24
10766,ORD_89d572,CUST_ca9eba,Repeat,2025-08-18,PAY_e09a,STAT_8cd2,2025-08-18
10767,ORD_a5a821,CUST_ca9eba,Repeat,2025-09-21,PAY_e09a,STAT_182e,2025-09-21
10768,ORD_5c3274,CUST_ca9eba,Repeat,2024-10-03,PAY_8cd2,STAT_4414,2024-10-03
10769,ORD_e9e6af,CUST_ca9eba,Repeat,2024-12-23,PAY_4414,STAT_e09a,2024-12-23
10770,ORD_3ffaa1,CUST_ca9eba,Repeat,2023-03-24,PAY_8cd2,STAT_182e,2023-03-24
10771,ORD_36a61d,CUST_420927,One_Time,2025-07-19,PAY_8cd2,STAT_8cd2,2025-07-19
10772,ORD_96842a,CUST_d1c8ec,One_Time,2025-06-17,PAY_8cd2,STAT_8cd2,2025-06-17
10773,ORD_e276cc,CUST_842535,Repeat,2024-06-16,PAY_182e,STAT_8cd2,2024-06-16
10774,ORD_c4d274,CUST_842535,Repeat,2023-09-24,PAY_e09a,STAT_4414,2023-09-24
10775,ORD_829a6f,CUST_842535,Repeat,2023-05-06,PAY_4414,STAT_8cd2,2023-05-06
10776,ORD_b6dd48,CUST_1e3096,Repeat,2024-06-15,PAY_182e,STAT_8cd2,2024-06-15
10777,ORD_eebc2e,CUST_1e3096,Repeat,2024-05-01,PAY_e09a,STAT_e09a,2024-05-01
10778,ORD_5fc337,CUST_31284a,One_Time,2021-09-23,PAY_e09a,STAT_8cd2,2021-09-23
10779,ORD_af3148,CUST_150c86,One_Time,2025-10-23,PAY_8cd2,STAT_4414,2025-10-23
10780,ORD_38b118,CUST_79ed5e,One_Time,2022-11-25,PAY_182e,STAT_4414,2022-11-25
10781,ORD_dd5241,CUST_717fbe,Repeat,2025-08-14,PAY_8cd2,STAT_4414,2025-08-14
10782,ORD_1d2f5a,CUST_717fbe,Repeat,2024-08-04,PAY_4414,STAT_e09a,2024-08-04
10783,ORD_0fb7bd,CUST_d84a20,One_Time,2024-09-24,PAY_4414,STAT_e09a,2024-09-24
10784,ORD_cb301d,CUST_232b39,One_Time,2025-02-14,PAY_8cd2,STAT_e09a,2025-02-14
10785,ORD_a3f1a4,CUST_d77468,One_Time,2025-09-13,PAY_8cd2,STAT_8cd2,2025-09-13
10786,ORD_d53166,CUST_2afbc7,One_Time,2025-05-14,PAY_4414,STAT_8cd2,2025-05-14
10787,ORD_15f7f0,CUST_8d2834,Repeat,2023-07-15,PAY_182e,STAT_e09a,2023-07-15
10788,ORD_d9b705,CUST_8d2834,Repeat,2023-07-15,PAY_8cd2,STAT_182e,2023-07-15
10789,ORD_9b8ee1,CUST_8d2834,Repeat,2024-12-22,PAY_e09a,STAT_4414,2024-12-22
10790,ORD_75f520,CUST_b47ad8,Repeat,2023-07-13,PAY_4414,STAT_e09a,2023-07-13
10791,ORD_6562c2,CUST_b47ad8,Repeat,2025-09-19,PAY_8cd2,STAT_4414,2025-09-19
10792,ORD_8e91bf,CUST_b47ad8,Repeat,2025-05-22,PAY_4414,STAT_182e,2025-05-22
10793,ORD_ecff52,CUST_f64639,One_Time,2025-05-08,PAY_4414,STAT_e09a,2025-05-08
10794,ORD_fcb9c3,CUST_c1d133,Repeat,2025-12-07,PAY_4414,STAT_8cd2,2025-12-07
10795,ORD_2942d4,CUST_c1d133,Repeat,2025-09-16,PAY_4414,STAT_e09a,2025-09-16
10796,ORD_ee2238,CUST_c1d133,Repeat,2022-05-05,PAY_e09a,STAT_8cd2,2022-05-05
10797,ORD_ca348c,CUST_c1d133,Repeat,2024-03-03,PAY_4414,STAT_182e,2024-03-03
10798,ORD_49eb6a,CUST_c1d133,Repeat,2023-07-26,PAY_4414,STAT_8cd2,2023-07-26
10799,ORD_67ef3d,CUST_a349ac,One_Time,2026-01-20,PAY_182e,STAT_e09a,2026-01-20
10800,ORD_1ebca9,CUST_210b5b,One_Time,2026-03-11,PAY_e09a,STAT_4414,2026-03-11
10801,ORD_02e658,CUST_adb348,One_Time,2024-06-14,PAY_8cd2,STAT_4414,2024-06-14
10802,ORD_cd69f1,CUST_a2e825,One_Time,2025-01-09,PAY_182e,STAT_182e,2025-01-09
10803,ORD_6db06b,CUST_f33946,One_Time,2025-07-09,PAY_182e,STAT_8cd2,2025-07-09
10804,ORD_0bf360,CUST_83f4eb,One_Time,2026-04-04,PAY_e09a,STAT_e09a,2026-04-04
10805,ORD_919cd9,CUST_0df5a5,Commercial,2024-10-23,PAY_e09a,STAT_8cd2,2024-10-23
10806,ORD_749c3c,CUST_0df5a5,Commercial,2024-10-23,PAY_4414,STAT_e09a,2024-10-23
10807,ORD_470196,CUST_0df5a5,Commercial,2024-10-23,PAY_182e,STAT_8cd2,2024-10-23
10808,ORD_03981c,CUST_0df5a5,Commercial,2025-01-08,PAY_8cd2,STAT_182e,2025-01-08
10809,ORD_fe1fff,CUST_0df5a5,Commercial,2025-01-23,PAY_8cd2,STAT_e09a,2025-01-23
10810,ORD_64d3ba,CUST_0df5a5,Commercial,2024-10-23,PAY_e09a,STAT_8cd2,2024-10-23
10811,ORD_d206df,CUST_0df5a5,Commercial,2024-10-23,PAY_4414,STAT_182e,2024-10-23
10812,ORD_56c2a8,CUST_0df5a5,Commercial,2026-05-25,PAY_8cd2,STAT_8cd2,2026-05-25
10813,ORD_8a02ff,CUST_0df5a5,Commercial,2024-11-25,PAY_8cd2,STAT_8cd2,2024-11-25
10814,ORD_3f6581,CUST_0df5a5,Commercial,2025-07-15,PAY_8cd2,STAT_182e,2025-07-15
10815,ORD_72c2a9,CUST_ce0b41,One_Time,2024-04-04,PAY_182e,STAT_4414,2024-04-04
10816,ORD_d10b00,CUST_907264,One_Time,2022-03-22,PAY_182e,STAT_e09a,2022-03-22
10817,ORD_fc3cbc,CUST_7135f9,One_Time,2024-09-12,PAY_8cd2,STAT_182e,2024-09-12
10818,ORD_4c966c,CUST_105edb,One_Time,2023-05-16,PAY_8cd2,STAT_182e,2023-05-16
10819,ORD_7533b9,CUST_4ecb1a,Repeat,2021-10-22,PAY_e09a,STAT_182e,2021-10-22
10820,ORD_47f904,CUST_4ecb1a,Repeat,2021-10-22,PAY_8cd2,STAT_4414,2021-10-22
10821,ORD_a56e29,CUST_9072cf,One_Time,2023-10-12,PAY_4414,STAT_4414,2023-10-12
10822,ORD_39632d,CUST_d4598c,One_Time,2025-10-22,PAY_4414,STAT_182e,2025-10-22
10823,ORD_849431,CUST_7f7cbe,One_Time,2023-08-03,PAY_182e,STAT_182e,2023-08-03
10824,ORD_7e9813,CUST_10c9b6,One_Time,2024-02-01,PAY_4414,STAT_4414,2024-02-01
10825,ORD_3a0968,CUST_123f18,One_Time,2022-08-06,PAY_8cd2,STAT_8cd2,2022-08-06
10826,ORD_81602d,CUST_8b4a7f,One_Time,2025-12-27,PAY_e09a,STAT_e09a,2025-12-27
10827,ORD_c03a87,CUST_db4d90,One_Time,2026-01-08,PAY_8cd2,STAT_182e,2026-01-08
10828,ORD_37287d,CUST_ce81fd,One_Time,2024-05-27,PAY_182e,STAT_e09a,2024-05-27
10829,ORD_17ff12,CUST_aa8ffb,One_Time,2025-10-08,PAY_e09a,STAT_e09a,2025-10-08
10830,ORD_aee42f,CUST_1b84cd,One_Time,2025-06-11,PAY_182e,STAT_8cd2,2025-06-11
10831,ORD_f0dbda,CUST_22159b,One_Time,2026-01-01,PAY_182e,STAT_e09a,2026-01-01
10832,ORD_8bd7b0,CUST_b81565,Repeat,2024-11-13,PAY_8cd2,STAT_8cd2,2024-11-13
10833,ORD_68a8dc,CUST_b81565,Repeat,2024-11-13,PAY_4414,STAT_e09a,2024-11-13
10834,ORD_96810c,CUST_b81565,Repeat,2025-12-04,PAY_8cd2,STAT_182e,2025-12-04
10835,ORD_b57c02,CUST_b81565,Repeat,2024-11-13,PAY_182e,STAT_e09a,2024-11-13
10836,ORD_d2f951,CUST_cf69ec,One_Time,2025-08-11,PAY_e09a,STAT_4414,2025-08-11
10837,ORD_f6c9bf,CUST_02d29a,One_Time,2025-03-27,PAY_4414,STAT_8cd2,2025-03-27
10838,ORD_b4cea2,CUST_e9403b,One_Time,2024-10-19,PAY_182e,STAT_4414,2024-10-19
10839,ORD_cd77cf,CUST_7b0303,One_Time,2024-11-03,PAY_4414,STAT_8cd2,2024-11-03
10840,ORD_61d81e,CUST_710275,One_Time,2021-06-20,PAY_4414,STAT_e09a,2021-06-20
10841,ORD_0644ae,CUST_9ac970,One_Time,2025-11-12,PAY_e09a,STAT_182e,2025-11-12
10842,ORD_263563,CUST_3a7646,Repeat,2023-06-06,PAY_8cd2,STAT_8cd2,2023-06-06
10843,ORD_5f57f4,CUST_3a7646,Repeat,2025-10-03,PAY_e09a,STAT_182e,2025-10-03
10844,ORD_7bc6b2,CUST_fceb1f,One_Time,2025-09-13,PAY_e09a,STAT_e09a,2025-09-13
10845,ORD_00faba,CUST_bf8c3f,One_Time,2026-05-17,PAY_e09a,STAT_182e,2026-05-17
10846,ORD_b954c7,CUST_9fa9a0,Repeat,2026-01-27,PAY_e09a,STAT_e09a,2026-01-27
10847,ORD_5d203c,CUST_9fa9a0,Repeat,2026-01-27,PAY_8cd2,STAT_182e,2026-01-27
10848,ORD_ddf5d1,CUST_9fa9a0,Repeat,2026-01-27,PAY_8cd2,STAT_182e,2026-01-27
10849,ORD_e2d30c,CUST_9fa9a0,Repeat,2026-01-27,PAY_8cd2,STAT_e09a,2026-01-27
10850,ORD_a0efb4,CUST_9fa9a0,Repeat,2026-01-27,PAY_182e,STAT_4414,2026-01-27
10851,ORD_726223,CUST_891335,Repeat,2024-10-19,PAY_e09a,STAT_e09a,2024-10-19
10852,ORD_18e500,CUST_891335,Repeat,2025-12-02,PAY_182e,STAT_e09a,2025-12-02
10853,ORD_e6f819,CUST_891335,Repeat,2025-09-11,PAY_4414,STAT_8cd2,2025-09-11
10854,ORD_ea0505,CUST_891335,Repeat,2025-08-13,PAY_e09a,STAT_8cd2,2025-08-13
10855,ORD_71641b,CUST_00a588,One_Time,2023-04-26,PAY_8cd2,STAT_182e,2023-04-26
10856,ORD_1d824e,CUST_243392,One_Time,2025-04-01,PAY_182e,STAT_4414,2025-04-01
10857,ORD_5d9704,CUST_3e0e19,One_Time,2024-04-05,PAY_8cd2,STAT_4414,2024-04-05
10858,ORD_8a1918,CUST_0b4fac,One_Time,2025-10-27,PAY_4414,STAT_8cd2,2025-10-27
10859,ORD_26e9e9,CUST_9fae08,Commercial,2025-06-19,PAY_8cd2,STAT_8cd2,2025-06-19
10860,ORD_7d87b7,CUST_9fae08,Commercial,2022-06-24,PAY_e09a,STAT_4414,2022-06-24
10861,ORD_4e7e7b,CUST_9fae08,Commercial,2024-10-18,PAY_e09a,STAT_4414,2024-10-18
10862,ORD_81a675,CUST_9fae08,Commercial,2024-06-16,PAY_8cd2,STAT_8cd2,2024-06-16
10863,ORD_6d0fab,CUST_9fae08,Commercial,2025-02-18,PAY_e09a,STAT_8cd2,2025-02-18
10864,ORD_8a196f,CUST_9fae08,Commercial,2026-05-09,PAY_e09a,STAT_182e,2026-05-09
10865,ORD_73a582,CUST_9fae08,Commercial,2022-12-08,PAY_8cd2,STAT_4414,2022-12-08
10866,ORD_d02836,CUST_9fae08,Commercial,2022-12-12,PAY_4414,STAT_4414,2022-12-12
10867,ORD_3b2fed,CUST_5465e4,One_Time,2026-01-23,PAY_e09a,STAT_182e,2026-01-23
10868,ORD_20da2b,CUST_d73504,One_Time,2025-02-28,PAY_4414,STAT_8cd2,2025-02-28
10869,ORD_dd3c2e,CUST_6cf831,One_Time,2024-05-24,PAY_8cd2,STAT_4414,2024-05-24
10870,ORD_7a67fc,CUST_6f4c4b,One_Time,2023-12-16,PAY_8cd2,STAT_4414,2023-12-16
10871,ORD_ab92a2,CUST_839d74,Repeat,2026-04-23,PAY_e09a,STAT_e09a,2026-04-23
10872,ORD_f01131,CUST_839d74,Repeat,2026-04-10,PAY_182e,STAT_182e,2026-04-10
10873,ORD_e7e886,CUST_839d74,Repeat,2026-04-10,PAY_e09a,STAT_8cd2,2026-04-10
10874,ORD_a70f5e,CUST_839d74,Repeat,2026-04-10,PAY_182e,STAT_8cd2,2026-04-10
10875,ORD_9d4412,CUST_494004,One_Time,2025-03-25,PAY_e09a,STAT_e09a,2025-03-25
10876,ORD_a0f4ad,CUST_8397e8,One_Time,2022-06-25,PAY_e09a,STAT_8cd2,2022-06-25
10877,ORD_982e6f,CUST_869e3c,One_Time,2025-09-27,PAY_4414,STAT_e09a,2025-09-27
10878,ORD_79acb6,CUST_472d14,One_Time,2024-02-19,PAY_e09a,STAT_4414,2024-02-19
10879,ORD_c681a1,CUST_209258,One_Time,2025-10-08,PAY_e09a,STAT_e09a,2025-10-08
10880,ORD_5ddd80,CUST_5938f0,One_Time,2025-05-16,PAY_e09a,STAT_4414,2025-05-16
10881,ORD_58667d,CUST_6510f1,Repeat,2025-10-27,PAY_182e,STAT_e09a,2025-10-27
10882,ORD_94d43e,CUST_6510f1,Repeat,2025-08-27,PAY_8cd2,STAT_e09a,2025-08-27
10883,ORD_ccef42,CUST_6510f1,Repeat,2026-02-01,PAY_8cd2,STAT_e09a,2026-02-01
10884,ORD_b25dc6,CUST_6510f1,Repeat,2026-05-05,PAY_8cd2,STAT_182e,2026-05-05
10885,ORD_9f01c4,CUST_6510f1,Repeat,2025-08-27,PAY_4414,STAT_182e,2025-08-27
10886,ORD_8ace8b,CUST_6510f1,Repeat,2025-08-27,PAY_8cd2,STAT_e09a,2025-08-27
10887,ORD_31a442,CUST_868c81,One_Time,2024-08-07,PAY_8cd2,STAT_e09a,2024-08-07
10888,ORD_20299d,CUST_633055,One_Time,2025-02-22,PAY_4414,STAT_e09a,2025-02-22
10889,ORD_6b7309,CUST_cb247f,One_Time,2024-02-01,PAY_182e,STAT_182e,2024-02-01
10890,ORD_f2e861,CUST_9a8e23,One_Time,2025-10-17,PAY_8cd2,STAT_e09a,2025-10-17
10891,ORD_2950c1,CUST_0704aa,One_Time,2023-11-04,PAY_182e,STAT_182e,2023-11-04
10892,ORD_2a2df8,CUST_043e3d,One_Time,2026-02-04,PAY_8cd2,STAT_182e,2026-02-04
10893,ORD_96cbeb,CUST_2771e3,Repeat,2025-01-01,PAY_4414,STAT_e09a,2025-01-01
10894,ORD_400217,CUST_2771e3,Repeat,2025-01-01,PAY_e09a,STAT_e09a,2025-01-01
10895,ORD_d073c3,CUST_2771e3,Repeat,2026-01-09,PAY_8cd2,STAT_8cd2,2026-01-09
10896,ORD_88950a,CUST_2771e3,Repeat,2025-01-01,PAY_4414,STAT_182e,2025-01-01
10897,ORD_c84388,CUST_2771e3,Repeat,2025-01-01,PAY_8cd2,STAT_8cd2,2025-01-01
10898,ORD_52b1d5,CUST_c317e5,One_Time,2024-10-27,PAY_e09a,STAT_182e,2024-10-27
10899,ORD_4ba255,CUST_107b11,One_Time,2025-11-14,PAY_182e,STAT_182e,2025-11-14
10900,ORD_1e4b88,CUST_96b9f0,One_Time,2026-01-14,PAY_182e,STAT_e09a,2026-01-14
10901,ORD_bed86e,CUST_915f6c,Repeat,2025-11-06,PAY_182e,STAT_182e,2025-11-06
10902,ORD_1002d0,CUST_915f6c,Repeat,2025-11-06,PAY_8cd2,STAT_182e,2025-11-06
10903,ORD_66d2d9,CUST_b00ce3,One_Time,2023-04-10,PAY_4414,STAT_4414,2023-04-10
10904,ORD_7fe8d3,CUST_1a6477,Repeat,2024-09-12,PAY_4414,STAT_e09a,2024-09-12
10905,ORD_71c188,CUST_1a6477,Repeat,2026-01-01,PAY_8cd2,STAT_182e,2026-01-01
10906,ORD_7f8174,CUST_1a6477,Repeat,2024-09-12,PAY_e09a,STAT_e09a,2024-09-12
10907,ORD_258777,CUST_1a6477,Repeat,2025-12-25,PAY_8cd2,STAT_182e,2025-12-25
10908,ORD_1bcccc,CUST_9c7781,One_Time,2023-11-01,PAY_8cd2,STAT_4414,2023-11-01
10909,ORD_f91754,CUST_8820f8,Repeat,2024-12-15,PAY_e09a,STAT_e09a,2024-12-15
10910,ORD_ac1b07,CUST_8820f8,Repeat,2025-06-24,PAY_8cd2,STAT_e09a,2025-06-24
10911,ORD_d80267,CUST_8820f8,Repeat,2026-03-15,PAY_4414,STAT_e09a,2026-03-15
10912,ORD_812f44,CUST_2c1ca3,One_Time,2023-03-10,PAY_e09a,STAT_182e,2023-03-10
10913,ORD_0a2a06,CUST_f1c582,One_Time,2024-07-01,PAY_182e,STAT_4414,2024-07-01
10914,ORD_16cb7b,CUST_e90af3,One_Time,2023-10-20,PAY_8cd2,STAT_8cd2,2023-10-20
10915,ORD_665d6c,CUST_3af3e3,Repeat,2024-05-18,PAY_e09a,STAT_182e,2024-05-18
10916,ORD_08ad24,CUST_3af3e3,Repeat,2025-02-18,PAY_182e,STAT_4414,2025-02-18
10917,ORD_6a3bd5,CUST_3af3e3,Repeat,2024-05-18,PAY_8cd2,STAT_4414,2024-05-18
10918,ORD_77613a,CUST_3af3e3,Repeat,2024-10-21,PAY_182e,STAT_e09a,2024-10-21
10919,ORD_deac42,CUST_3af3e3,Repeat,2024-05-18,PAY_182e,STAT_8cd2,2024-05-18
10920,ORD_2d5a1f,CUST_3af3e3,Repeat,2024-05-18,PAY_8cd2,STAT_182e,2024-05-18
10921,ORD_d01b92,CUST_bb7f25,One_Time,2025-01-26,PAY_8cd2,STAT_4414,2025-01-26
10922,ORD_ca6ff0,CUST_b6a8c2,One_Time,2024-03-28,PAY_4414,STAT_182e,2024-03-28
10923,ORD_f2b087,CUST_0a87e3,One_Time,2023-07-12,PAY_8cd2,STAT_8cd2,2023-07-12
10924,ORD_495e32,CUST_b04804,One_Time,2025-05-15,PAY_e09a,STAT_4414,2025-05-15
10925,ORD_4746cb,CUST_1f59d4,One_Time,2023-02-14,PAY_182e,STAT_8cd2,2023-02-14
10926,ORD_84903a,CUST_a09d15,One_Time,2025-02-10,PAY_4414,STAT_e09a,2025-02-10
10927,ORD_765859,CUST_3da2b1,One_Time,2025-01-12,PAY_4414,STAT_182e,2025-01-12
10928,ORD_1dcf78,CUST_8587ab,One_Time,2024-12-11,PAY_182e,STAT_e09a,2024-12-11
10929,ORD_ecb7e8,CUST_7681f0,One_Time,2025-08-20,PAY_8cd2,STAT_8cd2,2025-08-20
10930,ORD_cc16f3,CUST_13ed36,One_Time,2024-10-19,PAY_e09a,STAT_8cd2,2024-10-19
10931,ORD_9c1fd9,CUST_eb127a,One_Time,2026-04-16,PAY_e09a,STAT_8cd2,2026-04-16
10932,ORD_fef96d,CUST_3a27a7,One_Time,2025-02-11,PAY_8cd2,STAT_e09a,2025-02-11
10933,ORD_798e99,CUST_b16bd2,Repeat,2025-03-18,PAY_4414,STAT_182e,2025-03-18
10934,ORD_be510c,CUST_b16bd2,Repeat,2023-01-24,PAY_4414,STAT_e09a,2023-01-24
10935,ORD_bfa676,CUST_b16bd2,Repeat,2023-09-01,PAY_182e,STAT_8cd2,2023-09-01
10936,ORD_50e718,CUST_b16bd2,Repeat,2025-08-12,PAY_8cd2,STAT_e09a,2025-08-12
10937,ORD_ba44d8,CUST_b16bd2,Repeat,2022-07-21,PAY_e09a,STAT_182e,2022-07-21
10938,ORD_99d658,CUST_887068,One_Time,2026-04-18,PAY_8cd2,STAT_8cd2,2026-04-18
10939,ORD_ce1e1a,CUST_be8593,One_Time,2024-01-06,PAY_8cd2,STAT_e09a,2024-01-06
10940,ORD_e60188,CUST_d4cae9,One_Time,2026-01-25,PAY_182e,STAT_e09a,2026-01-25
10941,ORD_234d58,CUST_205f57,Repeat,2025-08-03,PAY_4414,STAT_182e,2025-08-03
10942,ORD_cb2f61,CUST_205f57,Repeat,2025-11-16,PAY_e09a,STAT_4414,2025-11-16
10943,ORD_0f50d2,CUST_205f57,Repeat,2023-01-05,PAY_4414,STAT_4414,2023-01-05
10944,ORD_c2d2e7,CUST_205f57,Repeat,2025-11-05,PAY_182e,STAT_182e,2025-11-05
10945,ORD_687c1d,CUST_205f57,Repeat,2025-03-24,PAY_4414,STAT_182e,2025-03-24
10946,ORD_1dee04,CUST_205f57,Repeat,2022-03-12,PAY_4414,STAT_182e,2022-03-12
10947,ORD_38e411,CUST_c6ecac,One_Time,2026-03-26,PAY_e09a,STAT_8cd2,2026-03-26
10948,ORD_3d9979,CUST_fed83a,One_Time,2026-05-01,PAY_e09a,STAT_e09a,2026-05-01
10949,ORD_161289,CUST_27c56a,One_Time,2023-01-12,PAY_8cd2,STAT_4414,2023-01-12
10950,ORD_20bbe6,CUST_bd6044,One_Time,2023-02-26,PAY_8cd2,STAT_182e,2023-02-26
10951,ORD_cd5586,CUST_9d25b5,One_Time,2025-04-28,PAY_8cd2,STAT_8cd2,2025-04-28
10952,ORD_20fa53,CUST_38a821,One_Time,2024-07-19,PAY_182e,STAT_182e,2024-07-19
10953,ORD_f5bef7,CUST_16cfee,One_Time,2023-09-10,PAY_e09a,STAT_182e,2023-09-10
10954,ORD_646bfb,CUST_920c03,One_Time,2024-03-11,PAY_e09a,STAT_8cd2,2024-03-11
10955,ORD_0746a8,CUST_3359ee,One_Time,2025-06-02,PAY_4414,STAT_182e,2025-06-02
10956,ORD_913503,CUST_e05561,Repeat,2024-02-20,PAY_8cd2,STAT_4414,2024-02-20
10957,ORD_ad54c3,CUST_e05561,Repeat,2026-05-16,PAY_e09a,STAT_4414,2026-05-16
10958,ORD_fa7b21,CUST_e05561,Repeat,2024-02-20,PAY_4414,STAT_4414,2024-02-20
10959,ORD_01710a,CUST_e05561,Repeat,2024-02-20,PAY_8cd2,STAT_8cd2,2024-02-20
10960,ORD_939cfc,CUST_e05561,Repeat,2024-02-20,PAY_182e,STAT_182e,2024-02-20
10961,ORD_9e24f0,CUST_ca9efa,Repeat,2024-02-21,PAY_8cd2,STAT_182e,2024-02-21
10962,ORD_395dad,CUST_ca9efa,Repeat,2023-05-07,PAY_8cd2,STAT_182e,2023-05-07
10963,ORD_04612a,CUST_ca9efa,Repeat,2025-05-10,PAY_e09a,STAT_4414,2025-05-10
10964,ORD_c4799e,CUST_ca9efa,Repeat,2025-06-22,PAY_182e,STAT_182e,2025-06-22
10965,ORD_94a7a1,CUST_ca9efa,Repeat,2023-05-07,PAY_4414,STAT_e09a,2023-05-07
10966,ORD_216126,CUST_f0f517,One_Time,2024-06-24,PAY_182e,STAT_e09a,2024-06-24
10967,ORD_cf4784,CUST_45a173,One_Time,2024-08-28,PAY_8cd2,STAT_4414,2024-08-28
10968,ORD_259915,CUST_4d9bc4,Commercial,2025-08-25,PAY_182e,STAT_8cd2,2025-08-25
10969,ORD_ad694a,CUST_4d9bc4,Commercial,2025-08-25,PAY_4414,STAT_8cd2,2025-08-25
10970,ORD_e95d16,CUST_4d9bc4,Commercial,2025-08-25,PAY_182e,STAT_4414,2025-08-25
10971,ORD_4a2dc9,CUST_4d9bc4,Commercial,2025-08-25,PAY_182e,STAT_e09a,2025-08-25
10972,ORD_8b3190,CUST_4d9bc4,Commercial,2025-08-25,PAY_4414,STAT_182e,2025-08-25
10973,ORD_c4f37c,CUST_4d9bc4,Commercial,2025-08-25,PAY_e09a,STAT_182e,2025-08-25
10974,ORD_e9cc26,CUST_4d9bc4,Commercial,2025-08-25,PAY_182e,STAT_4414,2025-08-25
10975,ORD_96be12,CUST_4d9bc4,Commercial,2025-08-25,PAY_8cd2,STAT_8cd2,2025-08-25
10976,ORD_03407f,CUST_4d9bc4,Commercial,2025-08-25,PAY_4414,STAT_8cd2,2025-08-25
10977,ORD_c6e268,CUST_4d9bc4,Commercial,2025-08-25,PAY_8cd2,STAT_4414,2025-08-25
10978,ORD_a194d2,CUST_4d9bc4,Commercial,2026-01-08,PAY_8cd2,STAT_182e,2026-01-08
10979,ORD_900945,CUST_0859ff,One_Time,2026-01-02,PAY_4414,STAT_182e,2026-01-02
10980,ORD_b3dbfb,CUST_902f15,One_Time,2023-12-24,PAY_8cd2,STAT_4414,2023-12-24
10981,ORD_38c0f8,CUST_e10b7f,One_Time,2023-02-16,PAY_4414,STAT_8cd2,2023-02-16
10982,ORD_ca3219,CUST_ee87e5,Repeat,2026-04-08,PAY_8cd2,STAT_4414,2026-04-08
10983,ORD_dec34f,CUST_ee87e5,Repeat,2025-05-08,PAY_4414,STAT_e09a,2025-05-08
10984,ORD_9f2fb7,CUST_ee87e5,Repeat,2025-05-08,PAY_8cd2,STAT_8cd2,2025-05-08
10985,ORD_fce36b,CUST_4be0a3,One_Time,2022-10-07,PAY_8cd2,STAT_8cd2,2022-10-07
10986,ORD_bb93f4,CUST_7ee3c7,One_Time,2022-11-20,PAY_e09a,STAT_182e,2022-11-20
10987,ORD_75e839,CUST_5a50a8,One_Time,2026-03-26,PAY_e09a,STAT_4414,2026-03-26
10988,ORD_c6f14b,CUST_f3a0a5,One_Time,2024-05-28,PAY_8cd2,STAT_8cd2,2024-05-28
10989,ORD_792f15,CUST_18ac17,Repeat,2025-03-12,PAY_e09a,STAT_8cd2,2025-03-12
10990,ORD_ae01cd,CUST_18ac17,Repeat,2025-03-12,PAY_182e,STAT_8cd2,2025-03-12
10991,ORD_082f30,CUST_18ac17,Repeat,2025-03-12,PAY_8cd2,STAT_4414,2025-03-12
10992,ORD_abdadc,CUST_18ac17,Repeat,2025-03-12,PAY_e09a,STAT_8cd2,2025-03-12
10993,ORD_8e5439,CUST_18ac17,Repeat,2025-03-12,PAY_4414,STAT_182e,2025-03-12
10994,ORD_715a28,CUST_18ac17,Repeat,2025-03-12,PAY_e09a,STAT_182e,2025-03-12
10995,ORD_18bbd4,CUST_4d5133,One_Time,2026-03-10,PAY_e09a,STAT_4414,2026-03-10
10996,ORD_84ec58,CUST_f32b21,Commercial,2023-06-01,PAY_8cd2,STAT_e09a,2023-06-01
10997,ORD_2bec3f,CUST_f32b21,Commercial,2025-06-27,PAY_8cd2,STAT_4414,2025-06-27
10998,ORD_18ea8e,CUST_f32b21,Commercial,2026-04-09,PAY_4414,STAT_182e,2026-04-09
10999,ORD_b7e156,CUST_f32b21,Commercial,2025-12-10,PAY_182e,STAT_8cd2,2025-12-10
11000,ORD_626bab,CUST_f32b21,Commercial,2022-12-18,PAY_e09a,STAT_4414,2022-12-18
11001,ORD_bc6edf,CUST_f32b21,Commercial,2023-06-08,PAY_4414,STAT_182e,2023-06-08
11002,ORD_9e4be4,CUST_f32b21,Commercial,2022-12-11,PAY_182e,STAT_8cd2,2022-12-11
11003,ORD_da0a59,CUST_f32b21,Commercial,2024-12-24,PAY_4414,STAT_182e,2024-12-24
11004,ORD_120837,CUST_f32b21,Commercial,2024-02-11,PAY_182e,STAT_4414,2024-02-11
11005,ORD_b0dc9a,CUST_f32b21,Commercial,2024-10-19,PAY_e09a,STAT_182e,2024-10-19
11006,ORD_cde08a,CUST_f32b21,Commercial,2024-06-20,PAY_182e,STAT_8cd2,2024-06-20
11007,ORD_65c2da,CUST_f32b21,Commercial,2024-05-06,PAY_4414,STAT_e09a,2024-05-06
11008,ORD_0f92bc,CUST_f32b21,Commercial,2024-08-12,PAY_8cd2,STAT_e09a,2024-08-12
11009,ORD_e792f2,CUST_f32b21,Commercial,2024-03-11,PAY_8cd2,STAT_8cd2,2024-03-11
11010,ORD_1bd6e4,CUST_f32b21,Commercial,2024-06-13,PAY_e09a,STAT_182e,2024-06-13
11011,ORD_56b830,CUST_f32b21,Commercial,2025-12-14,PAY_4414,STAT_e09a,2025-12-14
11012,ORD_d7d007,CUST_f32b21,Commercial,2022-02-04,PAY_4414,STAT_e09a,2022-02-04
11013,ORD_4aecea,CUST_f32b21,Commercial,2022-02-27,PAY_e09a,STAT_182e,2022-02-27
11014,ORD_151dd5,CUST_d07e16,One_Time,2024-11-04,PAY_e09a,STAT_e09a,2024-11-04
11015,ORD_f89240,CUST_e42d62,One_Time,2025-03-22,PAY_8cd2,STAT_4414,2025-03-22
11016,ORD_4223b5,CUST_4be39c,One_Time,2021-03-21,PAY_e09a,STAT_e09a,2021-03-21
11017,ORD_520710,CUST_3ccac3,One_Time,2025-07-24,PAY_182e,STAT_8cd2,2025-07-24
11018,ORD_21b083,CUST_504331,One_Time,2026-05-10,PAY_4414,STAT_182e,2026-05-10
11019,ORD_75418e,CUST_f2a9f2,One_Time,2024-11-22,PAY_8cd2,STAT_182e,2024-11-22
11020,ORD_dd2e4c,CUST_b33e40,One_Time,2023-11-15,PAY_4414,STAT_e09a,2023-11-15
11021,ORD_4e3818,CUST_dc3be4,One_Time,2023-11-22,PAY_4414,STAT_182e,2023-11-22
11022,ORD_9faa9e,CUST_a3cdc8,One_Time,2026-01-24,PAY_182e,STAT_8cd2,2026-01-24
11023,ORD_246086,CUST_448ee6,Repeat,2023-09-03,PAY_e09a,STAT_8cd2,2023-09-03
11024,ORD_10efc5,CUST_448ee6,Repeat,2023-10-04,PAY_e09a,STAT_4414,2023-10-04
11025,ORD_f8d558,CUST_448ee6,Repeat,2023-09-03,PAY_182e,STAT_4414,2023-09-03
11026,ORD_39f1a8,CUST_448ee6,Repeat,2023-09-03,PAY_182e,STAT_e09a,2023-09-03
11027,ORD_b3953a,CUST_448ee6,Repeat,2026-01-01,PAY_182e,STAT_8cd2,2026-01-01
11028,ORD_8b1f35,CUST_f487d9,Repeat,2023-06-06,PAY_8cd2,STAT_8cd2,2023-06-06
11029,ORD_0d861a,CUST_f487d9,Repeat,2023-03-10,PAY_8cd2,STAT_182e,2023-03-10
11030,ORD_ddcb3c,CUST_f487d9,Repeat,2024-01-11,PAY_e09a,STAT_e09a,2024-01-11
11031,ORD_44bcc5,CUST_f487d9,Repeat,2024-04-27,PAY_8cd2,STAT_e09a,2024-04-27
11032,ORD_819a9c,CUST_46079f,One_Time,2025-07-17,PAY_8cd2,STAT_8cd2,2025-07-17
11033,ORD_7950ec,CUST_e13643,Repeat,2021-04-23,PAY_8cd2,STAT_e09a,2021-04-23
11034,ORD_9aca0f,CUST_e13643,Repeat,2022-01-28,PAY_4414,STAT_8cd2,2022-01-28
11035,ORD_4859a9,CUST_e13643,Repeat,2024-12-18,PAY_8cd2,STAT_e09a,2024-12-18
11036,ORD_be3785,CUST_e13643,Repeat,2021-05-22,PAY_4414,STAT_4414,2021-05-22
11037,ORD_84a25c,CUST_a249bf,One_Time,2025-07-10,PAY_4414,STAT_182e,2025-07-10
11038,ORD_9b85de,CUST_553f6f,One_Time,2026-04-20,PAY_4414,STAT_8cd2,2026-04-20
11039,ORD_b0d782,CUST_c04226,Repeat,2026-02-15,PAY_e09a,STAT_8cd2,2026-02-15
11040,ORD_10c173,CUST_c04226,Repeat,2026-02-15,PAY_182e,STAT_4414,2026-02-15
11041,ORD_8e035d,CUST_c04226,Repeat,2026-02-15,PAY_4414,STAT_182e,2026-02-15
11042,ORD_c686d8,CUST_631944,Repeat,2023-02-24,PAY_4414,STAT_8cd2,2023-02-24
11043,ORD_45da3c,CUST_631944,Repeat,2023-02-24,PAY_8cd2,STAT_182e,2023-02-24
11044,ORD_a0875f,CUST_d903f7,One_Time,2026-03-08,PAY_e09a,STAT_8cd2,2026-03-08
11045,ORD_7b97db,CUST_8c2704,Repeat,2026-03-09,PAY_182e,STAT_e09a,2026-03-09
11046,ORD_3529d0,CUST_8c2704,Repeat,2025-10-03,PAY_4414,STAT_182e,2025-10-03
11047,ORD_2f0b91,CUST_aa8a24,One_Time,2023-12-02,PAY_8cd2,STAT_8cd2,2023-12-02
11048,ORD_ad2fc7,CUST_2a8138,Repeat,2022-10-11,PAY_182e,STAT_e09a,2022-10-11
11049,ORD_b66070,CUST_2a8138,Repeat,2022-10-25,PAY_e09a,STAT_4414,2022-10-25
11050,ORD_47dd5f,CUST_2a8138,Repeat,2025-08-22,PAY_8cd2,STAT_8cd2,2025-08-22
11051,ORD_1feb58,CUST_2a8138,Repeat,2024-12-11,PAY_8cd2,STAT_e09a,2024-12-11
11052,ORD_6cb4ee,CUST_3db0c0,One_Time,2025-07-22,PAY_4414,STAT_e09a,2025-07-22
11053,ORD_53bb69,CUST_fdb2e6,One_Time,2026-02-15,PAY_4414,STAT_e09a,2026-02-15
11054,ORD_77d729,CUST_38d2c1,Repeat,2022-12-24,PAY_e09a,STAT_4414,2022-12-24
11055,ORD_13ca19,CUST_38d2c1,Repeat,2025-11-14,PAY_e09a,STAT_182e,2025-11-14
11056,ORD_2baf30,CUST_38d2c1,Repeat,2023-06-15,PAY_4414,STAT_182e,2023-06-15
11057,ORD_4d1cf7,CUST_38d2c1,Repeat,2022-09-14,PAY_e09a,STAT_8cd2,2022-09-14
11058,ORD_982525,CUST_96bfc8,One_Time,2026-01-24,PAY_8cd2,STAT_4414,2026-01-24
11059,ORD_386147,CUST_e444b4,One_Time,2023-02-27,PAY_182e,STAT_8cd2,2023-02-27
11060,ORD_95cd8d,CUST_1f8134,Repeat,2026-01-05,PAY_e09a,STAT_182e,2026-01-05
11061,ORD_fd99f0,CUST_1f8134,Repeat,2025-01-08,PAY_8cd2,STAT_182e,2025-01-08
11062,ORD_249ffd,CUST_efd30d,Repeat,2023-07-23,PAY_8cd2,STAT_e09a,2023-07-23
11063,ORD_a82696,CUST_efd30d,Repeat,2026-03-23,PAY_8cd2,STAT_e09a,2026-03-23
11064,ORD_e78297,CUST_293356,One_Time,2022-02-07,PAY_4414,STAT_182e,2022-02-07
11065,ORD_c5117f,CUST_a8a8f1,One_Time,2025-05-24,PAY_4414,STAT_8cd2,2025-05-24
11066,ORD_3ab3dc,CUST_b2f51a,Commercial,2026-01-27,PAY_8cd2,STAT_182e,2026-01-27
11067,ORD_dd7db5,CUST_b2f51a,Commercial,2026-01-27,PAY_182e,STAT_e09a,2026-01-27
11068,ORD_8b944b,CUST_b2f51a,Commercial,2026-04-04,PAY_4414,STAT_e09a,2026-04-04
11069,ORD_630ba4,CUST_b2f51a,Commercial,2026-01-27,PAY_8cd2,STAT_8cd2,2026-01-27
11070,ORD_9246f8,CUST_b2f51a,Commercial,2026-01-27,PAY_182e,STAT_182e,2026-01-27
11071,ORD_968c4b,CUST_b2f51a,Commercial,2026-01-27,PAY_182e,STAT_182e,2026-01-27
11072,ORD_823224,CUST_b2f51a,Commercial,2026-01-27,PAY_8cd2,STAT_4414,2026-01-27
11073,ORD_23d38c,CUST_b2f51a,Commercial,2026-03-23,PAY_182e,STAT_8cd2,2026-03-23
11074,ORD_7b5d96,CUST_b2f51a,Commercial,2026-01-27,PAY_4414,STAT_e09a,2026-01-27
11075,ORD_5c2d9f,CUST_b2f51a,Commercial,2026-01-27,PAY_e09a,STAT_4414,2026-01-27
11076,ORD_5390e5,CUST_b2f51a,Commercial,2026-01-27,PAY_8cd2,STAT_4414,2026-01-27
11077,ORD_a80aff,CUST_b2f51a,Commercial,2026-01-27,PAY_e09a,STAT_4414,2026-01-27
11078,ORD_c315b7,CUST_b2f51a,Commercial,2026-01-27,PAY_4414,STAT_8cd2,2026-01-27
11079,ORD_e9dd18,CUST_9357a4,One_Time,2026-02-21,PAY_4414,STAT_8cd2,2026-02-21
11080,ORD_5d58d2,CUST_f29176,One_Time,2025-06-01,PAY_182e,STAT_4414,2025-06-01
11081,ORD_fe2876,CUST_a8fe52,Repeat,2022-03-06,PAY_4414,STAT_8cd2,2022-03-06
11082,ORD_84388b,CUST_a8fe52,Repeat,2025-07-26,PAY_182e,STAT_182e,2025-07-26
11083,ORD_d5958e,CUST_a8fe52,Repeat,2024-05-01,PAY_8cd2,STAT_182e,2024-05-01
11084,ORD_c11b71,CUST_a8fe52,Repeat,2024-08-01,PAY_e09a,STAT_182e,2024-08-01
11085,ORD_13e59f,CUST_a629e5,Repeat,2024-02-20,PAY_8cd2,STAT_8cd2,2024-02-20
11086,ORD_4bf38e,CUST_a629e5,Repeat,2024-02-20,PAY_4414,STAT_4414,2024-02-20
11087,ORD_b6b9d9,CUST_a629e5,Repeat,2024-02-20,PAY_182e,STAT_e09a,2024-02-20
11088,ORD_7a9287,CUST_a629e5,Repeat,2024-02-20,PAY_4414,STAT_4414,2024-02-20
11089,ORD_5982f2,CUST_a629e5,Repeat,2024-02-20,PAY_e09a,STAT_4414,2024-02-20
11090,ORD_097440,CUST_a629e5,Repeat,2024-02-20,PAY_8cd2,STAT_182e,2024-02-20
11091,ORD_83d3fe,CUST_8ab395,One_Time,2025-03-21,PAY_e09a,STAT_182e,2025-03-21
11092,ORD_376e84,CUST_d21fd7,Commercial,2025-04-11,PAY_4414,STAT_8cd2,2025-04-11
11093,ORD_1cd7b0,CUST_d21fd7,Commercial,2023-09-28,PAY_e09a,STAT_182e,2023-09-28
11094,ORD_3f00e9,CUST_d21fd7,Commercial,2026-04-19,PAY_182e,STAT_8cd2,2026-04-19
11095,ORD_0fe2d5,CUST_d21fd7,Commercial,2023-09-28,PAY_182e,STAT_e09a,2023-09-28
11096,ORD_d3d2ec,CUST_d21fd7,Commercial,2023-09-28,PAY_182e,STAT_182e,2023-09-28
11097,ORD_68d0b1,CUST_d21fd7,Commercial,2023-09-28,PAY_e09a,STAT_182e,2023-09-28
11098,ORD_8425aa,CUST_d21fd7,Commercial,2024-04-13,PAY_182e,STAT_8cd2,2024-04-13
11099,ORD_263eed,CUST_d21fd7,Commercial,2026-05-20,PAY_8cd2,STAT_8cd2,2026-05-20
11100,ORD_46bab1,CUST_d21fd7,Commercial,2024-11-22,PAY_4414,STAT_182e,2024-11-22
11101,ORD_e2c613,CUST_d21fd7,Commercial,2023-09-28,PAY_8cd2,STAT_8cd2,2023-09-28
11102,ORD_527b0c,CUST_d21fd7,Commercial,2023-09-28,PAY_182e,STAT_182e,2023-09-28
11103,ORD_c87c5e,CUST_d21fd7,Commercial,2023-09-28,PAY_182e,STAT_8cd2,2023-09-28
11104,ORD_83e6b3,CUST_d21fd7,Commercial,2023-09-28,PAY_8cd2,STAT_e09a,2023-09-28
11105,ORD_4f23e0,CUST_5a465b,Commercial,2025-03-27,PAY_182e,STAT_8cd2,2025-03-27
11106,ORD_787416,CUST_5a465b,Commercial,2025-03-27,PAY_182e,STAT_8cd2,2025-03-27
11107,ORD_5079e9,CUST_5a465b,Commercial,2025-03-27,PAY_8cd2,STAT_8cd2,2025-03-27
11108,ORD_da72ec,CUST_5a465b,Commercial,2025-03-27,PAY_182e,STAT_8cd2,2025-03-27
11109,ORD_5e2561,CUST_5a465b,Commercial,2025-03-27,PAY_8cd2,STAT_8cd2,2025-03-27
11110,ORD_0cebc1,CUST_5a465b,Commercial,2025-03-27,PAY_4414,STAT_182e,2025-03-27
11111,ORD_1c211a,CUST_5a465b,Commercial,2025-03-27,PAY_182e,STAT_4414,2025-03-27
11112,ORD_fc608f,CUST_5a465b,Commercial,2025-03-27,PAY_4414,STAT_4414,2025-03-27
11113,ORD_e792c4,CUST_5a465b,Commercial,2025-03-27,PAY_e09a,STAT_182e,2025-03-27
11114,ORD_ca3ada,CUST_5a465b,Commercial,2025-03-27,PAY_182e,STAT_182e,2025-03-27
11115,ORD_ef0edb,CUST_5a465b,Commercial,2025-03-27,PAY_182e,STAT_182e,2025-03-27
11116,ORD_32393e,CUST_5a465b,Commercial,2025-03-27,PAY_4414,STAT_4414,2025-03-27
11117,ORD_d08e2f,CUST_5a465b,Commercial,2025-07-02,PAY_182e,STAT_8cd2,2025-07-02
11118,ORD_de7f12,CUST_5a465b,Commercial,2025-09-13,PAY_8cd2,STAT_4414,2025-09-13
11119,ORD_8b63cd,CUST_5a465b,Commercial,2026-02-08,PAY_8cd2,STAT_182e,2026-02-08
11120,ORD_2f1ca0,CUST_5a465b,Commercial,2025-03-27,PAY_4414,STAT_182e,2025-03-27
11121,ORD_56ea73,CUST_d1c74a,One_Time,2024-11-01,PAY_e09a,STAT_4414,2024-11-01
11122,ORD_e36b19,CUST_5d6548,One_Time,2025-06-21,PAY_e09a,STAT_182e,2025-06-21
11123,ORD_ddb0aa,CUST_765c46,Repeat,2025-12-15,PAY_8cd2,STAT_4414,2025-12-15
11124,ORD_d9903f,CUST_765c46,Repeat,2023-06-04,PAY_e09a,STAT_4414,2023-06-04
11125,ORD_1e39df,CUST_765c46,Repeat,2025-10-27,PAY_e09a,STAT_8cd2,2025-10-27
11126,ORD_f60070,CUST_b5df8a,Repeat,2023-11-05,PAY_182e,STAT_e09a,2023-11-05
11127,ORD_d9d47b,CUST_b5df8a,Repeat,2026-04-10,PAY_e09a,STAT_8cd2,2026-04-10
11128,ORD_adb9ad,CUST_b5df8a,Repeat,2025-02-27,PAY_4414,STAT_8cd2,2025-02-27
11129,ORD_60b816,CUST_b5df8a,Repeat,2023-11-05,PAY_8cd2,STAT_e09a,2023-11-05
11130,ORD_be713c,CUST_597770,One_Time,2025-10-19,PAY_182e,STAT_8cd2,2025-10-19
11131,ORD_509e45,CUST_dc6688,One_Time,2026-05-22,PAY_e09a,STAT_182e,2026-05-22
11132,ORD_0856b4,CUST_485bf0,One_Time,2025-04-27,PAY_e09a,STAT_182e,2025-04-27
11133,ORD_d39e4a,CUST_65aeff,Repeat,2023-03-24,PAY_8cd2,STAT_8cd2,2023-03-24
11134,ORD_ce30ba,CUST_65aeff,Repeat,2024-05-07,PAY_e09a,STAT_4414,2024-05-07
11135,ORD_58f2ac,CUST_d58895,One_Time,2024-11-05,PAY_182e,STAT_4414,2024-11-05
11136,ORD_28ac80,CUST_79f7a3,Repeat,2026-05-10,PAY_8cd2,STAT_e09a,2026-05-10
11137,ORD_1db4b4,CUST_79f7a3,Repeat,2024-06-10,PAY_e09a,STAT_e09a,2024-06-10
11138,ORD_69f444,CUST_79f7a3,Repeat,2024-02-02,PAY_4414,STAT_4414,2024-02-02
11139,ORD_9627ac,CUST_79f7a3,Repeat,2025-10-14,PAY_e09a,STAT_182e,2025-10-14
11140,ORD_f9c97f,CUST_0872dd,One_Time,2023-03-07,PAY_e09a,STAT_4414,2023-03-07
11141,ORD_2bac64,CUST_4e42a5,Commercial,2023-03-16,PAY_e09a,STAT_e09a,2023-03-16
11142,ORD_c0c529,CUST_4e42a5,Commercial,2025-12-26,PAY_182e,STAT_e09a,2025-12-26
11143,ORD_7aa759,CUST_4e42a5,Commercial,2023-03-16,PAY_8cd2,STAT_4414,2023-03-16
11144,ORD_b70d84,CUST_4e42a5,Commercial,2023-03-16,PAY_182e,STAT_182e,2023-03-16
11145,ORD_1ba23e,CUST_4e42a5,Commercial,2023-03-16,PAY_182e,STAT_182e,2023-03-16
11146,ORD_b37d12,CUST_4e42a5,Commercial,2023-03-16,PAY_8cd2,STAT_e09a,2023-03-16
11147,ORD_2350e2,CUST_4e42a5,Commercial,2023-03-16,PAY_4414,STAT_e09a,2023-03-16
11148,ORD_a97d74,CUST_4e42a5,Commercial,2026-04-02,PAY_4414,STAT_4414,2026-04-02
11149,ORD_359049,CUST_4e42a5,Commercial,2025-12-12,PAY_4414,STAT_8cd2,2025-12-12
11150,ORD_a8d1c0,CUST_4e42a5,Commercial,2025-03-19,PAY_182e,STAT_4414,2025-03-19
11151,ORD_53dbdc,CUST_4e42a5,Commercial,2024-10-27,PAY_8cd2,STAT_e09a,2024-10-27
11152,ORD_40364a,CUST_4e42a5,Commercial,2023-03-16,PAY_182e,STAT_8cd2,2023-03-16
11153,ORD_bfca92,CUST_4e42a5,Commercial,2024-09-21,PAY_4414,STAT_182e,2024-09-21
11154,ORD_dce554,CUST_4e42a5,Commercial,2023-03-16,PAY_8cd2,STAT_e09a,2023-03-16
11155,ORD_90bc89,CUST_4e42a5,Commercial,2023-03-16,PAY_8cd2,STAT_8cd2,2023-03-16
11156,ORD_f54b93,CUST_4e42a5,Commercial,2023-11-03,PAY_8cd2,STAT_e09a,2023-11-03
11157,ORD_1f7641,CUST_4e42a5,Commercial,2025-08-22,PAY_182e,STAT_4414,2025-08-22
11158,ORD_ca10fd,CUST_4e42a5,Commercial,2023-03-16,PAY_182e,STAT_e09a,2023-03-16
11159,ORD_6b197b,CUST_12da2d,Repeat,2025-11-21,PAY_e09a,STAT_4414,2025-11-21
11160,ORD_ec594f,CUST_12da2d,Repeat,2025-11-21,PAY_4414,STAT_182e,2025-11-21
11161,ORD_8bd500,CUST_12da2d,Repeat,2025-11-21,PAY_8cd2,STAT_8cd2,2025-11-21
11162,ORD_6e7503,CUST_12da2d,Repeat,2025-12-21,PAY_8cd2,STAT_182e,2025-12-21
11163,ORD_f02ee5,CUST_12da2d,Repeat,2025-11-21,PAY_4414,STAT_8cd2,2025-11-21
11164,ORD_1797cf,CUST_12da2d,Repeat,2025-11-21,PAY_e09a,STAT_182e,2025-11-21
11165,ORD_fe7d29,CUST_b313cb,One_Time,2026-04-09,PAY_8cd2,STAT_182e,2026-04-09
11166,ORD_7fa31b,CUST_48a02b,One_Time,2023-12-21,PAY_8cd2,STAT_4414,2023-12-21
11167,ORD_f368cd,CUST_746f5b,One_Time,2025-06-02,PAY_4414,STAT_e09a,2025-06-02
11168,ORD_6cb88a,CUST_feb223,Repeat,2021-09-11,PAY_e09a,STAT_8cd2,2021-09-11
11169,ORD_b19bee,CUST_feb223,Repeat,2021-10-17,PAY_8cd2,STAT_e09a,2021-10-17
11170,ORD_407aef,CUST_feb223,Repeat,2025-04-28,PAY_8cd2,STAT_4414,2025-04-28
11171,ORD_341601,CUST_e96dca,One_Time,2025-11-13,PAY_e09a,STAT_8cd2,2025-11-13
11172,ORD_d13672,CUST_96a3b0,One_Time,2026-02-10,PAY_4414,STAT_4414,2026-02-10
11173,ORD_301a41,CUST_4ff9f5,Repeat,2024-06-22,PAY_4414,STAT_4414,2024-06-22
11174,ORD_f61957,CUST_4ff9f5,Repeat,2024-04-17,PAY_182e,STAT_e09a,2024-04-17
11175,ORD_ca1a3f,CUST_4ff9f5,Repeat,2026-02-22,PAY_e09a,STAT_e09a,2026-02-22
11176,ORD_ad379e,CUST_4ff9f5,Repeat,2023-11-23,PAY_4414,STAT_8cd2,2023-11-23
11177,ORD_5448e1,CUST_a66cf0,One_Time,2025-02-08,PAY_8cd2,STAT_4414,2025-02-08
11178,ORD_f7269e,CUST_844cad,One_Time,2025-01-06,PAY_182e,STAT_e09a,2025-01-06
11179,ORD_63c40d,CUST_2f3536,Repeat,2026-01-25,PAY_8cd2,STAT_e09a,2026-01-25
11180,ORD_61bbb2,CUST_2f3536,Repeat,2024-03-18,PAY_4414,STAT_4414,2024-03-18
11181,ORD_1e7050,CUST_2f3536,Repeat,2024-03-26,PAY_8cd2,STAT_8cd2,2024-03-26
11182,ORD_008bc5,CUST_2f3536,Repeat,2025-08-14,PAY_8cd2,STAT_182e,2025-08-14
11183,ORD_0a4884,CUST_a2e085,One_Time,2026-02-24,PAY_e09a,STAT_e09a,2026-02-24
11184,ORD_129708,CUST_cb2b92,One_Time,2025-02-13,PAY_8cd2,STAT_182e,2025-02-13
11185,ORD_63de58,CUST_4fbcc5,Repeat,2023-07-15,PAY_8cd2,STAT_8cd2,2023-07-15
11186,ORD_59e0ca,CUST_4fbcc5,Repeat,2023-07-15,PAY_e09a,STAT_4414,2023-07-15
11187,ORD_7576ec,CUST_4fbcc5,Repeat,2025-11-10,PAY_8cd2,STAT_182e,2025-11-10
11188,ORD_21ad37,CUST_4fbcc5,Repeat,2023-07-15,PAY_e09a,STAT_182e,2023-07-15
11189,ORD_3a90e5,CUST_4fbcc5,Repeat,2023-07-15,PAY_4414,STAT_e09a,2023-07-15
11190,ORD_1cec7f,CUST_4fbcc5,Repeat,2023-07-15,PAY_8cd2,STAT_e09a,2023-07-15
11191,ORD_99ac53,CUST_65e977,Repeat,2024-12-21,PAY_182e,STAT_e09a,2024-12-21
11192,ORD_40347d,CUST_65e977,Repeat,2024-12-21,PAY_182e,STAT_182e,2024-12-21
11193,ORD_6b94d1,CUST_65e977,Repeat,2024-12-21,PAY_182e,STAT_4414,2024-12-21
11194,ORD_7ad208,CUST_e3f536,Repeat,2026-02-13,PAY_182e,STAT_e09a,2026-02-13
11195,ORD_3b2c9e,CUST_e3f536,Repeat,2026-02-13,PAY_8cd2,STAT_182e,2026-02-13
11196,ORD_7ada70,CUST_e3f536,Repeat,2026-02-13,PAY_8cd2,STAT_182e,2026-02-13
11197,ORD_7d9633,CUST_e3f536,Repeat,2026-02-13,PAY_8cd2,STAT_4414,2026-02-13
11198,ORD_c9cd91,CUST_e3f536,Repeat,2026-02-13,PAY_4414,STAT_e09a,2026-02-13
11199,ORD_115f9b,CUST_aaae2f,One_Time,2025-06-25,PAY_4414,STAT_4414,2025-06-25
11200,ORD_8ff6ae,CUST_d518c9,One_Time,2025-05-19,PAY_182e,STAT_4414,2025-05-19
11201,ORD_ed4a58,CUST_0d480c,One_Time,2023-08-25,PAY_4414,STAT_8cd2,2023-08-25
11202,ORD_d5092f,CUST_125a62,One_Time,2026-03-28,PAY_8cd2,STAT_e09a,2026-03-28
11203,ORD_5919c4,CUST_b5dd03,One_Time,2025-06-28,PAY_182e,STAT_e09a,2025-06-28
11204,ORD_432dfd,CUST_d361ce,One_Time,2025-12-09,PAY_e09a,STAT_e09a,2025-12-09
11205,ORD_92295a,CUST_cd4ac5,One_Time,2026-04-05,PAY_182e,STAT_e09a,2026-04-05
11206,ORD_2d5898,CUST_7766d1,One_Time,2025-09-20,PAY_8cd2,STAT_8cd2,2025-09-20
11207,ORD_8d9e5f,CUST_0dc82d,One_Time,2022-04-23,PAY_e09a,STAT_8cd2,2022-04-23
11208,ORD_4769be,CUST_8fdbf0,Repeat,2025-02-15,PAY_4414,STAT_8cd2,2025-02-15
11209,ORD_a173c4,CUST_8fdbf0,Repeat,2024-11-17,PAY_182e,STAT_182e,2024-11-17
11210,ORD_a4256f,CUST_8fdbf0,Repeat,2025-09-24,PAY_8cd2,STAT_182e,2025-09-24
11211,ORD_147a80,CUST_a97a38,One_Time,2024-04-14,PAY_4414,STAT_8cd2,2024-04-14
11212,ORD_3aad17,CUST_592e12,Repeat,2023-11-01,PAY_4414,STAT_e09a,2023-11-01
11213,ORD_583e08,CUST_592e12,Repeat,2023-11-01,PAY_8cd2,STAT_8cd2,2023-11-01
11214,ORD_ee3ea2,CUST_592e12,Repeat,2026-01-15,PAY_182e,STAT_4414,2026-01-15
11215,ORD_684fa1,CUST_80a959,One_Time,2023-02-04,PAY_e09a,STAT_182e,2023-02-04
11216,ORD_c426c1,CUST_d3f269,Repeat,2025-11-28,PAY_182e,STAT_182e,2025-11-28
11217,ORD_82a188,CUST_d3f269,Repeat,2026-04-10,PAY_4414,STAT_8cd2,2026-04-10
11218,ORD_524a07,CUST_d3f269,Repeat,2025-01-18,PAY_e09a,STAT_4414,2025-01-18
11219,ORD_040991,CUST_d3f269,Repeat,2025-01-18,PAY_4414,STAT_182e,2025-01-18
11220,ORD_2dd764,CUST_15087c,One_Time,2022-11-28,PAY_8cd2,STAT_4414,2022-11-28
11221,ORD_2e072e,CUST_f15010,One_Time,2024-12-05,PAY_e09a,STAT_182e,2024-12-05
11222,ORD_f6254c,CUST_c59296,One_Time,2022-08-22,PAY_4414,STAT_182e,2022-08-22
11223,ORD_875b7b,CUST_be612b,One_Time,2024-12-14,PAY_182e,STAT_8cd2,2024-12-14
11224,ORD_e53c65,CUST_2b17ec,One_Time,2024-07-03,PAY_4414,STAT_182e,2024-07-03
11225,ORD_93c217,CUST_ef9fb8,Repeat,2024-06-21,PAY_4414,STAT_182e,2024-06-21
11226,ORD_3f2df4,CUST_ef9fb8,Repeat,2024-06-21,PAY_182e,STAT_8cd2,2024-06-21
11227,ORD_53033f,CUST_ef9fb8,Repeat,2024-06-21,PAY_8cd2,STAT_e09a,2024-06-21
11228,ORD_ce2be7,CUST_ef9fb8,Repeat,2024-06-21,PAY_e09a,STAT_182e,2024-06-21
11229,ORD_4b3ac8,CUST_ef9fb8,Repeat,2024-06-21,PAY_8cd2,STAT_4414,2024-06-21
11230,ORD_16f17c,CUST_d49b55,One_Time,2025-04-24,PAY_182e,STAT_182e,2025-04-24
11231,ORD_9a812d,CUST_8b9793,Repeat,2023-07-20,PAY_8cd2,STAT_4414,2023-07-20
11232,ORD_105ffe,CUST_8b9793,Repeat,2023-07-20,PAY_8cd2,STAT_8cd2,2023-07-20
11233,ORD_6061aa,CUST_8b9793,Repeat,2024-08-22,PAY_182e,STAT_e09a,2024-08-22
11234,ORD_d2c5fb,CUST_f02d92,Repeat,2022-12-18,PAY_182e,STAT_8cd2,2022-12-18
11235,ORD_ae0d32,CUST_f02d92,Repeat,2022-12-18,PAY_182e,STAT_4414,2022-12-18
11236,ORD_e8e3ac,CUST_f02d92,Repeat,2023-02-15,PAY_4414,STAT_e09a,2023-02-15
11237,ORD_7c8ab3,CUST_f02d92,Repeat,2022-12-18,PAY_4414,STAT_e09a,2022-12-18
11238,ORD_c47592,CUST_f02d92,Repeat,2022-12-18,PAY_4414,STAT_8cd2,2022-12-18
11239,ORD_0ad74a,CUST_f02d92,Repeat,2022-12-18,PAY_4414,STAT_4414,2022-12-18
11240,ORD_94dbab,CUST_a0aa7f,Repeat,2022-08-20,PAY_8cd2,STAT_8cd2,2022-08-20
11241,ORD_965b6d,CUST_a0aa7f,Repeat,2025-03-19,PAY_e09a,STAT_4414,2025-03-19
11242,ORD_6f4d1c,CUST_a0aa7f,Repeat,2024-06-14,PAY_182e,STAT_e09a,2024-06-14
11243,ORD_4ebdfb,CUST_a0aa7f,Repeat,2021-06-12,PAY_4414,STAT_e09a,2021-06-12
11244,ORD_f56eea,CUST_bb26e1,One_Time,2024-08-22,PAY_182e,STAT_182e,2024-08-22
11245,ORD_949cc5,CUST_c31063,One_Time,2026-03-03,PAY_182e,STAT_182e,2026-03-03
11246,ORD_b25c56,CUST_e309e2,Repeat,2024-09-19,PAY_e09a,STAT_e09a,2024-09-19
11247,ORD_ad56ad,CUST_e309e2,Repeat,2024-09-19,PAY_182e,STAT_e09a,2024-09-19
11248,ORD_ec0d84,CUST_e309e2,Repeat,2024-10-02,PAY_8cd2,STAT_4414,2024-10-02
11249,ORD_251488,CUST_e309e2,Repeat,2024-09-19,PAY_4414,STAT_4414,2024-09-19
11250,ORD_a9f85b,CUST_fa77f7,One_Time,2022-08-01,PAY_e09a,STAT_e09a,2022-08-01
11251,ORD_722bf8,CUST_737a1d,One_Time,2024-08-03,PAY_4414,STAT_e09a,2024-08-03
11252,ORD_12f0e4,CUST_318bd8,One_Time,2025-07-10,PAY_182e,STAT_8cd2,2025-07-10
11253,ORD_a57512,CUST_cf89db,One_Time,2025-02-02,PAY_e09a,STAT_8cd2,2025-02-02
11254,ORD_7e7515,CUST_f21d14,Repeat,2026-03-24,PAY_4414,STAT_e09a,2026-03-24
11255,ORD_bea593,CUST_f21d14,Repeat,2026-03-24,PAY_182e,STAT_8cd2,2026-03-24
11256,ORD_2577bc,CUST_f21d14,Repeat,2026-03-24,PAY_e09a,STAT_8cd2,2026-03-24
11257,ORD_e13dc6,CUST_f21d14,Repeat,2026-03-24,PAY_e09a,STAT_182e,2026-03-24
11258,ORD_92549a,CUST_f21d14,Repeat,2026-03-24,PAY_e09a,STAT_8cd2,2026-03-24
11259,ORD_7deb97,CUST_b5d07e,One_Time,2022-07-13,PAY_182e,STAT_e09a,2022-07-13
11260,ORD_b7dcd7,CUST_ecfeda,One_Time,2022-02-13,PAY_8cd2,STAT_4414,2022-02-13
11261,ORD_02d468,CUST_0bf9ce,One_Time,2023-12-18,PAY_182e,STAT_4414,2023-12-18
11262,ORD_017022,CUST_ba8a43,One_Time,2024-11-25,PAY_e09a,STAT_8cd2,2024-11-25
11263,ORD_9226a9,CUST_a0eda7,Repeat,2025-08-28,PAY_4414,STAT_e09a,2025-08-28
11264,ORD_aa31ed,CUST_a0eda7,Repeat,2024-01-09,PAY_e09a,STAT_e09a,2024-01-09
11265,ORD_fa809e,CUST_a0eda7,Repeat,2024-11-04,PAY_e09a,STAT_182e,2024-11-04
11266,ORD_4c8459,CUST_a0eda7,Repeat,2022-06-08,PAY_8cd2,STAT_182e,2022-06-08
11267,ORD_589908,CUST_a0eda7,Repeat,2024-10-03,PAY_182e,STAT_4414,2024-10-03
11268,ORD_cd6c4f,CUST_9fd783,One_Time,2025-05-18,PAY_e09a,STAT_8cd2,2025-05-18
11269,ORD_9752b5,CUST_999f79,Repeat,2022-03-13,PAY_4414,STAT_182e,2022-03-13
11270,ORD_d455f8,CUST_999f79,Repeat,2023-07-21,PAY_182e,STAT_8cd2,2023-07-21
11271,ORD_d0cec0,CUST_999f79,Repeat,2023-04-14,PAY_8cd2,STAT_8cd2,2023-04-14
11272,ORD_f30944,CUST_5f820a,One_Time,2025-03-22,PAY_4414,STAT_e09a,2025-03-22
11273,ORD_d43a0f,CUST_f67c21,One_Time,2026-05-17,PAY_182e,STAT_e09a,2026-05-17
11274,ORD_241cfa,CUST_4caa50,One_Time,2023-06-14,PAY_4414,STAT_8cd2,2023-06-14
11275,ORD_33f5fe,CUST_eafa46,One_Time,2025-04-05,PAY_e09a,STAT_e09a,2025-04-05
11276,ORD_24ab9c,CUST_f04717,One_Time,2024-07-12,PAY_e09a,STAT_182e,2024-07-12
11277,ORD_40861e,CUST_599637,One_Time,2026-04-22,PAY_4414,STAT_8cd2,2026-04-22
11278,ORD_aa2099,CUST_361ab9,Repeat,2025-01-16,PAY_e09a,STAT_4414,2025-01-16
11279,ORD_984c14,CUST_361ab9,Repeat,2025-03-16,PAY_4414,STAT_8cd2,2025-03-16
11280,ORD_4cc7e7,CUST_361ab9,Repeat,2025-04-15,PAY_4414,STAT_8cd2,2025-04-15
11281,ORD_bea1b6,CUST_ddc6d8,Repeat,2023-09-10,PAY_8cd2,STAT_e09a,2023-09-10
11282,ORD_95d7af,CUST_ddc6d8,Repeat,2026-03-21,PAY_8cd2,STAT_4414,2026-03-21
11283,ORD_034ab1,CUST_ddc6d8,Repeat,2025-03-24,PAY_e09a,STAT_4414,2025-03-24
11284,ORD_09ad7a,CUST_3d6a8e,One_Time,2026-05-09,PAY_4414,STAT_e09a,2026-05-09
11285,ORD_912b48,CUST_13c6c4,One_Time,2024-08-20,PAY_182e,STAT_8cd2,2024-08-20
11286,ORD_47c262,CUST_4f0323,One_Time,2024-08-20,PAY_4414,STAT_e09a,2024-08-20
11287,ORD_476612,CUST_8ba378,Repeat,2024-06-27,PAY_4414,STAT_4414,2024-06-27
11288,ORD_6e8638,CUST_8ba378,Repeat,2024-04-16,PAY_4414,STAT_e09a,2024-04-16
11289,ORD_b6aba1,CUST_8ba378,Repeat,2024-04-12,PAY_e09a,STAT_e09a,2024-04-12
11290,ORD_b7acae,CUST_8ba378,Repeat,2024-04-12,PAY_4414,STAT_8cd2,2024-04-12
11291,ORD_1166ca,CUST_3b4154,Repeat,2024-01-07,PAY_182e,STAT_e09a,2024-01-07
11292,ORD_b319a7,CUST_3b4154,Repeat,2026-02-23,PAY_e09a,STAT_e09a,2026-02-23
11293,ORD_822e46,CUST_3b4154,Repeat,2024-07-17,PAY_4414,STAT_182e,2024-07-17
11294,ORD_f7d952,CUST_3b4154,Repeat,2024-05-27,PAY_e09a,STAT_e09a,2024-05-27
11295,ORD_abd281,CUST_3b4154,Repeat,2023-02-01,PAY_4414,STAT_4414,2023-02-01
11296,ORD_99cd7e,CUST_dfa90d,One_Time,2022-12-22,PAY_4414,STAT_4414,2022-12-22
11297,ORD_7ebd81,CUST_87d567,Commercial,2026-01-16,PAY_4414,STAT_182e,2026-01-16
11298,ORD_3c0ca0,CUST_87d567,Commercial,2025-07-14,PAY_e09a,STAT_8cd2,2025-07-14
11299,ORD_7be4c9,CUST_87d567,Commercial,2025-07-14,PAY_8cd2,STAT_8cd2,2025-07-14
11300,ORD_54af93,CUST_87d567,Commercial,2025-07-14,PAY_182e,STAT_182e,2025-07-14
11301,ORD_393ccb,CUST_87d567,Commercial,2025-07-17,PAY_182e,STAT_8cd2,2025-07-17
11302,ORD_7dec87,CUST_87d567,Commercial,2025-07-14,PAY_e09a,STAT_4414,2025-07-14
11303,ORD_7341d0,CUST_87d567,Commercial,2025-07-14,PAY_4414,STAT_4414,2025-07-14
11304,ORD_4617f8,CUST_87d567,Commercial,2025-07-14,PAY_8cd2,STAT_4414,2025-07-14
11305,ORD_537dce,CUST_87d567,Commercial,2025-07-14,PAY_182e,STAT_182e,2025-07-14
11306,ORD_2a8f80,CUST_87d567,Commercial,2025-07-14,PAY_e09a,STAT_8cd2,2025-07-14
11307,ORD_162265,CUST_87d567,Commercial,2025-07-14,PAY_4414,STAT_182e,2025-07-14
11308,ORD_20cd61,CUST_87d567,Commercial,2026-02-01,PAY_4414,STAT_4414,2026-02-01
11309,ORD_8efcfa,CUST_87d567,Commercial,2025-07-14,PAY_182e,STAT_4414,2025-07-14
11310,ORD_cadcff,CUST_87d567,Commercial,2025-07-14,PAY_e09a,STAT_4414,2025-07-14
11311,ORD_588b32,CUST_87d567,Commercial,2025-07-14,PAY_8cd2,STAT_182e,2025-07-14
11312,ORD_749184,CUST_87d567,Commercial,2025-07-14,PAY_8cd2,STAT_8cd2,2025-07-14
11313,ORD_d0b09d,CUST_87d567,Commercial,2025-07-14,PAY_8cd2,STAT_e09a,2025-07-14
11314,ORD_b8f0bd,CUST_90cdf0,One_Time,2023-12-07,PAY_e09a,STAT_e09a,2023-12-07
11315,ORD_b22d06,CUST_c58932,Repeat,2022-09-16,PAY_e09a,STAT_4414,2022-09-16
11316,ORD_812828,CUST_c58932,Repeat,2025-01-24,PAY_e09a,STAT_4414,2025-01-24
11317,ORD_3df2c9,CUST_c58932,Repeat,2022-05-13,PAY_e09a,STAT_4414,2022-05-13
11318,ORD_1c18b7,CUST_c58932,Repeat,2022-06-11,PAY_8cd2,STAT_e09a,2022-06-11
11319,ORD_0a3365,CUST_6df7c1,One_Time,2026-02-22,PAY_182e,STAT_182e,2026-02-22
11320,ORD_ed348b,CUST_8a61a1,Repeat,2024-07-08,PAY_8cd2,STAT_e09a,2024-07-08
11321,ORD_a95178,CUST_8a61a1,Repeat,2023-05-08,PAY_e09a,STAT_8cd2,2023-05-08
11322,ORD_45e3c1,CUST_8a61a1,Repeat,2026-04-23,PAY_182e,STAT_e09a,2026-04-23
11323,ORD_35943a,CUST_8a61a1,Repeat,2024-12-01,PAY_4414,STAT_4414,2024-12-01
11324,ORD_a4c04e,CUST_8a61a1,Repeat,2022-12-02,PAY_8cd2,STAT_182e,2022-12-02
11325,ORD_964061,CUST_8a61a1,Repeat,2022-12-02,PAY_e09a,STAT_e09a,2022-12-02
11326,ORD_25f8a1,CUST_35085f,Repeat,2026-05-03,PAY_4414,STAT_8cd2,2026-05-03
11327,ORD_f3075e,CUST_35085f,Repeat,2026-05-03,PAY_e09a,STAT_8cd2,2026-05-03
11328,ORD_1a794f,CUST_baaaf0,One_Time,2021-07-20,PAY_e09a,STAT_e09a,2021-07-20
11329,ORD_08f1c0,CUST_c21206,One_Time,2022-04-03,PAY_4414,STAT_8cd2,2022-04-03
11330,ORD_785427,CUST_7febd8,Repeat,2026-03-23,PAY_182e,STAT_182e,2026-03-23
11331,ORD_c24e62,CUST_7febd8,Repeat,2023-06-27,PAY_e09a,STAT_8cd2,2023-06-27
11332,ORD_deded9,CUST_7febd8,Repeat,2022-04-22,PAY_e09a,STAT_4414,2022-04-22
11333,ORD_cd133c,CUST_7febd8,Repeat,2022-11-02,PAY_8cd2,STAT_4414,2022-11-02
11334,ORD_cd4a9f,CUST_7febd8,Repeat,2025-03-18,PAY_8cd2,STAT_182e,2025-03-18
11335,ORD_043711,CUST_656324,One_Time,2024-08-05,PAY_8cd2,STAT_e09a,2024-08-05
11336,ORD_87938e,CUST_af6e21,Repeat,2022-03-18,PAY_8cd2,STAT_4414,2022-03-18
11337,ORD_b6eaba,CUST_af6e21,Repeat,2022-03-18,PAY_8cd2,STAT_4414,2022-03-18
11338,ORD_0b42df,CUST_15d3af,One_Time,2025-11-25,PAY_8cd2,STAT_4414,2025-11-25
11339,ORD_33e07f,CUST_12cd51,One_Time,2022-05-19,PAY_182e,STAT_182e,2022-05-19
11340,ORD_1e7335,CUST_39421e,One_Time,2026-02-21,PAY_8cd2,STAT_182e,2026-02-21
11341,ORD_47425c,CUST_6a254d,One_Time,2026-05-26,PAY_8cd2,STAT_8cd2,2026-05-26
11342,ORD_ff9d7a,CUST_512805,One_Time,2026-01-04,PAY_4414,STAT_182e,2026-01-04
11343,ORD_73b3a9,CUST_bc65b0,Repeat,2023-10-24,PAY_e09a,STAT_182e,2023-10-24
11344,ORD_aea56e,CUST_bc65b0,Repeat,2025-07-16,PAY_8cd2,STAT_8cd2,2025-07-16
11345,ORD_8ac171,CUST_bc65b0,Repeat,2023-10-24,PAY_e09a,STAT_4414,2023-10-24
11346,ORD_9eb81d,CUST_bc65b0,Repeat,2023-10-24,PAY_4414,STAT_4414,2023-10-24
11347,ORD_037f61,CUST_bc65b0,Repeat,2023-10-24,PAY_8cd2,STAT_182e,2023-10-24
11348,ORD_43bcee,CUST_21a8dd,Repeat,2025-11-08,PAY_e09a,STAT_4414,2025-11-08
11349,ORD_1918d0,CUST_21a8dd,Repeat,2025-11-08,PAY_182e,STAT_4414,2025-11-08
11350,ORD_2f0c57,CUST_d93230,One_Time,2023-04-18,PAY_8cd2,STAT_e09a,2023-04-18
11351,ORD_2dd558,CUST_cee2a5,One_Time,2026-04-02,PAY_8cd2,STAT_e09a,2026-04-02
11352,ORD_917b46,CUST_18f05b,One_Time,2024-02-22,PAY_182e,STAT_4414,2024-02-22
11353,ORD_e47bec,CUST_bc31c5,Repeat,2025-10-10,PAY_e09a,STAT_182e,2025-10-10
11354,ORD_128bcc,CUST_bc31c5,Repeat,2025-08-15,PAY_182e,STAT_e09a,2025-08-15
11355,ORD_4e9efd,CUST_bc31c5,Repeat,2026-02-13,PAY_4414,STAT_8cd2,2026-02-13
11356,ORD_2c3e72,CUST_bc31c5,Repeat,2025-08-15,PAY_8cd2,STAT_8cd2,2025-08-15
11357,ORD_6c8efa,CUST_bc31c5,Repeat,2025-08-15,PAY_e09a,STAT_e09a,2025-08-15
11358,ORD_1b76c6,CUST_2d25d4,One_Time,2024-09-11,PAY_4414,STAT_182e,2024-09-11
11359,ORD_499a15,CUST_ae9cc5,One_Time,2022-01-04,PAY_8cd2,STAT_e09a,2022-01-04
11360,ORD_544596,CUST_ea69d7,One_Time,2025-12-15,PAY_8cd2,STAT_8cd2,2025-12-15
11361,ORD_0adaf6,CUST_69697f,Repeat,2025-01-19,PAY_8cd2,STAT_e09a,2025-01-19
11362,ORD_0b2974,CUST_69697f,Repeat,2025-01-19,PAY_8cd2,STAT_4414,2025-01-19
11363,ORD_2bf385,CUST_69697f,Repeat,2025-01-19,PAY_e09a,STAT_4414,2025-01-19
11364,ORD_27f1b0,CUST_69697f,Repeat,2025-01-19,PAY_e09a,STAT_182e,2025-01-19
11365,ORD_5fbdc6,CUST_69697f,Repeat,2025-10-26,PAY_e09a,STAT_4414,2025-10-26
11366,ORD_eeae2f,CUST_69697f,Repeat,2025-01-19,PAY_e09a,STAT_4414,2025-01-19
11367,ORD_d3dc18,CUST_bf12b9,One_Time,2025-07-21,PAY_e09a,STAT_4414,2025-07-21
11368,ORD_a05def,CUST_708ca4,One_Time,2025-08-14,PAY_4414,STAT_e09a,2025-08-14
11369,ORD_a67bb5,CUST_f1e8d1,Repeat,2021-10-17,PAY_e09a,STAT_4414,2021-10-17
11370,ORD_0d2bd2,CUST_f1e8d1,Repeat,2023-07-12,PAY_8cd2,STAT_182e,2023-07-12
11371,ORD_bc7d5e,CUST_f1e8d1,Repeat,2026-01-06,PAY_182e,STAT_e09a,2026-01-06
11372,ORD_4491f2,CUST_532830,Repeat,2023-06-21,PAY_182e,STAT_182e,2023-06-21
11373,ORD_24880f,CUST_532830,Repeat,2023-06-21,PAY_8cd2,STAT_8cd2,2023-06-21
11374,ORD_47d20c,CUST_532830,Repeat,2023-06-21,PAY_4414,STAT_182e,2023-06-21
11375,ORD_0e377f,CUST_532830,Repeat,2025-06-07,PAY_4414,STAT_182e,2025-06-07
11376,ORD_50427c,CUST_532830,Repeat,2023-10-21,PAY_e09a,STAT_e09a,2023-10-21
11377,ORD_30a031,CUST_532830,Repeat,2024-09-19,PAY_e09a,STAT_4414,2024-09-19
11378,ORD_aaab37,CUST_a820d5,One_Time,2024-12-28,PAY_e09a,STAT_8cd2,2024-12-28
11379,ORD_4cc457,CUST_506acf,One_Time,2025-10-02,PAY_e09a,STAT_182e,2025-10-02
11380,ORD_65ed26,CUST_b81013,One_Time,2024-04-27,PAY_4414,STAT_8cd2,2024-04-27
11381,ORD_2a133c,CUST_527a1c,One_Time,2024-10-03,PAY_8cd2,STAT_8cd2,2024-10-03
11382,ORD_f214af,CUST_4f656f,One_Time,2023-01-23,PAY_e09a,STAT_8cd2,2023-01-23
11383,ORD_b7e237,CUST_bc6a4c,One_Time,2023-06-11,PAY_e09a,STAT_8cd2,2023-06-11
11384,ORD_9eb8cf,CUST_f06cc8,One_Time,2023-07-10,PAY_4414,STAT_4414,2023-07-10
11385,ORD_07e9e9,CUST_236a7e,One_Time,2025-12-08,PAY_4414,STAT_4414,2025-12-08
11386,ORD_80b4d6,CUST_30940a,One_Time,2022-11-21,PAY_8cd2,STAT_182e,2022-11-21
11387,ORD_521e60,CUST_533b2b,One_Time,2024-09-19,PAY_8cd2,STAT_8cd2,2024-09-19
11388,ORD_3cd9a1,CUST_74a657,One_Time,2023-12-08,PAY_182e,STAT_e09a,2023-12-08
11389,ORD_b79e08,CUST_ef2344,Repeat,2023-04-22,PAY_8cd2,STAT_8cd2,2023-04-22
11390,ORD_3bf122,CUST_ef2344,Repeat,2023-12-22,PAY_182e,STAT_8cd2,2023-12-22
11391,ORD_c1119f,CUST_ef2344,Repeat,2023-04-22,PAY_8cd2,STAT_4414,2023-04-22
11392,ORD_00eccf,CUST_ef2344,Repeat,2023-11-27,PAY_4414,STAT_4414,2023-11-27
11393,ORD_d59c64,CUST_ef2344,Repeat,2024-02-11,PAY_182e,STAT_8cd2,2024-02-11
11394,ORD_81889a,CUST_ef2344,Repeat,2025-08-12,PAY_4414,STAT_182e,2025-08-12
11395,ORD_e84561,CUST_80c9e9,Repeat,2025-04-26,PAY_e09a,STAT_4414,2025-04-26
11396,ORD_659f9e,CUST_80c9e9,Repeat,2023-10-11,PAY_e09a,STAT_4414,2023-10-11
11397,ORD_ee455c,CUST_80c9e9,Repeat,2023-12-02,PAY_4414,STAT_e09a,2023-12-02
11398,ORD_a57b2d,CUST_80c9e9,Repeat,2023-07-07,PAY_8cd2,STAT_4414,2023-07-07
11399,ORD_2e1443,CUST_80c9e9,Repeat,2026-01-28,PAY_182e,STAT_8cd2,2026-01-28
11400,ORD_f8d4a8,CUST_07da7e,One_Time,2024-07-20,PAY_8cd2,STAT_8cd2,2024-07-20
11401,ORD_f98f29,CUST_42e126,Repeat,2023-06-22,PAY_4414,STAT_4414,2023-06-22
11402,ORD_270f72,CUST_42e126,Repeat,2023-06-22,PAY_182e,STAT_e09a,2023-06-22
11403,ORD_f7ed41,CUST_42e126,Repeat,2023-06-22,PAY_182e,STAT_182e,2023-06-22
11404,ORD_f402de,CUST_42e126,Repeat,2025-09-04,PAY_e09a,STAT_8cd2,2025-09-04
11405,ORD_d3a470,CUST_42e126,Repeat,2026-02-02,PAY_182e,STAT_182e,2026-02-02
11406,ORD_318a99,CUST_bbc66a,One_Time,2025-11-12,PAY_4414,STAT_182e,2025-11-12
11407,ORD_3e17d9,CUST_92266d,One_Time,2026-01-25,PAY_e09a,STAT_4414,2026-01-25
11408,ORD_0d017b,CUST_19d6f2,Commercial,2025-10-15,PAY_4414,STAT_e09a,2025-10-15
11409,ORD_c17f00,CUST_19d6f2,Commercial,2024-09-17,PAY_8cd2,STAT_4414,2024-09-17
11410,ORD_340c25,CUST_19d6f2,Commercial,2024-09-11,PAY_4414,STAT_182e,2024-09-11
11411,ORD_0105a7,CUST_19d6f2,Commercial,2025-06-20,PAY_4414,STAT_8cd2,2025-06-20
11412,ORD_7cba2f,CUST_19d6f2,Commercial,2024-10-08,PAY_8cd2,STAT_8cd2,2024-10-08
11413,ORD_25c4d1,CUST_19d6f2,Commercial,2024-09-11,PAY_e09a,STAT_e09a,2024-09-11
11414,ORD_72604b,CUST_19d6f2,Commercial,2024-09-11,PAY_182e,STAT_8cd2,2024-09-11
11415,ORD_dac5cb,CUST_19d6f2,Commercial,2024-09-11,PAY_182e,STAT_8cd2,2024-09-11
11416,ORD_21b067,CUST_19d6f2,Commercial,2025-04-25,PAY_182e,STAT_182e,2025-04-25
11417,ORD_d71515,CUST_19d6f2,Commercial,2024-09-11,PAY_182e,STAT_8cd2,2024-09-11
11418,ORD_b3f503,CUST_19d6f2,Commercial,2024-09-11,PAY_4414,STAT_8cd2,2024-09-11
11419,ORD_f14889,CUST_19d6f2,Commercial,2024-09-11,PAY_8cd2,STAT_182e,2024-09-11
11420,ORD_3226e2,CUST_19d6f2,Commercial,2024-09-11,PAY_8cd2,STAT_e09a,2024-09-11
11421,ORD_eb5300,CUST_19d6f2,Commercial,2024-09-11,PAY_182e,STAT_4414,2024-09-11
11422,ORD_502c6f,CUST_19d6f2,Commercial,2024-09-11,PAY_8cd2,STAT_8cd2,2024-09-11
11423,ORD_1a3b43,CUST_19d6f2,Commercial,2025-07-14,PAY_182e,STAT_8cd2,2025-07-14
11424,ORD_c17dc3,CUST_19d6f2,Commercial,2024-09-11,PAY_8cd2,STAT_8cd2,2024-09-11
11425,ORD_9eec7d,CUST_19d6f2,Commercial,2024-09-11,PAY_4414,STAT_182e,2024-09-11
11426,ORD_972090,CUST_b695a5,One_Time,2022-10-27,PAY_182e,STAT_8cd2,2022-10-27
11427,ORD_7d5c8e,CUST_3a6e56,One_Time,2025-07-11,PAY_4414,STAT_8cd2,2025-07-11
11428,ORD_a88176,CUST_1daf0c,One_Time,2024-06-06,PAY_e09a,STAT_4414,2024-06-06
11429,ORD_709189,CUST_47b611,One_Time,2026-01-07,PAY_182e,STAT_e09a,2026-01-07
11430,ORD_449fa5,CUST_07b1d2,One_Time,2024-02-22,PAY_4414,STAT_182e,2024-02-22
11431,ORD_30565e,CUST_abc8d6,One_Time,2023-10-21,PAY_e09a,STAT_182e,2023-10-21
11432,ORD_f56f3b,CUST_40f1c3,Commercial,2021-07-01,PAY_e09a,STAT_182e,2021-07-01
11433,ORD_d1c26d,CUST_40f1c3,Commercial,2025-05-27,PAY_e09a,STAT_182e,2025-05-27
11434,ORD_7d0c88,CUST_40f1c3,Commercial,2021-07-01,PAY_e09a,STAT_8cd2,2021-07-01
11435,ORD_956de7,CUST_40f1c3,Commercial,2026-01-19,PAY_8cd2,STAT_182e,2026-01-19
11436,ORD_e2b9e6,CUST_40f1c3,Commercial,2024-01-08,PAY_8cd2,STAT_182e,2024-01-08
11437,ORD_3a3663,CUST_40f1c3,Commercial,2025-05-08,PAY_182e,STAT_8cd2,2025-05-08
11438,ORD_77c022,CUST_40f1c3,Commercial,2026-01-06,PAY_182e,STAT_4414,2026-01-06
11439,ORD_4bbe13,CUST_40f1c3,Commercial,2021-07-01,PAY_8cd2,STAT_182e,2021-07-01
11440,ORD_e4bdde,CUST_40f1c3,Commercial,2024-08-21,PAY_4414,STAT_8cd2,2024-08-21
11441,ORD_96bc3e,CUST_40f1c3,Commercial,2024-06-25,PAY_182e,STAT_e09a,2024-06-25
11442,ORD_f7ca48,CUST_40f1c3,Commercial,2021-10-04,PAY_4414,STAT_182e,2021-10-04
11443,ORD_b4d005,CUST_40f1c3,Commercial,2026-02-11,PAY_4414,STAT_182e,2026-02-11
11444,ORD_3ac41f,CUST_40f1c3,Commercial,2025-07-04,PAY_8cd2,STAT_182e,2025-07-04
11445,ORD_a314c3,CUST_40f1c3,Commercial,2023-05-12,PAY_182e,STAT_8cd2,2023-05-12
11446,ORD_1f45f1,CUST_7ec925,Repeat,2024-03-11,PAY_4414,STAT_4414,2024-03-11
11447,ORD_9b9e66,CUST_7ec925,Repeat,2022-05-19,PAY_8cd2,STAT_182e,2022-05-19
11448,ORD_120b72,CUST_7ec925,Repeat,2026-02-16,PAY_e09a,STAT_4414,2026-02-16
11449,ORD_78fbee,CUST_7ec925,Repeat,2022-12-01,PAY_4414,STAT_e09a,2022-12-01
11450,ORD_4ac5b7,CUST_7ec925,Repeat,2022-05-19,PAY_8cd2,STAT_e09a,2022-05-19
11451,ORD_99f305,CUST_7ec925,Repeat,2025-10-07,PAY_8cd2,STAT_4414,2025-10-07
11452,ORD_64f2ca,CUST_5c443c,One_Time,2025-01-01,PAY_182e,STAT_4414,2025-01-01
11453,ORD_516981,CUST_7f9ca4,Commercial,2025-01-23,PAY_e09a,STAT_4414,2025-01-23
11454,ORD_91cb55,CUST_7f9ca4,Commercial,2024-10-10,PAY_8cd2,STAT_8cd2,2024-10-10
11455,ORD_df64b3,CUST_7f9ca4,Commercial,2024-10-10,PAY_8cd2,STAT_182e,2024-10-10
11456,ORD_36ac0b,CUST_7f9ca4,Commercial,2024-10-10,PAY_e09a,STAT_e09a,2024-10-10
11457,ORD_3c5fa5,CUST_7f9ca4,Commercial,2024-10-10,PAY_4414,STAT_182e,2024-10-10
11458,ORD_1e2231,CUST_7f9ca4,Commercial,2024-10-10,PAY_8cd2,STAT_182e,2024-10-10
11459,ORD_d76c95,CUST_7f9ca4,Commercial,2025-01-15,PAY_8cd2,STAT_182e,2025-01-15
11460,ORD_935095,CUST_7f9ca4,Commercial,2025-09-02,PAY_182e,STAT_e09a,2025-09-02
11461,ORD_bd08db,CUST_7f9ca4,Commercial,2024-10-10,PAY_8cd2,STAT_182e,2024-10-10
11462,ORD_03f8e3,CUST_3dada0,Repeat,2025-10-19,PAY_4414,STAT_182e,2025-10-19
11463,ORD_6a87a2,CUST_3dada0,Repeat,2025-10-19,PAY_e09a,STAT_4414,2025-10-19
11464,ORD_bbe521,CUST_3dada0,Repeat,2025-10-19,PAY_4414,STAT_182e,2025-10-19
11465,ORD_76e787,CUST_caf671,Commercial,2025-06-28,PAY_8cd2,STAT_182e,2025-06-28
11466,ORD_0bfcbb,CUST_caf671,Commercial,2025-07-23,PAY_8cd2,STAT_8cd2,2025-07-23
11467,ORD_e9b0f2,CUST_caf671,Commercial,2023-05-25,PAY_4414,STAT_8cd2,2023-05-25
11468,ORD_c7f819,CUST_caf671,Commercial,2022-10-10,PAY_8cd2,STAT_182e,2022-10-10
11469,ORD_f2824d,CUST_caf671,Commercial,2022-09-18,PAY_e09a,STAT_4414,2022-09-18
11470,ORD_7006eb,CUST_caf671,Commercial,2024-05-12,PAY_182e,STAT_4414,2024-05-12
11471,ORD_105b5b,CUST_caf671,Commercial,2021-12-11,PAY_e09a,STAT_182e,2021-12-11
11472,ORD_ec9f50,CUST_caf671,Commercial,2022-12-10,PAY_e09a,STAT_4414,2022-12-10
11473,ORD_f2eb51,CUST_363447,One_Time,2025-01-08,PAY_8cd2,STAT_8cd2,2025-01-08
11474,ORD_ebb838,CUST_24a7a2,One_Time,2023-08-05,PAY_8cd2,STAT_182e,2023-08-05
11475,ORD_9664f9,CUST_1ec0d7,One_Time,2023-09-17,PAY_8cd2,STAT_8cd2,2023-09-17
11476,ORD_48c2b3,CUST_b87ec8,One_Time,2025-03-18,PAY_8cd2,STAT_4414,2025-03-18
11477,ORD_7798b1,CUST_4523f6,One_Time,2024-09-28,PAY_4414,STAT_e09a,2024-09-28
11478,ORD_20aa02,CUST_511ade,One_Time,2026-01-15,PAY_e09a,STAT_e09a,2026-01-15
11479,ORD_607b28,CUST_d4c481,One_Time,2023-11-02,PAY_e09a,STAT_e09a,2023-11-02
11480,ORD_f85060,CUST_741dfe,One_Time,2026-04-08,PAY_182e,STAT_8cd2,2026-04-08
11481,ORD_510204,CUST_10ca3c,One_Time,2026-01-02,PAY_4414,STAT_e09a,2026-01-02
11482,ORD_58b51d,CUST_2ba00d,One_Time,2026-05-26,PAY_4414,STAT_182e,2026-05-26
11483,ORD_b9bce1,CUST_0b6a78,One_Time,2026-05-04,PAY_4414,STAT_8cd2,2026-05-04
11484,ORD_663afa,CUST_f6d214,One_Time,2023-03-03,PAY_8cd2,STAT_4414,2023-03-03
11485,ORD_52154d,CUST_5e3735,One_Time,2026-01-17,PAY_182e,STAT_4414,2026-01-17
11486,ORD_61f9f7,CUST_af0216,Repeat,2026-04-12,PAY_4414,STAT_182e,2026-04-12
11487,ORD_a54800,CUST_af0216,Repeat,2023-09-13,PAY_4414,STAT_8cd2,2023-09-13
11488,ORD_a5ea2a,CUST_af0216,Repeat,2023-09-13,PAY_4414,STAT_182e,2023-09-13
11489,ORD_9b876a,CUST_af0216,Repeat,2023-09-13,PAY_4414,STAT_8cd2,2023-09-13
11490,ORD_878984,CUST_af0216,Repeat,2023-09-13,PAY_e09a,STAT_e09a,2023-09-13
11491,ORD_201d08,CUST_af0216,Repeat,2024-11-18,PAY_8cd2,STAT_e09a,2024-11-18
11492,ORD_2b6c41,CUST_a8ebcc,One_Time,2026-01-04,PAY_8cd2,STAT_4414,2026-01-04
11493,ORD_1f2a05,CUST_d3b9ec,One_Time,2026-01-08,PAY_e09a,STAT_8cd2,2026-01-08
11494,ORD_d1bbcb,CUST_a081d8,One_Time,2026-02-13,PAY_4414,STAT_4414,2026-02-13
11495,ORD_2c8391,CUST_710e2c,One_Time,2024-04-02,PAY_e09a,STAT_182e,2024-04-02
11496,ORD_efdb73,CUST_9ef620,One_Time,2024-02-06,PAY_4414,STAT_4414,2024-02-06
11497,ORD_a4ee8b,CUST_bab995,One_Time,2025-11-24,PAY_e09a,STAT_4414,2025-11-24
11498,ORD_c7361f,CUST_28c533,One_Time,2026-02-13,PAY_e09a,STAT_e09a,2026-02-13
11499,ORD_a4831b,CUST_d6a26a,Repeat,2025-01-19,PAY_182e,STAT_182e,2025-01-19
11500,ORD_11f5b3,CUST_d6a26a,Repeat,2025-09-20,PAY_182e,STAT_8cd2,2025-09-20
11501,ORD_68d775,CUST_d6a26a,Repeat,2025-01-19,PAY_e09a,STAT_e09a,2025-01-19
11502,ORD_8fa605,CUST_d6a26a,Repeat,2025-01-19,PAY_8cd2,STAT_e09a,2025-01-19
11503,ORD_cde002,CUST_d6a26a,Repeat,2025-01-19,PAY_e09a,STAT_4414,2025-01-19
11504,ORD_f3d6ca,CUST_d6a26a,Repeat,2026-01-08,PAY_182e,STAT_4414,2026-01-08
11505,ORD_844bb2,CUST_04d7ee,One_Time,2022-12-19,PAY_e09a,STAT_8cd2,2022-12-19
11506,ORD_bac37f,CUST_478dab,Repeat,2024-07-07,PAY_e09a,STAT_e09a,2024-07-07
11507,ORD_e6e8b0,CUST_478dab,Repeat,2024-07-07,PAY_182e,STAT_182e,2024-07-07
11508,ORD_924f07,CUST_478dab,Repeat,2026-05-16,PAY_e09a,STAT_4414,2026-05-16
11509,ORD_4546e1,CUST_478dab,Repeat,2025-02-13,PAY_8cd2,STAT_4414,2025-02-13
11510,ORD_e9197d,CUST_478dab,Repeat,2025-03-07,PAY_182e,STAT_4414,2025-03-07
11511,ORD_298add,CUST_6622d9,One_Time,2025-06-27,PAY_182e,STAT_4414,2025-06-27
11512,ORD_679831,CUST_ebf81e,One_Time,2026-04-02,PAY_8cd2,STAT_182e,2026-04-02
11513,ORD_640fae,CUST_4c3d3d,One_Time,2025-02-19,PAY_8cd2,STAT_8cd2,2025-02-19
