Product_ID,Promotion_ID,Discount_Value
MatFoa_8cd2,PROMO_8cd2,8.0
MatFoa_4414,PROMO_8cd2,8.0
MatFoa_e09a,PROMO_8cd2,8.0
MatFoa_182e,PROMO_8cd2,8.0
MatFoa_28ad,PROMO_8cd2,8.0
MatFoa_13fa,PROMO_8cd2,8.0
MatSpr_56a3,PROMO_8cd2,8.0
MatSpr_06ac,PROMO_8cd2,8.0
MatSpr_ccc4,PROMO_8cd2,8.0
MatSpr_28ce,PROMO_8cd2,8.0
MatSpr_ba3a,PROMO_8cd2,8.0
MatSpr_acd0,PROMO_8cd2,8.0
MatPoc_1e64,PROMO_8cd2,8.0
MatPoc_27a0,PROMO_8cd2,8.0
MatPoc_6ee7,PROMO_8cd2,8.0
MatPoc_45de,PROMO_8cd2,8.0
MatPoc_2df5,PROMO_8cd2,8.0
MatPoc_f6cb,PROMO_8cd2,8.0
BedCot_2449,PROMO_4414,0.0
BedCot_6141,PROMO_4414,0.0
BedCot_4a29,PROMO_4414,0.0
BedCot_c645,PROMO_4414,0.0
BedCot_d278,PROMO_4414,0.0
BedCot_87ca,PROMO_4414,0.0
BedCot_2397,PROMO_4414,0.0
BedCot_4e8b,PROMO_4414,0.0
BedCot_17f5,PROMO_4414,0.0
BedPol_e8c9,PROMO_4414,0.0
BedPol_2724,PROMO_4414,0.0
BedPol_e207,PROMO_4414,0.0
BedPol_3807,PROMO_4414,0.0
BedPol_f406,PROMO_4414,0.0
BedPol_d3de,PROMO_4414,0.0
BedPol_5144,PROMO_4414,0.0
BedPol_239e,PROMO_4414,0.0
BedPol_5ab8,PROMO_4414,0.0
BedLin_18f8,PROMO_4414,0.0
BedLin_2f24,PROMO_4414,0.0
BedLin_d846,PROMO_4414,0.0
BedLin_8a26,PROMO_4414,0.0
BedLin_b097,PROMO_4414,0.0
BedLin_67d1,PROMO_4414,0.0
BedLin_aa0f,PROMO_4414,0.0
BedLin_5d3d,PROMO_4414,0.0
BedLin_f732,PROMO_4414,0.0
MatFoa_8cd2,PROMO_e09a,8.0
MatFoa_4414,PROMO_e09a,8.0
MatFoa_e09a,PROMO_e09a,8.0
MatFoa_182e,PROMO_e09a,8.0
MatFoa_28ad,PROMO_e09a,8.0
MatFoa_13fa,PROMO_e09a,8.0
MatSpr_56a3,PROMO_e09a,8.0
MatSpr_06ac,PROMO_e09a,8.0
MatSpr_ccc4,PROMO_e09a,8.0
MatSpr_28ce,PROMO_e09a,8.0
MatSpr_ba3a,PROMO_e09a,8.0
MatSpr_acd0,PROMO_e09a,8.0
MatPoc_1e64,PROMO_e09a,8.0
MatPoc_27a0,PROMO_e09a,8.0
MatPoc_6ee7,PROMO_e09a,8.0
MatPoc_45de,PROMO_e09a,8.0
MatPoc_2df5,PROMO_e09a,8.0
MatPoc_f6cb,PROMO_e09a,8.0
MatFoa_8cd2,PROMO_182e,0.0
MatFoa_4414,PROMO_182e,0.0
MatFoa_e09a,PROMO_182e,0.0
MatFoa_182e,PROMO_182e,0.0
MatFoa_28ad,PROMO_182e,0.0
MatFoa_13fa,PROMO_182e,0.0
MatSpr_56a3,PROMO_182e,0.0
MatSpr_06ac,PROMO_182e,0.0
MatSpr_ccc4,PROMO_182e,0.0
MatSpr_28ce,PROMO_182e,0.0
MatSpr_ba3a,PROMO_182e,0.0
MatSpr_acd0,PROMO_182e,0.0
MatPoc_1e64,PROMO_182e,0.0
MatPoc_27a0,PROMO_182e,0.0
MatPoc_6ee7,PROMO_182e,0.0
MatPoc_45de,PROMO_182e,0.0
MatPoc_2df5,PROMO_182e,0.0
MatPoc_f6cb,PROMO_182e,0.0
BedCot_2449,PROMO_182e,0.0
BedCot_6141,PROMO_182e,0.0
BedCot_4a29,PROMO_182e,0.0
BedCot_c645,PROMO_182e,0.0
BedCot_d278,PROMO_182e,0.0
BedCot_87ca,PROMO_182e,0.0
BedCot_2397,PROMO_182e,0.0
BedCot_4e8b,PROMO_182e,0.0
BedCot_17f5,PROMO_182e,0.0
BedPol_e8c9,PROMO_182e,0.0
BedPol_2724,PROMO_182e,0.0
BedPol_e207,PROMO_182e,0.0
BedPol_3807,PROMO_182e,0.0
BedPol_f406,PROMO_182e,0.0
BedPol_d3de,PROMO_182e,0.0
BedPol_5144,PROMO_182e,0.0
BedPol_239e,PROMO_182e,0.0
BedPol_5ab8,PROMO_182e,0.0
BedLin_18f8,PROMO_182e,0.0
BedLin_2f24,PROMO_182e,0.0
BedLin_d846,PROMO_182e,0.0
BedLin_8a26,PROMO_182e,0.0
BedLin_b097,PROMO_182e,0.0
BedLin_67d1,PROMO_182e,0.0
BedLin_aa0f,PROMO_182e,0.0
BedLin_5d3d,PROMO_182e,0.0
BedLin_f732,PROMO_182e,0.0
PilCot_3481,PROMO_182e,0.0
PilCot_f078,PROMO_182e,0.0
PilCot_b22a,PROMO_182e,0.0
PilFea_8a5d,PROMO_182e,0.0
PilFea_115c,PROMO_182e,0.0
PilFea_56ac,PROMO_182e,0.0
PilPol_3076,PROMO_182e,0.0
PilPol_662f,PROMO_182e,0.0
PilPol_a442,PROMO_182e,0.0
BolCot_3050,PROMO_182e,0.0
BolCot_31e6,PROMO_182e,0.0
BolCot_21df,PROMO_182e,0.0
BolFea_98d4,PROMO_182e,0.0
BolFea_d1d6,PROMO_182e,0.0
BolFea_b87f,PROMO_182e,0.0
BolPol_f3ad,PROMO_182e,0.0
BolPol_cfd7,PROMO_182e,0.0
BolPol_82d7,PROMO_182e,0.0
BlaCot_9ebb,PROMO_182e,0.0
BlaCot_9781,PROMO_182e,0.0
BlaCot_8a14,PROMO_182e,0.0
BlaCot_503c,PROMO_182e,0.0
BlaCot_ce6c,PROMO_182e,0.0
BlaCot_b529,PROMO_182e,0.0
BlaCot_572e,PROMO_182e,0.0
BlaCot_9ef6,PROMO_182e,0.0
BlaCot_6c4b,PROMO_182e,0.0
BlaFla_769a,PROMO_182e,0.0
BlaFla_ce8e,PROMO_182e,0.0
BlaFla_4110,PROMO_182e,0.0
BlaFla_f995,PROMO_182e,0.0
BlaFla_1d9c,PROMO_182e,0.0
BlaFla_78f1,PROMO_182e,0.0
BlaFla_7645,PROMO_182e,0.0
BlaFla_ad01,PROMO_182e,0.0
BlaFla_5f55,PROMO_182e,0.0
BlaFle_991d,PROMO_182e,0.0
BlaFle_1485,PROMO_182e,0.0
BlaFle_0f50,PROMO_182e,0.0
BlaFle_c9a0,PROMO_182e,0.0
BlaFle_394c,PROMO_182e,0.0
BlaFle_7daf,PROMO_182e,0.0
BlaFle_5881,PROMO_182e,0.0
BlaFle_33f0,PROMO_182e,0.0
BlaFle_9bda,PROMO_182e,0.0
MatFoa_8cd2,PROMO_28ad,20.0
MatFoa_4414,PROMO_28ad,20.0
MatFoa_e09a,PROMO_28ad,20.0
MatFoa_182e,PROMO_28ad,20.0
MatFoa_28ad,PROMO_28ad,20.0
MatFoa_13fa,PROMO_28ad,20.0
MatSpr_56a3,PROMO_28ad,20.0
MatSpr_06ac,PROMO_28ad,20.0
MatSpr_ccc4,PROMO_28ad,20.0
MatSpr_28ce,PROMO_28ad,20.0
MatSpr_ba3a,PROMO_28ad,20.0
MatSpr_acd0,PROMO_28ad,20.0
MatPoc_1e64,PROMO_28ad,20.0
MatPoc_27a0,PROMO_28ad,20.0
MatPoc_6ee7,PROMO_28ad,20.0
MatPoc_45de,PROMO_28ad,20.0
MatPoc_2df5,PROMO_28ad,20.0
MatPoc_f6cb,PROMO_28ad,20.0
BedCot_2449,PROMO_28ad,20.0
BedCot_6141,PROMO_28ad,20.0
BedCot_4a29,PROMO_28ad,20.0
BedCot_c645,PROMO_28ad,20.0
BedCot_d278,PROMO_28ad,20.0
BedCot_87ca,PROMO_28ad,20.0
BedCot_2397,PROMO_28ad,20.0
BedCot_4e8b,PROMO_28ad,20.0
BedCot_17f5,PROMO_28ad,20.0
BedPol_e8c9,PROMO_28ad,20.0
BedPol_2724,PROMO_28ad,20.0
BedPol_e207,PROMO_28ad,20.0
BedPol_3807,PROMO_28ad,20.0
BedPol_f406,PROMO_28ad,20.0
BedPol_d3de,PROMO_28ad,20.0
BedPol_5144,PROMO_28ad,20.0
BedPol_239e,PROMO_28ad,20.0
BedPol_5ab8,PROMO_28ad,20.0
BedLin_18f8,PROMO_28ad,20.0
BedLin_2f24,PROMO_28ad,20.0
BedLin_d846,PROMO_28ad,20.0
BedLin_8a26,PROMO_28ad,20.0
BedLin_b097,PROMO_28ad,20.0
BedLin_67d1,PROMO_28ad,20.0
BedLin_aa0f,PROMO_28ad,20.0
BedLin_5d3d,PROMO_28ad,20.0
BedLin_f732,PROMO_28ad,20.0
PilCot_3481,PROMO_28ad,20.0
PilCot_f078,PROMO_28ad,20.0
PilCot_b22a,PROMO_28ad,20.0
PilFea_8a5d,PROMO_28ad,20.0
PilFea_115c,PROMO_28ad,20.0
PilFea_56ac,PROMO_28ad,20.0
PilPol_3076,PROMO_28ad,20.0
PilPol_662f,PROMO_28ad,20.0
PilPol_a442,PROMO_28ad,20.0
BolCot_3050,PROMO_28ad,20.0
BolCot_31e6,PROMO_28ad,20.0
BolCot_21df,PROMO_28ad,20.0
BolFea_98d4,PROMO_28ad,20.0
BolFea_d1d6,PROMO_28ad,20.0
BolFea_b87f,PROMO_28ad,20.0
BolPol_f3ad,PROMO_28ad,20.0
BolPol_cfd7,PROMO_28ad,20.0
BolPol_82d7,PROMO_28ad,20.0
BlaCot_9ebb,PROMO_28ad,20.0
BlaCot_9781,PROMO_28ad,20.0
BlaCot_8a14,PROMO_28ad,20.0
BlaCot_503c,PROMO_28ad,20.0
BlaCot_ce6c,PROMO_28ad,20.0
BlaCot_b529,PROMO_28ad,20.0
BlaCot_572e,PROMO_28ad,20.0
BlaCot_9ef6,PROMO_28ad,20.0
BlaCot_6c4b,PROMO_28ad,20.0
BlaFla_769a,PROMO_28ad,20.0
BlaFla_ce8e,PROMO_28ad,20.0
BlaFla_4110,PROMO_28ad,20.0
BlaFla_f995,PROMO_28ad,20.0
BlaFla_1d9c,PROMO_28ad,20.0
BlaFla_78f1,PROMO_28ad,20.0
BlaFla_7645,PROMO_28ad,20.0
BlaFla_ad01,PROMO_28ad,20.0
BlaFla_5f55,PROMO_28ad,20.0
BlaFle_991d,PROMO_28ad,20.0
BlaFle_1485,PROMO_28ad,20.0
BlaFle_0f50,PROMO_28ad,20.0
BlaFle_c9a0,PROMO_28ad,20.0
BlaFle_394c,PROMO_28ad,20.0
BlaFle_7daf,PROMO_28ad,20.0
BlaFle_5881,PROMO_28ad,20.0
BlaFle_33f0,PROMO_28ad,20.0
BlaFle_9bda,PROMO_28ad,20.0
MatFoa_8cd2,PROMO_13fa,0.0
MatFoa_4414,PROMO_13fa,0.0
MatFoa_e09a,PROMO_13fa,0.0
MatFoa_182e,PROMO_13fa,0.0
MatFoa_28ad,PROMO_13fa,0.0
MatFoa_13fa,PROMO_13fa,0.0
MatSpr_56a3,PROMO_13fa,0.0
MatSpr_06ac,PROMO_13fa,0.0
MatSpr_ccc4,PROMO_13fa,0.0
MatSpr_28ce,PROMO_13fa,0.0
MatSpr_ba3a,PROMO_13fa,0.0
MatSpr_acd0,PROMO_13fa,0.0
MatPoc_1e64,PROMO_13fa,0.0
MatPoc_27a0,PROMO_13fa,0.0
MatPoc_6ee7,PROMO_13fa,0.0
MatPoc_45de,PROMO_13fa,0.0
MatPoc_2df5,PROMO_13fa,0.0
MatPoc_f6cb,PROMO_13fa,0.0
BedCot_2449,PROMO_13fa,0.0
BedCot_6141,PROMO_13fa,0.0
BedCot_4a29,PROMO_13fa,0.0
BedCot_c645,PROMO_13fa,0.0
BedCot_d278,PROMO_13fa,0.0
BedCot_87ca,PROMO_13fa,0.0
BedCot_2397,PROMO_13fa,0.0
BedCot_4e8b,PROMO_13fa,0.0
BedCot_17f5,PROMO_13fa,0.0
BedPol_e8c9,PROMO_13fa,0.0
BedPol_2724,PROMO_13fa,0.0
BedPol_e207,PROMO_13fa,0.0
BedPol_3807,PROMO_13fa,0.0
BedPol_f406,PROMO_13fa,0.0
BedPol_d3de,PROMO_13fa,0.0
BedPol_5144,PROMO_13fa,0.0
BedPol_239e,PROMO_13fa,0.0
BedPol_5ab8,PROMO_13fa,0.0
BedLin_18f8,PROMO_13fa,0.0
BedLin_2f24,PROMO_13fa,0.0
BedLin_d846,PROMO_13fa,0.0
BedLin_8a26,PROMO_13fa,0.0
BedLin_b097,PROMO_13fa,0.0
BedLin_67d1,PROMO_13fa,0.0
BedLin_aa0f,PROMO_13fa,0.0
BedLin_5d3d,PROMO_13fa,0.0
BedLin_f732,PROMO_13fa,0.0
PilCot_3481,PROMO_13fa,0.0
PilCot_f078,PROMO_13fa,0.0
PilCot_b22a,PROMO_13fa,0.0
PilFea_8a5d,PROMO_13fa,0.0
PilFea_115c,PROMO_13fa,0.0
PilFea_56ac,PROMO_13fa,0.0
PilPol_3076,PROMO_13fa,0.0
PilPol_662f,PROMO_13fa,0.0
PilPol_a442,PROMO_13fa,0.0
BolCot_3050,PROMO_13fa,0.0
BolCot_31e6,PROMO_13fa,0.0
BolCot_21df,PROMO_13fa,0.0
BolFea_98d4,PROMO_13fa,0.0
BolFea_d1d6,PROMO_13fa,0.0
BolFea_b87f,PROMO_13fa,0.0
BolPol_f3ad,PROMO_13fa,0.0
BolPol_cfd7,PROMO_13fa,0.0
BolPol_82d7,PROMO_13fa,0.0
BlaCot_9ebb,PROMO_13fa,0.0
BlaCot_9781,PROMO_13fa,0.0
BlaCot_8a14,PROMO_13fa,0.0
BlaCot_503c,PROMO_13fa,0.0
BlaCot_ce6c,PROMO_13fa,0.0
BlaCot_b529,PROMO_13fa,0.0
BlaCot_572e,PROMO_13fa,0.0
BlaCot_9ef6,PROMO_13fa,0.0
BlaCot_6c4b,PROMO_13fa,0.0
BlaFla_769a,PROMO_13fa,0.0
BlaFla_ce8e,PROMO_13fa,0.0
BlaFla_4110,PROMO_13fa,0.0
BlaFla_f995,PROMO_13fa,0.0
BlaFla_1d9c,PROMO_13fa,0.0
BlaFla_78f1,PROMO_13fa,0.0
BlaFla_7645,PROMO_13fa,0.0
BlaFla_ad01,PROMO_13fa,0.0
BlaFla_5f55,PROMO_13fa,0.0
BlaFle_991d,PROMO_13fa,0.0
BlaFle_1485,PROMO_13fa,0.0
BlaFle_0f50,PROMO_13fa,0.0
BlaFle_c9a0,PROMO_13fa,0.0
BlaFle_394c,PROMO_13fa,0.0
BlaFle_7daf,PROMO_13fa,0.0
BlaFle_5881,PROMO_13fa,0.0
BlaFle_33f0,PROMO_13fa,0.0
BlaFle_9bda,PROMO_13fa,0.0
MatFoa_8cd2,PROMO_56a3,10.0
MatFoa_4414,PROMO_56a3,10.0
MatFoa_e09a,PROMO_56a3,10.0
MatFoa_182e,PROMO_56a3,10.0
MatFoa_28ad,PROMO_56a3,10.0
MatFoa_13fa,PROMO_56a3,10.0
MatSpr_56a3,PROMO_56a3,10.0
MatSpr_06ac,PROMO_56a3,10.0
MatSpr_ccc4,PROMO_56a3,10.0
MatSpr_28ce,PROMO_56a3,10.0
MatSpr_ba3a,PROMO_56a3,10.0
MatSpr_acd0,PROMO_56a3,10.0
MatPoc_1e64,PROMO_56a3,10.0
MatPoc_27a0,PROMO_56a3,10.0
MatPoc_6ee7,PROMO_56a3,10.0
MatPoc_45de,PROMO_56a3,10.0
MatPoc_2df5,PROMO_56a3,10.0
MatPoc_f6cb,PROMO_56a3,10.0
BedCot_2449,PROMO_56a3,10.0
BedCot_6141,PROMO_56a3,10.0
BedCot_4a29,PROMO_56a3,10.0
BedCot_c645,PROMO_56a3,10.0
BedCot_d278,PROMO_56a3,10.0
BedCot_87ca,PROMO_56a3,10.0
BedCot_2397,PROMO_56a3,10.0
BedCot_4e8b,PROMO_56a3,10.0
BedCot_17f5,PROMO_56a3,10.0
BedPol_e8c9,PROMO_56a3,10.0
BedPol_2724,PROMO_56a3,10.0
BedPol_e207,PROMO_56a3,10.0
BedPol_3807,PROMO_56a3,10.0
BedPol_f406,PROMO_56a3,10.0
BedPol_d3de,PROMO_56a3,10.0
BedPol_5144,PROMO_56a3,10.0
BedPol_239e,PROMO_56a3,10.0
BedPol_5ab8,PROMO_56a3,10.0
BedLin_18f8,PROMO_56a3,10.0
BedLin_2f24,PROMO_56a3,10.0
BedLin_d846,PROMO_56a3,10.0
BedLin_8a26,PROMO_56a3,10.0
BedLin_b097,PROMO_56a3,10.0
BedLin_67d1,PROMO_56a3,10.0
BedLin_aa0f,PROMO_56a3,10.0
BedLin_5d3d,PROMO_56a3,10.0
BedLin_f732,PROMO_56a3,10.0
PilCot_3481,PROMO_56a3,10.0
PilCot_f078,PROMO_56a3,10.0
PilCot_b22a,PROMO_56a3,10.0
PilFea_8a5d,PROMO_56a3,10.0
PilFea_115c,PROMO_56a3,10.0
PilFea_56ac,PROMO_56a3,10.0
PilPol_3076,PROMO_56a3,10.0
PilPol_662f,PROMO_56a3,10.0
PilPol_a442,PROMO_56a3,10.0
BolCot_3050,PROMO_56a3,10.0
BolCot_31e6,PROMO_56a3,10.0
BolCot_21df,PROMO_56a3,10.0
BolFea_98d4,PROMO_56a3,10.0
BolFea_d1d6,PROMO_56a3,10.0
BolFea_b87f,PROMO_56a3,10.0
BolPol_f3ad,PROMO_56a3,10.0
BolPol_cfd7,PROMO_56a3,10.0
BolPol_82d7,PROMO_56a3,10.0
BlaCot_9ebb,PROMO_56a3,10.0
BlaCot_9781,PROMO_56a3,10.0
BlaCot_8a14,PROMO_56a3,10.0
BlaCot_503c,PROMO_56a3,10.0
BlaCot_ce6c,PROMO_56a3,10.0
BlaCot_b529,PROMO_56a3,10.0
BlaCot_572e,PROMO_56a3,10.0
BlaCot_9ef6,PROMO_56a3,10.0
BlaCot_6c4b,PROMO_56a3,10.0
BlaFla_769a,PROMO_56a3,10.0
BlaFla_ce8e,PROMO_56a3,10.0
BlaFla_4110,PROMO_56a3,10.0
BlaFla_f995,PROMO_56a3,10.0
BlaFla_1d9c,PROMO_56a3,10.0
BlaFla_78f1,PROMO_56a3,10.0
BlaFla_7645,PROMO_56a3,10.0
BlaFla_ad01,PROMO_56a3,10.0
BlaFla_5f55,PROMO_56a3,10.0
BlaFle_991d,PROMO_56a3,10.0
BlaFle_1485,PROMO_56a3,10.0
BlaFle_0f50,PROMO_56a3,10.0
BlaFle_c9a0,PROMO_56a3,10.0
BlaFle_394c,PROMO_56a3,10.0
BlaFle_7daf,PROMO_56a3,10.0
BlaFle_5881,PROMO_56a3,10.0
BlaFle_33f0,PROMO_56a3,10.0
BlaFle_9bda,PROMO_56a3,10.0
MatFoa_8cd2,PROMO_06ac,0.0
MatFoa_4414,PROMO_06ac,0.0
MatFoa_e09a,PROMO_06ac,0.0
MatFoa_182e,PROMO_06ac,0.0
MatFoa_28ad,PROMO_06ac,0.0
MatFoa_13fa,PROMO_06ac,0.0
MatSpr_56a3,PROMO_06ac,0.0
MatSpr_06ac,PROMO_06ac,0.0
MatSpr_ccc4,PROMO_06ac,0.0
MatSpr_28ce,PROMO_06ac,0.0
MatSpr_ba3a,PROMO_06ac,0.0
MatSpr_acd0,PROMO_06ac,0.0
MatPoc_1e64,PROMO_06ac,0.0
MatPoc_27a0,PROMO_06ac,0.0
MatPoc_6ee7,PROMO_06ac,0.0
MatPoc_45de,PROMO_06ac,0.0
MatPoc_2df5,PROMO_06ac,0.0
MatPoc_f6cb,PROMO_06ac,0.0
BedCot_2449,PROMO_06ac,0.0
BedCot_6141,PROMO_06ac,0.0
BedCot_4a29,PROMO_06ac,0.0
BedCot_c645,PROMO_06ac,0.0
BedCot_d278,PROMO_06ac,0.0
BedCot_87ca,PROMO_06ac,0.0
BedCot_2397,PROMO_06ac,0.0
BedCot_4e8b,PROMO_06ac,0.0
BedCot_17f5,PROMO_06ac,0.0
BedPol_e8c9,PROMO_06ac,0.0
BedPol_2724,PROMO_06ac,0.0
BedPol_e207,PROMO_06ac,0.0
BedPol_3807,PROMO_06ac,0.0
BedPol_f406,PROMO_06ac,0.0
BedPol_d3de,PROMO_06ac,0.0
BedPol_5144,PROMO_06ac,0.0
BedPol_239e,PROMO_06ac,0.0
BedPol_5ab8,PROMO_06ac,0.0
BedLin_18f8,PROMO_06ac,0.0
BedLin_2f24,PROMO_06ac,0.0
BedLin_d846,PROMO_06ac,0.0
BedLin_8a26,PROMO_06ac,0.0
BedLin_b097,PROMO_06ac,0.0
BedLin_67d1,PROMO_06ac,0.0
BedLin_aa0f,PROMO_06ac,0.0
BedLin_5d3d,PROMO_06ac,0.0
BedLin_f732,PROMO_06ac,0.0
PilCot_3481,PROMO_06ac,0.0
PilCot_f078,PROMO_06ac,0.0
PilCot_b22a,PROMO_06ac,0.0
PilFea_8a5d,PROMO_06ac,0.0
PilFea_115c,PROMO_06ac,0.0
PilFea_56ac,PROMO_06ac,0.0
PilPol_3076,PROMO_06ac,0.0
PilPol_662f,PROMO_06ac,0.0
PilPol_a442,PROMO_06ac,0.0
BolCot_3050,PROMO_06ac,0.0
BolCot_31e6,PROMO_06ac,0.0
BolCot_21df,PROMO_06ac,0.0
BolFea_98d4,PROMO_06ac,0.0
BolFea_d1d6,PROMO_06ac,0.0
BolFea_b87f,PROMO_06ac,0.0
BolPol_f3ad,PROMO_06ac,0.0
BolPol_cfd7,PROMO_06ac,0.0
BolPol_82d7,PROMO_06ac,0.0
BlaCot_9ebb,PROMO_06ac,0.0
BlaCot_9781,PROMO_06ac,0.0
BlaCot_8a14,PROMO_06ac,0.0
BlaCot_503c,PROMO_06ac,0.0
BlaCot_ce6c,PROMO_06ac,0.0
BlaCot_b529,PROMO_06ac,0.0
BlaCot_572e,PROMO_06ac,0.0
BlaCot_9ef6,PROMO_06ac,0.0
BlaCot_6c4b,PROMO_06ac,0.0
BlaFla_769a,PROMO_06ac,0.0
BlaFla_ce8e,PROMO_06ac,0.0
BlaFla_4110,PROMO_06ac,0.0
BlaFla_f995,PROMO_06ac,0.0
BlaFla_1d9c,PROMO_06ac,0.0
BlaFla_78f1,PROMO_06ac,0.0
BlaFla_7645,PROMO_06ac,0.0
BlaFla_ad01,PROMO_06ac,0.0
BlaFla_5f55,PROMO_06ac,0.0
BlaFle_991d,PROMO_06ac,0.0
BlaFle_1485,PROMO_06ac,0.0
BlaFle_0f50,PROMO_06ac,0.0
BlaFle_c9a0,PROMO_06ac,0.0
BlaFle_394c,PROMO_06ac,0.0
BlaFle_7daf,PROMO_06ac,0.0
BlaFle_5881,PROMO_06ac,0.0
BlaFle_33f0,PROMO_06ac,0.0
BlaFle_9bda,PROMO_06ac,0.0
MatFoa_8cd2,PROMO_ccc4,210.0
MatFoa_4414,PROMO_ccc4,210.0
MatFoa_e09a,PROMO_ccc4,330.0
MatFoa_182e,PROMO_ccc4,330.0
MatFoa_28ad,PROMO_ccc4,450.0
MatFoa_13fa,PROMO_ccc4,450.0
MatSpr_56a3,PROMO_ccc4,240.0
MatSpr_06ac,PROMO_ccc4,240.0
MatSpr_ccc4,PROMO_ccc4,360.0
MatSpr_28ce,PROMO_ccc4,360.0
MatSpr_ba3a,PROMO_ccc4,480.0
MatSpr_acd0,PROMO_ccc4,480.0
MatPoc_1e64,PROMO_ccc4,510.0
MatPoc_27a0,PROMO_ccc4,510.0
MatPoc_6ee7,PROMO_ccc4,780.0
MatPoc_45de,PROMO_ccc4,780.0
MatPoc_2df5,PROMO_ccc4,1050.0
MatPoc_f6cb,PROMO_ccc4,1050.0
BedCot_2449,PROMO_ccc4,48.0
BedCot_6141,PROMO_ccc4,48.0
BedCot_4a29,PROMO_ccc4,48.0
BedCot_c645,PROMO_ccc4,72.0
BedCot_d278,PROMO_ccc4,72.0
BedCot_87ca,PROMO_ccc4,72.0
BedCot_2397,PROMO_ccc4,90.0
BedCot_4e8b,PROMO_ccc4,90.0
BedCot_17f5,PROMO_ccc4,90.0
BedPol_e8c9,PROMO_ccc4,24.0
BedPol_2724,PROMO_ccc4,24.0
BedPol_e207,PROMO_ccc4,24.0
BedPol_3807,PROMO_ccc4,30.0
BedPol_f406,PROMO_ccc4,30.0
BedPol_d3de,PROMO_ccc4,30.0
BedPol_5144,PROMO_ccc4,36.0
BedPol_239e,PROMO_ccc4,36.0
BedPol_5ab8,PROMO_ccc4,36.0
BedLin_18f8,PROMO_ccc4,120.0
BedLin_2f24,PROMO_ccc4,120.0
BedLin_d846,PROMO_ccc4,120.0
BedLin_8a26,PROMO_ccc4,228.0
BedLin_b097,PROMO_ccc4,228.0
BedLin_67d1,PROMO_ccc4,228.0
BedLin_aa0f,PROMO_ccc4,252.0
BedLin_5d3d,PROMO_ccc4,252.0
BedLin_f732,PROMO_ccc4,252.0
PilCot_3481,PROMO_ccc4,15.0
PilCot_f078,PROMO_ccc4,15.0
PilCot_b22a,PROMO_ccc4,15.0
PilFea_8a5d,PROMO_ccc4,39.0
PilFea_115c,PROMO_ccc4,39.0
PilFea_56ac,PROMO_ccc4,39.0
PilPol_3076,PROMO_ccc4,11.0
PilPol_662f,PROMO_ccc4,11.0
PilPol_a442,PROMO_ccc4,11.0
BolCot_3050,PROMO_ccc4,18.0
BolCot_31e6,PROMO_ccc4,18.0
BolCot_21df,PROMO_ccc4,18.0
BolFea_98d4,PROMO_ccc4,42.0
BolFea_d1d6,PROMO_ccc4,42.0
BolFea_b87f,PROMO_ccc4,42.0
BolPol_f3ad,PROMO_ccc4,13.0
BolPol_cfd7,PROMO_ccc4,13.0
BolPol_82d7,PROMO_ccc4,13.0
BlaCot_9ebb,PROMO_ccc4,72.0
BlaCot_9781,PROMO_ccc4,72.0
BlaCot_8a14,PROMO_ccc4,72.0
BlaCot_503c,PROMO_ccc4,120.0
BlaCot_ce6c,PROMO_ccc4,120.0
BlaCot_b529,PROMO_ccc4,120.0
BlaCot_572e,PROMO_ccc4,132.0
BlaCot_9ef6,PROMO_ccc4,132.0
BlaCot_6c4b,PROMO_ccc4,132.0
BlaFla_769a,PROMO_ccc4,36.0
BlaFla_ce8e,PROMO_ccc4,36.0
BlaFla_4110,PROMO_ccc4,36.0
BlaFla_f995,PROMO_ccc4,60.0
BlaFla_1d9c,PROMO_ccc4,60.0
BlaFla_78f1,PROMO_ccc4,60.0
BlaFla_7645,PROMO_ccc4,72.0
BlaFla_ad01,PROMO_ccc4,72.0
BlaFla_5f55,PROMO_ccc4,72.0
BlaFle_991d,PROMO_ccc4,18.0
BlaFle_1485,PROMO_ccc4,18.0
BlaFle_0f50,PROMO_ccc4,18.0
BlaFle_c9a0,PROMO_ccc4,36.0
BlaFle_394c,PROMO_ccc4,36.0
BlaFle_7daf,PROMO_ccc4,36.0
BlaFle_5881,PROMO_ccc4,42.0
BlaFle_33f0,PROMO_ccc4,42.0
BlaFle_9bda,PROMO_ccc4,42.0
MatFoa_8cd2,PROMO_28ce,15.0
MatFoa_4414,PROMO_28ce,15.0
MatFoa_e09a,PROMO_28ce,15.0
MatFoa_182e,PROMO_28ce,15.0
MatFoa_28ad,PROMO_28ce,15.0
MatFoa_13fa,PROMO_28ce,15.0
MatSpr_56a3,PROMO_28ce,15.0
MatSpr_06ac,PROMO_28ce,15.0
MatSpr_ccc4,PROMO_28ce,15.0
MatSpr_28ce,PROMO_28ce,15.0
MatSpr_ba3a,PROMO_28ce,15.0
MatSpr_acd0,PROMO_28ce,15.0
MatPoc_1e64,PROMO_28ce,15.0
MatPoc_27a0,PROMO_28ce,15.0
MatPoc_6ee7,PROMO_28ce,15.0
MatPoc_45de,PROMO_28ce,15.0
MatPoc_2df5,PROMO_28ce,15.0
MatPoc_f6cb,PROMO_28ce,15.0
BedCot_2449,PROMO_28ce,15.0
BedCot_6141,PROMO_28ce,15.0
BedCot_4a29,PROMO_28ce,15.0
BedCot_c645,PROMO_28ce,15.0
BedCot_d278,PROMO_28ce,15.0
BedCot_87ca,PROMO_28ce,15.0
BedCot_2397,PROMO_28ce,15.0
BedCot_4e8b,PROMO_28ce,15.0
BedCot_17f5,PROMO_28ce,15.0
BedPol_e8c9,PROMO_28ce,15.0
BedPol_2724,PROMO_28ce,15.0
BedPol_e207,PROMO_28ce,15.0
BedPol_3807,PROMO_28ce,15.0
BedPol_f406,PROMO_28ce,15.0
BedPol_d3de,PROMO_28ce,15.0
BedPol_5144,PROMO_28ce,15.0
BedPol_239e,PROMO_28ce,15.0
BedPol_5ab8,PROMO_28ce,15.0
BedLin_18f8,PROMO_28ce,15.0
BedLin_2f24,PROMO_28ce,15.0
BedLin_d846,PROMO_28ce,15.0
BedLin_8a26,PROMO_28ce,15.0
BedLin_b097,PROMO_28ce,15.0
BedLin_67d1,PROMO_28ce,15.0
BedLin_aa0f,PROMO_28ce,15.0
BedLin_5d3d,PROMO_28ce,15.0
BedLin_f732,PROMO_28ce,15.0
PilCot_3481,PROMO_28ce,15.0
PilCot_f078,PROMO_28ce,15.0
PilCot_b22a,PROMO_28ce,15.0
PilFea_8a5d,PROMO_28ce,15.0
PilFea_115c,PROMO_28ce,15.0
PilFea_56ac,PROMO_28ce,15.0
PilPol_3076,PROMO_28ce,15.0
PilPol_662f,PROMO_28ce,15.0
PilPol_a442,PROMO_28ce,15.0
BolCot_3050,PROMO_28ce,15.0
BolCot_31e6,PROMO_28ce,15.0
BolCot_21df,PROMO_28ce,15.0
BolFea_98d4,PROMO_28ce,15.0
BolFea_d1d6,PROMO_28ce,15.0
BolFea_b87f,PROMO_28ce,15.0
BolPol_f3ad,PROMO_28ce,15.0
BolPol_cfd7,PROMO_28ce,15.0
BolPol_82d7,PROMO_28ce,15.0
BlaCot_9ebb,PROMO_28ce,15.0
BlaCot_9781,PROMO_28ce,15.0
BlaCot_8a14,PROMO_28ce,15.0
BlaCot_503c,PROMO_28ce,15.0
BlaCot_ce6c,PROMO_28ce,15.0
BlaCot_b529,PROMO_28ce,15.0
BlaCot_572e,PROMO_28ce,15.0
BlaCot_9ef6,PROMO_28ce,15.0
BlaCot_6c4b,PROMO_28ce,15.0
BlaFla_769a,PROMO_28ce,15.0
BlaFla_ce8e,PROMO_28ce,15.0
BlaFla_4110,PROMO_28ce,15.0
BlaFla_f995,PROMO_28ce,15.0
BlaFla_1d9c,PROMO_28ce,15.0
BlaFla_78f1,PROMO_28ce,15.0
BlaFla_7645,PROMO_28ce,15.0
BlaFla_ad01,PROMO_28ce,15.0
BlaFla_5f55,PROMO_28ce,15.0
BlaFle_991d,PROMO_28ce,15.0
BlaFle_1485,PROMO_28ce,15.0
BlaFle_0f50,PROMO_28ce,15.0
BlaFle_c9a0,PROMO_28ce,15.0
BlaFle_394c,PROMO_28ce,15.0
BlaFle_7daf,PROMO_28ce,15.0
BlaFle_5881,PROMO_28ce,15.0
BlaFle_33f0,PROMO_28ce,15.0
BlaFle_9bda,PROMO_28ce,15.0
MatFoa_8cd2,PROMO_ba3a,8.0
MatFoa_4414,PROMO_ba3a,8.0
MatFoa_e09a,PROMO_ba3a,8.0
MatFoa_182e,PROMO_ba3a,8.0
MatFoa_28ad,PROMO_ba3a,8.0
MatFoa_13fa,PROMO_ba3a,8.0
MatSpr_56a3,PROMO_ba3a,8.0
MatSpr_06ac,PROMO_ba3a,8.0
MatSpr_ccc4,PROMO_ba3a,8.0
MatSpr_28ce,PROMO_ba3a,8.0
MatSpr_ba3a,PROMO_ba3a,8.0
MatSpr_acd0,PROMO_ba3a,8.0
MatPoc_1e64,PROMO_ba3a,8.0
MatPoc_27a0,PROMO_ba3a,8.0
MatPoc_6ee7,PROMO_ba3a,8.0
MatPoc_45de,PROMO_ba3a,8.0
MatPoc_2df5,PROMO_ba3a,8.0
MatPoc_f6cb,PROMO_ba3a,8.0
BedCot_2449,PROMO_ba3a,8.0
BedCot_6141,PROMO_ba3a,8.0
BedCot_4a29,PROMO_ba3a,8.0
BedCot_c645,PROMO_ba3a,8.0
BedCot_d278,PROMO_ba3a,8.0
BedCot_87ca,PROMO_ba3a,8.0
BedCot_2397,PROMO_ba3a,8.0
BedCot_4e8b,PROMO_ba3a,8.0
BedCot_17f5,PROMO_ba3a,8.0
BedPol_e8c9,PROMO_ba3a,8.0
BedPol_2724,PROMO_ba3a,8.0
BedPol_e207,PROMO_ba3a,8.0
BedPol_3807,PROMO_ba3a,8.0
BedPol_f406,PROMO_ba3a,8.0
BedPol_d3de,PROMO_ba3a,8.0
BedPol_5144,PROMO_ba3a,8.0
BedPol_239e,PROMO_ba3a,8.0
BedPol_5ab8,PROMO_ba3a,8.0
BedLin_18f8,PROMO_ba3a,8.0
BedLin_2f24,PROMO_ba3a,8.0
BedLin_d846,PROMO_ba3a,8.0
BedLin_8a26,PROMO_ba3a,8.0
BedLin_b097,PROMO_ba3a,8.0
BedLin_67d1,PROMO_ba3a,8.0
BedLin_aa0f,PROMO_ba3a,8.0
BedLin_5d3d,PROMO_ba3a,8.0
BedLin_f732,PROMO_ba3a,8.0
PilCot_3481,PROMO_ba3a,8.0
PilCot_f078,PROMO_ba3a,8.0
PilCot_b22a,PROMO_ba3a,8.0
PilFea_8a5d,PROMO_ba3a,8.0
PilFea_115c,PROMO_ba3a,8.0
PilFea_56ac,PROMO_ba3a,8.0
PilPol_3076,PROMO_ba3a,8.0
PilPol_662f,PROMO_ba3a,8.0
PilPol_a442,PROMO_ba3a,8.0
BolCot_3050,PROMO_ba3a,8.0
BolCot_31e6,PROMO_ba3a,8.0
BolCot_21df,PROMO_ba3a,8.0
BolFea_98d4,PROMO_ba3a,8.0
BolFea_d1d6,PROMO_ba3a,8.0
BolFea_b87f,PROMO_ba3a,8.0
BolPol_f3ad,PROMO_ba3a,8.0
BolPol_cfd7,PROMO_ba3a,8.0
BolPol_82d7,PROMO_ba3a,8.0
BlaCot_9ebb,PROMO_ba3a,8.0
BlaCot_9781,PROMO_ba3a,8.0
BlaCot_8a14,PROMO_ba3a,8.0
BlaCot_503c,PROMO_ba3a,8.0
BlaCot_ce6c,PROMO_ba3a,8.0
BlaCot_b529,PROMO_ba3a,8.0
BlaCot_572e,PROMO_ba3a,8.0
BlaCot_9ef6,PROMO_ba3a,8.0
BlaCot_6c4b,PROMO_ba3a,8.0
BlaFla_769a,PROMO_ba3a,8.0
BlaFla_ce8e,PROMO_ba3a,8.0
BlaFla_4110,PROMO_ba3a,8.0
BlaFla_f995,PROMO_ba3a,8.0
BlaFla_1d9c,PROMO_ba3a,8.0
BlaFla_78f1,PROMO_ba3a,8.0
BlaFla_7645,PROMO_ba3a,8.0
BlaFla_ad01,PROMO_ba3a,8.0
BlaFla_5f55,PROMO_ba3a,8.0
BlaFle_991d,PROMO_ba3a,8.0
BlaFle_1485,PROMO_ba3a,8.0
BlaFle_0f50,PROMO_ba3a,8.0
BlaFle_c9a0,PROMO_ba3a,8.0
BlaFle_394c,PROMO_ba3a,8.0
BlaFle_7daf,PROMO_ba3a,8.0
BlaFle_5881,PROMO_ba3a,8.0
BlaFle_33f0,PROMO_ba3a,8.0
BlaFle_9bda,PROMO_ba3a,8.0
MatFoa_8cd2,PROMO_acd0,0.0
MatFoa_4414,PROMO_acd0,0.0
MatFoa_e09a,PROMO_acd0,0.0
MatFoa_182e,PROMO_acd0,0.0
MatFoa_28ad,PROMO_acd0,0.0
MatFoa_13fa,PROMO_acd0,0.0
MatSpr_56a3,PROMO_acd0,0.0
MatSpr_06ac,PROMO_acd0,0.0
MatSpr_ccc4,PROMO_acd0,0.0
MatSpr_28ce,PROMO_acd0,0.0
MatSpr_ba3a,PROMO_acd0,0.0
MatSpr_acd0,PROMO_acd0,0.0
MatPoc_1e64,PROMO_acd0,0.0
MatPoc_27a0,PROMO_acd0,0.0
MatPoc_6ee7,PROMO_acd0,0.0
MatPoc_45de,PROMO_acd0,0.0
MatPoc_2df5,PROMO_acd0,0.0
MatPoc_f6cb,PROMO_acd0,0.0
BedCot_2449,PROMO_acd0,0.0
BedCot_6141,PROMO_acd0,0.0
BedCot_4a29,PROMO_acd0,0.0
BedCot_c645,PROMO_acd0,0.0
BedCot_d278,PROMO_acd0,0.0
BedCot_87ca,PROMO_acd0,0.0
BedCot_2397,PROMO_acd0,0.0
BedCot_4e8b,PROMO_acd0,0.0
BedCot_17f5,PROMO_acd0,0.0
BedPol_e8c9,PROMO_acd0,0.0
BedPol_2724,PROMO_acd0,0.0
BedPol_e207,PROMO_acd0,0.0
BedPol_3807,PROMO_acd0,0.0
BedPol_f406,PROMO_acd0,0.0
BedPol_d3de,PROMO_acd0,0.0
BedPol_5144,PROMO_acd0,0.0
BedPol_239e,PROMO_acd0,0.0
BedPol_5ab8,PROMO_acd0,0.0
BedLin_18f8,PROMO_acd0,0.0
BedLin_2f24,PROMO_acd0,0.0
BedLin_d846,PROMO_acd0,0.0
BedLin_8a26,PROMO_acd0,0.0
BedLin_b097,PROMO_acd0,0.0
BedLin_67d1,PROMO_acd0,0.0
BedLin_aa0f,PROMO_acd0,0.0
BedLin_5d3d,PROMO_acd0,0.0
BedLin_f732,PROMO_acd0,0.0
PilCot_3481,PROMO_acd0,0.0
PilCot_f078,PROMO_acd0,0.0
PilCot_b22a,PROMO_acd0,0.0
PilFea_8a5d,PROMO_acd0,0.0
PilFea_115c,PROMO_acd0,0.0
PilFea_56ac,PROMO_acd0,0.0
PilPol_3076,PROMO_acd0,0.0
PilPol_662f,PROMO_acd0,0.0
PilPol_a442,PROMO_acd0,0.0
BolCot_3050,PROMO_acd0,0.0
BolCot_31e6,PROMO_acd0,0.0
BolCot_21df,PROMO_acd0,0.0
BolFea_98d4,PROMO_acd0,0.0
BolFea_d1d6,PROMO_acd0,0.0
BolFea_b87f,PROMO_acd0,0.0
BolPol_f3ad,PROMO_acd0,0.0
BolPol_cfd7,PROMO_acd0,0.0
BolPol_82d7,PROMO_acd0,0.0
BlaCot_9ebb,PROMO_acd0,0.0
BlaCot_9781,PROMO_acd0,0.0
BlaCot_8a14,PROMO_acd0,0.0
BlaCot_503c,PROMO_acd0,0.0
BlaCot_ce6c,PROMO_acd0,0.0
BlaCot_b529,PROMO_acd0,0.0
BlaCot_572e,PROMO_acd0,0.0
BlaCot_9ef6,PROMO_acd0,0.0
BlaCot_6c4b,PROMO_acd0,0.0
BlaFla_769a,PROMO_acd0,0.0
BlaFla_ce8e,PROMO_acd0,0.0
BlaFla_4110,PROMO_acd0,0.0
BlaFla_f995,PROMO_acd0,0.0
BlaFla_1d9c,PROMO_acd0,0.0
BlaFla_78f1,PROMO_acd0,0.0
BlaFla_7645,PROMO_acd0,0.0
BlaFla_ad01,PROMO_acd0,0.0
BlaFla_5f55,PROMO_acd0,0.0
BlaFle_991d,PROMO_acd0,0.0
BlaFle_1485,PROMO_acd0,0.0
BlaFle_0f50,PROMO_acd0,0.0
BlaFle_c9a0,PROMO_acd0,0.0
BlaFle_394c,PROMO_acd0,0.0
BlaFle_7daf,PROMO_acd0,0.0
BlaFle_5881,PROMO_acd0,0.0
BlaFle_33f0,PROMO_acd0,0.0
BlaFle_9bda,PROMO_acd0,0.0
MatFoa_8cd2,PROMO_1e64,8.0
MatFoa_4414,PROMO_1e64,8.0
MatFoa_e09a,PROMO_1e64,8.0
MatFoa_182e,PROMO_1e64,8.0
MatFoa_28ad,PROMO_1e64,8.0
MatFoa_13fa,PROMO_1e64,8.0
MatSpr_56a3,PROMO_1e64,8.0
MatSpr_06ac,PROMO_1e64,8.0
MatSpr_ccc4,PROMO_1e64,8.0
MatSpr_28ce,PROMO_1e64,8.0
MatSpr_ba3a,PROMO_1e64,8.0
MatSpr_acd0,PROMO_1e64,8.0
MatPoc_1e64,PROMO_1e64,8.0
MatPoc_27a0,PROMO_1e64,8.0
MatPoc_6ee7,PROMO_1e64,8.0
MatPoc_45de,PROMO_1e64,8.0
MatPoc_2df5,PROMO_1e64,8.0
MatPoc_f6cb,PROMO_1e64,8.0
BedCot_2449,PROMO_27a0,0.0
BedCot_6141,PROMO_27a0,0.0
BedCot_4a29,PROMO_27a0,0.0
BedCot_c645,PROMO_27a0,0.0
BedCot_d278,PROMO_27a0,0.0
BedCot_87ca,PROMO_27a0,0.0
BedCot_2397,PROMO_27a0,0.0
BedCot_4e8b,PROMO_27a0,0.0
BedCot_17f5,PROMO_27a0,0.0
BedPol_e8c9,PROMO_27a0,0.0
BedPol_2724,PROMO_27a0,0.0
BedPol_e207,PROMO_27a0,0.0
BedPol_3807,PROMO_27a0,0.0
BedPol_f406,PROMO_27a0,0.0
BedPol_d3de,PROMO_27a0,0.0
BedPol_5144,PROMO_27a0,0.0
BedPol_239e,PROMO_27a0,0.0
BedPol_5ab8,PROMO_27a0,0.0
BedLin_18f8,PROMO_27a0,0.0
BedLin_2f24,PROMO_27a0,0.0
BedLin_d846,PROMO_27a0,0.0
BedLin_8a26,PROMO_27a0,0.0
BedLin_b097,PROMO_27a0,0.0
BedLin_67d1,PROMO_27a0,0.0
BedLin_aa0f,PROMO_27a0,0.0
BedLin_5d3d,PROMO_27a0,0.0
BedLin_f732,PROMO_27a0,0.0
MatFoa_8cd2,PROMO_6ee7,8.0
MatFoa_4414,PROMO_6ee7,8.0
MatFoa_e09a,PROMO_6ee7,8.0
MatFoa_182e,PROMO_6ee7,8.0
MatFoa_28ad,PROMO_6ee7,8.0
MatFoa_13fa,PROMO_6ee7,8.0
MatSpr_56a3,PROMO_6ee7,8.0
MatSpr_06ac,PROMO_6ee7,8.0
MatSpr_ccc4,PROMO_6ee7,8.0
MatSpr_28ce,PROMO_6ee7,8.0
MatSpr_ba3a,PROMO_6ee7,8.0
MatSpr_acd0,PROMO_6ee7,8.0
MatPoc_1e64,PROMO_6ee7,8.0
MatPoc_27a0,PROMO_6ee7,8.0
MatPoc_6ee7,PROMO_6ee7,8.0
MatPoc_45de,PROMO_6ee7,8.0
MatPoc_2df5,PROMO_6ee7,8.0
MatPoc_f6cb,PROMO_6ee7,8.0
MatFoa_8cd2,PROMO_45de,0.0
MatFoa_4414,PROMO_45de,0.0
MatFoa_e09a,PROMO_45de,0.0
MatFoa_182e,PROMO_45de,0.0
MatFoa_28ad,PROMO_45de,0.0
MatFoa_13fa,PROMO_45de,0.0
MatSpr_56a3,PROMO_45de,0.0
MatSpr_06ac,PROMO_45de,0.0
MatSpr_ccc4,PROMO_45de,0.0
MatSpr_28ce,PROMO_45de,0.0
MatSpr_ba3a,PROMO_45de,0.0
MatSpr_acd0,PROMO_45de,0.0
MatPoc_1e64,PROMO_45de,0.0
MatPoc_27a0,PROMO_45de,0.0
MatPoc_6ee7,PROMO_45de,0.0
MatPoc_45de,PROMO_45de,0.0
MatPoc_2df5,PROMO_45de,0.0
MatPoc_f6cb,PROMO_45de,0.0
BedCot_2449,PROMO_45de,0.0
BedCot_6141,PROMO_45de,0.0
BedCot_4a29,PROMO_45de,0.0
BedCot_c645,PROMO_45de,0.0
BedCot_d278,PROMO_45de,0.0
BedCot_87ca,PROMO_45de,0.0
BedCot_2397,PROMO_45de,0.0
BedCot_4e8b,PROMO_45de,0.0
BedCot_17f5,PROMO_45de,0.0
BedPol_e8c9,PROMO_45de,0.0
BedPol_2724,PROMO_45de,0.0
BedPol_e207,PROMO_45de,0.0
BedPol_3807,PROMO_45de,0.0
BedPol_f406,PROMO_45de,0.0
BedPol_d3de,PROMO_45de,0.0
BedPol_5144,PROMO_45de,0.0
BedPol_239e,PROMO_45de,0.0
BedPol_5ab8,PROMO_45de,0.0
BedLin_18f8,PROMO_45de,0.0
BedLin_2f24,PROMO_45de,0.0
BedLin_d846,PROMO_45de,0.0
BedLin_8a26,PROMO_45de,0.0
BedLin_b097,PROMO_45de,0.0
BedLin_67d1,PROMO_45de,0.0
BedLin_aa0f,PROMO_45de,0.0
BedLin_5d3d,PROMO_45de,0.0
BedLin_f732,PROMO_45de,0.0
PilCot_3481,PROMO_45de,0.0
PilCot_f078,PROMO_45de,0.0
PilCot_b22a,PROMO_45de,0.0
PilFea_8a5d,PROMO_45de,0.0
PilFea_115c,PROMO_45de,0.0
PilFea_56ac,PROMO_45de,0.0
PilPol_3076,PROMO_45de,0.0
PilPol_662f,PROMO_45de,0.0
PilPol_a442,PROMO_45de,0.0
BolCot_3050,PROMO_45de,0.0
BolCot_31e6,PROMO_45de,0.0
BolCot_21df,PROMO_45de,0.0
BolFea_98d4,PROMO_45de,0.0
BolFea_d1d6,PROMO_45de,0.0
BolFea_b87f,PROMO_45de,0.0
BolPol_f3ad,PROMO_45de,0.0
BolPol_cfd7,PROMO_45de,0.0
BolPol_82d7,PROMO_45de,0.0
BlaCot_9ebb,PROMO_45de,0.0
BlaCot_9781,PROMO_45de,0.0
BlaCot_8a14,PROMO_45de,0.0
BlaCot_503c,PROMO_45de,0.0
BlaCot_ce6c,PROMO_45de,0.0
BlaCot_b529,PROMO_45de,0.0
BlaCot_572e,PROMO_45de,0.0
BlaCot_9ef6,PROMO_45de,0.0
BlaCot_6c4b,PROMO_45de,0.0
BlaFla_769a,PROMO_45de,0.0
BlaFla_ce8e,PROMO_45de,0.0
BlaFla_4110,PROMO_45de,0.0
BlaFla_f995,PROMO_45de,0.0
BlaFla_1d9c,PROMO_45de,0.0
BlaFla_78f1,PROMO_45de,0.0
BlaFla_7645,PROMO_45de,0.0
BlaFla_ad01,PROMO_45de,0.0
BlaFla_5f55,PROMO_45de,0.0
BlaFle_991d,PROMO_45de,0.0
BlaFle_1485,PROMO_45de,0.0
BlaFle_0f50,PROMO_45de,0.0
BlaFle_c9a0,PROMO_45de,0.0
BlaFle_394c,PROMO_45de,0.0
BlaFle_7daf,PROMO_45de,0.0
BlaFle_5881,PROMO_45de,0.0
BlaFle_33f0,PROMO_45de,0.0
BlaFle_9bda,PROMO_45de,0.0
MatFoa_8cd2,PROMO_2df5,20.0
MatFoa_4414,PROMO_2df5,20.0
MatFoa_e09a,PROMO_2df5,20.0
MatFoa_182e,PROMO_2df5,20.0
MatFoa_28ad,PROMO_2df5,20.0
MatFoa_13fa,PROMO_2df5,20.0
MatSpr_56a3,PROMO_2df5,20.0
MatSpr_06ac,PROMO_2df5,20.0
MatSpr_ccc4,PROMO_2df5,20.0
MatSpr_28ce,PROMO_2df5,20.0
MatSpr_ba3a,PROMO_2df5,20.0
MatSpr_acd0,PROMO_2df5,20.0
MatPoc_1e64,PROMO_2df5,20.0
MatPoc_27a0,PROMO_2df5,20.0
MatPoc_6ee7,PROMO_2df5,20.0
MatPoc_45de,PROMO_2df5,20.0
MatPoc_2df5,PROMO_2df5,20.0
MatPoc_f6cb,PROMO_2df5,20.0
BedCot_2449,PROMO_2df5,20.0
BedCot_6141,PROMO_2df5,20.0
BedCot_4a29,PROMO_2df5,20.0
BedCot_c645,PROMO_2df5,20.0
BedCot_d278,PROMO_2df5,20.0
BedCot_87ca,PROMO_2df5,20.0
BedCot_2397,PROMO_2df5,20.0
BedCot_4e8b,PROMO_2df5,20.0
BedCot_17f5,PROMO_2df5,20.0
BedPol_e8c9,PROMO_2df5,20.0
BedPol_2724,PROMO_2df5,20.0
BedPol_e207,PROMO_2df5,20.0
BedPol_3807,PROMO_2df5,20.0
BedPol_f406,PROMO_2df5,20.0
BedPol_d3de,PROMO_2df5,20.0
BedPol_5144,PROMO_2df5,20.0
BedPol_239e,PROMO_2df5,20.0
BedPol_5ab8,PROMO_2df5,20.0
BedLin_18f8,PROMO_2df5,20.0
BedLin_2f24,PROMO_2df5,20.0
BedLin_d846,PROMO_2df5,20.0
BedLin_8a26,PROMO_2df5,20.0
BedLin_b097,PROMO_2df5,20.0
BedLin_67d1,PROMO_2df5,20.0
BedLin_aa0f,PROMO_2df5,20.0
BedLin_5d3d,PROMO_2df5,20.0
BedLin_f732,PROMO_2df5,20.0
PilCot_3481,PROMO_2df5,20.0
PilCot_f078,PROMO_2df5,20.0
PilCot_b22a,PROMO_2df5,20.0
PilFea_8a5d,PROMO_2df5,20.0
PilFea_115c,PROMO_2df5,20.0
PilFea_56ac,PROMO_2df5,20.0
PilPol_3076,PROMO_2df5,20.0
PilPol_662f,PROMO_2df5,20.0
PilPol_a442,PROMO_2df5,20.0
BolCot_3050,PROMO_2df5,20.0
BolCot_31e6,PROMO_2df5,20.0
BolCot_21df,PROMO_2df5,20.0
BolFea_98d4,PROMO_2df5,20.0
BolFea_d1d6,PROMO_2df5,20.0
BolFea_b87f,PROMO_2df5,20.0
BolPol_f3ad,PROMO_2df5,20.0
BolPol_cfd7,PROMO_2df5,20.0
BolPol_82d7,PROMO_2df5,20.0
BlaCot_9ebb,PROMO_2df5,20.0
BlaCot_9781,PROMO_2df5,20.0
BlaCot_8a14,PROMO_2df5,20.0
BlaCot_503c,PROMO_2df5,20.0
BlaCot_ce6c,PROMO_2df5,20.0
BlaCot_b529,PROMO_2df5,20.0
BlaCot_572e,PROMO_2df5,20.0
BlaCot_9ef6,PROMO_2df5,20.0
BlaCot_6c4b,PROMO_2df5,20.0
BlaFla_769a,PROMO_2df5,20.0
BlaFla_ce8e,PROMO_2df5,20.0
BlaFla_4110,PROMO_2df5,20.0
BlaFla_f995,PROMO_2df5,20.0
BlaFla_1d9c,PROMO_2df5,20.0
BlaFla_78f1,PROMO_2df5,20.0
BlaFla_7645,PROMO_2df5,20.0
BlaFla_ad01,PROMO_2df5,20.0
BlaFla_5f55,PROMO_2df5,20.0
BlaFle_991d,PROMO_2df5,20.0
BlaFle_1485,PROMO_2df5,20.0
BlaFle_0f50,PROMO_2df5,20.0
BlaFle_c9a0,PROMO_2df5,20.0
BlaFle_394c,PROMO_2df5,20.0
BlaFle_7daf,PROMO_2df5,20.0
BlaFle_5881,PROMO_2df5,20.0
BlaFle_33f0,PROMO_2df5,20.0
BlaFle_9bda,PROMO_2df5,20.0
MatFoa_8cd2,PROMO_f6cb,0.0
MatFoa_4414,PROMO_f6cb,0.0
MatFoa_e09a,PROMO_f6cb,0.0
MatFoa_182e,PROMO_f6cb,0.0
MatFoa_28ad,PROMO_f6cb,0.0
MatFoa_13fa,PROMO_f6cb,0.0
MatSpr_56a3,PROMO_f6cb,0.0
MatSpr_06ac,PROMO_f6cb,0.0
MatSpr_ccc4,PROMO_f6cb,0.0
MatSpr_28ce,PROMO_f6cb,0.0
MatSpr_ba3a,PROMO_f6cb,0.0
MatSpr_acd0,PROMO_f6cb,0.0
MatPoc_1e64,PROMO_f6cb,0.0
MatPoc_27a0,PROMO_f6cb,0.0
MatPoc_6ee7,PROMO_f6cb,0.0
MatPoc_45de,PROMO_f6cb,0.0
MatPoc_2df5,PROMO_f6cb,0.0
MatPoc_f6cb,PROMO_f6cb,0.0
BedCot_2449,PROMO_f6cb,0.0
BedCot_6141,PROMO_f6cb,0.0
BedCot_4a29,PROMO_f6cb,0.0
BedCot_c645,PROMO_f6cb,0.0
BedCot_d278,PROMO_f6cb,0.0
BedCot_87ca,PROMO_f6cb,0.0
BedCot_2397,PROMO_f6cb,0.0
BedCot_4e8b,PROMO_f6cb,0.0
BedCot_17f5,PROMO_f6cb,0.0
BedPol_e8c9,PROMO_f6cb,0.0
BedPol_2724,PROMO_f6cb,0.0
BedPol_e207,PROMO_f6cb,0.0
BedPol_3807,PROMO_f6cb,0.0
BedPol_f406,PROMO_f6cb,0.0
BedPol_d3de,PROMO_f6cb,0.0
BedPol_5144,PROMO_f6cb,0.0
BedPol_239e,PROMO_f6cb,0.0
BedPol_5ab8,PROMO_f6cb,0.0
BedLin_18f8,PROMO_f6cb,0.0
BedLin_2f24,PROMO_f6cb,0.0
BedLin_d846,PROMO_f6cb,0.0
BedLin_8a26,PROMO_f6cb,0.0
BedLin_b097,PROMO_f6cb,0.0
BedLin_67d1,PROMO_f6cb,0.0
BedLin_aa0f,PROMO_f6cb,0.0
BedLin_5d3d,PROMO_f6cb,0.0
BedLin_f732,PROMO_f6cb,0.0
PilCot_3481,PROMO_f6cb,0.0
PilCot_f078,PROMO_f6cb,0.0
PilCot_b22a,PROMO_f6cb,0.0
PilFea_8a5d,PROMO_f6cb,0.0
PilFea_115c,PROMO_f6cb,0.0
PilFea_56ac,PROMO_f6cb,0.0
PilPol_3076,PROMO_f6cb,0.0
PilPol_662f,PROMO_f6cb,0.0
PilPol_a442,PROMO_f6cb,0.0
BolCot_3050,PROMO_f6cb,0.0
BolCot_31e6,PROMO_f6cb,0.0
BolCot_21df,PROMO_f6cb,0.0
BolFea_98d4,PROMO_f6cb,0.0
BolFea_d1d6,PROMO_f6cb,0.0
BolFea_b87f,PROMO_f6cb,0.0
BolPol_f3ad,PROMO_f6cb,0.0
BolPol_cfd7,PROMO_f6cb,0.0
BolPol_82d7,PROMO_f6cb,0.0
BlaCot_9ebb,PROMO_f6cb,0.0
BlaCot_9781,PROMO_f6cb,0.0
BlaCot_8a14,PROMO_f6cb,0.0
BlaCot_503c,PROMO_f6cb,0.0
BlaCot_ce6c,PROMO_f6cb,0.0
BlaCot_b529,PROMO_f6cb,0.0
BlaCot_572e,PROMO_f6cb,0.0
BlaCot_9ef6,PROMO_f6cb,0.0
BlaCot_6c4b,PROMO_f6cb,0.0
BlaFla_769a,PROMO_f6cb,0.0
BlaFla_ce8e,PROMO_f6cb,0.0
BlaFla_4110,PROMO_f6cb,0.0
BlaFla_f995,PROMO_f6cb,0.0
BlaFla_1d9c,PROMO_f6cb,0.0
BlaFla_78f1,PROMO_f6cb,0.0
BlaFla_7645,PROMO_f6cb,0.0
BlaFla_ad01,PROMO_f6cb,0.0
BlaFla_5f55,PROMO_f6cb,0.0
BlaFle_991d,PROMO_f6cb,0.0
BlaFle_1485,PROMO_f6cb,0.0
BlaFle_0f50,PROMO_f6cb,0.0
BlaFle_c9a0,PROMO_f6cb,0.0
BlaFle_394c,PROMO_f6cb,0.0
BlaFle_7daf,PROMO_f6cb,0.0
BlaFle_5881,PROMO_f6cb,0.0
BlaFle_33f0,PROMO_f6cb,0.0
BlaFle_9bda,PROMO_f6cb,0.0
MatFoa_8cd2,PROMO_2449,10.0
MatFoa_4414,PROMO_2449,10.0
MatFoa_e09a,PROMO_2449,10.0
MatFoa_182e,PROMO_2449,10.0
MatFoa_28ad,PROMO_2449,10.0
MatFoa_13fa,PROMO_2449,10.0
MatSpr_56a3,PROMO_2449,10.0
MatSpr_06ac,PROMO_2449,10.0
MatSpr_ccc4,PROMO_2449,10.0
MatSpr_28ce,PROMO_2449,10.0
MatSpr_ba3a,PROMO_2449,10.0
MatSpr_acd0,PROMO_2449,10.0
MatPoc_1e64,PROMO_2449,10.0
MatPoc_27a0,PROMO_2449,10.0
MatPoc_6ee7,PROMO_2449,10.0
MatPoc_45de,PROMO_2449,10.0
MatPoc_2df5,PROMO_2449,10.0
MatPoc_f6cb,PROMO_2449,10.0
BedCot_2449,PROMO_2449,10.0
BedCot_6141,PROMO_2449,10.0
BedCot_4a29,PROMO_2449,10.0
BedCot_c645,PROMO_2449,10.0
BedCot_d278,PROMO_2449,10.0
BedCot_87ca,PROMO_2449,10.0
BedCot_2397,PROMO_2449,10.0
BedCot_4e8b,PROMO_2449,10.0
BedCot_17f5,PROMO_2449,10.0
BedPol_e8c9,PROMO_2449,10.0
BedPol_2724,PROMO_2449,10.0
BedPol_e207,PROMO_2449,10.0
BedPol_3807,PROMO_2449,10.0
BedPol_f406,PROMO_2449,10.0
BedPol_d3de,PROMO_2449,10.0
BedPol_5144,PROMO_2449,10.0
BedPol_239e,PROMO_2449,10.0
BedPol_5ab8,PROMO_2449,10.0
BedLin_18f8,PROMO_2449,10.0
BedLin_2f24,PROMO_2449,10.0
BedLin_d846,PROMO_2449,10.0
BedLin_8a26,PROMO_2449,10.0
BedLin_b097,PROMO_2449,10.0
BedLin_67d1,PROMO_2449,10.0
BedLin_aa0f,PROMO_2449,10.0
BedLin_5d3d,PROMO_2449,10.0
BedLin_f732,PROMO_2449,10.0
PilCot_3481,PROMO_2449,10.0
PilCot_f078,PROMO_2449,10.0
PilCot_b22a,PROMO_2449,10.0
PilFea_8a5d,PROMO_2449,10.0
PilFea_115c,PROMO_2449,10.0
PilFea_56ac,PROMO_2449,10.0
PilPol_3076,PROMO_2449,10.0
PilPol_662f,PROMO_2449,10.0
PilPol_a442,PROMO_2449,10.0
BolCot_3050,PROMO_2449,10.0
BolCot_31e6,PROMO_2449,10.0
BolCot_21df,PROMO_2449,10.0
BolFea_98d4,PROMO_2449,10.0
BolFea_d1d6,PROMO_2449,10.0
BolFea_b87f,PROMO_2449,10.0
BolPol_f3ad,PROMO_2449,10.0
BolPol_cfd7,PROMO_2449,10.0
BolPol_82d7,PROMO_2449,10.0
BlaCot_9ebb,PROMO_2449,10.0
BlaCot_9781,PROMO_2449,10.0
BlaCot_8a14,PROMO_2449,10.0
BlaCot_503c,PROMO_2449,10.0
BlaCot_ce6c,PROMO_2449,10.0
BlaCot_b529,PROMO_2449,10.0
BlaCot_572e,PROMO_2449,10.0
BlaCot_9ef6,PROMO_2449,10.0
BlaCot_6c4b,PROMO_2449,10.0
BlaFla_769a,PROMO_2449,10.0
BlaFla_ce8e,PROMO_2449,10.0
BlaFla_4110,PROMO_2449,10.0
BlaFla_f995,PROMO_2449,10.0
BlaFla_1d9c,PROMO_2449,10.0
BlaFla_78f1,PROMO_2449,10.0
BlaFla_7645,PROMO_2449,10.0
BlaFla_ad01,PROMO_2449,10.0
BlaFla_5f55,PROMO_2449,10.0
BlaFle_991d,PROMO_2449,10.0
BlaFle_1485,PROMO_2449,10.0
BlaFle_0f50,PROMO_2449,10.0
BlaFle_c9a0,PROMO_2449,10.0
BlaFle_394c,PROMO_2449,10.0
BlaFle_7daf,PROMO_2449,10.0
BlaFle_5881,PROMO_2449,10.0
BlaFle_33f0,PROMO_2449,10.0
BlaFle_9bda,PROMO_2449,10.0
MatFoa_8cd2,PROMO_6141,0.0
MatFoa_4414,PROMO_6141,0.0
MatFoa_e09a,PROMO_6141,0.0
MatFoa_182e,PROMO_6141,0.0
MatFoa_28ad,PROMO_6141,0.0
MatFoa_13fa,PROMO_6141,0.0
MatSpr_56a3,PROMO_6141,0.0
MatSpr_06ac,PROMO_6141,0.0
MatSpr_ccc4,PROMO_6141,0.0
MatSpr_28ce,PROMO_6141,0.0
MatSpr_ba3a,PROMO_6141,0.0
MatSpr_acd0,PROMO_6141,0.0
MatPoc_1e64,PROMO_6141,0.0
MatPoc_27a0,PROMO_6141,0.0
MatPoc_6ee7,PROMO_6141,0.0
MatPoc_45de,PROMO_6141,0.0
MatPoc_2df5,PROMO_6141,0.0
MatPoc_f6cb,PROMO_6141,0.0
BedCot_2449,PROMO_6141,0.0
BedCot_6141,PROMO_6141,0.0
BedCot_4a29,PROMO_6141,0.0
BedCot_c645,PROMO_6141,0.0
BedCot_d278,PROMO_6141,0.0
BedCot_87ca,PROMO_6141,0.0
BedCot_2397,PROMO_6141,0.0
BedCot_4e8b,PROMO_6141,0.0
BedCot_17f5,PROMO_6141,0.0
BedPol_e8c9,PROMO_6141,0.0
BedPol_2724,PROMO_6141,0.0
BedPol_e207,PROMO_6141,0.0
BedPol_3807,PROMO_6141,0.0
BedPol_f406,PROMO_6141,0.0
BedPol_d3de,PROMO_6141,0.0
BedPol_5144,PROMO_6141,0.0
BedPol_239e,PROMO_6141,0.0
BedPol_5ab8,PROMO_6141,0.0
BedLin_18f8,PROMO_6141,0.0
BedLin_2f24,PROMO_6141,0.0
BedLin_d846,PROMO_6141,0.0
BedLin_8a26,PROMO_6141,0.0
BedLin_b097,PROMO_6141,0.0
BedLin_67d1,PROMO_6141,0.0
BedLin_aa0f,PROMO_6141,0.0
BedLin_5d3d,PROMO_6141,0.0
BedLin_f732,PROMO_6141,0.0
PilCot_3481,PROMO_6141,0.0
PilCot_f078,PROMO_6141,0.0
PilCot_b22a,PROMO_6141,0.0
PilFea_8a5d,PROMO_6141,0.0
PilFea_115c,PROMO_6141,0.0
PilFea_56ac,PROMO_6141,0.0
PilPol_3076,PROMO_6141,0.0
PilPol_662f,PROMO_6141,0.0
PilPol_a442,PROMO_6141,0.0
BolCot_3050,PROMO_6141,0.0
BolCot_31e6,PROMO_6141,0.0
BolCot_21df,PROMO_6141,0.0
BolFea_98d4,PROMO_6141,0.0
BolFea_d1d6,PROMO_6141,0.0
BolFea_b87f,PROMO_6141,0.0
BolPol_f3ad,PROMO_6141,0.0
BolPol_cfd7,PROMO_6141,0.0
BolPol_82d7,PROMO_6141,0.0
BlaCot_9ebb,PROMO_6141,0.0
BlaCot_9781,PROMO_6141,0.0
BlaCot_8a14,PROMO_6141,0.0
BlaCot_503c,PROMO_6141,0.0
BlaCot_ce6c,PROMO_6141,0.0
BlaCot_b529,PROMO_6141,0.0
BlaCot_572e,PROMO_6141,0.0
BlaCot_9ef6,PROMO_6141,0.0
BlaCot_6c4b,PROMO_6141,0.0
BlaFla_769a,PROMO_6141,0.0
BlaFla_ce8e,PROMO_6141,0.0
BlaFla_4110,PROMO_6141,0.0
BlaFla_f995,PROMO_6141,0.0
BlaFla_1d9c,PROMO_6141,0.0
BlaFla_78f1,PROMO_6141,0.0
BlaFla_7645,PROMO_6141,0.0
BlaFla_ad01,PROMO_6141,0.0
BlaFla_5f55,PROMO_6141,0.0
BlaFle_991d,PROMO_6141,0.0
BlaFle_1485,PROMO_6141,0.0
BlaFle_0f50,PROMO_6141,0.0
BlaFle_c9a0,PROMO_6141,0.0
BlaFle_394c,PROMO_6141,0.0
BlaFle_7daf,PROMO_6141,0.0
BlaFle_5881,PROMO_6141,0.0
BlaFle_33f0,PROMO_6141,0.0
BlaFle_9bda,PROMO_6141,0.0
MatFoa_8cd2,PROMO_4a29,210.0
MatFoa_4414,PROMO_4a29,210.0
MatFoa_e09a,PROMO_4a29,330.0
MatFoa_182e,PROMO_4a29,330.0
MatFoa_28ad,PROMO_4a29,450.0
MatFoa_13fa,PROMO_4a29,450.0
MatSpr_56a3,PROMO_4a29,240.0
MatSpr_06ac,PROMO_4a29,240.0
MatSpr_ccc4,PROMO_4a29,360.0
MatSpr_28ce,PROMO_4a29,360.0
MatSpr_ba3a,PROMO_4a29,480.0
MatSpr_acd0,PROMO_4a29,480.0
MatPoc_1e64,PROMO_4a29,510.0
MatPoc_27a0,PROMO_4a29,510.0
MatPoc_6ee7,PROMO_4a29,780.0
MatPoc_45de,PROMO_4a29,780.0
MatPoc_2df5,PROMO_4a29,1050.0
MatPoc_f6cb,PROMO_4a29,1050.0
BedCot_2449,PROMO_4a29,48.0
BedCot_6141,PROMO_4a29,48.0
BedCot_4a29,PROMO_4a29,48.0
BedCot_c645,PROMO_4a29,72.0
BedCot_d278,PROMO_4a29,72.0
BedCot_87ca,PROMO_4a29,72.0
BedCot_2397,PROMO_4a29,90.0
BedCot_4e8b,PROMO_4a29,90.0
BedCot_17f5,PROMO_4a29,90.0
BedPol_e8c9,PROMO_4a29,24.0
BedPol_2724,PROMO_4a29,24.0
BedPol_e207,PROMO_4a29,24.0
BedPol_3807,PROMO_4a29,30.0
BedPol_f406,PROMO_4a29,30.0
BedPol_d3de,PROMO_4a29,30.0
BedPol_5144,PROMO_4a29,36.0
BedPol_239e,PROMO_4a29,36.0
BedPol_5ab8,PROMO_4a29,36.0
BedLin_18f8,PROMO_4a29,120.0
BedLin_2f24,PROMO_4a29,120.0
BedLin_d846,PROMO_4a29,120.0
BedLin_8a26,PROMO_4a29,228.0
BedLin_b097,PROMO_4a29,228.0
BedLin_67d1,PROMO_4a29,228.0
BedLin_aa0f,PROMO_4a29,252.0
BedLin_5d3d,PROMO_4a29,252.0
BedLin_f732,PROMO_4a29,252.0
PilCot_3481,PROMO_4a29,15.0
PilCot_f078,PROMO_4a29,15.0
PilCot_b22a,PROMO_4a29,15.0
PilFea_8a5d,PROMO_4a29,39.0
PilFea_115c,PROMO_4a29,39.0
PilFea_56ac,PROMO_4a29,39.0
PilPol_3076,PROMO_4a29,11.0
PilPol_662f,PROMO_4a29,11.0
PilPol_a442,PROMO_4a29,11.0
BolCot_3050,PROMO_4a29,18.0
BolCot_31e6,PROMO_4a29,18.0
BolCot_21df,PROMO_4a29,18.0
BolFea_98d4,PROMO_4a29,42.0
BolFea_d1d6,PROMO_4a29,42.0
BolFea_b87f,PROMO_4a29,42.0
BolPol_f3ad,PROMO_4a29,13.0
BolPol_cfd7,PROMO_4a29,13.0
BolPol_82d7,PROMO_4a29,13.0
BlaCot_9ebb,PROMO_4a29,72.0
BlaCot_9781,PROMO_4a29,72.0
BlaCot_8a14,PROMO_4a29,72.0
BlaCot_503c,PROMO_4a29,120.0
BlaCot_ce6c,PROMO_4a29,120.0
BlaCot_b529,PROMO_4a29,120.0
BlaCot_572e,PROMO_4a29,132.0
BlaCot_9ef6,PROMO_4a29,132.0
BlaCot_6c4b,PROMO_4a29,132.0
BlaFla_769a,PROMO_4a29,36.0
BlaFla_ce8e,PROMO_4a29,36.0
BlaFla_4110,PROMO_4a29,36.0
BlaFla_f995,PROMO_4a29,60.0
BlaFla_1d9c,PROMO_4a29,60.0
BlaFla_78f1,PROMO_4a29,60.0
BlaFla_7645,PROMO_4a29,72.0
BlaFla_ad01,PROMO_4a29,72.0
BlaFla_5f55,PROMO_4a29,72.0
BlaFle_991d,PROMO_4a29,18.0
BlaFle_1485,PROMO_4a29,18.0
BlaFle_0f50,PROMO_4a29,18.0
BlaFle_c9a0,PROMO_4a29,36.0
BlaFle_394c,PROMO_4a29,36.0
BlaFle_7daf,PROMO_4a29,36.0
BlaFle_5881,PROMO_4a29,42.0
BlaFle_33f0,PROMO_4a29,42.0
BlaFle_9bda,PROMO_4a29,42.0
MatFoa_8cd2,PROMO_c645,15.0
MatFoa_4414,PROMO_c645,15.0
MatFoa_e09a,PROMO_c645,15.0
MatFoa_182e,PROMO_c645,15.0
MatFoa_28ad,PROMO_c645,15.0
MatFoa_13fa,PROMO_c645,15.0
MatSpr_56a3,PROMO_c645,15.0
MatSpr_06ac,PROMO_c645,15.0
MatSpr_ccc4,PROMO_c645,15.0
MatSpr_28ce,PROMO_c645,15.0
MatSpr_ba3a,PROMO_c645,15.0
MatSpr_acd0,PROMO_c645,15.0
MatPoc_1e64,PROMO_c645,15.0
MatPoc_27a0,PROMO_c645,15.0
MatPoc_6ee7,PROMO_c645,15.0
MatPoc_45de,PROMO_c645,15.0
MatPoc_2df5,PROMO_c645,15.0
MatPoc_f6cb,PROMO_c645,15.0
BedCot_2449,PROMO_c645,15.0
BedCot_6141,PROMO_c645,15.0
BedCot_4a29,PROMO_c645,15.0
BedCot_c645,PROMO_c645,15.0
BedCot_d278,PROMO_c645,15.0
BedCot_87ca,PROMO_c645,15.0
BedCot_2397,PROMO_c645,15.0
BedCot_4e8b,PROMO_c645,15.0
BedCot_17f5,PROMO_c645,15.0
BedPol_e8c9,PROMO_c645,15.0
BedPol_2724,PROMO_c645,15.0
BedPol_e207,PROMO_c645,15.0
BedPol_3807,PROMO_c645,15.0
BedPol_f406,PROMO_c645,15.0
BedPol_d3de,PROMO_c645,15.0
BedPol_5144,PROMO_c645,15.0
BedPol_239e,PROMO_c645,15.0
BedPol_5ab8,PROMO_c645,15.0
BedLin_18f8,PROMO_c645,15.0
BedLin_2f24,PROMO_c645,15.0
BedLin_d846,PROMO_c645,15.0
BedLin_8a26,PROMO_c645,15.0
BedLin_b097,PROMO_c645,15.0
BedLin_67d1,PROMO_c645,15.0
BedLin_aa0f,PROMO_c645,15.0
BedLin_5d3d,PROMO_c645,15.0
BedLin_f732,PROMO_c645,15.0
PilCot_3481,PROMO_c645,15.0
PilCot_f078,PROMO_c645,15.0
PilCot_b22a,PROMO_c645,15.0
PilFea_8a5d,PROMO_c645,15.0
PilFea_115c,PROMO_c645,15.0
PilFea_56ac,PROMO_c645,15.0
PilPol_3076,PROMO_c645,15.0
PilPol_662f,PROMO_c645,15.0
PilPol_a442,PROMO_c645,15.0
BolCot_3050,PROMO_c645,15.0
BolCot_31e6,PROMO_c645,15.0
BolCot_21df,PROMO_c645,15.0
BolFea_98d4,PROMO_c645,15.0
BolFea_d1d6,PROMO_c645,15.0
BolFea_b87f,PROMO_c645,15.0
BolPol_f3ad,PROMO_c645,15.0
BolPol_cfd7,PROMO_c645,15.0
BolPol_82d7,PROMO_c645,15.0
BlaCot_9ebb,PROMO_c645,15.0
BlaCot_9781,PROMO_c645,15.0
BlaCot_8a14,PROMO_c645,15.0
BlaCot_503c,PROMO_c645,15.0
BlaCot_ce6c,PROMO_c645,15.0
BlaCot_b529,PROMO_c645,15.0
BlaCot_572e,PROMO_c645,15.0
BlaCot_9ef6,PROMO_c645,15.0
BlaCot_6c4b,PROMO_c645,15.0
BlaFla_769a,PROMO_c645,15.0
BlaFla_ce8e,PROMO_c645,15.0
BlaFla_4110,PROMO_c645,15.0
BlaFla_f995,PROMO_c645,15.0
BlaFla_1d9c,PROMO_c645,15.0
BlaFla_78f1,PROMO_c645,15.0
BlaFla_7645,PROMO_c645,15.0
BlaFla_ad01,PROMO_c645,15.0
BlaFla_5f55,PROMO_c645,15.0
BlaFle_991d,PROMO_c645,15.0
BlaFle_1485,PROMO_c645,15.0
BlaFle_0f50,PROMO_c645,15.0
BlaFle_c9a0,PROMO_c645,15.0
BlaFle_394c,PROMO_c645,15.0
BlaFle_7daf,PROMO_c645,15.0
BlaFle_5881,PROMO_c645,15.0
BlaFle_33f0,PROMO_c645,15.0
BlaFle_9bda,PROMO_c645,15.0
MatFoa_8cd2,PROMO_d278,8.0
MatFoa_4414,PROMO_d278,8.0
MatFoa_e09a,PROMO_d278,8.0
MatFoa_182e,PROMO_d278,8.0
MatFoa_28ad,PROMO_d278,8.0
MatFoa_13fa,PROMO_d278,8.0
MatSpr_56a3,PROMO_d278,8.0
MatSpr_06ac,PROMO_d278,8.0
MatSpr_ccc4,PROMO_d278,8.0
MatSpr_28ce,PROMO_d278,8.0
MatSpr_ba3a,PROMO_d278,8.0
MatSpr_acd0,PROMO_d278,8.0
MatPoc_1e64,PROMO_d278,8.0
MatPoc_27a0,PROMO_d278,8.0
MatPoc_6ee7,PROMO_d278,8.0
MatPoc_45de,PROMO_d278,8.0
MatPoc_2df5,PROMO_d278,8.0
MatPoc_f6cb,PROMO_d278,8.0
BedCot_2449,PROMO_d278,8.0
BedCot_6141,PROMO_d278,8.0
BedCot_4a29,PROMO_d278,8.0
BedCot_c645,PROMO_d278,8.0
BedCot_d278,PROMO_d278,8.0
BedCot_87ca,PROMO_d278,8.0
BedCot_2397,PROMO_d278,8.0
BedCot_4e8b,PROMO_d278,8.0
BedCot_17f5,PROMO_d278,8.0
BedPol_e8c9,PROMO_d278,8.0
BedPol_2724,PROMO_d278,8.0
BedPol_e207,PROMO_d278,8.0
BedPol_3807,PROMO_d278,8.0
BedPol_f406,PROMO_d278,8.0
BedPol_d3de,PROMO_d278,8.0
BedPol_5144,PROMO_d278,8.0
BedPol_239e,PROMO_d278,8.0
BedPol_5ab8,PROMO_d278,8.0
BedLin_18f8,PROMO_d278,8.0
BedLin_2f24,PROMO_d278,8.0
BedLin_d846,PROMO_d278,8.0
BedLin_8a26,PROMO_d278,8.0
BedLin_b097,PROMO_d278,8.0
BedLin_67d1,PROMO_d278,8.0
BedLin_aa0f,PROMO_d278,8.0
BedLin_5d3d,PROMO_d278,8.0
BedLin_f732,PROMO_d278,8.0
PilCot_3481,PROMO_d278,8.0
PilCot_f078,PROMO_d278,8.0
PilCot_b22a,PROMO_d278,8.0
PilFea_8a5d,PROMO_d278,8.0
PilFea_115c,PROMO_d278,8.0
PilFea_56ac,PROMO_d278,8.0
PilPol_3076,PROMO_d278,8.0
PilPol_662f,PROMO_d278,8.0
PilPol_a442,PROMO_d278,8.0
BolCot_3050,PROMO_d278,8.0
BolCot_31e6,PROMO_d278,8.0
BolCot_21df,PROMO_d278,8.0
BolFea_98d4,PROMO_d278,8.0
BolFea_d1d6,PROMO_d278,8.0
BolFea_b87f,PROMO_d278,8.0
BolPol_f3ad,PROMO_d278,8.0
BolPol_cfd7,PROMO_d278,8.0
BolPol_82d7,PROMO_d278,8.0
BlaCot_9ebb,PROMO_d278,8.0
BlaCot_9781,PROMO_d278,8.0
BlaCot_8a14,PROMO_d278,8.0
BlaCot_503c,PROMO_d278,8.0
BlaCot_ce6c,PROMO_d278,8.0
BlaCot_b529,PROMO_d278,8.0
BlaCot_572e,PROMO_d278,8.0
BlaCot_9ef6,PROMO_d278,8.0
BlaCot_6c4b,PROMO_d278,8.0
BlaFla_769a,PROMO_d278,8.0
BlaFla_ce8e,PROMO_d278,8.0
BlaFla_4110,PROMO_d278,8.0
BlaFla_f995,PROMO_d278,8.0
BlaFla_1d9c,PROMO_d278,8.0
BlaFla_78f1,PROMO_d278,8.0
BlaFla_7645,PROMO_d278,8.0
BlaFla_ad01,PROMO_d278,8.0
BlaFla_5f55,PROMO_d278,8.0
BlaFle_991d,PROMO_d278,8.0
BlaFle_1485,PROMO_d278,8.0
BlaFle_0f50,PROMO_d278,8.0
BlaFle_c9a0,PROMO_d278,8.0
BlaFle_394c,PROMO_d278,8.0
BlaFle_7daf,PROMO_d278,8.0
BlaFle_5881,PROMO_d278,8.0
BlaFle_33f0,PROMO_d278,8.0
BlaFle_9bda,PROMO_d278,8.0
MatFoa_8cd2,PROMO_87ca,0.0
MatFoa_4414,PROMO_87ca,0.0
MatFoa_e09a,PROMO_87ca,0.0
MatFoa_182e,PROMO_87ca,0.0
MatFoa_28ad,PROMO_87ca,0.0
MatFoa_13fa,PROMO_87ca,0.0
MatSpr_56a3,PROMO_87ca,0.0
MatSpr_06ac,PROMO_87ca,0.0
MatSpr_ccc4,PROMO_87ca,0.0
MatSpr_28ce,PROMO_87ca,0.0
MatSpr_ba3a,PROMO_87ca,0.0
MatSpr_acd0,PROMO_87ca,0.0
MatPoc_1e64,PROMO_87ca,0.0
MatPoc_27a0,PROMO_87ca,0.0
MatPoc_6ee7,PROMO_87ca,0.0
MatPoc_45de,PROMO_87ca,0.0
MatPoc_2df5,PROMO_87ca,0.0
MatPoc_f6cb,PROMO_87ca,0.0
BedCot_2449,PROMO_87ca,0.0
BedCot_6141,PROMO_87ca,0.0
BedCot_4a29,PROMO_87ca,0.0
BedCot_c645,PROMO_87ca,0.0
BedCot_d278,PROMO_87ca,0.0
BedCot_87ca,PROMO_87ca,0.0
BedCot_2397,PROMO_87ca,0.0
BedCot_4e8b,PROMO_87ca,0.0
BedCot_17f5,PROMO_87ca,0.0
BedPol_e8c9,PROMO_87ca,0.0
BedPol_2724,PROMO_87ca,0.0
BedPol_e207,PROMO_87ca,0.0
BedPol_3807,PROMO_87ca,0.0
BedPol_f406,PROMO_87ca,0.0
BedPol_d3de,PROMO_87ca,0.0
BedPol_5144,PROMO_87ca,0.0
BedPol_239e,PROMO_87ca,0.0
BedPol_5ab8,PROMO_87ca,0.0
BedLin_18f8,PROMO_87ca,0.0
BedLin_2f24,PROMO_87ca,0.0
BedLin_d846,PROMO_87ca,0.0
BedLin_8a26,PROMO_87ca,0.0
BedLin_b097,PROMO_87ca,0.0
BedLin_67d1,PROMO_87ca,0.0
BedLin_aa0f,PROMO_87ca,0.0
BedLin_5d3d,PROMO_87ca,0.0
BedLin_f732,PROMO_87ca,0.0
PilCot_3481,PROMO_87ca,0.0
PilCot_f078,PROMO_87ca,0.0
PilCot_b22a,PROMO_87ca,0.0
PilFea_8a5d,PROMO_87ca,0.0
PilFea_115c,PROMO_87ca,0.0
PilFea_56ac,PROMO_87ca,0.0
PilPol_3076,PROMO_87ca,0.0
PilPol_662f,PROMO_87ca,0.0
PilPol_a442,PROMO_87ca,0.0
BolCot_3050,PROMO_87ca,0.0
BolCot_31e6,PROMO_87ca,0.0
BolCot_21df,PROMO_87ca,0.0
BolFea_98d4,PROMO_87ca,0.0
BolFea_d1d6,PROMO_87ca,0.0
BolFea_b87f,PROMO_87ca,0.0
BolPol_f3ad,PROMO_87ca,0.0
BolPol_cfd7,PROMO_87ca,0.0
BolPol_82d7,PROMO_87ca,0.0
BlaCot_9ebb,PROMO_87ca,0.0
BlaCot_9781,PROMO_87ca,0.0
BlaCot_8a14,PROMO_87ca,0.0
BlaCot_503c,PROMO_87ca,0.0
BlaCot_ce6c,PROMO_87ca,0.0
BlaCot_b529,PROMO_87ca,0.0
BlaCot_572e,PROMO_87ca,0.0
BlaCot_9ef6,PROMO_87ca,0.0
BlaCot_6c4b,PROMO_87ca,0.0
BlaFla_769a,PROMO_87ca,0.0
BlaFla_ce8e,PROMO_87ca,0.0
BlaFla_4110,PROMO_87ca,0.0
BlaFla_f995,PROMO_87ca,0.0
BlaFla_1d9c,PROMO_87ca,0.0
BlaFla_78f1,PROMO_87ca,0.0
BlaFla_7645,PROMO_87ca,0.0
BlaFla_ad01,PROMO_87ca,0.0
BlaFla_5f55,PROMO_87ca,0.0
BlaFle_991d,PROMO_87ca,0.0
BlaFle_1485,PROMO_87ca,0.0
BlaFle_0f50,PROMO_87ca,0.0
BlaFle_c9a0,PROMO_87ca,0.0
BlaFle_394c,PROMO_87ca,0.0
BlaFle_7daf,PROMO_87ca,0.0
BlaFle_5881,PROMO_87ca,0.0
BlaFle_33f0,PROMO_87ca,0.0
BlaFle_9bda,PROMO_87ca,0.0
MatFoa_8cd2,PROMO_2397,8.0
MatFoa_4414,PROMO_2397,8.0
MatFoa_e09a,PROMO_2397,8.0
MatFoa_182e,PROMO_2397,8.0
MatFoa_28ad,PROMO_2397,8.0
MatFoa_13fa,PROMO_2397,8.0
MatSpr_56a3,PROMO_2397,8.0
MatSpr_06ac,PROMO_2397,8.0
MatSpr_ccc4,PROMO_2397,8.0
MatSpr_28ce,PROMO_2397,8.0
MatSpr_ba3a,PROMO_2397,8.0
MatSpr_acd0,PROMO_2397,8.0
MatPoc_1e64,PROMO_2397,8.0
MatPoc_27a0,PROMO_2397,8.0
MatPoc_6ee7,PROMO_2397,8.0
MatPoc_45de,PROMO_2397,8.0
MatPoc_2df5,PROMO_2397,8.0
MatPoc_f6cb,PROMO_2397,8.0
BedCot_2449,PROMO_4e8b,0.0
BedCot_6141,PROMO_4e8b,0.0
BedCot_4a29,PROMO_4e8b,0.0
BedCot_c645,PROMO_4e8b,0.0
BedCot_d278,PROMO_4e8b,0.0
BedCot_87ca,PROMO_4e8b,0.0
BedCot_2397,PROMO_4e8b,0.0
BedCot_4e8b,PROMO_4e8b,0.0
BedCot_17f5,PROMO_4e8b,0.0
BedPol_e8c9,PROMO_4e8b,0.0
BedPol_2724,PROMO_4e8b,0.0
BedPol_e207,PROMO_4e8b,0.0
BedPol_3807,PROMO_4e8b,0.0
BedPol_f406,PROMO_4e8b,0.0
BedPol_d3de,PROMO_4e8b,0.0
BedPol_5144,PROMO_4e8b,0.0
BedPol_239e,PROMO_4e8b,0.0
BedPol_5ab8,PROMO_4e8b,0.0
BedLin_18f8,PROMO_4e8b,0.0
BedLin_2f24,PROMO_4e8b,0.0
BedLin_d846,PROMO_4e8b,0.0
BedLin_8a26,PROMO_4e8b,0.0
BedLin_b097,PROMO_4e8b,0.0
BedLin_67d1,PROMO_4e8b,0.0
BedLin_aa0f,PROMO_4e8b,0.0
BedLin_5d3d,PROMO_4e8b,0.0
BedLin_f732,PROMO_4e8b,0.0
MatFoa_8cd2,PROMO_17f5,8.0
MatFoa_4414,PROMO_17f5,8.0
MatFoa_e09a,PROMO_17f5,8.0
MatFoa_182e,PROMO_17f5,8.0
MatFoa_28ad,PROMO_17f5,8.0
MatFoa_13fa,PROMO_17f5,8.0
MatSpr_56a3,PROMO_17f5,8.0
MatSpr_06ac,PROMO_17f5,8.0
MatSpr_ccc4,PROMO_17f5,8.0
MatSpr_28ce,PROMO_17f5,8.0
MatSpr_ba3a,PROMO_17f5,8.0
MatSpr_acd0,PROMO_17f5,8.0
MatPoc_1e64,PROMO_17f5,8.0
MatPoc_27a0,PROMO_17f5,8.0
MatPoc_6ee7,PROMO_17f5,8.0
MatPoc_45de,PROMO_17f5,8.0
MatPoc_2df5,PROMO_17f5,8.0
MatPoc_f6cb,PROMO_17f5,8.0
MatFoa_8cd2,PROMO_e8c9,0.0
MatFoa_4414,PROMO_e8c9,0.0
MatFoa_e09a,PROMO_e8c9,0.0
MatFoa_182e,PROMO_e8c9,0.0
MatFoa_28ad,PROMO_e8c9,0.0
MatFoa_13fa,PROMO_e8c9,0.0
MatSpr_56a3,PROMO_e8c9,0.0
MatSpr_06ac,PROMO_e8c9,0.0
MatSpr_ccc4,PROMO_e8c9,0.0
MatSpr_28ce,PROMO_e8c9,0.0
MatSpr_ba3a,PROMO_e8c9,0.0
MatSpr_acd0,PROMO_e8c9,0.0
MatPoc_1e64,PROMO_e8c9,0.0
MatPoc_27a0,PROMO_e8c9,0.0
MatPoc_6ee7,PROMO_e8c9,0.0
MatPoc_45de,PROMO_e8c9,0.0
MatPoc_2df5,PROMO_e8c9,0.0
MatPoc_f6cb,PROMO_e8c9,0.0
BedCot_2449,PROMO_e8c9,0.0
BedCot_6141,PROMO_e8c9,0.0
BedCot_4a29,PROMO_e8c9,0.0
BedCot_c645,PROMO_e8c9,0.0
BedCot_d278,PROMO_e8c9,0.0
BedCot_87ca,PROMO_e8c9,0.0
BedCot_2397,PROMO_e8c9,0.0
BedCot_4e8b,PROMO_e8c9,0.0
BedCot_17f5,PROMO_e8c9,0.0
BedPol_e8c9,PROMO_e8c9,0.0
BedPol_2724,PROMO_e8c9,0.0
BedPol_e207,PROMO_e8c9,0.0
BedPol_3807,PROMO_e8c9,0.0
BedPol_f406,PROMO_e8c9,0.0
BedPol_d3de,PROMO_e8c9,0.0
BedPol_5144,PROMO_e8c9,0.0
BedPol_239e,PROMO_e8c9,0.0
BedPol_5ab8,PROMO_e8c9,0.0
BedLin_18f8,PROMO_e8c9,0.0
BedLin_2f24,PROMO_e8c9,0.0
BedLin_d846,PROMO_e8c9,0.0
BedLin_8a26,PROMO_e8c9,0.0
BedLin_b097,PROMO_e8c9,0.0
BedLin_67d1,PROMO_e8c9,0.0
BedLin_aa0f,PROMO_e8c9,0.0
BedLin_5d3d,PROMO_e8c9,0.0
BedLin_f732,PROMO_e8c9,0.0
PilCot_3481,PROMO_e8c9,0.0
PilCot_f078,PROMO_e8c9,0.0
PilCot_b22a,PROMO_e8c9,0.0
PilFea_8a5d,PROMO_e8c9,0.0
PilFea_115c,PROMO_e8c9,0.0
PilFea_56ac,PROMO_e8c9,0.0
PilPol_3076,PROMO_e8c9,0.0
PilPol_662f,PROMO_e8c9,0.0
PilPol_a442,PROMO_e8c9,0.0
BolCot_3050,PROMO_e8c9,0.0
BolCot_31e6,PROMO_e8c9,0.0
BolCot_21df,PROMO_e8c9,0.0
BolFea_98d4,PROMO_e8c9,0.0
BolFea_d1d6,PROMO_e8c9,0.0
BolFea_b87f,PROMO_e8c9,0.0
BolPol_f3ad,PROMO_e8c9,0.0
BolPol_cfd7,PROMO_e8c9,0.0
BolPol_82d7,PROMO_e8c9,0.0
BlaCot_9ebb,PROMO_e8c9,0.0
BlaCot_9781,PROMO_e8c9,0.0
BlaCot_8a14,PROMO_e8c9,0.0
BlaCot_503c,PROMO_e8c9,0.0
BlaCot_ce6c,PROMO_e8c9,0.0
BlaCot_b529,PROMO_e8c9,0.0
BlaCot_572e,PROMO_e8c9,0.0
BlaCot_9ef6,PROMO_e8c9,0.0
BlaCot_6c4b,PROMO_e8c9,0.0
BlaFla_769a,PROMO_e8c9,0.0
BlaFla_ce8e,PROMO_e8c9,0.0
BlaFla_4110,PROMO_e8c9,0.0
BlaFla_f995,PROMO_e8c9,0.0
BlaFla_1d9c,PROMO_e8c9,0.0
BlaFla_78f1,PROMO_e8c9,0.0
BlaFla_7645,PROMO_e8c9,0.0
BlaFla_ad01,PROMO_e8c9,0.0
BlaFla_5f55,PROMO_e8c9,0.0
BlaFle_991d,PROMO_e8c9,0.0
BlaFle_1485,PROMO_e8c9,0.0
BlaFle_0f50,PROMO_e8c9,0.0
BlaFle_c9a0,PROMO_e8c9,0.0
BlaFle_394c,PROMO_e8c9,0.0
BlaFle_7daf,PROMO_e8c9,0.0
BlaFle_5881,PROMO_e8c9,0.0
BlaFle_33f0,PROMO_e8c9,0.0
BlaFle_9bda,PROMO_e8c9,0.0
MatFoa_8cd2,PROMO_2724,20.0
MatFoa_4414,PROMO_2724,20.0
MatFoa_e09a,PROMO_2724,20.0
MatFoa_182e,PROMO_2724,20.0
MatFoa_28ad,PROMO_2724,20.0
MatFoa_13fa,PROMO_2724,20.0
MatSpr_56a3,PROMO_2724,20.0
MatSpr_06ac,PROMO_2724,20.0
MatSpr_ccc4,PROMO_2724,20.0
MatSpr_28ce,PROMO_2724,20.0
MatSpr_ba3a,PROMO_2724,20.0
MatSpr_acd0,PROMO_2724,20.0
MatPoc_1e64,PROMO_2724,20.0
MatPoc_27a0,PROMO_2724,20.0
MatPoc_6ee7,PROMO_2724,20.0
MatPoc_45de,PROMO_2724,20.0
MatPoc_2df5,PROMO_2724,20.0
MatPoc_f6cb,PROMO_2724,20.0
BedCot_2449,PROMO_2724,20.0
BedCot_6141,PROMO_2724,20.0
BedCot_4a29,PROMO_2724,20.0
BedCot_c645,PROMO_2724,20.0
BedCot_d278,PROMO_2724,20.0
BedCot_87ca,PROMO_2724,20.0
BedCot_2397,PROMO_2724,20.0
BedCot_4e8b,PROMO_2724,20.0
BedCot_17f5,PROMO_2724,20.0
BedPol_e8c9,PROMO_2724,20.0
BedPol_2724,PROMO_2724,20.0
BedPol_e207,PROMO_2724,20.0
BedPol_3807,PROMO_2724,20.0
BedPol_f406,PROMO_2724,20.0
BedPol_d3de,PROMO_2724,20.0
BedPol_5144,PROMO_2724,20.0
BedPol_239e,PROMO_2724,20.0
BedPol_5ab8,PROMO_2724,20.0
BedLin_18f8,PROMO_2724,20.0
BedLin_2f24,PROMO_2724,20.0
BedLin_d846,PROMO_2724,20.0
BedLin_8a26,PROMO_2724,20.0
BedLin_b097,PROMO_2724,20.0
BedLin_67d1,PROMO_2724,20.0
BedLin_aa0f,PROMO_2724,20.0
BedLin_5d3d,PROMO_2724,20.0
BedLin_f732,PROMO_2724,20.0
PilCot_3481,PROMO_2724,20.0
PilCot_f078,PROMO_2724,20.0
PilCot_b22a,PROMO_2724,20.0
PilFea_8a5d,PROMO_2724,20.0
PilFea_115c,PROMO_2724,20.0
PilFea_56ac,PROMO_2724,20.0
PilPol_3076,PROMO_2724,20.0
PilPol_662f,PROMO_2724,20.0
PilPol_a442,PROMO_2724,20.0
BolCot_3050,PROMO_2724,20.0
BolCot_31e6,PROMO_2724,20.0
BolCot_21df,PROMO_2724,20.0
BolFea_98d4,PROMO_2724,20.0
BolFea_d1d6,PROMO_2724,20.0
BolFea_b87f,PROMO_2724,20.0
BolPol_f3ad,PROMO_2724,20.0
BolPol_cfd7,PROMO_2724,20.0
BolPol_82d7,PROMO_2724,20.0
BlaCot_9ebb,PROMO_2724,20.0
BlaCot_9781,PROMO_2724,20.0
BlaCot_8a14,PROMO_2724,20.0
BlaCot_503c,PROMO_2724,20.0
BlaCot_ce6c,PROMO_2724,20.0
BlaCot_b529,PROMO_2724,20.0
BlaCot_572e,PROMO_2724,20.0
BlaCot_9ef6,PROMO_2724,20.0
BlaCot_6c4b,PROMO_2724,20.0
BlaFla_769a,PROMO_2724,20.0
BlaFla_ce8e,PROMO_2724,20.0
BlaFla_4110,PROMO_2724,20.0
BlaFla_f995,PROMO_2724,20.0
BlaFla_1d9c,PROMO_2724,20.0
BlaFla_78f1,PROMO_2724,20.0
BlaFla_7645,PROMO_2724,20.0
BlaFla_ad01,PROMO_2724,20.0
BlaFla_5f55,PROMO_2724,20.0
BlaFle_991d,PROMO_2724,20.0
BlaFle_1485,PROMO_2724,20.0
BlaFle_0f50,PROMO_2724,20.0
BlaFle_c9a0,PROMO_2724,20.0
BlaFle_394c,PROMO_2724,20.0
BlaFle_7daf,PROMO_2724,20.0
BlaFle_5881,PROMO_2724,20.0
BlaFle_33f0,PROMO_2724,20.0
BlaFle_9bda,PROMO_2724,20.0
MatFoa_8cd2,PROMO_e207,0.0
MatFoa_4414,PROMO_e207,0.0
MatFoa_e09a,PROMO_e207,0.0
MatFoa_182e,PROMO_e207,0.0
MatFoa_28ad,PROMO_e207,0.0
MatFoa_13fa,PROMO_e207,0.0
MatSpr_56a3,PROMO_e207,0.0
MatSpr_06ac,PROMO_e207,0.0
MatSpr_ccc4,PROMO_e207,0.0
MatSpr_28ce,PROMO_e207,0.0
MatSpr_ba3a,PROMO_e207,0.0
MatSpr_acd0,PROMO_e207,0.0
MatPoc_1e64,PROMO_e207,0.0
MatPoc_27a0,PROMO_e207,0.0
MatPoc_6ee7,PROMO_e207,0.0
MatPoc_45de,PROMO_e207,0.0
MatPoc_2df5,PROMO_e207,0.0
MatPoc_f6cb,PROMO_e207,0.0
BedCot_2449,PROMO_e207,0.0
BedCot_6141,PROMO_e207,0.0
BedCot_4a29,PROMO_e207,0.0
BedCot_c645,PROMO_e207,0.0
BedCot_d278,PROMO_e207,0.0
BedCot_87ca,PROMO_e207,0.0
BedCot_2397,PROMO_e207,0.0
BedCot_4e8b,PROMO_e207,0.0
BedCot_17f5,PROMO_e207,0.0
BedPol_e8c9,PROMO_e207,0.0
BedPol_2724,PROMO_e207,0.0
BedPol_e207,PROMO_e207,0.0
BedPol_3807,PROMO_e207,0.0
BedPol_f406,PROMO_e207,0.0
BedPol_d3de,PROMO_e207,0.0
BedPol_5144,PROMO_e207,0.0
BedPol_239e,PROMO_e207,0.0
BedPol_5ab8,PROMO_e207,0.0
BedLin_18f8,PROMO_e207,0.0
BedLin_2f24,PROMO_e207,0.0
BedLin_d846,PROMO_e207,0.0
BedLin_8a26,PROMO_e207,0.0
BedLin_b097,PROMO_e207,0.0
BedLin_67d1,PROMO_e207,0.0
BedLin_aa0f,PROMO_e207,0.0
BedLin_5d3d,PROMO_e207,0.0
BedLin_f732,PROMO_e207,0.0
PilCot_3481,PROMO_e207,0.0
PilCot_f078,PROMO_e207,0.0
PilCot_b22a,PROMO_e207,0.0
PilFea_8a5d,PROMO_e207,0.0
PilFea_115c,PROMO_e207,0.0
PilFea_56ac,PROMO_e207,0.0
PilPol_3076,PROMO_e207,0.0
PilPol_662f,PROMO_e207,0.0
PilPol_a442,PROMO_e207,0.0
BolCot_3050,PROMO_e207,0.0
BolCot_31e6,PROMO_e207,0.0
BolCot_21df,PROMO_e207,0.0
BolFea_98d4,PROMO_e207,0.0
BolFea_d1d6,PROMO_e207,0.0
BolFea_b87f,PROMO_e207,0.0
BolPol_f3ad,PROMO_e207,0.0
BolPol_cfd7,PROMO_e207,0.0
BolPol_82d7,PROMO_e207,0.0
BlaCot_9ebb,PROMO_e207,0.0
BlaCot_9781,PROMO_e207,0.0
BlaCot_8a14,PROMO_e207,0.0
BlaCot_503c,PROMO_e207,0.0
BlaCot_ce6c,PROMO_e207,0.0
BlaCot_b529,PROMO_e207,0.0
BlaCot_572e,PROMO_e207,0.0
BlaCot_9ef6,PROMO_e207,0.0
BlaCot_6c4b,PROMO_e207,0.0
BlaFla_769a,PROMO_e207,0.0
BlaFla_ce8e,PROMO_e207,0.0
BlaFla_4110,PROMO_e207,0.0
BlaFla_f995,PROMO_e207,0.0
BlaFla_1d9c,PROMO_e207,0.0
BlaFla_78f1,PROMO_e207,0.0
BlaFla_7645,PROMO_e207,0.0
BlaFla_ad01,PROMO_e207,0.0
BlaFla_5f55,PROMO_e207,0.0
BlaFle_991d,PROMO_e207,0.0
BlaFle_1485,PROMO_e207,0.0
BlaFle_0f50,PROMO_e207,0.0
BlaFle_c9a0,PROMO_e207,0.0
BlaFle_394c,PROMO_e207,0.0
BlaFle_7daf,PROMO_e207,0.0
BlaFle_5881,PROMO_e207,0.0
BlaFle_33f0,PROMO_e207,0.0
BlaFle_9bda,PROMO_e207,0.0
MatFoa_8cd2,PROMO_3807,10.0
MatFoa_4414,PROMO_3807,10.0
MatFoa_e09a,PROMO_3807,10.0
MatFoa_182e,PROMO_3807,10.0
MatFoa_28ad,PROMO_3807,10.0
MatFoa_13fa,PROMO_3807,10.0
MatSpr_56a3,PROMO_3807,10.0
MatSpr_06ac,PROMO_3807,10.0
MatSpr_ccc4,PROMO_3807,10.0
MatSpr_28ce,PROMO_3807,10.0
MatSpr_ba3a,PROMO_3807,10.0
MatSpr_acd0,PROMO_3807,10.0
MatPoc_1e64,PROMO_3807,10.0
MatPoc_27a0,PROMO_3807,10.0
MatPoc_6ee7,PROMO_3807,10.0
MatPoc_45de,PROMO_3807,10.0
MatPoc_2df5,PROMO_3807,10.0
MatPoc_f6cb,PROMO_3807,10.0
BedCot_2449,PROMO_3807,10.0
BedCot_6141,PROMO_3807,10.0
BedCot_4a29,PROMO_3807,10.0
BedCot_c645,PROMO_3807,10.0
BedCot_d278,PROMO_3807,10.0
BedCot_87ca,PROMO_3807,10.0
BedCot_2397,PROMO_3807,10.0
BedCot_4e8b,PROMO_3807,10.0
BedCot_17f5,PROMO_3807,10.0
BedPol_e8c9,PROMO_3807,10.0
BedPol_2724,PROMO_3807,10.0
BedPol_e207,PROMO_3807,10.0
BedPol_3807,PROMO_3807,10.0
BedPol_f406,PROMO_3807,10.0
BedPol_d3de,PROMO_3807,10.0
BedPol_5144,PROMO_3807,10.0
BedPol_239e,PROMO_3807,10.0
BedPol_5ab8,PROMO_3807,10.0
BedLin_18f8,PROMO_3807,10.0
BedLin_2f24,PROMO_3807,10.0
BedLin_d846,PROMO_3807,10.0
BedLin_8a26,PROMO_3807,10.0
BedLin_b097,PROMO_3807,10.0
BedLin_67d1,PROMO_3807,10.0
BedLin_aa0f,PROMO_3807,10.0
BedLin_5d3d,PROMO_3807,10.0
BedLin_f732,PROMO_3807,10.0
PilCot_3481,PROMO_3807,10.0
PilCot_f078,PROMO_3807,10.0
PilCot_b22a,PROMO_3807,10.0
PilFea_8a5d,PROMO_3807,10.0
PilFea_115c,PROMO_3807,10.0
PilFea_56ac,PROMO_3807,10.0
PilPol_3076,PROMO_3807,10.0
PilPol_662f,PROMO_3807,10.0
PilPol_a442,PROMO_3807,10.0
BolCot_3050,PROMO_3807,10.0
BolCot_31e6,PROMO_3807,10.0
BolCot_21df,PROMO_3807,10.0
BolFea_98d4,PROMO_3807,10.0
BolFea_d1d6,PROMO_3807,10.0
BolFea_b87f,PROMO_3807,10.0
BolPol_f3ad,PROMO_3807,10.0
BolPol_cfd7,PROMO_3807,10.0
BolPol_82d7,PROMO_3807,10.0
BlaCot_9ebb,PROMO_3807,10.0
BlaCot_9781,PROMO_3807,10.0
BlaCot_8a14,PROMO_3807,10.0
BlaCot_503c,PROMO_3807,10.0
BlaCot_ce6c,PROMO_3807,10.0
BlaCot_b529,PROMO_3807,10.0
BlaCot_572e,PROMO_3807,10.0
BlaCot_9ef6,PROMO_3807,10.0
BlaCot_6c4b,PROMO_3807,10.0
BlaFla_769a,PROMO_3807,10.0
BlaFla_ce8e,PROMO_3807,10.0
BlaFla_4110,PROMO_3807,10.0
BlaFla_f995,PROMO_3807,10.0
BlaFla_1d9c,PROMO_3807,10.0
BlaFla_78f1,PROMO_3807,10.0
BlaFla_7645,PROMO_3807,10.0
BlaFla_ad01,PROMO_3807,10.0
BlaFla_5f55,PROMO_3807,10.0
BlaFle_991d,PROMO_3807,10.0
BlaFle_1485,PROMO_3807,10.0
BlaFle_0f50,PROMO_3807,10.0
BlaFle_c9a0,PROMO_3807,10.0
BlaFle_394c,PROMO_3807,10.0
BlaFle_7daf,PROMO_3807,10.0
BlaFle_5881,PROMO_3807,10.0
BlaFle_33f0,PROMO_3807,10.0
BlaFle_9bda,PROMO_3807,10.0
MatFoa_8cd2,PROMO_f406,0.0
MatFoa_4414,PROMO_f406,0.0
MatFoa_e09a,PROMO_f406,0.0
MatFoa_182e,PROMO_f406,0.0
MatFoa_28ad,PROMO_f406,0.0
MatFoa_13fa,PROMO_f406,0.0
MatSpr_56a3,PROMO_f406,0.0
MatSpr_06ac,PROMO_f406,0.0
MatSpr_ccc4,PROMO_f406,0.0
MatSpr_28ce,PROMO_f406,0.0
MatSpr_ba3a,PROMO_f406,0.0
MatSpr_acd0,PROMO_f406,0.0
MatPoc_1e64,PROMO_f406,0.0
MatPoc_27a0,PROMO_f406,0.0
MatPoc_6ee7,PROMO_f406,0.0
MatPoc_45de,PROMO_f406,0.0
MatPoc_2df5,PROMO_f406,0.0
MatPoc_f6cb,PROMO_f406,0.0
BedCot_2449,PROMO_f406,0.0
BedCot_6141,PROMO_f406,0.0
BedCot_4a29,PROMO_f406,0.0
BedCot_c645,PROMO_f406,0.0
BedCot_d278,PROMO_f406,0.0
BedCot_87ca,PROMO_f406,0.0
BedCot_2397,PROMO_f406,0.0
BedCot_4e8b,PROMO_f406,0.0
BedCot_17f5,PROMO_f406,0.0
BedPol_e8c9,PROMO_f406,0.0
BedPol_2724,PROMO_f406,0.0
BedPol_e207,PROMO_f406,0.0
BedPol_3807,PROMO_f406,0.0
BedPol_f406,PROMO_f406,0.0
BedPol_d3de,PROMO_f406,0.0
BedPol_5144,PROMO_f406,0.0
BedPol_239e,PROMO_f406,0.0
BedPol_5ab8,PROMO_f406,0.0
BedLin_18f8,PROMO_f406,0.0
BedLin_2f24,PROMO_f406,0.0
BedLin_d846,PROMO_f406,0.0
BedLin_8a26,PROMO_f406,0.0
BedLin_b097,PROMO_f406,0.0
BedLin_67d1,PROMO_f406,0.0
BedLin_aa0f,PROMO_f406,0.0
BedLin_5d3d,PROMO_f406,0.0
BedLin_f732,PROMO_f406,0.0
PilCot_3481,PROMO_f406,0.0
PilCot_f078,PROMO_f406,0.0
PilCot_b22a,PROMO_f406,0.0
PilFea_8a5d,PROMO_f406,0.0
PilFea_115c,PROMO_f406,0.0
PilFea_56ac,PROMO_f406,0.0
PilPol_3076,PROMO_f406,0.0
PilPol_662f,PROMO_f406,0.0
PilPol_a442,PROMO_f406,0.0
BolCot_3050,PROMO_f406,0.0
BolCot_31e6,PROMO_f406,0.0
BolCot_21df,PROMO_f406,0.0
BolFea_98d4,PROMO_f406,0.0
BolFea_d1d6,PROMO_f406,0.0
BolFea_b87f,PROMO_f406,0.0
BolPol_f3ad,PROMO_f406,0.0
BolPol_cfd7,PROMO_f406,0.0
BolPol_82d7,PROMO_f406,0.0
BlaCot_9ebb,PROMO_f406,0.0
BlaCot_9781,PROMO_f406,0.0
BlaCot_8a14,PROMO_f406,0.0
BlaCot_503c,PROMO_f406,0.0
BlaCot_ce6c,PROMO_f406,0.0
BlaCot_b529,PROMO_f406,0.0
BlaCot_572e,PROMO_f406,0.0
BlaCot_9ef6,PROMO_f406,0.0
BlaCot_6c4b,PROMO_f406,0.0
BlaFla_769a,PROMO_f406,0.0
BlaFla_ce8e,PROMO_f406,0.0
BlaFla_4110,PROMO_f406,0.0
BlaFla_f995,PROMO_f406,0.0
BlaFla_1d9c,PROMO_f406,0.0
BlaFla_78f1,PROMO_f406,0.0
BlaFla_7645,PROMO_f406,0.0
BlaFla_ad01,PROMO_f406,0.0
BlaFla_5f55,PROMO_f406,0.0
BlaFle_991d,PROMO_f406,0.0
BlaFle_1485,PROMO_f406,0.0
BlaFle_0f50,PROMO_f406,0.0
BlaFle_c9a0,PROMO_f406,0.0
BlaFle_394c,PROMO_f406,0.0
BlaFle_7daf,PROMO_f406,0.0
BlaFle_5881,PROMO_f406,0.0
BlaFle_33f0,PROMO_f406,0.0
BlaFle_9bda,PROMO_f406,0.0
MatFoa_8cd2,PROMO_d3de,210.0
MatFoa_4414,PROMO_d3de,210.0
MatFoa_e09a,PROMO_d3de,330.0
MatFoa_182e,PROMO_d3de,330.0
MatFoa_28ad,PROMO_d3de,450.0
MatFoa_13fa,PROMO_d3de,450.0
MatSpr_56a3,PROMO_d3de,240.0
MatSpr_06ac,PROMO_d3de,240.0
MatSpr_ccc4,PROMO_d3de,360.0
MatSpr_28ce,PROMO_d3de,360.0
MatSpr_ba3a,PROMO_d3de,480.0
MatSpr_acd0,PROMO_d3de,480.0
MatPoc_1e64,PROMO_d3de,510.0
MatPoc_27a0,PROMO_d3de,510.0
MatPoc_6ee7,PROMO_d3de,780.0
MatPoc_45de,PROMO_d3de,780.0
MatPoc_2df5,PROMO_d3de,1050.0
MatPoc_f6cb,PROMO_d3de,1050.0
BedCot_2449,PROMO_d3de,48.0
BedCot_6141,PROMO_d3de,48.0
BedCot_4a29,PROMO_d3de,48.0
BedCot_c645,PROMO_d3de,72.0
BedCot_d278,PROMO_d3de,72.0
BedCot_87ca,PROMO_d3de,72.0
BedCot_2397,PROMO_d3de,90.0
BedCot_4e8b,PROMO_d3de,90.0
BedCot_17f5,PROMO_d3de,90.0
BedPol_e8c9,PROMO_d3de,24.0
BedPol_2724,PROMO_d3de,24.0
BedPol_e207,PROMO_d3de,24.0
BedPol_3807,PROMO_d3de,30.0
BedPol_f406,PROMO_d3de,30.0
BedPol_d3de,PROMO_d3de,30.0
BedPol_5144,PROMO_d3de,36.0
BedPol_239e,PROMO_d3de,36.0
BedPol_5ab8,PROMO_d3de,36.0
BedLin_18f8,PROMO_d3de,120.0
BedLin_2f24,PROMO_d3de,120.0
BedLin_d846,PROMO_d3de,120.0
BedLin_8a26,PROMO_d3de,228.0
BedLin_b097,PROMO_d3de,228.0
BedLin_67d1,PROMO_d3de,228.0
BedLin_aa0f,PROMO_d3de,252.0
BedLin_5d3d,PROMO_d3de,252.0
BedLin_f732,PROMO_d3de,252.0
PilCot_3481,PROMO_d3de,15.0
PilCot_f078,PROMO_d3de,15.0
PilCot_b22a,PROMO_d3de,15.0
PilFea_8a5d,PROMO_d3de,39.0
PilFea_115c,PROMO_d3de,39.0
PilFea_56ac,PROMO_d3de,39.0
PilPol_3076,PROMO_d3de,11.0
PilPol_662f,PROMO_d3de,11.0
PilPol_a442,PROMO_d3de,11.0
BolCot_3050,PROMO_d3de,18.0
BolCot_31e6,PROMO_d3de,18.0
BolCot_21df,PROMO_d3de,18.0
BolFea_98d4,PROMO_d3de,42.0
BolFea_d1d6,PROMO_d3de,42.0
BolFea_b87f,PROMO_d3de,42.0
BolPol_f3ad,PROMO_d3de,13.0
BolPol_cfd7,PROMO_d3de,13.0
BolPol_82d7,PROMO_d3de,13.0
BlaCot_9ebb,PROMO_d3de,72.0
BlaCot_9781,PROMO_d3de,72.0
BlaCot_8a14,PROMO_d3de,72.0
BlaCot_503c,PROMO_d3de,120.0
BlaCot_ce6c,PROMO_d3de,120.0
BlaCot_b529,PROMO_d3de,120.0
BlaCot_572e,PROMO_d3de,132.0
BlaCot_9ef6,PROMO_d3de,132.0
BlaCot_6c4b,PROMO_d3de,132.0
BlaFla_769a,PROMO_d3de,36.0
BlaFla_ce8e,PROMO_d3de,36.0
BlaFla_4110,PROMO_d3de,36.0
BlaFla_f995,PROMO_d3de,60.0
BlaFla_1d9c,PROMO_d3de,60.0
BlaFla_78f1,PROMO_d3de,60.0
BlaFla_7645,PROMO_d3de,72.0
BlaFla_ad01,PROMO_d3de,72.0
BlaFla_5f55,PROMO_d3de,72.0
BlaFle_991d,PROMO_d3de,18.0
BlaFle_1485,PROMO_d3de,18.0
BlaFle_0f50,PROMO_d3de,18.0
BlaFle_c9a0,PROMO_d3de,36.0
BlaFle_394c,PROMO_d3de,36.0
BlaFle_7daf,PROMO_d3de,36.0
BlaFle_5881,PROMO_d3de,42.0
BlaFle_33f0,PROMO_d3de,42.0
BlaFle_9bda,PROMO_d3de,42.0
MatFoa_8cd2,PROMO_5144,15.0
MatFoa_4414,PROMO_5144,15.0
MatFoa_e09a,PROMO_5144,15.0
MatFoa_182e,PROMO_5144,15.0
MatFoa_28ad,PROMO_5144,15.0
MatFoa_13fa,PROMO_5144,15.0
MatSpr_56a3,PROMO_5144,15.0
MatSpr_06ac,PROMO_5144,15.0
MatSpr_ccc4,PROMO_5144,15.0
MatSpr_28ce,PROMO_5144,15.0
MatSpr_ba3a,PROMO_5144,15.0
MatSpr_acd0,PROMO_5144,15.0
MatPoc_1e64,PROMO_5144,15.0
MatPoc_27a0,PROMO_5144,15.0
MatPoc_6ee7,PROMO_5144,15.0
MatPoc_45de,PROMO_5144,15.0
MatPoc_2df5,PROMO_5144,15.0
MatPoc_f6cb,PROMO_5144,15.0
BedCot_2449,PROMO_5144,15.0
BedCot_6141,PROMO_5144,15.0
BedCot_4a29,PROMO_5144,15.0
BedCot_c645,PROMO_5144,15.0
BedCot_d278,PROMO_5144,15.0
BedCot_87ca,PROMO_5144,15.0
BedCot_2397,PROMO_5144,15.0
BedCot_4e8b,PROMO_5144,15.0
BedCot_17f5,PROMO_5144,15.0
BedPol_e8c9,PROMO_5144,15.0
BedPol_2724,PROMO_5144,15.0
BedPol_e207,PROMO_5144,15.0
BedPol_3807,PROMO_5144,15.0
BedPol_f406,PROMO_5144,15.0
BedPol_d3de,PROMO_5144,15.0
BedPol_5144,PROMO_5144,15.0
BedPol_239e,PROMO_5144,15.0
BedPol_5ab8,PROMO_5144,15.0
BedLin_18f8,PROMO_5144,15.0
BedLin_2f24,PROMO_5144,15.0
BedLin_d846,PROMO_5144,15.0
BedLin_8a26,PROMO_5144,15.0
BedLin_b097,PROMO_5144,15.0
BedLin_67d1,PROMO_5144,15.0
BedLin_aa0f,PROMO_5144,15.0
BedLin_5d3d,PROMO_5144,15.0
BedLin_f732,PROMO_5144,15.0
PilCot_3481,PROMO_5144,15.0
PilCot_f078,PROMO_5144,15.0
PilCot_b22a,PROMO_5144,15.0
PilFea_8a5d,PROMO_5144,15.0
PilFea_115c,PROMO_5144,15.0
PilFea_56ac,PROMO_5144,15.0
PilPol_3076,PROMO_5144,15.0
PilPol_662f,PROMO_5144,15.0
PilPol_a442,PROMO_5144,15.0
BolCot_3050,PROMO_5144,15.0
BolCot_31e6,PROMO_5144,15.0
BolCot_21df,PROMO_5144,15.0
BolFea_98d4,PROMO_5144,15.0
BolFea_d1d6,PROMO_5144,15.0
BolFea_b87f,PROMO_5144,15.0
BolPol_f3ad,PROMO_5144,15.0
BolPol_cfd7,PROMO_5144,15.0
BolPol_82d7,PROMO_5144,15.0
BlaCot_9ebb,PROMO_5144,15.0
BlaCot_9781,PROMO_5144,15.0
BlaCot_8a14,PROMO_5144,15.0
BlaCot_503c,PROMO_5144,15.0
BlaCot_ce6c,PROMO_5144,15.0
BlaCot_b529,PROMO_5144,15.0
BlaCot_572e,PROMO_5144,15.0
BlaCot_9ef6,PROMO_5144,15.0
BlaCot_6c4b,PROMO_5144,15.0
BlaFla_769a,PROMO_5144,15.0
BlaFla_ce8e,PROMO_5144,15.0
BlaFla_4110,PROMO_5144,15.0
BlaFla_f995,PROMO_5144,15.0
BlaFla_1d9c,PROMO_5144,15.0
BlaFla_78f1,PROMO_5144,15.0
BlaFla_7645,PROMO_5144,15.0
BlaFla_ad01,PROMO_5144,15.0
BlaFla_5f55,PROMO_5144,15.0
BlaFle_991d,PROMO_5144,15.0
BlaFle_1485,PROMO_5144,15.0
BlaFle_0f50,PROMO_5144,15.0
BlaFle_c9a0,PROMO_5144,15.0
BlaFle_394c,PROMO_5144,15.0
BlaFle_7daf,PROMO_5144,15.0
BlaFle_5881,PROMO_5144,15.0
BlaFle_33f0,PROMO_5144,15.0
BlaFle_9bda,PROMO_5144,15.0
MatFoa_8cd2,PROMO_239e,8.0
MatFoa_4414,PROMO_239e,8.0
MatFoa_e09a,PROMO_239e,8.0
MatFoa_182e,PROMO_239e,8.0
MatFoa_28ad,PROMO_239e,8.0
MatFoa_13fa,PROMO_239e,8.0
MatSpr_56a3,PROMO_239e,8.0
MatSpr_06ac,PROMO_239e,8.0
MatSpr_ccc4,PROMO_239e,8.0
MatSpr_28ce,PROMO_239e,8.0
MatSpr_ba3a,PROMO_239e,8.0
MatSpr_acd0,PROMO_239e,8.0
MatPoc_1e64,PROMO_239e,8.0
MatPoc_27a0,PROMO_239e,8.0
MatPoc_6ee7,PROMO_239e,8.0
MatPoc_45de,PROMO_239e,8.0
MatPoc_2df5,PROMO_239e,8.0
MatPoc_f6cb,PROMO_239e,8.0
BedCot_2449,PROMO_239e,8.0
BedCot_6141,PROMO_239e,8.0
BedCot_4a29,PROMO_239e,8.0
BedCot_c645,PROMO_239e,8.0
BedCot_d278,PROMO_239e,8.0
BedCot_87ca,PROMO_239e,8.0
BedCot_2397,PROMO_239e,8.0
BedCot_4e8b,PROMO_239e,8.0
BedCot_17f5,PROMO_239e,8.0
BedPol_e8c9,PROMO_239e,8.0
BedPol_2724,PROMO_239e,8.0
BedPol_e207,PROMO_239e,8.0
BedPol_3807,PROMO_239e,8.0
BedPol_f406,PROMO_239e,8.0
BedPol_d3de,PROMO_239e,8.0
BedPol_5144,PROMO_239e,8.0
BedPol_239e,PROMO_239e,8.0
BedPol_5ab8,PROMO_239e,8.0
BedLin_18f8,PROMO_239e,8.0
BedLin_2f24,PROMO_239e,8.0
BedLin_d846,PROMO_239e,8.0
BedLin_8a26,PROMO_239e,8.0
BedLin_b097,PROMO_239e,8.0
BedLin_67d1,PROMO_239e,8.0
BedLin_aa0f,PROMO_239e,8.0
BedLin_5d3d,PROMO_239e,8.0
BedLin_f732,PROMO_239e,8.0
PilCot_3481,PROMO_239e,8.0
PilCot_f078,PROMO_239e,8.0
PilCot_b22a,PROMO_239e,8.0
PilFea_8a5d,PROMO_239e,8.0
PilFea_115c,PROMO_239e,8.0
PilFea_56ac,PROMO_239e,8.0
PilPol_3076,PROMO_239e,8.0
PilPol_662f,PROMO_239e,8.0
PilPol_a442,PROMO_239e,8.0
BolCot_3050,PROMO_239e,8.0
BolCot_31e6,PROMO_239e,8.0
BolCot_21df,PROMO_239e,8.0
BolFea_98d4,PROMO_239e,8.0
BolFea_d1d6,PROMO_239e,8.0
BolFea_b87f,PROMO_239e,8.0
BolPol_f3ad,PROMO_239e,8.0
BolPol_cfd7,PROMO_239e,8.0
BolPol_82d7,PROMO_239e,8.0
BlaCot_9ebb,PROMO_239e,8.0
BlaCot_9781,PROMO_239e,8.0
BlaCot_8a14,PROMO_239e,8.0
BlaCot_503c,PROMO_239e,8.0
BlaCot_ce6c,PROMO_239e,8.0
BlaCot_b529,PROMO_239e,8.0
BlaCot_572e,PROMO_239e,8.0
BlaCot_9ef6,PROMO_239e,8.0
BlaCot_6c4b,PROMO_239e,8.0
BlaFla_769a,PROMO_239e,8.0
BlaFla_ce8e,PROMO_239e,8.0
BlaFla_4110,PROMO_239e,8.0
BlaFla_f995,PROMO_239e,8.0
BlaFla_1d9c,PROMO_239e,8.0
BlaFla_78f1,PROMO_239e,8.0
BlaFla_7645,PROMO_239e,8.0
BlaFla_ad01,PROMO_239e,8.0
BlaFla_5f55,PROMO_239e,8.0
BlaFle_991d,PROMO_239e,8.0
BlaFle_1485,PROMO_239e,8.0
BlaFle_0f50,PROMO_239e,8.0
BlaFle_c9a0,PROMO_239e,8.0
BlaFle_394c,PROMO_239e,8.0
BlaFle_7daf,PROMO_239e,8.0
BlaFle_5881,PROMO_239e,8.0
BlaFle_33f0,PROMO_239e,8.0
BlaFle_9bda,PROMO_239e,8.0
MatFoa_8cd2,PROMO_5ab8,0.0
MatFoa_4414,PROMO_5ab8,0.0
MatFoa_e09a,PROMO_5ab8,0.0
MatFoa_182e,PROMO_5ab8,0.0
MatFoa_28ad,PROMO_5ab8,0.0
MatFoa_13fa,PROMO_5ab8,0.0
MatSpr_56a3,PROMO_5ab8,0.0
MatSpr_06ac,PROMO_5ab8,0.0
MatSpr_ccc4,PROMO_5ab8,0.0
MatSpr_28ce,PROMO_5ab8,0.0
MatSpr_ba3a,PROMO_5ab8,0.0
MatSpr_acd0,PROMO_5ab8,0.0
MatPoc_1e64,PROMO_5ab8,0.0
MatPoc_27a0,PROMO_5ab8,0.0
MatPoc_6ee7,PROMO_5ab8,0.0
MatPoc_45de,PROMO_5ab8,0.0
MatPoc_2df5,PROMO_5ab8,0.0
MatPoc_f6cb,PROMO_5ab8,0.0
BedCot_2449,PROMO_5ab8,0.0
BedCot_6141,PROMO_5ab8,0.0
BedCot_4a29,PROMO_5ab8,0.0
BedCot_c645,PROMO_5ab8,0.0
BedCot_d278,PROMO_5ab8,0.0
BedCot_87ca,PROMO_5ab8,0.0
BedCot_2397,PROMO_5ab8,0.0
BedCot_4e8b,PROMO_5ab8,0.0
BedCot_17f5,PROMO_5ab8,0.0
BedPol_e8c9,PROMO_5ab8,0.0
BedPol_2724,PROMO_5ab8,0.0
BedPol_e207,PROMO_5ab8,0.0
BedPol_3807,PROMO_5ab8,0.0
BedPol_f406,PROMO_5ab8,0.0
BedPol_d3de,PROMO_5ab8,0.0
BedPol_5144,PROMO_5ab8,0.0
BedPol_239e,PROMO_5ab8,0.0
BedPol_5ab8,PROMO_5ab8,0.0
BedLin_18f8,PROMO_5ab8,0.0
BedLin_2f24,PROMO_5ab8,0.0
BedLin_d846,PROMO_5ab8,0.0
BedLin_8a26,PROMO_5ab8,0.0
BedLin_b097,PROMO_5ab8,0.0
BedLin_67d1,PROMO_5ab8,0.0
BedLin_aa0f,PROMO_5ab8,0.0
BedLin_5d3d,PROMO_5ab8,0.0
BedLin_f732,PROMO_5ab8,0.0
PilCot_3481,PROMO_5ab8,0.0
PilCot_f078,PROMO_5ab8,0.0
PilCot_b22a,PROMO_5ab8,0.0
PilFea_8a5d,PROMO_5ab8,0.0
PilFea_115c,PROMO_5ab8,0.0
PilFea_56ac,PROMO_5ab8,0.0
PilPol_3076,PROMO_5ab8,0.0
PilPol_662f,PROMO_5ab8,0.0
PilPol_a442,PROMO_5ab8,0.0
BolCot_3050,PROMO_5ab8,0.0
BolCot_31e6,PROMO_5ab8,0.0
BolCot_21df,PROMO_5ab8,0.0
BolFea_98d4,PROMO_5ab8,0.0
BolFea_d1d6,PROMO_5ab8,0.0
BolFea_b87f,PROMO_5ab8,0.0
BolPol_f3ad,PROMO_5ab8,0.0
BolPol_cfd7,PROMO_5ab8,0.0
BolPol_82d7,PROMO_5ab8,0.0
BlaCot_9ebb,PROMO_5ab8,0.0
BlaCot_9781,PROMO_5ab8,0.0
BlaCot_8a14,PROMO_5ab8,0.0
BlaCot_503c,PROMO_5ab8,0.0
BlaCot_ce6c,PROMO_5ab8,0.0
BlaCot_b529,PROMO_5ab8,0.0
BlaCot_572e,PROMO_5ab8,0.0
BlaCot_9ef6,PROMO_5ab8,0.0
BlaCot_6c4b,PROMO_5ab8,0.0
BlaFla_769a,PROMO_5ab8,0.0
BlaFla_ce8e,PROMO_5ab8,0.0
BlaFla_4110,PROMO_5ab8,0.0
BlaFla_f995,PROMO_5ab8,0.0
BlaFla_1d9c,PROMO_5ab8,0.0
BlaFla_78f1,PROMO_5ab8,0.0
BlaFla_7645,PROMO_5ab8,0.0
BlaFla_ad01,PROMO_5ab8,0.0
BlaFla_5f55,PROMO_5ab8,0.0
BlaFle_991d,PROMO_5ab8,0.0
BlaFle_1485,PROMO_5ab8,0.0
BlaFle_0f50,PROMO_5ab8,0.0
BlaFle_c9a0,PROMO_5ab8,0.0
BlaFle_394c,PROMO_5ab8,0.0
BlaFle_7daf,PROMO_5ab8,0.0
BlaFle_5881,PROMO_5ab8,0.0
BlaFle_33f0,PROMO_5ab8,0.0
BlaFle_9bda,PROMO_5ab8,0.0
MatFoa_8cd2,PROMO_18f8,8.0
MatFoa_4414,PROMO_18f8,8.0
MatFoa_e09a,PROMO_18f8,8.0
MatFoa_182e,PROMO_18f8,8.0
MatFoa_28ad,PROMO_18f8,8.0
MatFoa_13fa,PROMO_18f8,8.0
MatSpr_56a3,PROMO_18f8,8.0
MatSpr_06ac,PROMO_18f8,8.0
MatSpr_ccc4,PROMO_18f8,8.0
MatSpr_28ce,PROMO_18f8,8.0
MatSpr_ba3a,PROMO_18f8,8.0
MatSpr_acd0,PROMO_18f8,8.0
MatPoc_1e64,PROMO_18f8,8.0
MatPoc_27a0,PROMO_18f8,8.0
MatPoc_6ee7,PROMO_18f8,8.0
MatPoc_45de,PROMO_18f8,8.0
MatPoc_2df5,PROMO_18f8,8.0
MatPoc_f6cb,PROMO_18f8,8.0
BedCot_2449,PROMO_2f24,0.0
BedCot_6141,PROMO_2f24,0.0
BedCot_4a29,PROMO_2f24,0.0
BedCot_c645,PROMO_2f24,0.0
BedCot_d278,PROMO_2f24,0.0
BedCot_87ca,PROMO_2f24,0.0
BedCot_2397,PROMO_2f24,0.0
BedCot_4e8b,PROMO_2f24,0.0
BedCot_17f5,PROMO_2f24,0.0
BedPol_e8c9,PROMO_2f24,0.0
BedPol_2724,PROMO_2f24,0.0
BedPol_e207,PROMO_2f24,0.0
BedPol_3807,PROMO_2f24,0.0
BedPol_f406,PROMO_2f24,0.0
BedPol_d3de,PROMO_2f24,0.0
BedPol_5144,PROMO_2f24,0.0
BedPol_239e,PROMO_2f24,0.0
BedPol_5ab8,PROMO_2f24,0.0
BedLin_18f8,PROMO_2f24,0.0
BedLin_2f24,PROMO_2f24,0.0
BedLin_d846,PROMO_2f24,0.0
BedLin_8a26,PROMO_2f24,0.0
BedLin_b097,PROMO_2f24,0.0
BedLin_67d1,PROMO_2f24,0.0
BedLin_aa0f,PROMO_2f24,0.0
BedLin_5d3d,PROMO_2f24,0.0
BedLin_f732,PROMO_2f24,0.0
MatFoa_8cd2,PROMO_d846,8.0
MatFoa_4414,PROMO_d846,8.0
MatFoa_e09a,PROMO_d846,8.0
MatFoa_182e,PROMO_d846,8.0
MatFoa_28ad,PROMO_d846,8.0
MatFoa_13fa,PROMO_d846,8.0
MatSpr_56a3,PROMO_d846,8.0
MatSpr_06ac,PROMO_d846,8.0
MatSpr_ccc4,PROMO_d846,8.0
MatSpr_28ce,PROMO_d846,8.0
MatSpr_ba3a,PROMO_d846,8.0
MatSpr_acd0,PROMO_d846,8.0
MatPoc_1e64,PROMO_d846,8.0
MatPoc_27a0,PROMO_d846,8.0
MatPoc_6ee7,PROMO_d846,8.0
MatPoc_45de,PROMO_d846,8.0
MatPoc_2df5,PROMO_d846,8.0
MatPoc_f6cb,PROMO_d846,8.0
MatFoa_8cd2,PROMO_8a26,0.0
MatFoa_4414,PROMO_8a26,0.0
MatFoa_e09a,PROMO_8a26,0.0
MatFoa_182e,PROMO_8a26,0.0
MatFoa_28ad,PROMO_8a26,0.0
MatFoa_13fa,PROMO_8a26,0.0
MatSpr_56a3,PROMO_8a26,0.0
MatSpr_06ac,PROMO_8a26,0.0
MatSpr_ccc4,PROMO_8a26,0.0
MatSpr_28ce,PROMO_8a26,0.0
MatSpr_ba3a,PROMO_8a26,0.0
MatSpr_acd0,PROMO_8a26,0.0
MatPoc_1e64,PROMO_8a26,0.0
MatPoc_27a0,PROMO_8a26,0.0
MatPoc_6ee7,PROMO_8a26,0.0
MatPoc_45de,PROMO_8a26,0.0
MatPoc_2df5,PROMO_8a26,0.0
MatPoc_f6cb,PROMO_8a26,0.0
BedCot_2449,PROMO_8a26,0.0
BedCot_6141,PROMO_8a26,0.0
BedCot_4a29,PROMO_8a26,0.0
BedCot_c645,PROMO_8a26,0.0
BedCot_d278,PROMO_8a26,0.0
BedCot_87ca,PROMO_8a26,0.0
BedCot_2397,PROMO_8a26,0.0
BedCot_4e8b,PROMO_8a26,0.0
BedCot_17f5,PROMO_8a26,0.0
BedPol_e8c9,PROMO_8a26,0.0
BedPol_2724,PROMO_8a26,0.0
BedPol_e207,PROMO_8a26,0.0
BedPol_3807,PROMO_8a26,0.0
BedPol_f406,PROMO_8a26,0.0
BedPol_d3de,PROMO_8a26,0.0
BedPol_5144,PROMO_8a26,0.0
BedPol_239e,PROMO_8a26,0.0
BedPol_5ab8,PROMO_8a26,0.0
BedLin_18f8,PROMO_8a26,0.0
BedLin_2f24,PROMO_8a26,0.0
BedLin_d846,PROMO_8a26,0.0
BedLin_8a26,PROMO_8a26,0.0
BedLin_b097,PROMO_8a26,0.0
BedLin_67d1,PROMO_8a26,0.0
BedLin_aa0f,PROMO_8a26,0.0
BedLin_5d3d,PROMO_8a26,0.0
BedLin_f732,PROMO_8a26,0.0
PilCot_3481,PROMO_8a26,0.0
PilCot_f078,PROMO_8a26,0.0
PilCot_b22a,PROMO_8a26,0.0
PilFea_8a5d,PROMO_8a26,0.0
PilFea_115c,PROMO_8a26,0.0
PilFea_56ac,PROMO_8a26,0.0
PilPol_3076,PROMO_8a26,0.0
PilPol_662f,PROMO_8a26,0.0
PilPol_a442,PROMO_8a26,0.0
BolCot_3050,PROMO_8a26,0.0
BolCot_31e6,PROMO_8a26,0.0
BolCot_21df,PROMO_8a26,0.0
BolFea_98d4,PROMO_8a26,0.0
BolFea_d1d6,PROMO_8a26,0.0
BolFea_b87f,PROMO_8a26,0.0
BolPol_f3ad,PROMO_8a26,0.0
BolPol_cfd7,PROMO_8a26,0.0
BolPol_82d7,PROMO_8a26,0.0
BlaCot_9ebb,PROMO_8a26,0.0
BlaCot_9781,PROMO_8a26,0.0
BlaCot_8a14,PROMO_8a26,0.0
BlaCot_503c,PROMO_8a26,0.0
BlaCot_ce6c,PROMO_8a26,0.0
BlaCot_b529,PROMO_8a26,0.0
BlaCot_572e,PROMO_8a26,0.0
BlaCot_9ef6,PROMO_8a26,0.0
BlaCot_6c4b,PROMO_8a26,0.0
BlaFla_769a,PROMO_8a26,0.0
BlaFla_ce8e,PROMO_8a26,0.0
BlaFla_4110,PROMO_8a26,0.0
BlaFla_f995,PROMO_8a26,0.0
BlaFla_1d9c,PROMO_8a26,0.0
BlaFla_78f1,PROMO_8a26,0.0
BlaFla_7645,PROMO_8a26,0.0
BlaFla_ad01,PROMO_8a26,0.0
BlaFla_5f55,PROMO_8a26,0.0
BlaFle_991d,PROMO_8a26,0.0
BlaFle_1485,PROMO_8a26,0.0
BlaFle_0f50,PROMO_8a26,0.0
BlaFle_c9a0,PROMO_8a26,0.0
BlaFle_394c,PROMO_8a26,0.0
BlaFle_7daf,PROMO_8a26,0.0
BlaFle_5881,PROMO_8a26,0.0
BlaFle_33f0,PROMO_8a26,0.0
BlaFle_9bda,PROMO_8a26,0.0
MatFoa_8cd2,PROMO_b097,20.0
MatFoa_4414,PROMO_b097,20.0
MatFoa_e09a,PROMO_b097,20.0
MatFoa_182e,PROMO_b097,20.0
MatFoa_28ad,PROMO_b097,20.0
MatFoa_13fa,PROMO_b097,20.0
MatSpr_56a3,PROMO_b097,20.0
MatSpr_06ac,PROMO_b097,20.0
MatSpr_ccc4,PROMO_b097,20.0
MatSpr_28ce,PROMO_b097,20.0
MatSpr_ba3a,PROMO_b097,20.0
MatSpr_acd0,PROMO_b097,20.0
MatPoc_1e64,PROMO_b097,20.0
MatPoc_27a0,PROMO_b097,20.0
MatPoc_6ee7,PROMO_b097,20.0
MatPoc_45de,PROMO_b097,20.0
MatPoc_2df5,PROMO_b097,20.0
MatPoc_f6cb,PROMO_b097,20.0
BedCot_2449,PROMO_b097,20.0
BedCot_6141,PROMO_b097,20.0
BedCot_4a29,PROMO_b097,20.0
BedCot_c645,PROMO_b097,20.0
BedCot_d278,PROMO_b097,20.0
BedCot_87ca,PROMO_b097,20.0
BedCot_2397,PROMO_b097,20.0
BedCot_4e8b,PROMO_b097,20.0
BedCot_17f5,PROMO_b097,20.0
BedPol_e8c9,PROMO_b097,20.0
BedPol_2724,PROMO_b097,20.0
BedPol_e207,PROMO_b097,20.0
BedPol_3807,PROMO_b097,20.0
BedPol_f406,PROMO_b097,20.0
BedPol_d3de,PROMO_b097,20.0
BedPol_5144,PROMO_b097,20.0
BedPol_239e,PROMO_b097,20.0
BedPol_5ab8,PROMO_b097,20.0
BedLin_18f8,PROMO_b097,20.0
BedLin_2f24,PROMO_b097,20.0
BedLin_d846,PROMO_b097,20.0
BedLin_8a26,PROMO_b097,20.0
BedLin_b097,PROMO_b097,20.0
BedLin_67d1,PROMO_b097,20.0
BedLin_aa0f,PROMO_b097,20.0
BedLin_5d3d,PROMO_b097,20.0
BedLin_f732,PROMO_b097,20.0
PilCot_3481,PROMO_b097,20.0
PilCot_f078,PROMO_b097,20.0
PilCot_b22a,PROMO_b097,20.0
PilFea_8a5d,PROMO_b097,20.0
PilFea_115c,PROMO_b097,20.0
PilFea_56ac,PROMO_b097,20.0
PilPol_3076,PROMO_b097,20.0
PilPol_662f,PROMO_b097,20.0
PilPol_a442,PROMO_b097,20.0
BolCot_3050,PROMO_b097,20.0
BolCot_31e6,PROMO_b097,20.0
BolCot_21df,PROMO_b097,20.0
BolFea_98d4,PROMO_b097,20.0
BolFea_d1d6,PROMO_b097,20.0
BolFea_b87f,PROMO_b097,20.0
BolPol_f3ad,PROMO_b097,20.0
BolPol_cfd7,PROMO_b097,20.0
BolPol_82d7,PROMO_b097,20.0
BlaCot_9ebb,PROMO_b097,20.0
BlaCot_9781,PROMO_b097,20.0
BlaCot_8a14,PROMO_b097,20.0
BlaCot_503c,PROMO_b097,20.0
BlaCot_ce6c,PROMO_b097,20.0
BlaCot_b529,PROMO_b097,20.0
BlaCot_572e,PROMO_b097,20.0
BlaCot_9ef6,PROMO_b097,20.0
BlaCot_6c4b,PROMO_b097,20.0
BlaFla_769a,PROMO_b097,20.0
BlaFla_ce8e,PROMO_b097,20.0
BlaFla_4110,PROMO_b097,20.0
BlaFla_f995,PROMO_b097,20.0
BlaFla_1d9c,PROMO_b097,20.0
BlaFla_78f1,PROMO_b097,20.0
BlaFla_7645,PROMO_b097,20.0
BlaFla_ad01,PROMO_b097,20.0
BlaFla_5f55,PROMO_b097,20.0
BlaFle_991d,PROMO_b097,20.0
BlaFle_1485,PROMO_b097,20.0
BlaFle_0f50,PROMO_b097,20.0
BlaFle_c9a0,PROMO_b097,20.0
BlaFle_394c,PROMO_b097,20.0
BlaFle_7daf,PROMO_b097,20.0
BlaFle_5881,PROMO_b097,20.0
BlaFle_33f0,PROMO_b097,20.0
BlaFle_9bda,PROMO_b097,20.0
MatFoa_8cd2,PROMO_67d1,0.0
MatFoa_4414,PROMO_67d1,0.0
MatFoa_e09a,PROMO_67d1,0.0
MatFoa_182e,PROMO_67d1,0.0
MatFoa_28ad,PROMO_67d1,0.0
MatFoa_13fa,PROMO_67d1,0.0
MatSpr_56a3,PROMO_67d1,0.0
MatSpr_06ac,PROMO_67d1,0.0
MatSpr_ccc4,PROMO_67d1,0.0
MatSpr_28ce,PROMO_67d1,0.0
MatSpr_ba3a,PROMO_67d1,0.0
MatSpr_acd0,PROMO_67d1,0.0
MatPoc_1e64,PROMO_67d1,0.0
MatPoc_27a0,PROMO_67d1,0.0
MatPoc_6ee7,PROMO_67d1,0.0
MatPoc_45de,PROMO_67d1,0.0
MatPoc_2df5,PROMO_67d1,0.0
MatPoc_f6cb,PROMO_67d1,0.0
BedCot_2449,PROMO_67d1,0.0
BedCot_6141,PROMO_67d1,0.0
BedCot_4a29,PROMO_67d1,0.0
BedCot_c645,PROMO_67d1,0.0
BedCot_d278,PROMO_67d1,0.0
BedCot_87ca,PROMO_67d1,0.0
BedCot_2397,PROMO_67d1,0.0
BedCot_4e8b,PROMO_67d1,0.0
BedCot_17f5,PROMO_67d1,0.0
BedPol_e8c9,PROMO_67d1,0.0
BedPol_2724,PROMO_67d1,0.0
BedPol_e207,PROMO_67d1,0.0
BedPol_3807,PROMO_67d1,0.0
BedPol_f406,PROMO_67d1,0.0
BedPol_d3de,PROMO_67d1,0.0
BedPol_5144,PROMO_67d1,0.0
BedPol_239e,PROMO_67d1,0.0
BedPol_5ab8,PROMO_67d1,0.0
BedLin_18f8,PROMO_67d1,0.0
BedLin_2f24,PROMO_67d1,0.0
BedLin_d846,PROMO_67d1,0.0
BedLin_8a26,PROMO_67d1,0.0
BedLin_b097,PROMO_67d1,0.0
BedLin_67d1,PROMO_67d1,0.0
BedLin_aa0f,PROMO_67d1,0.0
BedLin_5d3d,PROMO_67d1,0.0
BedLin_f732,PROMO_67d1,0.0
PilCot_3481,PROMO_67d1,0.0
PilCot_f078,PROMO_67d1,0.0
PilCot_b22a,PROMO_67d1,0.0
PilFea_8a5d,PROMO_67d1,0.0
PilFea_115c,PROMO_67d1,0.0
PilFea_56ac,PROMO_67d1,0.0
PilPol_3076,PROMO_67d1,0.0
PilPol_662f,PROMO_67d1,0.0
PilPol_a442,PROMO_67d1,0.0
BolCot_3050,PROMO_67d1,0.0
BolCot_31e6,PROMO_67d1,0.0
BolCot_21df,PROMO_67d1,0.0
BolFea_98d4,PROMO_67d1,0.0
BolFea_d1d6,PROMO_67d1,0.0
BolFea_b87f,PROMO_67d1,0.0
BolPol_f3ad,PROMO_67d1,0.0
BolPol_cfd7,PROMO_67d1,0.0
BolPol_82d7,PROMO_67d1,0.0
BlaCot_9ebb,PROMO_67d1,0.0
BlaCot_9781,PROMO_67d1,0.0
BlaCot_8a14,PROMO_67d1,0.0
BlaCot_503c,PROMO_67d1,0.0
BlaCot_ce6c,PROMO_67d1,0.0
BlaCot_b529,PROMO_67d1,0.0
BlaCot_572e,PROMO_67d1,0.0
BlaCot_9ef6,PROMO_67d1,0.0
BlaCot_6c4b,PROMO_67d1,0.0
BlaFla_769a,PROMO_67d1,0.0
BlaFla_ce8e,PROMO_67d1,0.0
BlaFla_4110,PROMO_67d1,0.0
BlaFla_f995,PROMO_67d1,0.0
BlaFla_1d9c,PROMO_67d1,0.0
BlaFla_78f1,PROMO_67d1,0.0
BlaFla_7645,PROMO_67d1,0.0
BlaFla_ad01,PROMO_67d1,0.0
BlaFla_5f55,PROMO_67d1,0.0
BlaFle_991d,PROMO_67d1,0.0
BlaFle_1485,PROMO_67d1,0.0
BlaFle_0f50,PROMO_67d1,0.0
BlaFle_c9a0,PROMO_67d1,0.0
BlaFle_394c,PROMO_67d1,0.0
BlaFle_7daf,PROMO_67d1,0.0
BlaFle_5881,PROMO_67d1,0.0
BlaFle_33f0,PROMO_67d1,0.0
BlaFle_9bda,PROMO_67d1,0.0
MatFoa_8cd2,PROMO_aa0f,10.0
MatFoa_4414,PROMO_aa0f,10.0
MatFoa_e09a,PROMO_aa0f,10.0
MatFoa_182e,PROMO_aa0f,10.0
MatFoa_28ad,PROMO_aa0f,10.0
MatFoa_13fa,PROMO_aa0f,10.0
MatSpr_56a3,PROMO_aa0f,10.0
MatSpr_06ac,PROMO_aa0f,10.0
MatSpr_ccc4,PROMO_aa0f,10.0
MatSpr_28ce,PROMO_aa0f,10.0
MatSpr_ba3a,PROMO_aa0f,10.0
MatSpr_acd0,PROMO_aa0f,10.0
MatPoc_1e64,PROMO_aa0f,10.0
MatPoc_27a0,PROMO_aa0f,10.0
MatPoc_6ee7,PROMO_aa0f,10.0
MatPoc_45de,PROMO_aa0f,10.0
MatPoc_2df5,PROMO_aa0f,10.0
MatPoc_f6cb,PROMO_aa0f,10.0
BedCot_2449,PROMO_aa0f,10.0
BedCot_6141,PROMO_aa0f,10.0
BedCot_4a29,PROMO_aa0f,10.0
BedCot_c645,PROMO_aa0f,10.0
BedCot_d278,PROMO_aa0f,10.0
BedCot_87ca,PROMO_aa0f,10.0
BedCot_2397,PROMO_aa0f,10.0
BedCot_4e8b,PROMO_aa0f,10.0
BedCot_17f5,PROMO_aa0f,10.0
BedPol_e8c9,PROMO_aa0f,10.0
BedPol_2724,PROMO_aa0f,10.0
BedPol_e207,PROMO_aa0f,10.0
BedPol_3807,PROMO_aa0f,10.0
BedPol_f406,PROMO_aa0f,10.0
BedPol_d3de,PROMO_aa0f,10.0
BedPol_5144,PROMO_aa0f,10.0
BedPol_239e,PROMO_aa0f,10.0
BedPol_5ab8,PROMO_aa0f,10.0
BedLin_18f8,PROMO_aa0f,10.0
BedLin_2f24,PROMO_aa0f,10.0
BedLin_d846,PROMO_aa0f,10.0
BedLin_8a26,PROMO_aa0f,10.0
BedLin_b097,PROMO_aa0f,10.0
BedLin_67d1,PROMO_aa0f,10.0
BedLin_aa0f,PROMO_aa0f,10.0
BedLin_5d3d,PROMO_aa0f,10.0
BedLin_f732,PROMO_aa0f,10.0
PilCot_3481,PROMO_aa0f,10.0
PilCot_f078,PROMO_aa0f,10.0
PilCot_b22a,PROMO_aa0f,10.0
PilFea_8a5d,PROMO_aa0f,10.0
PilFea_115c,PROMO_aa0f,10.0
PilFea_56ac,PROMO_aa0f,10.0
PilPol_3076,PROMO_aa0f,10.0
PilPol_662f,PROMO_aa0f,10.0
PilPol_a442,PROMO_aa0f,10.0
BolCot_3050,PROMO_aa0f,10.0
BolCot_31e6,PROMO_aa0f,10.0
BolCot_21df,PROMO_aa0f,10.0
BolFea_98d4,PROMO_aa0f,10.0
BolFea_d1d6,PROMO_aa0f,10.0
BolFea_b87f,PROMO_aa0f,10.0
BolPol_f3ad,PROMO_aa0f,10.0
BolPol_cfd7,PROMO_aa0f,10.0
BolPol_82d7,PROMO_aa0f,10.0
BlaCot_9ebb,PROMO_aa0f,10.0
BlaCot_9781,PROMO_aa0f,10.0
BlaCot_8a14,PROMO_aa0f,10.0
BlaCot_503c,PROMO_aa0f,10.0
BlaCot_ce6c,PROMO_aa0f,10.0
BlaCot_b529,PROMO_aa0f,10.0
BlaCot_572e,PROMO_aa0f,10.0
BlaCot_9ef6,PROMO_aa0f,10.0
BlaCot_6c4b,PROMO_aa0f,10.0
BlaFla_769a,PROMO_aa0f,10.0
BlaFla_ce8e,PROMO_aa0f,10.0
BlaFla_4110,PROMO_aa0f,10.0
BlaFla_f995,PROMO_aa0f,10.0
BlaFla_1d9c,PROMO_aa0f,10.0
BlaFla_78f1,PROMO_aa0f,10.0
BlaFla_7645,PROMO_aa0f,10.0
BlaFla_ad01,PROMO_aa0f,10.0
BlaFla_5f55,PROMO_aa0f,10.0
BlaFle_991d,PROMO_aa0f,10.0
BlaFle_1485,PROMO_aa0f,10.0
BlaFle_0f50,PROMO_aa0f,10.0
BlaFle_c9a0,PROMO_aa0f,10.0
BlaFle_394c,PROMO_aa0f,10.0
BlaFle_7daf,PROMO_aa0f,10.0
BlaFle_5881,PROMO_aa0f,10.0
BlaFle_33f0,PROMO_aa0f,10.0
BlaFle_9bda,PROMO_aa0f,10.0
MatFoa_8cd2,PROMO_5d3d,0.0
MatFoa_4414,PROMO_5d3d,0.0
MatFoa_e09a,PROMO_5d3d,0.0
MatFoa_182e,PROMO_5d3d,0.0
MatFoa_28ad,PROMO_5d3d,0.0
MatFoa_13fa,PROMO_5d3d,0.0
MatSpr_56a3,PROMO_5d3d,0.0
MatSpr_06ac,PROMO_5d3d,0.0
MatSpr_ccc4,PROMO_5d3d,0.0
MatSpr_28ce,PROMO_5d3d,0.0
MatSpr_ba3a,PROMO_5d3d,0.0
MatSpr_acd0,PROMO_5d3d,0.0
MatPoc_1e64,PROMO_5d3d,0.0
MatPoc_27a0,PROMO_5d3d,0.0
MatPoc_6ee7,PROMO_5d3d,0.0
MatPoc_45de,PROMO_5d3d,0.0
MatPoc_2df5,PROMO_5d3d,0.0
MatPoc_f6cb,PROMO_5d3d,0.0
BedCot_2449,PROMO_5d3d,0.0
BedCot_6141,PROMO_5d3d,0.0
BedCot_4a29,PROMO_5d3d,0.0
BedCot_c645,PROMO_5d3d,0.0
BedCot_d278,PROMO_5d3d,0.0
BedCot_87ca,PROMO_5d3d,0.0
BedCot_2397,PROMO_5d3d,0.0
BedCot_4e8b,PROMO_5d3d,0.0
BedCot_17f5,PROMO_5d3d,0.0
BedPol_e8c9,PROMO_5d3d,0.0
BedPol_2724,PROMO_5d3d,0.0
BedPol_e207,PROMO_5d3d,0.0
BedPol_3807,PROMO_5d3d,0.0
BedPol_f406,PROMO_5d3d,0.0
BedPol_d3de,PROMO_5d3d,0.0
BedPol_5144,PROMO_5d3d,0.0
BedPol_239e,PROMO_5d3d,0.0
BedPol_5ab8,PROMO_5d3d,0.0
BedLin_18f8,PROMO_5d3d,0.0
BedLin_2f24,PROMO_5d3d,0.0
BedLin_d846,PROMO_5d3d,0.0
BedLin_8a26,PROMO_5d3d,0.0
BedLin_b097,PROMO_5d3d,0.0
BedLin_67d1,PROMO_5d3d,0.0
BedLin_aa0f,PROMO_5d3d,0.0
BedLin_5d3d,PROMO_5d3d,0.0
BedLin_f732,PROMO_5d3d,0.0
PilCot_3481,PROMO_5d3d,0.0
PilCot_f078,PROMO_5d3d,0.0
PilCot_b22a,PROMO_5d3d,0.0
PilFea_8a5d,PROMO_5d3d,0.0
PilFea_115c,PROMO_5d3d,0.0
PilFea_56ac,PROMO_5d3d,0.0
PilPol_3076,PROMO_5d3d,0.0
PilPol_662f,PROMO_5d3d,0.0
PilPol_a442,PROMO_5d3d,0.0
BolCot_3050,PROMO_5d3d,0.0
BolCot_31e6,PROMO_5d3d,0.0
BolCot_21df,PROMO_5d3d,0.0
BolFea_98d4,PROMO_5d3d,0.0
BolFea_d1d6,PROMO_5d3d,0.0
BolFea_b87f,PROMO_5d3d,0.0
BolPol_f3ad,PROMO_5d3d,0.0
BolPol_cfd7,PROMO_5d3d,0.0
BolPol_82d7,PROMO_5d3d,0.0
BlaCot_9ebb,PROMO_5d3d,0.0
BlaCot_9781,PROMO_5d3d,0.0
BlaCot_8a14,PROMO_5d3d,0.0
BlaCot_503c,PROMO_5d3d,0.0
BlaCot_ce6c,PROMO_5d3d,0.0
BlaCot_b529,PROMO_5d3d,0.0
BlaCot_572e,PROMO_5d3d,0.0
BlaCot_9ef6,PROMO_5d3d,0.0
BlaCot_6c4b,PROMO_5d3d,0.0
BlaFla_769a,PROMO_5d3d,0.0
BlaFla_ce8e,PROMO_5d3d,0.0
BlaFla_4110,PROMO_5d3d,0.0
BlaFla_f995,PROMO_5d3d,0.0
BlaFla_1d9c,PROMO_5d3d,0.0
BlaFla_78f1,PROMO_5d3d,0.0
BlaFla_7645,PROMO_5d3d,0.0
BlaFla_ad01,PROMO_5d3d,0.0
BlaFla_5f55,PROMO_5d3d,0.0
BlaFle_991d,PROMO_5d3d,0.0
BlaFle_1485,PROMO_5d3d,0.0
BlaFle_0f50,PROMO_5d3d,0.0
BlaFle_c9a0,PROMO_5d3d,0.0
BlaFle_394c,PROMO_5d3d,0.0
BlaFle_7daf,PROMO_5d3d,0.0
BlaFle_5881,PROMO_5d3d,0.0
BlaFle_33f0,PROMO_5d3d,0.0
BlaFle_9bda,PROMO_5d3d,0.0
MatFoa_8cd2,PROMO_f732,210.0
MatFoa_4414,PROMO_f732,210.0
MatFoa_e09a,PROMO_f732,330.0
MatFoa_182e,PROMO_f732,330.0
MatFoa_28ad,PROMO_f732,450.0
MatFoa_13fa,PROMO_f732,450.0
MatSpr_56a3,PROMO_f732,240.0
MatSpr_06ac,PROMO_f732,240.0
MatSpr_ccc4,PROMO_f732,360.0
MatSpr_28ce,PROMO_f732,360.0
MatSpr_ba3a,PROMO_f732,480.0
MatSpr_acd0,PROMO_f732,480.0
MatPoc_1e64,PROMO_f732,510.0
MatPoc_27a0,PROMO_f732,510.0
MatPoc_6ee7,PROMO_f732,780.0
MatPoc_45de,PROMO_f732,780.0
MatPoc_2df5,PROMO_f732,1050.0
MatPoc_f6cb,PROMO_f732,1050.0
BedCot_2449,PROMO_f732,48.0
BedCot_6141,PROMO_f732,48.0
BedCot_4a29,PROMO_f732,48.0
BedCot_c645,PROMO_f732,72.0
BedCot_d278,PROMO_f732,72.0
BedCot_87ca,PROMO_f732,72.0
BedCot_2397,PROMO_f732,90.0
BedCot_4e8b,PROMO_f732,90.0
BedCot_17f5,PROMO_f732,90.0
BedPol_e8c9,PROMO_f732,24.0
BedPol_2724,PROMO_f732,24.0
BedPol_e207,PROMO_f732,24.0
BedPol_3807,PROMO_f732,30.0
BedPol_f406,PROMO_f732,30.0
BedPol_d3de,PROMO_f732,30.0
BedPol_5144,PROMO_f732,36.0
BedPol_239e,PROMO_f732,36.0
BedPol_5ab8,PROMO_f732,36.0
BedLin_18f8,PROMO_f732,120.0
BedLin_2f24,PROMO_f732,120.0
BedLin_d846,PROMO_f732,120.0
BedLin_8a26,PROMO_f732,228.0
BedLin_b097,PROMO_f732,228.0
BedLin_67d1,PROMO_f732,228.0
BedLin_aa0f,PROMO_f732,252.0
BedLin_5d3d,PROMO_f732,252.0
BedLin_f732,PROMO_f732,252.0
PilCot_3481,PROMO_f732,15.0
PilCot_f078,PROMO_f732,15.0
PilCot_b22a,PROMO_f732,15.0
PilFea_8a5d,PROMO_f732,39.0
PilFea_115c,PROMO_f732,39.0
PilFea_56ac,PROMO_f732,39.0
PilPol_3076,PROMO_f732,11.0
PilPol_662f,PROMO_f732,11.0
PilPol_a442,PROMO_f732,11.0
BolCot_3050,PROMO_f732,18.0
BolCot_31e6,PROMO_f732,18.0
BolCot_21df,PROMO_f732,18.0
BolFea_98d4,PROMO_f732,42.0
BolFea_d1d6,PROMO_f732,42.0
BolFea_b87f,PROMO_f732,42.0
BolPol_f3ad,PROMO_f732,13.0
BolPol_cfd7,PROMO_f732,13.0
BolPol_82d7,PROMO_f732,13.0
BlaCot_9ebb,PROMO_f732,72.0
BlaCot_9781,PROMO_f732,72.0
BlaCot_8a14,PROMO_f732,72.0
BlaCot_503c,PROMO_f732,120.0
BlaCot_ce6c,PROMO_f732,120.0
BlaCot_b529,PROMO_f732,120.0
BlaCot_572e,PROMO_f732,132.0
BlaCot_9ef6,PROMO_f732,132.0
BlaCot_6c4b,PROMO_f732,132.0
BlaFla_769a,PROMO_f732,36.0
BlaFla_ce8e,PROMO_f732,36.0
BlaFla_4110,PROMO_f732,36.0
BlaFla_f995,PROMO_f732,60.0
BlaFla_1d9c,PROMO_f732,60.0
BlaFla_78f1,PROMO_f732,60.0
BlaFla_7645,PROMO_f732,72.0
BlaFla_ad01,PROMO_f732,72.0
BlaFla_5f55,PROMO_f732,72.0
BlaFle_991d,PROMO_f732,18.0
BlaFle_1485,PROMO_f732,18.0
BlaFle_0f50,PROMO_f732,18.0
BlaFle_c9a0,PROMO_f732,36.0
BlaFle_394c,PROMO_f732,36.0
BlaFle_7daf,PROMO_f732,36.0
BlaFle_5881,PROMO_f732,42.0
BlaFle_33f0,PROMO_f732,42.0
BlaFle_9bda,PROMO_f732,42.0
MatFoa_8cd2,PROMO_3481,15.0
MatFoa_4414,PROMO_3481,15.0
MatFoa_e09a,PROMO_3481,15.0
MatFoa_182e,PROMO_3481,15.0
MatFoa_28ad,PROMO_3481,15.0
MatFoa_13fa,PROMO_3481,15.0
MatSpr_56a3,PROMO_3481,15.0
MatSpr_06ac,PROMO_3481,15.0
MatSpr_ccc4,PROMO_3481,15.0
MatSpr_28ce,PROMO_3481,15.0
MatSpr_ba3a,PROMO_3481,15.0
MatSpr_acd0,PROMO_3481,15.0
MatPoc_1e64,PROMO_3481,15.0
MatPoc_27a0,PROMO_3481,15.0
MatPoc_6ee7,PROMO_3481,15.0
MatPoc_45de,PROMO_3481,15.0
MatPoc_2df5,PROMO_3481,15.0
MatPoc_f6cb,PROMO_3481,15.0
BedCot_2449,PROMO_3481,15.0
BedCot_6141,PROMO_3481,15.0
BedCot_4a29,PROMO_3481,15.0
BedCot_c645,PROMO_3481,15.0
BedCot_d278,PROMO_3481,15.0
BedCot_87ca,PROMO_3481,15.0
BedCot_2397,PROMO_3481,15.0
BedCot_4e8b,PROMO_3481,15.0
BedCot_17f5,PROMO_3481,15.0
BedPol_e8c9,PROMO_3481,15.0
BedPol_2724,PROMO_3481,15.0
BedPol_e207,PROMO_3481,15.0
BedPol_3807,PROMO_3481,15.0
BedPol_f406,PROMO_3481,15.0
BedPol_d3de,PROMO_3481,15.0
BedPol_5144,PROMO_3481,15.0
BedPol_239e,PROMO_3481,15.0
BedPol_5ab8,PROMO_3481,15.0
BedLin_18f8,PROMO_3481,15.0
BedLin_2f24,PROMO_3481,15.0
BedLin_d846,PROMO_3481,15.0
BedLin_8a26,PROMO_3481,15.0
BedLin_b097,PROMO_3481,15.0
BedLin_67d1,PROMO_3481,15.0
BedLin_aa0f,PROMO_3481,15.0
BedLin_5d3d,PROMO_3481,15.0
BedLin_f732,PROMO_3481,15.0
PilCot_3481,PROMO_3481,15.0
PilCot_f078,PROMO_3481,15.0
PilCot_b22a,PROMO_3481,15.0
PilFea_8a5d,PROMO_3481,15.0
PilFea_115c,PROMO_3481,15.0
PilFea_56ac,PROMO_3481,15.0
PilPol_3076,PROMO_3481,15.0
PilPol_662f,PROMO_3481,15.0
PilPol_a442,PROMO_3481,15.0
BolCot_3050,PROMO_3481,15.0
BolCot_31e6,PROMO_3481,15.0
BolCot_21df,PROMO_3481,15.0
BolFea_98d4,PROMO_3481,15.0
BolFea_d1d6,PROMO_3481,15.0
BolFea_b87f,PROMO_3481,15.0
BolPol_f3ad,PROMO_3481,15.0
BolPol_cfd7,PROMO_3481,15.0
BolPol_82d7,PROMO_3481,15.0
BlaCot_9ebb,PROMO_3481,15.0
BlaCot_9781,PROMO_3481,15.0
BlaCot_8a14,PROMO_3481,15.0
BlaCot_503c,PROMO_3481,15.0
BlaCot_ce6c,PROMO_3481,15.0
BlaCot_b529,PROMO_3481,15.0
BlaCot_572e,PROMO_3481,15.0
BlaCot_9ef6,PROMO_3481,15.0
BlaCot_6c4b,PROMO_3481,15.0
BlaFla_769a,PROMO_3481,15.0
BlaFla_ce8e,PROMO_3481,15.0
BlaFla_4110,PROMO_3481,15.0
BlaFla_f995,PROMO_3481,15.0
BlaFla_1d9c,PROMO_3481,15.0
BlaFla_78f1,PROMO_3481,15.0
BlaFla_7645,PROMO_3481,15.0
BlaFla_ad01,PROMO_3481,15.0
BlaFla_5f55,PROMO_3481,15.0
BlaFle_991d,PROMO_3481,15.0
BlaFle_1485,PROMO_3481,15.0
BlaFle_0f50,PROMO_3481,15.0
BlaFle_c9a0,PROMO_3481,15.0
BlaFle_394c,PROMO_3481,15.0
BlaFle_7daf,PROMO_3481,15.0
BlaFle_5881,PROMO_3481,15.0
BlaFle_33f0,PROMO_3481,15.0
BlaFle_9bda,PROMO_3481,15.0
MatFoa_8cd2,PROMO_f078,8.0
MatFoa_4414,PROMO_f078,8.0
MatFoa_e09a,PROMO_f078,8.0
MatFoa_182e,PROMO_f078,8.0
MatFoa_28ad,PROMO_f078,8.0
MatFoa_13fa,PROMO_f078,8.0
MatSpr_56a3,PROMO_f078,8.0
MatSpr_06ac,PROMO_f078,8.0
MatSpr_ccc4,PROMO_f078,8.0
MatSpr_28ce,PROMO_f078,8.0
MatSpr_ba3a,PROMO_f078,8.0
MatSpr_acd0,PROMO_f078,8.0
MatPoc_1e64,PROMO_f078,8.0
MatPoc_27a0,PROMO_f078,8.0
MatPoc_6ee7,PROMO_f078,8.0
MatPoc_45de,PROMO_f078,8.0
MatPoc_2df5,PROMO_f078,8.0
MatPoc_f6cb,PROMO_f078,8.0
BedCot_2449,PROMO_f078,8.0
BedCot_6141,PROMO_f078,8.0
BedCot_4a29,PROMO_f078,8.0
BedCot_c645,PROMO_f078,8.0
BedCot_d278,PROMO_f078,8.0
BedCot_87ca,PROMO_f078,8.0
BedCot_2397,PROMO_f078,8.0
BedCot_4e8b,PROMO_f078,8.0
BedCot_17f5,PROMO_f078,8.0
BedPol_e8c9,PROMO_f078,8.0
BedPol_2724,PROMO_f078,8.0
BedPol_e207,PROMO_f078,8.0
BedPol_3807,PROMO_f078,8.0
BedPol_f406,PROMO_f078,8.0
BedPol_d3de,PROMO_f078,8.0
BedPol_5144,PROMO_f078,8.0
BedPol_239e,PROMO_f078,8.0
BedPol_5ab8,PROMO_f078,8.0
BedLin_18f8,PROMO_f078,8.0
BedLin_2f24,PROMO_f078,8.0
BedLin_d846,PROMO_f078,8.0
BedLin_8a26,PROMO_f078,8.0
BedLin_b097,PROMO_f078,8.0
BedLin_67d1,PROMO_f078,8.0
BedLin_aa0f,PROMO_f078,8.0
BedLin_5d3d,PROMO_f078,8.0
BedLin_f732,PROMO_f078,8.0
PilCot_3481,PROMO_f078,8.0
PilCot_f078,PROMO_f078,8.0
PilCot_b22a,PROMO_f078,8.0
PilFea_8a5d,PROMO_f078,8.0
PilFea_115c,PROMO_f078,8.0
PilFea_56ac,PROMO_f078,8.0
PilPol_3076,PROMO_f078,8.0
PilPol_662f,PROMO_f078,8.0
PilPol_a442,PROMO_f078,8.0
BolCot_3050,PROMO_f078,8.0
BolCot_31e6,PROMO_f078,8.0
BolCot_21df,PROMO_f078,8.0
BolFea_98d4,PROMO_f078,8.0
BolFea_d1d6,PROMO_f078,8.0
BolFea_b87f,PROMO_f078,8.0
BolPol_f3ad,PROMO_f078,8.0
BolPol_cfd7,PROMO_f078,8.0
BolPol_82d7,PROMO_f078,8.0
BlaCot_9ebb,PROMO_f078,8.0
BlaCot_9781,PROMO_f078,8.0
BlaCot_8a14,PROMO_f078,8.0
BlaCot_503c,PROMO_f078,8.0
BlaCot_ce6c,PROMO_f078,8.0
BlaCot_b529,PROMO_f078,8.0
BlaCot_572e,PROMO_f078,8.0
BlaCot_9ef6,PROMO_f078,8.0
BlaCot_6c4b,PROMO_f078,8.0
BlaFla_769a,PROMO_f078,8.0
BlaFla_ce8e,PROMO_f078,8.0
BlaFla_4110,PROMO_f078,8.0
BlaFla_f995,PROMO_f078,8.0
BlaFla_1d9c,PROMO_f078,8.0
BlaFla_78f1,PROMO_f078,8.0
BlaFla_7645,PROMO_f078,8.0
BlaFla_ad01,PROMO_f078,8.0
BlaFla_5f55,PROMO_f078,8.0
BlaFle_991d,PROMO_f078,8.0
BlaFle_1485,PROMO_f078,8.0
BlaFle_0f50,PROMO_f078,8.0
BlaFle_c9a0,PROMO_f078,8.0
BlaFle_394c,PROMO_f078,8.0
BlaFle_7daf,PROMO_f078,8.0
BlaFle_5881,PROMO_f078,8.0
BlaFle_33f0,PROMO_f078,8.0
BlaFle_9bda,PROMO_f078,8.0
MatFoa_8cd2,PROMO_b22a,0.0
MatFoa_4414,PROMO_b22a,0.0
MatFoa_e09a,PROMO_b22a,0.0
MatFoa_182e,PROMO_b22a,0.0
MatFoa_28ad,PROMO_b22a,0.0
MatFoa_13fa,PROMO_b22a,0.0
MatSpr_56a3,PROMO_b22a,0.0
MatSpr_06ac,PROMO_b22a,0.0
MatSpr_ccc4,PROMO_b22a,0.0
MatSpr_28ce,PROMO_b22a,0.0
MatSpr_ba3a,PROMO_b22a,0.0
MatSpr_acd0,PROMO_b22a,0.0
MatPoc_1e64,PROMO_b22a,0.0
MatPoc_27a0,PROMO_b22a,0.0
MatPoc_6ee7,PROMO_b22a,0.0
MatPoc_45de,PROMO_b22a,0.0
MatPoc_2df5,PROMO_b22a,0.0
MatPoc_f6cb,PROMO_b22a,0.0
BedCot_2449,PROMO_b22a,0.0
BedCot_6141,PROMO_b22a,0.0
BedCot_4a29,PROMO_b22a,0.0
BedCot_c645,PROMO_b22a,0.0
BedCot_d278,PROMO_b22a,0.0
BedCot_87ca,PROMO_b22a,0.0
BedCot_2397,PROMO_b22a,0.0
BedCot_4e8b,PROMO_b22a,0.0
BedCot_17f5,PROMO_b22a,0.0
BedPol_e8c9,PROMO_b22a,0.0
BedPol_2724,PROMO_b22a,0.0
BedPol_e207,PROMO_b22a,0.0
BedPol_3807,PROMO_b22a,0.0
BedPol_f406,PROMO_b22a,0.0
BedPol_d3de,PROMO_b22a,0.0
BedPol_5144,PROMO_b22a,0.0
BedPol_239e,PROMO_b22a,0.0
BedPol_5ab8,PROMO_b22a,0.0
BedLin_18f8,PROMO_b22a,0.0
BedLin_2f24,PROMO_b22a,0.0
BedLin_d846,PROMO_b22a,0.0
BedLin_8a26,PROMO_b22a,0.0
BedLin_b097,PROMO_b22a,0.0
BedLin_67d1,PROMO_b22a,0.0
BedLin_aa0f,PROMO_b22a,0.0
BedLin_5d3d,PROMO_b22a,0.0
BedLin_f732,PROMO_b22a,0.0
PilCot_3481,PROMO_b22a,0.0
PilCot_f078,PROMO_b22a,0.0
PilCot_b22a,PROMO_b22a,0.0
PilFea_8a5d,PROMO_b22a,0.0
PilFea_115c,PROMO_b22a,0.0
PilFea_56ac,PROMO_b22a,0.0
PilPol_3076,PROMO_b22a,0.0
PilPol_662f,PROMO_b22a,0.0
PilPol_a442,PROMO_b22a,0.0
BolCot_3050,PROMO_b22a,0.0
BolCot_31e6,PROMO_b22a,0.0
BolCot_21df,PROMO_b22a,0.0
BolFea_98d4,PROMO_b22a,0.0
BolFea_d1d6,PROMO_b22a,0.0
BolFea_b87f,PROMO_b22a,0.0
BolPol_f3ad,PROMO_b22a,0.0
BolPol_cfd7,PROMO_b22a,0.0
BolPol_82d7,PROMO_b22a,0.0
BlaCot_9ebb,PROMO_b22a,0.0
BlaCot_9781,PROMO_b22a,0.0
BlaCot_8a14,PROMO_b22a,0.0
BlaCot_503c,PROMO_b22a,0.0
BlaCot_ce6c,PROMO_b22a,0.0
BlaCot_b529,PROMO_b22a,0.0
BlaCot_572e,PROMO_b22a,0.0
BlaCot_9ef6,PROMO_b22a,0.0
BlaCot_6c4b,PROMO_b22a,0.0
BlaFla_769a,PROMO_b22a,0.0
BlaFla_ce8e,PROMO_b22a,0.0
BlaFla_4110,PROMO_b22a,0.0
BlaFla_f995,PROMO_b22a,0.0
BlaFla_1d9c,PROMO_b22a,0.0
BlaFla_78f1,PROMO_b22a,0.0
BlaFla_7645,PROMO_b22a,0.0
BlaFla_ad01,PROMO_b22a,0.0
BlaFla_5f55,PROMO_b22a,0.0
BlaFle_991d,PROMO_b22a,0.0
BlaFle_1485,PROMO_b22a,0.0
BlaFle_0f50,PROMO_b22a,0.0
BlaFle_c9a0,PROMO_b22a,0.0
BlaFle_394c,PROMO_b22a,0.0
BlaFle_7daf,PROMO_b22a,0.0
BlaFle_5881,PROMO_b22a,0.0
BlaFle_33f0,PROMO_b22a,0.0
BlaFle_9bda,PROMO_b22a,0.0
MatFoa_8cd2,PROMO_8a5d,8.0
MatFoa_4414,PROMO_8a5d,8.0
MatFoa_e09a,PROMO_8a5d,8.0
MatFoa_182e,PROMO_8a5d,8.0
MatFoa_28ad,PROMO_8a5d,8.0
MatFoa_13fa,PROMO_8a5d,8.0
MatSpr_56a3,PROMO_8a5d,8.0
MatSpr_06ac,PROMO_8a5d,8.0
MatSpr_ccc4,PROMO_8a5d,8.0
MatSpr_28ce,PROMO_8a5d,8.0
MatSpr_ba3a,PROMO_8a5d,8.0
MatSpr_acd0,PROMO_8a5d,8.0
MatPoc_1e64,PROMO_8a5d,8.0
MatPoc_27a0,PROMO_8a5d,8.0
MatPoc_6ee7,PROMO_8a5d,8.0
MatPoc_45de,PROMO_8a5d,8.0
MatPoc_2df5,PROMO_8a5d,8.0
MatPoc_f6cb,PROMO_8a5d,8.0
BedCot_2449,PROMO_115c,0.0
BedCot_6141,PROMO_115c,0.0
BedCot_4a29,PROMO_115c,0.0
BedCot_c645,PROMO_115c,0.0
BedCot_d278,PROMO_115c,0.0
BedCot_87ca,PROMO_115c,0.0
BedCot_2397,PROMO_115c,0.0
BedCot_4e8b,PROMO_115c,0.0
BedCot_17f5,PROMO_115c,0.0
BedPol_e8c9,PROMO_115c,0.0
BedPol_2724,PROMO_115c,0.0
BedPol_e207,PROMO_115c,0.0
BedPol_3807,PROMO_115c,0.0
BedPol_f406,PROMO_115c,0.0
BedPol_d3de,PROMO_115c,0.0
BedPol_5144,PROMO_115c,0.0
BedPol_239e,PROMO_115c,0.0
BedPol_5ab8,PROMO_115c,0.0
BedLin_18f8,PROMO_115c,0.0
BedLin_2f24,PROMO_115c,0.0
BedLin_d846,PROMO_115c,0.0
BedLin_8a26,PROMO_115c,0.0
BedLin_b097,PROMO_115c,0.0
BedLin_67d1,PROMO_115c,0.0
BedLin_aa0f,PROMO_115c,0.0
BedLin_5d3d,PROMO_115c,0.0
BedLin_f732,PROMO_115c,0.0
MatFoa_8cd2,PROMO_56ac,8.0
MatFoa_4414,PROMO_56ac,8.0
MatFoa_e09a,PROMO_56ac,8.0
MatFoa_182e,PROMO_56ac,8.0
MatFoa_28ad,PROMO_56ac,8.0
MatFoa_13fa,PROMO_56ac,8.0
MatSpr_56a3,PROMO_56ac,8.0
MatSpr_06ac,PROMO_56ac,8.0
MatSpr_ccc4,PROMO_56ac,8.0
MatSpr_28ce,PROMO_56ac,8.0
MatSpr_ba3a,PROMO_56ac,8.0
MatSpr_acd0,PROMO_56ac,8.0
MatPoc_1e64,PROMO_56ac,8.0
MatPoc_27a0,PROMO_56ac,8.0
MatPoc_6ee7,PROMO_56ac,8.0
MatPoc_45de,PROMO_56ac,8.0
MatPoc_2df5,PROMO_56ac,8.0
MatPoc_f6cb,PROMO_56ac,8.0
MatFoa_8cd2,PROMO_3076,0.0
MatFoa_4414,PROMO_3076,0.0
MatFoa_e09a,PROMO_3076,0.0
MatFoa_182e,PROMO_3076,0.0
MatFoa_28ad,PROMO_3076,0.0
MatFoa_13fa,PROMO_3076,0.0
MatSpr_56a3,PROMO_3076,0.0
MatSpr_06ac,PROMO_3076,0.0
MatSpr_ccc4,PROMO_3076,0.0
MatSpr_28ce,PROMO_3076,0.0
MatSpr_ba3a,PROMO_3076,0.0
MatSpr_acd0,PROMO_3076,0.0
MatPoc_1e64,PROMO_3076,0.0
MatPoc_27a0,PROMO_3076,0.0
MatPoc_6ee7,PROMO_3076,0.0
MatPoc_45de,PROMO_3076,0.0
MatPoc_2df5,PROMO_3076,0.0
MatPoc_f6cb,PROMO_3076,0.0
BedCot_2449,PROMO_3076,0.0
BedCot_6141,PROMO_3076,0.0
BedCot_4a29,PROMO_3076,0.0
BedCot_c645,PROMO_3076,0.0
BedCot_d278,PROMO_3076,0.0
BedCot_87ca,PROMO_3076,0.0
BedCot_2397,PROMO_3076,0.0
BedCot_4e8b,PROMO_3076,0.0
BedCot_17f5,PROMO_3076,0.0
BedPol_e8c9,PROMO_3076,0.0
BedPol_2724,PROMO_3076,0.0
BedPol_e207,PROMO_3076,0.0
BedPol_3807,PROMO_3076,0.0
BedPol_f406,PROMO_3076,0.0
BedPol_d3de,PROMO_3076,0.0
BedPol_5144,PROMO_3076,0.0
BedPol_239e,PROMO_3076,0.0
BedPol_5ab8,PROMO_3076,0.0
BedLin_18f8,PROMO_3076,0.0
BedLin_2f24,PROMO_3076,0.0
BedLin_d846,PROMO_3076,0.0
BedLin_8a26,PROMO_3076,0.0
BedLin_b097,PROMO_3076,0.0
BedLin_67d1,PROMO_3076,0.0
BedLin_aa0f,PROMO_3076,0.0
BedLin_5d3d,PROMO_3076,0.0
BedLin_f732,PROMO_3076,0.0
PilCot_3481,PROMO_3076,0.0
PilCot_f078,PROMO_3076,0.0
PilCot_b22a,PROMO_3076,0.0
PilFea_8a5d,PROMO_3076,0.0
PilFea_115c,PROMO_3076,0.0
PilFea_56ac,PROMO_3076,0.0
PilPol_3076,PROMO_3076,0.0
PilPol_662f,PROMO_3076,0.0
PilPol_a442,PROMO_3076,0.0
BolCot_3050,PROMO_3076,0.0
BolCot_31e6,PROMO_3076,0.0
BolCot_21df,PROMO_3076,0.0
BolFea_98d4,PROMO_3076,0.0
BolFea_d1d6,PROMO_3076,0.0
BolFea_b87f,PROMO_3076,0.0
BolPol_f3ad,PROMO_3076,0.0
BolPol_cfd7,PROMO_3076,0.0
BolPol_82d7,PROMO_3076,0.0
BlaCot_9ebb,PROMO_3076,0.0
BlaCot_9781,PROMO_3076,0.0
BlaCot_8a14,PROMO_3076,0.0
BlaCot_503c,PROMO_3076,0.0
BlaCot_ce6c,PROMO_3076,0.0
BlaCot_b529,PROMO_3076,0.0
BlaCot_572e,PROMO_3076,0.0
BlaCot_9ef6,PROMO_3076,0.0
BlaCot_6c4b,PROMO_3076,0.0
BlaFla_769a,PROMO_3076,0.0
BlaFla_ce8e,PROMO_3076,0.0
BlaFla_4110,PROMO_3076,0.0
BlaFla_f995,PROMO_3076,0.0
BlaFla_1d9c,PROMO_3076,0.0
BlaFla_78f1,PROMO_3076,0.0
BlaFla_7645,PROMO_3076,0.0
BlaFla_ad01,PROMO_3076,0.0
BlaFla_5f55,PROMO_3076,0.0
BlaFle_991d,PROMO_3076,0.0
BlaFle_1485,PROMO_3076,0.0
BlaFle_0f50,PROMO_3076,0.0
BlaFle_c9a0,PROMO_3076,0.0
BlaFle_394c,PROMO_3076,0.0
BlaFle_7daf,PROMO_3076,0.0
BlaFle_5881,PROMO_3076,0.0
BlaFle_33f0,PROMO_3076,0.0
BlaFle_9bda,PROMO_3076,0.0
MatFoa_8cd2,PROMO_662f,20.0
MatFoa_4414,PROMO_662f,20.0
MatFoa_e09a,PROMO_662f,20.0
MatFoa_182e,PROMO_662f,20.0
MatFoa_28ad,PROMO_662f,20.0
MatFoa_13fa,PROMO_662f,20.0
MatSpr_56a3,PROMO_662f,20.0
MatSpr_06ac,PROMO_662f,20.0
MatSpr_ccc4,PROMO_662f,20.0
MatSpr_28ce,PROMO_662f,20.0
MatSpr_ba3a,PROMO_662f,20.0
MatSpr_acd0,PROMO_662f,20.0
MatPoc_1e64,PROMO_662f,20.0
MatPoc_27a0,PROMO_662f,20.0
MatPoc_6ee7,PROMO_662f,20.0
MatPoc_45de,PROMO_662f,20.0
MatPoc_2df5,PROMO_662f,20.0
MatPoc_f6cb,PROMO_662f,20.0
BedCot_2449,PROMO_662f,20.0
BedCot_6141,PROMO_662f,20.0
BedCot_4a29,PROMO_662f,20.0
BedCot_c645,PROMO_662f,20.0
BedCot_d278,PROMO_662f,20.0
BedCot_87ca,PROMO_662f,20.0
BedCot_2397,PROMO_662f,20.0
BedCot_4e8b,PROMO_662f,20.0
BedCot_17f5,PROMO_662f,20.0
BedPol_e8c9,PROMO_662f,20.0
BedPol_2724,PROMO_662f,20.0
BedPol_e207,PROMO_662f,20.0
BedPol_3807,PROMO_662f,20.0
BedPol_f406,PROMO_662f,20.0
BedPol_d3de,PROMO_662f,20.0
BedPol_5144,PROMO_662f,20.0
BedPol_239e,PROMO_662f,20.0
BedPol_5ab8,PROMO_662f,20.0
BedLin_18f8,PROMO_662f,20.0
BedLin_2f24,PROMO_662f,20.0
BedLin_d846,PROMO_662f,20.0
BedLin_8a26,PROMO_662f,20.0
BedLin_b097,PROMO_662f,20.0
BedLin_67d1,PROMO_662f,20.0
BedLin_aa0f,PROMO_662f,20.0
BedLin_5d3d,PROMO_662f,20.0
BedLin_f732,PROMO_662f,20.0
PilCot_3481,PROMO_662f,20.0
PilCot_f078,PROMO_662f,20.0
PilCot_b22a,PROMO_662f,20.0
PilFea_8a5d,PROMO_662f,20.0
PilFea_115c,PROMO_662f,20.0
PilFea_56ac,PROMO_662f,20.0
PilPol_3076,PROMO_662f,20.0
PilPol_662f,PROMO_662f,20.0
PilPol_a442,PROMO_662f,20.0
BolCot_3050,PROMO_662f,20.0
BolCot_31e6,PROMO_662f,20.0
BolCot_21df,PROMO_662f,20.0
BolFea_98d4,PROMO_662f,20.0
BolFea_d1d6,PROMO_662f,20.0
BolFea_b87f,PROMO_662f,20.0
BolPol_f3ad,PROMO_662f,20.0
BolPol_cfd7,PROMO_662f,20.0
BolPol_82d7,PROMO_662f,20.0
BlaCot_9ebb,PROMO_662f,20.0
BlaCot_9781,PROMO_662f,20.0
BlaCot_8a14,PROMO_662f,20.0
BlaCot_503c,PROMO_662f,20.0
BlaCot_ce6c,PROMO_662f,20.0
BlaCot_b529,PROMO_662f,20.0
BlaCot_572e,PROMO_662f,20.0
BlaCot_9ef6,PROMO_662f,20.0
BlaCot_6c4b,PROMO_662f,20.0
BlaFla_769a,PROMO_662f,20.0
BlaFla_ce8e,PROMO_662f,20.0
BlaFla_4110,PROMO_662f,20.0
BlaFla_f995,PROMO_662f,20.0
BlaFla_1d9c,PROMO_662f,20.0
BlaFla_78f1,PROMO_662f,20.0
BlaFla_7645,PROMO_662f,20.0
BlaFla_ad01,PROMO_662f,20.0
BlaFla_5f55,PROMO_662f,20.0
BlaFle_991d,PROMO_662f,20.0
BlaFle_1485,PROMO_662f,20.0
BlaFle_0f50,PROMO_662f,20.0
BlaFle_c9a0,PROMO_662f,20.0
BlaFle_394c,PROMO_662f,20.0
BlaFle_7daf,PROMO_662f,20.0
BlaFle_5881,PROMO_662f,20.0
BlaFle_33f0,PROMO_662f,20.0
BlaFle_9bda,PROMO_662f,20.0
MatFoa_8cd2,PROMO_a442,0.0
MatFoa_4414,PROMO_a442,0.0
MatFoa_e09a,PROMO_a442,0.0
MatFoa_182e,PROMO_a442,0.0
MatFoa_28ad,PROMO_a442,0.0
MatFoa_13fa,PROMO_a442,0.0
MatSpr_56a3,PROMO_a442,0.0
MatSpr_06ac,PROMO_a442,0.0
MatSpr_ccc4,PROMO_a442,0.0
MatSpr_28ce,PROMO_a442,0.0
MatSpr_ba3a,PROMO_a442,0.0
MatSpr_acd0,PROMO_a442,0.0
MatPoc_1e64,PROMO_a442,0.0
MatPoc_27a0,PROMO_a442,0.0
MatPoc_6ee7,PROMO_a442,0.0
MatPoc_45de,PROMO_a442,0.0
MatPoc_2df5,PROMO_a442,0.0
MatPoc_f6cb,PROMO_a442,0.0
BedCot_2449,PROMO_a442,0.0
BedCot_6141,PROMO_a442,0.0
BedCot_4a29,PROMO_a442,0.0
BedCot_c645,PROMO_a442,0.0
BedCot_d278,PROMO_a442,0.0
BedCot_87ca,PROMO_a442,0.0
BedCot_2397,PROMO_a442,0.0
BedCot_4e8b,PROMO_a442,0.0
BedCot_17f5,PROMO_a442,0.0
BedPol_e8c9,PROMO_a442,0.0
BedPol_2724,PROMO_a442,0.0
BedPol_e207,PROMO_a442,0.0
BedPol_3807,PROMO_a442,0.0
BedPol_f406,PROMO_a442,0.0
BedPol_d3de,PROMO_a442,0.0
BedPol_5144,PROMO_a442,0.0
BedPol_239e,PROMO_a442,0.0
BedPol_5ab8,PROMO_a442,0.0
BedLin_18f8,PROMO_a442,0.0
BedLin_2f24,PROMO_a442,0.0
BedLin_d846,PROMO_a442,0.0
BedLin_8a26,PROMO_a442,0.0
BedLin_b097,PROMO_a442,0.0
BedLin_67d1,PROMO_a442,0.0
BedLin_aa0f,PROMO_a442,0.0
BedLin_5d3d,PROMO_a442,0.0
BedLin_f732,PROMO_a442,0.0
PilCot_3481,PROMO_a442,0.0
PilCot_f078,PROMO_a442,0.0
PilCot_b22a,PROMO_a442,0.0
PilFea_8a5d,PROMO_a442,0.0
PilFea_115c,PROMO_a442,0.0
PilFea_56ac,PROMO_a442,0.0
PilPol_3076,PROMO_a442,0.0
PilPol_662f,PROMO_a442,0.0
PilPol_a442,PROMO_a442,0.0
BolCot_3050,PROMO_a442,0.0
BolCot_31e6,PROMO_a442,0.0
BolCot_21df,PROMO_a442,0.0
BolFea_98d4,PROMO_a442,0.0
BolFea_d1d6,PROMO_a442,0.0
BolFea_b87f,PROMO_a442,0.0
BolPol_f3ad,PROMO_a442,0.0
BolPol_cfd7,PROMO_a442,0.0
BolPol_82d7,PROMO_a442,0.0
BlaCot_9ebb,PROMO_a442,0.0
BlaCot_9781,PROMO_a442,0.0
BlaCot_8a14,PROMO_a442,0.0
BlaCot_503c,PROMO_a442,0.0
BlaCot_ce6c,PROMO_a442,0.0
BlaCot_b529,PROMO_a442,0.0
BlaCot_572e,PROMO_a442,0.0
BlaCot_9ef6,PROMO_a442,0.0
BlaCot_6c4b,PROMO_a442,0.0
BlaFla_769a,PROMO_a442,0.0
BlaFla_ce8e,PROMO_a442,0.0
BlaFla_4110,PROMO_a442,0.0
BlaFla_f995,PROMO_a442,0.0
BlaFla_1d9c,PROMO_a442,0.0
BlaFla_78f1,PROMO_a442,0.0
BlaFla_7645,PROMO_a442,0.0
BlaFla_ad01,PROMO_a442,0.0
BlaFla_5f55,PROMO_a442,0.0
BlaFle_991d,PROMO_a442,0.0
BlaFle_1485,PROMO_a442,0.0
BlaFle_0f50,PROMO_a442,0.0
BlaFle_c9a0,PROMO_a442,0.0
BlaFle_394c,PROMO_a442,0.0
BlaFle_7daf,PROMO_a442,0.0
BlaFle_5881,PROMO_a442,0.0
BlaFle_33f0,PROMO_a442,0.0
BlaFle_9bda,PROMO_a442,0.0
MatFoa_8cd2,PROMO_3050,10.0
MatFoa_4414,PROMO_3050,10.0
MatFoa_e09a,PROMO_3050,10.0
MatFoa_182e,PROMO_3050,10.0
MatFoa_28ad,PROMO_3050,10.0
MatFoa_13fa,PROMO_3050,10.0
MatSpr_56a3,PROMO_3050,10.0
MatSpr_06ac,PROMO_3050,10.0
MatSpr_ccc4,PROMO_3050,10.0
MatSpr_28ce,PROMO_3050,10.0
MatSpr_ba3a,PROMO_3050,10.0
MatSpr_acd0,PROMO_3050,10.0
MatPoc_1e64,PROMO_3050,10.0
MatPoc_27a0,PROMO_3050,10.0
MatPoc_6ee7,PROMO_3050,10.0
MatPoc_45de,PROMO_3050,10.0
MatPoc_2df5,PROMO_3050,10.0
MatPoc_f6cb,PROMO_3050,10.0
BedCot_2449,PROMO_3050,10.0
BedCot_6141,PROMO_3050,10.0
BedCot_4a29,PROMO_3050,10.0
BedCot_c645,PROMO_3050,10.0
BedCot_d278,PROMO_3050,10.0
BedCot_87ca,PROMO_3050,10.0
BedCot_2397,PROMO_3050,10.0
BedCot_4e8b,PROMO_3050,10.0
BedCot_17f5,PROMO_3050,10.0
BedPol_e8c9,PROMO_3050,10.0
BedPol_2724,PROMO_3050,10.0
BedPol_e207,PROMO_3050,10.0
BedPol_3807,PROMO_3050,10.0
BedPol_f406,PROMO_3050,10.0
BedPol_d3de,PROMO_3050,10.0
BedPol_5144,PROMO_3050,10.0
BedPol_239e,PROMO_3050,10.0
BedPol_5ab8,PROMO_3050,10.0
BedLin_18f8,PROMO_3050,10.0
BedLin_2f24,PROMO_3050,10.0
BedLin_d846,PROMO_3050,10.0
BedLin_8a26,PROMO_3050,10.0
BedLin_b097,PROMO_3050,10.0
BedLin_67d1,PROMO_3050,10.0
BedLin_aa0f,PROMO_3050,10.0
BedLin_5d3d,PROMO_3050,10.0
BedLin_f732,PROMO_3050,10.0
PilCot_3481,PROMO_3050,10.0
PilCot_f078,PROMO_3050,10.0
PilCot_b22a,PROMO_3050,10.0
PilFea_8a5d,PROMO_3050,10.0
PilFea_115c,PROMO_3050,10.0
PilFea_56ac,PROMO_3050,10.0
PilPol_3076,PROMO_3050,10.0
PilPol_662f,PROMO_3050,10.0
PilPol_a442,PROMO_3050,10.0
BolCot_3050,PROMO_3050,10.0
BolCot_31e6,PROMO_3050,10.0
BolCot_21df,PROMO_3050,10.0
BolFea_98d4,PROMO_3050,10.0
BolFea_d1d6,PROMO_3050,10.0
BolFea_b87f,PROMO_3050,10.0
BolPol_f3ad,PROMO_3050,10.0
BolPol_cfd7,PROMO_3050,10.0
BolPol_82d7,PROMO_3050,10.0
BlaCot_9ebb,PROMO_3050,10.0
BlaCot_9781,PROMO_3050,10.0
BlaCot_8a14,PROMO_3050,10.0
BlaCot_503c,PROMO_3050,10.0
BlaCot_ce6c,PROMO_3050,10.0
BlaCot_b529,PROMO_3050,10.0
BlaCot_572e,PROMO_3050,10.0
BlaCot_9ef6,PROMO_3050,10.0
BlaCot_6c4b,PROMO_3050,10.0
BlaFla_769a,PROMO_3050,10.0
BlaFla_ce8e,PROMO_3050,10.0
BlaFla_4110,PROMO_3050,10.0
BlaFla_f995,PROMO_3050,10.0
BlaFla_1d9c,PROMO_3050,10.0
BlaFla_78f1,PROMO_3050,10.0
BlaFla_7645,PROMO_3050,10.0
BlaFla_ad01,PROMO_3050,10.0
BlaFla_5f55,PROMO_3050,10.0
BlaFle_991d,PROMO_3050,10.0
BlaFle_1485,PROMO_3050,10.0
BlaFle_0f50,PROMO_3050,10.0
BlaFle_c9a0,PROMO_3050,10.0
BlaFle_394c,PROMO_3050,10.0
BlaFle_7daf,PROMO_3050,10.0
BlaFle_5881,PROMO_3050,10.0
BlaFle_33f0,PROMO_3050,10.0
BlaFle_9bda,PROMO_3050,10.0
MatFoa_8cd2,PROMO_31e6,0.0
MatFoa_4414,PROMO_31e6,0.0
MatFoa_e09a,PROMO_31e6,0.0
MatFoa_182e,PROMO_31e6,0.0
MatFoa_28ad,PROMO_31e6,0.0
MatFoa_13fa,PROMO_31e6,0.0
MatSpr_56a3,PROMO_31e6,0.0
MatSpr_06ac,PROMO_31e6,0.0
MatSpr_ccc4,PROMO_31e6,0.0
MatSpr_28ce,PROMO_31e6,0.0
MatSpr_ba3a,PROMO_31e6,0.0
MatSpr_acd0,PROMO_31e6,0.0
MatPoc_1e64,PROMO_31e6,0.0
MatPoc_27a0,PROMO_31e6,0.0
MatPoc_6ee7,PROMO_31e6,0.0
MatPoc_45de,PROMO_31e6,0.0
MatPoc_2df5,PROMO_31e6,0.0
MatPoc_f6cb,PROMO_31e6,0.0
BedCot_2449,PROMO_31e6,0.0
BedCot_6141,PROMO_31e6,0.0
BedCot_4a29,PROMO_31e6,0.0
BedCot_c645,PROMO_31e6,0.0
BedCot_d278,PROMO_31e6,0.0
BedCot_87ca,PROMO_31e6,0.0
BedCot_2397,PROMO_31e6,0.0
BedCot_4e8b,PROMO_31e6,0.0
BedCot_17f5,PROMO_31e6,0.0
BedPol_e8c9,PROMO_31e6,0.0
BedPol_2724,PROMO_31e6,0.0
BedPol_e207,PROMO_31e6,0.0
BedPol_3807,PROMO_31e6,0.0
BedPol_f406,PROMO_31e6,0.0
BedPol_d3de,PROMO_31e6,0.0
BedPol_5144,PROMO_31e6,0.0
BedPol_239e,PROMO_31e6,0.0
BedPol_5ab8,PROMO_31e6,0.0
BedLin_18f8,PROMO_31e6,0.0
BedLin_2f24,PROMO_31e6,0.0
BedLin_d846,PROMO_31e6,0.0
BedLin_8a26,PROMO_31e6,0.0
BedLin_b097,PROMO_31e6,0.0
BedLin_67d1,PROMO_31e6,0.0
BedLin_aa0f,PROMO_31e6,0.0
BedLin_5d3d,PROMO_31e6,0.0
BedLin_f732,PROMO_31e6,0.0
PilCot_3481,PROMO_31e6,0.0
PilCot_f078,PROMO_31e6,0.0
PilCot_b22a,PROMO_31e6,0.0
PilFea_8a5d,PROMO_31e6,0.0
PilFea_115c,PROMO_31e6,0.0
PilFea_56ac,PROMO_31e6,0.0
PilPol_3076,PROMO_31e6,0.0
PilPol_662f,PROMO_31e6,0.0
PilPol_a442,PROMO_31e6,0.0
BolCot_3050,PROMO_31e6,0.0
BolCot_31e6,PROMO_31e6,0.0
BolCot_21df,PROMO_31e6,0.0
BolFea_98d4,PROMO_31e6,0.0
BolFea_d1d6,PROMO_31e6,0.0
BolFea_b87f,PROMO_31e6,0.0
BolPol_f3ad,PROMO_31e6,0.0
BolPol_cfd7,PROMO_31e6,0.0
BolPol_82d7,PROMO_31e6,0.0
BlaCot_9ebb,PROMO_31e6,0.0
BlaCot_9781,PROMO_31e6,0.0
BlaCot_8a14,PROMO_31e6,0.0
BlaCot_503c,PROMO_31e6,0.0
BlaCot_ce6c,PROMO_31e6,0.0
BlaCot_b529,PROMO_31e6,0.0
BlaCot_572e,PROMO_31e6,0.0
BlaCot_9ef6,PROMO_31e6,0.0
BlaCot_6c4b,PROMO_31e6,0.0
BlaFla_769a,PROMO_31e6,0.0
BlaFla_ce8e,PROMO_31e6,0.0
BlaFla_4110,PROMO_31e6,0.0
BlaFla_f995,PROMO_31e6,0.0
BlaFla_1d9c,PROMO_31e6,0.0
BlaFla_78f1,PROMO_31e6,0.0
BlaFla_7645,PROMO_31e6,0.0
BlaFla_ad01,PROMO_31e6,0.0
BlaFla_5f55,PROMO_31e6,0.0
BlaFle_991d,PROMO_31e6,0.0
BlaFle_1485,PROMO_31e6,0.0
BlaFle_0f50,PROMO_31e6,0.0
BlaFle_c9a0,PROMO_31e6,0.0
BlaFle_394c,PROMO_31e6,0.0
BlaFle_7daf,PROMO_31e6,0.0
BlaFle_5881,PROMO_31e6,0.0
BlaFle_33f0,PROMO_31e6,0.0
BlaFle_9bda,PROMO_31e6,0.0
MatFoa_8cd2,PROMO_21df,210.0
MatFoa_4414,PROMO_21df,210.0
MatFoa_e09a,PROMO_21df,330.0
MatFoa_182e,PROMO_21df,330.0
MatFoa_28ad,PROMO_21df,450.0
MatFoa_13fa,PROMO_21df,450.0
MatSpr_56a3,PROMO_21df,240.0
MatSpr_06ac,PROMO_21df,240.0
MatSpr_ccc4,PROMO_21df,360.0
MatSpr_28ce,PROMO_21df,360.0
MatSpr_ba3a,PROMO_21df,480.0
MatSpr_acd0,PROMO_21df,480.0
MatPoc_1e64,PROMO_21df,510.0
MatPoc_27a0,PROMO_21df,510.0
MatPoc_6ee7,PROMO_21df,780.0
MatPoc_45de,PROMO_21df,780.0
MatPoc_2df5,PROMO_21df,1050.0
MatPoc_f6cb,PROMO_21df,1050.0
BedCot_2449,PROMO_21df,48.0
BedCot_6141,PROMO_21df,48.0
BedCot_4a29,PROMO_21df,48.0
BedCot_c645,PROMO_21df,72.0
BedCot_d278,PROMO_21df,72.0
BedCot_87ca,PROMO_21df,72.0
BedCot_2397,PROMO_21df,90.0
BedCot_4e8b,PROMO_21df,90.0
BedCot_17f5,PROMO_21df,90.0
BedPol_e8c9,PROMO_21df,24.0
BedPol_2724,PROMO_21df,24.0
BedPol_e207,PROMO_21df,24.0
BedPol_3807,PROMO_21df,30.0
BedPol_f406,PROMO_21df,30.0
BedPol_d3de,PROMO_21df,30.0
BedPol_5144,PROMO_21df,36.0
BedPol_239e,PROMO_21df,36.0
BedPol_5ab8,PROMO_21df,36.0
BedLin_18f8,PROMO_21df,120.0
BedLin_2f24,PROMO_21df,120.0
BedLin_d846,PROMO_21df,120.0
BedLin_8a26,PROMO_21df,228.0
BedLin_b097,PROMO_21df,228.0
BedLin_67d1,PROMO_21df,228.0
BedLin_aa0f,PROMO_21df,252.0
BedLin_5d3d,PROMO_21df,252.0
BedLin_f732,PROMO_21df,252.0
PilCot_3481,PROMO_21df,15.0
PilCot_f078,PROMO_21df,15.0
PilCot_b22a,PROMO_21df,15.0
PilFea_8a5d,PROMO_21df,39.0
PilFea_115c,PROMO_21df,39.0
PilFea_56ac,PROMO_21df,39.0
PilPol_3076,PROMO_21df,11.0
PilPol_662f,PROMO_21df,11.0
PilPol_a442,PROMO_21df,11.0
BolCot_3050,PROMO_21df,18.0
BolCot_31e6,PROMO_21df,18.0
BolCot_21df,PROMO_21df,18.0
BolFea_98d4,PROMO_21df,42.0
BolFea_d1d6,PROMO_21df,42.0
BolFea_b87f,PROMO_21df,42.0
BolPol_f3ad,PROMO_21df,13.0
BolPol_cfd7,PROMO_21df,13.0
BolPol_82d7,PROMO_21df,13.0
BlaCot_9ebb,PROMO_21df,72.0
BlaCot_9781,PROMO_21df,72.0
BlaCot_8a14,PROMO_21df,72.0
BlaCot_503c,PROMO_21df,120.0
BlaCot_ce6c,PROMO_21df,120.0
BlaCot_b529,PROMO_21df,120.0
BlaCot_572e,PROMO_21df,132.0
BlaCot_9ef6,PROMO_21df,132.0
BlaCot_6c4b,PROMO_21df,132.0
BlaFla_769a,PROMO_21df,36.0
BlaFla_ce8e,PROMO_21df,36.0
BlaFla_4110,PROMO_21df,36.0
BlaFla_f995,PROMO_21df,60.0
BlaFla_1d9c,PROMO_21df,60.0
BlaFla_78f1,PROMO_21df,60.0
BlaFla_7645,PROMO_21df,72.0
BlaFla_ad01,PROMO_21df,72.0
BlaFla_5f55,PROMO_21df,72.0
BlaFle_991d,PROMO_21df,18.0
BlaFle_1485,PROMO_21df,18.0
BlaFle_0f50,PROMO_21df,18.0
BlaFle_c9a0,PROMO_21df,36.0
BlaFle_394c,PROMO_21df,36.0
BlaFle_7daf,PROMO_21df,36.0
BlaFle_5881,PROMO_21df,42.0
BlaFle_33f0,PROMO_21df,42.0
BlaFle_9bda,PROMO_21df,42.0
MatFoa_8cd2,PROMO_98d4,15.0
MatFoa_4414,PROMO_98d4,15.0
MatFoa_e09a,PROMO_98d4,15.0
MatFoa_182e,PROMO_98d4,15.0
MatFoa_28ad,PROMO_98d4,15.0
MatFoa_13fa,PROMO_98d4,15.0
MatSpr_56a3,PROMO_98d4,15.0
MatSpr_06ac,PROMO_98d4,15.0
MatSpr_ccc4,PROMO_98d4,15.0
MatSpr_28ce,PROMO_98d4,15.0
MatSpr_ba3a,PROMO_98d4,15.0
MatSpr_acd0,PROMO_98d4,15.0
MatPoc_1e64,PROMO_98d4,15.0
MatPoc_27a0,PROMO_98d4,15.0
MatPoc_6ee7,PROMO_98d4,15.0
MatPoc_45de,PROMO_98d4,15.0
MatPoc_2df5,PROMO_98d4,15.0
MatPoc_f6cb,PROMO_98d4,15.0
BedCot_2449,PROMO_98d4,15.0
BedCot_6141,PROMO_98d4,15.0
BedCot_4a29,PROMO_98d4,15.0
BedCot_c645,PROMO_98d4,15.0
BedCot_d278,PROMO_98d4,15.0
BedCot_87ca,PROMO_98d4,15.0
BedCot_2397,PROMO_98d4,15.0
BedCot_4e8b,PROMO_98d4,15.0
BedCot_17f5,PROMO_98d4,15.0
BedPol_e8c9,PROMO_98d4,15.0
BedPol_2724,PROMO_98d4,15.0
BedPol_e207,PROMO_98d4,15.0
BedPol_3807,PROMO_98d4,15.0
BedPol_f406,PROMO_98d4,15.0
BedPol_d3de,PROMO_98d4,15.0
BedPol_5144,PROMO_98d4,15.0
BedPol_239e,PROMO_98d4,15.0
BedPol_5ab8,PROMO_98d4,15.0
BedLin_18f8,PROMO_98d4,15.0
BedLin_2f24,PROMO_98d4,15.0
BedLin_d846,PROMO_98d4,15.0
BedLin_8a26,PROMO_98d4,15.0
BedLin_b097,PROMO_98d4,15.0
BedLin_67d1,PROMO_98d4,15.0
BedLin_aa0f,PROMO_98d4,15.0
BedLin_5d3d,PROMO_98d4,15.0
BedLin_f732,PROMO_98d4,15.0
PilCot_3481,PROMO_98d4,15.0
PilCot_f078,PROMO_98d4,15.0
PilCot_b22a,PROMO_98d4,15.0
PilFea_8a5d,PROMO_98d4,15.0
PilFea_115c,PROMO_98d4,15.0
PilFea_56ac,PROMO_98d4,15.0
PilPol_3076,PROMO_98d4,15.0
PilPol_662f,PROMO_98d4,15.0
PilPol_a442,PROMO_98d4,15.0
BolCot_3050,PROMO_98d4,15.0
BolCot_31e6,PROMO_98d4,15.0
BolCot_21df,PROMO_98d4,15.0
BolFea_98d4,PROMO_98d4,15.0
BolFea_d1d6,PROMO_98d4,15.0
BolFea_b87f,PROMO_98d4,15.0
BolPol_f3ad,PROMO_98d4,15.0
BolPol_cfd7,PROMO_98d4,15.0
BolPol_82d7,PROMO_98d4,15.0
BlaCot_9ebb,PROMO_98d4,15.0
BlaCot_9781,PROMO_98d4,15.0
BlaCot_8a14,PROMO_98d4,15.0
BlaCot_503c,PROMO_98d4,15.0
BlaCot_ce6c,PROMO_98d4,15.0
BlaCot_b529,PROMO_98d4,15.0
BlaCot_572e,PROMO_98d4,15.0
BlaCot_9ef6,PROMO_98d4,15.0
BlaCot_6c4b,PROMO_98d4,15.0
BlaFla_769a,PROMO_98d4,15.0
BlaFla_ce8e,PROMO_98d4,15.0
BlaFla_4110,PROMO_98d4,15.0
BlaFla_f995,PROMO_98d4,15.0
BlaFla_1d9c,PROMO_98d4,15.0
BlaFla_78f1,PROMO_98d4,15.0
BlaFla_7645,PROMO_98d4,15.0
BlaFla_ad01,PROMO_98d4,15.0
BlaFla_5f55,PROMO_98d4,15.0
BlaFle_991d,PROMO_98d4,15.0
BlaFle_1485,PROMO_98d4,15.0
BlaFle_0f50,PROMO_98d4,15.0
BlaFle_c9a0,PROMO_98d4,15.0
BlaFle_394c,PROMO_98d4,15.0
BlaFle_7daf,PROMO_98d4,15.0
BlaFle_5881,PROMO_98d4,15.0
BlaFle_33f0,PROMO_98d4,15.0
BlaFle_9bda,PROMO_98d4,15.0
MatFoa_8cd2,PROMO_d1d6,8.0
MatFoa_4414,PROMO_d1d6,8.0
MatFoa_e09a,PROMO_d1d6,8.0
MatFoa_182e,PROMO_d1d6,8.0
MatFoa_28ad,PROMO_d1d6,8.0
MatFoa_13fa,PROMO_d1d6,8.0
MatSpr_56a3,PROMO_d1d6,8.0
MatSpr_06ac,PROMO_d1d6,8.0
MatSpr_ccc4,PROMO_d1d6,8.0
MatSpr_28ce,PROMO_d1d6,8.0
MatSpr_ba3a,PROMO_d1d6,8.0
MatSpr_acd0,PROMO_d1d6,8.0
MatPoc_1e64,PROMO_d1d6,8.0
MatPoc_27a0,PROMO_d1d6,8.0
MatPoc_6ee7,PROMO_d1d6,8.0
MatPoc_45de,PROMO_d1d6,8.0
MatPoc_2df5,PROMO_d1d6,8.0
MatPoc_f6cb,PROMO_d1d6,8.0
BedCot_2449,PROMO_d1d6,8.0
BedCot_6141,PROMO_d1d6,8.0
BedCot_4a29,PROMO_d1d6,8.0
BedCot_c645,PROMO_d1d6,8.0
BedCot_d278,PROMO_d1d6,8.0
BedCot_87ca,PROMO_d1d6,8.0
BedCot_2397,PROMO_d1d6,8.0
BedCot_4e8b,PROMO_d1d6,8.0
BedCot_17f5,PROMO_d1d6,8.0
BedPol_e8c9,PROMO_d1d6,8.0
BedPol_2724,PROMO_d1d6,8.0
BedPol_e207,PROMO_d1d6,8.0
BedPol_3807,PROMO_d1d6,8.0
BedPol_f406,PROMO_d1d6,8.0
BedPol_d3de,PROMO_d1d6,8.0
BedPol_5144,PROMO_d1d6,8.0
BedPol_239e,PROMO_d1d6,8.0
BedPol_5ab8,PROMO_d1d6,8.0
BedLin_18f8,PROMO_d1d6,8.0
BedLin_2f24,PROMO_d1d6,8.0
BedLin_d846,PROMO_d1d6,8.0
BedLin_8a26,PROMO_d1d6,8.0
BedLin_b097,PROMO_d1d6,8.0
BedLin_67d1,PROMO_d1d6,8.0
BedLin_aa0f,PROMO_d1d6,8.0
BedLin_5d3d,PROMO_d1d6,8.0
BedLin_f732,PROMO_d1d6,8.0
PilCot_3481,PROMO_d1d6,8.0
PilCot_f078,PROMO_d1d6,8.0
PilCot_b22a,PROMO_d1d6,8.0
PilFea_8a5d,PROMO_d1d6,8.0
PilFea_115c,PROMO_d1d6,8.0
PilFea_56ac,PROMO_d1d6,8.0
PilPol_3076,PROMO_d1d6,8.0
PilPol_662f,PROMO_d1d6,8.0
PilPol_a442,PROMO_d1d6,8.0
BolCot_3050,PROMO_d1d6,8.0
BolCot_31e6,PROMO_d1d6,8.0
BolCot_21df,PROMO_d1d6,8.0
BolFea_98d4,PROMO_d1d6,8.0
BolFea_d1d6,PROMO_d1d6,8.0
BolFea_b87f,PROMO_d1d6,8.0
BolPol_f3ad,PROMO_d1d6,8.0
BolPol_cfd7,PROMO_d1d6,8.0
BolPol_82d7,PROMO_d1d6,8.0
BlaCot_9ebb,PROMO_d1d6,8.0
BlaCot_9781,PROMO_d1d6,8.0
BlaCot_8a14,PROMO_d1d6,8.0
BlaCot_503c,PROMO_d1d6,8.0
BlaCot_ce6c,PROMO_d1d6,8.0
BlaCot_b529,PROMO_d1d6,8.0
BlaCot_572e,PROMO_d1d6,8.0
BlaCot_9ef6,PROMO_d1d6,8.0
BlaCot_6c4b,PROMO_d1d6,8.0
BlaFla_769a,PROMO_d1d6,8.0
BlaFla_ce8e,PROMO_d1d6,8.0
BlaFla_4110,PROMO_d1d6,8.0
BlaFla_f995,PROMO_d1d6,8.0
BlaFla_1d9c,PROMO_d1d6,8.0
BlaFla_78f1,PROMO_d1d6,8.0
BlaFla_7645,PROMO_d1d6,8.0
BlaFla_ad01,PROMO_d1d6,8.0
BlaFla_5f55,PROMO_d1d6,8.0
BlaFle_991d,PROMO_d1d6,8.0
BlaFle_1485,PROMO_d1d6,8.0
BlaFle_0f50,PROMO_d1d6,8.0
BlaFle_c9a0,PROMO_d1d6,8.0
BlaFle_394c,PROMO_d1d6,8.0
BlaFle_7daf,PROMO_d1d6,8.0
BlaFle_5881,PROMO_d1d6,8.0
BlaFle_33f0,PROMO_d1d6,8.0
BlaFle_9bda,PROMO_d1d6,8.0
MatFoa_8cd2,PROMO_b87f,0.0
MatFoa_4414,PROMO_b87f,0.0
MatFoa_e09a,PROMO_b87f,0.0
MatFoa_182e,PROMO_b87f,0.0
MatFoa_28ad,PROMO_b87f,0.0
MatFoa_13fa,PROMO_b87f,0.0
MatSpr_56a3,PROMO_b87f,0.0
MatSpr_06ac,PROMO_b87f,0.0
MatSpr_ccc4,PROMO_b87f,0.0
MatSpr_28ce,PROMO_b87f,0.0
MatSpr_ba3a,PROMO_b87f,0.0
MatSpr_acd0,PROMO_b87f,0.0
MatPoc_1e64,PROMO_b87f,0.0
MatPoc_27a0,PROMO_b87f,0.0
MatPoc_6ee7,PROMO_b87f,0.0
MatPoc_45de,PROMO_b87f,0.0
MatPoc_2df5,PROMO_b87f,0.0
MatPoc_f6cb,PROMO_b87f,0.0
BedCot_2449,PROMO_b87f,0.0
BedCot_6141,PROMO_b87f,0.0
BedCot_4a29,PROMO_b87f,0.0
BedCot_c645,PROMO_b87f,0.0
BedCot_d278,PROMO_b87f,0.0
BedCot_87ca,PROMO_b87f,0.0
BedCot_2397,PROMO_b87f,0.0
BedCot_4e8b,PROMO_b87f,0.0
BedCot_17f5,PROMO_b87f,0.0
BedPol_e8c9,PROMO_b87f,0.0
BedPol_2724,PROMO_b87f,0.0
BedPol_e207,PROMO_b87f,0.0
BedPol_3807,PROMO_b87f,0.0
BedPol_f406,PROMO_b87f,0.0
BedPol_d3de,PROMO_b87f,0.0
BedPol_5144,PROMO_b87f,0.0
BedPol_239e,PROMO_b87f,0.0
BedPol_5ab8,PROMO_b87f,0.0
BedLin_18f8,PROMO_b87f,0.0
BedLin_2f24,PROMO_b87f,0.0
BedLin_d846,PROMO_b87f,0.0
BedLin_8a26,PROMO_b87f,0.0
BedLin_b097,PROMO_b87f,0.0
BedLin_67d1,PROMO_b87f,0.0
BedLin_aa0f,PROMO_b87f,0.0
BedLin_5d3d,PROMO_b87f,0.0
BedLin_f732,PROMO_b87f,0.0
PilCot_3481,PROMO_b87f,0.0
PilCot_f078,PROMO_b87f,0.0
PilCot_b22a,PROMO_b87f,0.0
PilFea_8a5d,PROMO_b87f,0.0
PilFea_115c,PROMO_b87f,0.0
PilFea_56ac,PROMO_b87f,0.0
PilPol_3076,PROMO_b87f,0.0
PilPol_662f,PROMO_b87f,0.0
PilPol_a442,PROMO_b87f,0.0
BolCot_3050,PROMO_b87f,0.0
BolCot_31e6,PROMO_b87f,0.0
BolCot_21df,PROMO_b87f,0.0
BolFea_98d4,PROMO_b87f,0.0
BolFea_d1d6,PROMO_b87f,0.0
BolFea_b87f,PROMO_b87f,0.0
BolPol_f3ad,PROMO_b87f,0.0
BolPol_cfd7,PROMO_b87f,0.0
BolPol_82d7,PROMO_b87f,0.0
BlaCot_9ebb,PROMO_b87f,0.0
BlaCot_9781,PROMO_b87f,0.0
BlaCot_8a14,PROMO_b87f,0.0
BlaCot_503c,PROMO_b87f,0.0
BlaCot_ce6c,PROMO_b87f,0.0
BlaCot_b529,PROMO_b87f,0.0
BlaCot_572e,PROMO_b87f,0.0
BlaCot_9ef6,PROMO_b87f,0.0
BlaCot_6c4b,PROMO_b87f,0.0
BlaFla_769a,PROMO_b87f,0.0
BlaFla_ce8e,PROMO_b87f,0.0
BlaFla_4110,PROMO_b87f,0.0
BlaFla_f995,PROMO_b87f,0.0
BlaFla_1d9c,PROMO_b87f,0.0
BlaFla_78f1,PROMO_b87f,0.0
BlaFla_7645,PROMO_b87f,0.0
BlaFla_ad01,PROMO_b87f,0.0
BlaFla_5f55,PROMO_b87f,0.0
BlaFle_991d,PROMO_b87f,0.0
BlaFle_1485,PROMO_b87f,0.0
BlaFle_0f50,PROMO_b87f,0.0
BlaFle_c9a0,PROMO_b87f,0.0
BlaFle_394c,PROMO_b87f,0.0
BlaFle_7daf,PROMO_b87f,0.0
BlaFle_5881,PROMO_b87f,0.0
BlaFle_33f0,PROMO_b87f,0.0
BlaFle_9bda,PROMO_b87f,0.0
BedCot_2449,PROMO_f3ad,0.0
BedCot_6141,PROMO_f3ad,0.0
BedCot_4a29,PROMO_f3ad,0.0
BedCot_c645,PROMO_f3ad,0.0
BedCot_d278,PROMO_f3ad,0.0
BedCot_87ca,PROMO_f3ad,0.0
BedCot_2397,PROMO_f3ad,0.0
BedCot_4e8b,PROMO_f3ad,0.0
BedCot_17f5,PROMO_f3ad,0.0
BedPol_e8c9,PROMO_f3ad,0.0
BedPol_2724,PROMO_f3ad,0.0
BedPol_e207,PROMO_f3ad,0.0
BedPol_3807,PROMO_f3ad,0.0
BedPol_f406,PROMO_f3ad,0.0
BedPol_d3de,PROMO_f3ad,0.0
BedPol_5144,PROMO_f3ad,0.0
BedPol_239e,PROMO_f3ad,0.0
BedPol_5ab8,PROMO_f3ad,0.0
BedLin_18f8,PROMO_f3ad,0.0
BedLin_2f24,PROMO_f3ad,0.0
BedLin_d846,PROMO_f3ad,0.0
BedLin_8a26,PROMO_f3ad,0.0
BedLin_b097,PROMO_f3ad,0.0
BedLin_67d1,PROMO_f3ad,0.0
BedLin_aa0f,PROMO_f3ad,0.0
BedLin_5d3d,PROMO_f3ad,0.0
BedLin_f732,PROMO_f3ad,0.0
MatFoa_8cd2,PROMO_cfd7,8.0
MatFoa_4414,PROMO_cfd7,8.0
MatFoa_e09a,PROMO_cfd7,8.0
MatFoa_182e,PROMO_cfd7,8.0
MatFoa_28ad,PROMO_cfd7,8.0
MatFoa_13fa,PROMO_cfd7,8.0
MatSpr_56a3,PROMO_cfd7,8.0
MatSpr_06ac,PROMO_cfd7,8.0
MatSpr_ccc4,PROMO_cfd7,8.0
MatSpr_28ce,PROMO_cfd7,8.0
MatSpr_ba3a,PROMO_cfd7,8.0
MatSpr_acd0,PROMO_cfd7,8.0
MatPoc_1e64,PROMO_cfd7,8.0
MatPoc_27a0,PROMO_cfd7,8.0
MatPoc_6ee7,PROMO_cfd7,8.0
MatPoc_45de,PROMO_cfd7,8.0
MatPoc_2df5,PROMO_cfd7,8.0
MatPoc_f6cb,PROMO_cfd7,8.0
MatFoa_8cd2,PROMO_82d7,0.0
MatFoa_4414,PROMO_82d7,0.0
MatFoa_e09a,PROMO_82d7,0.0
MatFoa_182e,PROMO_82d7,0.0
MatFoa_28ad,PROMO_82d7,0.0
MatFoa_13fa,PROMO_82d7,0.0
MatSpr_56a3,PROMO_82d7,0.0
MatSpr_06ac,PROMO_82d7,0.0
MatSpr_ccc4,PROMO_82d7,0.0
MatSpr_28ce,PROMO_82d7,0.0
MatSpr_ba3a,PROMO_82d7,0.0
MatSpr_acd0,PROMO_82d7,0.0
MatPoc_1e64,PROMO_82d7,0.0
MatPoc_27a0,PROMO_82d7,0.0
MatPoc_6ee7,PROMO_82d7,0.0
MatPoc_45de,PROMO_82d7,0.0
MatPoc_2df5,PROMO_82d7,0.0
MatPoc_f6cb,PROMO_82d7,0.0
BedCot_2449,PROMO_82d7,0.0
BedCot_6141,PROMO_82d7,0.0
BedCot_4a29,PROMO_82d7,0.0
BedCot_c645,PROMO_82d7,0.0
BedCot_d278,PROMO_82d7,0.0
BedCot_87ca,PROMO_82d7,0.0
BedCot_2397,PROMO_82d7,0.0
BedCot_4e8b,PROMO_82d7,0.0
BedCot_17f5,PROMO_82d7,0.0
BedPol_e8c9,PROMO_82d7,0.0
BedPol_2724,PROMO_82d7,0.0
BedPol_e207,PROMO_82d7,0.0
BedPol_3807,PROMO_82d7,0.0
BedPol_f406,PROMO_82d7,0.0
BedPol_d3de,PROMO_82d7,0.0
BedPol_5144,PROMO_82d7,0.0
BedPol_239e,PROMO_82d7,0.0
BedPol_5ab8,PROMO_82d7,0.0
BedLin_18f8,PROMO_82d7,0.0
BedLin_2f24,PROMO_82d7,0.0
BedLin_d846,PROMO_82d7,0.0
BedLin_8a26,PROMO_82d7,0.0
BedLin_b097,PROMO_82d7,0.0
BedLin_67d1,PROMO_82d7,0.0
BedLin_aa0f,PROMO_82d7,0.0
BedLin_5d3d,PROMO_82d7,0.0
BedLin_f732,PROMO_82d7,0.0
PilCot_3481,PROMO_82d7,0.0
PilCot_f078,PROMO_82d7,0.0
PilCot_b22a,PROMO_82d7,0.0
PilFea_8a5d,PROMO_82d7,0.0
PilFea_115c,PROMO_82d7,0.0
PilFea_56ac,PROMO_82d7,0.0
PilPol_3076,PROMO_82d7,0.0
PilPol_662f,PROMO_82d7,0.0
PilPol_a442,PROMO_82d7,0.0
BolCot_3050,PROMO_82d7,0.0
BolCot_31e6,PROMO_82d7,0.0
BolCot_21df,PROMO_82d7,0.0
BolFea_98d4,PROMO_82d7,0.0
BolFea_d1d6,PROMO_82d7,0.0
BolFea_b87f,PROMO_82d7,0.0
BolPol_f3ad,PROMO_82d7,0.0
BolPol_cfd7,PROMO_82d7,0.0
BolPol_82d7,PROMO_82d7,0.0
BlaCot_9ebb,PROMO_82d7,0.0
BlaCot_9781,PROMO_82d7,0.0
BlaCot_8a14,PROMO_82d7,0.0
BlaCot_503c,PROMO_82d7,0.0
BlaCot_ce6c,PROMO_82d7,0.0
BlaCot_b529,PROMO_82d7,0.0
BlaCot_572e,PROMO_82d7,0.0
BlaCot_9ef6,PROMO_82d7,0.0
BlaCot_6c4b,PROMO_82d7,0.0
BlaFla_769a,PROMO_82d7,0.0
BlaFla_ce8e,PROMO_82d7,0.0
BlaFla_4110,PROMO_82d7,0.0
BlaFla_f995,PROMO_82d7,0.0
BlaFla_1d9c,PROMO_82d7,0.0
BlaFla_78f1,PROMO_82d7,0.0
BlaFla_7645,PROMO_82d7,0.0
BlaFla_ad01,PROMO_82d7,0.0
BlaFla_5f55,PROMO_82d7,0.0
BlaFle_991d,PROMO_82d7,0.0
BlaFle_1485,PROMO_82d7,0.0
BlaFle_0f50,PROMO_82d7,0.0
BlaFle_c9a0,PROMO_82d7,0.0
BlaFle_394c,PROMO_82d7,0.0
BlaFle_7daf,PROMO_82d7,0.0
BlaFle_5881,PROMO_82d7,0.0
BlaFle_33f0,PROMO_82d7,0.0
BlaFle_9bda,PROMO_82d7,0.0
MatFoa_8cd2,PROMO_9ebb,20.0
MatFoa_4414,PROMO_9ebb,20.0
MatFoa_e09a,PROMO_9ebb,20.0
MatFoa_182e,PROMO_9ebb,20.0
MatFoa_28ad,PROMO_9ebb,20.0
MatFoa_13fa,PROMO_9ebb,20.0
MatSpr_56a3,PROMO_9ebb,20.0
MatSpr_06ac,PROMO_9ebb,20.0
MatSpr_ccc4,PROMO_9ebb,20.0
MatSpr_28ce,PROMO_9ebb,20.0
MatSpr_ba3a,PROMO_9ebb,20.0
MatSpr_acd0,PROMO_9ebb,20.0
MatPoc_1e64,PROMO_9ebb,20.0
MatPoc_27a0,PROMO_9ebb,20.0
MatPoc_6ee7,PROMO_9ebb,20.0
MatPoc_45de,PROMO_9ebb,20.0
MatPoc_2df5,PROMO_9ebb,20.0
MatPoc_f6cb,PROMO_9ebb,20.0
BedCot_2449,PROMO_9ebb,20.0
BedCot_6141,PROMO_9ebb,20.0
BedCot_4a29,PROMO_9ebb,20.0
BedCot_c645,PROMO_9ebb,20.0
BedCot_d278,PROMO_9ebb,20.0
BedCot_87ca,PROMO_9ebb,20.0
BedCot_2397,PROMO_9ebb,20.0
BedCot_4e8b,PROMO_9ebb,20.0
BedCot_17f5,PROMO_9ebb,20.0
BedPol_e8c9,PROMO_9ebb,20.0
BedPol_2724,PROMO_9ebb,20.0
BedPol_e207,PROMO_9ebb,20.0
BedPol_3807,PROMO_9ebb,20.0
BedPol_f406,PROMO_9ebb,20.0
BedPol_d3de,PROMO_9ebb,20.0
BedPol_5144,PROMO_9ebb,20.0
BedPol_239e,PROMO_9ebb,20.0
BedPol_5ab8,PROMO_9ebb,20.0
BedLin_18f8,PROMO_9ebb,20.0
BedLin_2f24,PROMO_9ebb,20.0
BedLin_d846,PROMO_9ebb,20.0
BedLin_8a26,PROMO_9ebb,20.0
BedLin_b097,PROMO_9ebb,20.0
BedLin_67d1,PROMO_9ebb,20.0
BedLin_aa0f,PROMO_9ebb,20.0
BedLin_5d3d,PROMO_9ebb,20.0
BedLin_f732,PROMO_9ebb,20.0
PilCot_3481,PROMO_9ebb,20.0
PilCot_f078,PROMO_9ebb,20.0
PilCot_b22a,PROMO_9ebb,20.0
PilFea_8a5d,PROMO_9ebb,20.0
PilFea_115c,PROMO_9ebb,20.0
PilFea_56ac,PROMO_9ebb,20.0
PilPol_3076,PROMO_9ebb,20.0
PilPol_662f,PROMO_9ebb,20.0
PilPol_a442,PROMO_9ebb,20.0
BolCot_3050,PROMO_9ebb,20.0
BolCot_31e6,PROMO_9ebb,20.0
BolCot_21df,PROMO_9ebb,20.0
BolFea_98d4,PROMO_9ebb,20.0
BolFea_d1d6,PROMO_9ebb,20.0
BolFea_b87f,PROMO_9ebb,20.0
BolPol_f3ad,PROMO_9ebb,20.0
BolPol_cfd7,PROMO_9ebb,20.0
BolPol_82d7,PROMO_9ebb,20.0
BlaCot_9ebb,PROMO_9ebb,20.0
BlaCot_9781,PROMO_9ebb,20.0
BlaCot_8a14,PROMO_9ebb,20.0
BlaCot_503c,PROMO_9ebb,20.0
BlaCot_ce6c,PROMO_9ebb,20.0
BlaCot_b529,PROMO_9ebb,20.0
BlaCot_572e,PROMO_9ebb,20.0
BlaCot_9ef6,PROMO_9ebb,20.0
BlaCot_6c4b,PROMO_9ebb,20.0
BlaFla_769a,PROMO_9ebb,20.0
BlaFla_ce8e,PROMO_9ebb,20.0
BlaFla_4110,PROMO_9ebb,20.0
BlaFla_f995,PROMO_9ebb,20.0
BlaFla_1d9c,PROMO_9ebb,20.0
BlaFla_78f1,PROMO_9ebb,20.0
BlaFla_7645,PROMO_9ebb,20.0
BlaFla_ad01,PROMO_9ebb,20.0
BlaFla_5f55,PROMO_9ebb,20.0
BlaFle_991d,PROMO_9ebb,20.0
BlaFle_1485,PROMO_9ebb,20.0
BlaFle_0f50,PROMO_9ebb,20.0
BlaFle_c9a0,PROMO_9ebb,20.0
BlaFle_394c,PROMO_9ebb,20.0
BlaFle_7daf,PROMO_9ebb,20.0
BlaFle_5881,PROMO_9ebb,20.0
BlaFle_33f0,PROMO_9ebb,20.0
BlaFle_9bda,PROMO_9ebb,20.0
MatFoa_8cd2,PROMO_9781,0.0
MatFoa_4414,PROMO_9781,0.0
MatFoa_e09a,PROMO_9781,0.0
MatFoa_182e,PROMO_9781,0.0
MatFoa_28ad,PROMO_9781,0.0
MatFoa_13fa,PROMO_9781,0.0
MatSpr_56a3,PROMO_9781,0.0
MatSpr_06ac,PROMO_9781,0.0
MatSpr_ccc4,PROMO_9781,0.0
MatSpr_28ce,PROMO_9781,0.0
MatSpr_ba3a,PROMO_9781,0.0
MatSpr_acd0,PROMO_9781,0.0
MatPoc_1e64,PROMO_9781,0.0
MatPoc_27a0,PROMO_9781,0.0
MatPoc_6ee7,PROMO_9781,0.0
MatPoc_45de,PROMO_9781,0.0
MatPoc_2df5,PROMO_9781,0.0
MatPoc_f6cb,PROMO_9781,0.0
BedCot_2449,PROMO_9781,0.0
BedCot_6141,PROMO_9781,0.0
BedCot_4a29,PROMO_9781,0.0
BedCot_c645,PROMO_9781,0.0
BedCot_d278,PROMO_9781,0.0
BedCot_87ca,PROMO_9781,0.0
BedCot_2397,PROMO_9781,0.0
BedCot_4e8b,PROMO_9781,0.0
BedCot_17f5,PROMO_9781,0.0
BedPol_e8c9,PROMO_9781,0.0
BedPol_2724,PROMO_9781,0.0
BedPol_e207,PROMO_9781,0.0
BedPol_3807,PROMO_9781,0.0
BedPol_f406,PROMO_9781,0.0
BedPol_d3de,PROMO_9781,0.0
BedPol_5144,PROMO_9781,0.0
BedPol_239e,PROMO_9781,0.0
BedPol_5ab8,PROMO_9781,0.0
BedLin_18f8,PROMO_9781,0.0
BedLin_2f24,PROMO_9781,0.0
BedLin_d846,PROMO_9781,0.0
BedLin_8a26,PROMO_9781,0.0
BedLin_b097,PROMO_9781,0.0
BedLin_67d1,PROMO_9781,0.0
BedLin_aa0f,PROMO_9781,0.0
BedLin_5d3d,PROMO_9781,0.0
BedLin_f732,PROMO_9781,0.0
PilCot_3481,PROMO_9781,0.0
PilCot_f078,PROMO_9781,0.0
PilCot_b22a,PROMO_9781,0.0
PilFea_8a5d,PROMO_9781,0.0
PilFea_115c,PROMO_9781,0.0
PilFea_56ac,PROMO_9781,0.0
PilPol_3076,PROMO_9781,0.0
PilPol_662f,PROMO_9781,0.0
PilPol_a442,PROMO_9781,0.0
BolCot_3050,PROMO_9781,0.0
BolCot_31e6,PROMO_9781,0.0
BolCot_21df,PROMO_9781,0.0
BolFea_98d4,PROMO_9781,0.0
BolFea_d1d6,PROMO_9781,0.0
BolFea_b87f,PROMO_9781,0.0
BolPol_f3ad,PROMO_9781,0.0
BolPol_cfd7,PROMO_9781,0.0
BolPol_82d7,PROMO_9781,0.0
BlaCot_9ebb,PROMO_9781,0.0
BlaCot_9781,PROMO_9781,0.0
BlaCot_8a14,PROMO_9781,0.0
BlaCot_503c,PROMO_9781,0.0
BlaCot_ce6c,PROMO_9781,0.0
BlaCot_b529,PROMO_9781,0.0
BlaCot_572e,PROMO_9781,0.0
BlaCot_9ef6,PROMO_9781,0.0
BlaCot_6c4b,PROMO_9781,0.0
BlaFla_769a,PROMO_9781,0.0
BlaFla_ce8e,PROMO_9781,0.0
BlaFla_4110,PROMO_9781,0.0
BlaFla_f995,PROMO_9781,0.0
BlaFla_1d9c,PROMO_9781,0.0
BlaFla_78f1,PROMO_9781,0.0
BlaFla_7645,PROMO_9781,0.0
BlaFla_ad01,PROMO_9781,0.0
BlaFla_5f55,PROMO_9781,0.0
BlaFle_991d,PROMO_9781,0.0
BlaFle_1485,PROMO_9781,0.0
BlaFle_0f50,PROMO_9781,0.0
BlaFle_c9a0,PROMO_9781,0.0
BlaFle_394c,PROMO_9781,0.0
BlaFle_7daf,PROMO_9781,0.0
BlaFle_5881,PROMO_9781,0.0
BlaFle_33f0,PROMO_9781,0.0
BlaFle_9bda,PROMO_9781,0.0
