Customer_ID,Customer_Name,Email,Phone,Address,District,City,Postal,Region,Date_of_Birth,Gender,Status,Created_At
CUST_8cd2,Chaiwut Pasuk,eboonpungbaramee@hotmail.com,09-5000-2929,672 Tunradee Turnpike,Sujjaboriboonchester,Phenphitchaton,36273,Western,2005-11-25,Female,Single,2024-08-06
CUST_2df5,Kamolchanok Bunlupong,jitrinprachayaroch@yahoo.com,09-4441-9805,99451 Pitipat Overpass Apt. 452,Noppakaoside,Kongchayasukawutburgh,42110,Central,2000-06-02,Male,Single,2025-11-21
CUST_239e,Nutwadee Polauaypon,pianduangsrijaruwan@hotmail.com,09-5810-8166,357 Turongkinanon Extension,Port Phenphitcha,Benchapatranonshire,59801,Northern,2005-08-24,Male,Married,2024-11-28
CUST_a311,Jaruwan Pothanun,thanatchatrikasemmart@gmail.com,08-1460-3382,791 Pawan Summit Suite 266,Nutkritaton,Phubeschester,81771,Northern,2004-06-14,Male,Single,2023-03-23
CUST_9781,CPL Atit Kitprapa,supasita59@hotmail.com,06-3505-2396,7737 Chowitunkit Courts Apt. 411,Port Chayapat,Chayaninview,89080,Western,1983-03-16,Male,Single,2023-05-10
CUST_5f55,PVT Chaifah Losatapornpipit,darin40@gmail.com,09-6090-3307,55337 Jaruwan Viaduct,Todsawunshire,Lake Kunapornton,40371,Central,2000-02-27,Female,Other,2024-06-13
CUST_9255,Darin Kamalanon,iprachayaroch@hotmail.com,09-2733-6081,687 Supasit Mission Suite 928,Lake Niracha,Vinyuvanichkulfurt,03395,Central,2000-02-26,Male,Widowed,2024-05-11
CUST_41c4,Niracha Bunlerngsri,rkrittayanukoon@gmail.com,08-3658-0646,6866 Phubes Forest,West Chalisa,West Yanisa,01555,Northern,1986-09-28,Male,Widowed,2025-03-11
CUST_b8ec,WG CDR Pattamon Chowitunkit,sittikornpongpanitch@yahoo.com,06-3385-5925,8378 Wassaya Greens Suite 705,South Pintusornfurt,Kamalanonchester,33230,Northern,2001-08-22,Male,Single,2025-03-28
CUST_c0f3,Tunchanok Pitanuwat,pturongkinanon@yahoo.com,08-4574-7987,07405 Kamalanon Prairie Apt. 704,Prachayarochfurt,Port Chawinmouth,46208,Central,2005-02-01,Other,Other,2022-07-26
CUST_6100,AM Ratchanon Tungkasethakul,pakcharoensuksopol@hotmail.com,06-3035-6238,7737 Wimolnot Squares,West Pannawich,Pikatsingkornborough,46433,Central,2001-07-18,Other,Divorced,2022-04-26
CUST_d037,Pakjira Charoensuksopol,kkamalanon@yahoo.com,08-9110-8441,6510 Lertsattayanusak Forges Suite 627,East Parin,Thanatchabury,58081,Central,2001-12-20,Other,Widowed,2025-03-19
CUST_3eff,Darin Pianduangsri,suvakit47@gmail.com,06-8585-5359,529 Pornchanok Mountain,Pattatompornhaven,West Yanisashire,99123,Central,1999-10-07,Female,Other,2025-01-26
CUST_fcde,Patcharaporn Prayoonhong,jaruwan80@hotmail.com,09-1620-4281,7274 Sorattanachai Mills,Port Jinjuta,Chaihirankarnport,56666,Northeast,2000-01-07,Male,Married,2025-09-05
CUST_4618,Chayapat Prayoonhong,kunapornturongkinanon@yahoo.com,09-6354-8230,40665 Anon Prairie,North Patcharaporn,Anekvorakulmouth,55396,Southern,1985-04-14,Female,Divorced,2024-07-13
CUST_fe3c,Sorawut Chaihirankarn,pintusorn41@gmail.com,06-0143-8385,628 Suraprachit Springs,Phubestown,New Pak,53710,Northern,1991-06-10,Female,Widowed,2024-09-01
CUST_5a0a,Pada Boonpungbaramee,prayoonhongpachongruk@hotmail.com,09-6423-8803,63513 Wannapaitoonsri Mills,East Nichakarnfort,Pannawichbury,44313,Northeast,2000-05-23,Other,Divorced,2025-10-23
CUST_d76b,Sarunporn Kamalanon,bunlupongsuvakit@gmail.com,08-2042-1368,79305 Thanatcha Fork,South Chanikan,Port Chanikan,41748,Northern,2000-03-07,Male,Other,2026-04-28
CUST_8b3e,Yanisa Chaisatit,sitiwattitipatrayunyong@yahoo.com,08-8938-3569,819 Sooksawang Causeway,East Chalisa,New Kunaporn,22830,Southern,1994-08-09,Female,Single,2021-05-03
CUST_d45b,L CDR Noppakao Kumsoontorn,pattapon75@gmail.com,06-3535-1967,1750 Charoensuksopol Forest Apt. 816,West Atitport,Supasitaton,31610,Central,1984-08-22,Male,Divorced,2025-05-27
CUST_eae0,Chayapat Polpo,nutwadeepolpo@gmail.com,06-2419-9723,5806 Phenphitcha Vista,West Primafort,Kitprapaton,02860,Central,1998-10-04,Other,Other,2023-05-02
CUST_023e,PFC Pakjira Kongchayasukawut,pawansujjaboriboon@hotmail.com,08-7110-1699,152 Chayanin Lodge Suite 904,Posaleefort,Nirachamouth,87017,Northern,1995-10-01,Male,Married,2023-08-27
CUST_b086,Nutkrita Boonpungbaramee,sorawutpikatsingkorn@yahoo.com,06-8363-3065,344 Chaifah Islands,Choeychuenborough,Kumsoontornbury,42177,Northeast,1995-08-20,Male,Single,2022-05-09
CUST_670d,Yada Srisoontorn,skrittayanukoon@yahoo.com,06-0750-8943,818 Todsawun Walk,Titipatrayunyongberg,Choeychuenbury,78919,Central,2001-04-24,Other,Single,2023-05-13
CUST_9e10,Peem Vinyuvanichkul,chawinthantananont@gmail.com,06-1453-2983,62983 Chanya Knoll,Lake Pattatomporn,Port Patchaployland,71837,Northern,2000-03-16,Other,Married,2022-07-21
CUST_2f72,POL LT GEN Chaiwut Prakalpawong,prachayarochpakjira@gmail.com,09-7160-9861,0654 Todsawun Keys,East Supasitaton,Bunlerngsriburgh,63038,Eastern,1996-02-11,Male,Other,2025-11-21
CUST_8e05,Yanisa Prakalpawong,anon19@yahoo.com,09-4662-2708,629 Suwijuk Ports Suite 562,Pakland,East Atitstad,30759,Southern,2004-08-15,Other,Other,2022-11-08
CUST_64c8,POL LT GEN Suvakit Kamalanon,jitrinsiripaiboo@gmail.com,06-7557-2598,1992 Charoensuksopol Ville,Sarunpornmouth,Lake Chayapatville,88848,Central,2003-11-15,Other,Widowed,2025-01-19
CUST_f011,S M 1 Patcharaporn Youprasert,kitprapapannawich@hotmail.com,08-7796-6625,396 Kulnun Valley,Darinburgh,Nutchamouth,79118,Western,1990-11-08,Other,Married,2026-03-18
CUST_768c,POL SGT MAJ Jinjuta Vinyuvanichkul,vinyuvanichkulprames@yahoo.com,08-2778-9812,354 Vethayasas Stravenue,South Pannawichburgh,Siripaibooville,91533,Central,1995-12-28,Male,Widowed,2022-07-25
CUST_0224,Patcharaporn Chomsri,bunlupongphubes@yahoo.com,08-2583-5467,659 Prames Knoll,Pakview,Pongpanitchtown,60353,Northeast,1998-09-26,Other,Other,2025-06-18
CUST_d8e7,PO 3 Anon Turongkinanon,siripaiboonutcha@hotmail.com,06-1087-4829,7025 Suvakit Bridge Suite 458,West Pachongruk,Supasitmouth,44648,Northeast,1992-01-28,Other,Other,2024-03-10
CUST_dccb,Kunaporn Pothanun,sitiwatphusilarungrueng@hotmail.com,06-5348-7995,22018 Niracha Shoal Apt. 214,New Pakchester,Pattamontown,14455,Eastern,1984-10-14,Female,Widowed,2022-04-18
CUST_2f5a,Pattapon Intaum,teetattrikasemmart@hotmail.com,08-0903-8694,896 Chanikan Rapid Suite 380,Permchartshire,Ratchanonmouth,92171,Central,2006-06-15,Female,Widowed,2024-04-15
CUST_a0c1,Wassaya Chaihirankarn,phusilarungruengaunyaporn@hotmail.com,09-1910-4949,0713 Nutcha Stravenue,South Kamolchanok,Lake Phubesmouth,39967,Northern,1998-07-15,Other,Single,2023-10-24
CUST_94e4,Pintusorn Youprasert,pattamontungkasethakul@gmail.com,06-9457-2613,121 Norramon Spring,Lake Pawanport,Pongpanitchport,66604,Northeast,1983-02-21,Other,Widowed,2025-01-22
CUST_c062,Phubes Tungkasethakul,primabunlupong@yahoo.com,06-8817-5178,614 Noppakao Isle Suite 364,North Peem,North Anonview,50458,Northern,2002-05-15,Female,Divorced,2023-07-22
CUST_d49c,Pada Prayoonhong,noppakaosiripaiboo@yahoo.com,08-1989-7515,404 Phubes Square Apt. 959,Sujjaboriboonview,Noppakaoborough,59171,Southern,2002-08-19,Female,Other,2023-12-26
CUST_5fe4,Nattawun Neerachapong,cneerachapong@yahoo.com,06-2250-1275,1283 Anekvorakul Mission,Suvakitton,North Nutwadee,53109,Central,1986-05-01,Female,Divorced,2025-02-19
CUST_57f2,Kamolchanok Methavorakul,tsrisoontorn@hotmail.com,08-3539-3867,57047 Norramon Mews,Polpofort,Kittakunbury,93900,Northern,1998-07-25,Male,Single,2023-09-02
CUST_ad6b,Chawin Boonpungbaramee,nichakarnmethavorakul@gmail.com,08-9233-7451,60560 Wannapaitoonsri Wells,Pawanborough,Permchartville,13140,Northeast,1997-03-27,Other,Married,2024-10-08
CUST_ce0c,Chawin Siripaiboo,pongpanitchratchanon@gmail.com,06-5130-5658,6707 Suvakit Islands,Habpanomborough,New Jaruwan,73051,Central,1985-12-08,Other,Other,2023-04-28
CUST_ad46,Chawin Vethayasas,pawanintaum@gmail.com,08-7647-6135,40683 Pichpandecha Expressway,North Nutkrita,East Chalisaview,22783,Central,1995-03-14,Female,Widowed,2024-08-25
CUST_2601,Atit Phusilarungrueng,rprachayaroch@gmail.com,08-6887-8823,4269 Sorattanachai Meadows,Pasuktown,West Niracha,37732,Central,1988-06-25,Female,Divorced,2025-04-07
CUST_3e97,Yada Pongpanitch,vprachayaroch@gmail.com,08-7649-6428,5775 Pianduangsri Stravenue,Port Pattamonside,Pikatsingkornland,93696,Northern,1995-11-18,Female,Widowed,2025-01-19
CUST_dddc,Puntira Methavorakul,pattamon59@gmail.com,09-3361-6144,775 Benchapatranon Freeway,Charoensuksopolburgh,Sorattanachaiside,45913,Northern,2001-02-01,Female,Other,2023-02-13
CUST_44df,Pornchanok Intaum,phenphitcha27@gmail.com,08-6354-3141,9852 Peem Inlet,West Supasit,Pachongrukberg,49309,Northeast,1996-05-16,Female,Married,2023-03-16
CUST_1cb3,Sitiwat Phusilarungrueng,sarunpornprachayaroch@gmail.com,06-1219-0013,068 Sorattanachai Junction,Lertsattayanusakhaven,Port Patchaploy,37579,Eastern,2007-09-08,Male,Widowed,2026-02-09
CUST_5f32,Pawan Trikasemmart,prakalpawongpattatomporn@hotmail.com,06-4437-2472,5095 Kamolchanok Cliffs Apt. 040,New Padamouth,Kamalanonport,65413,Central,2000-11-28,Male,Divorced,2024-09-25
CUST_d2d8,Aunyaporn Kittakun,arisara87@hotmail.com,09-0608-2834,99463 Peem Estate,Jaruwanport,Supasitamouth,97711,Central,2008-06-23,Female,Married,2023-04-24
CUST_8985,LT Pattapon Suraprasert,tunchanok09@yahoo.com,06-5734-5844,33784 Habpanom Mission Apt. 376,South Patcharaporn,Thanatchaville,51195,Central,1994-08-18,Female,Divorced,2022-09-03
CUST_4071,Nutwadee Sorattanachai,prachayarochsittikorn@hotmail.com,09-0248-9788,249 Kumsoontorn Circle Apt. 788,New Supasitmouth,Port Arisaratown,75144,Northeast,1998-10-25,Female,Widowed,2024-03-27
CUST_8794,Sarunporn Turongkinanon,jitrin05@hotmail.com,08-6608-6981,553 Prachayaroch Island Suite 450,Thantananontside,Nattawunmouth,81508,Northeast,1996-09-04,Female,Widowed,2022-05-05
CUST_5b0f,Phenphitcha Tungkasethakul,kulnun03@gmail.com,06-4780-5330,9911 Ratchanon Shoal,East Pattamon,Nutkritaburgh,25913,Central,1999-03-14,Other,Widowed,2022-12-27
CUST_f20d,Suwijuk Sujjaboriboon,sitiwat03@yahoo.com,08-1438-0012,40905 Pitipat Street Apt. 213,East Tunchanokside,North Todsawuntown,51287,Northeast,1999-04-26,Other,Single,2024-07-15
CUST_77c3,Puntira Matinawin,pattamontianvarich@yahoo.com,08-3643-0430,751 Losatapornpipit Isle Apt. 997,Tungkasethakulshire,New Nutwadeestad,67259,Eastern,2004-02-09,Female,Married,2024-11-16
CUST_e73b,Prames Pianduangsri,eneerachapong@yahoo.com,09-6690-6850,00925 Chayanin Street,Kodchapornville,North Chanya,86735,Central,1992-08-13,Male,Married,2023-12-27
CUST_b799,Noppakao Permchart,pakjira71@gmail.com,06-6816-5387,99184 Suwijuk Rapid,North Kodchaporn,East Chanikanport,15104,Northern,2001-11-22,Other,Married,2026-03-01
CUST_3129,Kamolchanok Turongkinanon,opianduangsri@hotmail.com,09-3112-1614,1307 Pattatomporn View Apt. 578,Pramesville,Sujjaboriboonstad,69611,Northeast,2000-07-19,Other,Married,2021-10-23
CUST_13b2,Pattapon Youprasert,nutkrita47@gmail.com,09-8165-8970,064 Kumsoontorn Causeway Suite 246,Darinshire,Chawinfort,26829,Northern,1992-11-19,Other,Other,2025-07-24
CUST_e7a5,POL CAPT Noppakao Benchapatranon,patcharapornwimolnot@hotmail.com,08-5913-6111,63454 Chayanin Terrace,East Pak,Yanisachester,14686,Northeast,2008-01-15,Female,Divorced,2025-02-10
CUST_57b8,PLT OFF Prames Chomsri,neerachapongchayanin@yahoo.com,06-6644-0640,0401 Youprasert Meadow,Sujjaboriboonmouth,Pongpanitchside,85122,Central,1981-02-25,Male,Divorced,2022-04-22
CUST_eef7,Pattamon Chomsri,sitiwatvethayasas@gmail.com,09-4898-8509,637 Sarunporn Gardens Suite 994,West Pak,Trikasemmartside,98059,Central,2002-11-06,Other,Other,2024-07-22
CUST_90be,Nutkrita Todsapornpitakul,pasukphubes@hotmail.com,09-5328-0511,39474 Kodchaporn Squares,Lake Nutcha,Chaiwutland,89690,Central,1990-12-10,Other,Single,2024-12-06
CUST_ef7d,MRS Jinjuta Youprasert,pintusorn40@gmail.com,09-6850-9519,8925 Titipatrayunyong Forks Apt. 378,Port Chaifah,North Chaiwut,32086,Southern,2006-04-11,Other,Other,2022-08-19
CUST_4042,Darin Permchart,phenphitcha21@yahoo.com,09-3030-5273,332 Chaisatit Club,Lake Sittikornville,Port Todsawun,48544,Central,2008-05-06,Male,Married,2024-01-27
CUST_03e7,PO 2 Suvakit Pichpandecha,zchomsri@yahoo.com,06-6405-3875,24395 Suvakit Place Suite 242,South Sorawutville,Lake Nirachabury,25019,Northern,1994-04-11,Male,Widowed,2023-02-08
CUST_ef4e,Teetat Pianduangsri,ghabpanom@yahoo.com,08-0027-2457,783 Arisara Junctions,Sooksawangfort,Pakjirabury,69613,Central,1990-11-20,Other,Divorced,2024-09-11
CUST_4d88,SUB LT Teetat Kittakun,xchaihirankarn@gmail.com,08-7251-0357,0739 Prayoonhong Plains,Neerachapongchester,New Wasin,49809,Northern,1999-02-01,Male,Married,2021-03-02
CUST_1e6d,POL COL Jitrin Polauaypon,benchapatranonpitipat@yahoo.com,06-5389-7651,4587 Siripaiboo Via Apt. 576,Wasinstad,Sitiwatton,52390,Northern,2002-07-17,Female,Single,2022-08-19
CUST_f192,Supasita Posalee,ithantananont@yahoo.com,06-4934-5956,112 Suvakit Corner Suite 370,Lake Pannawich,Nutwadeemouth,47584,Central,1995-04-07,Male,Widowed,2023-10-05
CUST_ec34,Tunradee Pianduangsri,wasununpattapon@yahoo.com,08-5937-2206,267 Wassaya Motorway Suite 834,South Kunaporn,Norramonburgh,08498,Northeast,1998-09-18,Female,Divorced,2023-10-02
CUST_7b70,Supasita Siripaiboo,bunlupongchayanin@gmail.com,08-1947-1283,170 Nutkrita Rapid Apt. 815,Pitipatborough,Yanisamouth,75944,Central,2005-04-17,Male,Married,2025-06-13
CUST_6e95,Chaifah Prachayaroch,mkumsoontorn@hotmail.com,09-5172-2198,66718 Patcharaporn Gardens Apt. 271,New Chaiwut,Lake Chaiwutside,42583,Central,1997-09-17,Other,Single,2024-06-02
CUST_e90f,Pawan Prakalpawong,prachayarochapisara@gmail.com,06-5461-9254,157 Tunchanok Village Apt. 241,Sukhenaihaven,Bunlerngsritown,36608,Northeast,1991-10-08,Male,Married,2025-08-27
CUST_1494,Sittikorn Sooksawang,kwimolnot@hotmail.com,09-8095-9463,774 Kittakun Village,New Puntira,Sorattanachaifort,30952,Northern,1990-06-20,Male,Single,2025-06-01
CUST_e10d,Sittikorn Suraprasert,kamalanonnichakarn@yahoo.com,08-0917-8771,002 Sittikorn Lakes,Chaifahshire,Lake Pakbury,55625,Central,1987-02-24,Male,Other,2024-07-27
CUST_369b,Prames Norramon,jaruwan70@hotmail.com,09-0391-8405,6314 Yada Plains,New Aunyaporn,Bunlupongchester,69091,Southern,2008-07-23,Female,Single,2024-01-15
CUST_f289,Jinjuta Polauaypon,sujjaboriboonpuntira@hotmail.com,06-5394-7557,5391 Pawan Squares,North Pachongruk,Pikatsingkornshire,79886,Northern,1994-04-22,Male,Divorced,2023-01-08
CUST_2228,Kunaporn Lertsattayanusak,tkrittayanukoon@yahoo.com,08-0913-7314,72113 Pada Turnpike,Pothanunfort,North Sitiwattown,38077,Central,1995-11-16,Female,Married,2025-06-28
CUST_33a1,Kunaporn Methavorakul,suwijuk60@yahoo.com,06-7647-3777,76982 Pakjira Courts,Pintusornville,Supasitaland,74254,Northern,1999-10-16,Male,Married,2023-08-11
CUST_d780,Jinjuta Kittakun,vtodsapornpitakul@hotmail.com,06-0577-2825,692 Jaruwan Isle,South Patchaploy,Sorattanachailand,25718,Northeast,1987-07-28,Other,Single,2023-08-14
CUST_c4c1,Kunaporn Lertsattayanusak,charoensuksopoljinjuta@hotmail.com,09-5084-6590,000 Aunyaporn Shoal Apt. 695,Matinawinbury,Yadatown,54285,Central,1996-07-02,Other,Single,2025-12-07
CUST_f506,Peem Benchapatranon,jitrin17@yahoo.com,06-3994-9647,21971 Darin Plains Apt. 190,Sarunpornstad,East Nutkritaport,56387,Northern,1998-02-21,Other,Widowed,2021-02-01
CUST_e3a9,Todsawun Charoensuksopol,ratchanon88@gmail.com,09-3333-6385,36825 Kittakun Spurs Apt. 147,Primaborough,Port Darinmouth,25150,Northern,2005-12-04,Other,Divorced,2022-02-23
CUST_3487,Darin Titipatrayunyong,noppakao88@hotmail.com,08-9704-0459,31793 Matinawin Station Suite 740,New Kodchapornfurt,Nirachamouth,17205,Northern,1992-01-09,Female,Other,2023-08-11
CUST_ce41,Nutwadee Kongsri,wassayakrittayanukoon@hotmail.com,08-3848-2435,766 Sireelert Locks,Chowitunkitborough,New Pachongrukberg,94239,Central,2007-12-20,Male,Single,2024-03-02
CUST_c5ad,GP CAPT Peem Sujjaboriboon,jaruwanpothanun@hotmail.com,08-8946-0415,2772 Wassaya Terrace Apt. 678,Lake Noppakao,Padaside,16004,Central,1996-09-07,Male,Widowed,2023-01-14
CUST_e4ac,Apisara Krittayanukoon,pachongruk86@yahoo.com,06-9103-1783,30758 Pattatomporn Island Suite 621,Phusilarungruengburgh,Pichpandechachester,02978,Central,1995-07-11,Female,Widowed,2022-07-24
CUST_4564,Suvakit Pongpanitch,parinwimolnot@hotmail.com,09-1603-8073,079 Anekvorakul Ranch,Kumsoontornfurt,Permcharthaven,51993,Northern,1991-06-01,Other,Single,2023-09-13
CUST_616f,Chawin Krittayanukoon,bunlupongpachongruk@yahoo.com,09-3230-2496,4008 Jaruwan Fields Suite 718,Lake Wasin,Padatown,87660,Northeast,1998-01-16,Male,Divorced,2024-09-19
CUST_e968,Pada Intaum,nutwadee86@yahoo.com,06-3633-6511,48292 Titipatrayunyong Light,East Sittikornbury,Polauayponside,53418,Northern,1990-09-28,Female,Single,2026-05-02
CUST_912d,Aunyaporn Chomsri,stianvarich@hotmail.com,08-0176-9376,831 Prachayaroch Dam Apt. 092,North Pak,Wimolnotton,58791,Central,1990-10-05,Female,Married,2024-01-12
CUST_1455,POL LT COL Teetat Benchapatranon,tpianduangsri@yahoo.com,08-7941-6341,3185 Suraprasert Centers Suite 945,South Patcharapornfurt,Lake Atitborough,85855,Northern,1988-04-11,Other,Widowed,2022-05-12
CUST_93a0,Nutwadee Permchart,chaisatitsuwijuk@hotmail.com,06-4582-5093,67621 Losatapornpipit Mission,Chayapatfurt,Lake Pattaponhaven,03410,Central,1985-01-04,Male,Widowed,2022-09-27
CUST_939e,Pawan Krittayanukoon,kittakunsuwijuk@hotmail.com,06-5728-4884,180 Pianduangsri Views,New Noppakao,South Supasitfort,62777,Northeast,1997-04-23,Male,Married,2024-09-24
CUST_7c9a,Apisara Trikasemmart,thanatchamatinawin@hotmail.com,06-3465-4706,68674 Choeychuen Village,East Kodchapornborough,Lake Chanyaberg,64818,Northern,1988-09-09,Male,Widowed,2024-02-24
CUST_934e,Parin Vethayasas,wasinyouprasert@yahoo.com,06-0106-6489,714 Krittayanukoon Mountains Apt. 284,West Wasin,Pongpanitchville,14384,Northern,1992-08-04,Male,Widowed,2021-10-18
CUST_4a6e,Pachongruk Kumsoontorn,prayoonhongtunchanok@gmail.com,09-0156-2788,957 Pakjira Pass,Nichakarnstad,South Sorawut,82204,Northern,2008-01-13,Female,Divorced,2023-01-22
CUST_8b81,PVT Phenphitcha Habpanom,xnorramon@yahoo.com,08-9813-2690,96434 Pianduangsri Corners,Nirachaberg,Youpraserthaven,73688,Northeast,1995-03-24,Other,Other,2023-01-15
CUST_c696,Suvakit Suraprasert,pasukchayanin@gmail.com,06-3616-1225,176 Kunaporn Mountains,East Nutwadeeview,Prachayarochside,87159,Northern,1996-12-15,Other,Widowed,2024-07-03
CUST_6544,Nutkrita Sooksawang,wassayaprakalpawong@hotmail.com,08-9053-4080,465 Nichakarn Hills Suite 513,Permchartfurt,West Nutchafort,73003,Northern,2001-07-06,Other,Married,2026-01-18
CUST_865d,Todsawun Norramon,tposalee@yahoo.com,09-8176-3205,612 Phenphitcha Ridge Suite 431,Lake Pak,Puntiraborough,75322,Central,2000-12-08,Female,Married,2024-06-23
CUST_3e45,POL MAJ Pattapon Titipatrayunyong,yanisaboonpungbaramee@gmail.com,09-0443-9714,268 Posalee Vista Apt. 837,East Chayapat,Lake Patcharapornshire,78609,Central,1994-07-27,Other,Married,2026-04-03
CUST_8a95,Nattawun Pikatsingkorn,kulnun08@hotmail.com,06-7815-7846,2423 Kulnun Route Apt. 235,Kumsoontornchester,South Padastad,40990,Northern,1996-07-26,Male,Other,2021-03-24
CUST_94fc,Chanya Boonpungbaramee,tianvarichtunradee@gmail.com,09-1660-4386,9685 Charoensuksopol Meadow,Sittisaowapakview,East Pawan,59933,Northern,1994-08-11,Female,Divorced,2024-03-11
CUST_70e0,Phenphitcha Youprasert,supasitasukhenai@yahoo.com,09-7190-4069,07529 Habpanom Summit Suite 828,Nutchaburgh,Chaihirankarnton,51364,Central,2004-03-16,Other,Single,2024-11-19
CUST_4d40,Supasit Chomsri,youprasertpattamon@gmail.com,06-9753-7945,799 Pattapon Branch,Port Niracha,Nirachastad,23541,Central,2002-04-27,Other,Other,2024-06-20
CUST_d6cf,Prames Choeychuen,chomsriteetat@yahoo.com,08-5089-3862,53328 Chomsri Neck Suite 147,North Peem,South Chawin,67987,Northern,2007-01-27,Male,Divorced,2024-06-26
CUST_d725,Jinjuta Pothanun,patcharapornkittakun@yahoo.com,06-1539-3723,5807 Prachayaroch Freeway Apt. 836,Port Supasitahaven,Thanatchamouth,98611,Northeast,1995-12-15,Other,Widowed,2024-11-14
CUST_807f,FS 3 Jitrin Pothanun,pakjirakongchayasukawut@gmail.com,08-1387-8499,55925 Kamalanon Shoals,North Pornchanok,New Tunchanokville,01972,Northern,2002-10-14,Female,Single,2021-05-03
CUST_1fa8,Kunaporn Methavorakul,sittikorn62@hotmail.com,08-5886-5651,78268 Sarunporn View Suite 807,Kongsriburgh,Sireelertchester,12084,Central,1990-08-20,Male,Single,2024-08-27
CUST_27e1,Chaiwut Turongkinanon,zcharoensuksopol@hotmail.com,09-5283-3064,430 Losatapornpipit Place,Port Chayaninside,Habpanomchester,83821,Eastern,2003-05-05,Other,Widowed,2024-09-19
CUST_e165,Kodchaporn Pothanun,pakkitprapa@gmail.com,06-8864-7758,59756 Srisoontorn Port Suite 350,New Pintusorn,Port Puntira,41910,Northern,1993-01-20,Other,Married,2023-05-27
CUST_99a1,POL MAJ GEN Sarunporn Matinawin,padaanekvorakul@gmail.com,08-4539-3712,922 Peem Extension,Chawinfurt,Losatapornpipitbury,35776,Central,1990-03-15,Female,Other,2025-02-23
CUST_d9f5,Nutcha Pikatsingkorn,apisarakamalanon@gmail.com,06-8551-7700,3791 Peem Shores Apt. 450,Jinjutashire,Pintusornview,55390,Central,1997-04-04,Other,Married,2024-05-16
CUST_6215,Nichakarn Kitprapa,lertsattayanusakkamolchanok@yahoo.com,09-9583-6912,73102 Benchapatranon Brooks Apt. 543,North Ratchanonview,Teetatport,47478,Central,2003-07-15,Male,Single,2025-11-23
CUST_e0c1,Ratchanon Kongsri,chalisa93@hotmail.com,09-2925-8008,51760 Puntira Walks,Permchartside,Anekvorakulfort,32806,Central,1999-10-18,Female,Married,2023-06-20
CUST_ebd0,PHRAKHU DHAMMADHORN Pintusorn Kumsoontorn,chaihirankarntunchanok@hotmail.com,09-8958-0632,72489 Pasuk Key,South Pramesmouth,West Atitmouth,02235,Central,1997-08-17,Other,Other,2025-12-04
CUST_dc4a,Sitiwat Neerachapong,boonpungbarameeparin@yahoo.com,08-0599-1815,4727 Prames Ranch,South Tunchanokfurt,Chaifahshire,54223,Central,1989-12-25,Other,Divorced,2022-09-22
CUST_27d2,Sittikorn Methavorakul,ysrisoontorn@gmail.com,09-8586-1031,3327 Prayoonhong Mountain Apt. 842,North Patcharapornside,Lake Pakberg,78984,Northern,2004-11-27,Male,Other,2022-10-10
CUST_8ab9,Tunchanok Polpo,turongkinanontunchanok@hotmail.com,08-3188-6108,4283 Suraprasert Club Suite 704,Prayoonhonghaven,South Chayanin,05630,Northern,1999-12-22,Female,Divorced,2021-01-12
CUST_be6d,Chaiwut Anekvorakul,ttianvarich@yahoo.com,08-8693-0110,47208 Kongchayasukawut Throughway Suite 075,South Darin,Lake Nutkritashire,74860,Western,1995-06-13,Female,Divorced,2023-06-23
CUST_225b,LT COL Suwijuk Anekvorakul,tunchanoktitipatrayunyong@hotmail.com,06-5042-7848,756 Anekvorakul Port,West Pattatompornton,Thanatchaberg,16268,Western,1992-06-06,Male,Other,2026-05-10
CUST_b327,Jaruwan Wannapaitoonsri,syouprasert@hotmail.com,08-3110-0460,9216 Atit Meadows Apt. 769,Lake Patcharaporn,Nutwadeemouth,74170,Central,1988-10-19,Other,Divorced,2025-07-04
CUST_0ccd,Suvakit Intaum,wasin72@yahoo.com,06-3578-7759,036 Arisara Orchard,East Apisara,West Sorawutshire,06186,Central,1997-01-28,Male,Single,2024-03-21
CUST_8401,S M 3 Supasita Kamalanon,pannawichpermchart@gmail.com,09-0551-1165,528 Nutwadee Hills,Nirachachester,Vinyuvanichkulville,85706,Central,1993-11-01,Other,Other,2024-08-14
CUST_e0c2,Nichakarn Kitprapa,sarunpornanekvorakul@gmail.com,08-3611-6342,17127 Suwijuk Via Apt. 797,North Apisara,Lake Chayapat,94799,Northeast,1996-02-17,Other,Widowed,2025-09-24
CUST_bf41,Parin Pothanun,parin30@yahoo.com,06-0472-3830,637 Supasita Shoals Apt. 688,Sujjaboriboonberg,North Tunchanok,36728,Northern,2005-12-27,Male,Single,2024-01-08
CUST_9b5a,Atit Sukhenai,pattamonprachayaroch@gmail.com,09-3398-2659,5414 Youprasert Stravenue Apt. 041,Prayoonhongburgh,Trikasemmartside,07985,Northeast,1990-10-10,Other,Widowed,2025-09-18
CUST_af1d,Nutcha Polpo,yvinyuvanichkul@gmail.com,09-7948-5805,2782 Anon Parkway,East Pawantown,Lake Chaiwut,47977,Central,1993-10-09,Other,Married,2024-01-18
CUST_016a,Supasita Methavorakul,teetatsiripaiboo@gmail.com,08-1849-1687,2471 Polpo Courts,New Chayaninstad,North Ratchanonton,11057,Central,1988-11-19,Female,Divorced,2026-03-28
CUST_97a3,Chanikan Todsapornpitakul,prameskitprapa@hotmail.com,09-4472-9846,90025 Matinawin Tunnel,Chaiwutbury,Nichakarnton,07286,Northeast,2002-11-22,Other,Single,2023-08-20
CUST_3639,Chaifah Wannapaitoonsri,rprayoonhong@gmail.com,06-4582-3311,0975 Nutcha Square,South Nichakarnmouth,New Noppakaoburgh,15559,Central,2005-01-10,Other,Other,2023-11-05
CUST_5cc1,PHRA ATHIKAN Pattatomporn Turongkinanon,patchaploy53@yahoo.com,06-0433-6695,1985 Wannapaitoonsri Islands,Kitprapamouth,East Jitrintown,69088,Central,1992-12-19,Female,Other,2022-12-06
CUST_df56,Sittikorn Vethayasas,neerachapongchalisa@hotmail.com,09-8072-0087,453 Norramon Row Apt. 239,South Padahaven,North Darinberg,83884,Central,1994-11-19,Female,Other,2026-05-03
CUST_b551,Yanisa Pianduangsri,darin57@yahoo.com,09-4050-5466,864 Chowitunkit Island,Suraprachitmouth,South Thanatchaland,49293,Central,2001-10-01,Other,Single,2023-05-08
CUST_da69,Chayanin Tungkasethakul,supasitaposalee@yahoo.com,09-2069-8342,5741 Supasit Bridge,Supasitmouth,Sittikornport,74029,Central,1995-05-12,Male,Widowed,2022-02-07
CUST_7397,Chalisa Sukhenai,prameswannapaitoonsri@yahoo.com,09-4844-8557,112 Chaifah Freeway,Prakalpawongbury,West Chawin,89923,Northern,1995-08-22,Male,Single,2024-12-14
CUST_e0d9,Phubes Charoensuksopol,spongpanitch@gmail.com,08-6008-9575,51361 Nutwadee Manor,Supasitaland,West Kunaporn,68801,Northeast,1994-09-13,Female,Widowed,2023-09-10
CUST_d6af,Pitipat Sireelert,sorattanachaiprames@yahoo.com,06-0488-9970,785 Pitipat Mall Apt. 408,Sooksawangview,Port Nutchaton,74210,Eastern,1996-12-24,Male,Single,2023-12-12
CUST_def6,AM Todsawun Pothanun,kunapornboonpungbaramee@yahoo.com,09-6004-9319,62158 Nutkrita Camp,Jinjutaville,South Aunyaporn,30781,Northern,1988-09-25,Other,Widowed,2026-04-04
CUST_8952,CPO 1 Pannawich Krittayanukoon,prameswannapaitoonsri@gmail.com,06-5374-6255,666 Pattamon Point,Port Chanya,Pakjirabury,68348,Northern,1988-10-12,Female,Married,2023-03-02
CUST_5e4a,Tunradee Bunlupong,wassayabunlupong@hotmail.com,06-3222-0975,6652 Pasuk Ville Suite 355,East Aunyapornberg,Kodchapornberg,78382,Northern,2001-05-28,Male,Widowed,2026-05-27
CUST_695e,Phubes Sooksawang,jsujjaboriboon@yahoo.com,09-4952-7774,750 Pannawich Station,Port Patcharaporn,Posaleeborough,62599,Northeast,1987-09-09,Male,Single,2025-10-17
CUST_ae88,Prima Wannapaitoonsri,apisara98@hotmail.com,08-6014-2822,01140 Polpo Harbors,East Phenphitchabury,Jitrinbury,99446,Northeast,1984-02-12,Other,Divorced,2024-05-02
CUST_db9a,FLG OFF Wassaya Krittayanukoon,noppakao52@hotmail.com,08-5148-5693,793 Patchaploy Islands,Prachayarochtown,Benchapatranonshire,05536,Northern,2000-06-25,Other,Other,2024-12-18
CUST_ea65,Jaruwan Prachayaroch,thanatchakumsoontorn@yahoo.com,06-4246-2171,774 Chaifah Branch Apt. 089,Tianvarichfurt,West Nutwadee,18173,Northern,2006-04-07,Other,Widowed,2024-02-12
CUST_56c6,Parin Wannapaitoonsri,sorawut45@hotmail.com,06-3046-6198,305 Methavorakul Ridge,Sorattanachaifort,New Jitrinbury,48110,Northern,1990-03-12,Female,Single,2025-03-16
CUST_9226,Pachongruk Polpo,dlosatapornpipit@gmail.com,09-0084-5722,903 Patchaploy Walks,Chaifahside,West Pawan,33993,Northeast,1993-08-04,Other,Married,2026-02-13
CUST_3f78,Nichakarn Kongsri,wassaya20@yahoo.com,08-2244-3096,055 Todsapornpitakul Shores Suite 710,North Kamolchanokmouth,Lake Yanisa,49077,Northeast,1995-02-02,Other,Married,2021-07-21
CUST_8ce4,Chayanin Srisoontorn,fprachayaroch@hotmail.com,06-5517-7838,224 Phusilarungrueng Dale Apt. 939,Bunlerngsriton,Pongpanitchview,48311,Northeast,2007-05-17,Male,Married,2023-04-10
CUST_f828,Darin Losatapornpipit,chaifah43@yahoo.com,09-8282-7448,660 Sukhenai Point Apt. 757,Anonmouth,West Kamolchanokbury,75824,Central,2000-09-13,Other,Widowed,2021-06-15
CUST_bb53,Aunyaporn Boonpungbaramee,pintusorn38@hotmail.com,08-5984-9472,9881 Chanya Plaza,West Nutchaville,Chowitunkitfort,72829,Southern,1988-10-10,Male,Other,2024-10-26
CUST_15da,POL LT COL Pitipat Bunlupong,pawansireelert@yahoo.com,08-8738-7638,5678 Kittakun Fords Suite 648,North Arisara,Sarunpornmouth,13372,Eastern,1993-08-13,Other,Divorced,2023-12-18
CUST_93ac,Nichakarn Pitanuwat,jitrin96@gmail.com,08-1180-6846,00272 Pannawich Tunnel Suite 004,South Noppakao,East Sorawut,93871,Central,2008-06-18,Other,Married,2026-05-11
CUST_19dd,Kamolchanok Charoensuksopol,matinawindarin@gmail.com,09-7781-8019,66095 Yada Bypass,Pichpandechaland,Sittikornmouth,77972,Northern,1989-05-12,Male,Single,2024-04-22
CUST_8d2d,Chawin Prakalpawong,wneerachapong@yahoo.com,06-0273-5779,637 Yanisa Springs Suite 107,Chayanintown,North Suvakit,86808,Central,2006-11-13,Female,Single,2026-04-27
CUST_cee9,Chaiwut Polpo,pothanunjitrin@yahoo.com,09-7191-3099,65178 Chaisatit Valleys Apt. 849,Port Prima,Norramonchester,83208,Central,1994-08-04,Female,Single,2023-08-26
CUST_493e,AM Todsawun Kongchayasukawut,ptodsapornpitakul@yahoo.com,08-6385-9662,7989 Patchaploy Place Suite 854,Tunradeeshire,Titipatrayunyongshire,96135,Central,2007-11-23,Female,Other,2024-02-14
CUST_957f,PHRAKHU SAMU Suvakit Kitprapa,ohabpanom@gmail.com,06-4612-2600,49146 Habpanom Vista Apt. 347,New Nutcha,South Sorawutbury,50166,Central,1994-01-11,Other,Widowed,2023-09-06
CUST_1f56,Chaifah Posalee,choeychuenpachongruk@yahoo.com,08-6907-4673,211 Kittakun Turnpike,Kamalanonbury,Permchartshire,21483,Central,1996-12-25,Female,Widowed,2026-04-07
CUST_abb1,Pakjira Sukhenai,wpolauaypon@yahoo.com,06-7013-0141,91281 Yada River Apt. 863,Polpoport,East Wasin,11676,Northeast,1994-09-14,Other,Married,2024-10-06
CUST_c6ba,Kunaporn Wasunun,padapasuk@hotmail.com,06-4670-4521,9659 Phusilarungrueng Isle Apt. 979,South Chalisaton,Bunlupongfort,66592,Northern,2007-11-16,Other,Divorced,2023-07-28
CUST_d271,Pattamon Kumsoontorn,chaiwutpermchart@hotmail.com,06-8405-0405,255 Kitprapa Prairie Apt. 145,South Atitburgh,West Yadamouth,34204,Central,2004-08-13,Other,Single,2025-11-11
CUST_840b,Phenphitcha Titipatrayunyong,pothanunparin@gmail.com,06-0917-4315,619 Chomsri Flat Suite 076,Vethayasasburgh,Tianvarichview,49654,Northern,1994-11-13,Male,Other,2023-08-20
CUST_f55a,Ratchanon Vinyuvanichkul,fbenchapatranon@yahoo.com,06-4623-6114,9600 Pattatomporn Ranch,Port Kamolchanokport,Suraprachitville,38656,Northern,1988-03-25,Female,Divorced,2023-01-17
CUST_81d6,Nichakarn Sittisaowapak,pattatompornlertsattayanusak@yahoo.com,06-6927-5933,987 Wassaya Green Apt. 508,North Anonton,Puntirastad,71900,Western,1989-10-08,Female,Divorced,2024-01-09
CUST_18e1,Sorawut Habpanom,habpanomphubes@gmail.com,08-4876-4730,9959 Suraprasert Meadow Suite 516,New Chayanin,Lake Sorawutfurt,93148,Western,2001-09-25,Male,Other,2026-02-07
CUST_591d,PVT Supasita Kongsri,ratchanonsukhenai@gmail.com,08-7841-9655,69543 Pothanun Viaduct,Polauayponside,East Chanya,34257,Northern,2007-07-19,Female,Widowed,2025-12-06
CUST_3ef6,Jinjuta Thantananont,wassayasrisoontorn@hotmail.com,08-3359-9408,20775 Pianduangsri View Suite 692,Prachayarochland,South Arisaraville,17663,Northern,1994-03-10,Female,Other,2026-02-03
CUST_d384,Chayapat Anekvorakul,kunapornboonpungbaramee@gmail.com,09-7921-9332,704 Phusilarungrueng Pine Apt. 095,Pintusornport,North Sitiwat,48853,Central,2002-07-14,Other,Widowed,2024-06-06
CUST_b100,Sitiwat Sorattanachai,methavorakulnoppakao@gmail.com,09-0482-9795,3770 Kunaporn Bridge Suite 630,Suwijukfort,Prayoonhongchester,01800,Northeast,1998-05-05,Female,Other,2022-06-16
CUST_1343,Atit Kumsoontorn,parinpermchart@gmail.com,08-3699-5269,0055 Sujjaboriboon Station Apt. 621,Nichakarnview,Posaleetown,97728,Central,1987-02-24,Female,Single,2026-03-18
CUST_91b1,LT Kulnun Kongchayasukawut,apisarachaihirankarn@gmail.com,09-3327-4598,60255 Bunlupong Garden,Todsawunview,Methavorakulfort,79267,Northern,1999-01-18,Female,Divorced,2024-05-18
CUST_fc82,Yanisa Choeychuen,cwimolnot@gmail.com,08-0279-6514,46745 Prachayaroch Mills,South Wasinhaven,South Supasita,91993,Central,2005-12-20,Female,Married,2023-07-24
CUST_ed69,Sarunporn Methavorakul,chaifahpongpanitch@hotmail.com,09-5160-3993,66243 Siripaiboo Fall Apt. 032,Lake Peemmouth,Turongkinanontown,29307,Northeast,1988-01-23,Male,Widowed,2024-06-25
CUST_4718,Chanya Chowitunkit,pianduangsrisarunporn@yahoo.com,08-9568-3812,434 Kumsoontorn Rest,South Pachongrukstad,West Chanikanstad,45671,Northern,1989-09-27,Other,Widowed,2026-02-16
CUST_b34b,Supasita Pikatsingkorn,dwasunun@yahoo.com,09-3868-4682,95534 Supasita Locks,Port Patchaploy,Kumsoontornberg,51273,Central,1993-03-01,Other,Divorced,2023-03-11
CUST_7c39,Kamolchanok Bunlupong,pattamonchaisatit@yahoo.com,06-0415-2008,8226 Pada Parkways Suite 671,Lake Tunradeeland,New Chawin,61354,Central,2002-03-21,Female,Widowed,2023-06-10
CUST_763a,CAPT Sorawut Sujjaboriboon,todsawun39@yahoo.com,06-1099-0094,80200 Kitprapa Drive,Patcharapornhaven,East Chaifah,10614,Northern,1986-11-03,Male,Widowed,2024-12-24
CUST_26e4,Pitipat Wimolnot,pongpanitchprima@gmail.com,08-8641-0008,5124 Pachongruk Villages,Sorawutland,Yanisafurt,57729,Northern,1997-03-01,Other,Divorced,2023-07-09
CUST_4df0,Chawin Lertsattayanusak,aunyaporn76@hotmail.com,06-9322-5683,0866 Apisara Corners,South Teetat,New Parinfurt,84497,Northeast,1997-09-13,Male,Divorced,2026-01-01
CUST_24f3,Phenphitcha Methavorakul,pikatsingkornchayanin@gmail.com,06-0134-1813,0747 Neerachapong Underpass Apt. 701,West Pawanport,New Kunaporn,81453,Northern,2000-10-26,Male,Single,2021-02-08
CUST_4729,Suwijuk Srisoontorn,wannapaitoonsriratchanon@yahoo.com,09-5622-5185,22055 Jitrin Plaza,Boonpungbarameeton,Vethayasasstad,67995,Northern,1988-11-06,Other,Divorced,2023-09-16
CUST_92b7,Darin Neerachapong,sitiwat35@gmail.com,09-9454-1724,79311 Tungkasethakul Shores Apt. 854,Wassayaborough,East Patchaployburgh,12420,Eastern,1995-04-26,Other,Single,2023-01-12
CUST_391a,CPO 2 Patchaploy Anekvorakul,pitipatchomsri@hotmail.com,08-7821-7098,753 Chalisa Extensions Apt. 359,South Nattawun,Ratchanonberg,78110,Western,2003-04-23,Male,Divorced,2023-08-06
CUST_c2e1,POL LT GEN Sorawut Chowitunkit,chaihirankarnpakjira@gmail.com,08-6183-1959,7396 Thantananont Run Apt. 621,Titipatrayunyongtown,New Nattawun,22850,Southern,1992-07-13,Other,Divorced,2025-01-26
CUST_96a9,Prima Chaihirankarn,kittakunaunyaporn@hotmail.com,09-6937-6756,79803 Krittayanukoon Tunnel Suite 799,East Noppakao,Sorawutberg,09907,Northeast,1983-09-06,Other,Single,2025-03-01
CUST_18d0,GP CAPT Pakjira Todsapornpitakul,thanatchaanekvorakul@yahoo.com,06-6597-4751,982 Pattapon Falls,East Pada,North Nattawunton,65328,Northern,2006-12-11,Female,Widowed,2026-04-19
CUST_2183,Atit Kamalanon,jpongpanitch@yahoo.com,06-3521-7533,484 Wassaya Groves,New Todsawunland,West Pakfort,19658,Northern,2004-07-28,Other,Widowed,2023-10-23
CUST_ffb8,Darin Suraprachit,chaifahprachayaroch@yahoo.com,09-2754-0840,184 Bunlupong Springs Apt. 394,Neerachapongville,Chanikantown,04165,Southern,1992-01-14,Female,Single,2024-03-17
CUST_cf72,Wassaya Chomsri,arisara85@yahoo.com,08-3772-5061,25572 Tunradee Shore Apt. 976,Darinchester,Port Supasita,83482,Central,1987-10-25,Male,Divorced,2025-04-06
CUST_d18a,Apisara Siripaiboo,chanya31@yahoo.com,06-2634-7189,1293 Pianduangsri Meadows Suite 986,Lake Yada,Port Chayaninfort,40664,Central,1995-03-10,Male,Divorced,2023-12-07
CUST_8925,POL SGT MAJ Sorawut Neerachapong,patchaploypolpo@yahoo.com,06-1071-4506,2872 Yada Rapids,Port Kunaporn,West Chaiwutfurt,98497,Eastern,1998-02-22,Male,Divorced,2022-12-23
CUST_1651,Jinjuta Suraprachit,darin24@yahoo.com,08-5132-7388,6916 Chayanin Tunnel,Port Sarunpornbury,Pothanunberg,76552,Northeast,1998-04-10,Other,Divorced,2024-05-12
CUST_badc,Patcharaporn Vethayasas,prachayarochkamolchanok@gmail.com,06-9100-2411,092 Norramon Land,Pothanuntown,West Suwijukburgh,62567,Central,2002-07-15,Male,Single,2024-04-16
CUST_a495,Noppakao Sittisaowapak,suwijuk49@yahoo.com,06-9891-7085,86237 Kongchayasukawut Field,North Sitiwatfurt,Tungkasethakulton,76772,Northeast,1996-06-17,Female,Single,2023-11-09
CUST_5cf8,Phenphitcha Pichpandecha,chayaninpitanuwat@gmail.com,09-3843-9084,55559 Methavorakul Gateway,Port Noppakao,Kumsoontornchester,48857,Central,2002-09-18,Male,Single,2025-11-01
CUST_69e0,Pattapon Pasuk,ysuraprachit@hotmail.com,08-5303-2186,7007 Kongchayasukawut Pine Suite 924,North Chaifahville,North Thanatchaberg,78475,Central,1990-09-19,Male,Widowed,2024-08-20
CUST_4165,Wasin Bunlerngsri,todsawun90@hotmail.com,06-0154-5359,972 Sorawut Route Apt. 076,Sitiwathaven,East Sorawutshire,23123,Central,1998-10-05,Other,Single,2021-09-17
CUST_d044,Chayanin Polauaypon,chaihirankarnchayapat@gmail.com,09-3518-1979,23752 Krittayanukoon Ranch Apt. 658,Wasinview,Phubestown,21536,Central,2004-06-25,Male,Single,2025-05-27
CUST_e0ba,FLG OFF Pintusorn Wasunun,phubessrisoontorn@gmail.com,06-6986-3917,21863 Sittikorn Circle,Patcharapornbury,Suwijukport,68324,Western,1992-01-10,Other,Divorced,2024-01-24
CUST_4c58,Sittikorn Vinyuvanichkul,chanya55@gmail.com,09-9440-4718,506 Chayapat Prairie Suite 105,Pitanuwatside,Anekvorakulton,26337,Northeast,2004-07-01,Female,Other,2023-09-03
CUST_4d71,Thanatcha Kamalanon,patchaploykittakun@yahoo.com,09-9367-7687,15049 Supasita Port Apt. 611,Wassayahaven,South Pintusorn,19605,Central,2000-10-13,Female,Single,2023-11-10
CUST_e9cc,FLG OFF Sitiwat Matinawin,rwasunun@gmail.com,06-5294-2138,533 Pasuk Motorway,Lake Pachongrukland,Polauaypontown,49536,Northeast,1993-08-18,Female,Divorced,2022-10-16
CUST_8b03,WG CDR Supasita Permchart,suwijuksittisaowapak@gmail.com,09-4558-2690,17344 Sittikorn Mission Suite 297,Lake Chayapatborough,South Supasitport,81982,Northeast,2003-04-12,Female,Other,2021-04-06
CUST_8849,CPO 2 Parin Benchapatranon,skongsri@hotmail.com,08-4052-3810,5761 Nutcha View Suite 812,South Sittikornland,Lake Darinborough,82805,Southern,2004-01-21,Other,Divorced,2024-04-01
CUST_e8ce,LT JG Atit Wannapaitoonsri,ktungkasethakul@gmail.com,06-3275-8643,634 Sukhenai Lock Apt. 879,East Pawan,Chaifahfort,21281,Southern,1999-02-20,Other,Single,2025-04-21
CUST_c61f,FS 3 Wassaya Kittakun,phusilarungruengchanikan@hotmail.com,06-4036-6600,63421 Tunchanok Prairie,Kulnunview,Suwijukshire,10635,Central,1998-05-25,Male,Divorced,2022-03-07
CUST_cee5,Pak Benchapatranon,kunapornkittakun@yahoo.com,09-0366-0739,060 Norramon Courts,Ratchanonberg,Chaihirankarnland,02143,Central,1993-12-03,Other,Divorced,2025-07-01
CUST_d8ef,Noppakao Polpo,pakjiraprachayaroch@yahoo.com,08-0081-0259,7992 Chaihirankarn Valleys Apt. 395,Anonmouth,New Supasit,85851,Northern,1983-05-08,Male,Other,2026-01-03
CUST_e485,Jitrin Srisoontorn,prachayarochteetat@hotmail.com,08-7858-7394,17308 Darin Lodge Suite 093,Lake Todsawun,North Pattaponton,34478,Central,2004-01-19,Male,Single,2023-02-16
CUST_ca0a,Pawan Benchapatranon,nchaisatit@hotmail.com,09-8628-0159,5534 Sireelert Forges,North Atitberg,Vinyuvanichkulfurt,12133,Central,2004-11-05,Other,Single,2025-02-07
CUST_d9ed,Kunaporn Pianduangsri,apisaravethayasas@hotmail.com,09-0721-5199,643 Phubes Grove,Prakalpawongside,Yanisamouth,31291,Northern,2000-07-13,Male,Widowed,2026-03-04
CUST_7103,Sarunporn Suraprachit,jaruwanchowitunkit@hotmail.com,09-3501-4572,18478 Siripaiboo Stravenue Apt. 340,Methavorakulville,East Sarunpornbury,96077,Central,2008-11-27,Other,Married,2023-07-07
CUST_aa7f,Yanisa Chaisatit,apisaraintaum@yahoo.com,09-5681-1318,4085 Kittakun Flat,Patcharapornburgh,Krittayanukoonport,07915,Northeast,1996-05-08,Female,Single,2023-08-11
CUST_846a,LT GEN Pachongruk Wimolnot,pada16@hotmail.com,09-6577-1304,481 Trikasemmart Mills Suite 813,New Pakjira,South Padaville,53958,Northeast,1995-06-01,Male,Other,2024-12-15
CUST_f360,Tunradee Losatapornpipit,pichpandechajitrin@hotmail.com,09-6441-2707,160 Chowitunkit Brooks Suite 076,Titipatrayunyongfort,Padabury,83321,Northern,2007-09-26,Male,Other,2026-05-28
CUST_c109,Prima Kitprapa,polporatchanon@hotmail.com,06-5275-9558,0427 Prakalpawong Prairie,West Todsawunview,Vethayasasfurt,73444,Western,1983-10-22,Female,Other,2023-11-22
CUST_48ef,Aunyaporn Neerachapong,choeychuenpeem@yahoo.com,08-8088-1203,106 Habpanom Light Suite 643,Sittisaowapakburgh,Phubeschester,85324,Southern,2008-07-21,Male,Other,2023-01-27
CUST_bd31,Sorawut Kamalanon,phenphitcha84@gmail.com,09-5304-5138,928 Benchapatranon Gardens Suite 439,Jaruwanport,Bunlupongburgh,35480,Northern,1989-03-02,Other,Single,2025-03-11
CUST_5d76,Puntira Prachayaroch,ryouprasert@gmail.com,08-3438-0644,698 Todsapornpitakul Corner,New Aunyaporn,Prakalpawongton,83404,Central,1996-11-04,Male,Married,2021-06-26
CUST_85ab,Atit Norramon,gprayoonhong@yahoo.com,09-9779-3378,3567 Pakjira Views Apt. 352,West Nattawunland,Pattamonmouth,12790,Central,1998-04-15,Other,Divorced,2024-04-16
CUST_bb39,Pannawich Sooksawang,sorattanachaichaiwut@gmail.com,06-1426-5265,8428 Pitipat Prairie,Darinberg,North Sorawut,23306,Northeast,1991-12-22,Male,Other,2024-10-07
CUST_8e21,Jinjuta Pitanuwat,pak93@yahoo.com,09-6382-2424,7612 Chaifah Forks Apt. 376,West Pornchanok,East Chanyahaven,47557,Central,1993-09-25,Male,Divorced,2023-04-20
CUST_f8e0,Yanisa Chaihirankarn,jinjutatianvarich@gmail.com,09-1845-1185,27608 Thantananont Plain Apt. 652,Sorattanachaihaven,Choeychuenmouth,99780,Central,2001-10-01,Other,Single,2022-05-04
CUST_d18e,POL SGT Wasin Posalee,hintaum@yahoo.com,08-7027-0894,362 Todsawun Ville,Wasinhaven,Permchartbury,05211,Central,2000-07-06,Female,Divorced,2023-11-03
CUST_25ad,Nichakarn Boonpungbaramee,msooksawang@gmail.com,09-2419-2149,845 Methavorakul Trafficway Suite 843,Wasununville,Youprasertmouth,40145,Central,1993-02-13,Other,Single,2024-05-10
CUST_5726,COL Phubes Pothanun,fkongchayasukawut@gmail.com,06-4257-4478,026 Tunchanok Wells Suite 910,North Chaiwut,Prachayarochview,50385,Central,1995-04-01,Female,Widowed,2024-09-06
CUST_be28,Sittikorn Prachayaroch,nichakarn64@yahoo.com,06-9608-7993,7946 Supasit Wells,New Noppakao,Lake Puntirahaven,62581,Northeast,2003-02-15,Male,Single,2026-05-08
CUST_5104,Jitrin Sukhenai,apisaraposalee@yahoo.com,06-2648-2768,6447 Chomsri Dale,South Suwijuk,East Jaruwanhaven,60192,Northern,1999-01-11,Female,Other,2023-05-16
CUST_d7ea,PO 3 Pada Methavorakul,kodchaporn25@yahoo.com,09-4751-8808,89532 Wasin Fall,Pannawichberg,Nutkritaview,27813,Northern,2002-10-15,Male,Single,2025-09-01
CUST_f04f,Kunaporn Titipatrayunyong,teetat04@yahoo.com,08-3908-0195,17048 Sorattanachai Highway Suite 446,South Sorawuthaven,Noppakaomouth,14429,Northeast,1990-03-02,Female,Other,2023-05-14
CUST_c731,Todsawun Titipatrayunyong,chayaninthantananont@gmail.com,06-2798-6031,40610 Posalee Well,Tianvarichberg,Parinton,41074,Central,1997-08-07,Female,Married,2026-02-27
CUST_74be,Atit Chaisatit,puntira96@hotmail.com,09-8285-4050,052 Methavorakul Lane Apt. 964,Jinjutastad,Kulnunborough,25949,Northern,1990-03-10,Other,Divorced,2024-10-04
CUST_760a,Noppakao Thantananont,jaruwan08@gmail.com,08-1659-9900,17748 Chayapat Freeway,Pattamontown,South Thanatchaland,42825,Northern,2003-03-14,Male,Married,2023-06-09
CUST_8daf,Kamolchanok Pongpanitch,darintungkasethakul@hotmail.com,09-5843-1342,387 Lertsattayanusak View Apt. 687,North Pattatomporn,Supasitville,41797,Central,2004-04-15,Other,Married,2023-06-15
CUST_1ad7,Anon Kittakun,phubessrisoontorn@yahoo.com,06-0800-8052,41508 Lertsattayanusak Tunnel,South Pak,West Anon,99086,Southern,1994-06-25,Female,Other,2023-02-03
CUST_2179,Thanatcha Pitanuwat,teetatvinyuvanichkul@yahoo.com,08-7017-4500,63897 Chanya Summit Suite 807,Bunlupongfort,Chaisatitton,36462,Northern,2008-11-14,Other,Widowed,2024-05-02
CUST_c53c,Chayapat Sukhenai,jinjuta28@yahoo.com,08-0220-6705,390 Pongpanitch Neck Apt. 179,North Primaside,Jinjutashire,03580,Northern,1994-11-24,Other,Married,2023-05-24
CUST_990a,Chanikan Chaisatit,hturongkinanon@gmail.com,06-0869-4495,0283 Permchart Station Apt. 477,Yanisaville,Port Noppakao,37055,Northeast,1997-06-14,Male,Widowed,2021-10-16
CUST_d93a,LT Nutkrita Tungkasethakul,chaisatitnoppakao@hotmail.com,09-3658-5689,70749 Pattapon Way,Darinshire,Wasununhaven,19210,Western,2004-01-10,Female,Married,2024-07-12
CUST_f51d,MISS Yada Youprasert,chayanin56@yahoo.com,08-2706-1887,847 Sukhenai Terrace,East Pattamon,West Atitfurt,03312,Central,2008-10-18,Male,Other,2025-01-26
CUST_e543,Darin Bunlupong,chayanin71@gmail.com,09-9723-0922,3762 Yanisa Canyon Apt. 860,Sarunpornstad,Siripaiboochester,29801,Northeast,1999-11-15,Other,Married,2021-05-26
CUST_4173,PO 2 Teetat Chowitunkit,pakvethayasas@gmail.com,09-0771-5374,63271 Jinjuta Drive Apt. 246,Charoensuksopolview,East Pawanland,06928,Northern,2000-05-24,Other,Widowed,2023-07-18
CUST_60ac,Thanatcha Choeychuen,patcharaporn11@hotmail.com,08-4620-1875,71523 Matinawin Burgs,Pakmouth,Jitrinfort,17383,Central,2005-05-21,Other,Other,2021-02-10
CUST_c4c3,CPL Pattamon Kamalanon,peem31@gmail.com,08-2898-6516,1740 Chowitunkit Manor Suite 979,Polpoborough,South Wasin,62419,Northern,2000-11-17,Other,Single,2025-02-04
CUST_5550,SEA-MAN Pawan Losatapornpipit,eintaum@gmail.com,06-1231-4300,0724 Pawan Mountain,Lake Primafort,East Teetat,16522,Central,1994-08-10,Male,Single,2021-12-25
CUST_cf14,Niracha Pothanun,sittikorn23@yahoo.com,09-0462-9921,7514 Chalisa Walk Suite 219,Peemport,Pachongrukville,15823,Central,1988-11-04,Other,Divorced,2023-11-23
CUST_2920,FS 3 Puntira Benchapatranon,thanatchaprachayaroch@hotmail.com,09-8058-3860,2689 Pannawich Plaza,Pattapontown,New Nutwadee,13223,Northern,2003-12-03,Male,Divorced,2025-01-13
CUST_b066,Anon Polauaypon,wannapaitoonsriyada@gmail.com,08-6447-4490,962 Anekvorakul Harbor,Sujjaboriboonville,Suraprachitside,27686,Northern,2004-06-03,Other,Other,2023-09-27
CUST_af11,Chayapat Sittisaowapak,tianvarichpatcharaporn@hotmail.com,06-4767-9467,575 Suraprachit Causeway Suite 908,Nattawunside,Pasukborough,68577,Central,2004-04-24,Other,Other,2022-08-18
CUST_ae04,Nutkrita Kamalanon,upolpo@gmail.com,08-8083-4645,119 Suvakit Ways,Noppakaoborough,Port Kodchapornmouth,97019,Northern,1999-05-08,Male,Other,2023-10-03
CUST_0828,Chaifah Chaisatit,pakjiraprayoonhong@gmail.com,08-4599-1792,7089 Sukhenai Park Suite 018,New Noppakaoshire,Yanisahaven,85906,Central,1993-01-21,Female,Married,2025-06-05
CUST_2abe,Aunyaporn Bunlupong,dtrikasemmart@yahoo.com,08-7316-3421,0707 Chaihirankarn Ports Suite 299,South Pitipathaven,Chaisatitview,35978,Central,1992-04-26,Other,Single,2025-04-23
CUST_a16e,Chaiwut Sooksawang,chawin33@yahoo.com,09-2839-1975,97309 Pakjira River,South Yanisa,North Jitrin,66066,Central,2008-06-02,Male,Single,2026-01-24
CUST_70bc,Tunchanok Sukhenai,yada69@hotmail.com,06-9873-8104,3040 Trikasemmart Forges Suite 823,Port Phubesshire,East Pattatomporn,31176,Northern,1997-05-12,Other,Divorced,2021-01-28
CUST_00c0,Phubes Sooksawang,pitipat35@yahoo.com,06-0063-1433,18954 Kunaporn Divide Suite 261,New Phubesview,West Anon,79348,Northeast,1994-07-13,Female,Divorced,2021-04-18
CUST_e9db,Aunyaporn Sittisaowapak,tunradee57@yahoo.com,08-4552-4364,223 Pornchanok Ferry,South Tunchanok,Tunchanokstad,62318,Central,2003-03-06,Female,Divorced,2025-10-21
CUST_2528,Wasin Vethayasas,chaifah74@gmail.com,08-5170-7395,66370 Pattapon Square,New Suwijuk,North Yanisa,93744,Northern,1995-06-06,Other,Divorced,2026-02-03
CUST_841f,Pattatomporn Benchapatranon,puntira97@hotmail.com,06-0063-1908,64689 Srisoontorn Mountain Suite 651,Bunlerngsriview,South Supasita,24312,Central,1999-01-22,Female,Married,2024-03-13
CUST_c7a8,Puntira Kongchayasukawut,kamolchanokyouprasert@yahoo.com,08-6856-4508,217 Supasita Island Suite 593,Lake Darinport,Port Pramesport,83512,Central,1999-12-01,Female,Single,2022-12-05
CUST_d074,WG CDR Kulnun Choeychuen,suraprachitapisara@hotmail.com,08-2853-5987,01630 Yada View,South Thanatchaside,East Phubeschester,84479,Central,1995-08-27,Female,Married,2024-08-28
CUST_0b2f,Suvakit Benchapatranon,puntira44@yahoo.com,06-9897-0844,2080 Methavorakul Ramp,East Pak,Yadamouth,22834,Central,1997-06-16,Other,Divorced,2024-04-17
CUST_3189,Kulnun Wannapaitoonsri,chaifah09@yahoo.com,09-2262-8680,746 Norramon Passage,New Apisara,Port Pintusornstad,11442,Central,1988-12-19,Other,Single,2024-05-16
CUST_72b5,Tunchanok Methavorakul,supasitchaihirankarn@yahoo.com,06-5207-8819,927 Bunlerngsri Shore,Nichakarnfurt,West Yadastad,20319,Central,1991-01-08,Female,Divorced,2024-02-13
CUST_94e4,Chayapat Methavorakul,phubes75@gmail.com,08-0715-6913,14682 Nutwadee Pass,East Sarunporn,Port Supasita,93360,Northern,1984-10-12,Male,Widowed,2024-07-25
CUST_e523,Pornchanok Sorattanachai,suraprasertsarunporn@hotmail.com,09-5981-0208,12370 Neerachapong Squares,Norramonfort,New Todsawunborough,23240,Northern,1993-03-13,Other,Married,2025-02-25
CUST_f42c,Chaifah Pongpanitch,ipothanun@hotmail.com,08-5325-8361,654 Atit Course,South Jinjuta,North Teetat,51041,Southern,1988-03-16,Other,Divorced,2023-11-22
CUST_4275,Prima Todsapornpitakul,chowitunkitsupasita@gmail.com,06-6582-0453,618 Suraprasert Gateway,Kongsriton,Kunapornton,29019,Eastern,2003-06-03,Other,Other,2023-05-11
CUST_5e09,Patcharaporn Boonpungbaramee,tphusilarungrueng@yahoo.com,09-2880-5761,06779 Habpanom Ramp Apt. 850,Parinshire,Suraprasertmouth,02562,Central,1999-08-09,Other,Other,2025-06-15
CUST_9f6f,Apisara Suraprasert,krittayanukoonpattamon@hotmail.com,08-5814-0920,0958 Supasita Village Apt. 089,Pakjirafort,New Atit,27714,Northern,2007-10-27,Female,Widowed,2025-07-27
CUST_adaa,Jitrin Pikatsingkorn,habpanomchaiwut@yahoo.com,08-8665-2561,4334 Jinjuta Key,Chaiwutbury,East Patcharapornville,17429,Central,1986-05-02,Male,Widowed,2025-08-18
CUST_302f,POL CAPT Phenphitcha Bunlupong,nichakarn17@yahoo.com,09-8953-1862,960 Tunradee Center Apt. 321,South Phenphitchafort,New Pintusorntown,52831,Central,2001-10-24,Female,Divorced,2023-10-04
CUST_5a1d,PLT OFF Teetat Vinyuvanichkul,ukumsoontorn@yahoo.com,06-9181-2655,643 Turongkinanon Ferry Suite 221,South Pattatomporn,North Atit,29196,Central,1999-11-24,Male,Single,2021-10-16
CUST_1371,Aunyaporn Pitanuwat,sarunporn10@gmail.com,09-0804-0812,7085 Ratchanon Junction,Youprasertburgh,New Pattatomporn,62657,Central,1996-04-23,Male,Divorced,2025-06-11
CUST_462f,Tunradee Wimolnot,nattawun30@gmail.com,08-3936-2054,9120 Jitrin Hill,Port Ratchanon,Port Supasitberg,34604,Southern,1997-03-05,Female,Other,2024-02-05
CUST_0362,Kulnun Prachayaroch,wasinkongchayasukawut@gmail.com,08-2432-2659,0259 Kongsri Harbors,Charoensuksopoltown,Pachongrukberg,22241,Northeast,1995-01-28,Male,Widowed,2024-11-23
CUST_60dc,Pada Youprasert,sujjaboriboonjaruwan@yahoo.com,08-7898-3920,7500 Niracha Manor,North Patchaployberg,Kittakunberg,35799,Southern,1993-03-24,Male,Widowed,2024-11-17
CUST_85d8,Pattatomporn Krittayanukoon,tunchanok22@hotmail.com,09-9407-3225,369 Todsapornpitakul Gardens,Port Sarunporn,Suraprachitside,45818,Central,1991-10-24,Female,Other,2023-04-17
CUST_c5ac,Yanisa Permchart,suwijuk60@gmail.com,09-1230-6611,4757 Pikatsingkorn Street,North Sarunporntown,East Kamolchanokview,02571,Central,2005-08-06,Female,Single,2024-08-22
CUST_1f5c,Thanatcha Youprasert,benchapatranonkunaporn@yahoo.com,08-7658-0656,83747 Pak Loop Suite 054,Pasukfort,Lake Padamouth,92554,Eastern,1993-02-04,Other,Other,2023-08-04
CUST_8a63,Chanya Sittisaowapak,noppakaosuraprachit@hotmail.com,06-7798-8207,3482 Titipatrayunyong Corner Apt. 106,New Supasittown,North Noppakao,61290,Eastern,1993-10-09,Other,Single,2023-11-20
CUST_e17c,Kamolchanok Vinyuvanichkul,sitiwat16@gmail.com,06-2613-3020,8384 Kamolchanok Pass Suite 122,Pattatompornview,West Atitmouth,13805,Western,1996-06-10,Male,Other,2024-05-15
CUST_055d,Suwijuk Chowitunkit,nichakarn20@hotmail.com,09-7475-1243,980 Vethayasas Mall,New Kodchaporn,Chaiwutborough,05288,Central,2005-11-14,Female,Widowed,2021-03-20
CUST_cbad,Supasit Methavorakul,pakjirapikatsingkorn@yahoo.com,08-6326-4231,215 Pattapon Island,Chaifahside,New Anonchester,84579,Northern,1992-12-05,Other,Single,2026-05-26
CUST_187c,Pattamon Kongsri,aunyapornpichpandecha@yahoo.com,06-8780-0541,03022 Losatapornpipit Mall Suite 331,Sooksawanghaven,Charoensuksopolland,57585,Central,2008-07-15,Female,Single,2024-12-05
CUST_9569,Tunradee Kitprapa,chayapat80@yahoo.com,06-7530-6091,351 Arisara Road,Chalisaborough,Chanyaland,39989,Northern,1994-04-19,Female,Divorced,2025-01-23
CUST_0fa0,Suwijuk Bunlerngsri,msittisaowapak@yahoo.com,09-7018-6079,72707 Choeychuen Forks Suite 326,Lake Tunchanokburgh,Peemview,80063,Central,1998-06-02,Female,Widowed,2023-09-25
CUST_93a0,Tunchanok Pichpandecha,nutwadee68@hotmail.com,08-8928-7516,3316 Matinawin Estates,Pasukside,Lake Nichakarnbury,52739,Northern,1996-03-01,Female,Divorced,2024-05-14
CUST_6878,PO 2 Wassaya Prachayaroch,chayaninpikatsingkorn@yahoo.com,09-2701-6998,7691 Sorawut Ports,North Jinjuta,Chanyatown,45089,Northern,1997-05-16,Male,Other,2025-11-03
CUST_776d,Todsawun Neerachapong,pvinyuvanichkul@yahoo.com,08-8041-7377,8964 Tungkasethakul Grove,Port Nutwadee,New Nichakarn,47163,Northern,1992-12-25,Female,Married,2025-05-28
CUST_6cc6,Chawin Sittisaowapak,wasinprachayaroch@hotmail.com,08-3576-7409,16382 Chanikan Plain Apt. 177,Chowitunkitbury,South Atit,51361,Central,2008-01-27,Male,Other,2024-01-09
CUST_e26a,Suwijuk Choeychuen,pintusorntianvarich@gmail.com,08-0281-8236,2161 Patcharaporn Light,New Parin,Permchartborough,47340,Northern,1992-08-26,Female,Divorced,2022-09-01
CUST_bc32,Chaiwut Pothanun,habpanomchanikan@gmail.com,09-3455-7557,5348 Kunaporn Passage Suite 855,Todsapornpitakulshire,Prakalpawongberg,54566,Central,1992-06-20,Other,Divorced,2025-07-07
CUST_896a,Nattawun Prachayaroch,pattamonsukhenai@gmail.com,09-9464-2690,665 Jitrin Valleys,North Pattamonview,North Pornchanokchester,63840,Northern,2008-05-23,Other,Other,2024-05-09
CUST_d922,Darin Sireelert,yanisa88@hotmail.com,09-6597-2403,94318 Bunlupong Cove,Polauayponhaven,North Pakjirafurt,63068,Northern,1991-03-22,Male,Widowed,2026-01-07
CUST_57aa,Suvakit Thantananont,hpothanun@gmail.com,06-0378-4097,56442 Pianduangsri Forges,North Kulnun,South Niracha,42921,Central,1996-05-01,Female,Other,2024-08-18
CUST_c6f6,Nutcha Matinawin,parinprachayaroch@yahoo.com,08-3989-7130,04993 Pattatomporn Overpass,Norramonmouth,East Phubesberg,88331,Northern,1996-09-01,Female,Single,2025-01-04
CUST_9aa6,Noppakao Kongsri,todsapornpitakulkunaporn@gmail.com,08-7351-5656,0611 Wassaya Inlet,Jaruwanton,Anonmouth,21557,Central,2003-02-21,Female,Widowed,2025-07-10
CUST_23cd,Noppakao Sukhenai,anonchowitunkit@hotmail.com,06-4190-5190,4158 Patchaploy Plains,Port Nattawuntown,Lake Chaifahstad,01450,Central,2002-11-23,Female,Divorced,2024-12-19
CUST_3984,Phubes Matinawin,peembenchapatranon@gmail.com,06-0267-3901,655 Siripaiboo Track Apt. 809,Lake Nattawunstad,West Jaruwanchester,12499,Central,1991-10-22,Other,Single,2022-02-23
CUST_181b,Pawan Prakalpawong,chawin93@gmail.com,08-1912-7756,257 Patchaploy Roads Suite 995,Polpochester,South Sarunporn,52439,Northern,2005-06-08,Other,Divorced,2023-04-04
CUST_2ae1,Tunchanok Bunlupong,yadakongsri@hotmail.com,06-5912-7676,06930 Patcharaporn Knoll Suite 340,Chanikanmouth,Kittakunburgh,70486,Central,2008-09-15,Female,Widowed,2025-11-08
CUST_2461,POL LT Suwijuk Bunlerngsri,trikasemmartdarin@gmail.com,09-9721-5131,9500 Teetat Throughway Apt. 541,Choeychuentown,Chaihirankarnmouth,99665,Central,2000-01-05,Female,Single,2024-02-24
CUST_9a03,Supasita Prayoonhong,pwannapaitoonsri@hotmail.com,09-3665-6897,85088 Anon Trail,Benchapatranonmouth,West Yanisaport,10709,Northeast,1995-06-11,Female,Widowed,2026-01-16
CUST_5a99,Peem Vethayasas,suraprasertpuntira@gmail.com,09-1036-2624,148 Pattamon Plaza Apt. 896,New Kodchaporntown,Titipatrayunyongmouth,32856,Northern,1991-02-05,Female,Widowed,2024-01-07
CUST_cbd1,Sorawut Methavorakul,wannapaitoonsripada@hotmail.com,08-8887-2833,456 Sittikorn Union,Nutchaside,Patcharapornside,16789,Northern,2006-03-11,Other,Married,2024-09-10
CUST_f055,Tunradee Krittayanukoon,gbunlupong@gmail.com,06-9535-7579,4795 Prayoonhong Center Suite 404,Thantananontside,Lake Nattawun,11300,Central,2004-04-16,Female,Married,2026-01-10
CUST_4865,Thanatcha Norramon,pintusorn39@hotmail.com,06-8062-8384,881 Anekvorakul Knolls Suite 343,Pawanview,Kamolchanokstad,58521,Northeast,1993-06-26,Male,Widowed,2023-08-19
CUST_effa,Todsawun Pitanuwat,fwimolnot@hotmail.com,06-6710-8452,2166 Sorattanachai Rapid,Port Thanatchachester,West Kunapornmouth,55049,Northeast,1993-05-17,Male,Married,2024-05-09
CUST_b960,Chaifah Chaisatit,chalisa76@hotmail.com,08-4305-6612,785 Permchart Circles Suite 382,Choeychuenton,Chaiwutstad,89699,Northern,2003-08-22,Male,Married,2024-08-27
CUST_1bb6,Wassaya Pichpandecha,neerachapongpada@yahoo.com,06-6651-6420,22658 Vinyuvanichkul Crescent Apt. 863,East Sorawutview,New Patcharapornstad,52277,Southern,1996-12-28,Male,Other,2024-03-25
CUST_0e84,Chawin Suraprachit,lsiripaiboo@hotmail.com,09-4993-0465,356 Bunlupong Harbors Suite 541,West Chanya,Pattamonberg,27370,Northern,1993-11-23,Other,Single,2026-03-24
CUST_f8cc,Pakjira Kumsoontorn,chanikan54@gmail.com,06-3182-9681,41032 Pattapon Mission Suite 310,Port Patcharapornstad,South Sorawutmouth,83484,Western,1986-07-27,Female,Single,2023-08-09
CUST_3baa,Supasita Kongsri,jitrin67@yahoo.com,09-4875-4351,29433 Chayanin Freeway,Pakjiratown,Chayanintown,81537,Northern,2006-03-18,Female,Married,2023-04-17
CUST_7b06,Apisara Thantananont,hvethayasas@gmail.com,09-2023-5699,9858 Patchaploy Brooks Suite 220,East Nutwadee,Primahaven,52734,Northern,1996-03-06,Female,Divorced,2024-11-19
CUST_7232,Anon Phusilarungrueng,atitchaisatit@hotmail.com,08-2736-9320,81320 Sukhenai Burgs Apt. 930,North Chalisa,Patchaployside,67114,Western,1994-11-03,Male,Married,2024-07-25
CUST_df24,Kunaporn Youprasert,npolauaypon@hotmail.com,06-6092-7798,187 Pada Plaza Apt. 195,Lake Peemport,Bunlupongbury,99505,Central,2000-08-02,Female,Married,2021-11-11
CUST_4313,S M 1 Phenphitcha Tungkasethakul,pornchanok97@yahoo.com,09-3517-6251,5983 Habpanom Haven Suite 812,Lake Kulnun,Todsawunmouth,07353,Northern,1994-01-12,Male,Other,2021-01-08
CUST_8976,Pannawich Chowitunkit,titipatrayunyongtunchanok@yahoo.com,08-9369-6242,841 Choeychuen Radial Apt. 443,Posaleehaven,South Yadastad,10033,Central,2008-01-26,Other,Widowed,2024-11-14
CUST_e5f1,Tunchanok Pongpanitch,vinyuvanichkulnoppakao@gmail.com,09-5349-5153,310 Todsapornpitakul Island,Puntiraland,Phenphitchaport,20819,Central,1996-07-01,Male,Widowed,2024-06-08
CUST_efc1,Pitipat Methavorakul,darin38@gmail.com,06-3926-2549,42639 Chaifah Well,North Nattawun,Turongkinanonberg,05308,Central,2002-08-28,Male,Single,2025-08-08
CUST_cf9a,Sittikorn Methavorakul,bunlupongsitiwat@yahoo.com,09-3448-7118,002 Turongkinanon Trail,New Pattaponside,Parinfort,39065,Northern,1990-08-11,Other,Married,2025-02-19
CUST_476c,Puntira Krittayanukoon,peem08@hotmail.com,06-9445-7185,698 Pianduangsri Fall Apt. 778,East Chayapatburgh,Lake Tunradee,35222,Northern,1998-02-18,Female,Other,2024-04-03
CUST_3160,Todsawun Posalee,chanikan06@hotmail.com,06-5697-9809,552 Pikatsingkorn Knolls Suite 211,West Chayapat,Pattatompornfurt,59733,Western,1990-12-04,Other,Married,2024-05-14
CUST_bdec,Apisara Habpanom,kthantananont@yahoo.com,06-4222-1569,057 Wasunun Orchard,Yanisaville,Pitipatmouth,64683,Central,1995-12-23,Female,Other,2023-11-21
CUST_c86b,Atit Pongpanitch,apisarasittisaowapak@yahoo.com,06-3014-6166,6126 Tunradee Shore,New Suvakitburgh,Norramonhaven,86096,Central,2008-11-07,Female,Married,2023-04-18
CUST_cae8,Phenphitcha Posalee,phubestungkasethakul@yahoo.com,08-8281-0188,390 Boonpungbaramee Loop Suite 556,Supasitastad,Methavorakulport,06740,Central,1999-04-27,Female,Widowed,2026-02-27
CUST_f08e,Pattapon Kitprapa,jaruwan86@yahoo.com,08-3769-7574,510 Peem Ports Suite 930,Nutkritastad,Yanisaton,89694,Northeast,1998-05-25,Other,Widowed,2023-02-07
CUST_70e9,Jinjuta Phusilarungrueng,ksooksawang@hotmail.com,06-8926-0381,338 Sukhenai Knolls Suite 524,Matinawinview,Port Padahaven,94769,Central,1999-04-08,Male,Divorced,2022-02-21
CUST_b994,Pannawich Polpo,pintusorntrikasemmart@hotmail.com,08-6382-7400,99913 Kittakun Shoal,Patchaployton,West Sittikornton,90048,Northern,1990-10-23,Other,Widowed,2021-05-02
CUST_a21c,Todsawun Pichpandecha,chalisapianduangsri@gmail.com,08-7796-5304,202 Bunlerngsri Manor,East Darin,Kamolchanokside,80758,Western,2002-12-10,Female,Married,2025-02-23
CUST_5454,ADM Chawin Lertsattayanusak,yadahabpanom@hotmail.com,09-0808-6410,415 Noppakao Stream,Sorattanachailand,Lake Pakjira,53688,Central,1996-12-26,Female,Other,2023-11-15
CUST_6762,Wassaya Sittisaowapak,qchaisatit@gmail.com,06-2094-4444,7868 Todsawun Locks,Padafort,East Kamolchanok,67810,Northern,1986-01-13,Female,Divorced,2022-08-05
CUST_7cb6,Suwijuk Suraprasert,kodchapornsorattanachai@hotmail.com,08-6696-4518,19088 Youprasert Turnpike Suite 734,Kamolchanokfort,Charoensuksopolberg,03619,Western,2001-08-21,Other,Other,2024-09-09
CUST_65c2,Chayapat Vethayasas,awimolnot@hotmail.com,09-2780-9375,02874 Noppakao Spurs,South Nutkrita,Primatown,10259,Northern,2001-05-08,Other,Divorced,2022-08-14
CUST_857f,Chaifah Srisoontorn,sireelertatit@hotmail.com,09-8777-8462,3083 Parin Hills Apt. 068,Jaruwanland,Suraprasertville,34506,Eastern,1992-07-13,Female,Divorced,2022-01-17
CUST_caf1,Niracha Wimolnot,pattatomporn99@yahoo.com,09-9019-6800,8143 Vinyuvanichkul Drives Suite 980,East Phubesbury,Tianvarichberg,86813,Northern,2001-12-10,Other,Married,2025-12-21
CUST_db51,Ratchanon Tianvarich,kamalanonapisara@yahoo.com,06-8343-0122,13358 Chayapat Fall Suite 878,West Pattatomporn,North Phubes,45558,Central,2005-09-19,Male,Divorced,2025-01-21
CUST_32f1,Prames Kitprapa,nsittisaowapak@yahoo.com,06-2926-9509,429 Pawan Tunnel Suite 827,West Arisara,Teetathaven,99925,Central,2001-08-14,Female,Married,2024-11-15
CUST_bfcf,Kodchaporn Trikasemmart,btodsapornpitakul@gmail.com,09-9352-0559,888 Turongkinanon Forks Apt. 026,New Pattamon,Primaberg,25596,Northern,1991-02-14,Female,Widowed,2024-04-22
CUST_dc19,PHRA Chaiwut Bunlupong,cpothanun@gmail.com,08-7283-6597,8330 Supasita Shoals,Srisoontornview,Turongkinanonchester,91017,Northeast,1991-02-18,Male,Widowed,2024-10-05
CUST_7204,Patchaploy Sorattanachai,parin48@yahoo.com,09-1430-7401,6575 Norramon Ranch Apt. 710,Suvakitton,Sorattanachaihaven,42093,Central,2002-07-14,Other,Other,2021-11-02
CUST_ea68,Pornchanok Pianduangsri,wassayawannapaitoonsri@hotmail.com,06-9934-5851,359 Sittikorn Ford,South Nutwadee,West Wassaya,72534,Southern,1990-12-28,Male,Married,2024-11-13
CUST_b483,Kulnun Kumsoontorn,prames38@hotmail.com,06-8861-8433,23219 Suwijuk Cape,West Chayapatside,Puntirafort,16861,Central,2005-12-05,Male,Other,2025-06-10
CUST_6ba7,Patchaploy Wannapaitoonsri,kodchapornchowitunkit@hotmail.com,09-4566-4045,16163 Suwijuk Lake Apt. 221,Chanyatown,New Noppakaoborough,87827,Northern,1995-12-14,Female,Divorced,2026-02-20
CUST_9220,Darin Pitanuwat,chayaninprayoonhong@hotmail.com,08-8902-3549,534 Sujjaboriboon Inlet Apt. 360,East Supasitborough,South Pattatomporn,92332,Northeast,2008-01-03,Female,Other,2023-10-27
CUST_bfce,Kodchaporn Pasuk,noppakao04@yahoo.com,06-3623-6505,5115 Pachongruk Dale Suite 745,Puntiraview,Chaiwutbury,35282,Central,1998-09-09,Other,Other,2022-01-07
CUST_7aef,Suwijuk Pothanun,nutkritatianvarich@yahoo.com,06-8013-8090,4253 Thanatcha Springs Suite 750,Pattamonmouth,Vethayasasland,12954,Southern,1987-08-20,Other,Divorced,2026-05-12
CUST_af16,PLT OFF Anon Methavorakul,supasita69@yahoo.com,09-6811-6143,83704 Sorawut Crossroad,Pattatompornton,Prachayarochburgh,20713,Northeast,2001-07-14,Other,Widowed,2025-09-13
CUST_586a,Arisara Chaihirankarn,pawan00@yahoo.com,08-9306-7403,63465 Darin Field,Phenphitchaport,Lake Chawin,19480,Northern,1999-04-16,Male,Married,2026-02-25
CUST_8b21,Jitrin Posalee,kunaporn96@gmail.com,09-4345-8502,010 Parin Ford Suite 220,Chanyaberg,Nutkritaport,32351,Northern,1997-10-21,Male,Widowed,2023-05-22
CUST_a2f5,Chawin Kamalanon,sitiwatsiripaiboo@gmail.com,06-5262-1904,65773 Turongkinanon Stream,East Nirachastad,Todsapornpitakulhaven,46301,Central,2002-03-07,Male,Other,2024-08-25
CUST_2f9d,Chalisa Kamalanon,bunlupongchalisa@yahoo.com,09-8102-1343,52816 Sittikorn Ridges Apt. 449,New Nirachashire,East Atit,60348,Central,2005-11-05,Male,Divorced,2023-11-27
CUST_c841,SEA-MAN Thanatcha Anekvorakul,pawan32@gmail.com,06-2099-4927,3104 Bunlerngsri Springs,Lake Pannawichfurt,Chayaninshire,22537,Northeast,1990-06-25,Male,Other,2024-07-09
CUST_3521,SEA-MAN Jaruwan Polauaypon,sujjaboriboonpachongruk@yahoo.com,08-9763-9705,93350 Sorawut Row Apt. 906,Bunlerngsrichester,Tungkasethakulport,90449,Northern,1983-07-12,Male,Single,2022-04-09
CUST_eae4,Apisara Kittakun,fpongpanitch@yahoo.com,06-9889-0478,95391 Kamalanon Summit Apt. 896,North Arisara,Polauayponchester,39764,Central,1993-01-08,Other,Single,2022-12-27
CUST_6133,Pannawich Habpanom,chomsrikulnun@gmail.com,09-4278-1601,1208 Todsapornpitakul Landing Apt. 221,East Pattatompornton,Chalisaland,41744,Central,1989-07-20,Female,Single,2024-07-15
CUST_b436,Wassaya Kitprapa,evinyuvanichkul@hotmail.com,08-9297-5541,769 Krittayanukoon Highway Apt. 235,New Teetatshire,Polauayponborough,73041,Northern,2008-08-26,Male,Widowed,2024-04-15
CUST_d610,Anon Kongchayasukawut,atittianvarich@yahoo.com,09-3622-7227,913 Sorattanachai Pike Apt. 776,North Darinland,West Chayanintown,42462,Western,1997-09-17,Female,Married,2021-12-01
CUST_17be,M L Pakjira Youprasert,pothanunkodchaporn@hotmail.com,09-6960-2784,46979 Sorawut Station,East Niracha,New Pornchanok,61508,Northern,1983-03-22,Male,Married,2021-10-14
CUST_ae2c,SGT Jitrin Boonpungbaramee,rboonpungbaramee@gmail.com,06-6452-0447,376 Sireelert Court,Chomsriview,New Pawan,31921,Northeast,1993-11-15,Female,Single,2025-09-18
CUST_49bc,Puntira Pichpandecha,supasitakumsoontorn@yahoo.com,09-3995-1337,78331 Pongpanitch Hollow Suite 257,Bunlupongland,Chomsriberg,87923,Central,1993-05-12,Female,Widowed,2024-02-13
CUST_34a2,Nutwadee Prakalpawong,sarunporn74@gmail.com,08-3723-7519,9513 Neerachapong Coves,West Sittikorn,Prachayarochberg,96901,Northern,1990-08-08,Male,Single,2024-12-26
CUST_3bb1,Niracha Norramon,pitanuwatnattawun@yahoo.com,06-7393-0356,833 Pitanuwat Underpass,Prachayarochhaven,Nutkritaside,27241,Northern,2005-06-04,Female,Widowed,2025-07-17
CUST_6710,Chawin Turongkinanon,phenphitcha81@yahoo.com,09-7533-1963,6886 Pitanuwat Creek,Pornchanokberg,Vinyuvanichkulfort,34182,Central,2004-11-08,Other,Married,2024-02-02
CUST_26d1,Prima Prakalpawong,atittianvarich@hotmail.com,09-2917-6503,5781 Jitrin Junction,Pattamonport,North Sarunpornfurt,84181,Eastern,2003-08-03,Other,Single,2022-05-25
CUST_9f40,POL LT COL Chayanin Sireelert,jyouprasert@gmail.com,09-6418-8842,015 Chaisatit Run,Methavorakulshire,Pasukton,69136,Eastern,1988-06-02,Female,Other,2025-04-02
CUST_8e72,Patcharaporn Youprasert,nutkritabenchapatranon@hotmail.com,08-5961-1539,183 Yada Mountain,North Yadaberg,West Pawan,35773,Central,1999-02-19,Male,Widowed,2022-05-26
CUST_ef4b,Tunradee Titipatrayunyong,suraprasertpakjira@gmail.com,08-2744-8241,2957 Sukhenai Ford Apt. 854,Youprasertton,Wasinton,57801,Northern,2000-01-21,Female,Other,2021-08-21
CUST_2ebd,Suwijuk Suraprachit,csittisaowapak@yahoo.com,06-3548-1865,75563 Krittayanukoon Landing,Thanatchatown,Phubesside,92542,Northeast,1987-04-20,Other,Divorced,2024-11-17
CUST_d0da,Patchaploy Wannapaitoonsri,phubes90@gmail.com,09-7185-6054,494 Sukhenai Camp Suite 442,East Yadaville,Jinjutafort,66110,Eastern,1995-05-08,Female,Other,2022-01-09
CUST_d17a,Apisara Norramon,kongsrikamolchanok@yahoo.com,06-7086-2005,64534 Sittisaowapak Burg Apt. 186,Chaiwutmouth,North Yanisa,80311,Western,2005-07-13,Male,Widowed,2024-12-16
CUST_cb1a,Noppakao Chaisatit,intaumsittikorn@yahoo.com,06-0062-6535,48621 Supasit Lodge,Nattawunport,West Kamolchanokfort,34509,Northeast,2001-09-04,Male,Other,2023-07-11
CUST_ca28,Jaruwan Permchart,pitipatwasunun@yahoo.com,08-8708-3924,293 Tunradee Ports Suite 565,South Nutcha,New Darin,18417,Northern,2001-07-17,Female,Widowed,2024-05-05
CUST_7232,MR Nichakarn Kitprapa,dtungkasethakul@gmail.com,09-2163-9927,916 Titipatrayunyong Valleys Suite 381,Methavorakulland,South Patchaploy,68043,Central,1995-03-01,Other,Married,2022-06-05
CUST_c475,Nutwadee Pikatsingkorn,sorattanachaichanya@hotmail.com,09-7962-9893,305 Prima Meadow,New Sittikorn,North Pattamon,85053,Northern,2004-03-05,Female,Divorced,2024-02-02
CUST_c71d,POL SGT Niracha Prayoonhong,kchaisatit@gmail.com,09-8948-3795,622 Sukhenai Burg,Lake Pattapon,Port Supasitland,34435,Northeast,2000-09-25,Female,Other,2023-08-04
CUST_0c3a,Anon Pianduangsri,wasinchomsri@hotmail.com,08-9313-8681,889 Chayapat Street,Sooksawangfort,East Arisara,27235,Southern,2001-03-17,Other,Divorced,2022-03-22
CUST_0185,Chanya Pianduangsri,arisara75@yahoo.com,08-4819-6440,330 Kamalanon Spurs,Lake Phubesberg,Pikatsingkornstad,34449,Northern,1996-01-05,Female,Divorced,2023-09-07
CUST_b848,Pattapon Sireelert,methavorakulpakjira@yahoo.com,06-0034-6107,055 Methavorakul Freeway,Lake Pannawich,South Peem,70060,Central,1988-02-11,Male,Widowed,2026-04-18
CUST_a569,Darin Charoensuksopol,xmethavorakul@yahoo.com,09-2303-6147,8989 Pianduangsri Union,Chomsritown,North Pornchanokton,77185,Central,1981-09-20,Other,Divorced,2024-09-01
CUST_8c3c,Nutwadee Youprasert,chanikan87@hotmail.com,06-1739-6699,70258 Polauaypon Street Suite 528,Port Pannawichborough,Lake Pannawich,32226,Eastern,1997-06-07,Other,Widowed,2025-01-28
CUST_94c7,L CDR Sorawut Habpanom,chaihirankarntunradee@hotmail.com,08-4843-5451,1831 Pattatomporn Knoll,South Chawin,North Nirachaland,09983,Northeast,2007-09-27,Other,Other,2024-07-14
CUST_4bc0,Chayanin Sujjaboriboon,vwasunun@gmail.com,08-0299-2314,8658 Teetat Shore Apt. 846,Thanatchaview,Lake Pornchanokchester,04664,Central,1986-09-03,Female,Married,2022-11-13
CUST_5eac,Chanikan Methavorakul,pintusornsuraprachit@hotmail.com,06-8461-7759,81576 Pachongruk Highway Apt. 960,Pintusornport,West Padatown,65751,Central,1998-02-03,Other,Other,2023-04-10
CUST_d44e,Phenphitcha Sorattanachai,achomsri@gmail.com,08-0862-2801,0957 Pattamon Pines,New Pachongruk,Port Tunchanokchester,62134,Central,1985-06-06,Other,Married,2024-09-18
CUST_cf95,Chawin Matinawin,gpolauaypon@yahoo.com,08-3837-6276,3007 Chanikan Causeway Apt. 259,Lake Parin,Sorattanachaiton,63046,Central,1989-12-27,Male,Single,2022-02-19
CUST_cbd6,POL LT COL Pachongruk Pothanun,sorawut12@gmail.com,08-3201-1050,65866 Sitiwat Terrace,New Arisaraborough,Jitrintown,70191,Northern,2007-07-04,Other,Married,2026-03-23
CUST_51da,Chaifah Intaum,lertsattayanusakapisara@yahoo.com,09-4094-7304,63408 Ratchanon Drive,Bunlupongmouth,Titipatrayunyongchester,26165,Northern,1989-07-01,Male,Married,2024-04-26
CUST_361a,Pakjira Titipatrayunyong,chalisamethavorakul@gmail.com,08-2102-3777,46715 Benchapatranon Glens,Suvakitburgh,Lake Chawinshire,93711,Southern,2008-05-13,Female,Married,2024-06-20
CUST_8de0,Patchaploy Kitprapa,nutchapikatsingkorn@yahoo.com,08-6504-9230,601 Pitipat Shoal Suite 204,Pikatsingkornburgh,Phusilarungruengburgh,47730,Southern,2000-12-20,Male,Single,2023-04-26
CUST_7f5b,Puntira Losatapornpipit,tianvarichdarin@hotmail.com,06-3410-7376,96045 Todsapornpitakul Skyway Apt. 722,Kumsoontornton,Tunradeestad,28918,Central,1985-10-19,Female,Divorced,2024-11-09
CUST_f2f4,Kamolchanok Matinawin,chaiwutlertsattayanusak@hotmail.com,08-7010-0615,8692 Polpo Village,Lake Pattaponberg,Pitanuwatberg,36705,Central,2006-01-25,Female,Other,2023-10-13
CUST_3974,Kamolchanok Pichpandecha,kpothanun@yahoo.com,06-1977-0892,7739 Siripaiboo Throughway Suite 441,Phenphitchaville,New Padaport,77983,Central,1994-10-27,Female,Other,2021-02-21
CUST_8466,Peem Turongkinanon,kamolchanok74@gmail.com,09-5143-1749,355 Arisara Underpass,Losatapornpipitborough,Port Prames,41869,Central,2004-09-19,Female,Divorced,2024-11-02
CUST_ff2a,Kunaporn Prayoonhong,ukittakun@hotmail.com,08-7831-4616,501 Wasunun Point,North Phubes,Lake Chayapat,91379,Eastern,2001-11-23,Female,Single,2026-03-23
CUST_6f34,Chaifah Posalee,primakrittayanukoon@hotmail.com,06-7742-3628,37413 Chayapat Islands,Aunyapornport,Lake Tunchanokbury,95466,Central,1996-02-14,Female,Other,2025-11-22
CUST_aa05,Patchaploy Chaihirankarn,phubestianvarich@gmail.com,08-6888-3362,26884 Jaruwan Haven Apt. 309,Tunradeemouth,Vinyuvanichkulhaven,36855,Northern,1986-05-22,Other,Divorced,2022-06-25
CUST_4ec0,Chayanin Tungkasethakul,kturongkinanon@hotmail.com,06-8100-1114,6869 Nutcha Highway,New Chaiwutfort,Pattatompornhaven,97656,Central,1998-01-24,Female,Other,2022-03-08
CUST_20b6,PVT Tunradee Siripaiboo,pothanunwasin@yahoo.com,06-1531-0657,77679 Noppakao Rapid,North Chawin,Apisaramouth,50594,Northern,2003-10-15,Other,Single,2023-11-26
CUST_8ef0,Patcharaporn Pothanun,jitrin10@yahoo.com,08-3766-2711,1085 Todsapornpitakul Rue,Lake Jaruwan,Jinjutaton,88233,Western,2008-01-28,Male,Married,2026-02-16
CUST_1c0c,Kulnun Polpo,chanyavethayasas@yahoo.com,06-7358-2378,6108 Sittikorn Square,Lake Tunradee,Wasununstad,02242,Southern,2004-10-27,Male,Other,2024-03-07
CUST_2b7d,Chaifah Phusilarungrueng,chomsriniracha@hotmail.com,06-7006-8249,52025 Todsapornpitakul Lodge Suite 049,Port Noppakaoberg,Trikasemmartburgh,88677,Central,2005-01-17,Female,Other,2023-09-22
CUST_b5da,Kulnun Prayoonhong,pannawichpasuk@gmail.com,09-4918-7930,336 Pak Crossroad,Wannapaitoonsrimouth,Losatapornpipitberg,95292,Central,1994-09-09,Male,Widowed,2024-08-26
CUST_d7d9,Pada Sukhenai,sujjaboriboonpattamon@hotmail.com,08-4852-4530,978 Trikasemmart Rest Apt. 700,North Chayapatstad,Lake Wasin,43026,Northern,2004-12-03,Male,Single,2024-01-05
CUST_766b,Jaruwan Tungkasethakul,lvethayasas@yahoo.com,08-9953-6322,47484 Niracha Dam,Lake Wassayafurt,Polauaypontown,68953,Central,1989-01-16,Male,Divorced,2025-06-10
CUST_7576,Darin Anekvorakul,tunradeeanekvorakul@hotmail.com,06-8363-1510,02550 Srisoontorn Ranch Apt. 739,Sooksawangport,North Apisara,39650,Western,1997-06-06,Other,Single,2025-11-25
CUST_7d6b,Noppakao Kitprapa,supasitapianduangsri@yahoo.com,06-4246-5413,33828 Pakjira Court Apt. 361,East Nutkritaside,Pakjiraburgh,72853,Central,2008-01-09,Male,Married,2024-09-22
CUST_bae9,Pak Pitanuwat,aunyaporn23@hotmail.com,06-8207-2441,0831 Vinyuvanichkul Dale,Nattawunborough,Prachayarochland,96178,Northeast,1984-07-17,Female,Divorced,2024-06-22
CUST_d085,Pattapon Prayoonhong,sukhenainutkrita@gmail.com,06-5383-1639,787 Pitipat Flat,Tianvarichborough,Pikatsingkornside,86138,Northeast,2000-10-13,Other,Divorced,2022-12-27
CUST_73f8,CPO 1 Puntira Permchart,vinyuvanichkulyanisa@hotmail.com,08-0046-0101,937 Sarunporn Divide Suite 805,Pikatsingkornborough,North Nattawun,17831,Northern,2004-10-15,Female,Single,2023-04-10
CUST_1119,Wassaya Losatapornpipit,wimolnotpakjira@yahoo.com,06-4250-6686,95345 Chomsri Corner Suite 736,East Nichakarn,New Nutwadeeburgh,26262,Northeast,1986-01-10,Other,Single,2023-05-08
CUST_a0a3,Chanikan Sittisaowapak,yprachayaroch@gmail.com,08-0883-8869,30091 Pattamon Valleys,Pattamonview,North Chanikan,18428,Northeast,1991-03-23,Male,Other,2024-10-14
CUST_5116,Chayanin Chaihirankarn,pattatompornprayoonhong@hotmail.com,08-8927-1587,4900 Noppakao Highway Apt. 756,Lake Yanisa,Chowitunkitfurt,49273,Eastern,1993-09-12,Other,Single,2022-08-15
CUST_4d3b,R ADM Pada Boonpungbaramee,anon49@yahoo.com,08-5138-0395,6637 Kamolchanok Knoll Suite 717,Permchartchester,Tungkasethakulberg,67064,Northeast,1998-01-10,Male,Widowed,2025-02-11
CUST_9ecc,Aunyaporn Wannapaitoonsri,sukhenaichawin@gmail.com,06-7391-9017,9209 Neerachapong Knolls,Lake Kodchaporn,Sorattanachaiberg,67326,Central,2003-08-20,Female,Divorced,2025-12-01
CUST_0aac,Pornchanok Prayoonhong,darinprakalpawong@gmail.com,08-5228-7283,952 Chomsri Pines Apt. 983,New Pramesside,Youprasertview,25554,Central,1994-10-23,Other,Married,2025-01-07
CUST_c672,Atit Prachayaroch,srisoontornnutcha@hotmail.com,08-2336-8253,4559 Teetat Turnpike Apt. 189,Turongkinanonberg,Lake Ratchanonshire,66128,Northern,1994-11-12,Male,Married,2021-07-16
CUST_7f79,Prima Tianvarich,darin85@gmail.com,06-3211-4769,15625 Nutkrita Spring Suite 225,West Jitrin,Primashire,63802,Eastern,1998-10-08,Female,Other,2023-03-14
CUST_1b1b,Jitrin Kongsri,chayaninpichpandecha@hotmail.com,08-4547-4939,122 Nutcha Rest,Chaiwutfurt,Posaleetown,47350,Northern,1996-09-26,Male,Widowed,2023-07-03
CUST_8745,Chaifah Bunlupong,mkamalanon@yahoo.com,08-5847-3032,998 Lertsattayanusak Squares,New Noppakao,Aunyapornview,19606,Northern,1993-01-05,Female,Widowed,2024-09-06
CUST_aa56,Supasit Sittisaowapak,pachongruk79@yahoo.com,06-1126-6155,23472 Tunradee Hollow,Polauayponstad,Pongpanitchmouth,92801,Central,1991-11-10,Female,Divorced,2024-06-08
CUST_62d2,Parin Benchapatranon,posaleearisara@gmail.com,06-2712-3867,1242 Suraprasert Inlet,Chanikanport,New Prima,96425,Central,1995-03-07,Other,Divorced,2023-09-27
CUST_929a,Nattawun Bunlerngsri,chanikanpolauaypon@gmail.com,09-2837-4212,527 Prima Ville,Pattaponmouth,Chanyafurt,87342,Central,2001-12-22,Male,Other,2025-09-08
CUST_689a,LAC Nutkrita Methavorakul,teetat86@gmail.com,09-9296-8826,06382 Suwijuk Dale,Pongpanitchbury,Pachongrukview,83992,Northern,1994-05-27,Female,Other,2024-09-26
CUST_1d2d,Suwijuk Pothanun,kbenchapatranon@hotmail.com,09-9024-8714,2258 Tianvarich Springs Suite 774,North Pawan,Chawinland,05607,Western,1997-03-18,Female,Widowed,2026-03-08
CUST_53f0,Wassaya Choeychuen,ayouprasert@yahoo.com,06-3940-9867,93378 Choeychuen Centers Apt. 720,Sireelertbury,Lake Nutkrita,26647,Northern,2008-04-18,Male,Widowed,2026-05-09
CUST_f513,Noppakao Todsapornpitakul,chowitunkitpak@gmail.com,09-2370-4704,776 Turongkinanon Shoal,North Noppakao,Pattaponmouth,86324,Eastern,1992-10-06,Other,Divorced,2023-01-22
CUST_57a2,Yada Pianduangsri,phenphitcha36@hotmail.com,06-7593-1250,3079 Matinawin Ranch Apt. 299,New Patchaployborough,New Aunyapornberg,20496,Northern,1979-09-06,Male,Single,2025-04-01
CUST_84e5,Wasin Kumsoontorn,puntirachoeychuen@yahoo.com,09-5676-9350,948 Benchapatranon Garden Suite 216,East Ratchanon,Sujjaboriboonberg,79119,Northern,1998-03-22,Male,Divorced,2024-07-12
CUST_9d0a,Thanatcha Charoensuksopol,pongpanitchsarunporn@gmail.com,08-4624-2281,714 Prakalpawong Manors Apt. 756,North Aunyapornstad,Prachayarochville,30694,Northern,1994-03-16,Female,Other,2022-09-28
CUST_478f,Jinjuta Chowitunkit,rpermchart@yahoo.com,06-9440-4067,0535 Sukhenai Streets,Port Phenphitcha,Nichakarnton,95769,Central,2004-07-22,Male,Widowed,2022-03-14
CUST_dd84,Chalisa Matinawin,chawin80@yahoo.com,09-6513-4475,80464 Kumsoontorn Well,Darinview,Puntiraborough,09612,Central,1998-03-17,Male,Divorced,2024-05-16
CUST_2dd4,Pattamon Siripaiboo,vkamalanon@gmail.com,09-1614-0614,34296 Anekvorakul Mills,South Pakland,West Pada,86385,Northeast,2002-04-21,Male,Single,2023-05-18
CUST_69c5,Thanatcha Kongchayasukawut,zkittakun@hotmail.com,09-5785-1740,2156 Intaum Ports,South Apisara,Port Nichakarnville,71690,Northern,1997-01-11,Male,Single,2024-12-03
CUST_1cc4,FS 3 Nutwadee Thantananont,itodsapornpitakul@hotmail.com,09-8099-5695,62161 Methavorakul Gardens,Boonpungbarameeland,Chowitunkithaven,50349,Central,2003-07-14,Female,Divorced,2025-10-01
CUST_26f8,PO 1 Phenphitcha Suraprasert,phenphitchaprayoonhong@yahoo.com,06-8415-7865,02662 Apisara Falls Apt. 605,South Supasitbury,Jinjutastad,63504,Southern,2008-06-06,Female,Other,2024-12-14
CUST_f01d,Wasin Chowitunkit,nutkritachoeychuen@gmail.com,08-9095-3696,900 Kodchaporn Inlet,Pattapontown,Kulnuntown,42860,Northeast,2000-10-16,Female,Divorced,2023-12-16
CUST_b408,Apisara Permchart,nattawunsukhenai@hotmail.com,09-5788-2880,8616 Suraprasert Drive Apt. 769,South Pattaponstad,Todsawunport,80050,Northeast,1998-06-26,Male,Single,2023-02-23
CUST_5665,POL LT COL Pannawich Methavorakul,pianduangsrichaifah@gmail.com,08-0409-1789,013 Kamolchanok Port Apt. 084,Norramonton,Chanikanview,26529,Northeast,2005-09-20,Male,Single,2022-09-18
CUST_fe25,Pattatomporn Choeychuen,sittikornphusilarungrueng@hotmail.com,06-9702-7050,9781 Lertsattayanusak Points,Habpanomside,Suvakitview,37878,Northeast,1992-06-02,Other,Divorced,2025-04-19
CUST_0afe,Kodchaporn Krittayanukoon,todsawuntrikasemmart@yahoo.com,06-8091-2681,45885 Thanatcha Ford,Yanisaville,North Tunradeestad,26817,Southern,1991-10-06,Other,Married,2025-01-06
CUST_94fa,Kamolchanok Pianduangsri,tunchanokprakalpawong@gmail.com,08-4775-3285,74281 Intaum Cliffs,Posaleeland,North Jitrinbury,65810,Northeast,1988-07-04,Other,Married,2025-06-07
CUST_b785,Suwijuk Wannapaitoonsri,pannawichkongsri@hotmail.com,09-6520-4465,6440 Polpo Throughway,West Pak,East Chawinland,54289,Northern,1998-02-06,Other,Other,2025-12-12
CUST_82e0,S M 3 Wasin Kongchayasukawut,bunlupongpawan@gmail.com,08-0524-9996,096 Pattapon Forge,Anekvorakulshire,Padashire,00528,Northeast,2001-01-16,Male,Divorced,2023-08-19
CUST_1cfb,Pachongruk Kitprapa,todsawun00@hotmail.com,06-8650-5355,022 Chaihirankarn Burgs,North Nutwadeeburgh,Turongkinanonfurt,34137,Central,1993-06-01,Male,Divorced,2025-10-23
CUST_3b8c,Pitipat Bunlerngsri,pitipatkamalanon@yahoo.com,08-6779-2165,5260 Arisara Mountains Suite 446,Srisoontorntown,South Chaifahberg,89058,Central,1996-10-09,Other,Widowed,2024-02-13
CUST_eff5,Nutcha Chaihirankarn,suraprasertphubes@hotmail.com,09-3503-0497,5197 Jitrin Summit Suite 642,Nirachaport,Chomsrifurt,01949,Central,1989-05-27,Other,Other,2023-11-18
CUST_3898,Jaruwan Youprasert,ttodsapornpitakul@gmail.com,06-1385-6721,51481 Pachongruk Track Apt. 758,Lake Thanatchatown,East Noppakao,08466,Northeast,1998-10-26,Other,Single,2022-05-28
CUST_4aab,Sarunporn Titipatrayunyong,nirachakumsoontorn@yahoo.com,08-5351-3626,9133 Nutkrita Skyway,Anekvorakulton,Patcharapornshire,44558,Central,1984-03-22,Male,Other,2025-12-09
CUST_8d2b,Pachongruk Benchapatranon,chanya79@gmail.com,09-1220-0141,8431 Pichpandecha Creek,West Phenphitcha,South Pawanmouth,76824,Northern,1988-01-27,Other,Divorced,2023-04-04
CUST_f532,Pornchanok Trikasemmart,qprakalpawong@yahoo.com,06-9683-5452,4109 Chaifah Skyway Suite 153,New Nattawun,Chaiwutport,96707,Northern,2002-09-22,Male,Widowed,2024-07-24
CUST_6c71,Puntira Turongkinanon,nutchaintaum@hotmail.com,08-0833-3009,1595 Kitprapa Tunnel Suite 278,Bunlupongshire,Bunlupongfurt,62939,Western,1993-10-26,Female,Married,2025-03-21
CUST_9cb6,Jitrin Wasunun,charoensuksopolpitipat@hotmail.com,09-9051-2867,390 Pongpanitch Camp,East Patcharapornbury,Port Chanya,24458,Central,1996-01-17,Female,Married,2021-06-03
CUST_b435,Pada Trikasemmart,opolauaypon@hotmail.com,08-4449-5480,126 Anon Junctions,West Yanisa,Matinawinport,42389,Northern,1997-05-28,Female,Widowed,2023-09-27
CUST_685f,Peem Kittakun,prakalpawongnoppakao@hotmail.com,08-3730-7418,0122 Methavorakul Fields Apt. 420,Port Pattatompornborough,Sireelerttown,30762,Central,2007-03-25,Other,Divorced,2024-03-04
CUST_4a6c,Chaiwut Bunlerngsri,lsiripaiboo@gmail.com,09-0230-6547,89023 Siripaiboo Station Apt. 127,Pramesland,New Kodchaporn,77235,Northern,1996-09-18,Female,Other,2025-09-01
CUST_2796,Teetat Prachayaroch,nutcha67@yahoo.com,09-9920-1240,404 Pakjira Summit Suite 635,Neerachaponghaven,Choeychuenview,47552,Central,1995-01-15,Female,Married,2025-09-19
CUST_83c8,Nichakarn Benchapatranon,sujjaboriboonparin@hotmail.com,09-8067-4031,429 Kitprapa Parks Apt. 665,Titipatrayunyongmouth,North Kunapornhaven,50726,Central,2000-06-01,Female,Widowed,2023-08-23
CUST_9c6d,Parin Pitanuwat,pwasunun@yahoo.com,06-0483-8086,0928 Kulnun Manor Suite 508,Parinport,Pikatsingkornchester,88037,Northern,1984-01-25,Other,Divorced,2025-07-03
CUST_ac57,Yanisa Pasuk,pintusornmatinawin@yahoo.com,06-2720-6715,139 Kunaporn Road,East Pak,South Kamolchanok,30120,Eastern,1997-01-26,Male,Divorced,2024-10-04
CUST_2121,Nutwadee Bunlupong,chalisa99@hotmail.com,06-9142-7221,98700 Anon Shoal,West Supasitville,Pakjiraburgh,15740,Central,2003-08-05,Other,Widowed,2021-09-12
CUST_3d80,POL SUB LT Kunaporn Kongsri,lertsattayanusakchayanin@yahoo.com,06-7559-9582,776 Trikasemmart Valleys,Choeychuenport,Nutchaview,36928,Southern,2001-11-13,Other,Divorced,2023-07-07
CUST_e5f0,Tunradee Todsapornpitakul,jinjuta75@hotmail.com,06-8012-9962,19188 Nutwadee Loop,North Pattatomporn,New Tunradeemouth,74877,Central,1988-09-16,Other,Married,2023-09-12
CUST_c005,MR Supasit Todsapornpitakul,sittikorn22@hotmail.com,08-4652-8244,04669 Nichakarn Fall,New Apisaraborough,Aunyapornhaven,62397,Central,1988-02-01,Other,Married,2021-06-25
CUST_3732,Pak Suraprasert,prachayarochsuwijuk@gmail.com,06-8294-9987,315 Pawan Extensions,Norramonchester,East Wassayamouth,04348,Central,1989-08-15,Male,Single,2026-03-05
CUST_388b,Patchaploy Polpo,sorawutchowitunkit@yahoo.com,06-7178-2852,254 Wasunun Streets,Pitanuwatstad,Chomsriville,80075,Northern,1998-09-21,Other,Single,2024-11-15
CUST_7553,Tunchanok Suraprachit,chaiwut61@yahoo.com,09-3929-6975,94015 Yada Way,Chanyachester,Lake Yanisa,54068,Northern,2008-04-27,Male,Single,2023-09-08
CUST_59d3,Sitiwat Wannapaitoonsri,opikatsingkorn@hotmail.com,09-6557-3811,19573 Benchapatranon Mission,Sarunpornberg,Kodchapornfurt,66830,Western,1994-12-03,Male,Single,2024-07-10
CUST_39e7,Wasin Intaum,kodchaporntungkasethakul@hotmail.com,08-2191-8690,810 Sukhenai Loop Suite 636,New Sorawut,East Pattatompornstad,67017,Central,1993-02-03,Other,Divorced,2024-01-09
CUST_5ac8,Nutkrita Matinawin,yneerachapong@gmail.com,09-9857-9595,9719 Pasuk Wells,South Jitrinton,East Darinton,29226,Northeast,1993-12-17,Other,Married,2026-04-02
CUST_56d8,Nutcha Siripaiboo,zkongsri@gmail.com,08-4662-4237,91347 Pitipat Island Apt. 409,Lertsattayanusakton,East Pannawich,31967,Central,1998-06-14,Female,Single,2024-11-18
CUST_c9f2,Pornchanok Kitprapa,darin80@yahoo.com,09-1869-1812,710 Prames Tunnel Apt. 303,Lake Jitrin,New Chanikanfort,88328,Western,1984-11-02,Female,Single,2022-01-11
CUST_4671,Noppakao Sorattanachai,atit78@gmail.com,08-2370-2896,653 Pikatsingkorn Court,Todsawunfort,Lake Pakjira,05683,Central,1992-04-25,Male,Widowed,2021-08-12
CUST_d1d8,Anon Permchart,vtrikasemmart@hotmail.com,08-9103-2304,704 Srisoontorn Vista,Supasitton,Port Chaiwutchester,39337,Northern,1989-12-04,Male,Other,2024-10-19
CUST_3f43,Supasita Srisoontorn,aunyaporn35@hotmail.com,09-6426-2502,945 Tunradee Islands,Titipatrayunyongtown,Teetatshire,90651,Northeast,1999-10-11,Male,Single,2023-08-25
CUST_ec96,POL CPL Chayapat Chomsri,nintaum@yahoo.com,08-1050-3416,66704 Jinjuta Pine Apt. 104,West Tunradee,Supasitaton,10307,Eastern,1993-09-16,Other,Divorced,2026-04-15
CUST_20a3,Anon Wasunun,chayanin30@hotmail.com,08-4733-6498,931 Titipatrayunyong Isle,Kodchapornport,South Wassaya,59837,Western,2006-06-27,Other,Other,2022-06-27
CUST_3f66,SEA-MAN Nichakarn Neerachapong,wasinsorattanachai@gmail.com,09-9128-9541,21744 Posalee Bypass,Nirachaberg,Vinyuvanichkulton,76931,Northern,2008-02-09,Other,Other,2022-11-15
CUST_47c8,Ratchanon Kamalanon,polauayponsuwijuk@hotmail.com,08-8140-1939,10977 Boonpungbaramee Springs Suite 542,West Chalisa,Kamalanonstad,81873,Central,1998-02-02,Other,Single,2023-01-24
CUST_b187,Pitipat Prayoonhong,nutcha05@gmail.com,08-7929-6961,9255 Aunyaporn Bridge,Prachayarochhaven,North Pawan,66756,Southern,2000-10-05,Other,Single,2023-04-14
CUST_df9c,Nattawun Chowitunkit,nirachamethavorakul@gmail.com,09-7024-4553,817 Thanatcha Loop Suite 696,Kamalanonland,Port Nutcha,57025,Central,2004-11-10,Male,Divorced,2025-06-11
CUST_36e3,Chaifah Srisoontorn,jitrin54@gmail.com,08-0315-0423,720 Sujjaboriboon Row,Chayaninview,South Chayanin,64398,Central,1992-01-23,Other,Single,2026-02-09
CUST_3806,FLT LT Suvakit Sittisaowapak,kongchayasukawutpattamon@gmail.com,08-8630-9651,8353 Siripaiboo Alley Suite 351,Kamalanonview,Todsapornpitakulshire,24440,Central,1993-12-12,Male,Widowed,2024-08-12
CUST_d265,Kunaporn Wasunun,chaisatitchayanin@yahoo.com,06-4706-5679,44374 Kitprapa Terrace,Port Nutwadeemouth,Port Jaruwanchester,99047,Central,1990-04-13,Other,Other,2025-05-16
CUST_513b,Chawin Siripaiboo,pintusorn67@hotmail.com,06-3350-4584,08805 Neerachapong Village Suite 718,East Kamolchanok,East Pakjira,18019,Northern,1997-01-01,Male,Married,2026-03-10
CUST_0ce0,SUB LT Pachongruk Chomsri,supasit09@hotmail.com,09-5186-9837,206 Noppakao Tunnel,Tunchanokville,North Kodchaporn,54658,Northern,1994-10-15,Male,Married,2021-06-24
CUST_9bd6,Wassaya Kitprapa,teetat42@yahoo.com,09-1480-3970,04322 Kamalanon Mall,Chanikanberg,Nutkritahaven,20624,Northern,1998-06-28,Male,Other,2026-03-23
CUST_6e14,Teetat Benchapatranon,thantananontapisara@yahoo.com,06-9944-9772,72703 Thantananont Corners,Kulnunland,Boonpungbarameeville,21459,Central,2008-04-12,Other,Divorced,2023-03-14
CUST_e9d8,MAJ Todsawun Youprasert,ineerachapong@yahoo.com,08-5647-4754,30412 Pikatsingkorn Locks,Aunyapornview,Pichpandechamouth,56728,Central,1998-11-14,Other,Married,2025-10-17
CUST_562c,Patchaploy Wannapaitoonsri,kulnunpitanuwat@gmail.com,09-4162-7993,67256 Pada Spurs Suite 146,Port Pada,Darinburgh,17237,Northeast,2000-01-12,Other,Married,2023-02-03
CUST_7db3,Parin Neerachapong,vethayasaschaifah@hotmail.com,06-8976-4609,7470 Pitipat Dale,North Kunaporn,Port Darinbury,12440,Northern,1995-08-26,Female,Single,2025-03-15
CUST_a03d,Chayapat Pikatsingkorn,primatrikasemmart@yahoo.com,09-4678-0269,277 Puntira Place,New Chayapatport,Pianduangsrihaven,04756,Northern,1994-12-07,Other,Married,2023-11-16
CUST_2629,Aunyaporn Sittisaowapak,wimolnotpattatomporn@hotmail.com,06-4444-1974,801 Suraprachit Lock Apt. 515,Lake Pitipatstad,Krittayanukoonfurt,88046,Central,1989-10-17,Male,Married,2024-11-16
CUST_0b49,Pakjira Wasunun,patcharapornpongpanitch@gmail.com,08-1038-1828,766 Prayoonhong Port Apt. 338,New Pitipat,Permchartland,12246,Northeast,1988-12-23,Other,Other,2023-06-17
CUST_bc1d,Yanisa Prachayaroch,ukongchayasukawut@gmail.com,09-4737-3715,0901 Noppakao Isle Suite 008,Prayoonhongstad,Noppakaomouth,59347,Central,2002-03-24,Male,Married,2024-04-28
CUST_6b60,Wassaya Kamalanon,prayoonhongaunyaporn@gmail.com,06-8113-5794,9088 Pichpandecha Coves Apt. 524,Kodchapornmouth,East Phenphitcha,95976,Northeast,1995-09-27,Other,Widowed,2025-08-02
CUST_41e8,Chaiwut Turongkinanon,prakalpawongpada@gmail.com,09-4643-4373,69307 Sorawut Inlet Apt. 751,North Supasitaborough,North Pramesstad,58093,Northern,2004-02-05,Female,Married,2021-03-28
CUST_fd9a,Phubes Chomsri,patchaploywasunun@gmail.com,09-1492-6751,68000 Vethayasas Prairie Apt. 016,Kongchayasukawutview,Prachayarochchester,81877,Northern,1998-12-23,Female,Married,2021-03-10
CUST_bddc,Sorawut Wimolnot,yada30@gmail.com,06-1881-5788,075 Pattapon Dale,Lake Supasitachester,West Pachongrukport,90114,Central,1994-07-12,Male,Other,2023-06-09
CUST_4fa9,Pattamon Prachayaroch,boonpungbarameepeem@yahoo.com,08-6171-2730,8805 Chomsri Cliffs,East Suwijuk,Port Chayanin,13009,Central,1988-06-11,Male,Married,2021-05-24
CUST_a536,Nattawun Matinawin,patchaploy38@yahoo.com,08-7847-9773,4946 Nutkrita Harbors Suite 968,South Prames,North Aunyaporn,37088,Central,1990-07-28,Male,Other,2021-01-13
CUST_e105,Sorawut Wasunun,kulnun58@hotmail.com,06-7257-8428,4651 Parin Extension,Prayoonhongbury,Wasinfort,53144,Central,1986-02-07,Other,Widowed,2025-07-02
CUST_cf95,Jinjuta Kumsoontorn,psireelert@yahoo.com,09-3382-5241,6404 Pasuk Greens,South Chawin,Lake Phenphitchaside,28674,Northern,1988-09-22,Female,Single,2023-07-05
CUST_f591,Atit Titipatrayunyong,jaruwan08@yahoo.com,09-1482-7086,9627 Chanya Park,Port Sitiwatburgh,West Pachongruk,93108,Northern,1999-07-17,Female,Other,2024-01-05
CUST_26d0,Patcharaporn Sukhenai,patchaploy36@hotmail.com,08-3108-8485,09858 Pawan Isle,Lake Pitipatmouth,Neerachapongton,29437,Northern,1993-07-21,Other,Single,2021-05-19
CUST_da15,Kunaporn Pichpandecha,arisara93@yahoo.com,09-3665-4057,69784 Posalee Hill Apt. 059,Kunapornview,Port Niracha,84616,Northern,1993-04-13,Other,Other,2021-02-17
CUST_088e,Pornchanok Neerachapong,cnorramon@gmail.com,09-2854-9076,01043 Methavorakul Bridge Suite 709,New Arisarashire,East Pakjira,29742,Western,2006-03-09,Female,Married,2025-08-04
CUST_97f2,Nutkrita Polauaypon,norramonniracha@yahoo.com,09-7336-5171,7561 Jinjuta Crossing Apt. 373,Pattatompornborough,Sujjaboriboonhaven,65833,Northern,1990-01-17,Female,Widowed,2025-06-03
CUST_0892,Tunradee Prachayaroch,atit97@hotmail.com,06-2839-4927,8248 Kittakun Place,Lake Yada,East Peemburgh,47201,Northern,1985-10-16,Male,Divorced,2023-06-11
CUST_f2c1,CPL Wasin Trikasemmart,tunchanok44@hotmail.com,08-1729-3232,242 Kongsri Points Apt. 097,North Nutwadee,Vinyuvanichkulberg,86642,Central,1990-08-23,Other,Married,2024-05-13
CUST_a9c3,Chawin Sireelert,aunyaporn67@yahoo.com,06-4708-5722,4511 Kamalanon Ports Suite 517,Todsawunside,Nutwadeehaven,58124,Northern,2008-01-06,Other,Divorced,2026-01-25
CUST_13ad,Prima Choeychuen,pongpanitchpitipat@gmail.com,08-4854-8013,76843 Patcharaporn View,Lake Pattapon,Chanikanfurt,97385,Central,2008-05-17,Female,Single,2021-11-27
CUST_7759,Darin Kitprapa,chaihirankarnnoppakao@gmail.com,09-7517-7328,2522 Pattamon Forges,Anonbury,West Pitipatstad,98364,Northeast,2001-05-04,Male,Divorced,2023-03-21
CUST_3993,FS 1 Chayapat Vinyuvanichkul,tunchanokbunlupong@gmail.com,09-0882-8529,10529 Pada Parkways Apt. 852,Anekvorakulbury,North Wasinside,99892,Northern,2002-02-03,Male,Married,2024-10-26
CUST_61d8,Chawin Chaihirankarn,prachayarochanon@gmail.com,08-2836-9027,313 Siripaiboo View,Methavorakulmouth,Anekvorakulport,57834,Central,2003-01-04,Female,Single,2024-12-15
CUST_b2c7,Atit Titipatrayunyong,polpotunradee@gmail.com,06-8925-3418,9606 Neerachapong Spurs Suite 176,Pianduangsriport,North Primaberg,31149,Western,2004-04-06,Other,Single,2025-06-26
CUST_8d53,Teetat Prachayaroch,youprasertpattapon@yahoo.com,08-9568-9055,589 Thantananont Keys Suite 415,West Nichakarn,Kamolchanokchester,93748,Northern,2002-12-01,Other,Divorced,2024-06-02
CUST_ce90,Nutwadee Pichpandecha,peem43@yahoo.com,06-8274-7017,91545 Pannawich Village Apt. 385,East Padaland,Pachongrukchester,27829,Central,2000-07-14,Female,Other,2023-07-27
CUST_c288,Kodchaporn Kongsri,kulnun95@yahoo.com,09-8146-6976,08008 Permchart Isle Suite 235,Lake Kulnunshire,Titipatrayunyongshire,68641,Western,1990-08-14,Male,Divorced,2026-03-20
CUST_6d72,Darin Youprasert,niracha84@hotmail.com,09-6858-5561,34032 Matinawin Rue,New Nutkrita,Port Pakjirastad,76126,Northeast,2006-01-06,Other,Widowed,2026-01-17
CUST_abd4,Chayapat Youprasert,atit35@yahoo.com,08-5706-9775,3984 Intaum Plaza,Pakfurt,Kamolchanokland,59958,Southern,1998-10-03,Other,Divorced,2024-01-15
CUST_2d45,Yada Methavorakul,noppakaobenchapatranon@yahoo.com,06-3029-2980,5353 Pakjira Vista Apt. 569,North Jaruwan,North Supasit,00520,Northern,2003-08-23,Male,Divorced,2024-06-07
CUST_4177,Chaiwut Wimolnot,msiripaiboo@hotmail.com,09-9269-1275,2591 Atit Expressway,New Pannawichport,Lake Yada,19055,Southern,1985-03-07,Female,Other,2024-02-16
CUST_a71d,Jinjuta Pongpanitch,suvakit13@yahoo.com,09-5193-8051,334 Permchart Mountains,West Prima,Lake Sitiwatfort,42169,Eastern,1993-01-03,Female,Other,2021-11-28
CUST_73f4,Chanikan Kitprapa,apisara25@gmail.com,09-6568-9648,0957 Suraprachit Center,Wasinview,South Nattawunshire,47241,Central,2000-10-09,Male,Single,2023-08-15
CUST_b06b,Nutwadee Intaum,kulnun76@gmail.com,06-5856-6831,969 Anon Stream Apt. 842,Lake Sarunporn,Pattamonbury,91373,Northeast,2008-12-11,Female,Divorced,2023-02-23
CUST_2161,Sorawut Siripaiboo,chalisa78@yahoo.com,08-8610-3871,92494 Sooksawang Prairie Apt. 610,East Darinland,West Anon,44638,Northern,1988-06-23,Other,Divorced,2026-05-16
CUST_38c3,Nichakarn Kongsri,noppakaovethayasas@hotmail.com,08-4838-2093,585 Pianduangsri Vista Apt. 273,Methavorakulfort,Chanyaburgh,81031,Central,2001-01-14,Female,Other,2025-06-23
CUST_c43c,S M 3 Peem Kamalanon,pitanuwatsittikorn@gmail.com,06-8584-7770,204 Nutkrita Stream,North Jitrinfort,Lake Sarunporn,49394,Central,2002-04-10,Male,Single,2023-03-01
CUST_a0ff,Kamolchanok Turongkinanon,prayoonhongsittikorn@gmail.com,09-9444-9599,89640 Anon Well Suite 036,West Chalisamouth,Lake Teetatchester,80130,Northeast,1995-10-18,Other,Married,2023-03-22
CUST_c0a4,Suwijuk Matinawin,kongchayasukawutsitiwat@gmail.com,08-3656-6049,57925 Tunchanok Row,Pichpandechaside,Pakjiraton,67603,Northeast,2000-03-21,Male,Widowed,2021-07-15
CUST_b04e,Noppakao Kitprapa,aunyaporn58@gmail.com,06-7147-6946,73396 Arisara Heights,North Wassayabury,New Chalisa,72495,Central,1986-09-12,Female,Widowed,2022-09-27
CUST_29cd,Suwijuk Tungkasethakul,nutwadee66@hotmail.com,08-2749-1005,8449 Methavorakul Mountains,Nattawunshire,Siripaiboobury,10875,Northern,2003-07-10,Other,Other,2025-05-18
CUST_c83d,Chayanin Sukhenai,vpermchart@hotmail.com,08-2860-3828,93103 Wasin Mills Suite 402,East Prames,East Peemport,47323,Central,1998-12-01,Female,Other,2022-02-24
CUST_766a,Yada Thantananont,anekvorakulnoppakao@hotmail.com,06-9615-6794,61865 Sorawut Glen Suite 407,Lake Kunaporn,Patcharapornview,82392,Central,2003-04-05,Male,Divorced,2023-03-05
CUST_fb26,FS 2 Pornchanok Turongkinanon,nutwadeepermchart@gmail.com,08-5165-7519,6011 Siripaiboo Street,Port Nirachaberg,Anekvorakulton,92656,Central,1993-04-14,Female,Widowed,2024-03-25
CUST_c447,Teetat Sujjaboriboon,chalisatianvarich@gmail.com,06-9241-3315,8287 Wasunun Views Suite 587,East Nirachaport,Tungkasethakulshire,59972,Northern,1999-12-15,Female,Divorced,2022-06-04
CUST_b7fb,Pak Chowitunkit,trikasemmartchalisa@hotmail.com,08-9861-7984,3022 Chaiwut Locks,Pornchanokfurt,Pikatsingkornmouth,15522,Northern,2008-11-20,Male,Divorced,2023-12-09
CUST_43a3,PO 2 Phubes Siripaiboo,wassaya43@hotmail.com,09-0729-4192,925 Krittayanukoon Fords Suite 539,Kodchapornville,Sooksawangville,44946,Central,2002-03-10,Other,Other,2023-03-05
CUST_18dd,Wasin Bunlerngsri,kamolchanoksorattanachai@gmail.com,09-6225-1783,1461 Anon Stravenue Suite 332,Chayapatshire,Port Chayanin,66732,Southern,2007-03-25,Male,Single,2022-11-12
CUST_3d1c,Chalisa Boonpungbaramee,patchaploymatinawin@gmail.com,09-6029-3870,933 Kongsri Keys Suite 847,Pattapontown,Lake Pachongruk,70922,Northern,2006-08-01,Female,Widowed,2025-12-18
CUST_6753,Chawin Thantananont,lpongpanitch@yahoo.com,08-3413-2429,1690 Yanisa Key Apt. 807,Tianvarichmouth,Wimolnotville,38637,Central,1997-09-27,Other,Single,2024-01-28
CUST_aebd,Atit Matinawin,todsawun67@yahoo.com,08-4810-9836,84186 Wasin Center,Pachongrukfurt,Sujjaboriboonborough,83554,Northern,2001-06-21,Other,Divorced,2021-02-27
CUST_16a6,Thanatcha Benchapatranon,tmethavorakul@hotmail.com,09-3047-7914,4714 Nutwadee Avenue Apt. 586,Lake Nutwadeeside,New Pramesshire,76700,Northeast,2002-08-28,Male,Widowed,2023-04-08
CUST_1a4a,Nutkrita Kumsoontorn,kamolchanok67@gmail.com,08-2625-1005,0056 Thanatcha Point Suite 385,Pannawichstad,Sireelertport,56189,Northeast,1984-10-08,Male,Single,2024-03-01
CUST_d3db,Parin Prayoonhong,sittikorntrikasemmart@yahoo.com,08-5075-9729,5353 Tunradee Place Suite 077,Phusilarungruengland,North Puntirachester,08677,Central,1999-03-03,Other,Divorced,2024-01-26
CUST_6b3f,Kodchaporn Pitanuwat,xpasuk@gmail.com,06-0350-4002,365 Chalisa Bypass,West Chanikan,North Patcharaporn,13448,Northeast,1992-08-08,Male,Single,2024-09-26
CUST_4746,Jitrin Kongsri,ytianvarich@gmail.com,08-4867-8871,900 Pakjira Curve Apt. 364,Wassayaland,Polpomouth,63393,Central,1995-09-28,Other,Married,2023-07-26
CUST_6ffa,Suvakit Suraprasert,hprachayaroch@hotmail.com,08-6637-9911,775 Chomsri Ports Suite 562,Port Apisara,Jitrintown,50103,Northern,1997-06-06,Male,Other,2024-07-28
CUST_ea65,Phenphitcha Prachayaroch,ltungkasethakul@yahoo.com,08-1027-5131,1551 Kamolchanok Motorway Suite 589,New Pattapon,East Tunradeechester,64827,Western,1993-01-10,Female,Other,2022-06-12
CUST_6e06,Sittikorn Posalee,youprasertpannawich@gmail.com,09-5245-0078,9723 Pak Fall,North Sitiwat,Lake Supasitaland,94480,Northern,1990-04-05,Male,Married,2026-02-16
CUST_70f9,Jinjuta Kitprapa,losatapornpipitchayapat@gmail.com,06-4101-1750,6220 Pannawich Key,East Phenphitcha,South Chayaninmouth,51864,Central,1993-12-27,Other,Married,2022-12-06
CUST_7a3e,Parin Kamalanon,bsittisaowapak@gmail.com,06-2995-4848,60576 Nichakarn Corner,Port Nutkrita,Posaleebury,28387,Central,2008-09-13,Male,Divorced,2023-06-06
CUST_4842,Suwijuk Benchapatranon,jaruwanbunlupong@hotmail.com,08-9559-7242,291 Yada Route,Pitipatberg,Tianvarichland,41524,Western,1994-02-27,Other,Widowed,2022-06-01
CUST_1b85,Phubes Lertsattayanusak,kodchapornsrisoontorn@yahoo.com,08-5949-6870,68097 Vinyuvanichkul Summit,Todsapornpitakulbury,Port Pitipatland,22012,Northern,1996-01-05,Male,Other,2025-11-14
CUST_99ae,S M 2 Teetat Benchapatranon,choeychuenteetat@yahoo.com,08-7925-6544,8671 Prachayaroch Trace,Pitipatburgh,West Darin,88401,Northeast,2008-10-03,Other,Married,2023-05-20
CUST_e070,POL L/C Pintusorn Phusilarungrueng,akumsoontorn@hotmail.com,06-9102-6424,5697 Methavorakul Square,Matinawinview,South Darin,34464,Central,2007-11-16,Female,Divorced,2026-02-17
CUST_e845,Pattamon Bunlupong,usittisaowapak@hotmail.com,08-1477-0164,624 Chawin Rapids Apt. 395,West Pattatompornmouth,Lake Chalisaside,77286,Northern,1994-11-06,Female,Other,2024-06-23
CUST_9bbf,Parin Anekvorakul,choeychuentunradee@gmail.com,06-5554-9190,3322 Patchaploy Passage,Pikatsingkornside,Pianduangsrimouth,56188,Central,2000-10-19,Other,Widowed,2021-04-16
CUST_4cbe,GEN Wassaya Kitprapa,uthantananont@gmail.com,06-0252-0926,84762 Pitanuwat Curve Suite 883,Lake Chanikan,Lake Jitrinchester,61945,Northern,1983-04-03,Female,Widowed,2023-03-20
CUST_e3bb,Chayanin Suraprasert,chanikan22@hotmail.com,09-1354-5836,2646 Tungkasethakul Lock Suite 027,Posaleeview,West Tunchanokburgh,65214,Central,1991-03-17,Other,Married,2022-02-02
CUST_11ff,Tunchanok Intaum,akitprapa@gmail.com,06-9161-2257,1091 Anon Shoal Apt. 896,Tungkasethakulchester,Port Chalisa,33676,Central,1996-01-27,Male,Other,2025-10-11
CUST_ae0d,Noppakao Suraprachit,chalisa92@yahoo.com,08-2079-3557,3850 Intaum Viaduct,Atitport,North Supasita,81792,Central,1982-03-19,Male,Widowed,2023-11-11
CUST_521b,Sorawut Kumsoontorn,bunlerngsripatchaploy@hotmail.com,09-1179-4753,503 Todsapornpitakul Court,Boonpungbarameemouth,Boonpungbarameeview,87760,Southern,2000-04-26,Other,Divorced,2023-03-16
CUST_1f7a,Parin Intaum,opermchart@hotmail.com,08-9657-3315,909 Prachayaroch Cape Suite 722,New Chaifah,West Chaiwut,47100,Northern,1991-02-09,Other,Other,2024-07-20
CUST_6a5f,MR Suwijuk Permchart,pattamonchaisatit@gmail.com,09-5558-0352,926 Noppakao Spring Apt. 215,Pachongrukbury,East Tunchanokburgh,68565,Northern,1988-12-16,Male,Other,2023-01-11
CUST_d084,Phenphitcha Turongkinanon,intaumteetat@gmail.com,06-2386-0420,48128 Intaum Hill Apt. 068,Polpochester,Nutwadeehaven,08813,Central,1992-01-10,Female,Married,2024-07-06
CUST_cb25,AM Wasin Turongkinanon,chayapat03@gmail.com,09-0916-1411,0244 Chaihirankarn Well Suite 731,North Primaburgh,Jinjutaview,89182,Northern,1996-09-23,Other,Married,2024-05-05
CUST_775a,Chayanin Sorattanachai,tungkasethakulchayanin@yahoo.com,08-2901-5000,82949 Polpo Path,New Tunchanokbury,East Jaruwan,45954,Central,1989-02-27,Female,Divorced,2026-05-24
CUST_2fab,Supasit Pikatsingkorn,ucharoensuksopol@yahoo.com,08-1550-7114,0173 Srisoontorn Cove,South Sarunporn,Chayaninmouth,74136,Northern,1990-01-14,Female,Single,2025-01-02
CUST_6d7d,Phubes Kitprapa,kunaporn39@gmail.com,09-1646-4561,98181 Kamolchanok Ridges Suite 423,Polauayponview,Pramesmouth,51728,Southern,1991-06-05,Other,Divorced,2022-06-14
CUST_52d8,Pak Prayoonhong,uprachayaroch@hotmail.com,09-5175-1950,188 Pawan Drive Apt. 267,Patcharapornhaven,South Nichakarn,03516,Central,1996-09-28,Other,Widowed,2023-05-12
CUST_8398,Patcharaporn Sukhenai,norramonchanikan@yahoo.com,06-6668-5310,77674 Pasuk Mall,Todsapornpitakulborough,Sukhenaiville,51415,Northern,2000-07-04,Other,Other,2024-10-07
CUST_d424,Kamolchanok Chomsri,kulnun12@hotmail.com,08-8235-1062,616 Pattapon Ramp,North Chayaninville,New Nutwadee,16554,Northeast,1987-10-13,Male,Married,2024-09-18
CUST_429c,GP CAPT Pannawich Sooksawang,bunlupongsuvakit@yahoo.com,06-5259-2199,8616 Chaihirankarn Inlet,Lake Pattamon,Aunyapornside,59141,Central,1999-08-07,Female,Married,2024-02-15
CUST_7351,Pitipat Prachayaroch,supasitapolauaypon@gmail.com,06-2979-3636,548 Yada Crossing Suite 926,Chomsriburgh,East Todsawun,97630,Northern,1987-05-28,Male,Divorced,2024-03-08
CUST_d73c,Sitiwat Wannapaitoonsri,opolauaypon@gmail.com,09-8919-1238,043 Phubes Rapids,Thantananontmouth,Siripaiboofort,00870,Northern,1995-05-24,Other,Widowed,2025-03-09
CUST_0672,Supasit Methavorakul,yvethayasas@gmail.com,09-3256-0806,3432 Pikatsingkorn Burg,Boonpungbarameechester,North Patcharapornbury,99126,Eastern,1992-05-07,Other,Widowed,2023-09-13
CUST_86ab,Wassaya Sukhenai,kulnun45@hotmail.com,08-4662-2008,2700 Parin Gardens Apt. 462,Tungkasethakulland,North Chaiwut,25323,Northern,1992-12-28,Female,Married,2023-04-25
CUST_7f4a,Kunaporn Posalee,puntirabunlerngsri@yahoo.com,09-3177-9441,718 Chanikan Curve Apt. 432,Suraprachitville,North Chayapat,49131,Central,1996-07-10,Male,Other,2021-06-28
CUST_265a,Kamolchanok Polauaypon,chowitunkitjinjuta@yahoo.com,08-5864-5269,50569 Wasin Freeway Apt. 684,Chaisatitchester,East Teetat,06269,Central,1990-01-22,Female,Single,2021-03-11
CUST_e30f,Apisara Pongpanitch,wasununtodsawun@hotmail.com,06-4238-9468,8751 Chaifah Branch Suite 576,Pannawichland,South Niracha,74393,Central,2001-08-12,Other,Single,2024-01-15
CUST_fd96,Kamolchanok Youprasert,nutcha37@hotmail.com,08-0465-7388,4459 Chaisatit Branch,West Peemside,Lake Tunchanok,73408,Northern,2008-12-03,Male,Widowed,2024-04-18
CUST_bc01,Anon Sukhenai,fsireelert@hotmail.com,09-0798-2287,52702 Wimolnot Wells Suite 553,Pattamonberg,South Kulnun,96466,Northern,1998-03-27,Female,Divorced,2024-05-05
CUST_9791,Jaruwan Sukhenai,gwasunun@yahoo.com,09-4128-4393,79664 Krittayanukoon Oval,Losatapornpipitview,Nutwadeeton,54829,Northern,1995-11-23,Other,Widowed,2026-01-14
CUST_6fa2,Pattamon Sukhenai,prames50@yahoo.com,09-1418-0241,8043 Bunlupong Pike,West Pawanfurt,Chaifahberg,86675,Northern,1988-02-03,Female,Single,2026-04-10
CUST_e3dd,MR Supasita Pikatsingkorn,arisarasooksawang@yahoo.com,08-6821-8844,286 Thanatcha Creek,Pachongrukville,Chayapatburgh,96930,Eastern,1994-03-15,Male,Divorced,2026-03-18
CUST_9162,ACM Todsawun Siripaiboo,teetat25@gmail.com,09-7320-8622,74944 Benchapatranon Lodge Apt. 904,Puntirastad,Pichpandechafort,46990,Northeast,2000-12-02,Female,Widowed,2021-12-08
CUST_4c61,Sitiwat Srisoontorn,jyouprasert@hotmail.com,08-5192-2615,19668 Pannawich Hills,New Pakjira,South Sitiwatside,98880,Southern,2000-08-02,Female,Divorced,2024-03-08
CUST_7a42,Pada Bunlerngsri,chaihirankarnnutwadee@gmail.com,09-2358-9330,992 Wannapaitoonsri Road,Port Puntira,East Tunchanokmouth,75478,Northern,2003-12-19,Other,Widowed,2022-05-03
CUST_71f9,Jaruwan Choeychuen,jitrinsukhenai@gmail.com,09-5709-8050,466 Chaiwut Roads,New Nutwadeetown,Chomsrifort,62321,Central,1987-10-18,Male,Divorced,2025-10-10
CUST_0344,Tunchanok Todsapornpitakul,anon13@gmail.com,06-9210-1932,790 Trikasemmart Inlet,Pattaponmouth,Pawanton,98690,Northern,2002-10-18,Female,Other,2025-02-26
CUST_707a,PHRAKHU DHAMMADHORN Kamolchanok Vethayasas,pasuksitiwat@gmail.com,08-6132-7946,386 Chowitunkit Turnpike,West Pannawichbury,Suvakitbury,35482,Western,1998-02-21,Male,Widowed,2023-09-05
CUST_0d3e,Wassaya Kamalanon,chowitunkitratchanon@gmail.com,06-9144-5266,353 Prachayaroch Hollow Apt. 854,North Supasitport,Permchartville,86862,Northern,1993-12-22,Female,Married,2024-04-14
CUST_3205,Chanikan Kittakun,atit68@hotmail.com,06-3410-9274,547 Kittakun Mill Apt. 853,North Suwijukbury,Patchaployport,46386,Northeast,1984-08-26,Other,Married,2024-07-27
CUST_76c3,Nutkrita Chaisatit,vtungkasethakul@gmail.com,09-4986-4922,30172 Suraprachit Knolls Apt. 384,Kongchayasukawutton,Norramonbury,46337,Central,2008-11-17,Other,Widowed,2025-06-14
CUST_e61f,Darin Tungkasethakul,suwijuk06@hotmail.com,09-9925-5897,87008 Charoensuksopol Loaf Suite 596,South Suwijukmouth,Siripaiboobury,15011,Southern,1995-09-26,Female,Married,2021-05-19
CUST_5563,Pitipat Neerachapong,xintaum@yahoo.com,09-2095-1304,18116 Wasin Path,Port Jaruwan,Lake Darin,80168,Northern,1990-08-04,Female,Widowed,2022-07-18
CUST_9ac9,Wasin Choeychuen,phenphitchavethayasas@yahoo.com,08-8842-5770,31352 Neerachapong Plain,South Nutcha,Pornchanokborough,41178,Northeast,2004-07-06,Other,Single,2026-01-25
CUST_0443,Patcharaporn Matinawin,jwasunun@yahoo.com,06-8955-7657,130 Pitanuwat Union Apt. 712,Pitanuwatside,Methavorakulville,95835,Central,1999-07-18,Other,Divorced,2025-07-17
CUST_c477,POL LT Patchaploy Pianduangsri,chanikanwimolnot@gmail.com,08-5252-9856,27524 Todsawun Cliffs Suite 427,South Phubestown,Srisoontornport,28992,Northern,1984-03-16,Other,Married,2022-09-11
CUST_db90,Chawin Losatapornpipit,youprasertsupasita@gmail.com,08-0343-5625,131 Pak Wall,Lake Suvakitton,New Nutkrita,66626,Northern,1993-11-10,Other,Other,2024-03-13
CUST_f165,Pakjira Trikasemmart,fkamalanon@yahoo.com,06-7262-1201,24021 Suvakit Mills,Port Chanyafort,Norramonhaven,97911,Central,1982-05-04,Male,Other,2024-04-25
CUST_ce8e,Parin Titipatrayunyong,thanatchabunlupong@hotmail.com,06-2861-0902,6012 Chanya Cliff Apt. 120,West Supasita,North Suvakit,33794,Central,1991-02-26,Other,Single,2025-11-16
CUST_a14b,Aunyaporn Sorattanachai,jaruwanwimolnot@gmail.com,09-6148-0412,469 Chaifah Union Apt. 939,West Nutchahaven,West Chayanin,96743,Northern,2001-01-03,Female,Other,2024-02-08
CUST_ca4c,CPO 3 Jitrin Kumsoontorn,pintusornvinyuvanichkul@yahoo.com,08-2138-8938,3154 Wassaya Circles Suite 998,Suraprasertview,Chayapatfort,93090,Central,2008-10-28,Female,Divorced,2022-09-13
CUST_3b7e,Supasit Sooksawang,ratchanonsorattanachai@hotmail.com,09-9112-7479,3567 Sarunporn Port,West Tunchanokfort,Pichpandechamouth,08684,Southern,2004-05-04,Male,Widowed,2025-05-25
CUST_58a4,Arisara Chowitunkit,darinpitanuwat@hotmail.com,09-1677-6251,512 Tunradee Motorway,West Sorawut,Chanikanbury,53463,Northern,2008-08-15,Female,Single,2025-06-28
CUST_739d,Jitrin Wannapaitoonsri,qtodsapornpitakul@gmail.com,09-0416-7991,215 Sukhenai Drive Apt. 082,East Todsawunmouth,Nutwadeeland,83198,Northern,1995-08-15,Male,Other,2024-12-23
CUST_cd59,Nutkrita Sooksawang,prachayarochphenphitcha@yahoo.com,06-0959-2702,7647 Sorawut Wells,Pakhaven,West Nichakarnhaven,33305,Southern,1986-08-22,Female,Widowed,2026-01-01
CUST_edb0,Patcharaporn Wimolnot,pornchanokposalee@yahoo.com,09-9708-2508,5096 Chanikan Common Suite 099,Methavorakulhaven,North Chanyachester,41117,Northeast,2008-09-06,Female,Single,2025-02-22
CUST_c617,Kamolchanok Kamalanon,krittayanukoonpachongruk@yahoo.com,08-3869-5616,978 Darin Freeway,New Jaruwantown,North Kulnun,31452,Northern,1993-11-21,Other,Other,2024-10-04
CUST_28b6,Pada Pichpandecha,gsuraprachit@hotmail.com,08-2668-2088,11290 Suraprachit Lane Suite 379,Port Pattapon,Sukhenaibury,94752,Northeast,1994-02-07,Female,Single,2025-10-19
CUST_3bd0,Patcharaporn Phusilarungrueng,nutwadee69@gmail.com,06-0642-0447,6101 Noppakao Heights,New Chalisa,New Patcharapornmouth,37004,Northeast,1999-02-27,Female,Widowed,2025-10-22
CUST_0fac,Pakjira Vethayasas,wassayaintaum@hotmail.com,08-5830-9619,97015 Kamalanon Glen,Permcharttown,Sittikornhaven,30965,Northern,2001-03-17,Other,Divorced,2024-09-25
CUST_18d9,Apisara Bunlerngsri,pattamon81@hotmail.com,08-2942-3813,125 Vinyuvanichkul Well Suite 496,Nutwadeestad,Intaumfurt,47659,Western,2007-07-21,Male,Other,2022-05-25
CUST_c4de,Tunchanok Youprasert,mprachayaroch@hotmail.com,08-1599-2955,5570 Trikasemmart Mission Apt. 955,Kodchapornmouth,Pachongrukshire,41264,Northern,1987-10-09,Male,Divorced,2026-02-17
CUST_193a,Chanikan Permchart,yadacharoensuksopol@hotmail.com,09-2236-8207,836 Puntira Ports Suite 153,Phusilarungruengmouth,East Chaifahshire,08659,Central,2004-12-14,Female,Married,2023-08-25
CUST_1ba7,Pattamon Prachayaroch,youprasertkamolchanok@yahoo.com,09-1284-7525,79962 Benchapatranon Turnpike,Kumsoontornberg,Lake Kunapornhaven,77888,Eastern,1992-04-23,Other,Single,2024-12-18
CUST_6258,Kodchaporn Suraprachit,cvinyuvanichkul@yahoo.com,08-7692-6469,3577 Wasin Valley Suite 250,West Thanatcha,New Nichakarnhaven,39749,Central,2008-03-19,Female,Widowed,2024-12-23
CUST_fedb,Yanisa Chaihirankarn,zmatinawin@gmail.com,09-0753-1978,34120 Chalisa Villages Apt. 641,Arisarafurt,South Padashire,23762,Western,2002-11-03,Other,Divorced,2024-09-19
CUST_d917,Tunradee Matinawin,kongchayasukawutprames@hotmail.com,08-1636-7807,80332 Wasin Groves,West Arisaramouth,Losatapornpipitmouth,11566,Northeast,1978-02-28,Other,Divorced,2024-02-05
CUST_fb20,Noppakao Wasunun,pada06@yahoo.com,09-6690-2565,0438 Bunlupong Pike Apt. 899,North Patchaploy,Port Pitipat,44414,Central,1996-01-14,Male,Single,2025-10-04
CUST_c074,Atit Permchart,jkamalanon@yahoo.com,08-9153-0091,86045 Charoensuksopol Ferry Apt. 110,Prakalpawonghaven,Yadaville,22703,Southern,1997-10-14,Female,Other,2024-01-07
CUST_7729,S M 3 Suwijuk Chaisatit,suvakit58@hotmail.com,08-1281-2946,4615 Prayoonhong Summit Apt. 024,Choeychuentown,East Nattawunbury,35373,Northern,1986-01-15,Female,Single,2023-08-06
CUST_7ea5,Anon Methavorakul,vchaihirankarn@gmail.com,09-8263-3786,530 Yanisa Rest Apt. 090,Lertsattayanusakton,Port Yada,72775,Central,1988-01-28,Male,Other,2021-04-16
CUST_1f9a,Nutcha Norramon,osujjaboriboon@yahoo.com,09-8391-3364,4373 Teetat Forks Suite 749,West Apisara,North Suvakit,97652,Northern,1998-04-07,Female,Married,2022-02-16
CUST_9e7e,LT Prima Pasuk,kodchapornsooksawang@gmail.com,08-5067-9551,639 Phusilarungrueng Shores,Pornchanoktown,Pornchanokton,71820,Central,1989-02-27,Other,Other,2024-11-08
CUST_69bb,PLT OFF Jaruwan Polpo,wchoeychuen@hotmail.com,08-8911-6249,68116 Pitipat Drive,Port Primaton,Kulnunmouth,07464,Northeast,1995-11-04,Other,Married,2021-08-25
CUST_0ef8,Apisara Turongkinanon,boonpungbarameenutkrita@yahoo.com,08-8896-6363,772 Kumsoontorn Mountains Apt. 089,Parinberg,Lertsattayanusakton,35636,Northern,2000-04-02,Female,Single,2023-02-12
CUST_60ed,Kamolchanok Pichpandecha,pkumsoontorn@gmail.com,09-0435-1592,073 Nutcha Knoll Suite 148,South Kulnunstad,Lake Anonchester,97698,Central,1990-01-13,Male,Other,2025-12-25
CUST_3613,Ratchanon Kongchayasukawut,nirachaprayoonhong@gmail.com,08-7535-8009,1378 Lertsattayanusak Garden Apt. 850,West Sarunporn,Charoensuksopolland,13396,Central,1991-04-16,Other,Married,2023-11-19
CUST_02f6,SGT Chawin Sorattanachai,sukhenaichanikan@yahoo.com,09-9144-1702,3359 Prachayaroch Meadow,Todsawunbury,North Chalisastad,02864,Central,1996-04-25,Other,Other,2023-03-18
CUST_93ef,Kulnun Benchapatranon,phenphitcha02@hotmail.com,08-9540-3404,5565 Thantananont Locks,Kamalanonport,Port Peemborough,25517,Northern,1994-11-10,Male,Widowed,2025-01-10
CUST_5ef3,Jitrin Chomsri,nutwadeesiripaiboo@hotmail.com,06-3021-4550,62253 Prachayaroch Ways Apt. 711,North Kodchapornport,Chawinchester,84431,Northern,2003-06-19,Female,Other,2024-07-10
CUST_db02,Teetat Prayoonhong,prachayarochpatcharaporn@gmail.com,06-1946-9131,461 Phenphitcha Corner Apt. 188,Port Nattawunside,Sukhenaichester,52249,Central,1989-08-21,Female,Other,2024-02-16
CUST_8907,Supasita Pongpanitch,chanyaturongkinanon@hotmail.com,06-1482-8072,0147 Wannapaitoonsri Isle Apt. 284,Patchaploytown,West Prima,05945,Southern,1982-09-26,Female,Divorced,2024-03-08
CUST_d795,Sorawut Pikatsingkorn,todsapornpitakulpakjira@hotmail.com,09-1654-8978,547 Wannapaitoonsri Fort Suite 763,Sukhenaitown,Youpraserthaven,72406,Northeast,2002-09-09,Female,Single,2023-01-09
CUST_dc7c,Chayapat Youprasert,pannawich27@gmail.com,08-8906-7948,03464 Nichakarn Orchard,South Peem,Prayoonhongview,40919,Central,2008-06-23,Male,Divorced,2023-06-19
CUST_c518,Yada Kitprapa,pattapon81@hotmail.com,06-4757-8067,59788 Benchapatranon Estate Suite 628,Anonmouth,West Pawanport,20037,Central,1996-06-02,Male,Widowed,2023-03-03
CUST_873f,Suvakit Bunlupong,prames00@gmail.com,08-6042-1950,7879 Pattatomporn Square,Trikasemmartchester,West Yada,06710,Southern,1997-04-14,Female,Other,2022-09-06
CUST_4626,CPO 3 Chanikan Kongchayasukawut,sooksawangpada@gmail.com,09-8769-3103,525 Prachayaroch Mountain Apt. 038,Lake Wasinborough,Darinside,62326,Central,1994-08-09,Male,Married,2022-08-22
CUST_a3f5,Pannawich Pongpanitch,nutchatrikasemmart@gmail.com,06-9464-7352,98409 Permchart Trail,Sooksawangmouth,East Sitiwatville,89039,Central,2001-08-22,Female,Single,2025-07-15
CUST_8918,Pada Benchapatranon,oyouprasert@gmail.com,09-3483-0371,6180 Pintusorn Brook Suite 606,Sukhenaiburgh,East Aunyapornbury,76448,Northeast,2000-10-24,Other,Widowed,2021-07-22
CUST_d517,Pada Sooksawang,wimolnotchaifah@gmail.com,09-9613-2851,89667 Pada Lodge Apt. 525,Port Patcharaporn,Port Apisaraberg,18110,Central,1994-03-16,Male,Divorced,2026-04-05
CUST_25ac,Phubes Sorattanachai,tungkasethakulpattamon@hotmail.com,08-5965-7869,347 Sooksawang Brooks,Port Phenphitchatown,West Tunradee,73075,Central,2003-02-26,Male,Single,2023-08-24
CUST_93e9,Noppakao Sireelert,suraprasertkulnun@yahoo.com,08-6974-8788,106 Patcharaporn Crescent,Lake Yada,Lake Arisara,13769,Central,1995-04-20,Other,Single,2025-03-10
CUST_75a3,Pattapon Matinawin,xsooksawang@hotmail.com,08-0326-0604,07919 Prakalpawong Orchard,Pattatompornburgh,Benchapatranonchester,58802,Northern,1996-01-03,Female,Married,2024-09-26
CUST_6730,Pattapon Tianvarich,thanatchakamalanon@yahoo.com,06-2016-5652,535 Pothanun Lodge,Phenphitchaview,Pichpandechachester,67688,Central,2004-12-20,Female,Married,2025-08-12
CUST_8a51,Pada Siripaiboo,chayapat36@hotmail.com,06-6418-8071,37738 Pichpandecha Drives,Boonpungbarameeport,Nattawunchester,77023,Central,1996-09-14,Other,Other,2024-12-18
CUST_2c09,Parin Posalee,qpolauaypon@hotmail.com,09-2217-6593,608 Anon Creek,Lake Noppakao,Port Atit,85815,Northern,1997-09-03,Female,Single,2023-11-10
CUST_c82c,Jaruwan Polpo,nutwadee60@gmail.com,08-1442-4373,2949 Sorattanachai Land Apt. 913,North Patcharaporn,Prameston,85402,Central,1990-05-09,Female,Single,2021-01-14
CUST_2a62,Todsawun Chaihirankarn,pawankrittayanukoon@yahoo.com,09-4027-9780,7676 Pasuk Lights Apt. 525,Noppakaomouth,West Pachongrukbury,03189,Northern,1991-11-10,Other,Other,2024-05-21
CUST_a5a9,Pakjira Boonpungbaramee,prakalpawongkulnun@gmail.com,06-2649-1678,214 Permchart Stravenue Apt. 315,Port Chalisatown,Turongkinanonberg,71731,Northern,1997-08-20,Female,Other,2023-05-04
CUST_8bbb,Thanatcha Wimolnot,yadapasuk@yahoo.com,08-1219-5398,202 Pada Union,Port Pintusorn,Puntiraland,39727,Northeast,1987-03-20,Female,Widowed,2024-11-25
CUST_5b88,Pak Pongpanitch,lkamalanon@hotmail.com,08-1397-0175,78609 Sitiwat Isle,North Niracha,Supasitberg,12149,Central,1992-12-07,Male,Single,2022-01-10
CUST_5bd2,Jaruwan Choeychuen,chaifahboonpungbaramee@hotmail.com,06-4203-1492,31886 Sukhenai Burgs,Nattawunport,Sittisaowapakville,61622,Northern,1983-09-10,Female,Single,2025-10-13
CUST_e8b9,Pada Vethayasas,wimolnotchawin@yahoo.com,08-3839-9746,31510 Kongsri Oval Suite 139,Lake Apisarabury,North Chaifahhaven,18082,Central,1987-03-14,Female,Other,2023-04-15
CUST_b968,Pada Habpanom,supasit92@gmail.com,08-1861-5696,85098 Todsawun Bridge Suite 956,Methavorakulport,Lake Prameston,70594,Southern,2001-06-09,Female,Single,2023-04-19
CUST_8b53,SEA-MAN Parin Wasunun,chowitunkitpattamon@yahoo.com,08-9857-8079,64820 Choeychuen Manor Apt. 871,Prachayarochburgh,South Ratchanon,87529,Northern,1998-04-24,Male,Married,2024-06-20
CUST_3ed5,Ratchanon Chaisatit,sittikornpichpandecha@yahoo.com,09-0128-0407,909 Kongchayasukawut Plains,Port Nutwadee,Lake Wasin,75976,Central,2000-11-17,Other,Divorced,2025-03-01
CUST_dbda,L CDR Apisara Suraprachit,suwijukkongsri@hotmail.com,09-2248-7774,10950 Pawan Meadows Suite 249,Chanyaside,Sitiwatport,02292,Northeast,2001-12-28,Female,Widowed,2025-11-03
CUST_612f,Nutwadee Wimolnot,titipatrayunyongpeem@hotmail.com,08-6319-0597,529 Titipatrayunyong Islands Suite 169,Suraprachitview,Lake Supasitfurt,80793,Western,2002-02-18,Female,Other,2021-05-20
CUST_49e9,Prima Kitprapa,jsooksawang@yahoo.com,06-9930-7049,39792 Pachongruk Stravenue,Yadastad,Norramonfort,59827,Central,2003-12-27,Male,Divorced,2024-11-05
CUST_e481,Pak Titipatrayunyong,patcharaporn08@gmail.com,06-7969-2402,255 Choeychuen Corner Suite 327,South Suwijuk,Nichakarnborough,34332,Northern,1999-02-28,Male,Other,2023-12-06
CUST_b41a,SGT Wassaya Kumsoontorn,mtodsapornpitakul@gmail.com,08-2265-9355,782 Neerachapong Light Apt. 384,West Chaiwutbury,Lake Pintusornmouth,79804,Central,1999-11-15,Other,Single,2023-05-17
CUST_1ecd,Kulnun Pianduangsri,niracha93@yahoo.com,06-7170-8362,43288 Chaifah Gateway,Methavorakulshire,Port Suwijukburgh,71666,Central,2005-06-03,Male,Divorced,2026-01-13
CUST_f419,Chalisa Chowitunkit,yprayoonhong@yahoo.com,08-5292-9615,46494 Chaihirankarn Ports,Kittakunville,Port Chanikanbury,76599,Southern,2006-12-07,Female,Widowed,2022-02-11
CUST_e9ac,LAC Patchaploy Phusilarungrueng,chanyamethavorakul@hotmail.com,06-3994-9253,67063 Methavorakul Track,Srisoontornshire,Suwijukside,00621,Central,1992-03-20,Other,Widowed,2024-07-15
CUST_0283,SGT Tunchanok Polauaypon,intaumkunaporn@hotmail.com,08-0286-2440,08206 Chaihirankarn Gateway,Lake Pattamonburgh,South Darinstad,69905,Central,2000-01-03,Male,Other,2024-04-01
CUST_54e4,Atit Kamalanon,kulnun80@gmail.com,09-3907-7755,238 Phenphitcha Mountain Apt. 230,Sireelertmouth,New Chanyamouth,69138,Northeast,1989-04-23,Female,Widowed,2026-04-24
CUST_c06d,Yada Permchart,matinawinsuwijuk@gmail.com,08-9253-4092,09390 Chalisa Spurs Apt. 022,South Chanikan,Pongpanitchfort,59979,Northern,2008-02-05,Other,Single,2024-04-20
CUST_eeab,Yada Youprasert,peempasuk@yahoo.com,06-5639-8656,072 Pawan Motorway,Port Jitrin,Nutwadeeton,57555,Northern,2004-04-23,Other,Married,2023-10-11
CUST_532d,FS 1 Aunyaporn Kitprapa,chomsriprames@yahoo.com,08-9990-4320,36349 Sooksawang Cove Apt. 564,Youprasertmouth,South Kamolchanok,45412,Central,1997-10-15,Male,Widowed,2021-01-11
CUST_012d,Supasita Tungkasethakul,wmethavorakul@yahoo.com,08-2707-2083,55412 Nutwadee Highway,Neerachapongchester,South Ratchanonchester,72632,Northern,1993-02-10,Female,Other,2023-01-01
CUST_4bea,Pawan Sukhenai,suvakit21@yahoo.com,09-7132-3638,949 Pornchanok Lodge,Lake Sarunpornchester,Phenphitchaberg,38137,Northeast,1990-12-01,Other,Single,2022-04-05
CUST_d1d8,Puntira Titipatrayunyong,sittikorntitipatrayunyong@yahoo.com,06-2264-0260,53632 Tunradee Mall,Port Atitberg,Wassayaland,42028,Central,1996-08-10,Female,Divorced,2024-09-05
CUST_63ca,Wassaya Suraprasert,ktianvarich@gmail.com,09-1014-3655,78583 Kunaporn Square,North Nattawun,Suwijukfurt,28902,Central,1993-01-28,Male,Married,2026-03-11
CUST_c2cb,Noppakao Youprasert,kodchaporn35@yahoo.com,06-3667-6783,7051 Anekvorakul Forest,Lake Chaifahburgh,Kunapornside,67581,Central,1999-07-11,Male,Widowed,2024-02-06
CUST_3a68,Suvakit Pasuk,kittakunprames@gmail.com,08-6438-5446,602 Chanya Crossroad Apt. 138,South Thanatchamouth,East Teetat,70213,Northern,1985-11-26,Female,Divorced,2026-01-01
CUST_d403,Puntira Choeychuen,prima56@hotmail.com,08-4006-5448,40402 Sorattanachai Crescent,Kulnunfort,South Pattatomporn,50648,Western,1990-02-09,Male,Married,2022-07-15
CUST_24af,Nutwadee Todsapornpitakul,kamalanonnoppakao@yahoo.com,08-9685-6331,30465 Choeychuen Plains,Nutchahaven,Kitprapaborough,48654,Northern,1999-08-01,Female,Widowed,2025-03-17
CUST_0802,Yanisa Kongchayasukawut,sireelertnutcha@yahoo.com,06-0816-4214,361 Chawin Fork,East Chalisabury,North Jaruwanview,54878,Northeast,2008-12-21,Other,Divorced,2024-10-02
CUST_32ee,Pintusorn Sooksawang,sarunporn68@hotmail.com,08-4580-3763,052 Anon Drives Apt. 176,East Wassayaview,East Sarunpornport,33619,Northern,2008-07-14,Other,Other,2025-06-03
CUST_7e51,M R Niracha Titipatrayunyong,ftungkasethakul@yahoo.com,06-5064-8823,4655 Pichpandecha Manors,New Jaruwanchester,Pornchanokfort,30819,Northern,1995-04-13,Female,Widowed,2022-04-17
CUST_eaa5,FS 3 Chaiwut Phusilarungrueng,iwannapaitoonsri@hotmail.com,09-2447-1820,528 Jaruwan Knolls Suite 810,Tunchanokmouth,North Puntira,12323,Northern,2001-01-08,Female,Married,2021-01-11
CUST_73d1,Sitiwat Choeychuen,parin59@yahoo.com,08-8461-9626,228 Pada Key Suite 869,New Puntiraton,Kumsoontornberg,86826,Eastern,1996-05-27,Other,Divorced,2021-05-03
CUST_c9be,Nutkrita Wannapaitoonsri,lpasuk@gmail.com,06-3659-7098,03160 Anon Track Suite 338,Pannawichborough,Port Patcharapornstad,03677,Central,1997-11-20,Male,Divorced,2026-04-17
CUST_023d,Jitrin Boonpungbaramee,xchowitunkit@yahoo.com,09-0058-9286,894 Thantananont Village Suite 878,North Prima,Kamalanonport,63079,Northern,1988-05-07,Male,Divorced,2024-12-05
CUST_680b,POL CAPT Kunaporn Bunlupong,fkongsri@yahoo.com,06-7621-8719,19489 Chalisa Ridges,New Teetatshire,Prachayarochview,61625,Southern,1987-06-01,Other,Divorced,2023-06-12
CUST_3084,Chayapat Chomsri,peem88@yahoo.com,06-7125-0845,57724 Chomsri Stravenue,Nutkritaview,Boonpungbarameeland,53656,Central,1999-03-15,Male,Widowed,2023-07-27
CUST_ea3b,Suwijuk Methavorakul,xsiripaiboo@yahoo.com,08-9368-5053,40803 Chalisa Village,South Pannawich,Pachongrukport,50196,Northeast,2000-09-28,Other,Married,2022-10-24
CUST_9253,Teetat Pianduangsri,pasuksorawut@gmail.com,08-4539-4163,5828 Sitiwat Lock Apt. 615,Port Suwijukton,West Pakjirastad,13501,Northern,1997-04-20,Female,Divorced,2023-01-25
CUST_cfb8,PHRAKHU DHAMMADHORN Supasit Kongchayasukawut,pongpanitchnutcha@yahoo.com,06-4070-4455,506 Patcharaporn Mountains Apt. 372,North Kodchapornbury,Phusilarungruengbury,70345,Central,2008-07-24,Female,Married,2023-06-06
CUST_5984,CAPT Yada Prayoonhong,thanatcha59@hotmail.com,06-3098-4332,170 Nutcha Rue Suite 177,Posaleeland,West Wasin,30245,Central,1981-11-10,Male,Single,2023-03-02
CUST_2f6e,Pannawich Polpo,bunlupongparin@gmail.com,09-4259-1195,4342 Permchart Walk Apt. 070,North Aunyapornton,Polpoburgh,68251,Central,1990-08-14,Male,Other,2022-07-06
CUST_5eb3,Pachongruk Thantananont,polauayponpakjira@gmail.com,09-7245-3951,56949 Prachayaroch Ford,Pianduangsribury,Pasukview,24723,Northeast,1999-11-23,Female,Married,2021-10-11
CUST_c341,Wasin Prakalpawong,paktitipatrayunyong@yahoo.com,08-9987-6004,0479 Prayoonhong Plains Suite 078,Lake Sitiwatside,Port Pramesburgh,12557,Central,1996-08-27,Female,Other,2026-01-22
CUST_9316,Supasit Wimolnot,ychoeychuen@yahoo.com,09-8544-0631,0330 Chaihirankarn Row,Nattawunfurt,Chaifahfort,02134,Central,1997-05-24,Male,Married,2024-02-02
CUST_0d63,Nattawun Pasuk,anekvorakulphubes@gmail.com,09-3817-1416,5526 Neerachapong Lane,New Yada,New Pannawich,26008,Western,1999-01-20,Other,Divorced,2026-01-18
CUST_b249,Kamolchanok Youprasert,bunlerngsriratchanon@gmail.com,09-6068-6407,32352 Jaruwan Locks Suite 149,Chaisatitfort,Atitburgh,91616,Central,1996-08-20,Male,Other,2024-03-11
CUST_2a37,Arisara Vethayasas,chaisatitnoppakao@yahoo.com,09-5057-1914,910 Patchaploy Corner,South Kulnun,New Anon,77513,Western,1997-04-14,Female,Single,2024-10-05
CUST_f249,LT Pada Permchart,cpolpo@yahoo.com,08-6545-2117,49758 Losatapornpipit Mills Suite 310,Lake Todsawun,Port Jaruwanborough,65354,Northern,1997-09-27,Male,Widowed,2023-01-01
CUST_fb08,Kulnun Kamalanon,yanisa96@hotmail.com,09-0512-9712,3767 Wannapaitoonsri Trail Apt. 639,South Peemland,Chowitunkitberg,25732,Northern,1999-07-12,Male,Single,2026-03-06
CUST_8254,Pintusorn Sorattanachai,usrisoontorn@hotmail.com,08-2297-9208,808 Thanatcha Locks Suite 794,Sorawutborough,New Nutcha,34339,Northern,1981-05-15,Male,Widowed,2025-10-08
CUST_1921,Prames Pothanun,aunyapornmethavorakul@gmail.com,08-8596-8289,3553 Bunlerngsri Ways,Lake Nattawun,West Pintusorn,19446,Southern,1990-08-11,Other,Widowed,2024-10-19
CUST_ffdd,Prames Sujjaboriboon,sarunporn01@yahoo.com,06-4419-9688,42790 Prames Ville,Sujjaboriboonborough,Pitanuwatchester,83276,Northern,2002-04-03,Male,Widowed,2024-09-23
CUST_9286,Darin Chaisatit,primasukhenai@gmail.com,08-0767-9709,95571 Posalee Flats,Matinawinhaven,Apisaraburgh,98723,Eastern,1990-03-05,Female,Single,2023-08-13
CUST_7e20,Prames Pikatsingkorn,jinjutaprayoonhong@gmail.com,09-6846-5219,5915 Kamolchanok Spring Apt. 181,Sorawutmouth,Krittayanukoonshire,12391,Eastern,1987-02-05,Male,Single,2026-05-14
CUST_62d0,Noppakao Chaisatit,chalisahabpanom@gmail.com,09-3460-4901,99893 Kunaporn View,North Kodchaporn,North Jinjuta,08852,Central,2000-01-07,Female,Widowed,2025-01-04
CUST_94bd,Wassaya Polauaypon,pawansooksawang@hotmail.com,08-6089-4148,5295 Nichakarn Points,Nattawunfort,New Kodchaporn,14776,Northern,1991-01-24,Male,Widowed,2023-08-09
CUST_3ce8,Darin Intaum,siripaiboonutwadee@yahoo.com,06-9594-4340,52454 Kamolchanok Common,Losatapornpipitbury,North Suwijuk,44413,Central,1993-03-16,Other,Single,2022-02-12
CUST_3878,Arisara Pasuk,sireelertsupasit@gmail.com,08-5553-2926,63655 Peem Fork,North Peemchester,Kongchayasukawutberg,30338,Northern,1986-09-13,Female,Divorced,2025-10-07
CUST_6ec3,PHRAMAHA Nattawun Pongpanitch,phusilarungruengjaruwan@gmail.com,06-3031-7215,1969 Boonpungbaramee Drive Apt. 181,East Pawan,Port Suwijuk,99333,Northeast,2008-07-27,Male,Divorced,2023-03-12
CUST_d4c0,POL LT GEN Kunaporn Wannapaitoonsri,tunradeewannapaitoonsri@hotmail.com,09-0796-8669,0436 Pattapon Ford Suite 394,Lake Pak,East Teetatstad,37726,Central,1995-03-06,Male,Single,2024-06-22
CUST_d816,Kunaporn Intaum,suwijuk59@hotmail.com,09-8162-8591,152 Suraprasert Spur,Charoensuksopolland,Kamalanonville,22873,Southern,1999-07-06,Male,Single,2024-06-17
CUST_1505,Pada Lertsattayanusak,nirachapolpo@hotmail.com,06-2019-4529,176 Yada Trace,East Apisara,South Kodchaporn,22652,Western,1988-02-10,Other,Widowed,2026-02-25
CUST_93d6,Supasita Bunlerngsri,phusilarungruengyada@gmail.com,06-1185-0493,002 Thantananont Spurs Suite 760,Pitanuwatside,Kongsrifort,70625,Central,2005-06-10,Female,Single,2024-03-10
CUST_6f23,Yada Tungkasethakul,nprayoonhong@gmail.com,08-3309-4807,2606 Charoensuksopol Keys Apt. 886,Prakalpawongchester,New Sarunporn,66741,Central,1994-12-07,Other,Single,2026-04-08
CUST_c03a,Suwijuk Todsapornpitakul,prima19@hotmail.com,09-7146-8360,747 Pitanuwat Dale Suite 126,New Primatown,Norramonberg,71933,Northern,2003-06-24,Other,Divorced,2024-09-24
CUST_8125,Nichakarn Lertsattayanusak,okittakun@gmail.com,08-5165-2438,32257 Pasuk Square Apt. 496,Prachayarochmouth,West Sorawutstad,96007,Southern,1996-02-28,Other,Married,2024-07-18
CUST_0294,Tunradee Trikasemmart,wassayaprachayaroch@gmail.com,08-9497-6882,1818 Pitanuwat Radial Apt. 932,North Ratchanon,Lertsattayanusakmouth,38584,Central,1996-04-16,Male,Married,2024-09-05
CUST_b141,Pitipat Kongchayasukawut,patcharapornchowitunkit@hotmail.com,06-4679-2687,26254 Sittisaowapak Pines,Pasukview,Bunlerngsritown,63240,Southern,2004-12-15,Other,Divorced,2026-01-12
CUST_4b54,Yada Choeychuen,bwannapaitoonsri@hotmail.com,06-5902-9927,842 Chayapat View Apt. 365,Sittikornshire,Thantananontmouth,08698,Central,2001-06-20,Male,Married,2024-06-08
CUST_66d2,Tunradee Prakalpawong,wimolnotaunyaporn@gmail.com,09-6170-4281,229 Wasunun Drives,Sarunpornview,South Darinfurt,73170,Northern,2007-09-28,Male,Single,2023-01-19
CUST_3d55,Anon Kumsoontorn,norramonthanatcha@gmail.com,06-2148-2629,7494 Phenphitcha Heights,Parinmouth,Lake Sorawutbury,21138,Northern,2004-07-04,Female,Other,2023-10-12
CUST_405c,Pakjira Prayoonhong,pannawich61@hotmail.com,08-5542-9631,436 Darin Fall,South Phenphitcha,Lake Chayaninmouth,29629,Northeast,2001-10-13,Other,Divorced,2024-01-23
CUST_3d99,SGT Tunchanok Pianduangsri,rchaisatit@gmail.com,06-1723-2501,760 Chaifah Vista,North Atit,Supasitabury,07355,Northern,2005-07-19,Female,Other,2024-01-07
CUST_b43b,Sitiwat Pitanuwat,prakalpawongjaruwan@gmail.com,09-2012-9037,789 Sittikorn Mission,East Arisarafurt,Kunapornside,56980,Northern,2001-02-18,Other,Other,2021-08-24
CUST_f04e,POL LT COL Patchaploy Youprasert,patchaploynorramon@yahoo.com,08-4559-4180,3565 Matinawin Pike,Lake Pattatomporn,Intaumbury,24695,Central,1996-09-25,Male,Widowed,2025-10-07
CUST_2d17,Prima Intaum,chomsriarisara@hotmail.com,08-2148-9197,2164 Patchaploy Ridges Suite 122,Lake Pramesview,Suraprasertton,96978,Southern,2000-08-20,Female,Other,2025-01-07
CUST_9e4b,Puntira Thantananont,kamalanondarin@hotmail.com,09-0326-6300,766 Nattawun Streets,Padaburgh,Padaport,46470,Central,1991-12-16,Female,Other,2026-05-06
CUST_e92e,Supasit Todsapornpitakul,qpothanun@hotmail.com,06-2427-7494,2907 Chayanin Groves Apt. 123,South Chawin,Lake Pitipat,96536,Central,1994-09-05,Male,Single,2025-10-27
CUST_aa41,Peem Titipatrayunyong,phubeskumsoontorn@yahoo.com,09-2386-7792,649 Srisoontorn Path Apt. 932,Suvakitton,Permchartberg,38259,Central,1996-10-09,Male,Married,2025-09-12
CUST_2a24,POL GEN Suwijuk Lertsattayanusak,fpolpo@gmail.com,08-5212-1964,10676 Pannawich Estate Suite 311,Sorattanachaimouth,Phenphitchabury,78399,Northeast,2004-06-04,Female,Single,2025-12-20
CUST_3861,Chaiwut Pikatsingkorn,kunaporn22@hotmail.com,06-6717-4938,08926 Pasuk Radial Apt. 831,East Jitrinburgh,Chalisamouth,43286,Northern,1995-01-06,Other,Married,2022-02-01
CUST_a80a,FS 1 Jaruwan Kittakun,chalisa53@yahoo.com,06-8134-8002,14042 Kongchayasukawut Shoal,West Suwijukton,East Nutkrita,26278,Central,2008-03-08,Other,Other,2024-04-01
CUST_5011,Pak Trikasemmart,tunradee75@yahoo.com,09-0334-5851,464 Benchapatranon Crescent Suite 758,Kodchapornshire,West Nutkritafurt,86711,Northeast,1996-05-08,Female,Divorced,2026-02-03
CUST_99d6,Puntira Sooksawang,jaruwansrisoontorn@hotmail.com,08-6978-4253,20895 Sittikorn Points Apt. 711,Sittisaowapakfurt,South Pornchanok,41777,Northern,1991-09-24,Female,Divorced,2024-12-22
CUST_0856,Supasit Wannapaitoonsri,dpolpo@yahoo.com,06-0728-4156,920 Tunchanok Manor Suite 427,New Padaville,Bunlupongberg,86703,Eastern,1995-05-22,Other,Single,2026-03-03
CUST_9d80,Kunaporn Chaisatit,supasit55@hotmail.com,06-4270-3690,241 Pada Lake,Wannapaitoonsristad,New Nichakarnchester,34178,Northeast,1993-08-05,Other,Married,2025-06-03
CUST_84d6,Pintusorn Youprasert,yada11@yahoo.com,09-5263-8443,020 Yada Turnpike Apt. 082,Nirachaland,North Chayaninfurt,28076,Northeast,2006-10-14,Other,Single,2025-03-15
CUST_1204,PO 3 Chaiwut Prachayaroch,darinsukhenai@gmail.com,08-1763-5172,319 Arisara Place Apt. 867,Turongkinanonside,West Ratchanon,63401,Northern,2006-01-27,Female,Widowed,2024-09-27
CUST_7d96,Pakjira Pianduangsri,sittisaowapakchanikan@hotmail.com,08-5666-0597,895 Benchapatranon Forge Suite 224,West Darin,East Chanikanview,95816,Western,2006-11-23,Female,Single,2023-05-14
CUST_3f33,Kamolchanok Sorattanachai,parin73@yahoo.com,06-8400-3192,29797 Suwijuk Gateway,Pothanunland,Boonpungbarameeport,28531,Central,1986-12-11,Male,Divorced,2021-04-10
CUST_f312,Sarunporn Sujjaboriboon,kamolchanokpolauaypon@yahoo.com,08-3011-8137,650 Wannapaitoonsri Prairie Apt. 829,West Pawanchester,Nutwadeeland,86960,Central,2008-11-08,Female,Other,2023-09-22
CUST_0ea4,Ratchanon Sireelert,chalisakumsoontorn@gmail.com,08-0065-3751,76724 Atit Lodge,Wassayashire,Kittakunland,34669,Central,2008-03-11,Female,Single,2024-02-21
CUST_ae8f,Chayanin Prachayaroch,sukhenaiphubes@gmail.com,08-5649-3983,254 Kamolchanok Ford Apt. 863,North Wassaya,West Pitipat,14254,Northern,1996-06-11,Other,Widowed,2024-03-05
CUST_1b57,SUB LT Arisara Phusilarungrueng,uvethayasas@hotmail.com,06-1701-9097,40646 Posalee Throughway,Thantananontfurt,North Suvakit,26228,Central,1983-11-22,Other,Widowed,2023-02-28
CUST_dfa4,Parin Prachayaroch,aunyaporn94@hotmail.com,09-7907-9719,37353 Charoensuksopol Court,Aunyapornfort,Chaihirankarnhaven,36388,Northern,2002-11-19,Female,Divorced,2024-03-23
CUST_537d,Phubes Methavorakul,thanatchapikatsingkorn@gmail.com,09-1622-8985,4720 Pawan Stravenue,Prachayarochfort,New Atitshire,14886,Central,2006-06-11,Male,Married,2021-07-27
CUST_0a33,Kamolchanok Anekvorakul,chaiwutmethavorakul@gmail.com,08-3828-0659,259 Prima Ports,Lake Patcharapornton,Pikatsingkornburgh,05197,Central,1998-04-10,Male,Widowed,2025-12-24
CUST_d1eb,POL COL Ratchanon Methavorakul,jkongsri@hotmail.com,09-0438-0681,893 Anon Valley,New Pattatomporntown,Pattatompornmouth,70511,Central,1998-02-05,Other,Other,2022-06-03
CUST_33ef,Tunchanok Sittisaowapak,prachayarochpatchaploy@yahoo.com,08-8341-8721,39726 Kamalanon Burg Suite 544,Kamolchanokville,Prachayarochville,19534,Central,1982-09-25,Female,Widowed,2026-02-23
CUST_8347,Niracha Youprasert,sorawut06@yahoo.com,09-8012-2320,418 Wasunun Road Suite 458,North Tunchanokport,Pitipatfurt,35608,Central,1994-08-24,Female,Widowed,2023-09-18
CUST_2488,Kulnun Prayoonhong,noppakao02@yahoo.com,06-5730-2144,269 Chawin Vista,Wasinside,North Wassaya,54169,Central,2008-02-22,Other,Married,2021-04-12
CUST_954a,Todsawun Charoensuksopol,atit84@hotmail.com,06-7322-2310,8001 Bunlerngsri Locks,Teetatberg,Jaruwanmouth,06454,Southern,1998-07-21,Male,Married,2023-09-16
CUST_c244,POL CAPT Nutwadee Sireelert,jinjutalosatapornpipit@yahoo.com,06-1194-3314,5033 Pattatomporn Crossing,North Pornchanokport,South Parinstad,19838,Central,1991-10-07,Male,Married,2021-05-13
CUST_7260,Sittikorn Kamalanon,ratchanonpianduangsri@yahoo.com,09-5461-4039,3831 Sarunporn Throughway,Tunradeeberg,New Kulnunfort,25756,Southern,1989-07-12,Other,Single,2026-02-09
CUST_fb93,Tunchanok Permchart,wimolnotkodchaporn@gmail.com,08-3275-5074,329 Nichakarn Forks Suite 276,Thanatchaport,East Pakjira,77677,Northern,1992-11-21,Female,Married,2024-04-27
CUST_f7ca,Supasit Anekvorakul,puntiranorramon@yahoo.com,09-9431-7539,19777 Suraprasert Roads Apt. 908,Posaleeport,Suvakitshire,42926,Central,2002-07-19,Other,Single,2023-08-25
CUST_cc99,Suwijuk Trikasemmart,supasitaprachayaroch@gmail.com,06-8182-9480,65548 Norramon Centers Apt. 700,South Pachongrukburgh,Anekvorakulchester,86198,Central,1998-09-16,Male,Divorced,2025-03-19
CUST_f5a1,SUB LT Nattawun Vinyuvanichkul,nichakarn90@yahoo.com,09-4227-4424,6903 Chaisatit Land Suite 662,Sukhenaiberg,Kulnunfurt,72743,Northern,1992-10-04,Other,Single,2021-05-03
CUST_430e,Nattawun Choeychuen,wasinchoeychuen@yahoo.com,09-4821-4917,69208 Nichakarn Cove Apt. 475,Sujjaboriboonmouth,Intaumhaven,74049,Northern,1996-01-19,Male,Married,2025-12-14
CUST_cde0,Chayanin Siripaiboo,ssrisoontorn@hotmail.com,08-7790-9974,910 Parin Circles,Siripaiboofurt,Prakalpawongfurt,39178,Northeast,1985-06-07,Female,Married,2024-02-01
CUST_1d0d,Yada Prachayaroch,darin42@gmail.com,08-1888-1350,34709 Posalee Mountains,Pichpandechaland,Port Pada,18935,Central,1996-11-13,Other,Divorced,2024-04-10
CUST_db81,Suvakit Intaum,kodchapornpongpanitch@hotmail.com,08-8554-5375,72500 Nutkrita Crossing Suite 013,Pitanuwatland,New Tunchanokmouth,98891,Central,1988-10-03,Other,Widowed,2021-06-08
CUST_c1f9,Patcharaporn Vethayasas,anon93@hotmail.com,09-2323-1383,693 Yanisa Center,East Pattaponport,New Arisara,44024,Central,1999-09-13,Male,Married,2022-08-09
CUST_be44,Tunradee Pitanuwat,intaumchalisa@hotmail.com,09-4570-7487,5240 Teetat Trafficway Apt. 806,Sorawutborough,Suwijukmouth,83896,Northern,1987-07-13,Other,Other,2023-10-18
CUST_603b,Jinjuta Methavorakul,lposalee@yahoo.com,09-7250-6769,661 Kodchaporn Lake,New Tunradee,North Chawinstad,23235,Central,1988-04-20,Other,Single,2024-06-21
CUST_6ba7,Sorawut Kamalanon,pattaponmatinawin@yahoo.com,06-9162-4363,541 Pannawich Shoals,South Sorawutmouth,Turongkinanontown,64936,Northeast,1993-05-25,Female,Single,2024-09-09
CUST_0a66,Aunyaporn Wasunun,gbenchapatranon@yahoo.com,09-4795-6766,270 Kitprapa Coves Apt. 054,West Phenphitcha,Lake Kamolchanok,98683,Northern,1990-05-24,Male,Married,2022-06-11
CUST_aee5,Arisara Chomsri,chanyakittakun@yahoo.com,08-2445-2160,0703 Chowitunkit Passage Apt. 271,Port Noppakao,West Parin,05492,Central,1978-06-08,Other,Married,2025-07-05
CUST_f0f8,Sitiwat Posalee,rwannapaitoonsri@gmail.com,08-3284-7779,070 Matinawin Gardens,Nichakarnstad,Sorawutchester,69925,Central,1997-07-03,Female,Single,2021-07-13
CUST_5dda,Suwijuk Kamalanon,wsooksawang@yahoo.com,08-0048-6372,2659 Polpo Via Suite 510,East Sarunpornville,Neerachapongton,59844,Central,1991-04-01,Other,Married,2022-11-03
CUST_b3f8,Sitiwat Thantananont,nutkrita49@gmail.com,08-9147-0358,44352 Jaruwan Mountain Suite 583,East Sarunpornhaven,Sukhenaitown,10052,Northern,2005-06-16,Other,Single,2021-08-09
CUST_7418,Pawan Vinyuvanichkul,pattamonprachayaroch@hotmail.com,06-1288-7072,822 Pakjira Branch Suite 484,Sarunpornstad,Neerachapongland,33021,Eastern,2008-03-28,Other,Divorced,2021-07-21
CUST_5a14,Suvakit Kitprapa,vpichpandecha@yahoo.com,06-0219-6288,4291 Polpo Court Suite 651,Pattatompornfort,Kongchayasukawutborough,39471,Northern,1993-03-20,Male,Other,2021-05-14
CUST_695a,Prames Krittayanukoon,anon80@hotmail.com,06-2429-0765,5881 Puntira Orchard,Pitanuwatbury,Kongsriton,52532,Northern,1997-01-19,Other,Single,2021-06-28
CUST_1188,Pornchanok Pichpandecha,pakjirasrisoontorn@gmail.com,08-8484-0181,95703 Darin Villages,New Apisara,Sarunporntown,96117,Central,1987-04-11,Female,Other,2026-05-25
CUST_4c87,Anon Pothanun,kodchapornsujjaboriboon@hotmail.com,08-9978-2928,107 Tunradee Meadows,Lake Tunradeefurt,North Jaruwan,74331,Central,1996-01-02,Other,Widowed,2025-06-13
CUST_16a7,Yada Pitanuwat,pawan70@hotmail.com,09-4095-2738,5659 Sorattanachai Way,Todsawunview,Kulnunborough,82638,Northern,1994-12-02,Other,Other,2022-10-21
CUST_3b59,Suwijuk Kamalanon,titipatrayunyongtunchanok@gmail.com,08-7099-2511,6288 Phenphitcha Streets,South Phubeschester,Chaisatitchester,15834,Central,1989-04-11,Female,Single,2024-12-04
CUST_e77e,Kodchaporn Sooksawang,mtitipatrayunyong@hotmail.com,08-1419-0373,26141 Sooksawang Highway Suite 070,Port Darin,Pikatsingkornfurt,02379,Central,1995-07-05,Other,Married,2023-06-06
CUST_905b,Pachongruk Sireelert,nutwadee71@yahoo.com,09-2525-9119,183 Nichakarn Pines,West Chanikan,Wimolnotland,41950,Eastern,1994-11-11,Female,Other,2022-05-25
CUST_6c1e,Kamolchanok Prachayaroch,mkittakun@hotmail.com,08-6116-9735,0949 Pianduangsri Inlet Apt. 647,New Suvakit,Lake Kunapornville,21985,Central,1990-01-06,Other,Married,2021-08-21
CUST_c114,Todsawun Kumsoontorn,parin81@yahoo.com,09-0421-4362,75048 Wasin Manor Apt. 932,Thantananontfurt,Pintusornfort,77383,Northern,1997-12-20,Male,Other,2023-04-20
CUST_4f4f,Pattamon Methavorakul,turongkinanonthanatcha@gmail.com,08-0263-7952,04908 Atit Hill,Lake Todsawun,Lake Supasitfurt,07449,Northern,1994-04-28,Male,Married,2021-12-13
CUST_0537,Nattawun Methavorakul,chowitunkitprima@hotmail.com,06-3531-1908,8404 Tunchanok Lodge Suite 754,Port Pattamonfurt,North Ratchanon,69225,Northern,1989-05-08,Other,Divorced,2022-05-17
CUST_e666,Sarunporn Wasunun,supasit84@gmail.com,06-2941-2221,737 Chaifah Shoal Apt. 781,Pakjiraland,South Niracha,16789,Central,1989-03-04,Male,Widowed,2023-06-11
CUST_2126,Nutkrita Suraprasert,phubes61@yahoo.com,06-8318-4029,641 Tungkasethakul Row Apt. 151,Lertsattayanusakborough,East Chawin,74961,Central,2006-05-02,Female,Divorced,2024-09-15
CUST_b070,Chawin Sireelert,supasityouprasert@gmail.com,08-9087-3674,502 Kongchayasukawut Cape Apt. 474,East Atitbury,Pasuktown,36913,Central,2002-07-03,Other,Widowed,2024-02-01
CUST_e994,Pachongruk Norramon,patchaploy26@yahoo.com,08-9830-2984,2226 Todsawun Islands,Lake Kunapornside,New Yanisaville,36047,Northern,1998-04-25,Female,Divorced,2022-07-17
CUST_3ffe,Pornchanok Thantananont,chayapat09@hotmail.com,06-9852-5699,6224 Chalisa Pike Apt. 222,Pasukfort,Pitipatborough,33443,Central,1996-12-21,Male,Single,2024-08-21
CUST_3096,Prames Wasunun,chalisa62@yahoo.com,06-4513-3684,489 Benchapatranon Valleys Apt. 735,Chaiwutfort,East Apisara,44759,Central,1997-09-27,Other,Widowed,2023-02-04
CUST_0613,Arisara Boonpungbaramee,qtrikasemmart@hotmail.com,06-5730-7508,12508 Siripaiboo Falls,Chawinview,Suraprachittown,61548,Central,2005-05-25,Female,Other,2021-05-19
CUST_9637,Darin Todsapornpitakul,pattamonlertsattayanusak@hotmail.com,09-9775-6823,728 Turongkinanon Mountain Apt. 087,South Suwijuk,Sujjaboriboonside,54094,Northern,1997-08-20,Other,Other,2023-09-03
CUST_47cd,Pattatomporn Kamalanon,pornchanokthantananont@gmail.com,08-7047-8750,41644 Tungkasethakul Drive Suite 607,Chaisatitville,Phusilarungruengville,77700,Central,2000-08-13,Male,Single,2024-12-05
CUST_b7bf,Ratchanon Norramon,jaruwan77@yahoo.com,06-3371-6500,51353 Vinyuvanichkul Spurs Suite 600,Lake Aunyaporn,Port Tunradee,53887,Central,1983-03-21,Other,Single,2023-10-07
CUST_94bd,Wassaya Pitanuwat,chaihirankarnphenphitcha@yahoo.com,08-1156-3792,387 Nattawun Pine Apt. 937,Chanikanbury,East Chaiwuthaven,41457,Northern,1982-07-19,Other,Single,2026-01-24
CUST_6d70,Chayapat Kongsri,chalisa98@gmail.com,06-0400-6621,92681 Anon Motorway,Bunlerngsriview,Port Prames,79940,Western,1997-06-10,Male,Married,2024-08-10
CUST_1996,Kunaporn Losatapornpipit,arisara88@gmail.com,06-6287-1731,9323 Thantananont Terrace Apt. 182,North Sitiwatburgh,Neerachapongview,18076,Central,2005-04-18,Female,Widowed,2026-03-11
CUST_df1c,Supasita Chaihirankarn,aunyapornkongchayasukawut@gmail.com,09-0542-5193,3032 Pada Burg,Kamolchanokborough,South Chanyaburgh,04518,Northern,2008-10-11,Female,Single,2026-01-24
CUST_7f79,Pitipat Chaihirankarn,suraprasertthanatcha@gmail.com,06-3238-4979,1855 Nattawun Cliff Apt. 145,Chomsriland,North Chayaninland,19905,Northern,2005-05-19,Female,Married,2022-08-05
CUST_5d9c,Nutcha Suraprachit,kittakunyada@gmail.com,08-6013-6184,37635 Sarunporn Lodge Suite 769,Prayoonhongtown,Peemview,73078,Central,2007-10-16,Other,Married,2025-08-13
CUST_0248,Aunyaporn Suraprasert,trikasemmartchaiwut@yahoo.com,08-8323-2969,0876 Anekvorakul Summit Suite 303,South Tunradee,New Teetat,27522,Central,1998-07-22,Other,Other,2025-09-21
CUST_28ee,Chanikan Posalee,peem17@yahoo.com,06-3860-4162,7553 Apisara Underpass Apt. 895,North Phubes,Prakalpawongbury,50358,Western,2008-11-10,Other,Single,2023-04-18
CUST_e772,Kamolchanok Intaum,prima76@gmail.com,06-1652-6210,0338 Phusilarungrueng Stravenue,Lake Apisaraport,East Pornchanokbury,90026,Central,1991-08-11,Male,Widowed,2023-12-28
CUST_bb24,Anon Neerachapong,puntira13@hotmail.com,09-8677-5527,62181 Aunyaporn Roads Suite 559,Port Yanisa,East Pattaponville,23758,Central,1994-02-25,Male,Married,2025-07-19
CUST_e84a,Pada Habpanom,mchomsri@gmail.com,06-0597-5775,8585 Kamalanon Parkways Suite 119,New Tunradeeberg,Kongsriburgh,66230,Northern,2002-09-02,Other,Single,2022-11-19
CUST_96df,SGT Peem Chomsri,supasitpasuk@gmail.com,08-9067-7479,9488 Intaum Pines Apt. 106,Sooksawangbury,North Tunchanok,61832,Central,1996-08-19,Female,Married,2022-04-22
CUST_def7,Ratchanon Todsapornpitakul,lmethavorakul@yahoo.com,08-5217-8168,7842 Sittisaowapak Cape,West Sittikornmouth,Darinborough,25212,Central,1989-06-17,Male,Widowed,2023-06-20
CUST_d6e7,Yanisa Pasuk,kamalanonsuvakit@hotmail.com,06-5998-6072,313 Chalisa Light Suite 139,Lake Jinjutaburgh,Norramonville,93492,Central,1997-07-26,Female,Single,2024-10-22
CUST_3829,Wassaya Bunlerngsri,wasununsuvakit@yahoo.com,06-7360-4762,363 Pawan Pass Suite 352,Prachayarochton,West Tunradee,08400,Northeast,1994-07-16,Male,Married,2022-02-25
CUST_8fee,Pattapon Habpanom,benchapatranonwasin@gmail.com,08-9315-8473,3435 Yada Fields Suite 235,Todsawunland,New Supasita,56345,Northern,1990-06-19,Male,Divorced,2021-11-08
CUST_0c5d,Patchaploy Wasunun,hpianduangsri@yahoo.com,08-8460-6620,5692 Sitiwat Club Apt. 100,Arisarashire,Sittikornfurt,53323,Northeast,2006-01-22,Female,Single,2024-02-24
CUST_a7a1,Kamolchanok Pongpanitch,pintusornanekvorakul@gmail.com,09-9350-0286,28834 Kunaporn Burg Apt. 943,Sukhenaichester,Pakfurt,52559,Central,1997-12-06,Female,Other,2025-06-23
CUST_f443,Chalisa Todsapornpitakul,todsapornpitakuljitrin@hotmail.com,09-8086-3558,56958 Kongsri Fork,Sorattanachaimouth,Lake Pakjiraland,70188,Northern,1994-12-25,Other,Divorced,2023-12-23
CUST_84bb,Chayanin Wimolnot,suraprasertnichakarn@hotmail.com,06-5896-1111,1062 Nutcha Mountains,East Peem,Yadahaven,60979,Northern,1982-08-06,Other,Married,2023-05-15
CUST_dc87,Nutkrita Kongsri,noppakao49@hotmail.com,06-7778-0813,1342 Chaisatit Terrace,Suraprasertview,New Jaruwanshire,33327,Northeast,1997-07-23,Male,Single,2024-04-19
CUST_255f,Supasit Pitanuwat,kunaporn40@hotmail.com,09-7791-7257,944 Vinyuvanichkul Knolls,West Parinchester,North Kodchapornville,17319,Central,1997-07-15,Male,Single,2024-09-11
CUST_16ef,Atit Wimolnot,sireelertpintusorn@hotmail.com,09-7199-9390,25438 Kongchayasukawut Meadows Apt. 496,Port Wassayaborough,Sarunpornchester,29800,Northern,1996-08-28,Male,Single,2021-06-08
CUST_c5e5,Kamolchanok Charoensuksopol,jitrinwannapaitoonsri@yahoo.com,06-1663-5112,49289 Habpanom Views,Losatapornpipitberg,Lake Patcharapornberg,49965,Northern,2007-06-01,Other,Single,2024-02-01
CUST_2e02,Teetat Chaisatit,losatapornpipitatit@hotmail.com,08-5705-1248,25476 Patcharaporn Ridge,Lake Jinjuta,Port Kulnunchester,31460,Central,2006-06-11,Male,Widowed,2024-10-05
CUST_23e3,Pattamon Vinyuvanichkul,wasin92@hotmail.com,09-5497-3975,50728 Todsapornpitakul Radial Suite 176,Pitanuwathaven,West Sittikorn,74600,Central,2007-08-26,Other,Single,2022-06-11
CUST_45f9,Niracha Kumsoontorn,todsawunpolpo@hotmail.com,08-2185-6509,0505 Tunradee Meadow,Port Pannawich,Noppakaoborough,34676,Central,1998-09-13,Female,Divorced,2023-01-24
CUST_f1d2,Arisara Titipatrayunyong,suvakitthantananont@yahoo.com,08-9628-6747,617 Todsapornpitakul Locks,South Chayapatstad,East Pattapon,11464,Central,1996-09-23,Other,Widowed,2025-11-24
CUST_bd13,Nutkrita Wasunun,kongsrisupasita@yahoo.com,09-6207-8404,621 Todsapornpitakul Ridges,Kumsoontornburgh,Port Aunyapornmouth,55999,Northeast,1996-08-07,Female,Other,2023-09-09
CUST_0840,Chanya Chaihirankarn,apitanuwat@hotmail.com,06-7090-4759,7412 Prima Cliff,East Pitipat,South Chawinside,46051,Southern,1988-02-13,Male,Widowed,2021-11-19
CUST_9b94,Prames Thantananont,pawanpongpanitch@gmail.com,06-5522-8835,943 Pichpandecha Mountains Apt. 978,West Nutkritabury,Port Wassayaview,08212,Northern,1995-10-09,Other,Single,2026-01-02
CUST_c3a6,POL MAJ Pak Suraprasert,rnorramon@gmail.com,08-4520-4818,637 Chaihirankarn Station,Wasinborough,North Primaville,64788,Northeast,1993-03-28,Female,Widowed,2026-05-23
CUST_19b5,Sitiwat Prachayaroch,bunlupongchayanin@hotmail.com,09-3639-0066,9047 Prakalpawong Centers,Kamalanontown,Matinawintown,79259,Northeast,2008-09-01,Other,Single,2023-01-16
CUST_6bb5,Yada Posalee,chanyaprachayaroch@yahoo.com,08-1544-9280,86599 Chaihirankarn Ports Suite 561,Port Wasinton,Port Pattatompornstad,22478,Central,1987-05-09,Female,Married,2023-12-01
CUST_4585,Patchaploy Pothanun,sujjaboriboonnichakarn@hotmail.com,06-8462-4349,76499 Chayanin Prairie,East Nutchahaven,Chomsrihaven,38138,Northern,2004-12-16,Male,Widowed,2023-02-07
CUST_aa69,M L Supasita Chaihirankarn,gwimolnot@hotmail.com,09-7919-4936,2889 Pawan Well Apt. 538,Lake Pannawichville,Pothanunmouth,25390,Central,1986-03-19,Male,Married,2024-06-25
CUST_164e,Nutkrita Siripaiboo,bchoeychuen@hotmail.com,06-6385-5619,26898 Permchart Green Apt. 083,East Ratchanonmouth,Port Tunchanokchester,77223,Southern,2001-02-11,Other,Single,2024-10-05
CUST_32d2,Jinjuta Wimolnot,primatodsapornpitakul@hotmail.com,09-9513-7287,945 Krittayanukoon Square,New Nutwadeemouth,Pianduangsrimouth,15749,Central,1993-04-27,Other,Married,2023-12-26
CUST_3d0f,V ADM Apisara Sukhenai,bposalee@gmail.com,08-0156-5142,86309 Benchapatranon Causeway Apt. 109,Lake Noppakaoberg,Padaside,02700,Southern,2000-12-12,Other,Widowed,2024-04-15
CUST_cd89,Arisara Chowitunkit,polauayponteetat@yahoo.com,08-2786-1768,832 Nutcha Union Suite 926,East Supasita,Lake Jitrin,54161,Northeast,1986-03-18,Female,Divorced,2025-04-11
CUST_fa6c,Yada Titipatrayunyong,spitanuwat@yahoo.com,06-9418-9501,76891 Trikasemmart Court,Port Phenphitchaside,Neerachapongborough,68247,Northern,1994-08-05,Male,Widowed,2023-09-10
CUST_8439,Patchaploy Pongpanitch,parinchowitunkit@yahoo.com,09-7283-1779,37549 Pothanun Neck,South Chalisa,North Pakjirastad,26936,Central,2003-12-07,Female,Divorced,2021-11-18
CUST_2152,Aunyaporn Kamalanon,gpasuk@yahoo.com,08-3524-7960,2920 Sireelert Curve Apt. 861,Kamolchanokland,Kittakunborough,52046,Northeast,2006-01-05,Other,Single,2023-12-24
CUST_817e,Wassaya Todsapornpitakul,sorawutsiripaiboo@yahoo.com,08-6709-9690,3823 Anekvorakul Forge Apt. 333,West Atit,Kamalanonport,88101,Central,1989-08-02,Male,Married,2024-03-14
CUST_cf35,Todsawun Suraprasert,chayaninchowitunkit@gmail.com,08-8982-6016,290 Kodchaporn Canyon Apt. 397,Thanatchachester,Supasitashire,04001,Eastern,2008-02-03,Female,Married,2021-10-04
CUST_b17d,Kunaporn Anekvorakul,siripaibooaunyaporn@yahoo.com,08-2012-7621,57497 Habpanom Pike,North Prima,Lake Ratchanonshire,17089,Northern,2001-05-07,Female,Divorced,2024-05-24
CUST_e27e,CPO 1 Supasita Polpo,tpikatsingkorn@gmail.com,08-2003-5337,237 Pawan Pass,New Patcharaporn,West Pintusornport,67101,Eastern,1988-05-02,Male,Single,2023-09-26
CUST_f9f6,Chalisa Polauaypon,jinjutamethavorakul@gmail.com,08-7367-7099,49614 Bunlupong Junctions Suite 780,West Puntira,West Darin,23956,Eastern,1997-02-14,Other,Other,2025-06-15
CUST_1d0c,Apisara Kittakun,parinhabpanom@gmail.com,09-8977-2346,56389 Prames Lights Apt. 204,North Pattatomporntown,South Pakjira,83050,Northern,1991-01-09,Female,Divorced,2026-05-24
CUST_e0d3,Suvakit Polpo,patcharaporn73@gmail.com,09-1098-0631,426 Sorattanachai Falls,Lake Kodchaporn,Lake Kamolchanokmouth,51354,Northern,2003-09-04,Female,Married,2026-02-18
CUST_773c,Pachongruk Wasunun,anon76@gmail.com,09-6983-2504,296 Sooksawang Valley,East Kulnunbury,North Pattamon,28412,Eastern,1992-07-11,Male,Single,2023-06-06
CUST_fe42,POL CONST Chanikan Tianvarich,icharoensuksopol@yahoo.com,06-1323-6384,32813 Ratchanon Passage,Wannapaitoonsrimouth,West Apisara,02750,Northern,2005-11-25,Male,Widowed,2023-02-05
CUST_4327,Pada Pikatsingkorn,pakprayoonhong@hotmail.com,09-7842-1175,1818 Boonpungbaramee Ridge,Port Prima,Turongkinanonport,72384,Southern,1987-01-16,Other,Divorced,2024-07-02
CUST_1a31,Nutcha Sittisaowapak,pitanuwatpada@gmail.com,08-6964-3616,8591 Niracha Road,North Sarunpornside,New Suvakit,26499,Central,1981-12-15,Other,Single,2023-08-17
CUST_3c1a,Suvakit Permchart,methavorakulatit@gmail.com,08-8770-0096,42399 Sittisaowapak Throughway Apt. 628,Prayoonhongview,Pakland,54150,Central,1998-06-21,Other,Married,2025-11-24
CUST_fac5,Niracha Wannapaitoonsri,kulnun80@yahoo.com,06-8602-9882,49330 Chanikan Expressway Suite 979,South Pattaponfurt,North Aunyaporn,67519,Central,1999-04-18,Other,Married,2024-03-16
CUST_a8c1,Jinjuta Chowitunkit,pannawich00@gmail.com,09-5794-3671,292 Sujjaboriboon Cove Apt. 600,West Tunchanokview,Chaifahmouth,53558,Northeast,2002-06-18,Female,Married,2023-01-27
CUST_90db,Pornchanok Kittakun,btitipatrayunyong@hotmail.com,09-8501-6295,599 Pianduangsri Shoal Suite 752,Chomsrifurt,Patcharapornshire,81433,Northern,1998-02-10,Female,Divorced,2024-10-16
CUST_dd66,SQN LDR Pitipat Pitanuwat,nichakarnposalee@gmail.com,08-0694-2908,4957 Tianvarich Circle Suite 782,New Pattatomporn,West Chanyaville,96524,Central,1988-06-28,Female,Divorced,2021-08-03
CUST_aa06,Chayapat Thantananont,prameschomsri@gmail.com,06-8611-6454,729 Todsapornpitakul Forest,Port Anonmouth,Phubesview,55403,Northern,2005-02-05,Male,Single,2023-09-03
CUST_cbab,Supasita Intaum,wasin59@yahoo.com,08-3323-1154,6854 Chomsri Plaza Suite 621,Kamolchanokshire,Sukhenaiton,84165,Western,1999-07-13,Male,Other,2024-07-09
CUST_ad4d,Wassaya Tianvarich,charoensuksopolpatchaploy@hotmail.com,08-7528-3884,25098 Siripaiboo Plains,South Puntirafort,North Jitrinbury,94403,Central,1993-07-21,Male,Single,2025-12-17
CUST_3eca,Patcharaporn Prachayaroch,phubes88@gmail.com,09-6340-7790,05341 Srisoontorn Parkway Suite 978,Supasitaside,South Chaifah,17038,Northern,1991-11-19,Male,Widowed,2024-02-11
CUST_c28d,Nichakarn Srisoontorn,turongkinanonpatchaploy@gmail.com,06-3048-7526,9610 Chanya Lane,Kamalanonton,Supasitfurt,13254,Central,1987-12-07,Male,Other,2026-03-22
CUST_cc66,Pattatomporn Youprasert,pattatomporn59@gmail.com,06-9286-0492,53138 Nutkrita Mount Suite 786,North Pak,South Sorawutfort,25644,Central,2000-12-15,Other,Other,2022-09-14
CUST_1e85,Sarunporn Kongsri,chanikan84@yahoo.com,06-3531-4724,5472 Supasita Vista Suite 377,South Jaruwanmouth,Port Nichakarnburgh,52274,Central,2000-09-24,Female,Widowed,2026-02-09
CUST_81b7,Chaiwut Todsapornpitakul,todsawun10@yahoo.com,06-1293-5555,7631 Neerachapong Burg Suite 641,Kamolchanokburgh,Lake Patcharapornmouth,94632,Central,1999-11-09,Female,Single,2023-06-09
CUST_9785,Prames Polauaypon,peem76@hotmail.com,06-6605-3474,4886 Turongkinanon Summit,South Puntira,Port Jinjuta,13024,Central,1994-01-13,Male,Divorced,2024-05-25
CUST_f052,Phenphitcha Sireelert,pawan24@yahoo.com,09-5190-4161,23791 Chanikan Inlet,West Patchaploystad,East Peemland,35118,Northern,1979-07-20,Other,Other,2024-11-09
CUST_4f06,CHAO ATHIKAN Phenphitcha Sooksawang,mvethayasas@hotmail.com,09-6843-8908,16966 Apisara Trail Apt. 401,Kulnunton,Habpanommouth,16367,Northern,1997-11-19,Male,Widowed,2021-11-21
CUST_d262,Nutkrita Kumsoontorn,patcharaporn63@gmail.com,09-6345-0541,84902 Prakalpawong Neck,Neerachapongmouth,South Yanisa,80488,Northern,2004-04-15,Other,Widowed,2024-05-20
CUST_96ad,Nutwadee Suraprachit,nichakarn98@yahoo.com,08-2362-6346,1217 Chomsri Ridge Apt. 135,East Arisara,Lake Pakbury,22627,Western,1996-08-16,Female,Married,2023-08-27
CUST_639f,Atit Methavorakul,youprasertyanisa@gmail.com,06-2718-4017,9563 Pattamon Stream,Lake Pattatompornport,Kodchapornport,19529,Central,2004-01-08,Male,Divorced,2022-01-10
CUST_1137,Pada Methavorakul,ysooksawang@yahoo.com,09-1416-1980,175 Neerachapong Roads,Pakjiraside,Charoensuksopolfort,67988,Northern,1997-03-10,Male,Married,2023-11-27
CUST_eb5b,S M 3 Pak Prachayaroch,wannapaitoonsripatchaploy@gmail.com,09-7862-2374,713 Losatapornpipit Alley Suite 909,Pianduangsriside,Port Apisara,83912,Central,1989-03-09,Other,Married,2021-05-05
CUST_e1b7,Nutwadee Tungkasethakul,jpolpo@yahoo.com,08-8892-5663,335 Pitipat Prairie Suite 294,Port Chaifah,Methavorakulshire,42484,Northern,1991-03-16,Female,Other,2023-09-07
CUST_f79a,Chayanin Sittisaowapak,jitrinsireelert@yahoo.com,09-2586-1898,60013 Nutkrita Shoal,Yadatown,South Chalisa,11873,Northern,2000-02-05,Female,Married,2021-03-01
CUST_203f,Suwijuk Polauaypon,qthantananont@yahoo.com,08-3889-1044,17190 Trikasemmart Cliff Suite 984,Port Prames,West Chawin,24864,Western,1991-10-07,Female,Divorced,2023-04-17
CUST_7631,Tunchanok Prayoonhong,matinawinjaruwan@yahoo.com,06-8269-5585,7705 Kittakun Parks Suite 018,North Pornchanokbury,Prachayarochbury,47452,Central,1995-05-05,Male,Divorced,2023-07-15
CUST_741e,Supasita Anekvorakul,suraprachitpak@hotmail.com,06-9126-5134,993 Pachongruk Parkway,Lake Sittikorn,Jitrinbury,49225,Northern,2001-01-28,Female,Married,2023-12-25
CUST_3a36,Peem Prakalpawong,chalisa61@yahoo.com,06-1820-6447,4514 Yada Knolls Apt. 500,Lake Chaiwutburgh,Teetatfort,39900,Northern,1994-02-06,Female,Divorced,2024-10-24
CUST_a353,Pada Chomsri,tchowitunkit@hotmail.com,08-7622-2714,9471 Prames Ford,Boonpungbarameeville,Sireelertburgh,07747,Eastern,1997-12-21,Other,Other,2021-01-26
CUST_0654,Phenphitcha Kittakun,xkittakun@hotmail.com,06-6394-7393,392 Apisara Well,Port Darinbury,Lake Todsawun,58398,Eastern,2008-05-12,Male,Single,2022-09-12
CUST_1a94,Kamolchanok Norramon,chawinchoeychuen@hotmail.com,06-2225-9642,6567 Todsawun View,Port Pawanville,Port Chanikan,23030,Northern,2004-10-13,Female,Widowed,2024-03-14
CUST_f44e,Arisara Chowitunkit,prames26@yahoo.com,06-4432-1161,03408 Trikasemmart Skyway,East Teetatchester,Kongchayasukawutborough,58980,Northeast,1992-12-06,Female,Other,2023-06-28
CUST_b285,Chaiwut Kittakun,pattatomporn12@hotmail.com,09-5415-3371,13441 Atit Station Suite 777,West Teetat,New Pattatomporn,99139,Northern,1999-01-21,Other,Widowed,2022-08-15
CUST_0388,Pattamon Vinyuvanichkul,pannawichbunlerngsri@yahoo.com,06-3648-2282,5322 Thantananont Rapid Apt. 230,New Pintusorn,East Chanikan,21718,Central,2008-11-22,Other,Married,2025-08-01
CUST_7295,POL LT GEN Phubes Chaisatit,trikasemmartsittikorn@gmail.com,09-2621-2799,72569 Pintusorn Throughway Suite 399,North Phubestown,South Chaifahfort,32854,Central,1997-10-08,Other,Widowed,2022-05-27
CUST_d8fc,Puntira Choeychuen,gprakalpawong@hotmail.com,06-4951-6321,55700 Prames Flats,Chanikanmouth,South Kamolchanok,14293,Eastern,1986-11-22,Female,Widowed,2023-01-01
CUST_9eee,Nutkrita Pianduangsri,ssuraprachit@hotmail.com,06-2130-1546,5951 Chayapat Ports,Patcharapornville,East Patchaploy,00734,Southern,1992-06-20,Female,Married,2022-02-20
CUST_7e11,Patcharaporn Polpo,patchaploy83@gmail.com,06-6305-1506,75709 Supasita Lock,Port Patchaploy,Lake Pada,09271,Central,1990-05-27,Male,Other,2023-12-18
CUST_43a8,Chanikan Vethayasas,wassaya56@yahoo.com,09-4901-2867,3722 Phubes Wall Suite 611,Kamalanonton,Wasununland,72734,Central,1994-06-27,Female,Divorced,2025-08-24
CUST_2445,Chanikan Sireelert,titipatrayunyongjinjuta@yahoo.com,08-8870-0471,634 Niracha Roads,Yadamouth,West Jaruwanfurt,26436,Northern,2005-08-05,Other,Single,2024-11-11
CUST_b6a6,Yanisa Pasuk,pakjira58@hotmail.com,06-4432-8521,990 Chayapat Haven Apt. 822,Port Pakjirafurt,Pattamonburgh,62270,Northern,2004-05-11,Female,Other,2024-04-16
CUST_c47a,Darin Wasunun,patcharaporn34@hotmail.com,08-7145-5399,344 Pasuk Dale Suite 964,Wimolnothaven,West Chaiwut,88702,Central,1985-06-16,Male,Divorced,2023-11-16
CUST_d635,Chalisa Sireelert,prima31@gmail.com,08-0403-5830,6664 Pasuk Club,North Padaberg,Chawinport,29818,Central,1981-07-23,Other,Married,2026-05-06
CUST_2ce7,Chayapat Neerachapong,wassaya76@hotmail.com,09-6514-0886,9509 Chanikan Ports,Nutwadeeton,New Puntira,14214,Northern,1991-04-02,Female,Divorced,2024-11-01
CUST_3ee2,Parin Bunlerngsri,pikatsingkornpatchaploy@yahoo.com,08-4208-0754,7849 Habpanom Springs Suite 168,Lake Pakjiraberg,Prachayarochland,71250,Northern,1988-02-01,Female,Other,2024-11-17
CUST_af59,Patchaploy Anekvorakul,titipatrayunyongkamolchanok@yahoo.com,09-7240-6657,64731 Peem Fort Apt. 179,New Sittikorn,Lake Kodchapornmouth,36986,Central,2000-05-12,Female,Other,2024-01-18
CUST_fdbb,Pintusorn Wimolnot,puntirapermchart@hotmail.com,09-7784-0154,163 Phenphitcha Centers Suite 299,West Ratchanonberg,Jitrinville,60749,Western,1989-10-10,Female,Widowed,2025-07-06
CUST_3192,Teetat Matinawin,ulertsattayanusak@hotmail.com,06-7132-9699,64073 Thantananont Extensions,North Nutwadee,Lake Pakjiraborough,60040,Northern,1994-05-17,Other,Widowed,2024-06-15
CUST_927f,AM Patchaploy Kongsri,wasinyouprasert@hotmail.com,06-9868-7070,19863 Kongsri Rest,Sujjaboriboonport,North Jaruwan,54869,Northern,1995-03-24,Female,Widowed,2023-12-17
CUST_a281,Kamolchanok Srisoontorn,chaiwut30@gmail.com,08-1587-4708,8336 Neerachapong Viaduct Suite 302,Port Arisara,Lake Pachongrukmouth,73025,Northeast,1995-09-21,Male,Married,2023-07-24
CUST_6deb,Nutwadee Habpanom,chanya40@yahoo.com,08-8200-6105,7608 Wasunun Extensions Apt. 588,Chaihirankarnberg,Tungkasethakulview,04571,Southern,1997-03-06,Female,Widowed,2022-04-27
CUST_7ecf,Pornchanok Prakalpawong,pattamon66@hotmail.com,06-7361-0434,0802 Nutcha Station,Chawinstad,Phubeshaven,06966,Central,1975-09-15,Other,Divorced,2025-07-11
CUST_1ff6,Wasin Youprasert,prachayarochchayanin@gmail.com,08-8927-8727,9236 Patchaploy Pike,South Suvakitside,West Sitiwatmouth,12687,Northern,1999-06-03,Female,Other,2024-09-02
CUST_7f02,Pak Bunlerngsri,noppakaoneerachapong@gmail.com,09-5264-3336,29164 Pongpanitch Vista Apt. 290,Lake Noppakao,Prachayarochbury,04463,Western,1992-04-06,Male,Single,2022-05-27
CUST_4fea,Jitrin Phusilarungrueng,todsawunpichpandecha@yahoo.com,06-8753-5480,747 Bunlerngsri Cliff,West Tunradeeshire,Pakville,44140,Northern,1997-11-22,Female,Married,2024-09-11
CUST_5f00,Suvakit Tungkasethakul,qchowitunkit@gmail.com,06-2468-2033,25799 Prakalpawong Ford,Lake Apisaraland,Lake Ratchanon,59636,Central,1991-05-27,Female,Widowed,2023-01-17
CUST_e0b5,Noppakao Thantananont,gpichpandecha@yahoo.com,09-3996-8633,537 Norramon Flats Apt. 974,Port Kunapornmouth,Lake Chawinshire,38812,Northern,1986-10-12,Other,Widowed,2025-02-15
CUST_fb74,Phenphitcha Pongpanitch,thantananontkulnun@gmail.com,08-5077-0526,2160 Kumsoontorn Lights Apt. 573,Parinport,Pichpandechastad,72801,Eastern,1991-07-25,Male,Married,2023-08-10
CUST_c26b,Peem Chowitunkit,thanatchachaihirankarn@yahoo.com,08-7165-3426,1364 Jitrin Throughway Suite 801,Lake Chanya,South Sarunporn,79361,Northern,2006-06-08,Female,Divorced,2022-06-23
CUST_fd28,Pornchanok Chaihirankarn,todsawunkongsri@hotmail.com,08-3196-5901,303 Apisara View,Lake Sorawuttown,East Sittikornhaven,01459,Eastern,1993-03-15,Male,Widowed,2021-11-16
CUST_f4d7,Pintusorn Kongchayasukawut,sooksawangaunyaporn@gmail.com,09-8503-2336,249 Phubes Viaduct,Kittakunfort,Tunradeemouth,04698,Central,1992-02-05,Other,Married,2023-07-03
CUST_0a22,L CDR Pornchanok Charoensuksopol,prakalpawongnichakarn@gmail.com,08-5945-5408,9158 Suraprachit Fall,Polauayponchester,Lake Chanya,11848,Eastern,1998-07-23,Male,Single,2024-03-11
CUST_96af,Anon Intaum,pattapon94@yahoo.com,06-1950-6982,97775 Anon Forest,East Jinjutaland,South Pattamonshire,77540,Northeast,1999-04-22,Other,Single,2023-09-09
CUST_b78e,Pakjira Titipatrayunyong,chanikanwannapaitoonsri@hotmail.com,08-6237-3258,9156 Tungkasethakul Causeway Suite 963,Port Sittikorn,Port Patcharaporn,69159,Central,1989-03-18,Other,Divorced,2023-06-01
CUST_c363,Jaruwan Habpanom,sukhenaisupasita@yahoo.com,09-2506-8115,250 Jinjuta Field Suite 572,Habpanomchester,East Pannawich,01808,Northern,1989-08-11,Female,Widowed,2021-07-10
CUST_67af,Teetat Sorattanachai,kodchapornpianduangsri@gmail.com,09-0126-1520,480 Sitiwat Mall,Patcharapornmouth,West Pattatompornshire,86977,Central,2005-06-02,Other,Divorced,2023-04-07
CUST_4c09,Pannawich Polauaypon,gintaum@gmail.com,08-3071-1812,04286 Prayoonhong Tunnel,South Nutkrita,Polauayponshire,19085,Southern,1998-10-15,Other,Divorced,2025-01-17
CUST_9d4d,Atit Prachayaroch,pichpandechapintusorn@hotmail.com,06-2921-5036,437 Pachongruk Streets Suite 794,West Chaifah,Port Yanisachester,63992,Central,2001-11-24,Male,Divorced,2024-11-19
CUST_4db1,Wasin Boonpungbaramee,suvakit25@yahoo.com,06-3971-0907,3242 Yanisa Viaduct,Lake Jitrinview,Pianduangsriburgh,73365,Northern,1993-11-16,Other,Divorced,2024-08-08
CUST_b4bb,Pada Chaisatit,wprachayaroch@hotmail.com,09-7880-0224,24619 Kongchayasukawut Way Apt. 509,South Chanyafurt,New Nattawun,96269,Northeast,1995-01-22,Female,Single,2023-02-11
CUST_40ae,Patchaploy Charoensuksopol,neerachapongsittikorn@hotmail.com,06-5703-7700,54670 Pasuk Parkway,East Chayanin,Port Sittikornton,48843,Central,1993-07-28,Other,Other,2023-10-18
CUST_e9db,Pattatomporn Sireelert,charoensuksopolprima@gmail.com,06-2435-7173,040 Intaum Summit Apt. 613,Turongkinanonborough,East Yanisafurt,10570,Central,2000-09-11,Male,Other,2023-11-07
CUST_8b14,Tunradee Phusilarungrueng,chayapat49@gmail.com,06-7728-4498,20393 Trikasemmart Meadow Apt. 956,Supasitaville,Habpanomfurt,87533,Northern,2000-11-21,Other,Widowed,2024-04-17
CUST_47d6,Darin Todsapornpitakul,aunyaporn66@hotmail.com,09-6274-9993,65561 Suwijuk Shoals,Tianvarichville,Turongkinanonshire,04411,Central,2001-08-27,Female,Single,2023-08-08
CUST_0384,Chalisa Kamalanon,pitipathabpanom@yahoo.com,09-7286-4618,73406 Losatapornpipit Overpass Suite 190,Pintusornport,West Phenphitcha,25182,Northern,2001-10-20,Male,Single,2023-07-27
CUST_12f2,Sorawut Pitanuwat,bnorramon@yahoo.com,06-6963-9965,512 Suvakit Squares,Patcharapornbury,Tianvarichfurt,43443,Central,1992-04-16,Female,Single,2025-01-01
CUST_8823,Supasita Pikatsingkorn,pawansireelert@gmail.com,06-3682-4299,796 Suvakit Fort,Port Padahaven,Phenphitchabury,80583,Northeast,1994-02-11,Other,Single,2025-09-13
CUST_a3cd,Nutwadee Vethayasas,ratchanon31@yahoo.com,08-8066-5063,482 Nutkrita Shoals Suite 670,West Teetat,Port Kunaporntown,75040,Central,2000-08-21,Other,Widowed,2022-07-25
CUST_f82e,Chalisa Youprasert,ppongpanitch@hotmail.com,06-5050-7166,0865 Pichpandecha Court,North Sittikornborough,Kumsoontornview,71845,Southern,2007-04-13,Male,Other,2025-08-24
CUST_a232,Nutwadee Pianduangsri,cbunlupong@gmail.com,06-6191-2287,233 Methavorakul Village,Kitprapabury,Port Kulnun,91630,Northern,1998-05-21,Female,Divorced,2021-08-01
CUST_da3f,Arisara Kitprapa,chayapatsujjaboriboon@hotmail.com,06-1123-0497,467 Jitrin Glens Apt. 266,Chomsriside,Sitiwathaven,39427,Eastern,2000-12-22,Female,Widowed,2024-08-28
CUST_99d3,Pannawich Youprasert,kulnunyouprasert@hotmail.com,06-4237-0792,3422 Thanatcha Coves Suite 177,South Phubesburgh,Chayaninshire,80293,Central,2000-08-16,Female,Single,2021-03-19
CUST_e188,Wasin Trikasemmart,wchaisatit@gmail.com,09-3116-1469,3722 Pattatomporn Light,Arisarahaven,West Pitipat,98337,Central,1987-01-06,Other,Other,2023-01-28
CUST_6694,Jitrin Tianvarich,arisarapikatsingkorn@gmail.com,06-2908-1690,14741 Chayanin Road,New Pawanbury,Puntiraview,04472,Northern,2005-07-15,Male,Single,2023-11-08
CUST_6d9c,Pattapon Sireelert,lmethavorakul@gmail.com,06-9630-6402,59661 Chaiwut Forges Suite 658,New Noppakaoview,Parinmouth,47300,Northeast,1994-04-26,Other,Single,2026-05-02
CUST_7837,Chanya Wimolnot,hprakalpawong@hotmail.com,09-6533-9863,5653 Methavorakul Walks Suite 420,East Pada,Supasitmouth,66441,Central,2003-02-24,Male,Other,2024-01-19
CUST_94a2,Sittikorn Phusilarungrueng,intaumaunyaporn@hotmail.com,08-1857-1012,1729 Titipatrayunyong Junctions Apt. 933,Kamalanonshire,Lertsattayanusakport,95601,Central,1998-05-04,Male,Single,2025-01-27
CUST_a450,SUB LT Phubes Kamalanon,kodchapornpermchart@yahoo.com,08-6709-6938,03408 Turongkinanon Pike,Patcharapornport,Methavorakulton,97005,Central,1995-05-10,Other,Other,2025-06-16
CUST_25be,Prames Tungkasethakul,vchaihirankarn@hotmail.com,09-9273-3066,669 Pattamon Drive Apt. 385,Pothanunville,New Nirachaberg,30918,Central,1993-09-07,Female,Widowed,2023-02-10
CUST_3c89,Teetat Benchapatranon,phubesprayoonhong@hotmail.com,08-0933-1935,542 Niracha Gateway,Chaisatitport,East Sorawut,99536,Northeast,1996-02-08,Female,Married,2023-03-28
CUST_1cd3,Kunaporn Anekvorakul,uturongkinanon@hotmail.com,08-9583-1397,06503 Pichpandecha Track Apt. 833,Nirachaburgh,Arisaraborough,71897,Central,1991-01-18,Other,Other,2023-04-14
CUST_59aa,Kulnun Wannapaitoonsri,peemphusilarungrueng@hotmail.com,09-5498-1348,0225 Jitrin Dam,East Sorawutshire,Chaifahton,07513,Northeast,1997-11-14,Female,Other,2024-03-02
CUST_b20c,Peem Lertsattayanusak,lsorattanachai@gmail.com,06-2466-8487,74957 Chaifah Ridge,South Pitipathaven,North Puntirachester,71296,Southern,1991-01-28,Female,Divorced,2021-07-05
CUST_3583,Yanisa Srisoontorn,jitrin47@gmail.com,06-0052-7364,38686 Yanisa Well Apt. 743,East Phubes,Lertsattayanusakhaven,66238,Central,2004-07-25,Other,Other,2023-06-28
CUST_c4f1,Niracha Tianvarich,charoensuksopolchaiwut@gmail.com,08-2202-3794,0401 Prachayaroch Junction Apt. 888,Kamolchanokland,Titipatrayunyongmouth,03093,Southern,2001-08-01,Other,Widowed,2025-09-21
CUST_e8c8,Sorawut Sorattanachai,pattamonnorramon@gmail.com,08-6378-9755,348 Posalee Junction Suite 919,West Pattamonchester,Kongchayasukawutburgh,53417,Central,1993-11-19,Other,Single,2024-05-24
CUST_c885,Parin Norramon,anonkumsoontorn@yahoo.com,08-3905-3970,3948 Nutcha Hollow,North Pitipatmouth,South Nutkrita,98023,Central,1995-03-05,Other,Other,2023-10-18
CUST_539a,Patchaploy Vinyuvanichkul,bprayoonhong@yahoo.com,09-7056-5133,9925 Pianduangsri Islands Suite 251,New Pornchanoktown,Suwijukberg,61443,Northern,1997-10-08,Other,Widowed,2021-02-03
CUST_156a,FS 2 Anon Polauaypon,hsireelert@hotmail.com,09-2985-3428,808 Thanatcha Burgs Suite 829,Sujjaboriboonville,Choeychuenfurt,90304,Northern,2007-02-02,Male,Other,2024-03-26
CUST_f68d,POL CPL Pannawich Tianvarich,schaihirankarn@hotmail.com,06-9084-5127,6761 Supasita Junctions,New Puntira,Chaihirankarnburgh,47901,Central,1996-10-06,Male,Married,2025-08-22
CUST_f1f7,Pintusorn Posalee,pattaponkrittayanukoon@gmail.com,06-7001-8524,568 Pichpandecha Viaduct Suite 929,New Niracha,Pakjiraland,24784,Northeast,2008-02-25,Other,Widowed,2021-12-05
CUST_2892,Thanatcha Prachayaroch,ikamalanon@yahoo.com,09-0236-2481,154 Kongsri Lodge Suite 813,South Jitrin,Sitiwatshire,77506,Northeast,1988-06-22,Other,Other,2021-08-17
CUST_9391,Kamolchanok Neerachapong,npianduangsri@gmail.com,06-1109-1173,767 Turongkinanon Shoal,Lake Jitrinview,Kulnunchester,46067,Central,2007-02-19,Female,Widowed,2024-12-07
CUST_a925,Kodchaporn Polauaypon,phusilarungruengtunradee@gmail.com,08-3456-2615,864 Nattawun Manor Apt. 831,Port Sitiwatborough,Port Pramesbury,04588,Northern,2002-01-24,Female,Widowed,2024-12-24
CUST_cd20,Tunradee Kamalanon,vinyuvanichkulsuwijuk@yahoo.com,06-9849-2605,3749 Krittayanukoon Mountains,Port Pattaponberg,New Patcharaporn,72444,Central,1999-07-07,Female,Married,2026-01-17
CUST_7fe8,Nutcha Permchart,aunyapornthantananont@hotmail.com,06-6764-0161,64962 Atit Circles Suite 608,Port Parin,Arisaraport,97507,Northern,1991-03-06,Male,Divorced,2025-08-28
CUST_8bc3,Sorawut Norramon,suraprasertsorawut@yahoo.com,08-0069-7949,89034 Chaiwut Port,Norramonchester,West Sitiwatbury,36693,Northern,1993-02-02,Male,Other,2023-07-13
CUST_b645,Ratchanon Neerachapong,sittikorntianvarich@yahoo.com,06-2477-8859,48415 Kamalanon Parkway,New Apisara,Methavorakulland,75644,Northeast,1990-05-03,Other,Single,2025-07-27
CUST_3132,Pada Kittakun,chaiwutkrittayanukoon@hotmail.com,06-8608-3150,67085 Kamalanon Course,Kongchayasukawutstad,Supasitaside,26604,Northern,1999-08-11,Male,Other,2021-08-04
CUST_6db8,Nutwadee Sukhenai,vethayasaskodchaporn@gmail.com,06-4960-7719,767 Wasunun Village,South Supasita,Nirachamouth,05945,Central,2005-07-04,Female,Single,2023-08-15
CUST_0c87,Suwijuk Siripaiboo,wasununnichakarn@gmail.com,08-9219-9697,6051 Sukhenai Station Suite 441,Bunlupongport,Pornchanokberg,32655,Central,2008-11-25,Female,Single,2025-11-03
CUST_5e63,POL LT GEN Pattatomporn Choeychuen,chayapatprakalpawong@hotmail.com,09-1683-8715,658 Youprasert Island,Port Todsawun,Apisaraborough,01415,Central,1995-01-08,Other,Single,2026-02-18
CUST_fb18,Chayanin Matinawin,yvinyuvanichkul@hotmail.com,09-6016-2669,32670 Kunaporn Causeway,Sitiwatville,Chayapatfurt,23533,Central,1991-02-22,Other,Widowed,2023-05-04
CUST_c4ce,Sarunporn Vethayasas,patchaploy15@gmail.com,08-8965-0920,991 Pattapon River,Kongsriville,Lake Arisara,96112,Northern,1998-11-27,Female,Other,2025-05-14
CUST_7d64,Sorawut Todsapornpitakul,jinjutaanekvorakul@gmail.com,09-5216-8303,052 Bunlupong Crescent Apt. 885,New Anon,Kittakunbury,20828,Central,2008-04-07,Female,Married,2024-03-16
CUST_d9d5,Suwijuk Bunlerngsri,kittakunpattapon@yahoo.com,08-9306-1153,906 Chaiwut View Apt. 622,Suwijukburgh,Trikasemmartville,77602,Central,1996-02-14,Male,Single,2024-03-16
CUST_d51c,Sarunporn Trikasemmart,youprasertsitiwat@gmail.com,06-7325-1268,9700 Kongsri Shores,Jaruwanbury,Port Atitchester,38149,Central,1996-04-01,Male,Single,2022-01-25
CUST_a728,Yada Vethayasas,posaleenattawun@gmail.com,06-0154-2915,94672 Boonpungbaramee Plains,Pikatsingkornstad,Lake Primafurt,53300,Central,1985-03-14,Female,Widowed,2024-02-22
CUST_d21b,Chayapat Posalee,pintusorn90@gmail.com,09-2528-6788,7762 Sooksawang Course,Boonpungbarameefurt,East Supasita,66177,Southern,1993-05-17,Male,Divorced,2024-11-06
CUST_dfc9,Patchaploy Wimolnot,teetat43@yahoo.com,08-6023-6233,143 Prames Hollow Apt. 047,Nirachaville,Methavorakulstad,69932,Central,1990-12-27,Other,Other,2022-04-09
CUST_90b5,LT GEN Sitiwat Polpo,methavorakulchawin@hotmail.com,08-2670-0344,769 Pornchanok Lane,South Chalisatown,East Wasin,33406,Northeast,1991-03-24,Male,Single,2023-08-12
CUST_c804,Apisara Sujjaboriboon,pachongruk99@hotmail.com,08-2897-2572,911 Atit Forge,North Kulnun,East Chawinport,26826,Central,1989-06-28,Male,Widowed,2024-03-27
CUST_8288,Sitiwat Habpanom,rpichpandecha@hotmail.com,09-0361-7907,857 Pitanuwat Curve Apt. 223,North Kunaporn,Wimolnotshire,58850,Northeast,1989-12-12,Male,Married,2021-02-04
CUST_5d81,Supasita Lertsattayanusak,wannapaitoonsrijaruwan@yahoo.com,08-3621-1142,22107 Wasin Village Apt. 388,Prakalpawongville,Anekvorakulview,21856,Northern,2006-12-06,Other,Other,2025-05-06
CUST_eacd,Peem Prachayaroch,teetatchomsri@hotmail.com,06-3692-8324,924 Wimolnot Knolls,Port Kunaporn,Chaiwutborough,81287,Central,2008-01-20,Other,Other,2021-09-23
CUST_345a,Patcharaporn Permchart,rkitprapa@gmail.com,09-8698-6932,792 Nutwadee Road Suite 677,Prachayarochbury,North Teetat,03981,Northeast,1999-03-15,Male,Married,2023-12-19
CUST_c33c,S M 3 Atit Chaisatit,sorawut15@yahoo.com,08-1601-9640,58068 Pachongruk Circle Suite 951,Kongchayasukawutshire,Thanatchaborough,42211,Eastern,1985-10-26,Male,Divorced,2025-10-23
CUST_d59c,Niracha Wannapaitoonsri,vpichpandecha@hotmail.com,09-1392-9686,574 Siripaiboo Drive,New Wassaya,North Jaruwanshire,12925,Northeast,1994-01-14,Male,Widowed,2022-05-28
CUST_0885,Apisara Matinawin,sittikornsooksawang@gmail.com,08-3297-9331,9684 Prakalpawong Squares Apt. 204,West Pattapon,Tungkasethakulborough,43839,Northern,1999-01-01,Female,Other,2023-05-12
CUST_d480,Sitiwat Tungkasethakul,yanisahabpanom@yahoo.com,09-2029-5681,663 Parin Prairie Suite 585,Kamalanonville,Port Niracha,84829,Southern,1985-12-04,Female,Widowed,2023-09-07
CUST_587b,SGT Pakjira Sooksawang,aunyapornanekvorakul@yahoo.com,09-1447-6164,27794 Sujjaboriboon Union,North Suvakit,East Sarunpornfurt,95739,Central,1995-01-01,Female,Divorced,2024-08-13
CUST_041b,Kunaporn Pongpanitch,patchaploypolauaypon@hotmail.com,09-0696-6377,193 Anon Corners,Jinjutaland,New Jaruwanstad,33823,Central,2004-05-14,Female,Widowed,2023-06-23
CUST_1686,Patcharaporn Sujjaboriboon,supasitlosatapornpipit@gmail.com,08-0401-2344,155 Srisoontorn Prairie,Port Jitrinborough,Tungkasethakulberg,76160,Northern,1987-09-12,Female,Married,2024-09-04
CUST_803d,Chaiwut Methavorakul,darin67@gmail.com,09-3079-9347,26248 Chanya Lights,Port Sittikorn,Port Atit,93395,Northern,1994-11-10,Male,Single,2024-02-27
CUST_79ae,Prames Boonpungbaramee,pintusorn08@yahoo.com,06-3170-5922,6569 Prayoonhong Port Apt. 461,Port Pannawichfurt,Siripaibooshire,50253,Central,1989-09-08,Female,Divorced,2023-06-08
CUST_899b,ADM Nutcha Benchapatranon,sarunporn53@gmail.com,09-9591-2617,8093 Boonpungbaramee Points Suite 325,Tunradeeshire,Pasukshire,43447,Northern,2001-02-19,Other,Married,2021-05-08
CUST_1774,Aunyaporn Chowitunkit,losatapornpipitpuntira@gmail.com,06-6906-0677,59315 Peem Extensions Suite 522,North Chanikan,Aunyapornmouth,55988,Central,2002-01-19,Male,Widowed,2021-09-05
CUST_cd19,Supasit Titipatrayunyong,srisoontornpak@hotmail.com,08-9264-3243,34246 Pasuk Course Suite 283,West Thanatchamouth,Krittayanukoonfort,17533,Northern,1995-05-28,Male,Divorced,2024-12-19
CUST_ae4d,Prima Kamalanon,kamolchanokchoeychuen@hotmail.com,08-4935-3478,81179 Pak Field Apt. 298,Port Noppakao,Ratchanonfort,89140,Western,1992-08-02,Male,Other,2024-01-16
CUST_aa02,PHRAKHU DHAMMADHORN Chaifah Vinyuvanichkul,tianvarichkamolchanok@hotmail.com,06-0951-7739,349 Teetat Key Apt. 452,South Arisarastad,Chaihirankarnstad,39263,Central,2002-09-02,Female,Other,2025-04-19
CUST_197a,Nutkrita Kongchayasukawut,sitiwat12@yahoo.com,08-6323-1558,6423 Pakjira Ford Suite 368,Lake Pachongruk,Bunlerngsritown,80606,Central,1991-06-02,Female,Married,2021-12-27
CUST_dc41,Pattamon Sukhenai,posaleechayapat@hotmail.com,09-9187-0171,57416 Prachayaroch Roads Suite 864,Chowitunkitside,Lake Patcharapornview,12310,Northeast,2005-12-19,Male,Other,2024-01-14
CUST_96ef,Jaruwan Prachayaroch,apisara75@yahoo.com,06-0350-7590,60556 Tunchanok Plain,Phusilarungruengmouth,Lake Pornchanokview,30031,Central,1997-04-10,Female,Married,2026-01-12
CUST_54c3,Pada Suraprachit,usujjaboriboon@yahoo.com,06-9136-1737,352 Krittayanukoon Cape Apt. 150,South Kulnun,Chaisatitburgh,24428,Southern,2004-08-17,Female,Divorced,2023-10-12
CUST_c8de,Atit Kongsri,pikatsingkorntunradee@yahoo.com,09-4684-3139,115 Chayanin Loop Apt. 908,Vethayasasmouth,Intaumhaven,06301,Western,1998-08-17,Male,Widowed,2021-05-09
CUST_b064,Sorawut Bunlerngsri,wpianduangsri@hotmail.com,06-3130-4845,1700 Titipatrayunyong Plaza,North Pawan,Sittikornport,66120,Central,1998-03-09,Male,Divorced,2023-06-08
CUST_6471,Kamolchanok Pasuk,jinjuta19@gmail.com,08-7381-0104,54802 Polpo Groves Apt. 732,East Suvakitbury,Phusilarungruengmouth,78160,Northern,1987-02-19,Male,Widowed,2026-05-17
CUST_cedc,Chaifah Suraprasert,pitipathabpanom@gmail.com,06-5765-5474,60969 Vinyuvanichkul Gardens,North Jaruwanville,Pattapontown,29871,Central,2008-04-21,Male,Single,2026-02-07
CUST_fedb,Suwijuk Kongchayasukawut,pramestodsapornpitakul@yahoo.com,06-3559-8623,19361 Supasita Creek,New Jinjuta,Padamouth,98292,Southern,2000-01-16,Other,Other,2025-03-15
CUST_ab60,CPO 1 Chawin Sittisaowapak,pitipatanekvorakul@gmail.com,06-0219-7457,018 Youprasert Parkway Suite 959,Chanyahaven,Pattatompornburgh,75225,Central,2003-01-24,Male,Divorced,2023-10-23
CUST_e8f2,Kamolchanok Choeychuen,todsawunwasunun@gmail.com,09-4747-3680,084 Teetat Track,Tungkasethakulborough,Phenphitchaville,62298,Southern,2008-01-09,Other,Divorced,2023-12-07
CUST_0dc5,Sitiwat Pichpandecha,utungkasethakul@gmail.com,09-8378-9222,4148 Phusilarungrueng Highway,Peemborough,West Nutkritafurt,35886,Central,2001-01-09,Male,Widowed,2023-09-23
CUST_b71b,Apisara Trikasemmart,zposalee@yahoo.com,06-8063-2467,765 Pakjira Hills Suite 428,Todsawunchester,Sorawutchester,20036,Northern,2000-11-28,Male,Married,2022-10-18
CUST_1b68,Tunchanok Polpo,nattawun93@yahoo.com,06-6291-8191,5206 Thanatcha Locks Suite 902,Chaisatitport,South Thanatchaburgh,41673,Central,1988-04-21,Other,Married,2021-05-18
CUST_b5c6,Arisara Prayoonhong,npikatsingkorn@yahoo.com,08-8291-3876,524 Kodchaporn Station,Yadachester,North Teetatport,81788,Southern,2004-01-14,Female,Married,2021-05-22
CUST_4eed,Jinjuta Kittakun,thantananontsitiwat@yahoo.com,06-7106-5498,376 Apisara Tunnel Suite 289,Yadatown,Phusilarungruengberg,05391,Northern,1987-05-02,Other,Single,2026-05-11
CUST_1aae,FS 1 Ratchanon Titipatrayunyong,yanisa11@yahoo.com,09-0935-5988,6488 Kunaporn Common Suite 331,Neerachapongborough,Lake Jitrinfort,98764,Northern,1993-03-22,Female,Widowed,2021-09-24
CUST_d9df,Jaruwan Titipatrayunyong,chaifah44@hotmail.com,08-0829-3380,161 Siripaiboo Views Suite 536,Sittikornburgh,South Patchaploy,68272,Northern,1992-10-14,Female,Other,2024-05-15
CUST_79d9,Nutwadee Sorattanachai,echaisatit@gmail.com,08-9033-0565,446 Boonpungbaramee Extensions,New Chanya,South Kulnun,73503,Northern,1990-06-15,Female,Widowed,2024-06-11
CUST_33b2,Chawin Posalee,patchaploybunlupong@hotmail.com,06-0837-4917,9189 Kongsri Ridge,North Suvakit,Tunchanokburgh,56437,Central,2008-04-13,Other,Divorced,2025-10-06
CUST_b91d,Prames Vinyuvanichkul,suwijuk68@hotmail.com,06-9843-0272,28999 Kittakun Radial,South Aunyapornville,Parinhaven,49490,Central,1992-07-27,Other,Married,2023-11-12
CUST_a37d,SAMANERA Pornchanok Vinyuvanichkul,chowitunkitratchanon@yahoo.com,06-3507-4777,3393 Suraprachit Neck Apt. 342,North Chanya,Sittikornmouth,19107,Northern,1996-03-18,Female,Married,2023-09-20
CUST_1b1d,Tunchanok Kamalanon,thanatcha87@hotmail.com,08-9141-1279,38921 Benchapatranon Plains Suite 806,New Parinbury,South Suwijuk,87157,Central,2002-06-26,Female,Single,2023-08-07
CUST_86d3,Pachongruk Chowitunkit,pakjiraprachayaroch@gmail.com,09-5293-7337,25698 Wimolnot Station,South Kodchaporn,New Sorawutville,63923,Central,1995-01-07,Other,Widowed,2026-02-16
CUST_69f6,Thanatcha Vinyuvanichkul,pitipatposalee@hotmail.com,06-9957-3231,1918 Prames Streets,Sittikornchester,Patchaployside,85988,Northern,1991-04-17,Male,Other,2022-02-15
CUST_966d,Prima Thantananont,ikongchayasukawut@gmail.com,06-9033-0665,660 Kamolchanok Heights Apt. 813,North Pachongrukhaven,West Pachongruk,16727,Central,2004-05-07,Other,Other,2022-05-20
CUST_ca05,Pintusorn Kamalanon,kongchayasukawutwasin@gmail.com,09-7905-3062,386 Methavorakul Parks Apt. 145,Lake Nutcha,East Pakjiramouth,46379,Northern,2008-02-20,Female,Single,2025-09-10
CUST_8ef9,Ratchanon Prachayaroch,qturongkinanon@gmail.com,08-7733-2255,338 Prayoonhong Extensions Suite 658,Wimolnotborough,Kamalanonside,52255,Northeast,1991-07-23,Male,Other,2024-04-15
CUST_5a83,Nutkrita Pitanuwat,rpolauaypon@gmail.com,09-6316-2071,475 Yanisa Extension Suite 308,Prayoonhongmouth,North Pintusornton,61875,Southern,2000-05-08,Other,Widowed,2024-05-28
CUST_6229,Tunradee Pitanuwat,jitrin98@gmail.com,09-2563-3218,996 Ratchanon Club,East Darinstad,Tunchanokhaven,91317,Northeast,1990-02-09,Male,Married,2025-03-11
CUST_81e9,FS 1 Ratchanon Suraprachit,teetatsireelert@yahoo.com,09-3314-4505,788 Suraprasert Forges,Pakjirastad,Jitrinmouth,63102,Northeast,2003-07-25,Female,Divorced,2023-09-22
CUST_c999,Prima Wimolnot,wlertsattayanusak@hotmail.com,09-4230-6620,64494 Parin Skyway,South Nutkrita,Kamolchanokport,95649,Northern,1986-11-15,Female,Married,2024-10-10
CUST_d418,Supasita Wannapaitoonsri,chanikanintaum@yahoo.com,09-6441-8857,56214 Kongchayasukawut Extensions Suite 445,West Pachongruk,Pramesmouth,80817,Central,2001-11-19,Female,Married,2021-02-27
CUST_2b06,Apisara Kittakun,thanatcha96@gmail.com,08-2757-1303,982 Pada Skyway,South Phenphitcha,Chaifahburgh,72882,Eastern,2001-01-27,Other,Divorced,2024-05-21
CUST_744b,M L Chaifah Kittakun,chaihirankarnchanikan@gmail.com,08-4460-1423,330 Chaiwut Summit Apt. 804,Polpoport,Port Suvakitmouth,83774,Central,1996-02-05,Other,Single,2026-02-17
CUST_aa4d,Kulnun Sujjaboriboon,kamolchanok66@hotmail.com,09-9651-4804,84850 Kamalanon Isle,Darinhaven,South Wasinshire,71239,Eastern,2006-04-27,Male,Divorced,2026-05-15
CUST_19fd,SGT Supasita Krittayanukoon,supasita79@gmail.com,06-2388-7112,854 Atit Shores Suite 316,North Tunradee,Pintusornville,75640,Northern,1998-03-13,Male,Single,2026-05-22
CUST_1ebf,Suwijuk Phusilarungrueng,noppakaoboonpungbaramee@yahoo.com,06-3452-7699,1956 Sitiwat Plaza Suite 378,East Nutwadeeburgh,Bunlupongton,13004,Northern,1996-12-28,Other,Divorced,2026-01-21
CUST_767b,Noppakao Pitanuwat,bbunlupong@gmail.com,06-6940-0035,27904 Patcharaporn Orchard Apt. 962,Suvakitville,Anekvorakulland,31953,Southern,1991-05-09,Male,Divorced,2023-08-20
CUST_d693,CDR Wassaya Prachayaroch,darin23@hotmail.com,09-0405-9781,0478 Vethayasas Way,New Darin,Intaumhaven,48820,Central,1985-01-17,Other,Divorced,2023-07-06
CUST_62c6,Pornchanok Todsapornpitakul,gnorramon@gmail.com,06-6364-3066,555 Kitprapa Wells,Suraprachitfurt,North Thanatcha,23267,Central,1997-06-19,Other,Married,2022-10-28
CUST_f17d,Parin Methavorakul,wasinsuraprasert@yahoo.com,08-0475-8670,7833 Kongchayasukawut Greens,Methavorakulland,Chawinbury,60476,Northeast,1998-03-12,Female,Single,2022-12-04
CUST_92d4,Jaruwan Pikatsingkorn,patcharaporn85@hotmail.com,09-0184-7953,1268 Sooksawang Shoal Apt. 954,West Peem,South Noppakao,01841,Central,1998-01-20,Other,Widowed,2025-03-14
CUST_ecc9,Pannawich Choeychuen,pintusorn56@yahoo.com,09-3102-2796,261 Krittayanukoon Club,Nichakarnton,Lake Pannawich,87332,Central,2002-07-24,Male,Other,2021-11-25
CUST_99ad,Sarunporn Boonpungbaramee,yada23@gmail.com,09-4866-3871,982 Kamalanon Ferry,Yadaport,Port Puntiramouth,77716,Northern,2003-08-17,Other,Married,2024-09-22
CUST_3ee8,Darin Chowitunkit,dtodsapornpitakul@yahoo.com,06-9788-1148,476 Pattamon Ridges,New Anon,Prachayarochport,99908,Northeast,1994-08-22,Male,Widowed,2022-03-11
CUST_18a2,Pattapon Benchapatranon,rsorattanachai@hotmail.com,09-6330-1111,34273 Benchapatranon Ports,Anekvorakulmouth,Nichakarnside,51696,Central,1996-08-28,Other,Divorced,2024-06-21
CUST_7e9d,Suwijuk Suraprasert,csittisaowapak@hotmail.com,06-4517-3557,8744 Pichpandecha Village Suite 762,West Kunaporn,Anekvorakulport,53301,Southern,2001-09-04,Male,Other,2021-10-24
CUST_51a2,CPO 2 Pattatomporn Polpo,dprakalpawong@yahoo.com,08-0944-3713,216 Suwijuk Lane,Thantananontmouth,North Pannawichview,93472,Southern,1987-09-13,Male,Other,2022-06-13
CUST_6c58,Kunaporn Prachayaroch,kodchaporn60@gmail.com,06-9459-4133,09102 Pattamon Route Suite 382,Lertsattayanusakmouth,Sorattanachaistad,83995,Central,1999-02-19,Female,Married,2024-09-12
CUST_49d6,Puntira Sukhenai,tunradeephusilarungrueng@hotmail.com,08-9007-5984,29430 Sujjaboriboon Via Suite 363,Pramesmouth,Port Pattatompornfort,30576,Northeast,1993-06-24,Female,Widowed,2024-02-07
CUST_8c9f,Apisara Kitprapa,nattawun78@hotmail.com,06-0292-1458,453 Chaisatit Street,Srisoontornfort,New Prima,39148,Northern,2004-11-13,Male,Other,2022-02-12
CUST_18a3,Kamolchanok Todsapornpitakul,pattatomporn14@yahoo.com,06-1922-1371,2091 Tungkasethakul Extensions,Methavorakulborough,Patchaployport,12385,Northern,1983-05-23,Other,Other,2025-07-20
CUST_534a,Anon Kumsoontorn,kkitprapa@hotmail.com,09-3017-1882,562 Pakjira Square,East Chawin,Port Supasita,22392,Central,1993-01-04,Male,Single,2024-10-28
CUST_2d35,Kamolchanok Chomsri,prakalpawongpattapon@hotmail.com,06-6094-7354,368 Trikasemmart Heights Apt. 244,Benchapatranonberg,Lake Sarunpornburgh,90778,Northern,1987-09-21,Other,Single,2022-03-07
CUST_5e38,Prima Pichpandecha,kamalanonaunyaporn@yahoo.com,09-3275-2319,443 Wassaya Keys Apt. 116,Kamalanonhaven,East Yada,55083,Central,2008-11-21,Other,Single,2024-10-03
CUST_ca90,Kulnun Lertsattayanusak,chayaninprachayaroch@yahoo.com,08-8970-8586,46277 Sorattanachai Via Apt. 285,Kamolchanokside,Pramesmouth,60301,Central,2006-04-06,Other,Married,2025-08-14
CUST_f3b6,Sittikorn Sireelert,kongsriwasin@yahoo.com,08-3869-3197,9768 Permchart Knoll Suite 184,Lake Jitrin,West Thanatcha,65581,Northeast,1995-09-11,Female,Married,2026-03-18
CUST_ee1e,Chayanin Srisoontorn,hnorramon@hotmail.com,08-4885-4640,497 Wasunun Lodge Apt. 335,North Jinjutaview,North Sorawutstad,19686,Northern,1991-07-12,Male,Divorced,2025-11-06
CUST_e076,Sorawut Sittisaowapak,fwannapaitoonsri@gmail.com,06-3794-5937,6759 Chanya Summit,East Tunradee,West Aunyaporn,64538,Central,1987-07-02,Male,Married,2026-04-13
CUST_af0e,CAPT Yanisa Kittakun,chowitunkitaunyaporn@yahoo.com,08-4357-7808,937 Suraprasert Springs,Todsapornpitakulstad,Wasinfurt,76987,Southern,2004-02-09,Female,Single,2024-05-05
CUST_0395,Chanikan Chowitunkit,xkongsri@gmail.com,08-5370-9595,0402 Sooksawang Course,Kulnunberg,Lertsattayanusakshire,63113,Eastern,2008-12-06,Female,Single,2023-11-28
CUST_1e67,Pak Boonpungbaramee,xsireelert@hotmail.com,06-7556-9527,3053 Turongkinanon Trace Suite 457,Phubeschester,Srisoontornland,79450,Northern,1994-07-18,Other,Other,2025-04-28
CUST_4ef9,Puntira Pitanuwat,kodchapornsorattanachai@gmail.com,09-3407-2395,70383 Krittayanukoon Ridge Apt. 398,Jaruwantown,North Chawin,99581,Central,1998-10-02,Female,Divorced,2023-01-28
CUST_2066,Chanya Lertsattayanusak,dyouprasert@hotmail.com,08-8473-4765,097 Chaifah Field Suite 892,Port Chalisafurt,Supasitabury,47323,Central,1983-03-14,Male,Divorced,2024-03-17
CUST_cc74,Prames Pitanuwat,xposalee@gmail.com,06-9944-5974,2319 Niracha Crossing Suite 652,Pitipatshire,Chowitunkitport,74768,Northeast,1996-07-03,Other,Divorced,2021-01-13
CUST_cee8,Pitipat Sittisaowapak,kongsrijaruwan@hotmail.com,09-6257-6454,3576 Thanatcha Pine Apt. 794,Pattaponmouth,West Yanisaport,04729,Southern,1997-11-03,Female,Other,2023-05-24
CUST_d686,Phenphitcha Prachayaroch,chayaninneerachapong@gmail.com,09-1478-5836,35471 Polpo Drives Suite 690,Port Peemfurt,North Ratchanon,20478,Western,1982-02-15,Other,Single,2024-03-20
CUST_4383,Sitiwat Benchapatranon,sorattanachainutkrita@hotmail.com,06-6777-5391,02443 Benchapatranon Manor,Port Prames,Pattamonside,20223,Northern,1996-11-24,Male,Divorced,2024-05-01
CUST_7bc5,Chawin Chomsri,chawinposalee@gmail.com,06-4838-3660,108 Phenphitcha Port,Port Noppakao,Sittikornside,30445,Northern,2005-12-25,Other,Widowed,2023-01-20
CUST_8453,Wasin Boonpungbaramee,sooksawangapisara@hotmail.com,09-1432-7493,97605 Tianvarich Manors,South Parinview,Ratchanonmouth,83282,Northern,1990-01-17,Female,Other,2024-04-16
CUST_7279,Chawin Pitanuwat,todsawunlosatapornpipit@hotmail.com,09-0324-7149,4582 Wimolnot Locks Suite 934,North Pornchanokton,Nutwadeeview,33419,Central,2008-04-07,Male,Divorced,2024-11-13
CUST_02e4,Supasita Vinyuvanichkul,bunlupongpattamon@yahoo.com,09-0376-1150,7772 Lertsattayanusak Fort,Nattawunmouth,Chayapatville,03636,Northern,1994-07-09,Female,Divorced,2026-05-14
CUST_1ff3,Darin Youprasert,ilosatapornpipit@gmail.com,08-1099-0057,30336 Noppakao Forest,Jaruwanstad,Padamouth,18202,Northeast,1999-06-13,Other,Single,2025-09-02
CUST_0cfe,Nutkrita Todsapornpitakul,wkamalanon@yahoo.com,08-6111-7165,02545 Bunlerngsri Walk,Polauayponmouth,South Pintusorn,75553,Northern,1995-03-02,Female,Divorced,2026-05-24
CUST_0e7c,Pada Benchapatranon,methavorakultunradee@yahoo.com,08-9207-3231,8410 Kulnun Lodge,Pannawichland,Lake Teetatside,93026,Northern,2002-01-06,Female,Divorced,2022-02-07
CUST_8b72,Suvakit Chowitunkit,pattamonposalee@hotmail.com,09-3672-5421,45278 Siripaiboo Square,Primaton,New Kulnunton,59999,Central,2003-06-17,Male,Single,2026-03-21
CUST_2fcc,Nutwadee Prachayaroch,vinyuvanichkulchayapat@hotmail.com,09-8571-1613,188 Supasita Hill Suite 576,Chayapatland,Kamalanonhaven,06309,Western,2004-04-04,Other,Other,2023-03-12
CUST_caa0,Prames Kittakun,jinjutathantananont@yahoo.com,09-6336-4756,2941 Vethayasas Views Suite 989,Pakburgh,West Supasitabury,50237,Central,1975-03-02,Other,Single,2022-02-02
CUST_a594,Suvakit Kitprapa,neerachapongnutcha@gmail.com,08-3868-7288,6211 Prakalpawong Spring Apt. 890,West Phenphitcha,East Chayapatchester,18681,Southern,1992-10-03,Female,Single,2023-12-12
CUST_4889,Chalisa Anekvorakul,kbenchapatranon@gmail.com,08-6066-0203,1585 Losatapornpipit Heights Suite 738,North Parinfort,Kulnunmouth,39430,Central,2000-07-19,Male,Single,2025-12-04
CUST_b80b,Todsawun Norramon,chomsriparin@yahoo.com,09-6807-3139,206 Pitipat Shoals Apt. 823,Prachayarochstad,Lake Chaifahbury,13199,Northeast,1996-06-12,Male,Divorced,2024-05-07
CUST_99ca,Yada Kittakun,rtodsapornpitakul@hotmail.com,09-5322-3830,74504 Suraprachit Grove,Port Pattapon,Wannapaitoonsritown,88361,Northeast,1990-12-06,Female,Married,2024-04-15
CUST_dcf1,Anon Siripaiboo,tunradee83@hotmail.com,06-9277-5692,261 Apisara Loaf,South Aunyaporntown,Pramesfurt,66913,Central,2000-09-08,Male,Married,2022-04-03
CUST_0183,Nichakarn Chaisatit,wimolnotsupasit@yahoo.com,08-5406-1673,00968 Pada Islands Suite 536,South Chayanin,Prachayarochborough,49568,Northern,1994-03-02,Other,Other,2021-01-17
CUST_05d6,Ratchanon Todsapornpitakul,pasukapisara@gmail.com,06-7492-2491,531 Prakalpawong Rapid Suite 457,West Sittikornchester,North Suwijuk,54443,Central,1996-09-06,Male,Divorced,2025-01-23
CUST_af1b,SGT Jitrin Polauaypon,kulnunprachayaroch@yahoo.com,09-4120-4843,5543 Parin Light,Supasitaland,North Chayanin,94340,Central,2008-10-08,Other,Divorced,2024-11-23
CUST_b14f,Sittikorn Trikasemmart,tbunlerngsri@hotmail.com,09-0403-9414,27576 Lertsattayanusak Tunnel Suite 874,Turongkinanonborough,East Patchaploy,76380,Northern,2003-04-16,Male,Divorced,2021-05-22
CUST_7c7e,Phenphitcha Sorattanachai,chayapat31@gmail.com,09-1892-5171,76170 Noppakao Gardens,Kunapornshire,New Pak,51347,Central,2000-12-05,Male,Married,2025-02-26
CUST_e640,Kamolchanok Tungkasethakul,puntira37@gmail.com,09-8265-5203,046 Chaiwut Junctions,Bunlupongland,Patchaployfurt,28639,Central,2008-07-06,Male,Single,2023-04-13
CUST_e9b5,AMN Pitipat Suraprachit,nutchaposalee@yahoo.com,06-9211-5184,83229 Benchapatranon Plain,Port Peemburgh,Lake Todsawunland,69455,Central,1986-10-22,Other,Other,2026-02-16
CUST_bf1f,Jaruwan Polauaypon,chaiwut87@yahoo.com,06-0930-7512,5913 Pak Pine,Pitipathaven,West Patchaploy,89552,Central,1999-04-28,Female,Single,2025-03-09
CUST_5d02,Apisara Bunlerngsri,darinposalee@yahoo.com,09-2122-8543,326 Vinyuvanichkul Wall Apt. 766,South Pannawichtown,South Suwijuk,22272,Western,1987-10-04,Male,Single,2025-03-07
CUST_b8ae,Pintusorn Charoensuksopol,anontianvarich@yahoo.com,06-7809-8200,4498 Losatapornpipit Cliffs,Yanisaview,Lake Tunradee,14503,Northern,1986-03-06,Male,Widowed,2025-11-20
CUST_c95a,Wasin Polpo,tunchanok07@hotmail.com,06-5566-3083,627 Methavorakul Isle,Lake Pak,North Teetatchester,25614,Northeast,1991-09-14,Other,Widowed,2023-07-08
CUST_2eab,Kunaporn Prakalpawong,kongchayasukawutchalisa@yahoo.com,09-7709-6164,4471 Permchart Ville Apt. 394,Sorawutchester,Kittakunchester,52354,Central,1987-06-07,Other,Married,2022-05-24
CUST_5193,Pintusorn Kittakun,suraprasertpada@yahoo.com,06-0636-1676,87836 Atit Fords,Vinyuvanichkulland,North Pattatomporn,74409,Northeast,1999-02-06,Female,Widowed,2024-10-17
CUST_0bcb,Puntira Neerachapong,chanikananekvorakul@hotmail.com,09-5206-0029,64013 Sittisaowapak Club,Methavorakulshire,East Nattawun,11463,Northern,2005-03-12,Male,Widowed,2023-01-21
CUST_5b15,Pak Srisoontorn,rtianvarich@gmail.com,06-9636-7405,172 Trikasemmart Forest,Prakalpawongville,Siripaiboobury,74856,Northeast,1996-03-13,Male,Divorced,2022-10-17
CUST_bb5f,Arisara Bunlerngsri,kodchaporn82@gmail.com,06-1630-3639,750 Supasita Trail,West Nutkrita,Phusilarungruengville,56128,Central,1996-06-06,Female,Married,2022-12-20
CUST_baea,Kulnun Todsapornpitakul,pawantianvarich@yahoo.com,09-0448-4865,012 Chawin Loop,Habpanomville,East Niracha,54926,Northern,1982-11-07,Other,Married,2026-02-24
CUST_3e5c,Thanatcha Turongkinanon,pongpanitchchaifah@gmail.com,09-9456-4143,500 Niracha Junction Suite 111,Port Chaiwutberg,Sooksawangton,01951,Northeast,1997-12-07,Other,Widowed,2024-07-18
CUST_edd1,Parin Pongpanitch,patchaploywimolnot@yahoo.com,06-4553-0999,25635 Kamalanon Grove,Tunchanokview,East Yanisa,70940,Northern,1990-09-12,Female,Divorced,2025-08-15
CUST_f319,Chanikan Thantananont,mhabpanom@hotmail.com,08-4943-6769,08589 Darin Centers,Polauayponstad,Norramonport,53271,Northern,1995-07-22,Other,Single,2022-02-06
CUST_97dd,Suvakit Kittakun,chowitunkitthanatcha@hotmail.com,06-3692-6395,08974 Puntira Extensions,Prachayarochfurt,Pattaponshire,24001,Central,2005-11-02,Male,Widowed,2023-08-11
CUST_ece4,CDR Pintusorn Polauaypon,hprachayaroch@yahoo.com,09-7665-3582,029 Pothanun Fall Apt. 581,South Atit,Lake Patcharapornstad,61963,Central,1992-06-07,Female,Single,2022-01-03
CUST_c902,Thanatcha Bunlupong,thanatcha72@yahoo.com,06-0955-0729,9379 Yanisa Fields,Peemfort,Darinton,28096,Northern,1993-03-17,Male,Divorced,2021-04-13
CUST_0335,Nutcha Chomsri,jsittisaowapak@hotmail.com,08-0374-3570,201 Pikatsingkorn Stravenue,Port Atit,Boonpungbarameechester,33331,Northeast,1986-09-24,Female,Single,2024-06-22
CUST_307b,Supasita Kongsri,aunyaporn70@hotmail.com,08-6565-5244,204 Atit Throughway,Siripaiboofurt,Lake Pada,93854,Northern,1997-05-16,Female,Single,2024-07-02
CUST_3b95,Suvakit Permchart,darin98@hotmail.com,08-1757-1391,19520 Suvakit Park Suite 221,Kongsriberg,Kamolchanokport,58733,Central,2001-10-04,Female,Widowed,2024-11-11
CUST_b590,Wassaya Matinawin,paksujjaboriboon@yahoo.com,09-7637-4301,55541 Kulnun Flat,Chaihirankarnland,South Thanatcha,83403,Western,1994-06-21,Female,Widowed,2025-04-25
CUST_45bb,Supasita Trikasemmart,suwijuklosatapornpipit@gmail.com,09-1493-8017,2953 Supasit Park,Boonpungbarameefort,West Darin,53012,Northeast,2008-08-20,Female,Other,2026-02-23
CUST_e5c8,Jaruwan Benchapatranon,wtungkasethakul@hotmail.com,08-9336-2152,63403 Kumsoontorn Summit Suite 196,New Pattaponmouth,Kamolchanokport,40112,Northeast,1994-09-06,Male,Widowed,2024-02-18
CUST_4d9d,Pattamon Titipatrayunyong,kamolchanokkongchayasukawut@hotmail.com,06-5879-8631,05434 Kulnun Expressway,Kittakunburgh,North Parin,04219,Central,1985-01-13,Male,Other,2026-01-19
CUST_8a76,Nichakarn Todsapornpitakul,niracha25@yahoo.com,06-4017-0824,6598 Sukhenai Isle,West Nichakarnfurt,North Jinjutahaven,54855,Eastern,1992-08-15,Female,Married,2025-03-22
CUST_a731,Chalisa Norramon,pawan96@yahoo.com,08-2078-5330,2921 Pothanun Island,North Anonburgh,Nutkritaburgh,11073,Northeast,1995-07-06,Female,Married,2023-12-28
CUST_d087,Patcharaporn Charoensuksopol,fsujjaboriboon@yahoo.com,06-4354-0768,450 Jaruwan Throughway Suite 252,Atitberg,Lertsattayanusakland,67594,Central,1996-01-11,Male,Divorced,2026-02-18
CUST_596b,Chawin Chaisatit,apichpandecha@hotmail.com,06-4824-6076,12250 Suraprasert Plaza Apt. 147,Todsapornpitakulland,Kittakunfort,83938,Eastern,1983-09-16,Female,Single,2022-05-28
CUST_5e5d,Pintusorn Wimolnot,xprachayaroch@hotmail.com,06-0380-1644,38964 Polauaypon Rapid,Noppakaochester,North Pada,50596,Central,1981-08-04,Other,Other,2022-01-17
CUST_934b,Pintusorn Todsapornpitakul,norramonsupasita@hotmail.com,09-8538-8385,659 Kamalanon Stream Apt. 798,West Sorawutton,East Nutwadee,40058,Central,1994-05-17,Male,Married,2021-08-10
CUST_57b9,Pawan Benchapatranon,parinkongsri@yahoo.com,08-2992-1704,3903 Chayapat Locks,North Supasitamouth,West Wasinmouth,26640,Northern,1981-04-08,Female,Other,2024-08-12
CUST_b143,Darin Norramon,qvinyuvanichkul@hotmail.com,06-1350-7392,0312 Todsawun Corners,North Pak,West Nichakarn,32340,Eastern,1998-10-17,Female,Other,2023-04-02
CUST_b980,Pakjira Prachayaroch,yanisaposalee@hotmail.com,08-2576-3968,835 Darin Crossroad Apt. 086,West Wassaya,Losatapornpipitport,03351,Central,1998-09-05,Other,Other,2024-04-07
CUST_93c4,MRS Sittikorn Chomsri,pothanunteetat@gmail.com,08-9853-6816,657 Chanikan Neck Apt. 446,North Nutcha,Jaruwanmouth,05842,Northern,1990-07-10,Female,Married,2025-12-27
CUST_d062,Chawin Kongsri,akrittayanukoon@yahoo.com,06-4811-9094,33541 Choeychuen Course Suite 916,Sireelerttown,Pattamonview,89763,Western,1994-06-11,Male,Widowed,2024-12-01
CUST_c71d,Yanisa Polpo,suraprasertchayapat@gmail.com,08-4311-4721,3277 Parin Spur,West Noppakao,Prayoonhongborough,90370,Central,1995-11-09,Other,Other,2021-11-21
CUST_dbe2,Kulnun Vinyuvanichkul,ikitprapa@hotmail.com,09-9011-0641,32512 Suwijuk Prairie Suite 576,North Niracha,Lake Darinmouth,00771,Central,2006-04-15,Other,Divorced,2023-08-17
CUST_72be,Tunradee Tianvarich,apisaraturongkinanon@hotmail.com,09-8214-6062,771 Kamalanon Springs Apt. 170,New Pannawichfort,Supasitabury,44127,Central,1989-06-09,Male,Single,2025-02-01
CUST_a1aa,Wassaya Bunlupong,chayanin73@hotmail.com,06-8441-3170,315 Prakalpawong Port Apt. 755,New Puntira,Boonpungbarameechester,90917,Northern,2002-04-26,Male,Married,2022-10-26
CUST_d7fc,Sorawut Posalee,phenphitchayouprasert@hotmail.com,09-9884-0400,9748 Wasin Point Apt. 870,North Jaruwanfort,North Kunapornville,94345,Southern,1991-04-03,Female,Widowed,2021-12-19
CUST_c9a5,Pakjira Charoensuksopol,snorramon@gmail.com,09-3967-9201,68020 Chaisatit Meadow Suite 861,Chalisaview,New Noppakaomouth,98053,Northern,1995-06-25,Male,Divorced,2024-09-01
CUST_f45e,Chalisa Suraprachit,osorattanachai@hotmail.com,08-2819-7959,5075 Niracha Village,Lake Nutcha,Nirachafort,03964,Northeast,2006-01-13,Female,Single,2026-05-23
CUST_1d42,Chanya Polauaypon,noppakao33@gmail.com,06-8679-7416,2571 Sorawut Manor Apt. 274,Benchapatranonberg,Nutkritahaven,22345,Central,1996-02-19,Male,Single,2024-10-18
CUST_e04a,Prima Pichpandecha,krittayanukoonnutcha@yahoo.com,08-4086-7778,529 Lertsattayanusak Roads Apt. 616,West Pramesmouth,Suvakittown,88882,Northern,1983-06-11,Female,Single,2025-06-07
CUST_d2a1,Pada Pasuk,phusilarungruengjinjuta@hotmail.com,09-6089-5294,164 Apisara Radial Apt. 834,East Chawinberg,Lake Ratchanonshire,75337,Central,1989-08-22,Male,Widowed,2024-08-28
CUST_8123,Supasit Methavorakul,eprachayaroch@hotmail.com,06-9215-3462,183 Tianvarich Key,Nichakarnfort,Tungkasethakulmouth,35031,Eastern,2005-01-16,Male,Other,2023-08-06
CUST_8920,Kamolchanok Chaihirankarn,chayanintrikasemmart@gmail.com,06-5778-6445,89816 Sukhenai Shore Apt. 567,Chaisatitborough,West Pannawich,18668,Southern,1998-12-07,Female,Married,2025-07-03
CUST_f6e3,Pintusorn Wannapaitoonsri,chayanin36@hotmail.com,06-8666-5640,1973 Jitrin Union,Pawanshire,Kamolchanokfurt,59490,Northern,1992-01-09,Other,Other,2025-07-19
CUST_7a86,Atit Pianduangsri,chalisa41@gmail.com,06-0115-8636,04180 Tianvarich Square Suite 256,Pattaponmouth,North Patchaploy,27605,Northeast,2002-09-19,Other,Married,2024-06-03
CUST_962c,Chayanin Tianvarich,ypermchart@gmail.com,06-8591-8142,8416 Yada Roads,Neerachapongburgh,East Pak,54982,Northeast,1990-04-03,Female,Widowed,2025-02-06
CUST_a124,Todsawun Todsapornpitakul,methavorakulnoppakao@yahoo.com,06-1171-6602,2357 Sorawut Spring Suite 121,Nattawunshire,West Chaiwutborough,75391,Central,1989-07-10,Female,Widowed,2025-09-16
CUST_70a2,Chayapat Habpanom,pitipatboonpungbaramee@yahoo.com,09-0032-2080,7367 Siripaiboo Point,West Thanatcha,West Pannawichville,42317,Northern,1993-08-07,Other,Widowed,2022-01-04
CUST_717a,Prima Sorattanachai,wasinsittisaowapak@yahoo.com,09-5334-4753,0621 Polpo Manors,South Pakjira,Pothanunberg,94682,Central,1997-04-14,Female,Widowed,2025-10-24
CUST_5db9,LT COL Phenphitcha Suraprachit,titipatrayunyongchayapat@gmail.com,06-5325-1322,4775 Vinyuvanichkul Crescent Apt. 921,Krittayanukoonland,West Chanikanton,93363,Central,2005-01-19,Male,Married,2022-06-18
CUST_e31b,Nutkrita Todsapornpitakul,peemyouprasert@gmail.com,06-5970-4830,1993 Suraprasert Ville Apt. 623,Pawanberg,West Pintusornberg,51192,Northeast,1989-12-09,Female,Single,2026-05-17
CUST_7699,Wasin Norramon,aunyaporn59@hotmail.com,09-1909-2852,39876 Matinawin Ways Apt. 987,Chayaninport,Sorawutstad,92517,Central,1994-12-14,Female,Divorced,2024-01-09
CUST_5077,Noppakao Benchapatranon,sitiwat77@hotmail.com,09-7868-2572,852 Chayapat Shore Apt. 256,North Parintown,Kongsrimouth,14005,Central,1992-11-15,Other,Married,2024-10-14
CUST_e4a7,POL CPL Ratchanon Vinyuvanichkul,vwimolnot@yahoo.com,08-5738-5003,9380 Jinjuta Prairie Apt. 129,West Patcharapornmouth,North Sitiwatland,00717,Central,1995-05-06,Female,Divorced,2022-11-17
CUST_53a6,Pornchanok Pothanun,rchowitunkit@hotmail.com,09-5733-4125,2102 Sireelert Ranch Suite 630,East Supasitville,Lake Atitbury,63409,Northeast,2003-07-06,Female,Married,2021-04-23
CUST_634b,Chalisa Charoensuksopol,tunradee66@gmail.com,08-1676-7533,09415 Wannapaitoonsri Junctions Suite 730,Tungkasethakulmouth,Port Pakville,03048,Northeast,2003-07-15,Other,Divorced,2021-10-13
CUST_f683,Jinjuta Kumsoontorn,yada21@yahoo.com,06-6772-2180,34081 Niracha Ville,Wasununfurt,East Sarunporn,51494,Northeast,2001-12-23,Male,Divorced,2024-02-24
CUST_84b3,Sittikorn Chaihirankarn,methavorakulphubes@gmail.com,08-4221-4331,97404 Chaiwut Road,Lake Tunchanok,Krittayanukoonshire,15626,Central,1997-12-17,Female,Widowed,2025-11-09
CUST_7629,POL LT COL Chanikan Kitprapa,chalisacharoensuksopol@yahoo.com,09-6204-8552,95267 Supasita Camp,Lake Jaruwan,Port Nichakarn,05339,Central,1996-07-04,Male,Single,2025-04-19
CUST_e7a0,Pintusorn Youprasert,suvakit35@hotmail.com,09-0441-0825,54576 Chanya Garden,North Sittikorn,Lake Aunyapornside,54422,Northern,1981-04-03,Other,Single,2021-01-05
CUST_21f6,Pattatomporn Methavorakul,todsapornpitakulsittikorn@gmail.com,06-9961-0403,4672 Suvakit Canyon,Charoensuksopolview,New Sittikorn,60113,Central,1993-03-15,Other,Married,2025-11-13
CUST_a237,Suvakit Intaum,peem94@hotmail.com,06-1312-5868,39237 Patchaploy Avenue,Lake Apisara,East Atitborough,65684,Northern,1990-09-06,Male,Other,2024-11-13
CUST_b32e,Chaifah Suraprasert,darin44@gmail.com,09-0037-6443,89100 Pintusorn Lakes,Parinstad,Lake Tunradeeborough,39072,Central,1999-12-20,Female,Divorced,2023-11-18
CUST_e953,Puntira Intaum,chanya99@yahoo.com,08-2278-7940,72380 Pongpanitch Radial Suite 264,Chayapatborough,Apisarachester,35878,Northern,1993-04-21,Female,Divorced,2023-08-24
CUST_6248,Nattawun Benchapatranon,sorawuttrikasemmart@hotmail.com,08-9972-5201,2742 Chaifah Ports,North Nutcha,Parinborough,32881,Central,2006-06-07,Female,Divorced,2026-05-01
CUST_6082,Chayapat Sujjaboriboon,noppakaophusilarungrueng@hotmail.com,06-2269-6453,136 Nattawun Harbors Suite 143,Lertsattayanusakborough,Patcharapornview,11835,Eastern,1995-08-27,Other,Other,2024-06-13
CUST_3be3,MAJ GEN Kunaporn Losatapornpipit,habpanomnutcha@hotmail.com,09-6557-5852,1235 Chaiwut Mews,West Kunapornmouth,East Nattawun,92488,Northeast,2004-06-24,Female,Other,2025-08-05
CUST_5042,Chaiwut Prachayaroch,srisoontornnattawun@yahoo.com,06-2959-7640,19739 Charoensuksopol Village Suite 112,Kulnunside,Patcharapornland,41007,Northeast,1996-01-28,Male,Single,2026-03-13
CUST_1eec,Teetat Wimolnot,ypianduangsri@gmail.com,09-4413-2538,96981 Krittayanukoon Forest Suite 029,Pongpanitchton,New Nattawun,93207,Northern,1992-01-03,Other,Other,2023-06-24
CUST_25bb,R ADM Darin Chaisatit,tunchanok33@gmail.com,06-9279-5363,749 Sireelert Haven,Port Nutwadeefort,Pothanunbury,27562,Southern,1991-02-01,Other,Divorced,2023-02-03
CUST_a384,LT JG Prima Sukhenai,mchomsri@hotmail.com,08-1635-7977,54838 Youprasert Streets,Jitrinport,Bunlupongport,56421,Central,1996-01-03,Male,Married,2023-09-15
CUST_820d,Pak Neerachapong,kongchayasukawutwassaya@hotmail.com,09-6480-5666,919 Kunaporn Cliff,Suraprasertchester,Lake Chaifahberg,18074,Eastern,1995-11-13,Other,Divorced,2025-11-15
CUST_6e6d,Jinjuta Kittakun,tianvaricharisara@gmail.com,08-8287-3714,377 Ratchanon Camp,Chaiwutmouth,Lake Nutcha,06213,Central,1996-04-19,Male,Divorced,2023-02-28
CUST_527d,Pawan Matinawin,tunchanok39@gmail.com,09-0910-1459,7333 Arisara Spur,Pawanhaven,New Pattaponburgh,42591,Central,1994-06-22,Other,Other,2023-07-26
CUST_107a,Supasita Pikatsingkorn,ytianvarich@hotmail.com,09-3025-2846,4247 Jitrin Court,North Padaburgh,North Chanyafurt,38403,Central,2002-02-01,Female,Married,2023-05-16
CUST_0736,Prima Neerachapong,yneerachapong@hotmail.com,09-3594-4106,1046 Chaihirankarn Mall Suite 565,Port Sorawutside,Darinbury,84778,Northern,2004-08-26,Female,Widowed,2023-04-23
CUST_ae82,Yada Sireelert,kulnuntodsapornpitakul@gmail.com,06-1012-8433,037 Wimolnot Corner Suite 467,North Pawan,New Chayaninton,42055,Southern,2008-01-19,Male,Widowed,2024-04-11
CUST_a4b8,Tunradee Pichpandecha,phubes38@gmail.com,08-0705-8383,343 Suwijuk Common,Pothanunfurt,Port Chalisaburgh,05406,Central,2000-05-28,Female,Married,2023-04-08
CUST_5590,Puntira Bunlupong,kamolchanok59@gmail.com,09-3287-7741,27343 Kamalanon Spur Suite 312,Kunapornfurt,New Pitipatburgh,31222,Central,1993-03-11,Male,Single,2025-02-19
CUST_bfc0,Suwijuk Wannapaitoonsri,pikatsingkorntodsawun@hotmail.com,09-3140-5067,1901 Kongsri River,New Atit,Pothanunhaven,62764,Central,1994-03-20,Male,Other,2021-04-23
CUST_7689,Kulnun Lertsattayanusak,yanisa52@hotmail.com,09-8911-2592,0416 Sujjaboriboon Curve Apt. 806,Benchapatranonville,Turongkinanonchester,09195,Eastern,1999-04-01,Other,Married,2021-01-10
CUST_fb57,MR Kamolchanok Sooksawang,chayapat70@yahoo.com,09-2312-6235,4275 Permchart Freeway,Atitside,South Sittikorn,30495,Western,1996-02-07,Other,Widowed,2024-08-24
CUST_cb00,SGT Chanikan Wasunun,prames07@hotmail.com,08-5179-5659,0743 Todsapornpitakul Court Apt. 120,Sooksawangberg,East Pannawichport,77751,Eastern,1982-03-22,Female,Married,2024-10-23
CUST_981c,Chawin Prachayaroch,rturongkinanon@hotmail.com,08-3257-2415,8626 Kunaporn Cliff,North Patcharapornshire,South Sittikornberg,43671,Northern,2003-11-26,Male,Divorced,2023-04-24
CUST_f57e,Thanatcha Bunlupong,puntiratrikasemmart@yahoo.com,06-5980-0463,325 Bunlerngsri Lock,Pasukton,West Kodchapornfort,13140,Central,1991-06-28,Female,Widowed,2022-01-13
CUST_1b19,Kodchaporn Methavorakul,kongsriphubes@hotmail.com,06-4576-0041,345 Chawin Valley,Todsapornpitakulland,Intaumtown,30541,Northern,1991-05-11,Male,Married,2021-07-11
CUST_3a40,Pakjira Polpo,qchaisatit@yahoo.com,09-6276-8456,760 Neerachapong Orchard Apt. 417,Intaumberg,East Pattatomporn,93873,Central,1986-01-07,Male,Widowed,2023-05-04
CUST_9e38,Sittikorn Wasunun,apisara07@hotmail.com,06-4065-2928,86998 Nutcha Vista Suite 115,Lake Supasitborough,Pitipatstad,21151,Central,1984-06-04,Other,Other,2021-11-27
CUST_34c8,Darin Suraprasert,pornchanokbunlerngsri@yahoo.com,08-3969-4194,014 Chowitunkit Pike Suite 914,West Yada,North Nutchaborough,47326,Northeast,2004-01-18,Male,Single,2025-10-20
CUST_23fe,Jitrin Losatapornpipit,apisara71@gmail.com,06-7685-2503,53210 Suvakit Station Apt. 109,Sitiwatport,Thantananontland,02057,Central,1982-12-14,Male,Divorced,2026-03-05
CUST_865f,POL LT Ratchanon Bunlerngsri,todsawun67@hotmail.com,06-6491-8646,430 Kitprapa Stravenue,West Atitfurt,Pothanunburgh,69961,Northeast,1995-01-28,Other,Single,2022-11-14
CUST_3151,Todsawun Choeychuen,todsawun94@yahoo.com,06-4625-3311,555 Sorattanachai Crest,Tunchanokport,Methavorakulchester,88731,Central,1996-10-02,Female,Single,2026-03-22
CUST_1b94,Phubes Youprasert,darin14@hotmail.com,08-3045-5868,8905 Tunchanok Circles Suite 610,Port Suwijuk,New Prima,64770,Northeast,1989-12-26,Other,Divorced,2024-09-25
CUST_89a3,Noppakao Methavorakul,wannapaitoonsrianon@hotmail.com,09-3864-5912,8788 Intaum Court,Pattaponstad,Parinside,61147,Central,2004-11-28,Other,Other,2024-09-01
CUST_540d,Pakjira Norramon,jinjutakittakun@hotmail.com,09-8571-6714,225 Teetat Highway Suite 547,West Pintusorn,Port Anon,52017,Central,1986-11-05,Other,Divorced,2021-12-26
CUST_bad7,Yada Methavorakul,neerachapongphubes@hotmail.com,08-2336-0604,979 Bunlupong Path,Youprasertmouth,Pongpanitchside,47450,Central,1988-12-22,Male,Married,2021-07-28
CUST_770f,Pattapon Suraprachit,nkongchayasukawut@hotmail.com,08-1414-4302,585 Wasunun Station,Kumsoontorntown,West Primaton,50052,Central,1999-02-20,Female,Single,2022-08-28
CUST_3257,Pattapon Permchart,xtitipatrayunyong@hotmail.com,08-4040-3783,566 Pannawich Trace,Methavorakulland,Port Peemview,19113,Central,1992-05-24,Female,Married,2023-10-03
CUST_aed3,Todsawun Matinawin,pothanunchayanin@yahoo.com,09-6516-8899,23212 Prima Pike,East Nutkritaberg,West Pattatompornfurt,64466,Central,1999-09-16,Male,Married,2023-07-02
CUST_b242,Kunaporn Methavorakul,xsujjaboriboon@hotmail.com,08-1960-0753,2787 Puntira Forks Apt. 048,Chaihirankarnton,Chayapatview,39236,Central,1988-03-02,Female,Married,2026-02-13
CUST_036a,Chanikan Intaum,csuraprasert@gmail.com,09-2585-0997,327 Supasita Loaf,Port Noppakao,Pannawichview,94858,Central,1999-03-16,Female,Widowed,2024-07-07
CUST_1379,Wasin Chowitunkit,neerachapongthanatcha@gmail.com,08-2547-9963,77736 Prima Spur Suite 335,North Anon,Noppakaobury,46698,Western,1994-01-01,Male,Divorced,2023-05-08
CUST_25a0,Chayanin Pichpandecha,kulnun06@gmail.com,06-1112-4118,78119 Chaihirankarn Ramp,Kongsriborough,Lake Jinjuta,89011,Northern,2001-12-06,Female,Other,2023-03-25
CUST_c6b7,Darin Sukhenai,chaiwutintaum@yahoo.com,06-2340-7456,458 Sujjaboriboon Light,Yadaville,Jaruwanport,67274,Northern,2002-12-22,Other,Single,2026-05-28
CUST_5eb0,Chayanin Sittisaowapak,qmatinawin@gmail.com,06-6103-5607,8517 Kongchayasukawut Mission,Wannapaitoonsrihaven,Permchartborough,03733,Central,1992-12-11,Male,Single,2025-02-25
CUST_7979,Kamolchanok Sorattanachai,tunradee84@yahoo.com,08-2975-4389,23393 Youprasert Roads,Bunlupongburgh,Peembury,28845,Central,1987-06-01,Female,Single,2024-12-13
CUST_711b,Tunradee Boonpungbaramee,jpothanun@yahoo.com,08-6380-4470,0856 Losatapornpipit Ports,South Nattawun,Charoensuksopolbury,84012,Northern,1996-01-13,Male,Widowed,2023-06-15
CUST_e25e,CPO 2 Chanikan Pichpandecha,chayapat47@gmail.com,06-8112-2109,3537 Vinyuvanichkul Forges,Pattaponville,East Wassaya,72148,Northern,2004-07-14,Other,Married,2024-11-13
CUST_5d4a,Sitiwat Sujjaboriboon,primacharoensuksopol@yahoo.com,08-0748-7901,001 Polpo Mount,North Chaifah,Jitrinchester,54300,Northeast,2001-09-12,Female,Single,2024-04-28
CUST_9c4e,Teetat Prachayaroch,pichpandechatunchanok@gmail.com,08-0627-7173,0869 Posalee River Suite 251,North Supasita,East Sitiwat,67799,Central,1999-03-15,Female,Single,2023-12-20
CUST_3c39,Nattawun Titipatrayunyong,supasitaturongkinanon@gmail.com,09-6803-9436,473 Tunchanok Station Apt. 989,New Apisarastad,Ratchanonton,52847,Central,1998-12-26,Other,Divorced,2025-01-12
CUST_30cd,Chaifah Pasuk,siripaiboosorawut@yahoo.com,06-0617-3875,6289 Thanatcha Corner Apt. 584,North Sittikornmouth,Lake Pitipattown,57139,Central,2002-03-04,Male,Single,2022-11-14
CUST_96a9,Pannawich Sorattanachai,aprayoonhong@gmail.com,08-1782-5212,7353 Charoensuksopol Trail,Bunlupongland,Pasukport,83984,Central,2002-09-12,Male,Single,2025-09-05
CUST_fa86,Yada Chaisatit,chowitunkitthanatcha@gmail.com,08-3886-0247,242 Anon Fort,Ratchanonfort,East Pintusornbury,52851,Western,1981-09-04,Other,Other,2024-11-02
CUST_5fa9,Parin Permchart,pattatomporn20@yahoo.com,09-8991-0034,0230 Phenphitcha Inlet Suite 175,Port Chanikanchester,Nichakarnborough,30030,Northern,2008-04-10,Other,Single,2025-01-11
CUST_d354,Parin Benchapatranon,qcharoensuksopol@yahoo.com,08-0276-6478,33067 Apisara Islands Suite 155,Sarunpornton,East Noppakaomouth,42711,Central,1993-11-25,Male,Other,2024-09-15
CUST_66f0,Pattapon Intaum,atit96@yahoo.com,09-3743-4633,843 Methavorakul Ranch Apt. 271,East Atit,Matinawinshire,46225,Northern,1993-05-11,Male,Widowed,2022-09-04
CUST_d2a9,Pak Boonpungbaramee,krittayanukoonpachongruk@gmail.com,08-3345-0573,339 Boonpungbaramee Extension Apt. 817,West Supasita,New Sittikornport,31033,Central,1997-09-11,Other,Divorced,2026-01-20
CUST_3e83,Niracha Pianduangsri,sorattanachaichanya@yahoo.com,06-7023-5531,168 Sittisaowapak Square,East Pattapon,Matinawinfort,57022,Eastern,2008-09-05,Male,Other,2023-04-25
CUST_75fc,Parin Suraprasert,sittikorn72@hotmail.com,08-3625-2716,0444 Supasita Mountain,New Nattawunland,West Patcharapornbury,62743,Northeast,2001-08-20,Female,Other,2023-05-23
CUST_3884,Wasin Matinawin,losatapornpipitnattawun@yahoo.com,09-7267-2830,950 Nutwadee Fords,East Kodchaporn,Chaiwutville,43988,Central,2003-09-20,Female,Divorced,2023-11-10
CUST_79e2,Chalisa Siripaiboo,ppothanun@hotmail.com,08-4816-6589,3581 Methavorakul Rue Suite 785,Chaiwutborough,Norramonborough,98963,Western,1992-03-22,Female,Married,2021-11-10
CUST_1a0b,POL COL Nattawun Bunlerngsri,chalisa25@gmail.com,09-5381-4712,8124 Nattawun Hill,East Chalisaview,South Kodchaporn,47476,Southern,2003-04-23,Other,Other,2024-09-01
CUST_7d5e,Pintusorn Permchart,anon03@gmail.com,06-0017-2848,214 Chaihirankarn Rue,Port Sorawut,South Parinville,38209,Central,1998-09-08,Female,Other,2023-08-22
CUST_b9af,Yanisa Turongkinanon,apisarathantananont@yahoo.com,09-4653-9469,911 Prachayaroch Glens,Port Chayapat,Norramonmouth,33103,Northern,2001-04-25,Other,Divorced,2024-04-24
CUST_cd99,Yanisa Sireelert,nutwadee88@hotmail.com,09-9630-7037,238 Sittisaowapak Plains,West Pak,East Teetat,47695,Western,1992-06-14,Other,Divorced,2024-03-12
CUST_4a6b,POL LT GEN Pachongruk Losatapornpipit,thanatcha09@hotmail.com,08-7286-2919,181 Pachongruk Knolls,Srisoontorntown,Puntirastad,09321,Central,1996-07-20,Female,Divorced,2024-07-26
CUST_58dc,Wasin Sooksawang,fyouprasert@gmail.com,08-3630-9967,433 Chaisatit Burgs Apt. 131,East Aunyapornside,Lake Patchaployport,98159,Northern,1991-01-17,Other,Divorced,2025-03-23
CUST_4702,AM Pattamon Norramon,pongpanitchjinjuta@gmail.com,06-7912-8943,17415 Tunradee Motorway Suite 116,North Pornchanokland,Kongchayasukawutchester,59454,Northeast,1996-06-06,Other,Other,2021-10-17
CUST_87d2,Sarunporn Krittayanukoon,thantananontkamolchanok@hotmail.com,08-4974-4777,6289 Trikasemmart Radial Suite 432,Port Sitiwat,Pothanunborough,28529,Central,2004-06-22,Other,Married,2024-12-24
CUST_fefa,Kunaporn Pothanun,prachayarochjaruwan@hotmail.com,08-1698-5105,8865 Suwijuk Path,Supasitachester,Phenphitchaberg,00710,Eastern,2003-08-13,Female,Divorced,2022-01-23
CUST_45bd,SUB LT Chaifah Norramon,paksuraprachit@yahoo.com,08-1760-8584,38167 Suraprachit Square,North Phenphitchafort,Lake Pannawich,20573,Northeast,1997-07-22,Other,Single,2025-07-20
CUST_74ed,MAJ GEN Phubes Suraprasert,ksireelert@hotmail.com,09-7872-4104,46207 Kumsoontorn Flats,Lake Teetatshire,Sorawutberg,64376,Northeast,2008-09-20,Female,Divorced,2023-11-21
CUST_72c7,Pattamon Kamalanon,jaruwan56@gmail.com,09-4278-1124,01027 Kitprapa Plaza,Phubesburgh,Vethayasaston,25233,Northern,1992-07-27,Other,Married,2021-05-26
CUST_b979,Nichakarn Posalee,sittisaowapakniracha@hotmail.com,09-9752-5463,27220 Phubes Mountains Suite 504,South Pintusorn,East Sitiwat,35425,Central,1998-06-27,Female,Single,2025-02-19
CUST_b01d,Yanisa Choeychuen,vlosatapornpipit@hotmail.com,08-4710-8985,5515 Tungkasethakul Isle,East Jaruwanchester,East Pattamon,10478,Central,1993-12-13,Female,Divorced,2025-11-13
CUST_7a4f,Prames Kamalanon,pachongruksooksawang@yahoo.com,06-7630-6352,7602 Supasit Landing Suite 643,Port Sorawutburgh,Bunlerngsriside,29391,Northern,2001-03-05,Female,Widowed,2023-12-23
CUST_0d39,Kamolchanok Wimolnot,patcharaporn09@hotmail.com,09-6684-7728,689 Pongpanitch Center,Anekvorakulside,Vethayasasmouth,36423,Central,1997-02-02,Female,Other,2023-11-27
CUST_eb24,Sitiwat Sireelert,noppakao18@gmail.com,06-0362-1042,02342 Nichakarn Square Apt. 423,Lake Pornchanok,Pitipathaven,69356,Central,1979-01-19,Male,Other,2025-06-13
CUST_c9ac,PHRAKHU BAIDIKA Supasita Vethayasas,phenphitchabenchapatranon@yahoo.com,06-5779-5607,949 Parin Neck,North Sarunpornbury,Sireelertland,59946,Northeast,1990-07-13,Male,Other,2025-09-09
CUST_c540,Jinjuta Suraprachit,nutchakittakun@gmail.com,09-4999-3546,46326 Prachayaroch Turnpike Apt. 610,Phusilarungruengberg,Prachayarochbury,58540,Central,1991-07-11,Other,Widowed,2024-12-11
CUST_7dc0,Patcharaporn Youprasert,rkamalanon@yahoo.com,08-2279-3596,150 Arisara Road,West Pattatomporn,Teetatchester,55000,Central,1995-05-12,Female,Divorced,2023-10-27
CUST_dfff,Pak Todsapornpitakul,pkamalanon@yahoo.com,08-2887-4761,54283 Youprasert Estate Apt. 332,Parinfort,Port Jitrintown,04870,Northeast,1998-12-08,Male,Other,2022-03-12
CUST_c7a9,Darin Sukhenai,qsorattanachai@yahoo.com,08-0107-0897,0224 Chayapat Corners Apt. 299,Jitrinborough,Port Chayapatside,24518,Northern,1992-03-07,Female,Single,2026-05-05
CUST_ae2f,Wassaya Neerachapong,vturongkinanon@hotmail.com,08-3536-0134,428 Chayapat Spring,Pianduangsriville,Todsapornpitakultown,21998,Eastern,1979-04-25,Other,Divorced,2022-04-06
CUST_0722,Parin Prayoonhong,prakalpawongtodsawun@yahoo.com,09-3668-7912,17506 Pintusorn Village Suite 367,New Atitfurt,Aunyaporntown,76796,Northern,1998-01-15,Other,Other,2023-02-26
CUST_2c82,Sorawut Chaisatit,phenphitcha42@yahoo.com,06-2633-4604,17227 Pakjira Hollow,Parinton,Port Wasin,80880,Central,1992-09-04,Male,Widowed,2021-11-10
CUST_24f8,Pannawich Kitprapa,lpitanuwat@gmail.com,06-4954-8732,7133 Prachayaroch Trafficway Suite 159,Pitanuwatchester,Srisoontornland,30756,Northern,2001-11-22,Male,Divorced,2023-06-16
CUST_786f,Nutcha Polauaypon,phenphitcha68@hotmail.com,08-4648-4484,840 Noppakao Mount,Youpraserttown,Atittown,02716,Southern,2008-09-16,Other,Divorced,2024-04-11
CUST_b336,LAC Pattamon Prachayaroch,prayoonhongphubes@hotmail.com,06-5629-2663,092 Jinjuta Curve Apt. 911,Choeychuenfurt,Patchaployside,17952,Northern,1983-03-20,Male,Divorced,2022-09-19
CUST_d469,Anon Vinyuvanichkul,bunlupongsupasita@hotmail.com,09-8814-6593,83144 Kittakun Fall,East Pada,South Pannawich,77725,Southern,1996-06-15,Male,Single,2025-09-17
CUST_9d91,Pattamon Sittisaowapak,apisarasorattanachai@hotmail.com,08-0203-6479,4955 Chaiwut Lights,Pasukberg,New Tunradee,24447,Central,1992-03-18,Female,Widowed,2023-09-05
CUST_aa70,Suwijuk Choeychuen,apisarawasunun@gmail.com,09-2953-6835,2583 Arisara Motorway,New Patchaploy,Port Peem,99197,Northern,1996-10-20,Male,Other,2024-07-22
CUST_d43e,Phubes Polauaypon,peem02@gmail.com,09-4931-2221,30908 Supasit Overpass Apt. 256,Peemland,Nutwadeeport,12662,Central,1989-06-26,Other,Other,2025-01-01
CUST_f32d,Pakjira Vinyuvanichkul,ganekvorakul@hotmail.com,06-9568-9911,605 Bunlupong Points,West Yanisamouth,Nutchamouth,03895,Northern,1999-06-23,Female,Other,2023-11-03
CUST_6095,Wasin Sittisaowapak,mmethavorakul@gmail.com,08-4060-9263,7783 Suwijuk Burg Suite 870,Port Arisarachester,South Kodchaporn,08865,Northern,1999-03-15,Other,Widowed,2024-09-20
CUST_e04a,Pachongruk Matinawin,gtianvarich@hotmail.com,09-2715-7743,117 Vethayasas Camp Suite 938,North Pattamonside,New Pattapon,69089,Northern,1992-04-25,Female,Widowed,2024-04-05
CUST_a18c,REV Chayapat Kittakun,thantananontphubes@yahoo.com,08-0600-5608,45366 Sujjaboriboon Forest,South Pada,Lake Ratchanonbury,42722,Northern,1995-02-07,Male,Married,2021-05-02
CUST_9c65,Suvakit Methavorakul,kitprapapeem@gmail.com,09-3091-2623,026 Pawan Radial Apt. 235,Vinyuvanichkulton,Titipatrayunyonghaven,30266,Northern,2000-03-03,Male,Divorced,2023-09-17
CUST_3c30,CPL Jitrin Srisoontorn,tungkasethakulpintusorn@gmail.com,06-7766-9640,9428 Teetat Rue Apt. 184,Lake Pattatomporn,Nutkritastad,86416,Northern,2000-08-08,Other,Divorced,2023-08-07
CUST_c294,Ratchanon Kongchayasukawut,prima48@yahoo.com,09-6106-3333,602 Pichpandecha Extension Apt. 569,East Suwijukmouth,East Prames,57837,Central,1998-03-25,Other,Widowed,2024-10-17
CUST_8c1d,Nutcha Vinyuvanichkul,polpopeem@yahoo.com,09-0070-5648,67900 Prakalpawong Isle,Boonpungbarameeport,West Atitborough,15483,Northern,1998-09-15,Female,Married,2024-06-18
CUST_a323,Kunaporn Sooksawang,ratchanon76@hotmail.com,06-5203-3913,9088 Chanya Well,Methavorakulfurt,New Chanya,23404,Central,1995-05-13,Male,Married,2023-04-21
CUST_7bb8,Phubes Kongchayasukawut,noppakaosireelert@yahoo.com,09-1350-8068,5993 Thantananont Pass Apt. 810,Nutkritafurt,West Tunchanoktown,68813,Central,1996-01-28,Female,Widowed,2023-01-20
CUST_a97d,Suvakit Kongchayasukawut,tunchanok49@yahoo.com,08-6028-1936,9934 Sorawut Roads,Jitrinshire,East Nutwadeeshire,45149,Northern,1991-06-04,Female,Divorced,2025-07-11
CUST_5f23,Chaifah Intaum,tianvarichjinjuta@hotmail.com,09-4306-0011,60738 Niracha Wells,New Nirachachester,Port Teetat,60219,Central,1993-07-14,Other,Divorced,2025-08-18
CUST_f7bd,Prames Wimolnot,pachongruk47@yahoo.com,06-8750-1435,9862 Patchaploy Dale Suite 407,Titipatrayunyonghaven,Benchapatranonstad,80662,Central,1993-02-09,Male,Divorced,2024-01-07
CUST_0f50,Niracha Wannapaitoonsri,yanisaturongkinanon@yahoo.com,09-5630-2464,3038 Suwijuk Unions,South Kodchapornmouth,Pasukville,28419,Northeast,2008-06-27,Other,Other,2026-01-18
CUST_0be7,Patcharaporn Pongpanitch,suvakittrikasemmart@gmail.com,06-6397-4218,6529 Titipatrayunyong Islands Suite 658,Pongpanitchside,East Pintusorn,50716,Southern,1996-10-13,Other,Married,2023-07-18
CUST_704e,Patcharaporn Habpanom,wasununpuntira@hotmail.com,09-5913-7363,683 Anon Divide Suite 584,North Sarunporn,Jinjutabury,25898,Northern,1982-08-19,Other,Married,2026-01-10
CUST_c356,Noppakao Pichpandecha,kulnun11@yahoo.com,06-2467-3513,69682 Darin Islands,Prakalpawongmouth,Lake Peem,75550,Eastern,2000-09-21,Female,Single,2023-06-03
CUST_ed4b,Nattawun Intaum,pianduangsripawan@yahoo.com,06-2273-0816,729 Pada Keys,Pitipatton,Sooksawangborough,25208,Northern,2006-07-06,Other,Widowed,2022-07-08
CUST_0353,Nichakarn Kitprapa,vchaisatit@gmail.com,08-1953-6662,118 Nichakarn Expressway Suite 311,Kittakunstad,North Pannawichchester,43862,Northern,1999-12-24,Male,Divorced,2022-06-07
CUST_1ee5,Pitipat Sorattanachai,zwannapaitoonsri@gmail.com,09-3553-5541,95824 Suraprasert Mountain,Choeychuentown,Pakmouth,69493,Northern,1987-04-03,Other,Single,2023-06-17
CUST_75b5,Wasin Kamalanon,titipatrayunyongnutcha@hotmail.com,09-4175-3416,083 Pothanun Haven Suite 114,Permchartside,New Kunaporntown,88061,Northeast,1990-05-05,Other,Divorced,2026-04-11
CUST_67e8,Pintusorn Boonpungbaramee,norramonpattamon@gmail.com,06-7073-8474,1775 Tunradee Station Suite 886,East Pattapon,East Pitipattown,18272,Northern,1997-09-04,Female,Married,2025-10-23
CUST_7563,Kodchaporn Kamalanon,gkrittayanukoon@yahoo.com,08-5787-4380,149 Atit Parks,Patcharapornland,Pianduangsriside,90207,Northern,1999-10-05,Male,Married,2023-07-07
CUST_46aa,Thanatcha Trikasemmart,kitprapaniracha@gmail.com,06-9102-6054,09710 Nutwadee Crescent Suite 884,Posaleeville,South Chayaninshire,31890,Northeast,2001-04-01,Other,Married,2023-05-05
CUST_5cc4,Chayapat Benchapatranon,aunyapornpianduangsri@yahoo.com,09-4404-5794,9381 Kodchaporn Flats,Wassayachester,New Pornchanokmouth,07487,Northern,1995-06-01,Male,Married,2023-04-09
CUST_eb38,Pintusorn Suraprasert,chaiwutchowitunkit@yahoo.com,09-3408-4438,4434 Chawin Curve Suite 141,Chayapatchester,Krittayanukoonview,07218,Southern,2000-02-03,Female,Other,2024-11-24
CUST_c63d,Pitipat Sittisaowapak,wwimolnot@yahoo.com,09-8375-1268,78342 Kongchayasukawut Summit Suite 357,Neerachapongshire,Primamouth,93374,Northern,1993-05-10,Male,Other,2024-02-20
CUST_bc30,Arisara Norramon,pattaponbenchapatranon@gmail.com,09-4456-8517,1847 Supasita Loop,North Chanikanstad,West Sorawut,64846,Northeast,1998-08-10,Male,Married,2023-02-21
CUST_9d29,Pattapon Sittisaowapak,posaleeatit@hotmail.com,08-3309-7240,34164 Thantananont Motorway Apt. 762,West Suvakitville,Port Nutkritaland,42190,Eastern,1995-09-18,Other,Other,2023-05-27
CUST_5877,Kulnun Benchapatranon,noppakaokongsri@yahoo.com,08-7867-0881,0029 Tunchanok Hill Apt. 376,East Sitiwat,North Pramesmouth,21114,Central,1997-02-18,Female,Divorced,2026-03-19
CUST_7174,Nutkrita Losatapornpipit,supasita74@gmail.com,09-5763-5432,045 Pattamon Station Suite 861,Port Chanikan,Lake Chaiwuttown,79832,Central,2001-12-26,Female,Widowed,2024-01-07
CUST_875d,Nichakarn Norramon,cprachayaroch@gmail.com,08-3288-5436,59482 Pianduangsri Shoal Apt. 436,New Patcharaporn,Kongsriside,04736,Northern,1996-11-05,Other,Divorced,2025-07-07
CUST_fe43,PHRABAIDIKA Anon Kitprapa,youprasertjaruwan@hotmail.com,08-9986-7251,73794 Chalisa Inlet,South Pintusorn,West Nutcha,04461,Northern,1984-07-21,Male,Divorced,2023-10-15
CUST_a972,Supasit Kongsri,dpolauaypon@hotmail.com,09-0743-6194,89276 Nutkrita Key Apt. 368,West Chalisa,New Kodchapornborough,31230,Northern,1999-08-17,Other,Divorced,2026-02-09
CUST_34ea,AM Pitipat Bunlupong,lprachayaroch@yahoo.com,08-1874-7134,380 Pintusorn Circle,North Pornchanokburgh,Pothanunborough,32911,Western,1994-09-06,Male,Divorced,2024-12-26
CUST_fd4d,Chayapat Vinyuvanichkul,tthantananont@hotmail.com,08-4647-7913,7333 Norramon Divide Suite 000,West Pachongrukfurt,Supasitaside,67963,Northern,1997-08-01,Other,Widowed,2025-09-18
CUST_5d27,Thanatcha Lertsattayanusak,pakpichpandecha@gmail.com,06-5123-4646,115 Jinjuta Dale Apt. 853,Chanikanberg,Chaiwutchester,98190,Northeast,2002-03-05,Other,Married,2025-06-13
CUST_36b4,Kodchaporn Srisoontorn,pasukjaruwan@hotmail.com,09-3642-1283,1488 Kamolchanok Alley,Kamalanonland,Thanatchaborough,59015,Central,1995-11-02,Other,Divorced,2024-06-05
CUST_a02b,Chayanin Sireelert,phubes66@gmail.com,08-4184-8182,3141 Matinawin Road Apt. 478,South Tunchanokshire,Tianvarichton,11814,Central,2001-08-11,Female,Widowed,2022-02-26
CUST_a8cd,Pada Youprasert,aunyaporn42@gmail.com,06-9388-6811,72088 Thantananont Grove,Pongpanitchhaven,North Sitiwat,03360,Central,2001-07-06,Other,Married,2023-12-26
CUST_05bd,Todsawun Sittisaowapak,kamalanonpuntira@hotmail.com,06-9239-2543,61395 Losatapornpipit Neck Suite 167,North Anon,Pawanchester,84926,Northern,1997-12-14,Male,Married,2025-07-21
CUST_b750,Noppakao Sukhenai,neerachapongteetat@gmail.com,06-5507-1776,1868 Kamolchanok Spurs Suite 081,Port Teetatfurt,South Pattatompornchester,33753,Central,1994-07-07,Male,Married,2024-01-19
CUST_a322,Chanikan Prakalpawong,epichpandecha@hotmail.com,09-4050-4418,658 Noppakao Track Apt. 931,Chomsriport,Kongchayasukawutmouth,88347,Northern,1990-08-11,Male,Divorced,2024-07-19
CUST_c140,Tunradee Titipatrayunyong,siripaiboopakjira@yahoo.com,06-0590-7133,178 Sitiwat Mount Suite 639,Lake Phenphitcha,Port Sitiwat,69652,Central,2002-12-08,Male,Widowed,2025-12-18
CUST_29e0,Chaifah Methavorakul,kamalanonchayanin@gmail.com,09-0682-9143,5022 Nichakarn Underpass,South Noppakaotown,South Anonton,66258,Northern,1989-10-27,Male,Married,2024-11-14
CUST_4658,Jaruwan Sorattanachai,turongkinanonsupasita@hotmail.com,08-1053-5793,527 Sujjaboriboon Ridges,Choeychuenside,Charoensuksopolmouth,82466,Northeast,1993-06-14,Male,Divorced,2024-06-13
CUST_bceb,Wassaya Bunlerngsri,anekvorakulpachongruk@hotmail.com,08-8762-2386,73022 Wasunun Radial,New Supasitashire,Nutkritahaven,42883,Central,1993-09-02,Female,Divorced,2023-09-14
CUST_a8df,Anon Kamalanon,pianduangsripada@yahoo.com,06-1829-7287,89759 Niracha Via,Patcharapornhaven,West Chaiwut,75246,Central,1999-07-20,Female,Widowed,2025-08-22
CUST_447a,Supasit Sooksawang,pkitprapa@yahoo.com,08-6299-8543,99300 Prakalpawong Lake,Yanisaside,Lake Aunyaporn,02268,Southern,1997-03-01,Other,Other,2024-11-18
CUST_5277,PHRASAMU Sittikorn Benchapatranon,tunradee70@hotmail.com,09-2953-3463,06592 Yanisa Route Apt. 807,Lake Supasitabury,South Kamolchanokhaven,30591,Central,1994-11-01,Female,Divorced,2024-10-21
CUST_a93e,Suwijuk Polpo,pitipat73@hotmail.com,08-6065-4908,34531 Pothanun Common,Port Todsawunview,New Chaiwut,38004,Central,1997-01-22,Male,Other,2024-08-09
CUST_9ff5,Pada Wimolnot,ktrikasemmart@gmail.com,08-3909-3076,3916 Patchaploy Dam,New Wasin,New Pintusorn,22363,Central,1980-09-12,Male,Married,2025-09-28
CUST_fc24,Pintusorn Losatapornpipit,todsawun35@yahoo.com,06-9121-9387,7021 Prayoonhong Harbors Apt. 600,Puntiratown,Yanisaton,92416,Central,1982-09-03,Other,Divorced,2024-04-23
CUST_6e78,Pintusorn Thantananont,chaifah53@hotmail.com,08-1614-7703,958 Yada Motorway Suite 454,South Ratchanon,North Atitport,02745,Northern,1992-06-11,Other,Married,2024-12-21
CUST_2ba7,Nattawun Kitprapa,bunlerngsriratchanon@hotmail.com,06-5054-7209,34754 Jitrin Wall Suite 309,West Tunradee,Srisoontornborough,31459,Northern,1989-10-11,Female,Other,2024-10-11
CUST_276a,Pattamon Wimolnot,tsrisoontorn@yahoo.com,09-1878-1252,6628 Suwijuk Meadows,Nirachaberg,West Arisaratown,59846,Central,2007-11-11,Other,Married,2023-02-20
CUST_892e,Patcharaporn Thantananont,ratchanon09@gmail.com,08-8962-5362,8572 Methavorakul Wells,West Pitipat,East Pattapon,60633,Central,1995-03-23,Other,Widowed,2023-01-02
CUST_d55f,Chaiwut Posalee,jpitanuwat@yahoo.com,06-2102-9329,1584 Pitipat Trail,Patchaployborough,Boonpungbarameeport,12376,Northern,1988-10-20,Other,Other,2022-04-11
CUST_0717,Yada Polauaypon,kongsriprima@yahoo.com,08-3975-5187,606 Bunlupong Road Apt. 883,East Chanyaside,South Arisara,15231,Central,1997-02-12,Other,Single,2021-07-16
CUST_180c,Todsawun Pothanun,suvakit37@yahoo.com,09-3696-5987,445 Vinyuvanichkul Drives Apt. 416,Jitrinview,East Chayapatfort,19469,Northeast,1997-06-07,Male,Divorced,2025-02-15
CUST_417f,Pachongruk Kongchayasukawut,yadamethavorakul@gmail.com,09-7975-7553,0940 Apisara Cove,North Chayanin,Pachongrukfort,55633,Northeast,2003-01-26,Female,Divorced,2021-03-02
CUST_f974,Supasit Chowitunkit,boonpungbarameejitrin@hotmail.com,09-6176-0523,0550 Matinawin Passage,Suraprasertstad,East Kulnun,28050,Northeast,2008-07-05,Male,Married,2021-03-18
CUST_ed8d,Pannawich Kongsri,habpanomapisara@yahoo.com,06-1305-2350,07526 Phusilarungrueng Trail,West Pannawichborough,Sarunpornchester,77393,Central,2000-06-16,Other,Married,2025-09-14
CUST_05d9,PHRAKHU BAIDIKA Aunyaporn Tianvarich,tunradeemethavorakul@yahoo.com,06-2344-5076,2955 Phenphitcha Centers,Todsawunview,Vinyuvanichkulbury,32421,Central,1991-01-18,Other,Widowed,2023-01-04
CUST_88d9,Sitiwat Polauaypon,pitipattianvarich@gmail.com,08-6977-2043,165 Kamalanon Divide Apt. 800,Pakjiraton,New Kulnunberg,56391,Central,1992-04-24,Other,Widowed,2022-04-22
CUST_4829,S M 2 Jaruwan Prachayaroch,apisaraprayoonhong@yahoo.com,08-2499-6185,2390 Chanya Islands,Suraprasertton,South Patcharaporn,57070,Central,1992-09-13,Male,Married,2024-08-02
CUST_e55c,Yada Pongpanitch,nutwadee63@hotmail.com,06-7369-3301,06704 Chaifah Drive,Sukhenaiport,Nutchastad,38395,Northern,1987-05-09,Female,Divorced,2025-11-09
CUST_0484,Yada Kongsri,chowitunkitsupasit@gmail.com,08-5614-0604,86724 Pitanuwat Ridge,New Chayapat,South Tunradee,72879,Central,1998-09-13,Male,Other,2021-07-20
CUST_ef68,Sarunporn Tungkasethakul,chomsrichaiwut@hotmail.com,08-0055-8868,633 Pannawich Drive Apt. 133,Nirachaville,Tianvarichmouth,22639,Southern,1993-11-13,Female,Widowed,2025-04-04
CUST_946c,Pintusorn Norramon,vinyuvanichkulwasin@gmail.com,06-9110-5661,6794 Habpanom Track Apt. 467,Port Chayapat,Port Suvakit,11017,Western,1989-11-14,Male,Widowed,2025-10-25
CUST_efc3,Peem Pitanuwat,kintaum@yahoo.com,08-4616-2784,146 Suwijuk Mews Suite 145,Chaiwutville,South Pachongruk,66680,Northeast,2008-02-19,Female,Single,2025-09-09
CUST_808f,Anon Pikatsingkorn,xturongkinanon@hotmail.com,09-4694-0459,05394 Sorawut Springs,Port Nutchaberg,Sireelertside,98116,Northeast,2000-04-09,Female,Divorced,2022-12-21
CUST_6808,Patcharaporn Polauaypon,pintusornpikatsingkorn@hotmail.com,08-6042-2309,01754 Chaihirankarn Keys Suite 673,Chanyafurt,East Aunyapornland,00776,Central,1996-04-01,Other,Widowed,2023-09-26
CUST_bf1c,Sittikorn Boonpungbaramee,peembunlerngsri@hotmail.com,08-4949-7126,65196 Intaum Ports,West Nirachatown,New Chaiwutview,31925,Northeast,1993-05-01,Female,Other,2022-09-02
CUST_6662,Pannawich Kongsri,noppakao35@hotmail.com,06-2177-1951,866 Suwijuk Heights,Lake Pornchanok,South Anon,09738,Southern,1995-11-18,Other,Widowed,2025-05-01
CUST_3700,FS 3 Ratchanon Krittayanukoon,prames91@yahoo.com,09-4658-0181,5852 Posalee Island,Nutchamouth,North Apisara,99136,Central,1996-12-07,Male,Widowed,2025-02-22
CUST_7f63,Kodchaporn Polpo,pitipat16@yahoo.com,09-9513-4575,8987 Prames Mission Suite 269,South Pattapon,New Chawin,46506,Central,1989-07-17,Female,Single,2023-12-20
CUST_3948,Nattawun Kittakun,kittakunpintusorn@yahoo.com,06-2743-1299,86365 Aunyaporn Manors,Pintusornside,Matinawinstad,46988,Central,1996-12-08,Male,Other,2024-11-24
CUST_fdca,FS 3 Nutwadee Kittakun,chaisatitsitiwat@yahoo.com,08-6502-3207,91312 Kulnun Courts,Lake Pada,Phenphitchamouth,46130,Central,2008-05-14,Female,Married,2023-11-07
CUST_75ff,Nutwadee Suraprasert,iboonpungbaramee@yahoo.com,09-7165-6863,8340 Aunyaporn Valleys Apt. 991,Lake Chalisaview,Sukhenaiview,62134,Central,2002-02-17,Male,Divorced,2021-07-18
CUST_4331,COL Niracha Sittisaowapak,thanatcha79@yahoo.com,08-8513-9696,22734 Wimolnot Creek,Phenphitchaport,North Pattatompornfort,51782,Northern,1999-02-09,Other,Married,2022-03-06
CUST_4551,Suvakit Chowitunkit,kamolchanokmethavorakul@gmail.com,08-3687-5063,913 Todsawun Isle,Kunapornbury,Patchaployfort,06095,Eastern,1994-04-21,Female,Other,2024-10-01
CUST_0351,S M 2 Kodchaporn Tianvarich,apisarasuraprasert@hotmail.com,09-7027-3453,59292 Suraprachit Pines Apt. 908,Pichpandechaview,North Chayapatshire,78833,Northeast,2007-01-17,Male,Widowed,2024-02-10
CUST_b106,Kunaporn Vinyuvanichkul,norramonpattapon@gmail.com,08-3684-7239,805 Pakjira Fork,Youprasertbury,West Chalisastad,14995,Northeast,1998-10-13,Male,Other,2024-02-08
CUST_673d,Sittikorn Tianvarich,phubes51@gmail.com,09-0733-7909,932 Pannawich Stream,Lake Thanatchatown,North Nutkritaberg,33753,Northern,1996-01-05,Other,Widowed,2023-03-08
CUST_8d9f,Darin Prachayaroch,nutchasrisoontorn@hotmail.com,06-6780-8298,077 Bunlerngsri Mall,Chalisaville,Tungkasethakulchester,10545,Central,1989-02-05,Male,Widowed,2024-04-24
CUST_da65,Nutkrita Youprasert,titipatrayunyongpak@hotmail.com,06-4986-5433,5371 Anekvorakul Port Apt. 170,East Puntira,Port Nirachaton,12766,Central,1992-07-02,Female,Single,2023-06-18
CUST_6467,Prima Bunlerngsri,sittisaowapakniracha@gmail.com,08-7935-1762,99822 Lertsattayanusak Hollow,Wannapaitoonsrishire,South Pakjiraville,08216,Northern,1995-09-11,Male,Other,2023-09-08
CUST_d5db,Kunaporn Chowitunkit,ytrikasemmart@gmail.com,09-6999-6014,64490 Kamalanon Glens Suite 358,Siripaiboomouth,Todsapornpitakulton,92979,Central,1999-06-10,Female,Divorced,2021-06-12
CUST_1f59,Sorawut Pongpanitch,eprakalpawong@yahoo.com,08-6262-7856,91292 Pikatsingkorn Green Suite 160,Lake Yadamouth,Turongkinanonborough,45392,Western,1998-04-14,Female,Married,2024-03-13
CUST_7b80,Sorawut Trikasemmart,qpothanun@gmail.com,08-2381-3219,333 Pasuk Lock Suite 177,Chomsriport,South Pornchanok,27653,Northern,2001-05-28,Other,Married,2025-01-14
CUST_29e5,POL SGT Kamolchanok Pothanun,intaumchayapat@gmail.com,08-7258-3883,213 Chayanin Manors,Peemview,West Phubes,37167,Eastern,2007-03-15,Other,Married,2023-06-21
CUST_d1c7,Jitrin Todsapornpitakul,matinawinnutwadee@yahoo.com,09-6303-2534,49037 Anekvorakul Villages Suite 578,Tungkasethakulville,South Pramesfort,14873,Central,1996-12-22,Other,Other,2025-07-22
CUST_e272,Tunradee Norramon,kodchapornpitanuwat@hotmail.com,09-6194-4836,7750 Posalee Plain,Port Pintusorn,Pothanunstad,11143,Central,2008-12-09,Female,Widowed,2022-10-24
CUST_0bd8,Chayanin Wimolnot,yanisa68@yahoo.com,06-2743-4573,922 Losatapornpipit Lodge Suite 740,New Darinhaven,Nichakarnmouth,63127,Northeast,1990-10-13,Other,Other,2024-09-27
CUST_a2bd,Kamolchanok Kitprapa,apisara19@gmail.com,08-0147-9127,48687 Pichpandecha Meadow,Neerachapongshire,Port Primamouth,76997,Northern,1996-03-01,Female,Married,2023-10-23
CUST_b16c,Apisara Chaihirankarn,chawin61@gmail.com,09-5148-5620,239 Suvakit Station,Lake Tunchanokport,Posaleefurt,96595,Northern,1994-12-15,Female,Divorced,2024-10-19
CUST_23ff,Sittikorn Thantananont,qkrittayanukoon@hotmail.com,09-9709-2343,058 Nutwadee Tunnel Apt. 377,Darinport,West Chayapat,29452,Eastern,1993-09-23,Male,Divorced,2021-08-05
CUST_b8fa,Suwijuk Pongpanitch,owimolnot@gmail.com,09-8831-5962,603 Nutkrita Stravenue Suite 946,Nutkritamouth,North Pattapon,38592,Northern,2001-05-17,Other,Married,2025-01-08
CUST_68c3,Pattatomporn Suraprachit,kulnunlosatapornpipit@gmail.com,09-0988-5903,54501 Todsawun Club,Pakjiraview,Boonpungbarameehaven,27867,Central,1990-04-09,Female,Widowed,2023-12-28
CUST_b615,Prima Lertsattayanusak,choeychuenanon@hotmail.com,08-5608-6976,673 Suwijuk Wall,East Kulnun,Lake Anon,71428,Central,2000-01-21,Other,Married,2026-05-12
CUST_1a86,Phubes Vethayasas,chayanin08@gmail.com,08-9438-8323,014 Pawan Station,Port Nichakarn,Suraprasertborough,35094,Central,2003-06-03,Other,Divorced,2023-01-24
CUST_36de,Chayapat Trikasemmart,psiripaiboo@gmail.com,08-2062-2070,59685 Kitprapa Orchard,Teetatmouth,North Atittown,51961,Central,1992-07-11,Female,Widowed,2023-08-20
CUST_1819,Chayanin Pongpanitch,suwijukyouprasert@yahoo.com,09-7208-3082,3415 Sittikorn Camp,Lake Ratchanontown,Pongpanitchborough,87351,Central,2002-11-08,Other,Widowed,2022-11-17
CUST_2401,Phenphitcha Benchapatranon,sposalee@gmail.com,09-1569-0309,09518 Wassaya Circle,West Thanatchafort,Lake Teetatview,78773,Northern,1990-09-11,Female,Single,2026-01-03
CUST_83a3,Nutcha Sooksawang,wchoeychuen@yahoo.com,08-3878-4481,124 Thanatcha Manor,Sittikornmouth,New Tunchanok,85927,Northeast,2001-11-20,Male,Other,2022-05-12
CUST_f216,Teetat Permchart,pitipat92@yahoo.com,08-1827-7380,737 Methavorakul Track Apt. 412,Patcharapornville,North Apisarabury,28854,Northern,2003-04-25,Other,Divorced,2026-05-08
CUST_9a47,Nutwadee Benchapatranon,cchomsri@hotmail.com,09-5837-0068,3918 Pachongruk Mills Apt. 346,East Jitrinville,Charoensuksopolside,10060,Northern,2003-11-21,Other,Married,2023-10-06
CUST_c131,Tunradee Norramon,phusilarungruengjinjuta@yahoo.com,08-6320-5115,366 Jinjuta Manor Suite 744,Lake Supasitbury,Supasitashire,91399,Central,1993-12-04,Female,Married,2025-06-08
CUST_5263,Chayapat Boonpungbaramee,ukongsri@gmail.com,09-2428-4191,6854 Kittakun Mountains Suite 679,North Pitipatstad,West Nutchamouth,37899,Central,1999-12-25,Other,Other,2024-09-14
CUST_de78,Sittikorn Neerachapong,nutwadee79@gmail.com,09-6789-6270,12343 Jitrin Forks,Pramesmouth,Wassayaborough,87816,Northern,1994-02-02,Male,Married,2023-02-19
CUST_a278,Kulnun Vinyuvanichkul,methavorakulteetat@hotmail.com,09-9838-1808,06440 Chaifah Expressway Apt. 546,Lake Jinjuta,Methavorakulville,16202,Central,2001-01-20,Male,Single,2023-12-18
CUST_ebe8,S M 3 Wassaya Wannapaitoonsri,chaifah05@hotmail.com,09-2207-5879,669 Suraprasert Oval,South Kunaporn,North Aunyaporntown,40180,Northern,1990-07-05,Female,Other,2026-04-21
CUST_0987,Pornchanok Neerachapong,ochaihirankarn@yahoo.com,06-3162-1696,0118 Wannapaitoonsri Stravenue,Prachayarochborough,Supasitmouth,01531,Northern,1990-09-10,Male,Divorced,2023-11-13
CUST_9a39,Prima Kumsoontorn,pannawich05@hotmail.com,06-3519-4063,1559 Pianduangsri Island Suite 319,Puntiramouth,Tunchanokville,23645,Central,2004-02-13,Female,Single,2026-04-08
CUST_41a9,FS 2 Kamolchanok Polauaypon,yada47@yahoo.com,06-6734-8629,554 Norramon Shoal,Sorattanachaiberg,East Pattapon,56348,Central,1987-06-06,Other,Married,2026-01-23
CUST_1726,Yada Wimolnot,nattawunwannapaitoonsri@hotmail.com,08-1010-9463,59869 Tunradee Greens Apt. 410,North Todsawunborough,Lake Atit,87543,Northeast,1993-11-03,Other,Single,2025-01-19
CUST_f9f1,Kamolchanok Pichpandecha,isooksawang@yahoo.com,09-7985-3487,831 Supasit Mission Apt. 467,New Nattawunhaven,Phubesview,15791,Central,1994-05-07,Male,Widowed,2024-09-19
CUST_d0e5,FS 1 Supasit Youprasert,chaihirankarnchawin@hotmail.com,06-7476-3217,331 Pattamon Views,South Sitiwattown,South Aunyapornberg,58406,Central,1989-05-20,Male,Divorced,2025-11-12
CUST_a770,POL MAJ Sarunporn Pikatsingkorn,sireelertjinjuta@gmail.com,08-5149-3704,88372 Prima Crescent,North Pattamonland,Charoensuksopolfurt,26237,Northeast,2008-02-10,Male,Married,2023-01-02
CUST_8a84,Sorawut Kumsoontorn,bsrisoontorn@hotmail.com,09-6952-1060,700 Chaiwut Mission Apt. 994,Padafort,Peemland,42214,Central,1992-08-27,Male,Married,2024-02-06
CUST_cae2,Pawan Tungkasethakul,prayoonhongsarunporn@hotmail.com,08-0813-1776,223 Tungkasethakul Vista,Chowitunkitton,Lake Patchaploychester,85097,Northern,1982-06-28,Other,Other,2023-05-12
CUST_7103,Anon Sooksawang,darinlosatapornpipit@hotmail.com,08-5299-2446,110 Prakalpawong Terrace,East Chalisa,Pattatompornbury,86901,Northern,1999-06-02,Male,Divorced,2025-09-15
CUST_fb5b,Puntira Habpanom,phenphitchapothanun@yahoo.com,09-2299-4873,661 Suraprasert Well,Sooksawangmouth,North Pakjira,45822,Northeast,2001-11-24,Female,Single,2021-02-07
CUST_3dbb,Pattamon Prakalpawong,chalisabenchapatranon@hotmail.com,08-7773-4471,48683 Losatapornpipit Harbors Suite 883,New Supasit,Sukhenaiton,74006,Southern,2001-05-25,Male,Divorced,2023-05-27
CUST_ff2d,CHAO ATHIKAN Niracha Srisoontorn,pothanunpachongruk@hotmail.com,06-4752-6766,10708 Pianduangsri Greens Apt. 771,East Apisaraville,Pattatompornchester,31317,Central,1992-06-06,Female,Single,2024-06-18
CUST_c2ae,Prames Sooksawang,pakjiramethavorakul@yahoo.com,06-7940-0425,30441 Pak Place Apt. 713,East Chalisa,Apisaraburgh,69224,Northern,1997-10-21,Male,Single,2026-04-10
CUST_edae,Patchaploy Bunlerngsri,dthantananont@hotmail.com,08-4636-4637,474 Chanya Way Apt. 119,West Thanatcha,Chomsrimouth,71338,Northern,1998-01-20,Male,Other,2024-05-15
CUST_ca46,Pannawich Losatapornpipit,pattatomporn83@gmail.com,06-1493-7597,410 Tungkasethakul Passage,Pattaponburgh,New Sitiwat,10012,Northeast,1999-11-22,Female,Other,2023-02-04
CUST_063b,Phubes Pothanun,benchapatranonchayapat@yahoo.com,06-7510-5087,62397 Todsapornpitakul Crossroad Suite 194,Lake Nutkrita,South Tunchanok,28065,Western,1989-08-18,Female,Other,2023-11-10
CUST_e9a6,Suwijuk Sooksawang,pannawichthantananont@gmail.com,08-4134-1729,065 Wassaya Pine Apt. 316,South Chawinbury,South Puntiramouth,43971,Central,1997-12-17,Female,Single,2022-02-10
CUST_88db,Wasin Polauaypon,xlertsattayanusak@yahoo.com,06-3434-1106,7982 Posalee Spur,Chawinbury,North Chalisaview,81824,Northern,1986-12-24,Male,Other,2022-01-09
CUST_04c8,Supasit Prayoonhong,polpowassaya@yahoo.com,06-0350-9418,6778 Ratchanon Mountains,East Nutwadeeshire,North Chanikan,06541,Northern,1996-01-21,Male,Widowed,2021-10-21
CUST_041e,Pada Turongkinanon,chaihirankarnyanisa@hotmail.com,06-6682-2103,9245 Kodchaporn Land,East Atit,Siripaibootown,69514,Central,2001-10-12,Male,Married,2024-05-15
CUST_5fa6,Sitiwat Sorattanachai,wimolnotpada@gmail.com,08-2447-6753,4381 Chaifah Forges,Sitiwatstad,New Pattamon,83843,Northeast,1996-10-08,Other,Single,2023-08-09
CUST_f975,Kulnun Pitanuwat,epermchart@gmail.com,09-9039-5324,847 Pintusorn Club,Vethayasaston,Kittakunbury,07255,Northern,1997-01-02,Male,Widowed,2024-04-09
CUST_32ee,Noppakao Intaum,pornchanokchomsri@yahoo.com,08-6250-7751,1508 Pannawich Track Apt. 723,North Sitiwat,Port Sittikornshire,38062,Northern,1999-05-14,Female,Divorced,2026-03-05
CUST_b389,Darin Neerachapong,osukhenai@yahoo.com,09-0511-6858,472 Noppakao Point,Matinawinmouth,South Nutkrita,50418,Eastern,1997-04-16,Other,Single,2023-04-20
CUST_f8d2,Nichakarn Boonpungbaramee,gphusilarungrueng@yahoo.com,09-2083-3153,058 Tunradee Pass,Posaleemouth,West Nutcha,87479,Central,1993-12-11,Other,Other,2023-01-06
CUST_4b64,Apisara Boonpungbaramee,krittayanukoonpattatomporn@hotmail.com,09-3528-4459,72651 Suwijuk Square Suite 495,Sooksawangberg,Port Pachongrukburgh,73394,Northern,1993-02-01,Female,Other,2022-09-07
CUST_586f,Supasita Boonpungbaramee,noppakaopichpandecha@hotmail.com,08-4298-2268,8878 Chawin Ranch Apt. 721,East Sarunporn,Permchartside,54565,Northern,1995-09-11,Other,Married,2024-10-04
CUST_a6ae,Parin Trikasemmart,youprasertsittikorn@yahoo.com,06-5807-8227,84980 Norramon Views,Port Nutchaborough,South Jitrin,36710,Northeast,1999-09-21,Female,Widowed,2023-01-08
CUST_38db,Tunchanok Sooksawang,thanatcha43@hotmail.com,08-3558-9061,61508 Tunchanok Fork,Benchapatranonbury,New Nutchamouth,03989,Central,1991-07-28,Other,Married,2021-01-26
CUST_0aee,Supasit Pasuk,sukhenaichaiwut@hotmail.com,06-3154-6752,0450 Chowitunkit Run Suite 606,Bunlupongmouth,Port Sitiwatport,68442,Northern,1994-06-15,Female,Widowed,2023-05-24
CUST_e156,Puntira Kittakun,supasita07@yahoo.com,06-6114-8867,556 Kittakun Mill Apt. 319,South Nirachaville,Wimolnotbury,34174,Central,1985-06-14,Male,Divorced,2024-06-04
CUST_32cf,Jaruwan Charoensuksopol,suraprachitsitiwat@yahoo.com,06-3601-9136,91753 Suwijuk Rue Apt. 798,Port Peemfurt,Benchapatranonmouth,19486,Central,2002-02-04,Female,Other,2023-06-09
CUST_929a,AVM Supasit Neerachapong,kittakunnichakarn@hotmail.com,06-7543-7240,88479 Pothanun Mills Apt. 725,South Jinjuta,Methavorakulstad,03362,Northern,1995-05-07,Other,Divorced,2022-12-05
CUST_0243,Nichakarn Todsapornpitakul,pattamon46@hotmail.com,06-4457-4149,8087 Wimolnot Street,East Tunradeebury,East Sarunpornfurt,65717,Northeast,1999-02-20,Other,Married,2023-05-21
CUST_c021,Sorawut Tungkasethakul,bunlupongpada@gmail.com,09-8988-9674,6376 Chowitunkit Trace Suite 245,East Chayapat,Port Chalisamouth,08181,Central,1993-11-27,Other,Other,2022-10-22
CUST_51ce,Chanikan Pongpanitch,nattawunpikatsingkorn@hotmail.com,06-1437-0328,127 Wasin Forks,West Sorawut,Nutwadeeville,80679,Southern,1994-01-04,Other,Single,2026-03-24
CUST_f226,Nutwadee Trikasemmart,sarunpornwimolnot@yahoo.com,08-4767-1329,1730 Suraprasert Islands,Pachongrukhaven,Port Chayaninhaven,97217,Central,1988-03-26,Female,Single,2025-01-20
CUST_e580,Chawin Todsapornpitakul,suwijukneerachapong@yahoo.com,09-0989-1185,0592 Matinawin Shores,Patchaploymouth,Lake Pitipat,77131,Central,2008-10-05,Other,Widowed,2021-11-23
CUST_3a32,Darin Thantananont,tpianduangsri@hotmail.com,06-1434-9989,816 Kamalanon Skyway,South Phubes,Pitanuwathaven,68791,Northern,1993-11-22,Male,Single,2024-07-19
CUST_5044,Sittikorn Intaum,nprachayaroch@hotmail.com,08-0870-1059,812 Choeychuen Stream,Anekvorakulborough,West Apisarafort,41743,Central,2000-10-06,Other,Widowed,2021-04-26
CUST_f5aa,POL CONST Nichakarn Losatapornpipit,kkamalanon@hotmail.com,06-0039-0715,243 Wannapaitoonsri Shoals Apt. 898,Yanisaport,Supasitabury,63237,Northern,1994-02-07,Other,Widowed,2025-11-15
CUST_0522,Patchaploy Kitprapa,chalisa56@gmail.com,08-9960-2221,9306 Phenphitcha Pass,Wasinborough,North Wassaya,72590,Northern,2008-10-15,Other,Single,2023-07-03
CUST_99dc,Nutkrita Chowitunkit,jaruwan41@hotmail.com,09-2351-3231,6779 Chanikan Throughway Apt. 067,Pattamontown,Port Teetat,09591,Northern,2007-03-19,Other,Single,2024-02-19
CUST_fb59,Niracha Matinawin,patchaploy28@hotmail.com,08-0575-0097,963 Supasita Mountains Apt. 231,New Pattatompornhaven,Thanatchachester,57597,Central,1985-11-13,Male,Single,2025-07-08
CUST_e82b,Tunradee Krittayanukoon,parin61@yahoo.com,09-5837-8410,6232 Sittikorn Locks,West Sittikorn,Lake Yanisaburgh,51729,Northern,1998-03-09,Female,Widowed,2023-08-09
CUST_29d5,Pawan Sujjaboriboon,puntirapolauaypon@gmail.com,09-5206-2681,523 Sujjaboriboon Crest,Vethayasasfort,North Yanisa,05513,Eastern,1997-01-09,Other,Widowed,2024-06-04
CUST_9761,Wasin Posalee,klertsattayanusak@yahoo.com,08-9229-5316,8998 Kongchayasukawut Landing,Lake Jaruwan,Pintusornshire,81207,Northern,1991-12-18,Other,Married,2024-10-14
CUST_52db,LAC Tunradee Chaihirankarn,iwimolnot@gmail.com,06-1961-3796,72764 Pichpandecha Ramp Suite 106,Sittisaowapakborough,New Jitrinport,77581,Northern,1993-12-24,Male,Widowed,2023-10-04
CUST_09dd,Kulnun Kittakun,patcharaporn69@gmail.com,06-5593-3613,71816 Kongsri Isle,New Pakjira,Sorawutview,63670,Northeast,1975-10-22,Female,Single,2022-03-24
CUST_6c2d,GEN Chalisa Chaisatit,pitanuwatkamolchanok@gmail.com,08-3514-7458,05869 Chayapat Heights,Supasitashire,West Nutkritaville,73652,Eastern,1994-02-13,Other,Single,2024-02-13
CUST_776c,Yada Wimolnot,supasit14@gmail.com,06-6334-6003,241 Kittakun Branch,Pakview,Lake Padachester,81038,Northern,2002-11-09,Female,Divorced,2025-02-05
CUST_d8f6,Nutwadee Choeychuen,ukitprapa@gmail.com,09-0957-3670,45964 Suwijuk Passage,Wassayachester,New Nutkritaport,44779,Northern,1997-01-08,Male,Married,2025-06-12
CUST_3f6f,Pada Lertsattayanusak,pakjiravethayasas@hotmail.com,08-3762-2165,285 Chowitunkit Manors Apt. 538,Kongsriton,Sitiwatshire,43342,Central,2001-09-16,Male,Divorced,2023-02-23
CUST_ba7e,Sittikorn Vethayasas,chanikanlosatapornpipit@gmail.com,06-1342-3842,0749 Prayoonhong Circle Apt. 396,Youprasertshire,Port Atitmouth,52217,Central,1998-08-12,Other,Divorced,2025-05-04
CUST_8dfc,Thanatcha Pichpandecha,tboonpungbaramee@yahoo.com,09-8905-0318,04179 Pintusorn Ville Suite 240,Anonmouth,Trikasemmartfurt,22564,Northeast,1991-05-17,Female,Divorced,2021-03-07
CUST_02f7,Yada Phusilarungrueng,ckrittayanukoon@yahoo.com,08-0860-6386,72729 Prakalpawong Grove,North Nutwadee,North Peem,38344,Northern,2004-07-19,Other,Widowed,2024-09-18
CUST_6edb,Sorawut Lertsattayanusak,pak63@yahoo.com,06-3596-8529,86405 Pitipat Club,Jinjutastad,New Kulnunfurt,21031,Central,2001-11-08,Female,Married,2024-08-08
CUST_aafa,Pintusorn Habpanom,pintusorn72@gmail.com,06-6284-8882,6587 Tungkasethakul Gateway Suite 821,South Tunradeefurt,North Nattawunborough,02452,Northern,1994-08-06,Female,Married,2024-05-17
CUST_2b23,Patchaploy Tungkasethakul,fhabpanom@hotmail.com,06-3184-8104,061 Pattapon Crest,South Pintusornmouth,South Jaruwanland,98498,Central,1995-04-16,Other,Widowed,2025-02-03
CUST_967b,Jaruwan Tianvarich,apisara76@yahoo.com,06-6060-1716,80320 Chayapat Turnpike,Pasukfurt,Suraprachitport,42478,Central,2000-01-09,Male,Widowed,2021-04-14
CUST_ef1f,Tunradee Prachayaroch,opasuk@gmail.com,06-6965-6383,0214 Niracha Prairie Apt. 829,Lertsattayanusakstad,New Jaruwan,92429,Central,1997-06-01,Male,Divorced,2025-10-14
CUST_2bf4,Patchaploy Pikatsingkorn,wimolnotkunaporn@yahoo.com,08-4126-7130,3860 Boonpungbaramee Overpass Suite 612,Wannapaitoonsribury,East Supasitmouth,46816,Northern,2008-08-17,Other,Divorced,2024-04-03
CUST_5d5f,Tunradee Kittakun,kittakunchaiwut@hotmail.com,08-1902-6683,9603 Aunyaporn Turnpike Apt. 661,Tianvarichshire,Phenphitchaville,84606,Central,2000-12-07,Female,Married,2022-09-19
CUST_f70a,Arisara Wasunun,kittakunanon@yahoo.com,09-9543-2554,4811 Kamalanon Locks Suite 001,Kongsriport,North Chanya,56432,Northern,1996-03-22,Other,Widowed,2024-11-22
CUST_7752,Niracha Siripaiboo,prachayarochpada@yahoo.com,08-1245-7652,2965 Kittakun Station,New Todsawunbury,New Tunchanokstad,55753,Northern,1994-07-09,Male,Divorced,2022-05-28
CUST_ed31,Todsawun Pichpandecha,apisarachaisatit@hotmail.com,09-3432-8096,6241 Kamalanon Tunnel Suite 249,Chomsrifurt,Atitfort,73577,Southern,1993-11-22,Female,Married,2023-05-05
CUST_b191,Apisara Phusilarungrueng,patcharaporn81@hotmail.com,08-7382-6839,9687 Sarunporn Row Suite 596,Prakalpawongshire,Darinton,35669,Central,1998-04-19,Male,Divorced,2024-09-25
CUST_32bc,Wasin Benchapatranon,jchowitunkit@yahoo.com,08-0750-1290,0786 Tunchanok Rest Suite 326,North Nattawunland,South Pakjira,46235,Central,1988-10-21,Female,Divorced,2022-04-19
CUST_f300,Yanisa Losatapornpipit,ylertsattayanusak@hotmail.com,09-6682-4304,33391 Pattamon Ways Apt. 558,Noppakaotown,New Pattamonport,39802,Central,1984-04-22,Other,Married,2024-12-27
CUST_4e24,Nichakarn Benchapatranon,chomsriaunyaporn@gmail.com,06-3492-0812,74701 Neerachapong Road Suite 852,Pakjirabury,Pongpanitchshire,90478,Southern,1991-09-08,Female,Married,2021-07-14
CUST_0c29,LAC Pada Suraprachit,losatapornpipitpak@yahoo.com,09-6106-8717,78415 Losatapornpipit Island,North Phenphitcha,Lake Puntiraville,31728,Central,2002-11-25,Female,Divorced,2024-04-23
CUST_9bea,Teetat Pongpanitch,mpothanun@hotmail.com,09-2436-5703,588 Sarunporn Crossroad Apt. 570,Pawanmouth,Sittikornbury,92192,Central,1997-04-22,Male,Married,2024-04-22
CUST_6a70,POL SGT Kamolchanok Pikatsingkorn,prachayarochchanikan@yahoo.com,08-2505-8615,9652 Losatapornpipit Shore,Peembury,Prachayarochhaven,57507,Central,1998-01-15,Other,Divorced,2021-08-05
CUST_a2a7,Suwijuk Srisoontorn,kulnunchoeychuen@gmail.com,08-3780-3157,990 Pawan Cove Suite 954,Port Jaruwanshire,North Kunaporn,22043,Northeast,2006-10-17,Male,Married,2023-06-26
CUST_140e,Suwijuk Posalee,jprayoonhong@hotmail.com,09-2853-7305,2387 Kitprapa Station Suite 814,East Todsawunborough,Tianvarichtown,41029,Northern,1984-03-12,Male,Single,2024-03-24
CUST_0502,Yada Wasunun,phubesbunlupong@hotmail.com,08-2899-9903,4044 Phubes Hill,West Sarunpornport,West Apisara,18917,Northern,1990-09-06,Male,Other,2024-01-18
CUST_4cf5,Pattatomporn Kumsoontorn,chaihirankarnprima@gmail.com,06-7286-1010,70202 Pongpanitch Glen,Norramonfurt,Port Sarunporn,78421,Northern,1990-01-07,Female,Divorced,2024-01-20
CUST_8397,Prima Siripaiboo,yyouprasert@yahoo.com,06-6945-1075,44091 Neerachapong Rapid Suite 245,Sireelertside,Port Darin,75908,Central,2003-10-25,Other,Widowed,2025-10-10
CUST_13d9,Aunyaporn Chaihirankarn,chawinkamalanon@yahoo.com,06-5266-8245,00445 Pintusorn Street Suite 152,North Pattatomporn,Kodchapornburgh,26073,Eastern,2002-09-07,Female,Single,2026-04-21
CUST_8b70,Patcharaporn Bunlerngsri,pitanuwatpattamon@gmail.com,09-8750-9823,572 Arisara Courts,Norramonton,Port Parintown,60057,Eastern,1989-05-24,Female,Divorced,2023-09-03
CUST_2308,Sitiwat Pothanun,primasujjaboriboon@yahoo.com,08-0713-9826,587 Wasunun Flats Apt. 343,East Apisara,Benchapatranonview,44435,Central,1995-02-20,Female,Widowed,2023-03-15
CUST_cf71,Phubes Methavorakul,chalisaprachayaroch@gmail.com,09-3545-7235,194 Kumsoontorn Loop,Youprasertmouth,South Nutwadeeville,96256,Central,1992-07-10,Female,Other,2023-02-20
CUST_b936,LT Chanya Titipatrayunyong,supasitkongsri@yahoo.com,06-6586-6737,247 Kamalanon Road Apt. 972,Port Supasithaven,Pikatsingkornville,22489,Central,1983-07-27,Female,Widowed,2023-04-05
CUST_23ca,Phenphitcha Thantananont,pintusornsittisaowapak@yahoo.com,06-8437-3277,2131 Chowitunkit Coves Suite 314,South Aunyaporn,South Pannawichtown,71373,Southern,1982-11-08,Male,Single,2025-03-19
CUST_1124,Supasita Losatapornpipit,rsiripaiboo@yahoo.com,08-4213-8433,45872 Chayapat Station,Puntirafort,Todsawunmouth,13582,Northeast,1986-04-10,Male,Divorced,2023-02-26
CUST_9f1b,Jitrin Turongkinanon,pongpanitchpachongruk@yahoo.com,06-2332-4093,5617 Losatapornpipit Roads Apt. 212,Puntiramouth,Choeychuenport,73237,Central,1992-06-17,Other,Divorced,2024-10-18
CUST_b796,Sorawut Kongchayasukawut,pchaisatit@hotmail.com,09-7228-4734,6551 Suvakit Drives,South Puntira,Pakberg,22428,Northern,1991-11-15,Female,Widowed,2024-04-18
CUST_cf9d,SUB LT Anon Prachayaroch,atit23@yahoo.com,06-4178-0633,456 Prachayaroch Crossroad,Benchapatranonbury,Patcharapornmouth,93404,Central,1992-11-19,Female,Divorced,2022-07-09
CUST_43ae,Sarunporn Pothanun,chaihirankarnaunyaporn@hotmail.com,09-7288-4637,58850 Chowitunkit Fields Apt. 403,Pitanuwatview,Port Jaruwanport,88619,Central,2008-03-22,Male,Married,2024-02-11
CUST_e231,POL LT GEN Pannawich Suraprasert,trikasemmartkulnun@gmail.com,06-6020-3698,986 Kamolchanok Squares Suite 808,Pitanuwatmouth,Thantananontburgh,94382,Central,2001-09-11,Female,Other,2023-09-04
CUST_0918,Sorawut Krittayanukoon,todsawunnorramon@gmail.com,09-5440-7234,99588 Ratchanon Locks Suite 314,South Nichakarnport,Port Nutcha,34640,Central,1989-06-22,Male,Other,2022-03-27
CUST_56a1,FLT LT Kamolchanok Matinawin,hkrittayanukoon@yahoo.com,08-1275-2965,0965 Pornchanok Roads Apt. 409,Port Peemfurt,Lake Chawinmouth,44984,Central,1999-02-03,Other,Divorced,2022-10-08
CUST_193d,Yanisa Pianduangsri,asrisoontorn@yahoo.com,06-4343-1290,2518 Tunradee Route,Chaisatithaven,North Wassayaborough,35242,Eastern,1990-02-04,Other,Widowed,2022-06-27
CUST_4848,Ratchanon Bunlerngsri,cprakalpawong@yahoo.com,08-5429-1928,137 Chalisa Summit Apt. 904,Chawinville,Pitanuwatside,54955,Northern,1999-10-15,Female,Married,2024-02-07
CUST_70a3,WG CDR Nutkrita Tungkasethakul,wimolnotchaiwut@gmail.com,06-8740-9622,372 Kunaporn View Suite 303,Lake Pada,Krittayanukoonberg,92357,Central,1997-05-03,Male,Widowed,2024-10-11
CUST_8017,Supasit Srisoontorn,pitanuwatnutwadee@hotmail.com,08-9501-0647,41314 Niracha Shoal,Chaifahborough,Sitiwatview,26911,Northern,1988-03-17,Female,Divorced,2023-07-26
CUST_2f89,Prima Titipatrayunyong,phubes73@gmail.com,06-9398-8223,787 Prima Fords,Wimolnotton,Sittisaowapakbury,96746,Northeast,1995-07-27,Female,Other,2025-03-07
CUST_ff30,Pak Methavorakul,niracha39@hotmail.com,08-6478-1780,548 Krittayanukoon Ranch,Turongkinanonside,New Patchaploy,87960,Central,1997-11-15,Other,Widowed,2023-04-11
CUST_1940,Teetat Wannapaitoonsri,tunchanokpikatsingkorn@yahoo.com,09-5381-5040,734 Arisara Burgs Apt. 134,South Tunchanok,Pothanunberg,81812,Central,2002-07-27,Female,Divorced,2025-04-04
CUST_7289,Tunchanok Prachayaroch,kodchapornpolpo@hotmail.com,08-0235-8676,6130 Chayanin Garden Suite 800,Lake Patcharapornville,South Suwijuk,95509,Northeast,2008-04-25,Female,Divorced,2026-03-09
CUST_c166,Jitrin Methavorakul,chaifahkumsoontorn@hotmail.com,06-2805-1741,5829 Matinawin Summit,South Parinberg,North Jitrin,82102,Central,2003-05-18,Other,Widowed,2025-01-20
CUST_3ed9,Chaifah Posalee,niracha95@hotmail.com,08-8369-9252,980 Chayanin Isle,Sorattanachailand,South Thanatchaton,71033,Eastern,2008-05-19,Female,Single,2025-08-23
CUST_b7db,Prames Norramon,supasita96@yahoo.com,09-5321-2762,9856 Suraprachit Forks Apt. 750,Lake Wassayaview,Port Sorawutton,42180,Central,2008-05-14,Male,Divorced,2024-05-02
CUST_9e08,Yanisa Anekvorakul,wasununyanisa@gmail.com,09-0968-4036,1104 Niracha Mall,North Todsawun,South Suwijukfort,84384,Northeast,1988-05-25,Male,Married,2024-03-26
CUST_13ae,Kodchaporn Chaihirankarn,srisoontornchanya@yahoo.com,06-3608-1560,55748 Tunchanok Loop Suite 471,Lake Anonshire,East Patcharapornbury,25078,Northeast,2008-11-26,Female,Single,2024-07-17
CUST_24c3,Nutwadee Chaisatit,pawantitipatrayunyong@gmail.com,06-5279-1770,54801 Wasin Squares,Port Patcharaporn,Kittakunbury,28425,Southern,2002-09-25,Male,Widowed,2026-03-16
CUST_cd9b,Thanatcha Kumsoontorn,bunlerngsriatit@yahoo.com,09-4775-8432,3924 Neerachapong Causeway,Chanikanfurt,Port Sarunporn,64323,Northeast,1984-06-23,Male,Divorced,2021-05-12
CUST_d114,Nattawun Kitprapa,wassayachowitunkit@hotmail.com,08-3716-0516,586 Kittakun Row,Sittikornburgh,Arisaraberg,40807,Northern,1991-07-01,Male,Married,2021-09-14
CUST_6f06,Nutwadee Pitanuwat,bpolauaypon@yahoo.com,09-5622-9522,012 Jinjuta Bridge,Pintusornville,Aunyapornborough,84173,Northern,2004-12-06,Female,Single,2025-10-18
CUST_bf47,Jaruwan Suraprachit,sorawut84@yahoo.com,06-2806-5692,689 Vethayasas Ville Apt. 945,East Chaiwut,Lake Pintusorn,42679,Northern,1983-09-04,Other,Married,2025-02-10
CUST_9b35,Chaiwut Sukhenai,todsawunsrisoontorn@yahoo.com,06-2928-2771,259 Anon Wells Suite 983,North Ratchanontown,East Nutkritahaven,47490,Northeast,2001-04-12,Male,Married,2022-05-17
CUST_62b6,Nutcha Youprasert,suraprachitkamolchanok@gmail.com,06-0671-5330,14007 Pawan Roads,Kitprapaberg,South Patcharapornshire,22433,Central,2002-03-22,Female,Widowed,2023-05-27
CUST_4515,LAC Pawan Losatapornpipit,chayanin29@yahoo.com,09-4801-1827,8818 Pada Plains,Kulnunland,Suraprachitport,73936,Central,1992-12-10,Other,Single,2023-12-16
CUST_ade1,Wassaya Bunlupong,tunradeepothanun@yahoo.com,09-1638-6173,79809 Pannawich Roads,West Jitrin,Thantananontport,36599,Central,2008-02-06,Female,Widowed,2025-08-21
CUST_fa13,Jinjuta Neerachapong,benchapatranonnutkrita@yahoo.com,09-8330-2318,541 Kodchaporn Grove,North Padamouth,East Pattamon,38145,Central,2004-08-01,Other,Other,2022-10-05
CUST_ec7a,Chayanin Pongpanitch,ratchanonwannapaitoonsri@gmail.com,08-4123-6529,8405 Ratchanon Tunnel Apt. 397,Sorawutport,Prakalpawongbury,98491,Central,1994-10-08,Female,Married,2022-05-23
CUST_d905,Wassaya Pikatsingkorn,nutcha17@gmail.com,08-4715-1291,9912 Wannapaitoonsri Ferry Suite 274,Anonburgh,Permchartburgh,03142,Northeast,1990-03-18,Other,Single,2022-01-11
CUST_28dc,Teetat Matinawin,primapianduangsri@gmail.com,06-1241-5924,761 Prames Valleys,Siripaibooland,North Aunyaporntown,80256,Eastern,1998-07-08,Female,Single,2021-02-27
CUST_fbad,Yada Chomsri,charoensuksopolchawin@hotmail.com,08-2447-7872,5496 Suraprasert Hills,North Chanya,Pianduangsriland,29337,Northern,1995-12-24,Other,Other,2022-12-18
CUST_658c,Parin Kamalanon,sooksawangnoppakao@gmail.com,09-9570-3611,80909 Titipatrayunyong Route,Nutkritaville,South Pintusornside,21465,Central,2007-02-13,Female,Widowed,2024-08-08
CUST_a228,Peem Sireelert,chanikanpothanun@hotmail.com,06-6569-4902,3222 Jitrin Lake,Port Patcharaporn,East Patcharapornberg,54580,Central,1992-04-16,Other,Other,2021-09-17
CUST_0e99,COL Peem Pasuk,jitrin06@hotmail.com,06-4078-8701,9289 Chayapat Skyway Suite 663,West Yada,Nichakarnport,94610,Central,2001-06-07,Female,Single,2025-03-11
CUST_e506,Arisara Bunlupong,nutkrita65@hotmail.com,08-6836-1992,0014 Sittikorn Valley Apt. 451,North Ratchanontown,New Parin,09240,Western,2008-11-24,Other,Other,2024-10-08
CUST_ec35,Nutkrita Neerachapong,nutcha31@yahoo.com,09-2449-7292,151 Supasit Estate,New Pakfort,New Wassayatown,94197,Central,1989-11-08,Male,Single,2023-02-14
CUST_2c26,Sarunporn Kamalanon,tunchanok63@yahoo.com,09-7964-2357,20956 Chaihirankarn Field Suite 316,New Phubesburgh,South Yadashire,38576,Central,2006-02-05,Other,Single,2024-11-24
CUST_e49d,Chawin Srisoontorn,pintusornprachayaroch@gmail.com,08-2773-6571,3257 Kongsri Forest Suite 084,Polauayponborough,South Apisaraview,68521,Central,2000-09-20,Male,Married,2024-07-02
CUST_4214,Pakjira Pongpanitch,pattatomporn36@hotmail.com,06-3013-8640,782 Darin Bridge Apt. 346,Lake Pak,Arisaraborough,91509,Eastern,2000-08-21,Male,Other,2023-10-02
CUST_e0f1,SGT Chalisa Neerachapong,pvinyuvanichkul@gmail.com,08-4560-9429,1598 Kumsoontorn Terrace Apt. 957,East Pramesmouth,Peemton,88879,Northern,1987-05-02,Other,Single,2024-04-21
CUST_8dcc,Nattawun Thantananont,ukrittayanukoon@gmail.com,09-3708-5649,3560 Suraprasert Dam Suite 671,Port Sittikornville,Sooksawangton,90766,Northern,2000-05-02,Male,Single,2024-02-17
CUST_b72b,Nutkrita Habpanom,kumsoontornkunaporn@hotmail.com,06-1471-9228,296 Kumsoontorn Mountain,Sujjaboriboonland,Ratchanonshire,50687,Central,1993-03-19,Other,Married,2024-04-04
CUST_51e7,Kodchaporn Thantananont,cchaihirankarn@hotmail.com,06-1203-3700,353 Sujjaboriboon Valleys Apt. 256,Lake Chanya,Nirachaborough,88203,Central,2008-12-13,Other,Other,2024-10-21
CUST_c65e,Todsawun Sooksawang,apisarasrisoontorn@yahoo.com,09-8913-9450,7227 Thanatcha Burgs Apt. 831,Port Jinjutaborough,Puntiraberg,34419,Eastern,2002-10-04,Male,Widowed,2025-06-16
CUST_932b,Sorawut Intaum,supasitkittakun@hotmail.com,06-1921-0169,631 Tianvarich Viaduct Apt. 206,Tunchanokbury,Port Niracha,67656,Central,1990-01-05,Other,Single,2022-02-09
CUST_215b,LT JG Chayapat Charoensuksopol,chayapat83@yahoo.com,08-4015-6092,07981 Vinyuvanichkul Forges,Nichakarntown,East Pannawich,63241,Central,2007-06-28,Other,Divorced,2023-09-04
CUST_9f56,Pakjira Benchapatranon,parinyouprasert@gmail.com,08-1424-7131,363 Lertsattayanusak Brooks Apt. 140,South Jaruwan,East Yadamouth,01840,Northern,1997-04-21,Other,Married,2021-12-26
CUST_b73f,Patcharaporn Tungkasethakul,tunradee53@yahoo.com,09-0001-6751,5339 Teetat Trafficway Suite 689,Sireelertchester,East Todsawuntown,22611,Central,1994-12-17,Female,Single,2024-10-28
CUST_9832,Wassaya Chaihirankarn,tsujjaboriboon@gmail.com,06-8557-9117,8742 Prayoonhong Isle Apt. 285,Puntiraberg,Pichpandechaville,79159,Central,1997-06-09,Female,Other,2023-12-06
CUST_1157,CPO 1 Kamolchanok Youprasert,anonphusilarungrueng@hotmail.com,06-9247-1840,15229 Wasunun Plaza Suite 805,Sittikornton,Chanyahaven,29742,Northern,2001-12-03,Other,Other,2026-02-09
CUST_0035,Kodchaporn Kitprapa,spongpanitch@hotmail.com,06-2483-6492,25075 Losatapornpipit Terrace Suite 795,Pachongrukberg,New Chayapatburgh,76243,Northern,1997-01-16,Male,Single,2024-01-11
CUST_fa5d,Phenphitcha Bunlupong,sittisaowapakatit@yahoo.com,08-1536-5659,79153 Bunlupong Island,Pianduangsriville,Bunlupongberg,28231,Northeast,1999-04-06,Female,Divorced,2024-11-07
CUST_3ba3,Chanya Neerachapong,pachongruk62@gmail.com,09-7285-9382,71529 Pitipat Ridges,Tungkasethakulside,Chomsrimouth,20332,Central,1986-11-21,Female,Other,2021-04-13
CUST_4f8a,Pada Chomsri,aunyaporntianvarich@yahoo.com,08-8051-9891,88584 Norramon Fall,South Teetatfort,South Wassaya,14583,Central,1995-06-05,Other,Married,2021-07-03
CUST_4220,Thanatcha Wannapaitoonsri,jpolpo@hotmail.com,08-9422-8223,466 Tunchanok Cape,Norramonmouth,North Ratchanonport,29916,Northern,2006-10-10,Female,Single,2025-08-08
CUST_2ebf,Arisara Kumsoontorn,sireelertnutkrita@yahoo.com,06-6723-2681,24156 Apisara Islands,Port Nutwadeemouth,Nutkritahaven,99515,Central,1997-01-02,Male,Other,2024-02-18
CUST_7d1e,Kulnun Bunlupong,pattatompornmethavorakul@hotmail.com,09-4079-8265,723 Chayapat Parkways,South Peem,Lake Kunaporn,78241,Northeast,1998-09-16,Female,Other,2026-04-08
CUST_5642,Pattatomporn Pianduangsri,puntira00@hotmail.com,08-5209-2256,4603 Pawan Stream,South Ratchanon,Anonstad,07452,Northeast,1990-10-19,Other,Divorced,2021-12-15
CUST_46dd,Yada Youprasert,patcharapornwimolnot@gmail.com,06-3202-8924,90402 Sujjaboriboon Stream Apt. 898,New Pramesview,Nutchastad,84727,Northeast,1988-11-16,Male,Other,2026-04-21
CUST_5aa3,LT GEN Pakjira Intaum,todsawun82@hotmail.com,06-9895-5141,0913 Wasunun Trail,Todsawunfort,Pitanuwatborough,05718,Eastern,1997-06-07,Female,Married,2024-09-11
CUST_b1b0,Parin Vinyuvanichkul,srisoontorntunradee@yahoo.com,09-2595-1787,679 Pannawich Crossroad Suite 609,New Yada,Polpofurt,05113,Northeast,2005-01-25,Male,Widowed,2021-03-28
CUST_de8d,Sarunporn Prachayaroch,bmethavorakul@gmail.com,09-8549-6676,48018 Kamalanon Forest,Nattawunbury,Prachayarochland,73952,Central,2001-09-10,Other,Married,2026-03-09
CUST_7fbc,Nutwadee Pitanuwat,phusilarungruengpada@hotmail.com,06-0330-6291,6277 Parin Bridge Suite 410,South Noppakaoborough,Port Prames,37170,Eastern,1989-09-07,Female,Single,2022-06-06
CUST_fb28,Noppakao Chaihirankarn,darin79@gmail.com,09-4978-6763,6848 Prima Vista Apt. 125,Surapraserttown,Chalisabury,31734,Northeast,1994-02-06,Female,Single,2021-01-10
CUST_da0f,Chalisa Pothanun,yada23@hotmail.com,08-8844-9335,6175 Jitrin Terrace,Chawinburgh,Thanatchamouth,38078,Western,2006-12-01,Other,Married,2026-05-20
CUST_6c90,POL SEN SGT MAJ Chaiwut Sorattanachai,ssukhenai@yahoo.com,06-1957-0199,30465 Pothanun Bypass,Kumsoontornside,New Chayapat,89051,Northern,1990-12-18,Male,Widowed,2023-07-24
CUST_9802,REV Teetat Kongchayasukawut,tchomsri@yahoo.com,08-4418-1558,174 Jaruwan Heights Apt. 351,Kittakunhaven,Prachayarochstad,50531,Central,1994-12-25,Other,Widowed,2024-03-18
CUST_f5d7,CPO 2 Sittikorn Matinawin,wimolnotanon@yahoo.com,08-4426-5949,52842 Wannapaitoonsri Lakes Suite 235,Lake Apisara,New Wassaya,77520,Central,1997-12-28,Female,Other,2025-05-02
CUST_d123,Kunaporn Pichpandecha,lsukhenai@hotmail.com,09-6197-6889,67891 Ratchanon Rest Suite 328,Chanyabury,South Nutkrita,93082,Northern,2004-06-12,Other,Widowed,2023-03-19
CUST_e527,Tunchanok Kongchayasukawut,nutwadee57@yahoo.com,08-5364-7849,8957 Chaiwut River Apt. 461,New Chaifah,Port Sorawut,05135,Western,1993-05-14,Male,Single,2024-06-25
CUST_711e,Nutcha Sireelert,pturongkinanon@gmail.com,08-9096-3483,55354 Anon Bridge,Port Sitiwat,Pintusornmouth,30182,Central,1994-08-13,Other,Other,2021-04-10
CUST_5625,FS 2 Peem Kongchayasukawut,chaihirankarndarin@hotmail.com,09-1398-7697,0645 Siripaiboo Shore,Phusilarungruengbury,South Jitrin,47147,Western,1999-07-22,Male,Single,2024-02-22
CUST_8f19,FS 1 Pachongruk Pianduangsri,suvakit97@gmail.com,06-3439-6968,33237 Habpanom Plains Apt. 518,Yanisaside,Pramesbury,58483,Central,1997-08-03,Female,Divorced,2021-01-14
CUST_8e3a,Noppakao Kumsoontorn,kamalanonpannawich@hotmail.com,08-4713-6226,073 Pothanun Expressway Apt. 455,New Wasinmouth,Pianduangsriborough,67284,Northern,1996-04-02,Male,Other,2023-03-17
CUST_bac0,Kulnun Srisoontorn,pichpandechapawan@hotmail.com,09-3812-0654,372 Pakjira Ridges,Losatapornpipitchester,Primaton,04330,Northern,1991-10-24,Other,Divorced,2024-08-07
CUST_6336,Pakjira Permchart,nsujjaboriboon@gmail.com,08-3552-0039,70077 Ratchanon Views Apt. 204,Port Patcharaporn,North Kamolchanokbury,42197,Eastern,1992-09-07,Other,Other,2022-03-14
CUST_1b93,POL SUB LT Pada Tianvarich,phusilarungruengkulnun@yahoo.com,08-1333-4502,120 Chawin Squares,New Pachongrukfurt,West Chawin,19686,Northern,1997-11-14,Female,Widowed,2024-04-21
CUST_0a7e,FLG OFF Phenphitcha Trikasemmart,hkitprapa@gmail.com,06-8154-7490,310 Pornchanok Islands,Chayapatville,Titipatrayunyongport,55928,Central,1990-07-05,Other,Widowed,2026-03-14
CUST_2f20,Jitrin Habpanom,prayoonhongchawin@hotmail.com,09-3032-8080,63079 Teetat Fort,East Pattapontown,Lake Jitrinbury,74406,Central,1998-09-01,Other,Other,2023-12-05
CUST_013f,Arisara Bunlupong,okamalanon@yahoo.com,09-4897-8300,771 Nutwadee Estates Suite 894,Vinyuvanichkulville,South Kunaporn,08568,Northeast,1999-10-05,Male,Other,2023-01-16
CUST_843b,Todsawun Krittayanukoon,pannawich24@yahoo.com,09-9419-1750,119 Prachayaroch Ridge,Boonpungbarameeland,Jinjutatown,59263,Northern,1996-06-12,Male,Single,2026-02-06
CUST_811f,Phubes Krittayanukoon,pada02@yahoo.com,06-7197-6312,6968 Jaruwan Tunnel Suite 848,West Nattawun,Port Pakjiraport,54013,Northern,2001-02-01,Male,Divorced,2025-01-23
CUST_9d90,Chalisa Kumsoontorn,pramesintaum@yahoo.com,06-9209-9804,1771 Nutwadee Center Suite 846,Aunyapornside,Lake Puntira,45485,Northern,1999-09-14,Other,Widowed,2025-07-25
CUST_af02,Pakjira Chomsri,peemprachayaroch@gmail.com,09-5047-1530,32732 Chanya Fort Apt. 542,East Pattaponville,Pitanuwatside,44908,Northern,2002-11-27,Male,Other,2022-10-10
CUST_d162,PHRAKHU SAMU Sitiwat Polauaypon,kamalanonkodchaporn@gmail.com,09-9436-5856,69296 Prakalpawong Inlet,East Peemville,South Wasin,66112,Northern,1994-07-14,Female,Married,2024-02-24
CUST_5f50,Nutkrita Suraprasert,chanikansukhenai@yahoo.com,09-3168-3805,85487 Sittikorn Mission Apt. 774,Darinfort,Pornchanokfurt,75544,Northern,2000-05-21,Female,Single,2025-05-15
CUST_c24f,Yada Wannapaitoonsri,nirachahabpanom@yahoo.com,06-0078-3383,73105 Chaiwut Parkway,Nichakarnfort,Port Peem,80320,Central,1994-07-26,Other,Married,2023-09-22
CUST_dc42,Sorawut Trikasemmart,darin49@yahoo.com,06-8027-0436,03719 Lertsattayanusak Port,West Patchaploy,South Nutwadeestad,31772,Northern,1998-10-25,Male,Married,2024-10-27
CUST_326c,Kodchaporn Sorattanachai,tprachayaroch@gmail.com,08-0993-2932,226 Chaiwut Club,Lake Thanatcha,New Thanatchastad,31350,Central,1985-10-20,Other,Other,2025-07-07
CUST_6a4c,Yada Polauaypon,jaruwansooksawang@gmail.com,09-6897-9338,535 Methavorakul Causeway Suite 927,West Chanikanshire,Chaihirankarnside,75620,Northern,2008-04-17,Female,Other,2025-04-12
CUST_c9ba,AVM Nattawun Chaisatit,qposalee@yahoo.com,09-4982-8948,80376 Chaifah Garden,Losatapornpipitton,Lake Chanikanport,35034,Central,1997-01-05,Other,Married,2024-08-15
CUST_e227,Nutkrita Phusilarungrueng,wsooksawang@gmail.com,06-2920-7706,39776 Prima Crossing,Wannapaitoonsritown,New Supasita,44711,Central,1993-03-09,Other,Widowed,2024-06-23
CUST_f0ab,Jitrin Polpo,jinjutakongchayasukawut@hotmail.com,08-5471-6050,9855 Chayapat Divide Apt. 940,Port Patchaploystad,North Wassaya,31404,Northern,2006-02-06,Other,Single,2024-10-23
CUST_00fe,MRS Nutcha Prakalpawong,prames83@hotmail.com,06-5546-5989,45133 Pannawich Estate,North Yadahaven,Methavorakulville,07645,Northeast,2000-02-19,Female,Single,2026-02-24
CUST_e2e3,V ADM Pattamon Lertsattayanusak,sorawutlosatapornpipit@yahoo.com,09-5917-1970,68203 Parin Estates,Kulnunport,New Chayanin,90183,Central,1994-07-25,Other,Divorced,2026-03-20
CUST_7ca2,Parin Krittayanukoon,bunlerngsritodsawun@yahoo.com,06-3707-2973,581 Chowitunkit Wall Apt. 515,Port Kunaporntown,West Supasitatown,67867,Central,1991-01-22,Male,Other,2023-07-02
CUST_cd42,Jinjuta Prayoonhong,kodchaporn11@yahoo.com,06-5534-7335,906 Turongkinanon Court Apt. 190,Pattatompornchester,New Nattawun,15761,Northern,2005-03-28,Other,Single,2023-12-26
CUST_ba6a,Phenphitcha Kongchayasukawut,suwijuk21@yahoo.com,06-7569-1036,5372 Parin Extensions,South Prameshaven,North Wassaya,13979,Eastern,1996-07-25,Male,Divorced,2022-01-16
CUST_9546,R ADM Ratchanon Sooksawang,benchapatranonchawin@yahoo.com,08-1741-7857,000 Sujjaboriboon Isle,Bunlerngsrimouth,Sireelertstad,56702,Central,1996-10-03,Other,Other,2026-03-04
CUST_b3be,LT GEN Todsawun Vinyuvanichkul,neerachapongaunyaporn@hotmail.com,08-0479-3748,5759 Arisara Gardens Apt. 131,Tianvarichborough,Darinside,65897,Northern,1998-07-17,Male,Widowed,2022-10-13
CUST_5556,POL SEN SGT MAJ Kunaporn Pothanun,xkumsoontorn@yahoo.com,08-5445-2352,558 Posalee Crossing,Lake Kodchapornland,Port Pannawich,42719,Northeast,2002-01-22,Male,Widowed,2026-02-14
CUST_6435,Yada Polpo,yanisa58@yahoo.com,06-6624-2459,08465 Wimolnot Cliff,East Patcharapornmouth,West Nattawun,96243,Central,1999-01-10,Other,Married,2025-04-13
CUST_a06f,Pornchanok Pikatsingkorn,chaihirankarnnutcha@hotmail.com,06-5162-5830,8236 Jaruwan Mountains Suite 165,Trikasemmartborough,West Primashire,19856,Central,1997-02-06,Female,Divorced,2024-11-16
CUST_39cf,Aunyaporn Prakalpawong,pyouprasert@yahoo.com,06-0538-2566,831 Pikatsingkorn Keys,Kittakunland,Phubesburgh,12762,Northern,2006-01-14,Male,Single,2025-06-26
CUST_dcd0,Chawin Phusilarungrueng,bunlupongkulnun@hotmail.com,08-2708-4399,9175 Kunaporn Station Apt. 639,Suraprachitchester,Suvakitport,25730,Western,2008-07-25,Male,Married,2025-01-23
CUST_8f2d,Kunaporn Bunlupong,tunradee12@gmail.com,06-6672-4558,63492 Chanikan Spurs,West Pattatomporn,Apisaramouth,95737,Central,2005-07-19,Male,Divorced,2022-12-11
CUST_ed0b,Chalisa Turongkinanon,inorramon@hotmail.com,06-1664-4164,868 Wassaya Greens Suite 395,Pikatsingkornmouth,Supasitaport,64935,Northern,2001-05-03,Male,Other,2024-11-16
CUST_0f4d,Wasin Kongsri,chalisapothanun@hotmail.com,09-8407-4052,8723 Pachongruk Port Apt. 159,New Jaruwanburgh,Anonshire,16200,Western,1992-07-09,Male,Widowed,2024-10-17
CUST_b134,Kulnun Neerachapong,phubesprayoonhong@yahoo.com,09-2397-4489,431 Chayanin Estate Suite 222,Nutchahaven,New Yanisachester,11945,Central,1996-05-09,Female,Single,2026-04-24
CUST_e23c,Puntira Phusilarungrueng,chalisa58@yahoo.com,06-6329-2272,0246 Darin Route,South Ratchanon,North Niracha,61135,Western,2003-06-28,Male,Divorced,2024-07-17
CUST_4b47,Chaifah Titipatrayunyong,prakalpawongkulnun@hotmail.com,06-0733-8593,8640 Nichakarn Circle Apt. 546,Kongchayasukawutview,Boonpungbarameemouth,25383,Northeast,1993-05-08,Female,Divorced,2022-04-03
CUST_7c44,Prima Thantananont,wprachayaroch@yahoo.com,08-7706-4414,07271 Sooksawang Fords Apt. 413,South Sarunporn,Aunyapornburgh,94647,Northern,1990-11-20,Other,Single,2024-04-28
CUST_1513,Patchaploy Pongpanitch,patcharaporn23@gmail.com,08-4026-9597,02351 Todsapornpitakul Fall,North Wasinview,North Padamouth,28716,Eastern,1993-02-07,Female,Married,2025-06-24
CUST_4f8e,Thanatcha Posalee,phubesprayoonhong@gmail.com,09-9745-6513,743 Thanatcha Stream Suite 381,East Apisarabury,Charoensuksopolville,34898,Central,1985-04-16,Male,Widowed,2023-09-15
CUST_f8f9,Pakjira Wannapaitoonsri,pongpanitchchawin@hotmail.com,06-3124-0168,2512 Chowitunkit Greens Apt. 227,New Arisaraview,Peemside,52663,Northern,1997-10-01,Other,Divorced,2025-02-15
CUST_1847,Pakjira Chowitunkit,suvakithabpanom@yahoo.com,06-7048-4239,226 Kodchaporn Hills Apt. 849,Intaumfurt,Chowitunkittown,03070,Western,1993-01-22,Other,Divorced,2022-08-23
CUST_69a5,Prames Matinawin,chawin16@gmail.com,09-3393-0154,7974 Jaruwan Radial,Thanatchafort,Darinhaven,21061,Northeast,1995-12-22,Other,Widowed,2024-03-19
CUST_897b,Parin Chaisatit,pintusornkittakun@gmail.com,09-9341-1737,57815 Thanatcha Dam Suite 415,Turongkinanonport,East Todsawun,48451,Central,2008-10-28,Male,Widowed,2024-03-26
CUST_7805,Puntira Srisoontorn,pitipat41@yahoo.com,08-0441-4291,869 Chayapat Mountain,Noppakaobury,Pakjiratown,38154,Northern,1996-11-16,Male,Divorced,2021-01-16
CUST_46ce,Supasita Turongkinanon,chaihirankarnpannawich@gmail.com,08-1418-2466,167 Kittakun Road Apt. 344,Phenphitchamouth,Chanyatown,42429,Central,2001-05-18,Female,Single,2024-03-08
CUST_60fe,Pada Boonpungbaramee,chanikankittakun@gmail.com,09-1601-9941,101 Kamolchanok Shoal Suite 201,Chaihirankarnside,Sujjaboriboonhaven,63717,Central,2003-09-15,Other,Married,2025-01-01
CUST_b9a5,Sitiwat Turongkinanon,htrikasemmart@yahoo.com,09-9708-7695,1342 Kunaporn Drive Apt. 894,Chayaninview,Arisaramouth,31265,Central,2007-09-26,Female,Other,2022-11-08
CUST_780a,Apisara Sooksawang,kodchapornlosatapornpipit@yahoo.com,06-8796-7405,3283 Prima Flats,New Arisaraton,Trikasemmartville,79505,Northeast,1994-07-17,Female,Other,2023-02-26
CUST_b9bb,Arisara Methavorakul,puntirakongchayasukawut@gmail.com,06-7905-2441,22440 Prakalpawong Unions,East Jinjutaburgh,Prakalpawongchester,55317,Northern,2000-04-07,Other,Single,2024-03-23
CUST_6ef2,Pornchanok Bunlupong,aunyaporn30@gmail.com,09-5012-4406,5847 Choeychuen Hollow,Darinmouth,Lake Nutkritaview,74128,Southern,2001-10-26,Female,Widowed,2025-11-17
CUST_1213,Phenphitcha Chaihirankarn,nsooksawang@gmail.com,08-7768-5513,1571 Benchapatranon Ford Apt. 154,Kamalanonstad,Port Pachongruk,96346,Western,2004-11-15,Female,Married,2024-05-06
CUST_8fdf,Sorawut Todsapornpitakul,intaumchaifah@hotmail.com,09-5275-6754,94047 Krittayanukoon Knolls,East Supasitaburgh,Sujjaboriboonfort,59399,Northern,1997-02-03,Other,Divorced,2026-04-13
CUST_c6dd,Niracha Sireelert,pachongrukmethavorakul@gmail.com,08-0959-7708,2056 Prames Meadows Apt. 908,South Yada,South Pakjira,07159,Central,2008-02-10,Other,Single,2024-05-16
CUST_0f24,Chalisa Prayoonhong,darin66@hotmail.com,09-2007-1606,996 Sujjaboriboon Prairie,Darinland,Aunyapornside,36652,Western,2000-04-05,Female,Divorced,2025-09-03
CUST_bb2f,Pawan Bunlerngsri,pada49@yahoo.com,08-7405-7267,6169 Youprasert Vista,West Suwijukton,South Kulnunville,04301,Central,1997-05-27,Other,Single,2025-06-07
CUST_e6ca,Puntira Vethayasas,cmatinawin@hotmail.com,06-7116-1504,9562 Nattawun Road Suite 541,Kamalanonhaven,Phusilarungruengberg,24738,Northeast,2008-03-15,Male,Widowed,2025-07-21
CUST_617a,Wassaya Pothanun,todsapornpitakulatit@yahoo.com,09-5138-1913,5815 Chowitunkit Track Apt. 890,New Pitipat,New Tunradeeberg,05121,Northern,1993-04-20,Female,Other,2024-02-26
CUST_9008,Kunaporn Neerachapong,pattapon55@yahoo.com,08-9148-0978,71970 Matinawin Ridge,Tungkasethakulfort,Neerachapongside,30203,Northern,1994-12-18,Other,Divorced,2023-06-16
CUST_871b,Pattapon Pichpandecha,zthantananont@gmail.com,06-6056-2246,465 Titipatrayunyong Lodge Suite 946,Nutchaport,Wassayastad,66059,Northern,2002-04-16,Male,Widowed,2023-08-04
CUST_7b09,Pattamon Norramon,pannawichpolauaypon@gmail.com,06-5472-1793,9940 Suwijuk Lakes,North Chanyaport,Pianduangsriport,19514,Northeast,1990-05-21,Male,Married,2024-03-24
CUST_eb34,Apisara Pothanun,prakalpawongsupasit@hotmail.com,08-6697-9418,4366 Thanatcha Key,Chanikanmouth,West Nichakarn,16633,Central,1994-01-02,Other,Widowed,2022-02-07
CUST_b371,Pitipat Chaihirankarn,akitprapa@yahoo.com,09-5631-7195,415 Methavorakul Creek,West Pak,West Primabury,01477,Northern,2001-12-11,Other,Other,2022-08-17
CUST_1966,Noppakao Siripaiboo,dcharoensuksopol@yahoo.com,06-6265-0676,2171 Sorattanachai Flat Suite 387,East Yanisashire,Port Tunchanok,11238,Northeast,1990-02-02,Other,Other,2025-02-23
CUST_5439,Sarunporn Vethayasas,vinyuvanichkulnutkrita@hotmail.com,09-8920-5175,2133 Wasunun Trafficway,Yadaside,Bunlupongview,30689,Eastern,2002-08-22,Male,Married,2022-07-10
CUST_c986,Sorawut Norramon,chaisatitratchanon@hotmail.com,06-4327-2938,07089 Nutwadee Shoals Suite 051,Kittakunport,Pawanburgh,75778,Central,1993-11-24,Male,Widowed,2021-07-17
CUST_9c63,Phenphitcha Pichpandecha,wimolnotatit@yahoo.com,08-0094-8695,43782 Todsawun Brook,Patchaployberg,Chayaninton,18491,Central,2008-03-02,Male,Married,2023-10-18
CUST_70e7,Nichakarn Chomsri,wassayatungkasethakul@yahoo.com,09-1139-5210,413 Nutkrita Island Suite 311,Nutkritashire,Phusilarungruengview,09887,Western,1993-07-13,Female,Single,2023-09-27
CUST_b13a,Chaiwut Matinawin,dboonpungbaramee@gmail.com,09-8950-1677,463 Intaum Court Apt. 713,Supasitafurt,Kulnunview,15284,Central,1995-03-14,Other,Widowed,2025-03-26
CUST_a672,Thanatcha Kongsri,gbunlerngsri@gmail.com,08-4978-0405,62755 Jinjuta Parkway Apt. 662,Port Chanikan,Lake Todsawun,52432,Central,2001-02-16,Other,Married,2023-02-09
CUST_062e,Darin Sukhenai,apisaramatinawin@gmail.com,09-2975-6732,1245 Pichpandecha Station Apt. 925,Port Sitiwat,Methavorakulside,26462,Northern,2008-10-07,Other,Single,2024-10-08
CUST_a0cb,Teetat Pothanun,chaiwut55@hotmail.com,08-0246-0894,9947 Pattatomporn Stravenue,Pichpandechafurt,Pianduangsrichester,08568,Northern,1999-08-05,Male,Other,2023-11-14
CUST_6550,Pannawich Suraprachit,nirachasittisaowapak@hotmail.com,09-4279-6013,006 Sooksawang Rapids Suite 616,Wasinville,Pitipatmouth,42595,Northeast,1993-12-22,Female,Single,2024-07-11
CUST_97a2,Noppakao Benchapatranon,benchapatranonpintusorn@yahoo.com,06-8554-3408,69813 Kumsoontorn Roads,Aunyapornport,North Wassayatown,86765,Northern,1997-05-23,Male,Divorced,2024-06-06
CUST_c5ef,Pattatomporn Sireelert,teetattitipatrayunyong@gmail.com,08-9165-9113,22718 Yada View Apt. 557,Suvakitmouth,Pongpanitchfurt,84122,Northern,1988-10-16,Female,Other,2024-07-20
CUST_7ce8,Nutwadee Methavorakul,kumsoontornjinjuta@hotmail.com,09-1060-7007,7642 Bunlerngsri Turnpike Apt. 680,North Supasitastad,Port Nattawunchester,33314,Southern,2002-01-04,Male,Single,2024-12-12
CUST_9fe4,Nichakarn Pikatsingkorn,sooksawangkodchaporn@hotmail.com,06-1739-9752,36540 Sarunporn Centers Suite 742,North Nattawunfurt,Apisarastad,92710,Central,1991-08-02,Other,Married,2023-07-27
CUST_a38a,Nutkrita Matinawin,pattatomporn62@gmail.com,06-4154-4549,8670 Suwijuk Tunnel Suite 586,West Pattaponberg,Posaleeton,36143,Central,1999-07-26,Female,Other,2024-11-07
CUST_9a1d,Chanikan Bunlerngsri,intaumnutcha@gmail.com,06-0219-0010,35936 Pattatomporn Branch Suite 990,Lake Nutwadeeshire,West Peembury,56444,Central,1998-03-22,Female,Other,2025-01-03
CUST_0c55,Apisara Habpanom,suraprachitphenphitcha@hotmail.com,08-7574-0832,494 Aunyaporn Loaf,West Jitrin,Todsawunside,09703,Northern,2000-11-27,Female,Divorced,2024-02-06
CUST_6be1,Kodchaporn Pasuk,pachongrukwannapaitoonsri@gmail.com,06-0770-8033,38511 Lertsattayanusak Fall Apt. 726,New Jitrin,Port Jinjuta,36639,Central,2005-08-25,Male,Single,2024-06-05
CUST_734a,Sorawut Bunlupong,sireelertjinjuta@yahoo.com,09-8154-4146,9233 Parin Mill,Matinawinstad,Sireelerttown,77724,Northern,1990-12-23,Female,Divorced,2024-03-05
CUST_d98d,Chalisa Sittisaowapak,sitiwat30@yahoo.com,09-6309-6327,7427 Choeychuen Junction Suite 552,Lake Kodchaporn,South Phenphitchamouth,44629,Central,2008-04-22,Female,Widowed,2023-02-11
CUST_6547,Niracha Sittisaowapak,permchartparin@gmail.com,06-0540-4476,327 Tunchanok Park,West Pakport,West Yanisafurt,90341,Central,2002-01-18,Other,Divorced,2021-01-06
CUST_7b3c,Tunchanok Prayoonhong,phubes27@gmail.com,08-8194-9080,856 Aunyaporn Ville Apt. 053,Wassayatown,Lake Pattatomporn,94311,Northern,1994-10-06,Female,Widowed,2022-11-28
CUST_0613,Patchaploy Kittakun,mpermchart@gmail.com,09-2895-7702,1792 Wasin Track,Aunyapornview,New Patchaployport,10290,Northeast,2001-06-23,Other,Divorced,2022-12-05
CUST_472d,Supasita Sittisaowapak,pattatomporn64@hotmail.com,06-1261-5264,7046 Pasuk Mill Suite 007,Kulnunberg,Pattamonbury,02370,Central,2002-06-23,Female,Married,2023-02-12
CUST_fb2b,Jinjuta Methavorakul,chayanin35@gmail.com,06-0941-2470,235 Methavorakul Burgs Suite 896,Tianvarichview,Pannawichton,45678,Northern,1996-07-12,Female,Divorced,2022-06-03
CUST_eff0,Chaiwut Kongchayasukawut,rkamalanon@gmail.com,06-8125-0385,970 Srisoontorn Run,Chaihirankarnland,North Chanikan,55784,Central,1989-09-06,Male,Other,2025-01-07
CUST_ad22,Jaruwan Habpanom,ntodsapornpitakul@yahoo.com,06-9965-1839,5271 Sorattanachai Extension,Port Kamolchanok,South Tunchanokside,29096,Northern,2008-07-27,Male,Single,2021-02-18
CUST_9359,Chanya Posalee,trikasemmartapisara@gmail.com,09-9000-0892,296 Pongpanitch Ramp Suite 757,South Sitiwat,Pattamonfurt,95780,Northeast,1994-05-24,Other,Divorced,2025-05-11
CUST_4080,Pitipat Benchapatranon,okamalanon@hotmail.com,08-6826-8688,816 Chanya Fork,South Puntirahaven,Sittisaowapakside,30158,Central,1988-04-22,Other,Other,2025-01-16
CUST_5ce7,Suwijuk Chowitunkit,sooksawangniracha@yahoo.com,08-6853-5895,350 Turongkinanon Glen,New Sitiwatville,Port Supasitfurt,80700,Northern,1986-06-24,Male,Single,2024-02-13
CUST_b317,Teetat Habpanom,noppakao47@yahoo.com,06-5707-3648,07439 Chayapat Green,East Kunapornburgh,New Tunradee,12684,Northeast,1987-11-23,Female,Married,2024-12-19
CUST_974a,FLG OFF Pattatomporn Chowitunkit,chalisaboonpungbaramee@hotmail.com,06-4129-1807,20526 Kodchaporn Path,Chawinfurt,Prachayarochbury,55690,Central,1990-01-16,Male,Single,2021-02-11
CUST_2f28,Pattapon Sorattanachai,youprasertpeem@hotmail.com,09-9539-4891,06849 Bunlupong Land Apt. 547,West Wassayafurt,Port Chawinchester,57402,Eastern,1985-04-04,Male,Widowed,2023-03-17
CUST_7cf4,Kodchaporn Chaisatit,phenphitchavethayasas@gmail.com,09-7723-9887,59837 Sarunporn Spur Apt. 646,New Nichakarnchester,Wasinside,76097,Southern,2004-04-15,Female,Other,2021-04-16
CUST_56ca,Pannawich Boonpungbaramee,noppakao73@yahoo.com,09-7670-4133,284 Nutcha Cape Apt. 202,East Yada,Pannawichmouth,07335,Central,1999-01-09,Male,Widowed,2025-07-09
CUST_65ba,Yada Tungkasethakul,todsawun39@gmail.com,08-8757-5368,12178 Suvakit Overpass Apt. 947,Kodchapornside,East Yadaton,03009,Northern,2002-01-02,Other,Divorced,2023-02-02
CUST_a67a,Ratchanon Bunlupong,srisoontornyada@hotmail.com,09-8957-8913,314 Prayoonhong Loop Suite 903,Parinshire,Tunchanokville,72718,Central,2002-07-22,Male,Other,2024-04-16
CUST_ea68,Niracha Kamalanon,titipatrayunyongchawin@gmail.com,06-3541-5557,0945 Wasin Lock,Lake Chayaninport,Chaifahland,56381,Northern,2006-09-24,Male,Single,2023-04-07
CUST_37b5,PHRAKHU PALAD Prima Norramon,anonbunlupong@gmail.com,06-8310-5445,9135 Polpo Ridge Apt. 413,Supasitport,Chaihirankarnstad,33267,Northern,2008-08-19,Male,Other,2021-08-24
CUST_a7fe,Sarunporn Kongchayasukawut,jchaisatit@yahoo.com,06-5158-8094,1616 Chomsri Centers,Tunradeechester,Sittisaowapakbury,44434,Northern,2002-06-02,Male,Widowed,2023-07-16
CUST_fbb2,Darin Pichpandecha,ychoeychuen@gmail.com,09-4283-3357,907 Chaifah Ford,Pasukfurt,Sukhenaimouth,18590,Northeast,1995-05-12,Male,Divorced,2023-10-18
CUST_e89a,Phubes Pianduangsri,glosatapornpipit@gmail.com,08-4922-8788,651 Chanikan Branch,Thanatchaland,Pongpanitchhaven,03964,Northern,2000-09-01,Female,Other,2024-06-21
CUST_a855,Supasit Losatapornpipit,kittakunratchanon@yahoo.com,06-8139-8152,294 Phubes Trace,Lake Parinberg,Choeychuenmouth,07329,Central,1994-07-21,Male,Divorced,2023-07-13
CUST_e335,Todsawun Kitprapa,sittikornbunlupong@gmail.com,06-1021-5296,69708 Sittisaowapak Harbors Apt. 129,Kulnunchester,Phusilarungruengside,46385,Central,1981-09-07,Other,Other,2024-10-08
CUST_5d5b,Yada Methavorakul,tunradee01@hotmail.com,06-0461-8188,53979 Pachongruk Station,South Supasitaburgh,East Pintusorn,91266,Central,1996-11-28,Male,Single,2024-02-08
CUST_9a5c,Sittikorn Pikatsingkorn,pornchanok81@yahoo.com,09-6127-2007,3281 Pada Radial Apt. 391,New Jaruwanshire,North Chayaninton,80627,Northern,2000-04-01,Female,Divorced,2022-09-15
CUST_2898,Niracha Lertsattayanusak,sittisaowapakpatchaploy@gmail.com,06-4878-0500,07324 Anekvorakul Summit,Bunlupongbury,Kamalanonport,81696,Southern,2007-09-28,Female,Married,2026-04-28
CUST_3017,Sorawut Pongpanitch,isooksawang@hotmail.com,09-3716-1259,381 Trikasemmart Flats,East Parinmouth,South Chawin,50394,Central,1998-02-23,Other,Divorced,2024-09-16
CUST_c1d2,Thanatcha Lertsattayanusak,phubes56@hotmail.com,08-9015-4078,6835 Chanikan Fords,Lake Sitiwat,Pakjirastad,24714,Northeast,2008-01-26,Female,Single,2022-04-10
CUST_b518,Nutkrita Pikatsingkorn,suvakitmethavorakul@yahoo.com,08-3954-6494,69647 Kunaporn Throughway,South Jitrin,Yanisaburgh,69664,Central,2008-09-15,Male,Other,2026-04-09
CUST_638d,Sitiwat Kittakun,bpolpo@gmail.com,08-4251-2895,3621 Habpanom Park,Yadastad,Lake Pannawich,86687,Northern,1990-01-10,Female,Other,2025-12-13
CUST_7fda,Pattapon Sittisaowapak,sarunpornmethavorakul@hotmail.com,06-9714-8908,0030 Ratchanon Mall,Lake Pornchanokburgh,East Nattawun,15840,Northeast,1999-05-11,Female,Single,2023-11-01
CUST_0f86,Arisara Charoensuksopol,jitrin51@hotmail.com,09-5070-1438,03224 Tianvarich Causeway Apt. 993,Lake Sittikorn,Sittisaowapakshire,53263,Central,2001-08-27,Male,Divorced,2023-04-16
CUST_d40d,Jitrin Siripaiboo,kongchayasukawutnattawun@yahoo.com,06-4865-3711,3199 Wasunun Club,East Chanikanland,Kulnunview,63540,Northern,2002-11-21,Other,Single,2024-08-14
CUST_567e,Chanikan Todsapornpitakul,pornchanok45@hotmail.com,09-3056-4223,58008 Kumsoontorn Path,Port Suvakit,West Pannawichbury,61123,Southern,1999-04-05,Other,Other,2023-04-20
CUST_ed7a,REV Chayanin Pasuk,trikasemmartteetat@yahoo.com,08-7265-1346,13535 Pannawich Meadows,East Supasitland,Kulnunport,53292,Central,1997-06-28,Male,Married,2024-04-20
CUST_78d3,Chalisa Charoensuksopol,turongkinanonnutkrita@gmail.com,09-9756-9980,00997 Wimolnot Shoals,West Ratchanon,Port Pitipat,46152,Central,1999-01-03,Male,Widowed,2024-05-19
CUST_efb6,Phubes Pasuk,yanisa17@gmail.com,06-4013-2601,59235 Kamalanon Ridge,Nirachastad,Port Nutwadeeland,69974,Central,1987-04-21,Male,Single,2023-12-06
CUST_215a,Pada Todsapornpitakul,ysukhenai@gmail.com,09-5075-6469,14650 Suwijuk Wall Apt. 283,East Chayapatville,North Aunyapornton,27719,Central,1991-11-02,Male,Divorced,2021-08-07
CUST_e4b9,Tunradee Bunlupong,anekvorakulteetat@yahoo.com,08-9550-7770,627 Arisara Plain Apt. 895,Port Kodchaporn,Boonpungbarameetown,02994,Northern,1993-03-05,Male,Other,2024-03-18
CUST_cf06,Nutcha Prakalpawong,nichakarnkrittayanukoon@gmail.com,08-9807-4330,4089 Nattawun Shore Suite 507,Port Ratchanon,New Sittikornbury,61337,Central,2002-06-06,Male,Divorced,2026-05-03
CUST_e5e1,CAPT Chanya Boonpungbaramee,jitrin04@yahoo.com,09-4507-5664,79833 Norramon Isle Apt. 224,North Suvakit,Suwijukville,95750,Northern,2008-06-18,Other,Widowed,2026-05-09
CUST_cc4b,Chayanin Kittakun,yanisa83@gmail.com,08-3859-3874,6623 Wassaya Mews Suite 051,Sittisaowapakfurt,Lake Nutkritaview,30780,Central,2000-11-08,Male,Single,2024-02-07
CUST_9de8,Chaifah Choeychuen,jkamalanon@gmail.com,09-2632-8792,289 Teetat Harbor,Lake Prima,Port Parinfort,47483,Northern,1994-06-28,Male,Married,2024-09-10
CUST_28f1,Jinjuta Kitprapa,noppakaosukhenai@yahoo.com,08-4871-9121,70784 Suraprasert Club Apt. 750,South Chalisaside,Prachayarochport,38960,Central,1988-06-19,Female,Other,2025-07-26
CUST_2956,Suvakit Matinawin,peemtitipatrayunyong@hotmail.com,06-4079-7271,51885 Suwijuk Islands,East Pannawichfurt,Nutchaton,19955,Eastern,2008-03-04,Male,Married,2026-05-17
CUST_a2e3,Nutcha Suraprasert,jitrinsuraprasert@gmail.com,08-6501-2045,1115 Suvakit Stream Suite 703,North Todsawun,Port Arisara,26637,Northeast,2001-07-17,Male,Single,2021-09-10
CUST_0bea,Kodchaporn Thantananont,jaruwancharoensuksopol@hotmail.com,09-3610-8182,6790 Wasunun Stravenue,Sorattanachaichester,South Padatown,69549,Northeast,1993-02-23,Male,Single,2026-04-13
CUST_b6ff,Chanya Methavorakul,pattamon73@yahoo.com,09-6577-1584,5867 Jitrin Shore Suite 471,Lake Pawanport,Pichpandechahaven,60741,Northern,1984-02-11,Other,Widowed,2022-01-18
CUST_5467,Noppakao Pikatsingkorn,chayaninsorattanachai@hotmail.com,09-8993-9412,2474 Kamalanon Vista Apt. 620,North Sitiwatton,Methavorakulstad,87952,Central,1993-03-12,Male,Married,2023-08-12
CUST_8c8f,Sitiwat Bunlerngsri,suwijukchomsri@gmail.com,09-1090-5809,79757 Nattawun Drive Suite 550,Pasukton,Sujjaboriboonmouth,84153,Central,1987-08-08,Male,Single,2021-08-26
CUST_02a8,Suvakit Prachayaroch,kodchaporn10@yahoo.com,09-1091-9264,4360 Anon Coves Suite 921,Prakalpawongstad,Kamalanonview,51983,Central,1999-10-10,Female,Divorced,2023-05-19
CUST_c547,Jaruwan Kumsoontorn,posaleepachongruk@hotmail.com,09-0295-1523,1827 Chanikan Mission Apt. 596,North Chawinfurt,Pakjiraville,07827,Central,2003-03-22,Male,Single,2024-03-05
CUST_2c36,Supasita Sittisaowapak,nirachasiripaiboo@yahoo.com,06-4492-5315,949 Wasin Station,Sorattanachaiberg,Trikasemmartton,80144,Central,1987-07-21,Other,Other,2024-10-21
CUST_9ab1,Nutwadee Wimolnot,matinawinnichakarn@hotmail.com,06-0303-5823,9630 Phubes Manors,North Anonmouth,Youprasertland,63169,Northern,2008-09-06,Other,Widowed,2023-08-01
CUST_3681,Sorawut Neerachapong,noppakao53@yahoo.com,08-2711-9962,280 Pornchanok Avenue Suite 999,Pintusornfort,Lake Pawan,69356,Northeast,1997-11-02,Male,Married,2022-10-19
CUST_deb4,Chanikan Wasunun,todsawunkamalanon@gmail.com,09-7314-0639,6236 Pitipat Avenue Suite 823,Primaberg,East Prames,02490,Eastern,1991-10-16,Other,Other,2026-02-17
CUST_29ca,Kulnun Polauaypon,puntira42@yahoo.com,09-7889-5951,647 Patchaploy Ville Apt. 480,Prayoonhonghaven,West Nirachashire,49927,Central,2001-05-05,Male,Other,2025-11-11
CUST_d917,Yanisa Matinawin,mkumsoontorn@gmail.com,09-4461-1843,894 Tianvarich Port,North Pattatompornberg,North Chaiwutfurt,87499,Central,1981-12-09,Female,Married,2026-05-26
CUST_8569,Patcharaporn Trikasemmart,tianvarichphenphitcha@hotmail.com,06-6965-0967,9824 Phubes Rue Suite 744,North Parin,Darinfurt,86701,Northern,2008-02-11,Female,Divorced,2022-11-05
CUST_e9c8,Wassaya Sukhenai,chaifahlertsattayanusak@yahoo.com,08-5040-7448,90946 Kunaporn Curve,Peemport,Thantananontfort,06602,Southern,1984-03-18,Male,Other,2022-03-10
CUST_17d9,Chaifah Sireelert,nprachayaroch@gmail.com,08-9766-2682,4747 Tungkasethakul Glen Suite 996,East Nutkrita,North Chaifahchester,92317,Northeast,2005-08-23,Female,Single,2023-07-06
CUST_356d,Chaifah Matinawin,sorawuttianvarich@gmail.com,09-3554-4433,239 Krittayanukoon Spur Apt. 828,Port Niracha,North Patchaploy,09065,Eastern,2004-03-23,Other,Single,2024-12-22
CUST_d735,Pannawich Neerachapong,sireelertyada@yahoo.com,08-3165-7793,2557 Aunyaporn Isle Suite 014,Pintusornshire,Supasitabury,61655,Northern,1986-03-22,Other,Married,2024-07-15
CUST_0adc,Noppakao Chaihirankarn,sittikorntianvarich@gmail.com,08-0164-7179,740 Chalisa Freeway Apt. 980,New Chayanin,Kulnunchester,59734,Northern,2000-03-09,Male,Married,2023-11-20
CUST_2550,Peem Prachayaroch,ftitipatrayunyong@yahoo.com,08-3751-5591,13363 Atit Union,Kongchayasukawutfort,Bunlupongfurt,05208,Northeast,2002-04-20,Male,Single,2025-10-03
CUST_8363,Prima Wimolnot,chaisatitpitipat@hotmail.com,09-0385-7238,98935 Chayanin Pine,Pothanunmouth,Kamalanonland,51048,Central,1988-12-02,Other,Married,2025-11-27
CUST_ce9f,Puntira Wimolnot,fsireelert@yahoo.com,06-5717-6868,01096 Tunradee Point Suite 625,Choeychuenland,Pothanunfort,11887,Northern,2004-03-04,Female,Married,2024-02-18
CUST_aae2,POL LT GEN Kamolchanok Prayoonhong,patchaploy86@gmail.com,06-5908-4725,119 Boonpungbaramee Glen Suite 342,New Pattatompornborough,Port Nutkritafurt,48538,Southern,1997-03-03,Female,Divorced,2024-08-28
CUST_7d17,Jinjuta Norramon,intaumjinjuta@hotmail.com,09-1957-6108,98988 Darin Lane,Pannawichchester,Pattatompornberg,83369,Northeast,2004-06-12,Female,Widowed,2025-03-04
CUST_573b,POL SUB LT Arisara Permchart,bwasunun@yahoo.com,08-2628-0673,06249 Sorawut View,Tunradeeland,South Chayaninfort,91742,Eastern,1989-12-18,Female,Widowed,2024-07-01
CUST_db9c,Pintusorn Siripaiboo,sooksawangnattawun@hotmail.com,06-5426-7399,18795 Chalisa Via Suite 663,Methavorakulberg,Lake Parinhaven,73418,Western,2000-01-05,Other,Single,2026-02-17
CUST_81c3,CAPT Tunradee Todsapornpitakul,anon29@hotmail.com,06-5986-0672,4730 Noppakao Ports Apt. 980,Lake Puntira,South Patcharapornhaven,34700,Northern,1998-09-14,Male,Widowed,2023-05-20
CUST_62d3,MISS Wasin Todsapornpitakul,teetat49@yahoo.com,08-1761-8561,01984 Trikasemmart Walk Suite 997,West Sittikorn,Patcharapornton,56539,Central,2000-04-25,Male,Divorced,2024-12-20
CUST_1e44,CAPT Jaruwan Polpo,jinjutasooksawang@gmail.com,06-7602-5727,615 Pianduangsri Vista Apt. 272,Chanyatown,Sukhenaishire,59559,Central,1996-10-21,Male,Single,2026-02-10
CUST_761b,Yanisa Srisoontorn,phubes88@hotmail.com,09-0295-6479,65359 Kamolchanok Villages,North Kodchaporn,East Darin,63591,Southern,1992-08-16,Other,Married,2022-09-11
CUST_7dfb,Thanatcha Posalee,jkrittayanukoon@hotmail.com,09-2266-2825,8895 Sukhenai Walks,Chomsrichester,East Yadaport,35131,Central,2008-08-15,Male,Divorced,2022-07-28
CUST_6723,S M 1 Sorawut Benchapatranon,opitanuwat@gmail.com,09-6999-3575,181 Sujjaboriboon Fort Apt. 333,Wassayamouth,New Supasitaberg,09276,Central,1997-01-16,Female,Married,2023-08-20
CUST_64dc,Chaifah Prakalpawong,kamolchanoksuraprachit@hotmail.com,08-1213-9859,4992 Supasit Coves Suite 157,Kodchapornmouth,South Chanyaville,17377,Central,2003-01-10,Male,Married,2024-12-28
CUST_d829,Pattamon Anekvorakul,sukhenaitodsawun@yahoo.com,06-8615-4128,657 Trikasemmart Grove,Pakfurt,Pichpandechafurt,20128,Central,1997-07-15,Female,Divorced,2023-10-22
CUST_686c,Teetat Todsapornpitakul,kamalanonpattamon@gmail.com,06-6015-5206,199 Polauaypon Village,Polpohaven,New Kunapornview,35265,Southern,2005-12-26,Male,Widowed,2024-03-02
CUST_6352,Prames Methavorakul,pattatomporn49@gmail.com,06-9979-2211,688 Pintusorn Throughway Suite 746,Pichpandechamouth,Chaifahborough,32739,Southern,1995-09-18,Other,Other,2022-11-20
CUST_3ff6,Kunaporn Charoensuksopol,phusilarungruengnutwadee@hotmail.com,06-1769-6835,877 Chaifah Isle,Siripaibooborough,Pikatsingkornhaven,68790,Central,1997-04-19,Male,Single,2024-08-08
CUST_598e,SGT Patcharaporn Anekvorakul,phubessuraprachit@yahoo.com,09-2884-6991,140 Anekvorakul Avenue,Pawanfurt,Nattawunton,45135,Northern,1997-03-07,Female,Widowed,2024-05-15
CUST_34cc,Arisara Kamalanon,supasit96@gmail.com,08-4002-7790,0906 Pada Corner Suite 524,South Chawinhaven,South Kamolchanok,95066,Central,1985-09-16,Male,Widowed,2023-05-21
CUST_8272,Yanisa Kongsri,dpichpandecha@hotmail.com,06-1320-8650,7158 Kamalanon Squares,Jitrinshire,Sarunpornside,53370,Northern,1983-01-11,Male,Widowed,2022-06-03
CUST_052a,Tunchanok Methavorakul,nattawuncharoensuksopol@gmail.com,06-3205-4278,399 Phubes Centers,Lake Pachongrukland,Chayaninstad,87016,Central,1998-11-14,Female,Married,2023-08-11
CUST_9274,Phubes Phusilarungrueng,dsiripaiboo@hotmail.com,06-6781-2609,624 Supasita Locks,Lake Atittown,Pianduangsrimouth,05646,Northern,2001-06-14,Other,Married,2025-08-20
CUST_3864,Supasit Siripaiboo,tbenchapatranon@yahoo.com,08-9775-7661,6569 Chayapat Turnpike Apt. 663,East Chaiwut,Benchapatranonview,87955,Northern,1987-10-08,Other,Married,2024-10-01
CUST_2461,Chaiwut Wannapaitoonsri,parin99@gmail.com,06-9215-4296,192 Wasunun Estates,Nutkritafurt,West Patcharapornland,34290,Northern,2005-10-27,Other,Married,2022-08-09
CUST_d44f,Apisara Vethayasas,uintaum@yahoo.com,08-0317-1977,7595 Pattapon Rapid Apt. 891,New Sorawutville,Pichpandechashire,09643,Northern,2002-04-09,Other,Married,2024-07-16
CUST_a20b,Anon Pitanuwat,suraprasertkunaporn@hotmail.com,09-5354-4701,567 Sittisaowapak Union Apt. 150,Pakjiraland,North Nutchaberg,91399,Central,1984-01-13,Female,Other,2023-11-22
CUST_781f,SGT Sittikorn Pichpandecha,pattatomporn43@hotmail.com,09-3219-1945,1405 Intaum Club Suite 817,New Jaruwanland,East Pattaponborough,24031,Northern,2000-06-21,Female,Married,2021-04-05
CUST_b7d3,Pakjira Sujjaboriboon,gvinyuvanichkul@hotmail.com,09-9902-6072,23475 Pattamon Plain Apt. 016,Lake Puntiraburgh,Bunlerngsritown,63007,Northeast,1988-06-27,Male,Other,2022-04-23
CUST_4199,Noppakao Pasuk,achomsri@yahoo.com,06-8640-6317,13866 Arisara Villages Apt. 891,Port Yanisa,Tunradeehaven,51682,Central,1992-10-24,Other,Widowed,2021-11-10
CUST_f180,Kulnun Kumsoontorn,wassaya53@hotmail.com,08-2908-7394,115 Pintusorn Village,North Apisara,Titipatrayunyongfurt,25724,Northern,1984-11-06,Other,Married,2024-11-10
CUST_ec62,Pornchanok Chaihirankarn,pakjira55@yahoo.com,09-5439-1503,777 Pothanun Crest Apt. 713,Port Pannawichhaven,Arisaraburgh,79966,Central,1998-02-09,Other,Other,2026-04-14
CUST_d0fd,Suvakit Intaum,nutwadeesooksawang@gmail.com,09-4646-0003,708 Chanikan Motorway,Chawinville,Sujjaboriboonbury,62235,Central,2001-07-23,Male,Single,2022-06-20
CUST_f8f0,LT Peem Chaisatit,kitprapachaifah@yahoo.com,06-0658-3168,122 Habpanom Islands,Lake Teetatshire,South Ratchanonfurt,42273,Central,2008-02-08,Female,Other,2023-05-01
CUST_155e,CAPT Patchaploy Pianduangsri,prayoonhongpak@gmail.com,08-4034-8953,49364 Pasuk Street,South Chaifah,Youprasertville,03275,Eastern,1991-10-14,Male,Widowed,2023-10-10
CUST_8704,Kunaporn Benchapatranon,lboonpungbaramee@gmail.com,06-1614-5648,06787 Prakalpawong Green,East Supasit,West Todsawunmouth,89688,Northern,2001-01-14,Female,Widowed,2024-05-01
CUST_57c6,Sitiwat Tianvarich,prayoonhongpornchanok@gmail.com,06-6884-7433,10961 Boonpungbaramee Plain,Nutchashire,South Sarunpornton,76195,Central,2004-12-19,Female,Married,2025-06-17
CUST_66e2,Puntira Sooksawang,puntira35@hotmail.com,06-2305-1178,6493 Patchaploy Oval,West Pannawich,Pannawichborough,96269,Central,1999-05-12,Other,Divorced,2022-06-11
CUST_4b8c,Peem Vethayasas,tunchanok10@hotmail.com,06-9157-1232,85538 Krittayanukoon Lane Suite 771,Chalisaton,Thantananontville,79555,Central,2008-04-09,Other,Divorced,2024-06-27
CUST_9d92,Jinjuta Pongpanitch,suvakitprachayaroch@hotmail.com,06-4052-6724,4594 Sukhenai Lane Suite 285,Port Prima,Kongsriside,66206,Central,1989-01-10,Male,Widowed,2023-12-25
CUST_f940,Kodchaporn Chaihirankarn,patchaploy10@hotmail.com,08-9734-9466,500 Bunlerngsri Point,West Sarunporn,Pakjiratown,29921,Northern,1998-05-28,Other,Divorced,2023-02-15
CUST_569d,Nutcha Bunlerngsri,sooksawangpada@yahoo.com,09-3998-5265,81184 Peem Plains Suite 573,North Noppakao,Port Chalisa,24969,Northern,1986-05-17,Male,Widowed,2021-02-22
CUST_f3b7,Jinjuta Sooksawang,wkrittayanukoon@yahoo.com,08-3938-0340,2492 Peem Spring,West Anon,Patcharapornside,12555,Northern,1997-05-25,Male,Other,2021-04-10
CUST_7f80,Ratchanon Polpo,padakamalanon@yahoo.com,09-9556-0530,459 Pada Court,Chaiwutland,Lake Nattawunhaven,88339,Northern,1989-07-13,Other,Divorced,2026-01-13
CUST_5f6b,Aunyaporn Vethayasas,fprakalpawong@yahoo.com,06-8379-9349,6147 Wasunun Plains Apt. 964,South Chanikanton,Parinbury,01981,Eastern,2001-08-05,Female,Widowed,2023-09-23
CUST_5995,Nichakarn Wasunun,gpichpandecha@gmail.com,09-6658-0084,0389 Pattamon Inlet,Port Darinburgh,Suwijukland,27924,Northern,1992-05-13,Other,Divorced,2023-12-12
CUST_7e14,Anon Trikasemmart,apisarasukhenai@yahoo.com,06-0531-9767,3118 Prakalpawong Manor Apt. 692,Tunchanokburgh,Todsapornpitakulport,15567,Southern,1994-04-10,Other,Married,2026-01-12
CUST_122b,PO 2 Prames Suraprachit,sitiwattianvarich@gmail.com,08-1080-8574,7876 Prakalpawong Burgs Suite 656,Lake Chaifahfort,Pothanunfort,32626,Central,2001-03-19,Female,Married,2024-01-26
CUST_a69c,Sitiwat Kittakun,noppakaoprachayaroch@gmail.com,09-3040-7435,00704 Kitprapa Street Apt. 806,East Pannawich,Atitville,18979,Eastern,1991-09-04,Other,Widowed,2023-11-14
CUST_989c,Pak Kitprapa,chanya04@yahoo.com,09-4724-6562,6886 Prayoonhong Fords Suite 569,New Darinshire,West Puntira,78019,Central,2000-01-20,Female,Other,2023-10-26
CUST_bbcf,Sittikorn Norramon,pakjirabunlerngsri@gmail.com,06-2989-6952,60485 Sitiwat Knoll Apt. 901,West Yada,Port Suwijuk,57806,Northern,1995-11-13,Female,Single,2025-06-11
CUST_bc51,LT JG Chalisa Kamalanon,todsapornpitakulaunyaporn@hotmail.com,08-0425-6316,044 Patcharaporn Forks Suite 822,West Nirachamouth,North Kulnun,49122,Central,1994-11-22,Male,Married,2021-08-09
CUST_5a8e,Aunyaporn Norramon,bunlerngsriprima@hotmail.com,08-9401-1824,151 Siripaiboo Orchard,New Kunaporn,Polauaypontown,97575,Central,2005-12-04,Other,Widowed,2025-02-07
CUST_6a6b,Pornchanok Lertsattayanusak,methavorakulpattapon@gmail.com,08-4447-4748,124 Pattamon Dam,Anekvorakulberg,Vethayasasborough,72399,Central,2005-09-22,Female,Divorced,2022-06-16
CUST_14d1,FS 2 Pak Prakalpawong,nattawun70@gmail.com,08-3272-7729,3725 Nichakarn Passage,Suraprachitburgh,Phubeston,79748,Northeast,1988-03-22,Other,Widowed,2023-02-05
CUST_cac2,LT COL Pannawich Pothanun,parin00@yahoo.com,06-0254-9078,2011 Patchaploy Meadow,Norramonburgh,East Chanikanmouth,52606,Northeast,2007-06-03,Male,Widowed,2026-04-08
CUST_964f,GEN Nutcha Pitanuwat,chaisatitkulnun@hotmail.com,06-8263-6201,753 Pada Coves,New Pattatomporn,Port Sittikorn,13319,Northeast,1982-02-26,Female,Married,2023-03-04
CUST_6857,Sitiwat Kongsri,plosatapornpipit@hotmail.com,06-0629-8819,4942 Vinyuvanichkul Lodge Apt. 010,West Pornchanok,Chanikanburgh,85508,Central,1985-10-21,Male,Single,2024-04-14
CUST_5c63,Jitrin Kamalanon,kunapornvethayasas@yahoo.com,08-9690-7306,662 Teetat Parks,Phusilarungruengside,Boonpungbarameebury,62551,Central,1994-02-21,Other,Other,2021-03-21
CUST_e42d,CPL Phenphitcha Vethayasas,paksorattanachai@yahoo.com,08-1280-8072,213 Tianvarich Wells,North Aunyaporn,Port Jitrin,13911,Northeast,2006-12-01,Male,Divorced,2021-06-16
CUST_2f29,Teetat Kamalanon,peem09@gmail.com,06-7617-3027,12272 Nattawun Glen Suite 900,North Puntirahaven,North Pattapon,71938,Central,1985-04-05,Male,Single,2026-03-16
CUST_ac03,Puntira Pongpanitch,yanisachowitunkit@yahoo.com,09-2209-4111,9089 Sukhenai Ports Suite 133,Prachayarochborough,Chanyaland,44777,Northern,1983-09-02,Other,Divorced,2023-07-04
CUST_65fc,FS 3 Yada Sittisaowapak,norramonpakjira@yahoo.com,08-6017-7748,650 Chalisa Summit,Pornchanokshire,Lake Teetat,35707,Northern,2008-01-25,Female,Widowed,2026-05-04
CUST_d428,Supasita Lertsattayanusak,pothanunchanikan@hotmail.com,06-3525-3264,560 Ratchanon Loop Apt. 157,New Sarunporn,Jitrinside,99461,Central,1997-10-26,Female,Other,2023-05-10
CUST_a479,Pattatomporn Kittakun,atitmethavorakul@hotmail.com,09-7504-2501,5746 Puntira Centers Apt. 025,Kunapornville,Pakshire,77201,Eastern,1999-05-03,Other,Single,2024-04-27
CUST_a2b2,Pannawich Kamalanon,rpikatsingkorn@gmail.com,06-8245-1729,02966 Sujjaboriboon Summit Apt. 748,New Wassaya,Jaruwanview,53174,Northern,1992-10-26,Other,Single,2024-10-11
CUST_4c0c,Jinjuta Trikasemmart,apisara45@hotmail.com,09-5436-7234,06400 Chaisatit Mill Apt. 583,Port Chanyaburgh,Polpostad,17205,Northern,1987-03-19,Other,Other,2025-01-18
CUST_6d92,Sarunporn Prachayaroch,vinyuvanichkulsuvakit@hotmail.com,08-4552-9081,24075 Chanya Inlet Suite 803,West Chaiwutchester,North Patcharapornland,04496,Southern,1989-05-12,Female,Divorced,2026-04-08
CUST_5b18,Pattatomporn Chaisatit,nutchasiripaiboo@hotmail.com,09-1509-4728,8372 Lertsattayanusak Ridge Apt. 023,Jitrinport,Lake Anonmouth,91259,Central,1990-11-20,Male,Single,2023-10-15
CUST_73ef,Nattawun Prakalpawong,pasukkodchaporn@hotmail.com,06-1721-5905,7473 Matinawin Turnpike,Sarunpornstad,Arisarachester,39423,Southern,1990-06-22,Male,Single,2022-10-21
CUST_9a1f,Apisara Thantananont,jitrinprakalpawong@yahoo.com,09-0141-2464,942 Chaisatit Road,New Parinmouth,New Todsawunburgh,77998,Southern,1981-06-16,Other,Other,2025-07-21
CUST_a829,FS 3 Chalisa Anekvorakul,boonpungbarameechayanin@hotmail.com,09-2455-3531,9760 Permchart Flats Suite 530,Pannawichhaven,New Patcharapornbury,79180,Eastern,1989-02-09,Female,Divorced,2024-01-20
CUST_84f4,Ratchanon Chomsri,chaiwut96@gmail.com,09-7161-2560,70391 Titipatrayunyong Keys,West Padafurt,North Jinjuta,17320,Central,2005-07-11,Male,Other,2024-10-03
CUST_3e5e,Phenphitcha Charoensuksopol,phusilarungruengchalisa@hotmail.com,09-1785-6952,35800 Wasin Springs Suite 979,East Parin,Thantananontside,60943,Central,2002-07-17,Other,Single,2024-01-01
CUST_99a0,POL SGT MAJ Apisara Todsapornpitakul,lposalee@hotmail.com,08-2528-4252,1342 Puntira Gardens,Port Nichakarnbury,North Yadaburgh,23832,Eastern,1997-01-28,Female,Other,2022-09-10
CUST_19b2,Pintusorn Norramon,habpanomphenphitcha@hotmail.com,06-3252-7222,7684 Prachayaroch Circle,Prayoonhongtown,Chayaninbury,81765,Western,2003-02-05,Female,Divorced,2026-04-10
CUST_cf0b,Nutkrita Todsapornpitakul,nattawun20@hotmail.com,06-1756-4032,1448 Niracha Via,South Phubesstad,Lake Phubes,65926,Northern,1993-03-09,Other,Widowed,2024-06-07
CUST_c6f2,Pachongruk Youprasert,pattapontodsapornpitakul@hotmail.com,09-4616-9690,07545 Pannawich Mountain Suite 120,West Pakside,Tungkasethakulfurt,59662,Central,1994-09-24,Male,Divorced,2022-08-09
CUST_952b,Sorawut Bunlerngsri,ychomsri@yahoo.com,06-5611-5584,6006 Matinawin Hills Suite 090,Chayapatburgh,Pasukview,55438,Central,1994-12-10,Other,Married,2021-01-03
CUST_9f92,Nutcha Sooksawang,fsukhenai@gmail.com,06-4176-1440,7537 Srisoontorn Shore,Boonpungbarameemouth,Lake Ratchanonbury,39132,Southern,2008-08-27,Male,Other,2026-02-14
CUST_e6d6,Phubes Norramon,prakalpawongjitrin@hotmail.com,08-6273-3608,86122 Atit Center Suite 743,Pothanunview,Kodchapornview,17306,Central,2005-06-05,Male,Single,2023-07-23
CUST_d265,Pattamon Kitprapa,lmatinawin@yahoo.com,06-7098-2651,89404 Boonpungbaramee Lake Suite 574,Sittikornville,North Wasin,81583,Central,1990-07-09,Female,Divorced,2025-01-19
CUST_1435,POL CAPT Chawin Benchapatranon,polauayponpattapon@yahoo.com,08-4895-6714,465 Pattatomporn Green,Pichpandechaville,New Patcharapornborough,42584,Central,1996-06-15,Other,Single,2022-11-24
CUST_6f68,Chanikan Trikasemmart,pannawichchaisatit@hotmail.com,08-4815-9254,3695 Ratchanon Ways Suite 561,Lake Puntiramouth,Pachongrukport,94128,Northeast,2007-03-17,Male,Divorced,2025-12-27
CUST_ddd5,Arisara Phusilarungrueng,tvethayasas@gmail.com,06-9802-0966,576 Pakjira Meadows,West Pakjirastad,Lake Kunapornview,60667,Northern,1998-06-05,Male,Divorced,2025-10-20
CUST_2a39,WG CDR Prames Kongchayasukawut,krittayanukoonwasin@hotmail.com,09-7396-9152,71983 Anekvorakul Rapid,Lake Patchaployview,New Suvakit,70879,Central,1996-07-05,Other,Single,2025-10-14
CUST_199c,Suvakit Neerachapong,teetat78@yahoo.com,06-2287-7468,94992 Kodchaporn Circle Suite 266,Lake Parinton,Port Primaside,62201,Northern,1990-05-26,Male,Other,2023-10-01
CUST_2336,Kunaporn Pasuk,chayanin93@yahoo.com,06-4187-5805,92412 Tungkasethakul Gardens,West Thanatchamouth,North Parinville,41392,Western,1998-05-07,Male,Divorced,2026-05-24
CUST_debd,Kodchaporn Srisoontorn,turongkinanonnattawun@yahoo.com,08-0375-5793,505 Suwijuk River,New Chayapat,Pintusornberg,88975,Northern,2003-01-11,Female,Married,2023-04-23
CUST_53fc,Pattamon Neerachapong,tunchanok05@gmail.com,09-1319-2202,5901 Pianduangsri Fall Apt. 380,Port Peem,Port Kunapornfort,55299,Northern,1997-08-15,Male,Single,2025-01-03
CUST_f571,Pada Sireelert,pachongruk94@yahoo.com,08-1161-9970,350 Chawin Corners Apt. 943,Jinjutafurt,East Todsawun,29971,Central,1993-05-27,Other,Widowed,2023-04-24
CUST_7117,Chalisa Titipatrayunyong,pannawichtianvarich@hotmail.com,09-2391-5285,96459 Sitiwat Mission Suite 655,South Kamolchanok,South Yadaborough,65139,Central,1989-01-07,Female,Other,2024-08-14
CUST_dd2b,Kodchaporn Suraprasert,nmethavorakul@hotmail.com,08-0783-9903,08347 Yada Land Apt. 363,Chayaninborough,Nichakarnfort,53216,Western,1991-07-15,Female,Divorced,2026-04-02
CUST_7493,Peem Tianvarich,thanatcha32@hotmail.com,06-7408-1440,4688 Peem Fort,Lake Tunradee,Patchaployburgh,99804,Central,1994-05-16,Other,Divorced,2023-07-26
CUST_db64,Kodchaporn Srisoontorn,dthantananont@yahoo.com,09-8891-6939,3033 Prachayaroch Mountains,Lake Chalisa,Pasuktown,66619,Northern,1991-03-22,Female,Widowed,2023-06-21
CUST_a93d,Pattapon Thantananont,vpolpo@hotmail.com,08-2435-8963,886 Sittisaowapak Inlet Apt. 054,Apisaraside,Bunlupongfort,26035,Central,1992-01-19,Male,Single,2023-04-24
CUST_55ab,Pornchanok Charoensuksopol,padapolauaypon@hotmail.com,06-8517-3601,1349 Chanikan Pass Apt. 660,Bunluponghaven,Methavorakulburgh,77961,Central,1995-10-15,Female,Divorced,2024-06-03
CUST_6189,Puntira Pichpandecha,kitprapapattamon@gmail.com,09-7246-0846,315 Sitiwat Rest,Choeychuenburgh,Patchaployland,11756,Central,2008-02-18,Other,Widowed,2025-07-23
CUST_df92,Nichakarn Losatapornpipit,pitanuwatchayanin@hotmail.com,08-6589-2267,04782 Yanisa Field,Nattawunport,New Pannawich,20443,Northern,1993-07-27,Female,Single,2021-06-08
CUST_b43a,Jinjuta Pianduangsri,sireelertapisara@yahoo.com,06-4479-1029,96566 Boonpungbaramee Extensions Suite 564,New Prames,Pakmouth,42692,Central,1990-09-14,Female,Divorced,2024-02-07
CUST_9a49,Phenphitcha Thantananont,vethayasaspatcharaporn@gmail.com,08-5847-5649,21547 Pakjira Hills,Jaruwanmouth,Lake Phubesview,33260,Northeast,1996-09-13,Other,Single,2026-03-04
CUST_fa1a,Suvakit Benchapatranon,lpolauaypon@hotmail.com,09-0380-1041,99835 Tianvarich Cove Suite 913,Arisaraville,East Anon,47144,Northern,2000-12-07,Female,Married,2024-06-21
CUST_ea2f,Puntira Sukhenai,rkumsoontorn@yahoo.com,06-6668-5774,60303 Pasuk Loaf Apt. 227,Nutkritafort,South Pachongruk,78798,Central,1996-03-05,Other,Married,2021-12-15
CUST_96f4,LT Todsawun Phusilarungrueng,sittikorn57@yahoo.com,09-5389-0749,2174 Kamalanon Union,North Patchaploy,New Supasit,51732,Northern,1997-04-06,Female,Married,2023-04-11
CUST_e036,Nutcha Chaihirankarn,anonmatinawin@gmail.com,09-0084-6256,654 Noppakao Village,Lake Phenphitchamouth,Supasitstad,89619,Central,2005-02-14,Male,Other,2022-04-08
CUST_6fb4,Chaifah Vethayasas,anon08@gmail.com,06-9317-3230,932 Sorattanachai Vista Apt. 637,New Peem,Wasununstad,78794,Central,1991-09-13,Male,Divorced,2021-09-11
CUST_1d1e,Pada Pothanun,pikatsingkornyanisa@gmail.com,09-5264-6012,4887 Pasuk Street Apt. 525,West Chawin,Ratchanonberg,91196,Northeast,2001-04-06,Female,Divorced,2023-10-03
CUST_7ebc,Puntira Methavorakul,todsapornpitakulpada@gmail.com,06-0332-1703,3548 Wannapaitoonsri Parkway Apt. 644,Parinville,East Ratchanonport,91201,Northern,2004-03-02,Other,Single,2024-05-03
CUST_f6b4,Pachongruk Bunlupong,chayanin07@hotmail.com,08-8271-6750,0079 Habpanom Manors,Trikasemmarthaven,Sukhenaimouth,06142,Central,1995-02-24,Male,Divorced,2024-06-04
CUST_c974,Todsawun Sireelert,sooksawangpeem@gmail.com,08-3858-1387,671 Pianduangsri Spurs Suite 039,Chomsritown,East Chayapat,71302,Central,2001-02-16,Male,Widowed,2024-11-13
CUST_ba94,Sitiwat Pikatsingkorn,asireelert@yahoo.com,09-9599-3611,8891 Sarunporn Forges,Lake Tunchanokton,Pattamonview,38562,Northern,2004-08-22,Female,Divorced,2025-07-21
CUST_e2a7,Patcharaporn Turongkinanon,pattatomporn78@yahoo.com,06-9848-2509,30842 Arisara Island Suite 152,East Aunyaporn,Tianvarichshire,91507,Northeast,2001-06-05,Other,Widowed,2023-02-01
CUST_1e43,Chayapat Chaisatit,atit41@gmail.com,09-7659-0222,2621 Kitprapa Walk,North Nattawunberg,South Wassayastad,06519,Northern,2002-12-12,Other,Married,2022-10-05
CUST_c81e,POL CONST Wasin Anekvorakul,patchaploysrisoontorn@gmail.com,08-9745-9788,5502 Pikatsingkorn Fields Apt. 028,New Jinjuta,Chowitunkitchester,01475,Central,1994-11-10,Other,Married,2024-07-04
CUST_0c3b,Prames Pichpandecha,pitanuwatnutkrita@hotmail.com,08-0205-3213,6119 Pattamon Club,South Kamolchanok,South Phenphitcha,07879,Western,1994-01-24,Female,Other,2026-02-07
CUST_b88d,Nutcha Pongpanitch,csujjaboriboon@yahoo.com,06-5952-7713,57967 Prima Lights Apt. 235,North Patchaploy,Tunradeehaven,95489,Central,1993-10-17,Male,Widowed,2023-06-28
CUST_2ff5,Patchaploy Pasuk,psuraprasert@gmail.com,09-5949-3073,189 Arisara Pike,East Teetat,Kodchapornview,22153,Western,2005-06-28,Other,Married,2023-09-13
CUST_044c,Pawan Tungkasethakul,wassayakamalanon@hotmail.com,09-4567-9675,62199 Nattawun Alley,Lake Pintusornstad,Chanyabury,64500,Northeast,1991-07-16,Male,Married,2025-10-21
CUST_6c68,Tunchanok Prachayaroch,pitipat88@gmail.com,06-1699-1472,020 Methavorakul Ranch,East Sorawut,West Pitipatside,35090,Central,1995-12-19,Female,Single,2023-02-25
CUST_7d36,Chaiwut Srisoontorn,kunaporn65@hotmail.com,09-8285-8769,9312 Aunyaporn Parkway,Pichpandechaville,Chaihirankarnville,23757,Northeast,1988-08-02,Male,Other,2026-02-20
CUST_791e,Prima Youprasert,chaihirankarnpak@gmail.com,08-5241-1035,375 Kongchayasukawut Parkway Apt. 656,Puntiraside,Kamolchanokbury,65774,Central,2004-09-02,Male,Married,2025-05-25
CUST_dd64,Parin Sooksawang,kitprapasittikorn@hotmail.com,09-9056-7986,306 Prima Plain,North Phenphitchaburgh,Port Darin,15735,Northern,1993-09-11,Male,Married,2026-04-23
CUST_4b3d,Chayapat Anekvorakul,pada00@hotmail.com,09-4053-3077,31010 Sukhenai Pine,North Sitiwatbury,Turongkinanonside,70236,Northeast,1988-04-24,Other,Divorced,2023-05-21
CUST_139c,Kulnun Pasuk,akrittayanukoon@gmail.com,08-6741-2733,7075 Pawan Tunnel,Kongchayasukawutstad,South Parin,74825,Northern,1997-09-02,Other,Married,2024-02-06
CUST_b52f,Prames Sireelert,vbunlerngsri@gmail.com,06-4726-3031,095 Darin Corners Suite 322,East Tunchanok,Jinjutaview,88475,Northeast,1994-11-25,Female,Single,2023-06-14
CUST_4fe9,Thanatcha Thantananont,hkamalanon@gmail.com,06-4919-3066,55372 Prima Track Suite 339,Boonpungbarameeview,East Supasitshire,62777,Central,1989-09-03,Other,Widowed,2022-12-07
CUST_2f8f,Chawin Boonpungbaramee,kitprapaatit@gmail.com,08-0245-4582,690 Chaifah Plain,Kamalanonbury,Chaihirankarnchester,57963,Northern,1999-11-17,Other,Widowed,2023-01-04
CUST_7d30,Sorawut Boonpungbaramee,chawinkongchayasukawut@gmail.com,06-2101-6325,47366 Pakjira Harbor,Lake Thanatchaton,Lake Chanyafurt,56931,Northern,1996-04-03,Male,Divorced,2022-01-27
CUST_60ab,Kodchaporn Polpo,kamalanonpakjira@gmail.com,06-9983-6212,604 Kulnun Ways,North Atit,North Primaside,49604,Northeast,1993-02-10,Male,Single,2024-05-02
CUST_215d,Thanatcha Losatapornpipit,pongpanitchprames@yahoo.com,09-0112-7959,786 Phubes Drives Suite 974,Puntirafurt,West Sarunpornville,14873,Western,1996-01-05,Female,Married,2021-06-21
CUST_6493,Suvakit Kamalanon,kulnunsuraprachit@yahoo.com,08-3680-1263,3217 Intaum Points,New Padafort,Sittikornfort,78244,Northeast,1999-09-20,Other,Single,2025-04-27
CUST_ebc3,Tunradee Methavorakul,paklertsattayanusak@yahoo.com,09-1077-4458,08832 Choeychuen Station Apt. 051,Sorattanachaifort,Nirachamouth,69060,Central,2004-02-27,Female,Married,2025-08-11
CUST_ad46,S M 1 Sarunporn Sooksawang,xtianvarich@yahoo.com,08-9380-2902,88637 Chanya Village,Lake Pattamonberg,South Jinjutaville,22702,Northern,2004-10-21,Other,Divorced,2023-10-13
CUST_523c,Supasit Polpo,phubeschowitunkit@gmail.com,08-9827-4557,0709 Bunlerngsri Mission,Sittikornton,Neerachapongburgh,10269,Central,2001-10-08,Male,Divorced,2025-12-21
CUST_c32a,Nichakarn Choeychuen,uanekvorakul@yahoo.com,09-9361-9397,5063 Prachayaroch Canyon,West Pattatompornland,South Pattamon,02961,Central,2004-10-19,Female,Married,2025-02-26
CUST_520a,Parin Methavorakul,supasitasooksawang@hotmail.com,08-7215-9733,8341 Atit Burg Apt. 580,Choeychuenhaven,New Sitiwatfort,56840,Northern,1995-06-18,Male,Divorced,2025-01-09
CUST_f709,Pornchanok Pianduangsri,nattawun81@gmail.com,06-9748-3341,4857 Trikasemmart Station Suite 954,Kodchapornport,Lertsattayanusaktown,70012,Central,1992-12-27,Male,Divorced,2023-06-15
CUST_b24c,Pattapon Choeychuen,niracha36@yahoo.com,09-1004-4219,66029 Kitprapa Shores,Srisoontornshire,Sooksawangborough,64972,Eastern,2007-10-27,Male,Married,2023-06-17
CUST_30ec,Apisara Sukhenai,chaifahintaum@yahoo.com,09-3242-0695,545 Nutwadee Camp Suite 311,New Pattatompornside,Lake Peem,31136,Central,2005-02-17,Male,Other,2026-01-27
CUST_177f,Pak Choeychuen,apisara31@yahoo.com,08-2509-5613,22275 Chayanin Stravenue,Anekvorakulside,Teetatbury,29321,Northern,2000-01-07,Female,Single,2023-05-05
CUST_68a5,Anon Trikasemmart,bunlupongatit@hotmail.com,08-5468-9050,3037 Puntira Tunnel,Jinjutafort,Methavorakultown,38499,Northeast,1997-01-14,Other,Widowed,2023-09-22
CUST_3330,Phenphitcha Polauaypon,siripaiboochayapat@yahoo.com,06-2169-0282,2139 Chawin Mill,New Wasin,Sukhenaishire,76619,Northern,2008-12-17,Female,Widowed,2024-01-20
CUST_7642,Sittikorn Wasunun,spasuk@gmail.com,09-6022-1429,01529 Anekvorakul Track,Methavorakulborough,Lake Anon,57384,Central,1995-10-28,Other,Married,2023-01-09
CUST_9fbe,Pawan Permchart,xkitprapa@gmail.com,06-9694-4510,14680 Intaum Mountains,Pitipatville,Kunapornshire,13206,Central,2008-11-02,Other,Other,2024-07-11
CUST_53cd,Nutcha Chomsri,posaleekamolchanok@yahoo.com,06-4840-3397,4834 Tianvarich Loop,Kongchayasukawuttown,Polauayponchester,23652,Western,2004-10-18,Female,Single,2023-06-02
CUST_8b19,Pannawich Kamalanon,whabpanom@yahoo.com,08-6110-7495,483 Kamolchanok Track Apt. 997,South Supasit,North Sittikornshire,88101,Eastern,2008-10-15,Other,Other,2022-11-18
CUST_4d91,Parin Prachayaroch,sireelertpatchaploy@gmail.com,08-7881-8226,96545 Posalee Flat,New Supasita,Jinjutafort,26220,Central,2001-12-15,Female,Single,2025-10-05
CUST_bdba,Wasin Suraprachit,pintusornwimolnot@yahoo.com,06-6076-3895,403 Peem Points,Port Supasitview,Port Sarunporn,62973,Northern,2007-03-15,Other,Married,2021-08-28
CUST_4651,Kamolchanok Kongsri,xvinyuvanichkul@yahoo.com,06-9269-3325,30091 Pattatomporn Flats,New Kulnunport,Methavorakulport,43487,Northeast,1999-10-04,Other,Married,2024-04-07
CUST_2a90,Prima Srisoontorn,zbenchapatranon@gmail.com,06-0899-8231,03072 Kamalanon Ports,Chanyamouth,New Pannawich,17615,Southern,2001-09-26,Female,Married,2025-04-02
CUST_e306,Ratchanon Pianduangsri,phubespongpanitch@hotmail.com,09-7955-3791,9802 Suwijuk Via Suite 162,Port Pattatompornfurt,East Darinport,71488,Northern,2001-10-26,Other,Other,2024-10-04
CUST_086c,Thanatcha Sorattanachai,atit79@gmail.com,06-8141-0939,439 Turongkinanon Mountain Suite 695,Primaville,Lake Pintusorn,51687,Southern,1991-03-03,Female,Single,2023-10-18
CUST_206a,Pawan Siripaiboo,sittikorn01@gmail.com,09-7450-9661,46649 Chaifah Square,Matinawintown,Port Arisaramouth,42845,Northern,1989-01-11,Female,Widowed,2021-04-06
CUST_56c8,Teetat Methavorakul,kulnun26@yahoo.com,06-2714-0500,174 Chaiwut Plaza,Suraprachitton,South Tunradee,96660,Northern,1990-04-27,Male,Married,2024-04-13
CUST_9a21,PHRA ATHIKAN Phenphitcha Chomsri,gpitanuwat@gmail.com,08-9792-3297,22556 Anekvorakul Port,Patcharapornmouth,Lake Nichakarn,98778,Central,2008-11-15,Male,Divorced,2023-10-11
CUST_82e3,CDR Todsawun Bunlerngsri,permchartdarin@yahoo.com,06-8910-2561,924 Arisara Burg Suite 702,West Darinville,Lake Arisaraborough,66868,Northern,1994-08-16,Other,Widowed,2023-07-26
CUST_c7f7,Peem Kitprapa,anekvorakulwasin@yahoo.com,06-1853-2564,229 Chayapat Lodge Apt. 957,Lake Chaifahfort,East Teetat,40562,Northeast,1984-05-09,Female,Single,2026-02-28
CUST_2696,Pattapon Kitprapa,pornchanok83@gmail.com,08-0289-7196,3156 Lertsattayanusak Curve,Tunradeeborough,Sukhenaistad,49017,Northern,2001-11-21,Female,Widowed,2025-12-24
CUST_da0c,Pawan Choeychuen,phubes36@gmail.com,09-4573-4835,17693 Sittikorn Centers,West Tunradeefort,Port Pattatomporntown,86963,Central,1981-10-28,Female,Other,2023-03-06
CUST_a7ae,Nattawun Prachayaroch,wannapaitoonsripintusorn@gmail.com,09-7183-9053,419 Ratchanon Turnpike,Sukhenaishire,South Darin,01821,Northern,1990-02-17,Male,Other,2024-09-17
CUST_129a,Suwijuk Pongpanitch,jboonpungbaramee@hotmail.com,09-7592-6916,85697 Polauaypon Skyway Suite 824,Port Jinjuta,Polauayponmouth,62259,Central,1995-07-27,Other,Married,2026-02-01
CUST_6951,Pattatomporn Prakalpawong,pthantananont@hotmail.com,06-5879-4946,7650 Jitrin Mill,Vinyuvanichkulfort,Anonville,56614,Northeast,2003-10-11,Other,Divorced,2025-04-21
CUST_fed4,Niracha Pianduangsri,sukhenainattawun@yahoo.com,09-5922-3626,49724 Kumsoontorn Summit Suite 983,West Nirachaton,Lake Pattamonborough,11013,Northern,1994-05-22,Female,Widowed,2024-03-17
CUST_0467,Nattawun Prachayaroch,hpolauaypon@yahoo.com,08-0926-8172,656 Sittikorn Shoals Suite 372,Chalisastad,North Nutchabury,56238,Northern,1994-03-01,Male,Single,2023-07-23
CUST_6427,Sitiwat Sorattanachai,kamolchanoksrisoontorn@gmail.com,06-3845-6270,143 Jinjuta Crossing Apt. 186,Port Suwijuk,Lake Pawanside,91299,Eastern,1994-04-11,Other,Widowed,2024-08-26
CUST_63a4,Parin Methavorakul,kitprapasupasita@gmail.com,08-2615-3252,7856 Bunlerngsri Ports Suite 701,West Sorawut,Siripaibooton,95488,Central,2005-08-18,Male,Single,2022-01-27
CUST_6e86,Ratchanon Prachayaroch,supasit91@yahoo.com,06-5892-2834,362 Chawin Vista Apt. 695,Chayaninmouth,Port Wasin,23001,Eastern,2004-11-17,Male,Widowed,2021-04-27
CUST_5e42,Prima Anekvorakul,suvakitkongchayasukawut@hotmail.com,08-0907-6982,24791 Supasit Valleys,Charoensuksopolfurt,Titipatrayunyongview,25468,Northern,2002-03-25,Male,Other,2024-12-14
CUST_9547,POL CPL Pada Vinyuvanichkul,pakpermchart@hotmail.com,06-7504-4311,40904 Siripaiboo Manor,West Patchaploy,Chaihirankarnside,79999,Southern,2001-04-11,Male,Single,2022-11-07
CUST_93a2,Supasita Chaihirankarn,turongkinanonaunyaporn@yahoo.com,08-9649-3772,119 Todsawun Manor,Pakjiramouth,North Pawanland,19820,Central,1989-08-04,Male,Widowed,2025-12-17
CUST_1e75,FS 3 Pattatomporn Tungkasethakul,kitprapasupasita@hotmail.com,09-4909-6085,8433 Tianvarich Turnpike Apt. 389,South Wassayaborough,Phubesborough,91882,Northeast,1996-06-10,Male,Widowed,2022-08-10
CUST_1821,Chawin Kamalanon,wannapaitoonsripada@gmail.com,09-9404-4749,77675 Wasunun Land,West Chaiwut,Lake Nutchafurt,07997,Central,1992-04-24,Female,Single,2024-02-25
CUST_c109,Todsawun Matinawin,emethavorakul@gmail.com,09-6750-0791,6718 Prima Port,Chaisatitland,North Phenphitcha,58788,Northern,2001-07-03,Female,Widowed,2023-03-20
CUST_6836,Pitipat Kitprapa,vethayasasnichakarn@gmail.com,09-7815-6682,26192 Teetat Crossing Apt. 226,Pattaponchester,Kodchapornhaven,80003,Northeast,1993-04-06,Female,Other,2025-11-01
CUST_66c9,Jaruwan Pianduangsri,boonpungbarameechanya@gmail.com,08-6603-2152,1444 Aunyaporn Burgs,New Wassayaville,Lake Pachongruk,04820,Northern,2007-06-21,Male,Widowed,2023-08-14
CUST_0ac4,Chaiwut Vinyuvanichkul,tungkasethakultunradee@gmail.com,09-9776-3073,85816 Pitipat Heights,Lake Prames,Lake Primashire,44762,Northeast,1989-07-14,Male,Widowed,2024-04-08
CUST_3297,Yanisa Wannapaitoonsri,chomsriparin@hotmail.com,09-9388-9659,3650 Krittayanukoon Glen,Lake Yanisa,New Pattapon,02118,Northeast,2000-09-28,Other,Single,2022-01-04
CUST_4812,Pattamon Krittayanukoon,apisaraposalee@hotmail.com,08-4021-3329,5990 Vethayasas Island Apt. 126,West Pitipat,West Arisaraburgh,08148,Northeast,1993-09-11,Other,Married,2023-01-05
CUST_46db,FS 2 Phenphitcha Kamalanon,posaleephubes@yahoo.com,09-6208-5801,63392 Kodchaporn Oval Apt. 003,Sireelertborough,Pawanside,35891,Western,1997-01-13,Other,Other,2021-01-08
CUST_3988,Chayanin Pitanuwat,uprayoonhong@hotmail.com,09-2329-1099,761 Pasuk Parkway,North Chanikanburgh,West Pachongruk,98687,Eastern,1982-03-05,Female,Single,2023-03-03
CUST_9789,Arisara Prayoonhong,qprachayaroch@gmail.com,06-3834-5558,2620 Pongpanitch Radial,Port Noppakaoshire,Wannapaitoonsriview,12494,Central,2008-11-14,Other,Other,2025-09-28
CUST_2ade,Pintusorn Losatapornpipit,csooksawang@yahoo.com,08-0113-5669,6570 Darin Springs,Lake Chalisa,Sittikornbury,39493,Central,1998-09-26,Other,Single,2026-03-26
CUST_a99d,Wasin Krittayanukoon,chaifah56@gmail.com,06-5322-5920,758 Neerachapong Track Suite 838,West Supasitahaven,New Pachongrukstad,45309,Northeast,1991-07-23,Other,Married,2024-01-04
CUST_251c,Chawin Sorattanachai,ipasuk@yahoo.com,06-0772-9692,24789 Sittisaowapak Stravenue,Siripaibooview,Krittayanukoonstad,74568,Central,2000-09-16,Male,Widowed,2026-03-04
CUST_3aa1,Anon Kamalanon,mpongpanitch@gmail.com,09-3717-0670,93339 Peem Cliffs,North Patchaploy,Pikatsingkornland,42395,Northeast,1993-09-11,Male,Widowed,2024-06-19
CUST_1a05,Kunaporn Srisoontorn,nutkrita87@yahoo.com,06-4729-9302,88510 Prachayaroch Square,New Darinchester,New Ratchanonmouth,11027,Northern,1995-11-25,Female,Widowed,2024-10-23
CUST_19d9,Wasin Kongchayasukawut,nirachaanekvorakul@hotmail.com,09-9389-5740,8247 Matinawin Divide,Kamolchanokport,Lake Nichakarnville,97241,Central,2000-01-14,Other,Widowed,2024-01-06
CUST_f38a,Patcharaporn Norramon,bunlupongpuntira@hotmail.com,09-8504-0533,8395 Prames Trail Suite 360,Peemfurt,North Pattapon,21011,Central,2004-01-08,Other,Widowed,2026-03-24
CUST_3ea7,Darin Neerachapong,kulnunlertsattayanusak@hotmail.com,06-9158-1976,6844 Wimolnot Walks Apt. 037,West Noppakao,Habpanomberg,80547,Central,2008-07-26,Other,Single,2023-07-13
CUST_f1f4,Supasit Prachayaroch,pattatomporn18@gmail.com,08-7951-4170,906 Chalisa Extension,Trikasemmartbury,North Suvakit,81316,Northern,1998-08-15,Male,Single,2024-04-10
CUST_0b95,Wasin Wimolnot,yada65@gmail.com,06-4724-2961,111 Nutcha Squares Suite 052,Srisoontornside,South Padaport,40605,Central,2004-09-06,Female,Divorced,2021-08-22
CUST_19e8,Aunyaporn Sujjaboriboon,noppakaomatinawin@yahoo.com,06-3699-8854,6462 Phenphitcha Summit,North Pattapon,Trikasemmartmouth,44035,Central,2000-04-11,Female,Married,2026-01-26
CUST_fda5,Sorawut Chowitunkit,sarunporntitipatrayunyong@yahoo.com,09-1016-8055,995 Bunlerngsri Harbors,South Suvakit,Polauayponland,16862,Central,1992-05-03,Male,Other,2025-01-09
CUST_876f,Sorawut Bunlerngsri,habpanompada@gmail.com,09-9075-9629,6972 Suwijuk Mills Apt. 993,North Pak,South Thanatcha,80628,Northeast,2001-10-03,Male,Other,2021-08-18
CUST_94ee,Kamolchanok Kittakun,pakjira35@hotmail.com,06-6138-7969,0009 Sitiwat Lane Apt. 722,South Yanisa,Pintusornbury,20081,Central,1997-04-28,Female,Married,2021-04-23
CUST_128c,Chayapat Kamalanon,wannapaitoonsrisittikorn@yahoo.com,06-9564-6332,8269 Polauaypon Mountain,Kulnunton,Todsapornpitakulside,87859,Western,2000-11-16,Female,Widowed,2023-05-23
CUST_475c,Supasita Methavorakul,tungkasethakulkunaporn@yahoo.com,06-6022-0520,95547 Phubes Harbor Suite 219,Vethayasasview,North Phenphitcha,38988,Northern,1981-09-18,Other,Married,2024-09-06
CUST_e184,Jitrin Polpo,kyouprasert@gmail.com,06-0021-2443,08863 Chaisatit Expressway,Port Chanya,Wannapaitoonsriland,65586,Southern,2008-03-18,Male,Other,2025-03-22
CUST_021d,Niracha Sooksawang,chanya66@gmail.com,08-7720-2943,06786 Anekvorakul View Suite 896,East Primashire,Titipatrayunyongchester,87533,Northern,1993-05-16,Female,Married,2024-01-08
CUST_ed2b,Pitipat Vethayasas,pornchanokprachayaroch@yahoo.com,08-2366-4537,402 Pannawich Mountain,East Pattamonton,Todsawunview,53825,Northeast,1997-07-13,Other,Other,2024-11-22
CUST_6f1a,Phenphitcha Chaihirankarn,tunchanokpitanuwat@hotmail.com,09-5615-3732,8171 Pornchanok Groves Apt. 161,North Tunchanokburgh,Chaifahfurt,81243,Central,1992-03-07,Male,Single,2025-04-18
CUST_f018,Kunaporn Krittayanukoon,bkamalanon@hotmail.com,06-7878-2537,79869 Thantananont Keys Apt. 016,Peemshire,Chayapatbury,54122,Central,1995-09-11,Female,Married,2025-11-13
CUST_1bab,Wasin Thantananont,nichakarncharoensuksopol@yahoo.com,06-1700-1694,0969 Patchaploy Grove,Port Yada,Nattawunville,92437,Central,1997-07-08,Male,Married,2026-02-22
CUST_f35e,LT Nutcha Lertsattayanusak,lertsattayanusakpatcharaporn@yahoo.com,08-9794-7224,72056 Patchaploy Rest Suite 938,Chaisatitbury,East Kodchapornchester,37093,Northeast,1991-04-11,Other,Other,2023-03-14
CUST_263a,POL CONST Nutcha Pitanuwat,todsapornpitakuljaruwan@gmail.com,06-1247-0705,76443 Sorattanachai Point,Vinyuvanichkultown,East Pannawichhaven,66495,Central,2000-04-22,Other,Other,2025-05-12
CUST_44b9,POL CPL Aunyaporn Krittayanukoon,jsuraprasert@gmail.com,06-1578-5635,63717 Peem Valleys Suite 979,Kumsoontornberg,Yanisaborough,18566,Northeast,1993-07-17,Male,Single,2025-05-13
CUST_bdcc,Tunchanok Chaisatit,xpolauaypon@hotmail.com,09-8689-4593,02487 Pothanun Viaduct Apt. 567,New Pitipatton,North Kodchapornfort,04059,Northern,2004-11-08,Other,Widowed,2025-04-14
CUST_8fca,Patchaploy Suraprachit,primakumsoontorn@hotmail.com,09-0496-9927,4626 Kunaporn Lodge Apt. 634,West Pawan,Kunapornport,60057,Northern,1981-06-25,Other,Single,2021-06-26
CUST_b90e,AMN Nutcha Bunlupong,atit92@hotmail.com,06-7320-3253,76247 Bunlupong Overpass,Lake Nutkrita,West Yanisa,62541,Central,1999-06-25,Male,Single,2024-07-15
CUST_c431,Teetat Prakalpawong,yanisasiripaiboo@hotmail.com,08-5929-1162,869 Titipatrayunyong Crest,New Noppakao,Port Pintusorn,39709,Central,2003-01-17,Male,Married,2021-11-09
CUST_35be,Yanisa Matinawin,rmatinawin@hotmail.com,08-5680-1598,3485 Turongkinanon Forge,Padaburgh,South Apisara,37253,Northern,1997-12-05,Male,Other,2026-04-28
CUST_a43e,Chaiwut Kitprapa,chawinsorattanachai@hotmail.com,09-1049-1162,458 Tunchanok Plaza,South Patchaploy,Lake Pattamon,23607,Northern,1994-08-21,Other,Married,2025-12-09
CUST_3f32,Chawin Sujjaboriboon,chaifah13@hotmail.com,09-0833-3746,971 Chayapat Ways Apt. 333,East Thanatcha,New Jaruwan,71549,Northern,2008-12-09,Female,Other,2024-12-17
CUST_3591,Kamolchanok Chaihirankarn,kittakunpachongruk@yahoo.com,09-8044-0541,6185 Pattamon Street Suite 211,Lake Tunradee,Port Pornchanok,81078,Western,1986-04-03,Male,Divorced,2024-05-01
CUST_2671,Sorawut Kumsoontorn,lertsattayanusakniracha@gmail.com,08-8478-0596,712 Bunlupong Club,Anekvorakulbury,Port Pakjira,90596,Central,2004-07-08,Other,Married,2025-09-03
CUST_89a2,Sorawut Prachayaroch,zcharoensuksopol@gmail.com,06-5347-4259,88890 Charoensuksopol Radial Suite 803,Pitanuwatside,South Todsawunland,47165,Central,1995-03-06,Other,Single,2026-01-05
CUST_4fd6,Peem Pothanun,chawinbunlupong@hotmail.com,09-9170-6889,74976 Chayanin Lock Apt. 159,Sitiwatport,South Chayaninmouth,52066,Northeast,1997-03-04,Other,Widowed,2023-11-10
CUST_ef8a,Nichakarn Methavorakul,nutkritapolauaypon@hotmail.com,09-5048-3976,005 Sittisaowapak Ramp,Kongsriburgh,Pattatompornton,84513,Central,1994-01-12,Female,Married,2022-11-19
CUST_176a,Chaiwut Kamalanon,noppakao31@yahoo.com,09-9755-6673,376 Habpanom Wall Suite 575,Pakjiramouth,East Nutchamouth,80434,Eastern,1992-10-09,Female,Divorced,2025-02-03
CUST_a84c,Chaiwut Turongkinanon,supasitchoeychuen@hotmail.com,08-7045-1150,808 Sorattanachai Inlet Apt. 068,North Ratchanon,New Noppakao,96453,Northern,1995-09-03,Other,Divorced,2021-10-07
CUST_6ec8,Darin Youprasert,tianvarichsupasit@yahoo.com,08-5534-4396,049 Krittayanukoon Unions Suite 157,Port Supasitaville,New Patcharaporn,97830,Northern,1987-12-16,Other,Widowed,2023-03-22
CUST_ffc7,PLT OFF Yanisa Chomsri,patchaploy11@yahoo.com,08-3297-5706,0274 Patchaploy Plain Apt. 347,Pramesburgh,East Kunapornstad,58395,Central,1995-05-05,Female,Married,2026-05-12
CUST_d042,Supasita Prachayaroch,zpichpandecha@gmail.com,06-6740-0687,7925 Nutwadee Lake Apt. 283,Pattaponport,East Pak,16629,Central,1993-08-23,Female,Single,2024-05-04
CUST_fbc5,Parin Wannapaitoonsri,niracha00@gmail.com,06-2480-2562,8060 Chomsri Mills,Sittisaowapakport,Lertsattayanusakland,50207,Central,2006-02-16,Other,Other,2024-10-13
CUST_341d,Wassaya Polpo,jposalee@yahoo.com,08-5517-2755,301 Atit Spurs,Chayaninhaven,Phenphitchastad,90514,Central,1995-03-12,Other,Divorced,2024-01-15
CUST_d77d,Pitipat Tianvarich,ysiripaiboo@gmail.com,08-1544-8741,0059 Pannawich Squares,South Phubeshaven,Anekvorakulshire,69883,Central,2002-09-05,Male,Single,2023-09-28
CUST_4f80,Pattamon Losatapornpipit,ratchanonlosatapornpipit@hotmail.com,06-0127-5252,02534 Arisara Extension Apt. 077,North Phenphitchafort,South Supasitborough,27146,Northern,1993-02-15,Male,Single,2025-05-10
CUST_62e9,Chalisa Wimolnot,apisarayouprasert@gmail.com,08-5347-5535,61275 Pichpandecha Harbor,Lake Noppakaoview,Tunradeehaven,44920,Central,1991-05-20,Female,Other,2025-02-16
CUST_93f7,Thanatcha Anekvorakul,sorawutanekvorakul@gmail.com,06-1528-4245,719 Yanisa Gardens Suite 785,Posaleeton,West Chaiwut,34131,Eastern,2004-11-26,Other,Other,2023-01-03
CUST_66b1,Thanatcha Sittisaowapak,kunaporntianvarich@hotmail.com,09-8555-4161,31003 Intaum Skyway Suite 289,West Sitiwat,Kulnunstad,06451,Central,1999-04-27,Other,Single,2023-07-17
CUST_9d71,Aunyaporn Benchapatranon,pornchanokbunlupong@gmail.com,08-2991-8620,2527 Pornchanok Cliffs Apt. 868,Chayapatburgh,South Sitiwat,84395,Western,2008-06-16,Male,Divorced,2025-01-27
CUST_1c0f,Kodchaporn Wimolnot,suwijuk71@gmail.com,06-2365-3968,997 Teetat Spurs Suite 537,Pachongrukside,Nutwadeebury,48648,Northern,2002-01-10,Male,Married,2024-02-25
CUST_c19a,Tunchanok Charoensuksopol,xcharoensuksopol@yahoo.com,08-2991-1434,6812 Patcharaporn Station,South Supasit,Sooksawangland,58245,Northern,1997-02-21,Other,Divorced,2026-04-09
CUST_4b52,Jinjuta Bunlerngsri,teetat12@yahoo.com,08-9714-9819,2032 Pawan Cliffs Suite 262,Pothanunchester,Chowitunkitbury,19389,Southern,2004-08-22,Male,Married,2026-02-03
CUST_42b7,Nutwadee Prachayaroch,chaiwutsujjaboriboon@hotmail.com,06-5287-0519,964 Peem Flats Apt. 431,West Chaifah,Thantananontland,01761,Northern,2000-04-25,Female,Single,2024-06-03
CUST_d004,Pawan Matinawin,patcharaporn46@gmail.com,08-7282-4100,90735 Habpanom Lodge Suite 465,Puntirashire,Chayaninberg,36028,Central,1988-09-08,Female,Divorced,2023-09-01
CUST_2c14,PO 3 Kamolchanok Wannapaitoonsri,suvakit22@gmail.com,08-1670-9027,5083 Titipatrayunyong Locks Suite 444,Boonpungbarameeborough,Lake Puntiraton,29041,Central,1996-06-03,Other,Widowed,2026-03-20
CUST_93a8,Anon Siripaiboo,yada01@hotmail.com,09-2621-9520,79662 Pachongruk Parkway,North Kulnun,Phusilarungruenghaven,67747,Central,1980-08-09,Other,Other,2025-09-08
CUST_817d,Chanya Phusilarungrueng,peemsuraprasert@hotmail.com,06-4787-1549,7924 Pasuk Land,North Kamolchanok,Prakalpawongfurt,11834,Central,1996-01-22,Other,Other,2021-08-09
CUST_4eec,Yanisa Youprasert,nutwadee34@gmail.com,08-5679-2115,689 Patchaploy Throughway,Sooksawangfort,Lake Pintusorn,43907,Central,1985-07-12,Female,Widowed,2024-10-06
CUST_ae3d,Prames Todsapornpitakul,anon26@hotmail.com,08-2625-5837,9534 Kongsri Curve Apt. 986,Pawanchester,West Pawan,15072,Central,1993-08-10,Male,Other,2025-06-25
CUST_8efa,Sitiwat Chaihirankarn,rvinyuvanichkul@gmail.com,06-4222-2711,46786 Sujjaboriboon Bridge,Phubesburgh,Lake Patchaploy,69125,Central,2002-06-27,Other,Single,2025-11-20
CUST_053a,Pitipat Polpo,jnorramon@yahoo.com,08-6634-6007,669 Wimolnot Street,South Atit,Pattatompornbury,42837,Central,1993-10-21,Male,Divorced,2026-05-24
CUST_ed92,Teetat Turongkinanon,vethayasassorawut@yahoo.com,06-3113-6507,1088 Pongpanitch River,Sorawutstad,East Kodchapornbury,75006,Northeast,1991-08-20,Female,Married,2025-04-12
CUST_821d,Thanatcha Boonpungbaramee,lboonpungbaramee@yahoo.com,08-0108-7859,3217 Boonpungbaramee Viaduct Apt. 104,North Wassaya,West Peem,23179,Northeast,2002-02-01,Male,Other,2024-01-11
CUST_aff8,Aunyaporn Kittakun,trikasemmartnattawun@hotmail.com,09-0573-2659,3181 Bunlupong Skyway,Phenphitchabury,Kongsriport,87249,Northeast,1998-11-22,Other,Single,2025-08-03
CUST_cecd,Chalisa Sireelert,nichakarn88@yahoo.com,06-3632-9951,11031 Intaum Villages Suite 260,East Nichakarn,Atitmouth,01129,Northern,1990-03-22,Other,Single,2021-06-07
CUST_394a,Pattapon Vethayasas,xintaum@hotmail.com,09-8843-4568,87872 Wannapaitoonsri Burgs,Wassayastad,East Nattawun,80746,Central,1981-05-22,Male,Widowed,2021-10-19
CUST_01a2,Kodchaporn Prayoonhong,ibunlupong@gmail.com,06-8345-9731,0926 Polpo Courts Apt. 816,Port Pak,Lake Noppakao,54858,Eastern,2003-04-15,Female,Married,2024-11-01
CUST_12ed,Chalisa Pitanuwat,fsireelert@gmail.com,08-6010-8701,0109 Boonpungbaramee Drive Suite 445,East Pattapon,Chalisaland,44662,Northern,1991-09-25,Other,Divorced,2022-09-05
CUST_578a,Nattawun Losatapornpipit,sujjaboriboonsuvakit@yahoo.com,06-3823-7243,6128 Posalee Loop,North Aunyaporn,Pothanunmouth,26834,Northeast,1993-08-26,Male,Divorced,2023-07-22
CUST_ee28,FLT LT Chaiwut Turongkinanon,chaisatitpintusorn@gmail.com,06-3010-1378,1745 Kodchaporn Keys Apt. 620,Youpraserthaven,Tunchanokville,52936,Northern,2005-12-21,Female,Divorced,2024-01-07
CUST_3f4b,PO 3 Nutkrita Charoensuksopol,qsireelert@hotmail.com,09-2530-3549,8279 Sarunporn Lodge Apt. 599,East Nattawun,East Jitrinbury,05426,Northeast,1979-01-10,Other,Married,2022-11-06
CUST_ba78,Sarunporn Kamalanon,wprayoonhong@gmail.com,06-7129-2374,489 Posalee Hills Apt. 338,Pawanville,Nattawunmouth,77367,Northeast,1995-11-24,Female,Other,2023-06-05
CUST_afe9,Chaifah Chaihirankarn,aprachayaroch@yahoo.com,09-4124-6424,5958 Jitrin Landing,Pornchanokhaven,North Kamolchanokville,91623,Northern,1994-04-14,Female,Married,2023-02-23
CUST_e485,Patcharaporn Benchapatranon,siripaibooatit@gmail.com,08-4637-7948,7534 Kodchaporn Coves,North Padachester,Habpanommouth,87770,Northern,2006-10-20,Other,Divorced,2023-10-16
CUST_f6f0,Pattatomporn Sukhenai,sarunpornvethayasas@gmail.com,06-9763-6846,5219 Jinjuta Point,West Pattapon,Lake Wassaya,93241,Northern,2001-08-26,Female,Single,2023-05-15
CUST_afd5,Chaiwut Matinawin,yadatodsapornpitakul@hotmail.com,08-3514-3441,8085 Patchaploy Estates Apt. 303,Sukhenaiburgh,South Yadashire,46863,Central,1995-02-20,Male,Other,2023-12-20
CUST_8b7c,Jaruwan Methavorakul,nattawun63@hotmail.com,06-4108-0507,9895 Pothanun Knolls Suite 876,Chanyaton,Kitprapafurt,96153,Northern,1993-11-28,Other,Divorced,2024-10-21
CUST_e82c,Patchaploy Permchart,iintaum@gmail.com,08-7247-2499,67283 Sukhenai Harbors Suite 063,East Nattawun,New Pawanville,15293,Northeast,1981-03-10,Female,Divorced,2024-12-26
CUST_3e50,Anon Lertsattayanusak,pasukjaruwan@gmail.com,08-1598-8024,0281 Chayapat Key Suite 815,North Nutkrita,New Jitrin,46277,Southern,1993-04-04,Female,Married,2024-05-03
CUST_cf98,Chayanin Boonpungbaramee,pachongruksittisaowapak@hotmail.com,09-5589-6317,3045 Nutkrita Radial Apt. 929,South Teetatside,Tungkasethakulmouth,95632,Central,2002-04-13,Male,Divorced,2023-10-25
CUST_48b6,Sitiwat Kamalanon,kunapornchomsri@gmail.com,09-3308-8519,28878 Suvakit Islands,Prayoonhongfort,Kulnunview,52640,Northeast,2004-06-11,Female,Single,2023-04-04
CUST_c0b5,LT Phubes Pikatsingkorn,gsorattanachai@yahoo.com,08-2411-0026,27268 Habpanom Harbors,Port Kamolchanokfort,Kunapornmouth,80867,Northern,1993-05-03,Other,Widowed,2022-11-16
CUST_84d7,AMN Chayapat Charoensuksopol,kamolchanokchoeychuen@gmail.com,09-8070-6375,2700 Chalisa Ranch,Lake Sorawut,Srisoontornside,88524,Northern,1998-11-23,Other,Widowed,2025-03-11
CUST_1b09,AMN Tunradee Titipatrayunyong,qsuraprasert@gmail.com,06-6605-4193,917 Yada Rue,Lertsattayanusakberg,North Nichakarn,11361,Northeast,1998-08-03,Female,Divorced,2026-02-27
CUST_8c82,Pakjira Permchart,supasitakittakun@yahoo.com,09-0818-0054,019 Kongchayasukawut Highway,New Pawan,Suraprachitmouth,71429,Northeast,1991-04-16,Female,Widowed,2024-02-17
CUST_7d1e,Supasita Kumsoontorn,nattawun47@yahoo.com,09-7352-5998,74629 Kongsri Mews Apt. 373,South Arisara,West Wassayamouth,98299,Northeast,1984-09-19,Female,Widowed,2023-05-13
CUST_f1c0,Puntira Pichpandecha,xsuraprasert@yahoo.com,09-5906-2864,935 Sooksawang Crescent Suite 517,Prachayarochburgh,Nattawunbury,35542,Central,1992-05-16,Male,Single,2021-12-16
CUST_37de,Patchaploy Boonpungbaramee,arisara10@gmail.com,06-8262-9082,76822 Prames Dam,Primashire,Port Patcharaporn,29903,Northern,1985-04-28,Male,Single,2025-12-19
CUST_cf1b,Prames Polauaypon,aneerachapong@gmail.com,06-3159-8083,57713 Sooksawang Crossroad,North Nutchaburgh,Port Pattapon,26378,Northern,1987-08-20,Male,Other,2022-12-08
CUST_7041,Noppakao Sireelert,youprasertpattatomporn@hotmail.com,08-9337-4749,460 Ratchanon Coves Suite 343,Port Sittikorn,North Pada,35827,Northeast,1994-07-15,Male,Other,2024-03-13
CUST_e94f,Phenphitcha Chaisatit,puntiraanekvorakul@yahoo.com,06-2172-4031,1711 Polauaypon Freeway Apt. 202,Charoensuksopolland,Lake Kamolchanokhaven,03680,Central,2007-10-18,Other,Divorced,2024-02-19
CUST_8547,Chaiwut Kittakun,chaisatitpuntira@hotmail.com,08-4838-7546,4551 Sittisaowapak Court Apt. 692,Vethayasastown,Port Pintusornfurt,76125,Central,1994-02-27,Female,Other,2021-03-03
CUST_5105,Chawin Charoensuksopol,gpianduangsri@hotmail.com,09-0055-4721,3894 Tianvarich Lane Apt. 161,North Tunchanok,Port Nichakarnshire,61794,Central,1988-09-09,Male,Married,2024-05-21
CUST_0825,Supasit Kamalanon,kunaporntungkasethakul@yahoo.com,08-7022-5339,94058 Kongsri Villages Apt. 878,East Jitrin,East Pak,06388,Northeast,2000-10-15,Female,Divorced,2025-09-17
CUST_fd10,Chalisa Pothanun,charoensuksopolsuwijuk@yahoo.com,06-9370-6394,70784 Pak Fort Suite 664,Port Nirachaberg,Sujjaboriboonhaven,98395,Northeast,2002-06-03,Male,Divorced,2024-12-23
CUST_d30a,LAC Puntira Pichpandecha,akittakun@hotmail.com,09-9281-0537,2633 Pattapon Keys Suite 415,Lake Pakhaven,Nutchaport,38244,Central,1992-08-12,Other,Widowed,2024-11-09
CUST_7a31,Sarunporn Todsapornpitakul,vpermchart@gmail.com,06-3593-9831,36271 Pattapon Walks,Suraprasertmouth,Losatapornpipithaven,45839,Northeast,1990-05-14,Female,Married,2022-11-25
CUST_8dbd,Pachongruk Anekvorakul,nattawun47@hotmail.com,09-2581-7737,1251 Kodchaporn Rest Suite 906,South Arisaraberg,East Niracha,16379,Northern,1978-09-24,Male,Married,2025-10-22
CUST_60c1,Chaifah Kongchayasukawut,kittakunchawin@gmail.com,09-8347-2781,30540 Kunaporn Mill,Nirachaberg,Pasukfort,50585,Central,2004-08-19,Female,Single,2026-02-18
CUST_ca66,Wasin Vethayasas,pprakalpawong@yahoo.com,06-6561-3748,829 Lertsattayanusak Square,Chomsrifort,Port Wassayaburgh,08753,Central,1995-08-14,Other,Widowed,2021-07-11
CUST_ee05,PO 1 Pawan Prakalpawong,hkamalanon@hotmail.com,09-2642-4543,8388 Aunyaporn Cliffs,Supasitfurt,East Pak,92546,Central,1983-04-24,Other,Married,2023-08-08
CUST_a14a,Pada Methavorakul,todsawun12@hotmail.com,09-8786-0369,160 Ratchanon Rest,North Padastad,Port Tunchanokstad,19650,Northern,1996-02-11,Female,Widowed,2023-10-02
CUST_8cb6,Sorawut Turongkinanon,atit16@hotmail.com,06-8035-0175,1567 Suraprachit Drives Apt. 442,East Atitfort,South Sorawutport,73157,Central,1988-06-27,Male,Widowed,2021-09-25
CUST_8114,Sitiwat Lertsattayanusak,noppakaolosatapornpipit@yahoo.com,09-2261-3835,83353 Wimolnot Creek,West Pattamonport,Kunapornton,78570,Central,2005-11-26,Female,Divorced,2023-06-15
CUST_edfa,Jitrin Losatapornpipit,phusilarungruengpattapon@yahoo.com,08-3109-6765,42760 Todsapornpitakul Harbor Suite 436,East Pakjirashire,Chalisatown,96747,Central,1989-02-16,Other,Widowed,2022-09-21
CUST_1f47,Kunaporn Prayoonhong,pitipatchomsri@yahoo.com,06-3066-8791,05671 Sorawut Village Apt. 461,Port Nichakarnville,West Parinside,93931,Northern,1999-08-19,Male,Divorced,2024-08-19
CUST_0d79,Kamolchanok Intaum,wassaya13@gmail.com,09-6599-9989,89595 Jaruwan Ports Suite 724,North Supasita,New Suvakit,25324,Eastern,2008-06-04,Male,Married,2023-11-05
CUST_3d23,Nichakarn Polpo,chomsrithanatcha@yahoo.com,08-2308-0348,865 Pachongruk Spur Apt. 836,Port Suwijukton,East Nutcha,30878,Central,1993-01-20,Female,Divorced,2023-07-24
CUST_39a0,Parin Posalee,chawin88@gmail.com,08-4085-5389,7860 Bunlerngsri Ridges,Jinjutachester,South Wasin,61360,Northern,1997-08-03,Male,Widowed,2023-11-04
CUST_1ef5,LT COL Kulnun Prachayaroch,suvakitmatinawin@hotmail.com,09-0494-4870,535 Sujjaboriboon Squares Suite 068,New Yada,West Chanyachester,22716,Central,1991-06-06,Other,Divorced,2023-04-09
CUST_069e,Prima Intaum,pada83@yahoo.com,08-3259-1087,59416 Atit Tunnel,Pattatompornland,Chomsriberg,63630,Central,1994-04-26,Male,Widowed,2024-01-15
CUST_8826,POL SEN SGT MAJ Patchaploy Youprasert,noppakaomatinawin@gmail.com,06-7243-7633,40695 Sittikorn Track,Pianduangsrimouth,North Pattapon,72832,Central,1991-01-10,Other,Other,2023-06-04
CUST_5fed,ADM Darin Kongsri,patchaploy92@gmail.com,06-9015-2161,22822 Kamolchanok Heights Apt. 224,Intaumburgh,Benchapatranonstad,98861,Northern,1992-04-02,Other,Single,2023-06-15
CUST_84a1,Yanisa Pongpanitch,fsujjaboriboon@gmail.com,06-5839-1132,75143 Teetat Mount Suite 055,Kamolchanokmouth,Primaville,06964,Central,2005-05-10,Female,Other,2023-01-05
CUST_bcd7,Prames Pikatsingkorn,sireelertparin@yahoo.com,09-8853-0799,4948 Turongkinanon Flats,Port Chayapatmouth,North Pintusornhaven,91295,Northern,1986-10-27,Male,Married,2025-08-11
CUST_8f2c,Chayanin Kumsoontorn,mtrikasemmart@hotmail.com,08-3994-0144,0701 Bunlerngsri Field Suite 477,East Chanikan,Port Pak,40669,Northern,1999-09-22,Male,Single,2021-11-25
CUST_89ba,Aunyaporn Kongsri,ysireelert@yahoo.com,09-0301-7870,23239 Aunyaporn Hollow,Chaiwutmouth,South Kunapornside,83022,Central,1992-04-01,Male,Single,2024-08-20
CUST_b0c0,Pak Prachayaroch,habpanompawan@gmail.com,08-5438-6900,11755 Benchapatranon Stream Apt. 436,South Aunyapornberg,South Chanikan,92565,Central,2005-01-14,Male,Other,2023-12-08
CUST_4a33,Apisara Posalee,lkongsri@yahoo.com,09-0472-0951,5833 Pichpandecha Manors Suite 186,Kamolchanokside,South Kodchaporn,22174,Central,1997-04-01,Male,Single,2025-09-18
CUST_4546,Atit Kamalanon,nichakarn00@hotmail.com,06-7249-8273,42413 Matinawin Radial Apt. 766,Lake Todsawun,East Phubesmouth,34898,Northeast,1989-12-18,Other,Other,2026-05-05
CUST_6b1e,Chaiwut Wannapaitoonsri,kamolchanok25@hotmail.com,06-8626-4167,001 Noppakao Corner,West Puntirabury,North Sitiwattown,48278,Southern,1998-01-21,Other,Divorced,2023-12-20
CUST_3955,POL CAPT Pachongruk Matinawin,atit66@hotmail.com,09-4805-5137,13259 Methavorakul Villages Apt. 670,Lake Jitrin,Supasitview,23250,Central,1995-05-18,Other,Married,2024-11-16
CUST_ca1a,Jitrin Kamalanon,losatapornpipitthanatcha@hotmail.com,08-7743-4977,840 Bunlerngsri Bypass Suite 971,Supasitaview,West Chaiwut,14055,Northeast,1997-03-01,Other,Divorced,2025-02-15
CUST_458e,Anon Kongchayasukawut,youprasertwasin@yahoo.com,06-2426-7274,759 Wasunun Trace Suite 321,Teetatland,Port Arisaraview,77106,Southern,1995-04-28,Male,Single,2026-02-27
CUST_6001,POL SUB LT Chaifah Thantananont,wimolnottunchanok@hotmail.com,09-5724-7504,047 Pattatomporn Stravenue Apt. 114,Chaifahview,Sorattanachaimouth,09551,Eastern,1996-06-08,Female,Single,2022-04-20
CUST_f5f2,Patchaploy Krittayanukoon,mcharoensuksopol@gmail.com,08-1913-9915,2393 Phenphitcha Parks,Titipatrayunyongmouth,South Pintusornmouth,67503,Northern,1997-11-01,Male,Divorced,2022-02-11
CUST_9206,Pitipat Suraprasert,rbunlerngsri@yahoo.com,06-5687-3764,9678 Benchapatranon Streets Suite 921,South Pitipat,Srisoontornbury,72606,Central,2004-09-10,Male,Widowed,2024-08-07
CUST_5342,Tunradee Benchapatranon,ykitprapa@yahoo.com,08-6635-8184,9678 Chowitunkit Lakes Apt. 828,Lake Sitiwathaven,East Puntirabury,77002,Northern,1999-10-10,Female,Widowed,2025-01-04
CUST_acc7,Yanisa Intaum,rsireelert@gmail.com,08-6291-5366,18108 Phenphitcha Key Suite 687,Sitiwatmouth,Surapraserthaven,44484,Central,2006-03-14,Female,Divorced,2025-02-15
CUST_8045,Tunchanok Kamalanon,pramesposalee@hotmail.com,08-3515-1184,39029 Prachayaroch Trail Apt. 812,New Chayanin,East Phubes,46435,Central,1999-01-02,Female,Married,2023-02-26
CUST_37d8,Todsawun Kongsri,yadawannapaitoonsri@yahoo.com,09-9593-3876,225 Pattamon Garden,Matinawinport,Prakalpawongtown,94326,Central,1999-08-18,Female,Divorced,2025-11-17
CUST_087e,M L Kulnun Choeychuen,utodsapornpitakul@hotmail.com,09-3111-5526,935 Matinawin Hollow,Vethayasaschester,West Nutwadeeberg,82155,Northern,2000-08-27,Other,Divorced,2026-04-11
CUST_c820,Yada Chomsri,sorawutchomsri@gmail.com,09-7946-3764,9695 Chaihirankarn Lake Apt. 482,Krittayanukoonland,Chaisatitberg,04467,Northern,2001-08-23,Male,Married,2024-03-25
CUST_6113,Prames Losatapornpipit,chowitunkitanon@hotmail.com,08-6168-8771,974 Wasunun Islands,Pattaponbury,Noppakaofurt,83245,Northeast,1997-01-26,Other,Other,2026-05-28
CUST_ad26,Nutcha Pitanuwat,sorattanachaipeem@hotmail.com,06-2330-0843,550 Pada Crescent,Prayoonhongborough,Chalisafurt,63802,Southern,1993-04-17,Male,Married,2026-03-05
CUST_3994,Chayapat Kittakun,teetatbunlupong@yahoo.com,09-0213-0267,47551 Benchapatranon Camp,Chanyaborough,North Tunradee,97257,Northern,1992-08-28,Female,Widowed,2025-11-21
CUST_bb62,Sitiwat Intaum,pianduangsrisuwijuk@gmail.com,08-8884-4160,104 Sorawut Garden,West Padahaven,West Pawanburgh,55429,Northeast,1998-08-19,Male,Divorced,2021-07-23
CUST_f18c,Suvakit Tianvarich,nutcha87@yahoo.com,06-0333-8740,954 Aunyaporn Trail Apt. 220,Lake Chawin,Yanisatown,21535,Central,1981-05-16,Other,Married,2025-12-24
CUST_d107,Niracha Krittayanukoon,ytungkasethakul@yahoo.com,08-7206-9803,903 Tungkasethakul Junctions,Posaleeland,West Pachongruk,56545,Northern,1999-09-06,Other,Widowed,2021-07-02
CUST_ae87,Yada Pikatsingkorn,chaiwut88@hotmail.com,09-9254-2348,13612 Kamalanon Haven,Pawanstad,Puntiraton,52480,Northeast,1997-08-06,Female,Divorced,2024-11-17
CUST_c86c,Anon Kongsri,choeychuensupasita@yahoo.com,09-3104-7503,219 Suvakit Union Apt. 196,Kulnunville,Port Yanisachester,48014,Northern,1991-03-05,Other,Divorced,2024-12-28
CUST_6718,Kamolchanok Kongsri,kongsrisitiwat@gmail.com,09-3570-6519,414 Patcharaporn Ramp,Nutkritaburgh,Port Supasita,70231,Northern,2008-12-18,Male,Divorced,2024-05-01
CUST_2b9d,Wasin Charoensuksopol,prameskamalanon@yahoo.com,08-6520-1276,9384 Prima Orchard,Patcharapornbury,Port Pawan,69632,Western,1980-09-18,Male,Divorced,2024-01-05
CUST_e0f2,Nutkrita Wimolnot,mtianvarich@gmail.com,09-3549-3746,797 Sujjaboriboon Bridge Suite 195,Port Jaruwan,Losatapornpipitberg,07986,Eastern,1989-11-11,Male,Other,2024-01-14
CUST_e9dc,CDR Pachongruk Vinyuvanichkul,pornchanokanekvorakul@gmail.com,06-5021-6736,8543 Phubes Loaf Apt. 747,Anekvorakulchester,Lake Tunradeefurt,31868,Central,2003-01-08,Female,Single,2024-05-21
CUST_6977,AVM Chayanin Todsapornpitakul,sarunporn34@yahoo.com,08-4284-9085,0814 Pongpanitch Brooks Suite 618,Choeychuenberg,West Yanisachester,40817,Northern,1996-05-20,Male,Married,2023-07-14
CUST_f6aa,Jinjuta Sukhenai,rsrisoontorn@hotmail.com,08-7565-0449,71389 Supasit Turnpike,Lake Sarunpornstad,New Pak,11062,Northern,2008-06-05,Female,Widowed,2025-12-16
CUST_6ef2,Thanatcha Pitanuwat,lprayoonhong@hotmail.com,08-4371-3118,963 Pitanuwat Springs,Port Pitipatshire,Pannawichland,77530,Northern,1993-01-10,Other,Married,2021-10-10
CUST_7126,Darin Chowitunkit,ychowitunkit@hotmail.com,08-9363-5578,25174 Wimolnot Glen Suite 909,Port Pawanstad,Youprasertport,24694,Northern,1995-01-17,Male,Other,2024-01-03
CUST_e821,CDR Patcharaporn Permchart,patcharapornintaum@yahoo.com,08-1592-0085,8476 Sorawut Courts,West Todsawun,New Jaruwanmouth,33307,Northern,1994-03-17,Female,Divorced,2026-05-01
CUST_8022,POL LT COL Chayanin Krittayanukoon,nsooksawang@hotmail.com,09-6060-7778,3902 Chayanin Stream,Nutchamouth,East Arisara,23108,Central,1996-01-04,Female,Single,2026-02-13
CUST_b2c9,Atit Polpo,enorramon@yahoo.com,06-6558-9057,587 Tungkasethakul Corners Apt. 572,Habpanomville,Prayoonhongfort,95097,Northeast,2004-01-27,Female,Other,2021-12-25
CUST_7375,Pachongruk Bunlupong,darin45@yahoo.com,09-7413-2643,300 Pada Inlet Suite 638,New Tunchanokmouth,Norramonport,57283,Central,1994-04-09,Female,Other,2023-09-04
CUST_52dc,Wasin Wannapaitoonsri,chaiwutpothanun@hotmail.com,06-8535-1419,402 Tunchanok Garden Apt. 271,New Chanyaton,Port Chanyamouth,55391,Southern,1993-03-13,Female,Widowed,2025-04-14
CUST_d27c,Pattatomporn Prachayaroch,mpasuk@gmail.com,06-7500-8044,0596 Tunchanok Plaza,West Patcharapornmouth,West Atit,42416,Central,2000-11-16,Female,Widowed,2025-06-13
CUST_f2bb,ACM Noppakao Phusilarungrueng,bunlerngsrijitrin@gmail.com,06-4575-7319,767 Prayoonhong Stream,Chayapatmouth,West Sorawut,95029,Central,1996-02-28,Male,Other,2024-04-16
CUST_5ff6,Nichakarn Sukhenai,jaruwan50@gmail.com,08-2651-2731,5157 Lertsattayanusak Locks,Pitipatview,Yadamouth,68366,Northern,1996-08-09,Male,Married,2024-02-05
CUST_c691,Tunchanok Prayoonhong,turongkinanontunradee@hotmail.com,09-8360-5056,62057 Phubes Corner,Polpofurt,Pakburgh,88575,Northern,1994-10-26,Male,Widowed,2026-02-28
CUST_a524,POL CONST Anon Charoensuksopol,boonpungbarameedarin@hotmail.com,09-0155-0781,191 Methavorakul Landing Apt. 498,Kamalanonport,Puntiramouth,20187,Central,1990-12-10,Other,Other,2026-02-23
CUST_60a7,Yada Wannapaitoonsri,chaiwut70@hotmail.com,06-7458-2817,0487 Prachayaroch Bridge,Wasinport,South Anon,98352,Central,2008-12-18,Female,Married,2023-09-27
CUST_e78b,Chaifah Thantananont,anon01@hotmail.com,08-0571-6054,62658 Peem Parks Apt. 582,North Sorawutchester,East Tunchanokberg,98140,Central,2007-12-08,Other,Widowed,2021-01-06
CUST_c54d,Patcharaporn Turongkinanon,phubes23@hotmail.com,08-9676-1833,1990 Pattatomporn Rest,Lake Pachongrukberg,Chanyachester,06492,Central,1999-08-05,Female,Widowed,2023-03-09
CUST_1009,Teetat Choeychuen,wassaya26@hotmail.com,09-2258-6188,91278 Supasit Ranch,Chaiwutfort,Kongsriview,89654,Northern,1985-03-20,Female,Married,2024-03-07
CUST_2568,Nutwadee Matinawin,uneerachapong@yahoo.com,08-8359-6775,8882 Anekvorakul Station Suite 907,Sitiwatmouth,West Nichakarn,44941,Central,1997-05-05,Male,Widowed,2026-05-02
CUST_70cb,AM Tunradee Kamalanon,yada15@gmail.com,09-9595-8303,46470 Jinjuta Mountains,North Pattatompornborough,Wimolnotstad,27057,Central,1990-06-14,Male,Widowed,2022-07-22
CUST_539c,Jinjuta Matinawin,chayapat79@gmail.com,08-8797-4829,0571 Tunradee Turnpike Apt. 166,East Nattawunborough,West Chalisa,53395,Northern,1980-08-14,Other,Widowed,2023-08-01
CUST_912f,Todsawun Kamalanon,jtodsapornpitakul@yahoo.com,08-5141-6956,621 Nutwadee Street Suite 145,Primafort,North Pattapon,10722,Southern,1995-06-09,Other,Divorced,2021-02-12
CUST_36d0,V ADM Pattatomporn Pongpanitch,bprachayaroch@hotmail.com,09-1830-8932,64910 Losatapornpipit Coves Apt. 536,Anonborough,Wasintown,46840,Northern,2002-02-16,Male,Divorced,2024-11-18
CUST_3e47,Kamolchanok Pichpandecha,pianduangsrisuvakit@hotmail.com,08-1517-1132,3100 Wasin Brooks Suite 389,Anonland,Kongsriberg,43865,Central,2000-01-03,Female,Single,2025-12-22
CUST_d991,Phubes Kumsoontorn,pada55@gmail.com,06-9369-4494,739 Matinawin Drive,East Pachongruk,East Kodchapornfurt,58720,Central,1997-07-25,Male,Widowed,2025-01-23
CUST_413d,CAPT Yanisa Youprasert,pawan03@yahoo.com,09-3478-2433,478 Pasuk Lights Suite 675,Suraprasertland,Lake Chaiwut,55225,Northeast,1997-02-07,Female,Married,2021-07-17
CUST_109f,Aunyaporn Pikatsingkorn,supasita03@hotmail.com,06-6093-4264,09803 Habpanom Rue Apt. 800,Tunchanokville,Bunlupongburgh,98576,Northern,1996-05-27,Female,Married,2026-01-10
CUST_c7ed,Darin Chaihirankarn,rkongchayasukawut@yahoo.com,08-8825-2709,22185 Vinyuvanichkul Prairie,Lake Tunchanok,Padafort,55679,Central,2003-08-26,Other,Widowed,2022-02-11
CUST_cecf,Puntira Bunlupong,jaruwanpothanun@yahoo.com,08-5039-9143,826 Pada Stravenue,Chawinshire,West Wassaya,45697,Northern,2006-08-11,Male,Single,2024-08-23
CUST_fee7,LT GEN Sittikorn Kitprapa,todsapornpitakulpintusorn@yahoo.com,06-4365-9302,847 Pitipat Wells Apt. 872,Port Pachongrukburgh,South Anonville,94441,Central,1994-03-12,Other,Married,2022-05-08
CUST_543f,Niracha Titipatrayunyong,mwannapaitoonsri@gmail.com,08-9023-0980,6613 Bunlupong Radial Suite 450,New Pintusorn,Phenphitchaborough,21904,Central,1994-04-04,Other,Divorced,2026-04-12
CUST_063f,Aunyaporn Methavorakul,atitlosatapornpipit@gmail.com,09-8653-9823,5791 Todsapornpitakul Island,Pichpandechamouth,Kulnunview,81825,Northern,1992-08-22,Other,Widowed,2023-03-08
CUST_55b9,Phenphitcha Chowitunkit,trikasemmarttunchanok@yahoo.com,06-7222-9056,4737 Apisara Flats Suite 022,Jinjutatown,Pichpandechastad,96666,Central,2005-12-17,Male,Married,2026-05-11
CUST_13f4,Chalisa Pongpanitch,lertsattayanusaknutkrita@gmail.com,09-7257-9360,56861 Kitprapa Track,Siripaibooberg,Kongsritown,42310,Northeast,1987-01-11,Male,Married,2026-05-08
CUST_644d,Prames Kongsri,supasitposalee@yahoo.com,09-4928-4460,90336 Intaum Vista Apt. 358,Sukhenaiview,Port Chayanintown,70693,Central,1991-09-11,Female,Married,2024-06-08
CUST_b4cc,Supasita Suraprasert,parinchaihirankarn@yahoo.com,06-2935-9881,6434 Teetat Ways Apt. 805,Matinawinberg,Pitanuwatburgh,55236,Northern,1985-04-07,Other,Widowed,2026-03-15
CUST_14c8,Supasita Vethayasas,nutwadee08@hotmail.com,06-3905-9671,15538 Matinawin Fork Apt. 322,Habpanomburgh,Parinfurt,03299,Northern,1999-01-05,Other,Other,2022-10-22
CUST_1fe8,AM Apisara Methavorakul,pikatsingkornarisara@yahoo.com,06-7088-4491,668 Phubes Ranch,Norramonburgh,North Atit,25318,Northern,1992-02-07,Other,Widowed,2024-08-10
CUST_fdce,Noppakao Anekvorakul,posaleethanatcha@hotmail.com,08-9016-8628,2090 Sitiwat Mountain,New Kulnun,West Todsawun,93403,Central,1989-12-12,Other,Divorced,2023-09-09
CUST_e1ab,Suwijuk Sujjaboriboon,apisara80@yahoo.com,06-9532-5526,8414 Pachongruk Walks,West Chalisafort,Norramonchester,55218,Eastern,2003-04-05,Other,Married,2024-11-21
CUST_9d43,Wassaya Lertsattayanusak,matinawinyada@hotmail.com,08-9322-4501,9452 Chanikan Coves,New Pintusorn,Port Wassayaland,88367,Central,2004-04-10,Male,Single,2024-09-15
CUST_7bba,Nutcha Chomsri,thanatchachaisatit@gmail.com,09-9504-0041,84761 Suwijuk Mountain Suite 714,Methavorakulshire,Lake Pattamontown,90123,Northeast,1991-12-09,Female,Single,2024-08-14
CUST_c891,Anon Matinawin,nattawun30@hotmail.com,08-4939-5006,3738 Jinjuta Mill Suite 097,Tunchanokborough,North Nutchastad,38252,Central,2002-05-28,Other,Other,2021-11-28
CUST_1a10,Suwijuk Pasuk,sittikornneerachapong@hotmail.com,06-3762-2539,61190 Pornchanok Parkway,Anonborough,North Arisaramouth,95079,Central,1996-09-13,Male,Widowed,2021-01-11
CUST_cd16,AVM Pawan Bunlupong,permchartchaifah@yahoo.com,08-7154-1508,8775 Kamalanon Plaza Suite 761,New Nutcha,Kamolchanoktown,26018,Central,1989-06-27,Male,Widowed,2024-11-01
CUST_d1ba,POL SEN SGT MAJ Pada Polauaypon,nichakarnchaisatit@gmail.com,08-0736-0085,580 Nichakarn Lake Apt. 284,Phenphitchafort,Jaruwanshire,23932,Northeast,2003-10-28,Other,Other,2024-11-17
CUST_978a,Sitiwat Siripaiboo,puntira62@yahoo.com,08-6436-4259,343 Siripaiboo Stravenue Suite 987,Suraprachitmouth,Pakburgh,46111,Central,1999-05-03,Female,Divorced,2024-05-17
CUST_0630,Pattapon Siripaiboo,obenchapatranon@yahoo.com,06-9558-3952,831 Sooksawang Centers,South Pakjira,South Thanatcha,88878,Northeast,1993-05-12,Female,Divorced,2023-05-08
CUST_f69c,Darin Titipatrayunyong,npasuk@yahoo.com,09-8397-3290,6476 Anekvorakul Park Apt. 889,South Jaruwanhaven,West Prima,43592,Northern,1995-08-09,Female,Widowed,2021-08-21
CUST_64cf,Chaiwut Kittakun,tunchanok71@hotmail.com,09-0953-4207,76785 Prachayaroch Throughway,Pichpandechahaven,Sitiwatshire,80464,Central,2008-10-03,Other,Divorced,2023-12-28
CUST_2e15,PHRAMAHA Prames Chaisatit,sorawutkamalanon@hotmail.com,09-1294-4610,9725 Boonpungbaramee Station Suite 361,Titipatrayunyongborough,Pianduangsrihaven,36909,Western,1996-10-07,Male,Married,2025-06-18
CUST_3f44,Pannawich Prachayaroch,sitiwat01@gmail.com,06-9974-6482,67489 Prachayaroch Springs,Anonbury,West Patcharaporn,85845,Central,1998-04-14,Male,Married,2023-08-25
CUST_c5aa,Pawan Wannapaitoonsri,chanikanchomsri@hotmail.com,09-4115-2670,2890 Kongchayasukawut Station Apt. 668,Prayoonhongshire,Chawinmouth,90716,Central,1994-07-11,Male,Other,2026-05-27
CUST_2c2a,Pada Pongpanitch,phenphitcha05@gmail.com,08-4051-4583,88677 Wasunun Island,Pakberg,Bunlerngsrimouth,42287,Central,1992-07-13,Female,Other,2025-08-14
CUST_be09,Teetat Sooksawang,mpianduangsri@gmail.com,08-7977-9069,7696 Teetat Mission Suite 711,Lake Chanikan,Pakjirastad,63527,Central,1993-01-18,Other,Single,2021-09-26
CUST_e20b,Suwijuk Neerachapong,vprakalpawong@hotmail.com,08-0579-3642,5503 Methavorakul Shoal Apt. 409,Sooksawangberg,Phenphitchastad,28805,Central,1988-03-07,Other,Divorced,2021-12-04
CUST_ea77,Pannawich Youprasert,pitipatkongchayasukawut@yahoo.com,09-2389-8860,789 Sireelert Crossroad,New Pak,Port Sittikorn,29039,Southern,1998-12-19,Other,Other,2024-02-14
CUST_58c7,Yada Prachayaroch,choeychuenapisara@hotmail.com,06-2806-5243,115 Siripaiboo Plains,South Patchaploy,Pintusornbury,99297,Central,1998-09-23,Other,Divorced,2024-09-11
CUST_6296,M L Pannawich Norramon,youprasertchalisa@yahoo.com,09-1636-2505,114 Pattatomporn Island,South Parin,Srisoontornside,37308,Northeast,1993-07-03,Other,Married,2025-04-10
CUST_1d0c,Patcharaporn Suraprasert,clertsattayanusak@yahoo.com,06-0157-4665,641 Jaruwan Creek,Lake Noppakaoberg,South Jaruwan,24966,Central,2000-03-19,Male,Single,2024-02-27
CUST_2120,Chayanin Kumsoontorn,prima38@hotmail.com,08-3797-7437,7545 Chayanin Key Apt. 756,New Anonfurt,Chanikanchester,40649,Western,1996-09-22,Male,Married,2024-05-08
CUST_46ee,Nichakarn Permchart,vintaum@gmail.com,08-9744-8699,90414 Sireelert Track,North Jinjutastad,Kamalanonchester,85561,Central,2004-11-14,Male,Other,2026-04-11
CUST_6572,Arisara Trikasemmart,rtrikasemmart@gmail.com,06-8178-9772,55171 Thanatcha Junction,East Nutwadeeshire,Prachayarochville,50388,Northeast,1994-10-18,Other,Divorced,2024-09-06
CUST_95dc,Nutcha Losatapornpipit,yintaum@hotmail.com,08-5645-6685,8955 Sittikorn Common Suite 947,North Ratchanonchester,Sooksawangtown,53308,Central,2008-03-21,Other,Single,2025-05-21
CUST_1f98,Suvakit Sooksawang,mbenchapatranon@yahoo.com,06-8017-7960,99829 Vethayasas Flats,West Darin,South Pitipat,29065,Northeast,1992-06-07,Female,Other,2023-05-25
CUST_a455,Pannawich Chaisatit,anon63@yahoo.com,06-9206-0817,666 Pitanuwat Fall Apt. 722,Chaifahhaven,Pikatsingkornborough,14234,Central,2008-10-18,Male,Single,2024-10-16
CUST_2b40,Chayanin Posalee,kunapornchowitunkit@gmail.com,08-6362-9209,0392 Pasuk Skyway Apt. 614,North Primatown,Matinawinstad,01124,Northern,2006-12-08,Female,Married,2024-04-23
CUST_dde0,Peem Srisoontorn,mlosatapornpipit@hotmail.com,08-8878-4335,221 Posalee Hills,Sorawutport,New Yada,43804,Central,1998-09-06,Female,Single,2023-10-21
CUST_244d,Sarunporn Kittakun,arisara04@hotmail.com,06-9118-0886,53774 Sarunporn Walk Suite 234,Jitrinhaven,North Nattawun,49485,Northern,1997-07-17,Female,Other,2026-05-19
CUST_4b2d,Apisara Prachayaroch,pachongruk20@gmail.com,08-5654-8622,713 Anon Village Apt. 121,East Tunradee,South Pada,15510,Central,1998-03-23,Male,Widowed,2023-09-23
CUST_4d7c,Jitrin Sireelert,supasitasiripaiboo@yahoo.com,08-8027-3696,59230 Supasit Via Apt. 612,Port Patchaploy,East Darinside,48306,Central,1999-06-20,Male,Single,2022-03-03
CUST_b1ed,Pannawich Kongsri,pitipat38@hotmail.com,09-3934-5718,283 Kongchayasukawut Flats,Chaiwutborough,Charoensuksopolhaven,81344,Central,2001-11-23,Other,Widowed,2022-02-11
CUST_7e8b,Nichakarn Phusilarungrueng,fboonpungbaramee@gmail.com,09-2229-7892,55566 Tianvarich Locks Suite 187,Port Atitchester,West Prames,58852,Northern,1986-05-20,Other,Single,2021-11-27
CUST_2d62,Darin Sujjaboriboon,peem65@hotmail.com,08-4760-2919,47440 Darin Orchard,North Apisarabury,North Kulnun,88484,Northeast,1989-09-27,Male,Single,2023-12-07
CUST_be6b,Todsawun Srisoontorn,parintianvarich@yahoo.com,06-3105-6420,181 Yanisa Mountains,Port Chanyaside,East Noppakaoport,26184,Northern,2008-05-24,Other,Divorced,2026-04-20
CUST_6f9f,Suwijuk Bunlupong,apisara39@hotmail.com,08-6503-2156,239 Nattawun Park,Chaifahchester,Lake Todsawunton,11029,Northern,1997-08-11,Male,Widowed,2024-08-01
CUST_f926,Thanatcha Chaihirankarn,benchapatranonpattapon@yahoo.com,08-9580-5477,3632 Prachayaroch Estate,West Puntirafurt,Thanatchaburgh,35442,Central,2003-03-01,Other,Married,2024-03-05
CUST_1463,Pachongruk Pikatsingkorn,ttungkasethakul@hotmail.com,06-2097-9629,6989 Benchapatranon Fall,Lake Tunchanokberg,New Pintusorn,04754,Central,2002-10-22,Female,Widowed,2025-11-17
CUST_e051,Jitrin Matinawin,tbunlerngsri@gmail.com,08-0588-8107,29496 Pasuk Tunnel Apt. 331,Lake Chanyaside,Lake Sarunporn,41312,Northern,1990-10-11,Male,Widowed,2025-10-24
CUST_4daf,PLT OFF Apisara Kumsoontorn,titipatrayunyongpattamon@yahoo.com,08-3046-2243,231 Chaihirankarn Fields Suite 960,Wasununville,West Pornchanokland,04980,Central,2001-06-05,Other,Divorced,2024-01-15
CUST_7346,Kamolchanok Titipatrayunyong,anonpitanuwat@gmail.com,09-6897-3154,3657 Sittikorn Crossing,West Suwijukshire,North Sarunporn,47338,Central,2002-06-19,Male,Other,2023-04-12
CUST_f8df,Parin Matinawin,anon74@yahoo.com,09-5391-1953,937 Teetat Mall Suite 817,Lake Pornchanokport,New Sittikorn,38991,Central,1993-09-27,Male,Single,2025-07-07
CUST_1560,Patcharaporn Matinawin,chayanintodsapornpitakul@gmail.com,09-1004-1978,89825 Chalisa Drives Suite 265,Nattawunhaven,North Thanatchaborough,89084,Northeast,2005-12-12,Other,Widowed,2023-09-07
CUST_0897,Tunchanok Anekvorakul,kpikatsingkorn@hotmail.com,09-4069-3202,0105 Sireelert Run,Puntirastad,Kamalanonmouth,18841,Central,2005-07-27,Male,Other,2026-04-24
CUST_00a2,SQN LDR Kamolchanok Sittisaowapak,chayaninvinyuvanichkul@gmail.com,09-4617-4652,8275 Patchaploy Mews,Anekvorakulbury,Bunlupongmouth,27170,Northern,1994-10-07,Male,Single,2026-05-12
CUST_5a0a,Apisara Suraprasert,suraprasertnutkrita@yahoo.com,08-3034-7626,40632 Sittikorn Tunnel Apt. 844,Lake Peem,Youprasertview,80192,Central,1996-06-05,Other,Divorced,2021-11-11
CUST_cba4,Phubes Pianduangsri,ubenchapatranon@yahoo.com,08-2665-6171,5092 Matinawin Curve Suite 378,New Pattatomporn,North Tunchanokberg,50122,Central,1986-11-17,Other,Divorced,2024-02-01
CUST_f392,R ADM Nattawun Tianvarich,primatungkasethakul@hotmail.com,09-2960-7666,111 Nutwadee Views Apt. 499,North Nattawun,Port Sarunpornbury,24481,Central,1995-10-11,Male,Single,2024-03-25
CUST_3cb6,Supasit Permchart,pattapon71@yahoo.com,09-0978-9350,08379 Suwijuk Garden Apt. 769,West Pawan,Pattatompornland,98845,Northeast,1999-10-19,Female,Divorced,2023-03-13
CUST_59c5,Yanisa Wimolnot,jitrinthantananont@hotmail.com,06-9142-6324,80130 Chaisatit Burg,Port Pattamon,Port Anonport,79222,Northern,1994-03-11,Male,Widowed,2023-11-27
CUST_d76c,POL COL Pattamon Vinyuvanichkul,chalisachaisatit@gmail.com,09-7042-3760,1210 Pitanuwat Ranch Suite 777,North Parinstad,East Pornchanokside,09149,Central,1998-11-13,Male,Married,2024-04-12
CUST_d7b3,Chawin Choeychuen,nutwadeeboonpungbaramee@gmail.com,08-9938-7215,58542 Kunaporn Flats,Peemport,South Patchaployfort,78047,Eastern,2007-11-02,Other,Other,2026-05-23
CUST_9ee1,Aunyaporn Youprasert,intaumparin@gmail.com,09-9927-4792,6533 Prakalpawong Vista,Sorawutmouth,Yanisaton,20928,Central,1997-06-24,Other,Divorced,2024-06-09
CUST_ade0,Chayanin Krittayanukoon,wsuraprasert@hotmail.com,06-5688-2773,911 Noppakao Greens Apt. 862,Thantananontborough,South Chanikanchester,51921,Central,2005-06-26,Male,Widowed,2024-05-19
CUST_e582,POL MAJ GEN Niracha Chowitunkit,nutkritabunlupong@yahoo.com,06-7170-0515,0959 Norramon Lodge,Darintown,Apisarastad,93829,Central,1996-10-25,Female,Single,2021-11-18
CUST_819d,Patchaploy Suraprachit,jaruwan20@gmail.com,06-7322-4926,843 Sorattanachai Points,East Jaruwanmouth,Sooksawangmouth,05225,Northern,1978-06-17,Male,Divorced,2024-11-16
CUST_fa86,Chayanin Kittakun,uwimolnot@gmail.com,06-2979-2514,07851 Sorawut Well Apt. 681,New Apisaraborough,Suwijuktown,26942,Northern,1992-11-22,Female,Married,2021-05-01
CUST_685b,Pachongruk Krittayanukoon,kongsriatit@hotmail.com,06-5346-2722,0761 Pannawich Ranch,North Chaiwut,North Teetat,59127,Central,1989-08-25,Other,Other,2024-04-24
CUST_89ab,Chawin Suraprachit,paktodsapornpitakul@yahoo.com,08-1867-6707,79772 Supasit Freeway Suite 122,Port Patchaployfort,Darinfurt,41268,Southern,1992-06-21,Male,Widowed,2025-11-18
CUST_4f42,Pachongruk Wimolnot,sarunpornsittisaowapak@gmail.com,06-2311-0970,988 Sitiwat Park Apt. 170,Sooksawangberg,East Anon,91027,Central,1990-05-09,Female,Other,2024-11-21
CUST_9883,Nattawun Kongchayasukawut,chalisa73@hotmail.com,09-5372-5265,9543 Kittakun Common,Anonbury,Pichpandechachester,56707,Central,1990-04-18,Female,Other,2025-05-25
CUST_5f77,Pattatomporn Chowitunkit,sujjaboriboonwassaya@gmail.com,06-9190-5237,197 Pachongruk Parks Apt. 674,South Nirachamouth,Kamalanonfort,98555,Northeast,2004-12-23,Male,Single,2023-07-03
CUST_5323,Sittikorn Prachayaroch,ratchanonbenchapatranon@hotmail.com,08-9833-6893,3900 Sitiwat Island,Lake Primaview,Suraprasertfurt,33139,Southern,1999-11-13,Female,Widowed,2024-11-14
CUST_a9be,Nutcha Vinyuvanichkul,pawan56@hotmail.com,06-4232-5499,349 Suraprachit Roads,East Sarunporn,Kongchayasukawutmouth,75032,Western,1989-04-13,Male,Single,2023-06-26
CUST_5bd7,Pawan Titipatrayunyong,yadapolauaypon@gmail.com,08-2632-9052,2345 Kamalanon Rapids Suite 115,Port Kulnunfort,Port Yanisaborough,11298,Central,1991-01-09,Female,Other,2022-01-11
CUST_a7c9,Yada Titipatrayunyong,utungkasethakul@yahoo.com,09-0333-0956,48041 Kamalanon Track,Patchaployborough,Methavorakulbury,91053,Northern,1987-03-21,Female,Widowed,2026-05-11
CUST_193e,Teetat Sittisaowapak,asiripaiboo@hotmail.com,09-7180-6021,5523 Wasunun Crossing,Suwijukshire,New Suvakitton,43212,Central,2008-09-20,Male,Other,2024-04-11
CUST_9c9a,Supasit Chaihirankarn,benchapatranonyanisa@yahoo.com,09-2312-9697,99274 Youprasert Summit Apt. 919,Wimolnotstad,South Suwijuk,78147,Northeast,2003-02-15,Female,Single,2025-08-24
CUST_de6c,Pattatomporn Suraprachit,sooksawangnutkrita@yahoo.com,09-3392-8971,97866 Jitrin Summit,Chalisabury,Nutchachester,56642,Northern,1990-03-06,Female,Widowed,2023-04-19
CUST_d0d7,POL COL Anon Turongkinanon,suraprasertchayanin@hotmail.com,06-2602-9146,3276 Wassaya Mission,Posaleetown,Kamalanonbury,31024,Western,1985-05-10,Female,Other,2021-01-16
CUST_1ebc,Pitipat Wimolnot,chaiwuthabpanom@gmail.com,06-7337-5261,04013 Chowitunkit Rue,Darinshire,Chaisatitbury,58302,Western,2003-06-27,Male,Other,2024-05-06
CUST_09c6,Aunyaporn Tungkasethakul,phusilarungruengpornchanok@yahoo.com,06-3966-6335,667 Vinyuvanichkul Forks,Pothanunmouth,North Chaiwut,75947,Central,2000-06-13,Other,Widowed,2026-05-06
CUST_d756,Supasita Prachayaroch,tianvarichniracha@gmail.com,09-3123-0350,07582 Nutwadee Junctions,Kulnunburgh,East Teetat,40176,Central,2002-10-27,Female,Single,2021-06-02
CUST_1962,Aunyaporn Pichpandecha,suraprachitjaruwan@yahoo.com,09-5076-6439,5860 Pitanuwat Vista,West Teetat,West Todsawun,62576,Northern,2008-07-10,Female,Widowed,2023-03-19
CUST_e84a,PO 3 Pakjira Titipatrayunyong,chawin78@hotmail.com,09-7361-2912,212 Nutwadee Crossing,Phenphitchaview,Chaihirankarnmouth,36925,Western,2007-04-03,Female,Other,2023-10-21
CUST_71e2,Pattapon Pitanuwat,noppakao51@yahoo.com,09-9752-6794,16917 Apisara Extension,Nutchafurt,Lake Apisaraborough,08756,Central,2002-12-19,Female,Married,2024-01-27
CUST_2c3f,POL SEN SGT MAJ Supasita Sooksawang,sooksawangpornchanok@gmail.com,09-3893-5466,30789 Niracha Pike,North Padatown,West Sorawut,80439,Eastern,2002-09-10,Male,Married,2025-10-28
CUST_1505,Peem Posalee,vethayasasapisara@yahoo.com,06-3634-9506,7510 Pattamon Shoal Suite 413,Sukhenaishire,Padastad,79517,Central,1992-11-05,Male,Widowed,2023-05-01
CUST_661b,Phubes Kamalanon,zpasuk@yahoo.com,09-5551-9631,0224 Pachongruk Expressway,Neerachapongchester,West Supasita,67486,Northern,1995-06-26,Male,Single,2023-11-10
CUST_7432,Phubes Phusilarungrueng,todsawunthantananont@yahoo.com,09-8038-0055,460 Prachayaroch Terrace Apt. 224,Norramonview,West Kamolchanok,46361,Southern,2008-08-03,Female,Divorced,2025-11-19
CUST_089e,Pattatomporn Chaihirankarn,jinjutachaihirankarn@hotmail.com,06-2533-9611,42160 Chanikan Well Apt. 198,Chaiwutville,North Jinjuta,40479,Northeast,1987-08-19,Female,Divorced,2023-02-25
CUST_6710,Aunyaporn Phusilarungrueng,polpopak@hotmail.com,08-0306-9931,4930 Anekvorakul Radial,Padatown,Nichakarnbury,03317,Northern,1985-07-12,Other,Married,2021-05-09
CUST_b0fc,Supasita Bunlupong,bunlupongkunaporn@hotmail.com,06-5106-6726,6772 Bunlerngsri Mews Apt. 622,Nutkritaville,South Teetattown,89650,Southern,2008-03-22,Other,Married,2025-06-10
CUST_a5c7,Pachongruk Chowitunkit,prachayarochsitiwat@yahoo.com,09-4023-1890,366 Permchart Tunnel,North Sittikornstad,Lake Pakjira,76738,Northern,1991-11-16,Female,Single,2025-05-25
CUST_ef35,Pachongruk Pasuk,wasununkamolchanok@gmail.com,08-1630-2659,9704 Pothanun Streets Apt. 135,Pintusornfurt,South Yadabury,03902,Northeast,2008-06-04,Male,Widowed,2025-12-16
CUST_2003,Pitipat Polauaypon,ratchanon60@yahoo.com,08-2820-9700,56485 Kongsri Plains Suite 115,South Pramesshire,West Pattaponside,11006,Northern,2008-11-25,Other,Married,2023-07-02
CUST_bc98,COL Sitiwat Charoensuksopol,srisoontornsuwijuk@gmail.com,09-2587-4006,397 Wannapaitoonsri Stravenue,East Tunchanok,Chaisatitchester,91009,Central,2007-07-17,Male,Single,2025-03-05
CUST_7519,Apisara Losatapornpipit,kamalanonnutwadee@gmail.com,09-8582-9436,832 Norramon Avenue Suite 696,Sooksawangville,Nirachaview,86184,Central,2003-10-25,Other,Widowed,2025-10-06
CUST_abfd,Pitipat Siripaiboo,prames70@gmail.com,06-0557-4429,319 Tunchanok Wall Suite 986,Sitiwathaven,South Chaiwutview,33948,Northern,1988-10-05,Female,Divorced,2021-04-22
CUST_ce19,Aunyaporn Neerachapong,spichpandecha@gmail.com,09-1401-7278,95221 Anekvorakul Island Suite 656,West Pattatomporntown,Todsapornpitakulhaven,05237,Central,2005-09-27,Male,Widowed,2023-09-20
CUST_c16e,Tunradee Suraprachit,anonprakalpawong@gmail.com,06-1429-7101,463 Matinawin Way,Parinville,Pannawichmouth,08208,Central,1995-06-18,Other,Widowed,2024-01-08
CUST_fcbb,Yada Benchapatranon,yanisapichpandecha@gmail.com,06-5693-6334,57880 Wasin Wall Suite 178,East Sittikorn,Wannapaitoonsriview,81805,Central,2000-10-15,Other,Single,2021-12-11
CUST_9e12,Kamolchanok Srisoontorn,vtianvarich@yahoo.com,08-3056-0386,98529 Thantananont Circle Apt. 348,Jinjutaville,Pattamonville,15849,Central,2004-09-09,Female,Single,2022-01-02
CUST_1fd1,PFC Nutcha Kamalanon,wasin22@hotmail.com,09-1690-4289,611 Prima Brooks Suite 035,Aunyapornville,Jitrinstad,76881,Northeast,2006-12-14,Other,Single,2024-09-25
CUST_a30a,CAPT Kunaporn Wimolnot,suvakit09@gmail.com,06-4865-9145,0658 Kumsoontorn Vista Apt. 685,Port Nutchaside,North Yada,77567,Northeast,2003-01-28,Female,Married,2022-02-23
CUST_7573,CPL Sittikorn Tungkasethakul,pasukchaiwut@gmail.com,08-4219-3066,849 Pikatsingkorn Key,Puntiraview,Port Pannawich,99717,Central,2001-10-07,Female,Widowed,2022-07-08
CUST_b3ac,POL GEN Kulnun Neerachapong,pannawich58@yahoo.com,06-3835-1648,604 Kodchaporn Dam,Sooksawangberg,Nirachatown,78348,Central,2002-09-26,Female,Divorced,2025-09-25
CUST_bb0f,SAMANERA Pattapon Vinyuvanichkul,lanekvorakul@yahoo.com,08-2771-4173,69212 Todsawun Plains Suite 181,Chayapatland,New Tunchanok,89896,Northern,1993-10-10,Female,Single,2024-03-17
CUST_bd44,Nichakarn Prayoonhong,rsooksawang@yahoo.com,09-9786-0437,595 Nutwadee Wall Apt. 260,West Pannawich,Chayapatland,15576,Western,1995-12-28,Female,Divorced,2024-09-07
CUST_5a80,Patcharaporn Benchapatranon,chanikan87@gmail.com,08-3072-4872,4014 Yada Crescent,Padaside,Chowitunkitmouth,96855,Northern,1997-01-04,Female,Widowed,2025-02-11
CUST_0902,Niracha Prakalpawong,todsawun10@gmail.com,09-4117-1220,1709 Niracha Street Apt. 347,Kumsoontorntown,Suraprasertfort,90056,Northern,2003-10-23,Other,Married,2026-05-24
CUST_72ea,Chanikan Pasuk,csiripaiboo@gmail.com,06-0915-2299,033 Pitanuwat Shore Apt. 640,North Prima,Wasinton,18745,Central,1991-11-05,Male,Divorced,2024-08-17
CUST_27da,Supasita Methavorakul,icharoensuksopol@hotmail.com,08-5663-0159,026 Nichakarn Hollow,East Parin,Kongchayasukawutport,56934,Northern,2001-05-25,Male,Widowed,2026-02-18
CUST_6cab,Supasit Matinawin,pattaponpolpo@hotmail.com,09-6000-9703,524 Pothanun Drives Apt. 324,Nirachashire,South Chanikan,14293,Western,1996-04-07,Female,Married,2024-10-20
CUST_e800,Chayanin Sukhenai,primachaihirankarn@hotmail.com,08-7449-7501,613 Wimolnot Via Apt. 465,West Chaiwutborough,Pitipatland,92960,Central,2008-11-08,Other,Other,2025-09-02
CUST_05ca,Chayapat Todsapornpitakul,chayanin53@hotmail.com,06-0690-3917,7415 Chomsri Prairie Apt. 429,North Sittikornside,Port Phenphitcha,28687,Eastern,2002-03-22,Female,Other,2025-02-07
CUST_fb18,Yada Pongpanitch,ubunlerngsri@yahoo.com,06-8850-5196,2950 Habpanom Wells Suite 305,Parinview,Pichpandechamouth,05839,Northern,1990-04-17,Female,Widowed,2021-09-19
CUST_1256,Noppakao Kittakun,pannawich53@gmail.com,06-7739-1180,549 Arisara Stravenue Apt. 523,Methavorakulstad,Kitprapamouth,68378,Northern,2008-10-19,Other,Widowed,2025-05-15
CUST_579f,LT Sorawut Wimolnot,sooksawangwasin@yahoo.com,06-7750-2783,4108 Pannawich Loaf,Nutwadeehaven,East Parin,59623,Northern,1984-04-22,Female,Married,2025-06-28
CUST_f1fd,Puntira Prakalpawong,wassayayouprasert@yahoo.com,08-2418-6019,582 Pikatsingkorn Islands,Lake Jaruwanburgh,Kittakunshire,88373,Northern,2007-02-21,Other,Other,2026-04-06
CUST_0347,Anon Kongchayasukawut,losatapornpipitchayapat@yahoo.com,06-3418-5240,10346 Permchart Circles,Port Nutkrita,Sittisaowapakchester,68679,Central,1994-05-21,Female,Single,2025-03-09
CUST_fb42,Kulnun Vethayasas,chaifahpermchart@yahoo.com,09-2370-1232,334 Wasunun Wall Suite 590,Pannawichborough,Jaruwanmouth,17223,Northeast,2001-01-06,Male,Other,2023-11-21
CUST_dcef,Pattatomporn Sorattanachai,rbunlerngsri@hotmail.com,09-8438-3501,0332 Phubes Road,Nirachachester,Darinmouth,48022,Central,2002-08-14,Male,Single,2026-04-09
CUST_a91c,Chaiwut Phusilarungrueng,chawin68@gmail.com,08-0270-4807,08297 Todsapornpitakul Spurs,West Supasita,Tunchanokmouth,21106,Northeast,1993-04-25,Male,Other,2026-01-18
CUST_3371,Pattamon Suraprachit,vethayasaspachongruk@yahoo.com,09-5360-3511,684 Jitrin Causeway Apt. 475,Chayapatview,Port Nirachachester,59822,Northern,2003-08-26,Female,Divorced,2026-05-04
CUST_8247,Kunaporn Methavorakul,puntira02@hotmail.com,09-6851-3827,38294 Jitrin Ridges Apt. 399,Kongsriville,Pornchanokfurt,39364,Western,1992-01-06,Male,Other,2024-05-03
CUST_2b14,POL GEN Apisara Titipatrayunyong,rbenchapatranon@gmail.com,08-1004-1530,5658 Nattawun Lane Apt. 394,Pasukborough,Lertsattayanusakville,12132,Northern,1982-03-02,Other,Divorced,2022-07-13
CUST_10c5,Jaruwan Prakalpawong,btitipatrayunyong@gmail.com,06-4066-3970,8517 Kumsoontorn Parks,Sarunpornland,Charoensuksopolland,55250,Central,2005-02-20,Other,Other,2026-02-24
CUST_9ccd,Chawin Turongkinanon,pikatsingkornsittikorn@gmail.com,08-5820-4661,3401 Sujjaboriboon Underpass,Siripaibooshire,New Pintusorn,90731,Central,2006-09-24,Female,Married,2021-08-24
CUST_4319,Nutcha Methavorakul,pitipatchaisatit@yahoo.com,09-8399-5284,7994 Jitrin Lakes Suite 700,North Thanatchaberg,East Nichakarnborough,36104,Central,1994-09-18,Female,Divorced,2026-03-21
CUST_54e4,Supasita Kitprapa,tunradeeprachayaroch@gmail.com,08-6657-6892,2373 Boonpungbaramee Turnpike Suite 873,Sorawutborough,West Chanikanfort,90426,Northern,2008-02-23,Other,Divorced,2021-06-17
CUST_5dcc,Pattamon Trikasemmart,noppakao43@hotmail.com,06-2674-8094,81256 Prachayaroch Summit,Nattawunport,Choeychuenstad,36986,Central,2002-09-12,Female,Other,2025-03-17
CUST_daec,Wassaya Boonpungbaramee,kongsrichawin@gmail.com,06-3195-6500,5570 Neerachapong Street Apt. 811,Tungkasethakulhaven,West Apisara,61700,Central,1989-10-21,Male,Married,2023-07-15
CUST_47e5,Pannawich Srisoontorn,chawinkrittayanukoon@gmail.com,06-1774-4042,623 Permchart Mountains Suite 224,Port Prima,Siripaibooville,34365,Central,1995-01-01,Male,Divorced,2026-03-01
CUST_696b,Jitrin Matinawin,wasununsitiwat@hotmail.com,08-1519-4343,394 Methavorakul Shore Apt. 196,West Kamolchanok,East Suwijukside,06237,Northeast,1993-09-18,Male,Divorced,2023-06-24
CUST_2a15,Pakjira Siripaiboo,pattamonkongchayasukawut@hotmail.com,09-4825-4555,51325 Pasuk Rue,Tunchanokchester,Port Phubes,24551,Central,2005-06-18,Other,Widowed,2022-07-09
CUST_c860,LT COL Thanatcha Pikatsingkorn,supasitprayoonhong@gmail.com,09-4105-2630,216 Nutcha Corner Apt. 007,Lake Darin,Lake Chaifah,76093,Central,1979-09-16,Female,Married,2025-12-04
CUST_4ddf,Sittikorn Bunlerngsri,pakjira56@yahoo.com,08-3373-1259,943 Pichpandecha Extension Apt. 591,West Teetatland,North Yadaport,80691,Northern,2008-01-24,Other,Widowed,2023-08-21
CUST_e491,Pattapon Lertsattayanusak,srisoontornsupasit@hotmail.com,09-6212-3983,484 Prames Avenue Suite 648,Sorattanachaiport,Wasununstad,01876,Central,1978-07-11,Male,Married,2023-01-05
CUST_8e28,Kunaporn Pianduangsri,chayapatpitanuwat@gmail.com,08-3739-0669,27334 Wassaya Orchard Apt. 994,Port Kamolchanok,Jitrinstad,21185,Central,1989-05-03,Other,Single,2022-05-27
CUST_dea1,Todsawun Tianvarich,phusilarungruengchanikan@yahoo.com,06-2072-3288,80993 Wimolnot Place,Pattatompornview,South Chayapatbury,93188,Western,1996-11-14,Female,Married,2024-12-26
CUST_f775,SGT Prames Matinawin,jprayoonhong@gmail.com,08-0341-8050,1111 Kitprapa Crossroad,Port Darin,West Noppakaoshire,39493,Northeast,1994-01-07,Other,Divorced,2021-01-02
CUST_32ec,Kamolchanok Srisoontorn,twimolnot@yahoo.com,06-8119-2580,17534 Kamalanon Trail Apt. 596,Peemfort,South Noppakao,85137,Central,1994-04-14,Male,Divorced,2024-03-24
CUST_e07a,Pada Pikatsingkorn,sarunporn33@yahoo.com,06-5315-0812,526 Choeychuen Gateway,Pikatsingkornshire,West Chaifahland,42903,Northern,2002-04-03,Female,Divorced,2025-06-15
CUST_bd32,Pannawich Srisoontorn,pkittakun@hotmail.com,08-2151-0684,989 Boonpungbaramee Crescent,South Pitipatview,Port Pintusorn,23952,Northeast,1989-08-13,Other,Widowed,2024-01-13
CUST_6cae,Aunyaporn Sireelert,kodchapornthantananont@yahoo.com,08-1592-5606,0702 Puntira Shoals Apt. 638,Pachongrukberg,New Padastad,68150,Eastern,2005-08-28,Male,Single,2025-12-19
CUST_805e,Patchaploy Sukhenai,chaisatitpawan@gmail.com,06-9260-8303,79129 Chayanin Loaf,South Pattamon,North Atit,91491,Northern,1994-02-07,Other,Married,2026-01-08
CUST_ae7d,Sitiwat Wimolnot,chanikananekvorakul@gmail.com,09-3380-2203,295 Chaifah Trafficway Suite 966,Chalisabury,Pitipatfort,32576,Central,1997-11-14,Female,Married,2026-04-16
CUST_8af5,Todsawun Prakalpawong,phubes31@gmail.com,09-4215-2308,6898 Patchaploy River,Peemview,South Patchaployfurt,70975,Northeast,1988-02-04,Female,Widowed,2021-10-13
CUST_7728,Parin Suraprachit,lpitanuwat@hotmail.com,06-1088-9434,552 Phusilarungrueng Squares Suite 478,Tianvarichstad,Port Teetathaven,46327,Southern,1993-07-20,Female,Widowed,2024-12-20
CUST_4a95,Chayanin Kongsri,yada77@yahoo.com,09-8685-0632,106 Kamalanon Mill,North Pak,Chalisaberg,97112,Northern,1997-05-11,Female,Widowed,2024-03-28
CUST_708e,Kodchaporn Polauaypon,tkamalanon@yahoo.com,06-0844-3861,9971 Phenphitcha Village Suite 316,South Jitrinshire,West Nutchaborough,16701,Central,1991-08-28,Other,Single,2023-04-21
CUST_23d0,Pitipat Choeychuen,wassaya58@yahoo.com,06-2229-6603,94573 Kongsri Turnpike Apt. 218,Kittakunchester,East Pakville,33999,Central,1990-04-06,Female,Divorced,2021-03-28
CUST_f132,Pachongruk Wimolnot,chayaninkongchayasukawut@gmail.com,08-1584-6870,49116 Sujjaboriboon Villages Suite 854,New Pitipat,South Pattamon,83316,Northern,1991-06-11,Female,Single,2025-03-15
CUST_eba1,Pattapon Prachayaroch,vmethavorakul@hotmail.com,08-8199-9365,09939 Chaifah Junction,Benchapatranonberg,Port Pattapon,18699,Western,1994-09-07,Female,Other,2021-03-05
CUST_116e,PO 3 Pak Kongchayasukawut,prakalpawongkunaporn@gmail.com,08-7538-4822,07161 Krittayanukoon Turnpike Apt. 927,North Noppakaohaven,North Sarunporn,53635,Northern,1979-10-04,Female,Single,2025-06-11
CUST_8c1b,Yanisa Kamalanon,chaihirankarnchanya@hotmail.com,09-4336-2571,549 Charoensuksopol Loop,South Jaruwanland,Wannapaitoonsrihaven,45519,Central,1997-06-05,Male,Divorced,2024-06-01
CUST_8393,Chayanin Pothanun,ythantananont@gmail.com,08-0013-3722,31885 Choeychuen Plain Suite 887,Port Teetatbury,Pasukland,87682,Eastern,2004-08-21,Male,Married,2025-02-27
CUST_6428,Nutkrita Losatapornpipit,anon72@gmail.com,06-7354-7459,1217 Kamalanon Views Apt. 527,New Aunyaporn,East Ratchanon,83584,Central,1989-01-13,Female,Single,2024-02-23
CUST_488a,Anon Polauaypon,pintusorn65@gmail.com,06-1760-9554,669 Atit Plain,Sittisaowapakview,Phubesland,11070,Northeast,1995-02-25,Other,Widowed,2026-03-03
CUST_1282,Wasin Sireelert,gcharoensuksopol@hotmail.com,06-4135-1984,902 Pawan Lake Suite 202,Wasununmouth,New Pannawichside,98608,Northern,1996-06-01,Male,Single,2023-03-06
CUST_6adf,Tunchanok Sireelert,nutchabunlupong@gmail.com,09-1293-1793,4937 Nichakarn Mountains,Port Ratchanonfort,Phubesfurt,34829,Northern,1998-11-14,Male,Single,2024-09-19
CUST_c455,Pannawich Turongkinanon,kodchaporn99@hotmail.com,08-9534-4215,39056 Sujjaboriboon Union Apt. 077,South Kulnunfort,South Sittikorn,74551,Northeast,1993-12-22,Female,Widowed,2026-05-27
CUST_71db,Kunaporn Prakalpawong,vinyuvanichkulkamolchanok@gmail.com,08-9436-5829,58176 Todsapornpitakul Dale,North Patcharapornberg,Atitberg,83350,Central,1998-01-05,Male,Other,2024-06-10
CUST_5821,Nutkrita Habpanom,teetat67@hotmail.com,08-6117-3093,662 Suvakit Glens,New Anonland,Chaihirankarnfort,56039,Eastern,1997-04-13,Other,Single,2023-07-08
CUST_4f17,Chalisa Pianduangsri,todsawunwasunun@hotmail.com,06-0716-7981,1397 Pakjira Lodge Apt. 308,Polpomouth,Methavorakulport,63355,Northern,1991-01-28,Other,Married,2022-07-25
CUST_7b0e,Pintusorn Kittakun,suraprasertjaruwan@gmail.com,09-6212-4406,764 Pak Isle,North Yanisaland,New Pitipatton,01313,Central,1992-11-06,Female,Married,2024-04-24
CUST_2e6f,Nutcha Chowitunkit,pichpandechawasin@hotmail.com,09-0204-4352,0195 Pakjira Stream,East Pakjiraview,Pannawichhaven,97342,Central,2001-12-28,Other,Divorced,2026-04-21
CUST_a85e,Tunchanok Siripaiboo,anonvinyuvanichkul@yahoo.com,08-4440-0071,988 Wasin Curve Apt. 109,West Sarunpornhaven,New Aunyaporn,13217,Northern,2006-09-06,Male,Other,2022-10-24
CUST_f1e0,Tunchanok Intaum,chaiwutpongpanitch@gmail.com,08-2533-0163,133 Pasuk Station Apt. 926,South Darinfort,Noppakaomouth,23493,Central,2003-11-16,Male,Married,2024-12-03
CUST_a680,Sittikorn Norramon,bunlerngsripannawich@gmail.com,08-6947-3895,3220 Kamolchanok Circle,New Sarunporn,Habpanomshire,41338,Northern,1983-02-05,Female,Divorced,2024-08-08
CUST_290d,Pak Vethayasas,yada20@hotmail.com,06-2702-2150,86045 Suraprachit Port,Methavorakulton,Port Chawinchester,14127,Southern,2003-10-27,Male,Widowed,2024-08-01
CUST_93c0,Sarunporn Pikatsingkorn,arisarasukhenai@gmail.com,06-1259-9507,395 Atit Mission,Port Nutwadee,Anonfurt,98109,Central,1985-09-25,Male,Single,2024-09-13
CUST_f506,Pornchanok Pongpanitch,sarunpornmatinawin@yahoo.com,09-9756-1103,10076 Jinjuta Crescent Suite 256,Suraprachitton,South Nutwadee,41833,Southern,1996-08-24,Female,Single,2022-12-12
CUST_5434,POL SGT MAJ Todsawun Todsapornpitakul,sitiwatchoeychuen@gmail.com,09-0313-8556,21858 Kitprapa Ridge,New Pak,East Apisaraport,55191,Central,1995-06-13,Other,Married,2024-03-21
CUST_37fc,S M 2 Patcharaporn Prakalpawong,pintusorn00@hotmail.com,08-0211-3747,40968 Chowitunkit Inlet Suite 505,Nutkritafurt,Habpanomton,38389,Central,2006-06-14,Female,Divorced,2025-05-04
CUST_d9a9,Noppakao Turongkinanon,chanikan27@hotmail.com,09-5033-6232,20681 Phenphitcha Locks Apt. 511,Pitipatshire,South Nattawunmouth,75246,Northeast,2004-08-03,Female,Divorced,2021-06-16
CUST_e49b,Yada Sukhenai,lchomsri@hotmail.com,09-6308-9031,903 Sireelert Causeway,Nattawunmouth,New Chawinburgh,59995,Central,2000-02-22,Male,Widowed,2024-04-03
CUST_44fb,Pitipat Sooksawang,pothanunjaruwan@hotmail.com,08-9800-8154,50561 Anon Lodge,Tungkasethakulland,West Jitrinbury,13473,Central,2001-09-21,Female,Married,2021-12-26
CUST_2185,Puntira Bunlupong,chaisatitatit@hotmail.com,06-0235-3230,400 Ratchanon Cliff,Intaumville,West Sitiwat,33680,Northern,1994-03-21,Other,Divorced,2021-06-21
CUST_ede9,Phenphitcha Pongpanitch,cpolauaypon@hotmail.com,09-1147-5829,6893 Wassaya Trail,Kamalanontown,Pintusornhaven,96810,Central,1992-12-25,Female,Widowed,2026-03-23
CUST_8172,Patcharaporn Siripaiboo,zphusilarungrueng@gmail.com,08-8556-4090,87836 Anekvorakul Drives Apt. 265,Puntiraburgh,West Chayaninstad,71370,Northern,1999-05-20,Other,Divorced,2023-08-20
CUST_7cf4,Ratchanon Chaisatit,opongpanitch@hotmail.com,08-6176-0200,30107 Prachayaroch Highway,Chaisatitchester,Todsawunmouth,92607,Central,2003-02-09,Female,Widowed,2026-04-01
CUST_b24e,Puntira Krittayanukoon,pachongrukprayoonhong@yahoo.com,08-5824-8643,783 Wassaya Summit Suite 079,Jinjutafort,Port Kulnun,85816,Central,1998-03-09,Male,Married,2023-03-21
CUST_d3fe,Yada Youprasert,tungkasethakulnutcha@gmail.com,09-1978-1649,131 Sooksawang Squares Apt. 657,Jitrinside,Pattamonmouth,88500,Northeast,1986-01-09,Male,Other,2022-02-22
CUST_e0a4,Pachongruk Permchart,thanatcha69@yahoo.com,09-6770-6430,6365 Bunlupong Knoll,Pasukborough,Lertsattayanusakhaven,04651,Western,2006-12-17,Female,Divorced,2025-11-24
CUST_17ab,Puntira Sireelert,benchapatranonsarunporn@hotmail.com,09-2663-5819,5285 Trikasemmart Street Apt. 075,West Pattatomporn,Port Sitiwat,78689,Northern,1999-04-23,Other,Divorced,2026-03-28
CUST_fac6,Aunyaporn Bunlupong,anonprachayaroch@yahoo.com,09-9905-9032,80879 Chaisatit Walks Apt. 402,East Nutchabury,Wasununshire,37033,Northern,2003-01-07,Female,Divorced,2022-11-05
CUST_77cc,Noppakao Kumsoontorn,titipatrayunyongchalisa@gmail.com,09-4872-8519,3177 Jaruwan Brook Apt. 028,Losatapornpipitport,Lake Pattatompornview,83635,Northern,2005-09-13,Male,Married,2024-08-03
CUST_8e72,Patchaploy Suraprachit,kamolchanokchomsri@yahoo.com,08-0523-1980,7350 Wimolnot Station,Kodchapornville,Intaumfort,74772,Central,1990-08-23,Female,Divorced,2023-12-05
CUST_e9be,Pada Krittayanukoon,niracha58@hotmail.com,06-2809-5911,498 Srisoontorn Forge,New Chanyaside,Kunapornville,43913,Northeast,1986-01-20,Male,Married,2024-09-10
CUST_d530,Tunchanok Chomsri,tunchanoksukhenai@yahoo.com,09-9604-4359,70129 Pichpandecha Lodge,Habpanomview,Chanyahaven,94307,Central,1997-03-17,Male,Divorced,2025-05-05
CUST_cf85,Kunaporn Sittisaowapak,pichpandechapannawich@gmail.com,08-5811-7687,116 Sireelert Path,Anonborough,East Chayapat,15746,Central,2004-09-18,Other,Married,2022-06-21
CUST_f66f,Chanya Pianduangsri,ysrisoontorn@yahoo.com,09-4775-1415,2301 Noppakao Village Apt. 894,West Puntiraborough,Nichakarnchester,49253,Central,2004-10-23,Male,Divorced,2024-11-15
CUST_9a6b,Yada Pitanuwat,supasitathantananont@gmail.com,08-5448-2269,084 Youprasert Underpass,Primaville,South Nutkrita,08470,Northeast,1995-03-23,Male,Single,2026-03-10
CUST_b3ff,Todsawun Matinawin,nichakarnpasuk@yahoo.com,09-4991-5309,889 Pothanun Plains Suite 564,Kamalanonland,Sitiwatburgh,57278,Northern,1989-07-21,Female,Divorced,2023-04-13
CUST_e16d,Kulnun Krittayanukoon,pasukpawan@gmail.com,06-3057-2721,718 Pachongruk Isle Apt. 847,New Pawanshire,West Tunradeeshire,47297,Northern,1997-09-14,Female,Single,2024-10-21
CUST_4efc,Suvakit Krittayanukoon,pachongruk77@gmail.com,08-0945-0993,418 Intaum Turnpike Suite 310,Kamalanonville,Suraprachitbury,13336,Central,1999-08-25,Other,Other,2024-08-20
CUST_269b,Nichakarn Sorattanachai,prachayarochpitipat@hotmail.com,06-9596-2948,73625 Apisara Shores Suite 891,Pawanhaven,Kamolchanokville,51825,Northeast,1976-01-02,Male,Other,2021-02-06
CUST_b7b0,LT COL Pachongruk Bunlerngsri,qprachayaroch@yahoo.com,08-3546-7827,892 Prayoonhong Meadow,Sujjaboriboonland,Lake Jinjuta,39618,Central,2000-11-22,Male,Single,2025-10-03
CUST_67e4,Pintusorn Siripaiboo,sittikornsujjaboriboon@gmail.com,09-5499-3763,98236 Choeychuen Canyon Suite 431,South Kulnun,Port Peem,28753,Northeast,1996-01-18,Male,Other,2023-08-20
CUST_afa0,MRS Sorawut Choeychuen,chanya89@yahoo.com,08-3853-6923,4902 Chaihirankarn Club,Thanatchaville,Habpanomstad,33752,Northern,2002-04-22,Male,Married,2024-04-13
CUST_87ce,Ratchanon Wimolnot,ssrisoontorn@gmail.com,08-4657-5627,789 Norramon Trail,West Chaiwut,Lake Atit,40637,Western,1990-03-10,Female,Married,2021-10-25
CUST_8bda,Patchaploy Youprasert,mprayoonhong@gmail.com,08-8165-8822,8608 Thanatcha Squares Apt. 654,Phenphitchahaven,North Patcharaporn,14530,Northeast,1994-06-01,Male,Widowed,2022-05-08
CUST_7217,Patcharaporn Prachayaroch,kulnunchowitunkit@yahoo.com,06-4763-8620,86548 Boonpungbaramee Cape,Suraprasertville,Lake Kunaporn,75233,Northern,1992-05-20,Female,Widowed,2023-06-08
CUST_7cdd,Pachongruk Suraprasert,patcharaporn74@hotmail.com,06-4087-6489,3454 Youprasert Crossroad Apt. 962,Atitview,New Pintusorn,41560,Northern,1995-10-04,Male,Single,2025-10-09
CUST_1870,POL L/C Jinjuta Suraprasert,yadaprachayaroch@yahoo.com,08-2104-3398,919 Todsapornpitakul Fork Suite 325,Chayapatburgh,Sorawuttown,28774,Central,1997-04-17,Female,Married,2024-12-02
CUST_f351,Supasit Losatapornpipit,thanatcha35@hotmail.com,06-9139-8208,820 Anon Coves Suite 104,Yanisastad,Trikasemmarthaven,17128,Central,2002-08-24,Other,Married,2023-08-06
CUST_dcec,Niracha Kongchayasukawut,nattawunturongkinanon@yahoo.com,09-9201-7848,635 Chanikan Overpass Suite 028,North Patchaploybury,New Anonview,61721,Northern,1994-11-04,Female,Divorced,2024-03-16
CUST_3e26,Pintusorn Trikasemmart,yada09@gmail.com,09-1501-9005,80751 Pichpandecha Junction,South Todsawun,Sooksawangstad,83290,Central,1996-06-21,Female,Widowed,2023-02-11
CUST_23a0,Thanatcha Kongsri,kodchaporn58@hotmail.com,09-8941-9881,1630 Pachongruk Divide,Arisarachester,North Chanikan,85204,Central,2006-10-22,Female,Divorced,2024-01-02
CUST_e5c3,PHRAKHU SAMU Jitrin Suraprasert,primaprakalpawong@hotmail.com,08-3696-7684,397 Pasuk Way,East Nutchatown,South Apisarachester,37256,Central,1990-09-20,Female,Widowed,2024-11-18
CUST_92e9,Jinjuta Vethayasas,sarunporn08@hotmail.com,09-5986-3879,295 Lertsattayanusak Cliff,Choeychuenville,New Tunradee,94174,Central,1984-04-11,Other,Divorced,2025-06-21
CUST_fa1a,Jaruwan Methavorakul,cchowitunkit@yahoo.com,06-6546-6005,47193 Tianvarich Pass,Port Pachongrukton,South Nutwadee,91604,Northeast,1998-11-06,Other,Divorced,2021-02-12
CUST_2d60,Pakjira Pasuk,patchaployanekvorakul@gmail.com,08-8418-2412,694 Arisara Brooks Suite 992,Wasununchester,North Puntira,46911,Eastern,2001-12-23,Female,Married,2023-03-14
CUST_8635,Nutkrita Sukhenai,jaruwanbenchapatranon@hotmail.com,09-4564-1842,5617 Sooksawang Isle,New Suvakit,Phenphitchaside,17793,Northern,1999-04-26,Other,Married,2021-11-11
CUST_dc2d,Sarunporn Matinawin,sittikornkittakun@gmail.com,09-0754-0171,75151 Pongpanitch Flats,Thantananontview,East Jitrinburgh,84207,Northern,2001-01-07,Other,Married,2025-09-22
CUST_dbcc,Pintusorn Pitanuwat,bunlerngsripeem@gmail.com,09-0365-5005,6227 Boonpungbaramee Via,North Pintusorn,Wassayaside,56703,Central,1997-10-27,Male,Married,2024-07-01
CUST_cc6c,Chayapat Kitprapa,xpianduangsri@hotmail.com,06-7539-2939,01591 Charoensuksopol Pike Suite 906,Padahaven,Wannapaitoonsrifurt,53594,Western,2002-01-09,Male,Married,2026-04-04
CUST_b0b3,Nutwadee Choeychuen,trikasemmartratchanon@yahoo.com,09-5848-0957,37052 Sireelert Pine Suite 325,East Tunradeeburgh,New Yadaton,14179,Northern,2002-03-10,Female,Single,2021-07-18
CUST_7a14,Puntira Siripaiboo,chaiwutyouprasert@gmail.com,09-3851-4351,4075 Charoensuksopol Courts,New Chayapat,East Phenphitchaburgh,26543,Southern,1999-07-26,Other,Divorced,2024-06-17
CUST_5ea0,Sarunporn Kitprapa,jinjuta14@hotmail.com,09-6872-4360,17152 Phenphitcha Shores Suite 041,North Atit,New Sitiwatland,27429,Central,1994-11-05,Male,Other,2023-11-26
CUST_a74b,Pada Todsapornpitakul,parinprachayaroch@gmail.com,08-4842-7707,4914 Noppakao Trail Suite 159,Srisoontornville,West Chayapatton,72871,Northern,2006-01-01,Female,Other,2022-07-24
CUST_6b88,Sittikorn Habpanom,xphusilarungrueng@hotmail.com,08-0800-9711,691 Sarunporn Ville Apt. 248,New Aunyaporn,Wannapaitoonsrihaven,04072,Northern,1992-01-06,Male,Divorced,2023-08-15
CUST_eb95,Atit Kongsri,posaleepak@yahoo.com,08-2288-8449,4807 Permchart Corner Apt. 415,Yanisahaven,Charoensuksopoltown,59271,Central,1993-04-03,Female,Single,2021-02-06
CUST_8474,POL COL Atit Kamalanon,rsukhenai@gmail.com,06-2275-6428,483 Kodchaporn Drives Apt. 352,Methavorakulberg,New Yanisa,76864,Northern,2001-08-23,Female,Widowed,2022-10-08
CUST_edee,Ratchanon Polauaypon,srisoontornsittikorn@yahoo.com,08-5036-8756,99241 Norramon Walk,North Arisaraburgh,Port Nutcha,59084,Northern,2006-11-01,Female,Single,2023-01-01
CUST_fb21,Chawin Benchapatranon,apisarasukhenai@hotmail.com,06-8895-7532,3930 Prayoonhong Courts Suite 091,Permchartstad,Lake Niracha,95805,Northern,1993-10-14,Male,Married,2024-02-17
CUST_f77b,Kamolchanok Sorattanachai,phenphitchamethavorakul@gmail.com,09-9405-6358,2926 Apisara Prairie Apt. 204,Srisoontornton,Charoensuksopolhaven,40449,Northern,1988-04-06,Male,Divorced,2025-03-06
CUST_7963,Pak Charoensuksopol,pada97@yahoo.com,08-0152-3539,41766 Pachongruk Ports,East Pachongrukport,Supasitview,98550,Northern,2008-06-27,Female,Widowed,2025-02-11
CUST_1b05,Sarunporn Kumsoontorn,suvakit61@hotmail.com,09-9679-0895,4018 Kamolchanok Road,Lake Pawantown,Port Jaruwan,16085,Northern,1996-12-04,Female,Single,2023-04-09
CUST_86d2,Pitipat Norramon,pawanwasunun@yahoo.com,09-1259-1598,83494 Chayanin Forges,Intaumville,Pothanunfort,83003,Northern,1995-04-04,Male,Married,2023-01-21
CUST_c5c1,Aunyaporn Kamalanon,pitipat98@gmail.com,08-9293-3490,60802 Nutwadee Mountains,West Teetatstad,North Nichakarnborough,70583,Western,1990-12-11,Other,Other,2025-02-14
CUST_a73f,V ADM Yanisa Srisoontorn,chanyasujjaboriboon@yahoo.com,08-2708-4486,173 Teetat Island,East Todsawunburgh,West Pakview,94386,Central,2007-04-08,Other,Other,2025-02-14
CUST_b099,Wassaya Choeychuen,darin98@gmail.com,08-0104-3069,4922 Sukhenai Plains,Darinton,Lake Pattamon,11842,Central,2000-07-28,Other,Divorced,2023-07-03
CUST_e88c,Todsawun Sooksawang,patcharapornanekvorakul@gmail.com,09-0432-9195,611 Kulnun Garden Suite 689,Lake Chawinview,Kumsoontorntown,68338,Central,1996-02-18,Other,Single,2025-03-20
CUST_6a28,Anon Thantananont,prima24@gmail.com,09-8014-6133,81154 Lertsattayanusak Mountain,North Pannawichfort,Kamolchanokview,55955,Central,1987-11-26,Female,Married,2025-10-16
CUST_6f79,Pattamon Prachayaroch,kunapornneerachapong@hotmail.com,08-0650-8929,8747 Choeychuen Shoal,Patchaployfurt,New Tunchanok,77618,Northeast,2002-08-26,Female,Divorced,2022-08-27
CUST_a485,Sittikorn Suraprasert,neerachapongjaruwan@yahoo.com,06-9431-3308,245 Sarunporn Lights,West Kodchaporn,Chanyaland,04546,Northeast,1991-12-12,Female,Single,2024-06-04
CUST_f424,S M 2 Nattawun Pitanuwat,thantananontchalisa@gmail.com,08-9213-3559,3474 Chayapat Route Apt. 054,Krittayanukoonstad,North Thanatchaland,34498,Northern,2003-09-17,Other,Married,2025-07-05
CUST_d7bd,Kunaporn Pitanuwat,osuraprachit@hotmail.com,09-1188-1064,533 Phusilarungrueng Neck Apt. 162,New Pawanport,East Yanisa,89059,Central,1983-09-17,Other,Other,2022-11-25
CUST_aa46,Pattapon Tungkasethakul,cprayoonhong@gmail.com,08-1496-3823,7505 Sorattanachai Points,Jitrinchester,Port Pada,90276,Northeast,2008-04-14,Female,Other,2021-07-17
CUST_3086,Nattawun Anekvorakul,arisara77@hotmail.com,09-7377-7926,71663 Pornchanok Square Apt. 476,Siripaibooport,New Nattawunland,25937,Northern,1998-01-28,Male,Single,2024-08-13
CUST_7eab,Ratchanon Matinawin,kamalanonpachongruk@gmail.com,09-6828-5215,6589 Atit Junction,Habpanomstad,East Pintusorn,67729,Northeast,2006-01-06,Female,Single,2024-12-23
CUST_f28f,Pattamon Methavorakul,patchaploy12@hotmail.com,09-7967-7855,843 Polpo Fall Suite 724,Port Supasitmouth,Vinyuvanichkulfurt,83529,Southern,1986-05-09,Female,Single,2023-09-09
CUST_e953,POL SUB LT Aunyaporn Krittayanukoon,chanyaprayoonhong@hotmail.com,08-6895-8715,518 Parin Station,Port Chaiwutmouth,Lake Chanyaside,38310,Northern,2001-09-25,Male,Married,2023-02-04
CUST_087f,FS 3 Tunchanok Siripaiboo,swasunun@gmail.com,06-7568-5121,17611 Jinjuta Rest Apt. 685,West Kamolchanok,Sarunpornfort,66519,Central,1993-12-05,Other,Married,2023-01-26
CUST_4352,Darin Suraprasert,llosatapornpipit@gmail.com,09-1730-6563,429 Chawin Ford Apt. 978,Port Nutkrita,East Apisara,93248,Central,1991-07-01,Female,Single,2024-01-01
CUST_8a31,Ratchanon Prachayaroch,nchowitunkit@yahoo.com,06-1047-2866,7966 Puntira Turnpike,South Parinshire,Lake Peem,96642,Northern,1992-12-12,Female,Single,2021-02-09
CUST_8cb9,Pada Choeychuen,norramonpattamon@yahoo.com,09-1795-5407,00931 Phubes Parks Apt. 479,East Yadatown,South Chayanin,82243,Central,1997-04-22,Male,Single,2023-03-11
CUST_9353,Arisara Pasuk,anekvorakularisara@yahoo.com,06-4375-7970,408 Kongchayasukawut Pine,North Thanatcha,Lake Jitrintown,81968,Northern,1995-10-18,Other,Single,2025-09-14
CUST_e028,Puntira Chaisatit,ratchanon50@gmail.com,08-0028-4189,0839 Tunradee Unions,Patcharapornview,East Nutchahaven,31424,Northeast,2000-11-09,Male,Widowed,2024-08-22
CUST_d8e7,Supasit Pongpanitch,qlosatapornpipit@hotmail.com,08-5634-9701,068 Pintusorn Lodge Suite 952,South Todsawunfort,Pakjirafurt,63177,Northern,1987-01-08,Other,Divorced,2024-02-05
CUST_c10d,Jaruwan Sujjaboriboon,prames30@yahoo.com,09-4390-3710,3612 Aunyaporn Gardens Apt. 901,Chawinfurt,East Apisara,34014,Central,2007-04-13,Other,Married,2024-10-22
CUST_4c11,Atit Prayoonhong,prima91@yahoo.com,09-5575-8506,5875 Patchaploy Cove,Posaleeport,West Chawin,58024,Northeast,1996-12-22,Female,Other,2022-02-23
CUST_07e7,Pintusorn Vinyuvanichkul,pachongruk73@yahoo.com,09-6542-9632,86969 Nutcha Trafficway Suite 957,West Atit,Chaifahfurt,19945,Northern,2005-03-06,Female,Married,2023-03-10
CUST_2970,SUB LT Nichakarn Suraprachit,chaiwutpolauaypon@yahoo.com,08-9364-7563,88969 Chowitunkit Fields Apt. 009,Port Supasitafort,New Todsawun,93872,Northeast,1989-08-08,Male,Married,2025-10-03
CUST_1866,Sarunporn Norramon,phubesbenchapatranon@hotmail.com,09-0150-5639,985 Kongchayasukawut Coves,Pattamontown,Supasitaville,27722,Central,1992-11-23,Other,Single,2024-01-22
CUST_b181,COL Phenphitcha Bunlerngsri,vsujjaboriboon@hotmail.com,06-3592-0656,4789 Niracha Points,North Chayapatmouth,Lake Kamolchanok,72693,Central,1995-05-20,Female,Other,2024-08-28
CUST_8dfe,Kamolchanok Turongkinanon,chanikansuraprachit@yahoo.com,09-5612-1543,49388 Pachongruk Squares,South Jitrinfurt,Wassayaborough,50331,Central,2003-09-16,Female,Single,2023-04-01
CUST_abde,Pattatomporn Youprasert,pintusorn99@hotmail.com,09-7029-9316,2492 Kumsoontorn Street,Sukhenaiport,Sujjaboriboonport,09693,Northeast,2000-10-25,Female,Other,2024-09-25
CUST_728c,Peem Kamalanon,kunaporn57@hotmail.com,09-8349-4724,06186 Phusilarungrueng Court Apt. 036,Supasitmouth,Youprasertstad,58968,Central,2008-03-12,Other,Widowed,2024-12-24
CUST_0bc0,Pannawich Habpanom,pannawich97@hotmail.com,09-1857-5079,02542 Yanisa Underpass Apt. 937,West Tunradee,Kamalanonside,37468,Northern,1983-07-03,Male,Divorced,2022-05-27
CUST_ecaa,Apisara Kamalanon,suvakitchowitunkit@hotmail.com,06-9169-4652,551 Choeychuen Forge Suite 963,Todsawunberg,East Jinjutamouth,35626,Northern,1994-07-25,Other,Single,2021-04-25
CUST_008d,PHRABAIDIKA Pada Prakalpawong,aunyapornprachayaroch@gmail.com,06-8682-7793,8345 Prakalpawong Vista,Patcharapornton,Lake Nichakarn,68744,Eastern,1989-01-16,Male,Other,2021-02-24
CUST_96c3,Chaifah Sujjaboriboon,teetat59@hotmail.com,08-3444-5960,77601 Chayapat Gateway Apt. 112,East Puntiraburgh,Todsawunview,42963,Central,2003-07-13,Other,Married,2022-01-01
CUST_90fc,Chalisa Pothanun,ewannapaitoonsri@hotmail.com,08-9658-6748,23513 Titipatrayunyong Oval Suite 153,Pongpanitchhaven,Darinmouth,05130,Northeast,2005-03-15,Other,Single,2024-04-19
CUST_5564,Supasita Phusilarungrueng,apisarakongsri@gmail.com,06-5943-3626,9569 Pawan Rapids Apt. 773,Pasukborough,West Supasitatown,38645,Central,2008-11-14,Other,Married,2024-04-03
CUST_f6ba,Pachongruk Titipatrayunyong,vethayasaswasin@yahoo.com,09-7252-1611,29414 Chaisatit Crossing Suite 560,Aunyapornburgh,North Chayapat,08307,Central,2004-01-09,Other,Married,2025-08-04
CUST_c35d,Peem Neerachapong,pintusornsukhenai@yahoo.com,06-1416-3496,6834 Posalee Locks Suite 869,West Darinchester,Wimolnotshire,82083,Northern,1993-05-08,Other,Single,2024-08-19
CUST_ed4e,Kamolchanok Sireelert,xbunlerngsri@gmail.com,08-9119-1376,47145 Vethayasas Stravenue,Nichakarnstad,Kulnunshire,11760,Northern,2001-12-26,Female,Widowed,2021-11-08
CUST_9244,Chaiwut Suraprasert,yanisa56@hotmail.com,06-7880-4429,33692 Pawan Extensions,Nichakarnview,Sarunpornshire,41159,Northern,1995-07-25,Female,Single,2023-08-12
CUST_f3a6,Patcharaporn Pongpanitch,kamalanonpeem@gmail.com,08-7438-4737,31025 Bunlupong Alley Apt. 592,West Pramesshire,Tunradeeville,95691,Central,1990-01-06,Male,Widowed,2021-09-09
CUST_0a6d,Sorawut Polpo,chaiwut00@yahoo.com,08-0118-7347,89968 Chaiwut Crossroad Suite 599,Pakjirastad,Todsawunchester,80401,Northeast,1992-12-25,Male,Divorced,2022-12-21
CUST_2603,Pattamon Kittakun,nutkritasiripaiboo@gmail.com,09-7462-1063,5741 Pasuk Burgs,West Pawan,North Thanatcha,44047,Northeast,2001-06-02,Other,Divorced,2023-12-22
CUST_00f0,Chayapat Pasuk,sireelertchawin@hotmail.com,06-5536-6215,48632 Pattamon Corners Suite 729,South Nichakarn,West Phubes,27718,Central,1996-09-09,Other,Other,2023-11-02
CUST_448a,Peem Anekvorakul,pramescharoensuksopol@gmail.com,09-8082-4434,9436 Wasin Place,Sarunpornport,Wassayaton,47274,Eastern,1989-04-06,Female,Other,2023-04-16
CUST_5b81,Anon Turongkinanon,suwijuk52@yahoo.com,06-9521-7756,3906 Pintusorn Forge,New Primamouth,Pitanuwatbury,96116,Northern,1985-10-05,Male,Other,2023-05-05
CUST_59e6,Wasin Benchapatranon,suraprasertparin@gmail.com,06-5149-1288,98381 Jitrin Knoll Apt. 585,Lake Nutwadeefurt,Lake Chayapattown,77204,Central,1994-10-09,Other,Widowed,2024-08-15
CUST_6c6f,Pitipat Siripaiboo,kamolchanok26@gmail.com,08-0891-7061,33941 Pachongruk Haven Apt. 846,Tianvarichberg,East Chayanin,87703,Central,1993-09-14,Other,Single,2024-11-20
CUST_7c67,POL CAPT Darin Chaisatit,utodsapornpitakul@gmail.com,08-2408-1553,025 Jitrin Plain Apt. 902,Pitanuwatside,Port Yanisa,41401,Northeast,1994-07-12,Other,Divorced,2021-10-07
CUST_8177,Phenphitcha Phusilarungrueng,rtianvarich@hotmail.com,06-5276-0748,71093 Pitanuwat Port Apt. 602,East Sitiwatfurt,Prachayarochshire,12892,Western,1979-03-21,Female,Divorced,2023-04-15
CUST_87e3,Darin Posalee,todsawun46@hotmail.com,06-0968-9874,700 Sittikorn Overpass Suite 233,Lake Kunapornmouth,North Patcharaporn,67725,Central,2008-07-24,Other,Divorced,2024-11-21
CUST_7e26,Supasit Pianduangsri,patcharapornsittisaowapak@hotmail.com,09-6655-2018,074 Sitiwat Gardens Apt. 569,New Wasin,Chayaninchester,73587,Northern,1994-10-14,Other,Other,2025-01-17
CUST_c96c,Kamolchanok Charoensuksopol,tunradeetungkasethakul@hotmail.com,09-2316-5884,29240 Sireelert Rest,Sittikornport,Apisaraport,28483,Central,2001-06-01,Other,Other,2022-03-18
CUST_0487,FS 3 Noppakao Kamalanon,qsuraprachit@hotmail.com,08-0113-7566,7459 Nattawun Curve Apt. 367,New Atitport,Lake Nutkrita,52390,Central,2004-07-05,Other,Single,2024-01-16
CUST_c490,Noppakao Tianvarich,prames76@gmail.com,09-0216-9624,79499 Pak Loop Suite 847,Port Kamolchanokstad,South Supasitmouth,90917,Central,1997-03-05,Other,Other,2024-01-11
CUST_2983,Pachongruk Pongpanitch,prachayarochkodchaporn@gmail.com,06-0821-4892,0364 Choeychuen Forges,New Chanikan,Port Sittikornbury,34949,Central,1998-05-25,Other,Widowed,2023-06-07
CUST_a691,Kamolchanok Intaum,ratchanon73@gmail.com,09-0749-8702,269 Darin Gardens,East Peem,Kamalanonborough,15287,Central,2001-03-23,Female,Married,2023-10-22
CUST_862d,Chayanin Wasunun,ymatinawin@yahoo.com,09-5250-0660,625 Sittikorn Shoal Apt. 042,Krittayanukoonshire,Pakjiratown,84421,Northeast,1995-03-02,Male,Widowed,2022-06-10
CUST_0b9f,Atit Prachayaroch,sireelertkulnun@yahoo.com,09-9284-6100,4515 Puntira Bypass Apt. 730,Krittayanukoonview,Port Prames,68607,Northern,2001-09-09,Other,Married,2024-10-08
CUST_7685,Nutwadee Anekvorakul,jitrinchowitunkit@yahoo.com,06-6011-4155,697 Wassaya Cliff,East Chalisa,West Darinmouth,05633,Northeast,2007-07-23,Male,Divorced,2023-09-16
CUST_2844,Chanikan Intaum,ssuraprasert@hotmail.com,06-6150-9204,788 Permchart Ridges,Pattamonfurt,Sooksawangland,14681,Central,2002-09-12,Female,Divorced,2021-07-26
CUST_85e4,Thanatcha Sukhenai,cchaisatit@yahoo.com,08-5163-3099,66082 Thanatcha Dale,Pichpandechaburgh,Todsawunberg,41826,Northeast,2008-01-11,Female,Divorced,2025-01-11
CUST_6f5f,Darin Titipatrayunyong,pintusornnorramon@gmail.com,08-1428-2434,93347 Sittikorn Ridge,South Chaiwut,North Pannawichton,94410,Northern,2008-09-02,Male,Married,2023-02-06
CUST_526f,Pattamon Suraprachit,xsuraprasert@hotmail.com,09-5147-5323,33729 Benchapatranon Ferry Apt. 958,Sireelertville,Jitrinside,82420,Central,1994-04-27,Female,Divorced,2023-02-11
CUST_3ba4,Todsawun Sittisaowapak,pakneerachapong@gmail.com,08-8791-0972,818 Kulnun Skyway,Kamalanonborough,East Parin,95998,Northeast,2006-03-27,Female,Widowed,2023-04-25
CUST_3e42,POL SUB LT Nichakarn Wasunun,titipatrayunyongyanisa@hotmail.com,06-7392-8901,84219 Chayapat Ford Apt. 850,New Anonshire,Wasununmouth,06407,Central,1998-08-14,Female,Other,2022-12-25
CUST_0648,Pattamon Chowitunkit,jaruwan80@yahoo.com,09-3528-1761,292 Sittisaowapak Road,Kamolchanokside,Pintusornview,16242,Central,2002-05-10,Male,Single,2026-02-24
CUST_fd9a,Pada Todsapornpitakul,pintusorntungkasethakul@gmail.com,08-3365-1168,08974 Sukhenai Mission,New Supasitberg,Sorawutfurt,69466,Northern,2002-04-24,Other,Single,2023-03-24
CUST_94d7,Pada Chaisatit,iintaum@yahoo.com,06-0691-8711,46329 Polauaypon Freeway Suite 627,Jinjutaview,West Chalisaville,30645,Western,1997-10-15,Other,Divorced,2024-06-28
CUST_90de,Kunaporn Sujjaboriboon,rphusilarungrueng@hotmail.com,06-3580-3286,768 Sarunporn Groves Suite 383,Sorattanachaihaven,East Darin,43332,Northeast,2001-01-27,Female,Other,2023-03-20
CUST_fc15,Chawin Sireelert,wasununsittikorn@yahoo.com,08-2052-9374,035 Patchaploy Shore Apt. 531,Pikatsingkornside,Port Nattawunton,02215,Northern,1996-08-10,Other,Other,2023-05-11
CUST_b898,Prima Kamalanon,pawanprachayaroch@hotmail.com,08-2228-1113,98836 Bunlupong Square,Kumsoontornport,Tunradeehaven,03282,Central,2001-05-22,Male,Divorced,2023-11-12
CUST_c86c,Suwijuk Sujjaboriboon,anonchaisatit@hotmail.com,09-7085-1154,46529 Suvakit Via Apt. 805,Lake Atit,Lake Pattamon,07516,Northeast,2004-06-19,Female,Single,2026-04-13
CUST_e147,Kulnun Krittayanukoon,bpolpo@yahoo.com,06-2195-8641,74224 Puntira Skyway Suite 826,East Suwijuk,Pasuktown,09191,Southern,2008-06-22,Other,Single,2024-12-27
CUST_75ea,Thanatcha Kamalanon,kamalanondarin@yahoo.com,09-8067-4304,596 Nutwadee Light Suite 585,New Chayaninchester,Nutkritaville,06728,Western,2001-03-14,Other,Single,2023-10-24
CUST_240b,Sarunporn Pasuk,echaroensuksopol@gmail.com,06-2955-9555,02462 Sireelert Trail,North Pintusornhaven,Kodchapornland,79501,Northern,1991-07-17,Male,Married,2023-03-18
CUST_a6e1,Yada Kumsoontorn,ebunlerngsri@hotmail.com,06-7277-8563,6949 Permchart Crossroad Apt. 668,Losatapornpipitfurt,New Noppakaoberg,67478,Central,2001-12-13,Male,Other,2025-04-14
CUST_6e29,Phubes Chaisatit,noppakao32@hotmail.com,08-7347-8587,593 Wannapaitoonsri Shoal,West Chayapatton,Kamalanonburgh,26299,Central,1997-04-12,Female,Divorced,2021-01-15
CUST_d307,Aunyaporn Norramon,vethayasasnoppakao@gmail.com,06-4250-4797,14775 Nutkrita Crest Apt. 478,Pikatsingkornberg,West Pakjira,76247,Central,1995-04-27,Female,Divorced,2025-11-18
CUST_bd64,Noppakao Pichpandecha,chaisatitsitiwat@hotmail.com,06-3689-6051,2014 Chalisa Plains,North Nirachahaven,New Darinmouth,84903,Northern,1993-10-19,Other,Other,2022-11-16
CUST_d576,Apisara Suraprachit,neerachapongparin@yahoo.com,09-3290-7303,9321 Todsawun Trafficway Apt. 355,Port Pada,New Pakjira,39364,Central,2000-09-22,Female,Married,2025-05-28
CUST_5ab1,Phenphitcha Turongkinanon,pramesintaum@hotmail.com,06-7597-1248,545 Supasita Meadow,Permchartberg,Port Nattawunborough,27669,Northern,2000-08-06,Male,Married,2022-08-23
CUST_ab34,WG CDR Pachongruk Bunlerngsri,todsapornpitakulpintusorn@gmail.com,06-0767-5203,94146 Wasin Island Apt. 857,Kamalanonshire,East Aunyaporn,76850,Northeast,1998-08-27,Male,Single,2024-10-25
CUST_48e1,Sorawut Intaum,supasitphusilarungrueng@gmail.com,06-6453-3845,99624 Supasit Land,Pattamontown,West Noppakaoton,53600,Northeast,1986-07-14,Other,Single,2024-05-21
CUST_377c,POL SGT MAJ Chaiwut Kongchayasukawut,noppakaopermchart@hotmail.com,09-3909-8295,300 Chaisatit Centers,Jaruwanshire,Anonview,91472,Northeast,1992-01-18,Male,Widowed,2026-04-27
CUST_edd1,Patchaploy Lertsattayanusak,benchapatranonpakjira@gmail.com,06-8390-5773,8149 Todsawun Park Suite 283,New Pakjira,Port Arisara,34279,Central,1992-10-09,Female,Widowed,2021-04-20
CUST_cb4b,Pakjira Kongchayasukawut,snorramon@yahoo.com,06-7933-1370,187 Pak Terrace,South Ratchanonton,Yanisafurt,78378,Northern,1996-10-23,Male,Married,2022-01-28
CUST_3b29,Apisara Vinyuvanichkul,permchartsittikorn@yahoo.com,08-8924-9452,216 Chayapat Estates Suite 432,Port Prameshaven,Port Chanikanview,93984,Central,1991-05-11,Other,Single,2023-06-14
CUST_c281,Kunaporn Boonpungbaramee,parinneerachapong@gmail.com,06-5473-2790,94387 Methavorakul Turnpike Apt. 076,West Jaruwan,North Patchaploy,85600,Central,2001-09-23,Other,Widowed,2025-03-17
CUST_c9af,Darin Todsapornpitakul,peem90@yahoo.com,06-2876-2740,3055 Pattamon Rue Apt. 165,East Pawanville,South Apisaraport,12236,Central,1991-07-03,Female,Married,2022-08-22
CUST_7219,Supasita Kongsri,gkamalanon@hotmail.com,08-0161-8020,62385 Aunyaporn Mount Apt. 769,Pichpandechatown,Aunyapornstad,52272,Northeast,1993-10-23,Other,Other,2024-01-19
CUST_1995,Jaruwan Boonpungbaramee,esorattanachai@hotmail.com,09-4824-9431,56795 Todsawun Flats Suite 527,Lake Prames,North Nichakarn,54963,Northeast,2008-06-11,Male,Married,2023-02-08
CUST_f436,SEA-MAN Suvakit Pianduangsri,sitiwatkittakun@gmail.com,08-5100-9909,51946 Suvakit Mills,Kongsrimouth,Port Phenphitchahaven,78084,Northern,1995-01-22,Female,Widowed,2021-02-27
CUST_7f5f,Puntira Turongkinanon,patchaploy91@yahoo.com,06-8300-0702,2582 Benchapatranon Lock Apt. 864,Kunapornshire,Choeychuenland,18860,Northern,1984-06-06,Female,Widowed,2025-12-14
CUST_03da,Chayanin Polpo,jaruwan76@yahoo.com,09-5034-7730,2724 Losatapornpipit Wall,Lake Puntiramouth,Suraprasertton,18093,Northern,1989-04-19,Other,Other,2023-11-23
CUST_b25a,Sorawut Losatapornpipit,pattamon09@hotmail.com,06-6029-9808,241 Sittisaowapak Crossroad,Wasinhaven,Patchaployfurt,07894,Northeast,1991-11-21,Other,Single,2021-09-26
CUST_257b,Atit Turongkinanon,vinyuvanichkuljitrin@yahoo.com,08-2919-9383,348 Kamalanon Forks Apt. 669,East Nutcha,Vinyuvanichkulfort,08983,Northeast,1999-09-15,Female,Single,2024-03-07
CUST_646b,Sittikorn Anekvorakul,pattamonbenchapatranon@yahoo.com,09-3325-3284,7487 Nutcha Flat,Phenphitchabury,Pikatsingkornmouth,28841,Central,1997-09-17,Other,Married,2024-02-02
CUST_3a0a,CPO 1 Yanisa Wimolnot,polauayponnutcha@hotmail.com,06-2172-6436,420 Chawin Road,Anekvorakulburgh,Patchaployville,78024,Southern,1991-05-27,Other,Divorced,2026-03-10
CUST_f4da,Jitrin Pikatsingkorn,chanikan57@yahoo.com,08-6199-9265,3702 Jaruwan Hill,North Pada,Lake Sorawut,23555,Northern,2001-09-11,Female,Married,2022-11-07
CUST_e909,Patcharaporn Pongpanitch,chomsrikunaporn@gmail.com,09-3762-8418,40672 Patchaploy Cliffs,Thantananontfurt,Port Noppakao,67501,Eastern,2004-01-10,Male,Divorced,2024-05-15
CUST_e44c,Apisara Chowitunkit,apolauaypon@gmail.com,06-4928-6505,03928 Sitiwat Groves,Peemmouth,East Nichakarn,45872,Central,1980-10-08,Female,Single,2023-09-23
CUST_2cda,Darin Sireelert,pachongrukkamalanon@yahoo.com,08-2805-1408,01790 Pada Harbor,Port Patcharaporn,Port Chalisa,14744,Central,1990-03-06,Female,Widowed,2022-01-28
CUST_acc7,Pornchanok Sooksawang,pikatsingkornsupasit@gmail.com,06-7366-0105,242 Kongchayasukawut Shoals Apt. 069,West Pornchanokport,North Aunyapornmouth,86796,Central,1986-08-06,Other,Widowed,2023-04-07
CUST_f43e,Aunyaporn Kumsoontorn,ppasuk@gmail.com,08-2409-9208,3800 Kunaporn Haven Apt. 255,Losatapornpipitberg,Pawanberg,64185,Central,2000-04-02,Other,Widowed,2026-02-12
CUST_dbf4,Sitiwat Kitprapa,spichpandecha@yahoo.com,06-3208-6026,91510 Tunradee Field Apt. 210,East Nutkritastad,East Sorawutmouth,99112,Central,2008-02-20,Other,Married,2023-10-07
CUST_7086,Pak Pianduangsri,kitprapapatchaploy@gmail.com,08-2595-3490,759 Todsapornpitakul Freeway,East Suwijukside,Peemport,43718,Western,1991-10-19,Male,Married,2023-06-18
CUST_5ab1,Jinjuta Chowitunkit,peemlertsattayanusak@hotmail.com,08-3859-0021,25923 Kitprapa Springs,Methavorakulview,Permchartstad,17238,Northern,1998-12-17,Other,Other,2024-07-17
CUST_3144,Todsawun Pongpanitch,chalisa82@gmail.com,08-7353-7096,6536 Boonpungbaramee Union,New Sarunpornfort,Chaiwutton,62766,Western,1997-07-21,Female,Other,2025-08-07
CUST_27c6,Chalisa Krittayanukoon,pattamon30@gmail.com,08-8222-4526,0457 Kamalanon Skyway Suite 515,Port Tunradee,Pitipatmouth,99848,Eastern,1996-06-15,Female,Widowed,2021-03-25
CUST_fd38,Sitiwat Thantananont,wimolnotprima@hotmail.com,09-0400-9302,9337 Kumsoontorn Key,Charoensuksopolhaven,East Puntiramouth,75443,Central,1992-03-02,Female,Other,2023-02-26
CUST_bcba,Phubes Posalee,polauayponjaruwan@yahoo.com,06-8679-9824,708 Chaifah Dam,Chowitunkittown,Nirachaland,07396,Northeast,1994-02-03,Male,Widowed,2021-03-17
CUST_d0da,Arisara Pasuk,prames92@gmail.com,09-1360-6976,872 Pichpandecha Plains,South Nutkritafort,New Chalisaview,04035,Northern,1994-03-17,Other,Married,2024-10-12
CUST_b371,Sitiwat Lertsattayanusak,siripaiboopeem@hotmail.com,09-8262-5392,44420 Charoensuksopol Creek Apt. 469,West Pattatompornchester,Lake Pada,69939,Northern,1994-07-23,Male,Divorced,2026-05-23
CUST_6094,Sitiwat Prachayaroch,mtianvarich@hotmail.com,08-6677-7772,426 Chayapat Run Apt. 232,Posaleestad,Sarunpornborough,67295,Northern,1994-08-15,Other,Single,2021-04-24
CUST_296d,CDR Nichakarn Sukhenai,upongpanitch@hotmail.com,06-6432-0731,919 Charoensuksopol Village,Phenphitchaberg,North Todsawunchester,18613,Northern,1989-05-03,Other,Other,2023-02-10
CUST_cc56,Pakjira Suraprachit,aunyaporn95@hotmail.com,06-9064-2057,7230 Supasit Cape Apt. 588,Bunlerngsriland,Port Yadachester,80953,Central,1987-01-15,Male,Divorced,2024-10-13
CUST_b29a,SUB LT Kodchaporn Chaihirankarn,thanatcha28@gmail.com,09-0926-6440,3082 Kumsoontorn Spurs,South Pak,South Yadastad,22078,Northern,2005-12-20,Other,Divorced,2023-07-11
CUST_2096,CAPT Yada Kamalanon,nattawuntodsapornpitakul@hotmail.com,09-8047-0858,063 Prachayaroch Turnpike Suite 083,South Arisara,Krittayanukoonville,18091,Northeast,1994-02-21,Female,Married,2021-05-26
CUST_f895,Pintusorn Turongkinanon,nutchasujjaboriboon@yahoo.com,06-8281-3798,03976 Nutcha Prairie,Prakalpawongton,Norramonchester,78448,Southern,1992-09-23,Other,Other,2024-07-11
CUST_a20b,Pak Polpo,intaumpakjira@yahoo.com,09-5114-6605,5400 Supasit Bridge,Sireelertville,Port Chanyaton,52814,Northeast,1992-07-25,Male,Married,2021-11-03
CUST_8030,Pak Neerachapong,chalisa12@yahoo.com,06-0252-8635,989 Chaiwut Circle Apt. 998,Port Chaifahtown,Nutkritabury,22728,Central,1997-06-05,Other,Other,2024-06-13
CUST_3b23,FS 2 Thanatcha Chaisatit,suwijuk81@gmail.com,06-8997-1229,33000 Pasuk Trail,Chanyaland,Supasitamouth,36223,Central,1990-03-16,Female,Divorced,2022-05-08
CUST_fe13,Pannawich Chaihirankarn,ovinyuvanichkul@hotmail.com,06-4429-9114,5780 Pianduangsri Path,Paktown,Arisarafurt,31748,Northeast,1986-02-15,Female,Divorced,2021-04-10
CUST_cb20,Kunaporn Phusilarungrueng,srisoontornarisara@gmail.com,08-2232-8393,7496 Prames Street Suite 116,Thanatchaside,West Pattatompornton,57595,Central,2002-07-11,Male,Single,2024-01-25
CUST_9774,Pachongruk Pianduangsri,pongpanitchpattapon@hotmail.com,08-6156-9065,4324 Jitrin Valleys,Polauayponmouth,Tianvarichchester,90120,Northern,1992-11-12,Female,Widowed,2022-04-21
CUST_c546,Patcharaporn Chaihirankarn,supasitasuraprachit@hotmail.com,06-2317-9140,310 Turongkinanon Lake,North Chawinville,East Padaside,41526,Northern,1999-04-18,Male,Other,2024-02-23
CUST_9268,Arisara Posalee,wassaya54@yahoo.com,06-0612-0396,459 Benchapatranon Passage,Atitton,Benchapatranonview,52489,Central,1999-09-26,Male,Married,2023-05-23
CUST_e51b,Chanikan Pothanun,vsooksawang@gmail.com,06-6099-1810,218 Chayapat Lodge,Patcharapornburgh,Posaleehaven,97849,Northeast,1999-04-14,Female,Single,2024-05-16
CUST_72fa,Noppakao Intaum,pannawich43@gmail.com,08-9109-5674,80031 Patchaploy Branch,South Jaruwanfurt,New Kamolchanok,95355,Central,1996-04-05,Male,Married,2026-01-05
CUST_5da4,Sittikorn Boonpungbaramee,wassaya55@hotmail.com,09-7266-6083,0819 Suwijuk Shoals Suite 425,Padashire,Kamalanontown,93877,Northern,1996-08-03,Male,Other,2023-11-15
CUST_e2f6,Pachongruk Siripaiboo,methavorakulpattatomporn@hotmail.com,08-9404-3057,041 Kamolchanok Isle,North Chawin,Posaleeborough,76997,Eastern,2008-12-17,Other,Other,2025-04-17
CUST_f3fd,POL CAPT Pattamon Prachayaroch,ftianvarich@yahoo.com,06-2255-9908,38335 Sittikorn Views,Yanisatown,Todsawunside,53710,Eastern,1995-09-14,Other,Single,2025-01-24
CUST_8478,POL CAPT Apisara Suraprachit,srisoontornkamolchanok@gmail.com,06-9135-5799,01968 Anekvorakul Lights,West Patchaployborough,Youprasertshire,38174,Central,1992-01-28,Other,Single,2026-01-11
CUST_5d15,PHRASAMU Tunradee Pikatsingkorn,kittakunthanatcha@hotmail.com,09-0858-8940,191 Chayapat Glens Apt. 013,Kongchayasukawutberg,Pichpandechaside,41740,Northern,2003-11-05,Male,Single,2024-03-11
CUST_b9ae,Atit Youprasert,prachayarochparin@hotmail.com,06-2968-5070,5504 Patchaploy Knolls Suite 151,Port Sarunpornberg,Tunradeefurt,47497,Northern,1997-11-01,Female,Other,2025-12-06
CUST_6437,LT Jaruwan Vethayasas,anon61@hotmail.com,09-2866-5161,325 Tunradee Union Apt. 430,East Chanya,Lake Yadafurt,51849,Northern,1995-04-13,Male,Single,2023-01-09
CUST_4741,Peem Sireelert,permchartpakjira@gmail.com,09-9367-2781,731 Kongchayasukawut Glens,Neerachapongton,West Chaiwut,83856,Northern,1991-11-10,Other,Widowed,2025-04-26
CUST_aef9,Pannawich Kongsri,pattamon78@gmail.com,06-1014-3497,69245 Phenphitcha Lodge Apt. 064,Lake Kunaporn,Lake Chaifah,88783,Central,1997-10-01,Female,Divorced,2025-09-04
CUST_90e4,Chayapat Siripaiboo,thantananontsupasita@hotmail.com,06-0776-0750,736 Lertsattayanusak Valleys Apt. 198,Pornchanokfort,West Sarunporn,67139,Northeast,1998-02-16,Other,Married,2023-02-26
CUST_a3b7,Yada Intaum,wasununpeem@gmail.com,08-6715-7189,9325 Anekvorakul Mission,North Pattatompornfort,Prakalpawongtown,15614,Northern,2007-04-17,Female,Other,2024-12-07
CUST_7949,Chanikan Kongchayasukawut,phubes93@gmail.com,08-9989-8454,9790 Phusilarungrueng Route,Intaumborough,West Pannawichfort,15980,Northern,1988-05-22,Other,Other,2024-12-17
CUST_8889,Pattatomporn Chomsri,nutkritaanekvorakul@gmail.com,09-4313-4805,9097 Sittikorn Curve,Pakton,New Nutkrita,17107,Western,1989-08-03,Male,Other,2023-10-27
CUST_289e,Chanikan Choeychuen,atitbenchapatranon@gmail.com,09-1156-0667,31217 Tungkasethakul Meadows Suite 064,Lake Aunyapornfurt,Port Pintusorn,32573,Southern,2003-06-16,Other,Widowed,2024-07-21
CUST_b882,Supasita Pasuk,nutcha48@gmail.com,09-0114-5211,66757 Turongkinanon Stream Suite 196,East Teetat,Port Atitborough,70644,Central,2008-12-12,Male,Married,2023-09-20
CUST_081e,WG CDR Nattawun Kongsri,avinyuvanichkul@hotmail.com,06-2902-0290,94395 Parin Bridge,West Darinshire,Primastad,73532,Northern,1997-03-28,Male,Divorced,2024-06-13
CUST_090a,Pakjira Charoensuksopol,srisoontornpada@gmail.com,06-4012-0476,7348 Suraprachit Junctions,West Sitiwat,Teetatmouth,39325,Central,1987-01-19,Female,Single,2023-03-28
CUST_a432,Pachongruk Sireelert,sorawutsooksawang@hotmail.com,08-6294-5104,742 Supasita Squares Suite 583,Pichpandechabury,Parinborough,88394,Central,2001-06-02,Other,Divorced,2023-06-21
CUST_cdc6,Pawan Boonpungbaramee,chowitunkitchayanin@hotmail.com,09-6952-4925,79528 Jaruwan Summit Suite 920,Port Chawin,Wasinmouth,15766,Northern,2001-09-03,Female,Divorced,2025-07-15
CUST_d5bc,Teetat Pothanun,kamolchanoksittisaowapak@gmail.com,08-8816-2835,870 Prames Mountains,Jitrinville,East Pintusorn,09082,Central,2002-11-11,Female,Single,2024-04-05
CUST_dc7e,Anon Pichpandecha,tunradeesuraprachit@yahoo.com,06-8183-3615,737 Sarunporn Rue,West Pattamon,Port Pawanside,72414,Northern,1989-10-20,Female,Other,2026-03-12
CUST_5bb0,Puntira Prachayaroch,sitiwat05@gmail.com,08-4270-2763,1101 Sooksawang Manors,Kamalanonberg,Kamalanonmouth,42847,Central,1992-11-16,Male,Widowed,2023-05-04
CUST_a127,M R Prames Bunlerngsri,yanisa85@yahoo.com,09-4363-5813,0795 Chayanin Common Suite 993,Port Anon,Prakalpawongfort,48950,Central,1999-02-25,Male,Widowed,2024-10-24
CUST_b4e2,Wassaya Sireelert,chawin50@yahoo.com,09-5604-5087,43024 Pak Camp,Lake Pada,South Chayapat,78842,Central,1999-11-14,Male,Single,2022-01-27
CUST_3221,Chayanin Krittayanukoon,polauayponteetat@gmail.com,06-1331-7459,4016 Sukhenai Rapid,West Jaruwanshire,Chalisaburgh,39228,Central,1999-02-06,Other,Divorced,2023-12-28
CUST_dc73,Chayapat Pianduangsri,pawan45@yahoo.com,06-3138-2760,2300 Wasunun Centers Apt. 094,Anonside,North Noppakaochester,97384,Central,1985-02-12,Female,Single,2025-01-19
CUST_ae5d,Peem Wasunun,tunchanokturongkinanon@yahoo.com,09-1616-5975,34685 Todsapornpitakul Turnpike,Nutkritaton,Port Nutcha,13080,Western,1990-11-14,Other,Widowed,2025-01-20
CUST_9cb9,Wasin Suraprasert,nbenchapatranon@hotmail.com,09-3245-7851,774 Bunlupong Cove Suite 338,East Arisara,Patchaploybury,26930,Northern,1995-10-02,Female,Widowed,2024-07-10
CUST_ea2d,Nattawun Wannapaitoonsri,ratchanon12@hotmail.com,09-2265-7719,340 Norramon Burg Suite 791,West Puntira,Srisoontornborough,45456,Central,1998-01-11,Female,Widowed,2026-05-03
CUST_0296,Peem Pasuk,anekvorakultunchanok@yahoo.com,09-4094-5887,5519 Wasin Streets Apt. 632,North Anonmouth,Nutwadeebury,47070,Central,2001-12-23,Female,Divorced,2026-03-27
CUST_852d,CPO 1 Pawan Matinawin,phubeskongchayasukawut@gmail.com,06-6003-1158,30524 Pakjira Station Apt. 254,Sorattanachaihaven,Sarunpornborough,86450,Northern,1997-01-09,Other,Other,2024-09-06
CUST_2f61,Pakjira Methavorakul,vinyuvanichkulsitiwat@hotmail.com,08-7844-5319,9138 Prachayaroch Track Suite 829,West Noppakao,Neerachapongbury,73880,Central,1985-07-11,Other,Single,2026-04-01
CUST_fa65,Chaifah Methavorakul,methavorakulniracha@hotmail.com,06-9924-9788,7397 Pitanuwat Point Suite 125,Kamalanontown,Todsapornpitakulhaven,75213,Southern,1994-10-19,Female,Other,2023-06-17
CUST_0151,Pattamon Pothanun,uposalee@yahoo.com,06-8954-3517,9354 Kunaporn Mews Suite 905,South Yanisa,West Kodchapornfurt,97977,Northeast,1991-08-25,Male,Other,2024-02-21
CUST_4e08,Prames Sorattanachai,hkitprapa@hotmail.com,09-4201-0665,213 Yanisa Manors Apt. 464,Port Pramestown,Tunradeefurt,02255,Northern,2008-08-07,Male,Other,2023-06-13
CUST_ffbf,Sitiwat Siripaiboo,zkamalanon@yahoo.com,08-3534-3895,21733 Sittikorn Drive Apt. 080,Benchapatranonland,Lake Anonhaven,66272,Central,1984-08-26,Male,Other,2025-11-26
CUST_af6a,Puntira Pikatsingkorn,spermchart@gmail.com,06-4154-2968,51809 Pichpandecha Center,Lake Pawanbury,Pachongrukton,03935,Northern,1998-09-06,Male,Single,2022-02-08
CUST_262c,Tunradee Vethayasas,puntirapianduangsri@yahoo.com,06-6655-4194,504 Sittikorn Wells Apt. 673,Port Chaifahburgh,Kulnunton,76243,Northern,1991-08-18,Female,Other,2024-07-04
CUST_987c,Patcharaporn Pianduangsri,pichpandechapatcharaporn@yahoo.com,06-5098-6527,50119 Neerachapong Squares,South Ratchanonfurt,Prachayarochview,76421,Northeast,2001-07-17,Other,Married,2021-09-24
CUST_f9a6,Chanikan Kitprapa,padakongchayasukawut@gmail.com,09-9211-3151,206 Chaiwut Views Apt. 820,Peemshire,West Parin,94317,Northeast,1993-01-20,Other,Divorced,2026-04-15
CUST_af67,Kamolchanok Lertsattayanusak,chawinprayoonhong@yahoo.com,08-5694-6123,44577 Anekvorakul Centers Apt. 198,Lake Pattatompornfort,West Noppakaostad,39660,Central,1994-01-13,Male,Single,2023-12-01
CUST_602f,Noppakao Chaihirankarn,pakjira53@gmail.com,08-0700-9832,355 Charoensuksopol Gardens Suite 586,Sooksawanghaven,Nutwadeefort,95395,Northern,1989-05-09,Female,Divorced,2023-10-06
CUST_a59a,Arisara Charoensuksopol,tianvarichpuntira@hotmail.com,06-3638-6471,15083 Kunaporn Loaf Apt. 422,Port Pachongruk,Pakstad,09656,Central,2004-05-06,Other,Single,2025-11-09
CUST_a530,PFC Chanikan Youprasert,prachayarochpattatomporn@yahoo.com,06-7344-9737,7930 Tungkasethakul Ridges Suite 627,Vethayasasville,Vinyuvanichkulland,82880,Central,2008-11-04,Female,Single,2022-12-28
CUST_6f98,LT COL Patcharaporn Chaisatit,titipatrayunyongtunradee@hotmail.com,08-0986-4028,54651 Prachayaroch Light,New Phubes,West Chaifahfurt,29611,Northern,1990-06-01,Male,Other,2023-05-14
CUST_35b6,PLT OFF Nattawun Boonpungbaramee,sorattanachaiyada@yahoo.com,06-2322-5004,2020 Peem River,Srisoontornville,Suwijukbury,26088,Northern,1993-03-16,Other,Married,2025-06-18
CUST_b06e,Sitiwat Permchart,chaiwut73@yahoo.com,06-8144-7334,284 Kittakun Plains Apt. 202,Port Kodchapornview,Arisarafort,54794,Western,1986-02-27,Male,Other,2025-03-04
CUST_add8,Puntira Intaum,prima81@yahoo.com,08-6374-8672,303 Pintusorn Islands,Jaruwanland,Kitprapaburgh,93424,Northern,1987-06-22,Other,Divorced,2024-11-03
CUST_e8eb,PO 2 Pak Kongchayasukawut,siripaiboositiwat@gmail.com,08-0072-9533,880 Methavorakul Mission Apt. 165,Nutkritafort,Lake Todsawunmouth,17711,Central,1988-01-23,Female,Divorced,2025-12-17
CUST_eb35,Patcharaporn Pasuk,vethayasasapisara@gmail.com,09-4583-9197,618 Methavorakul Harbors Suite 289,East Teetatbury,Port Puntira,86226,Central,1988-01-09,Male,Divorced,2024-11-23
CUST_88aa,AVM Sarunporn Sorattanachai,pornchanokpermchart@gmail.com,06-9400-5221,14485 Chanya Turnpike,West Sitiwat,East Jitrinstad,99073,Western,1991-03-07,Other,Other,2022-05-19
CUST_4e43,Pakjira Srisoontorn,chaiwut26@gmail.com,06-6186-0101,712 Kongsri Spring,Benchapatranonberg,West Nattawun,09806,Central,1992-10-13,Other,Widowed,2025-07-10
CUST_c64f,Pada Matinawin,ratchanonkittakun@hotmail.com,08-9399-6415,2445 Wimolnot Loop,Chayapatland,Atittown,03142,Northeast,1989-11-23,Other,Divorced,2023-09-06
CUST_6565,Nutkrita Charoensuksopol,pintusornpasuk@gmail.com,08-4485-8096,077 Sooksawang Plain Apt. 135,Vethayasasshire,Sittikornport,68926,Central,1999-12-27,Female,Married,2026-05-18
CUST_b1ec,Nichakarn Sooksawang,pitanuwatpornchanok@yahoo.com,08-0214-8620,55596 Thantananont Summit Apt. 259,Lake Aunyapornshire,North Peemland,66934,Central,2006-01-07,Other,Single,2025-11-12
CUST_7a4e,Pattatomporn Methavorakul,pongpanitchchanikan@hotmail.com,09-5813-8965,11285 Sorattanachai Mount Apt. 457,New Sarunpornshire,East Sittikornside,15048,Central,2001-07-12,Other,Divorced,2023-01-15
CUST_819a,Prames Trikasemmart,pattamon49@yahoo.com,08-9454-9152,183 Suraprachit Run,East Patcharapornstad,Nutchashire,73691,Southern,2001-12-17,Other,Single,2025-06-12
CUST_a895,Sittikorn Lertsattayanusak,patcharaporn49@gmail.com,06-4344-9765,978 Pianduangsri Coves Suite 436,West Chayanin,New Pak,49532,Central,1988-12-09,Female,Other,2025-11-19
CUST_a0ad,Arisara Permchart,sarunporn77@gmail.com,06-5738-4433,657 Pak Bridge Apt. 574,Kumsoontornborough,East Chayapatport,72293,Northern,2001-02-16,Female,Divorced,2024-08-17
CUST_4c1c,ACM Chalisa Habpanom,chaihirankarnpak@hotmail.com,08-5112-7476,614 Prachayaroch Throughway,Chanyaton,Sittikornfort,58567,Central,2001-04-13,Male,Other,2022-12-15
CUST_fda2,Pintusorn Pasuk,prakalpawongkulnun@yahoo.com,08-9504-4719,644 Pak Mill Apt. 350,Lake Prima,New Pada,71992,Central,1997-09-25,Other,Married,2026-04-08
CUST_db5d,POL LT Pattamon Kitprapa,kittakunparin@gmail.com,09-4831-5903,7745 Chanikan Manors Suite 582,Habpanomland,West Nutkritafurt,66967,Western,1993-09-10,Female,Widowed,2021-10-20
CUST_a404,Patcharaporn Chaihirankarn,ekamalanon@gmail.com,09-5187-7226,847 Pothanun Trail,North Sittikornmouth,Titipatrayunyongland,09948,Northeast,1994-10-02,Other,Single,2025-02-08
CUST_4945,Suwijuk Losatapornpipit,matinawinyanisa@gmail.com,06-4392-6542,87702 Chaiwut Land Apt. 225,Phenphitchaton,East Pitipat,59642,Northern,2002-03-26,Female,Widowed,2024-12-05
CUST_fea3,Nutcha Kamalanon,patcharaporn50@gmail.com,08-9676-7537,725 Srisoontorn Way,Chanyamouth,New Yanisamouth,19399,Southern,1987-11-11,Other,Married,2024-06-22
CUST_e7d9,Teetat Sujjaboriboon,pattamonkamalanon@yahoo.com,06-8009-9022,418 Pattatomporn Forges Apt. 041,New Nattawun,Todsapornpitakulbury,88245,Southern,1985-03-24,Male,Divorced,2022-11-15
CUST_23e8,Nichakarn Choeychuen,prakalpawongsarunporn@gmail.com,06-1433-0435,483 Sarunporn Inlet,Pannawichhaven,Todsapornpitakulburgh,67320,Central,2001-12-08,Male,Other,2024-10-01
CUST_f7c8,Supasita Benchapatranon,thanatcha46@hotmail.com,06-8185-1231,681 Noppakao Turnpike,Titipatrayunyonghaven,Lake Nirachashire,45397,Central,2002-07-02,Female,Divorced,2024-10-06
CUST_41d4,Pattatomporn Habpanom,kamolchanokyouprasert@gmail.com,08-3016-5803,163 Turongkinanon Spur,Port Pannawich,Pasukview,89036,Northeast,2001-07-09,Female,Married,2026-04-15
CUST_1d03,Kulnun Suraprasert,twannapaitoonsri@hotmail.com,06-4198-9947,905 Chaisatit Flats Apt. 353,Lake Arisara,New Pattatompornville,44255,Central,2005-01-05,Male,Divorced,2026-01-17
CUST_f0d0,Supasita Siripaiboo,suraprasertpornchanok@yahoo.com,09-6394-2824,419 Sarunporn Coves Apt. 365,North Nattawun,North Jinjuta,87276,Northern,1991-09-01,Other,Other,2023-08-20
CUST_500b,Pitipat Matinawin,pitanuwatkunaporn@yahoo.com,09-1337-7041,69567 Pichpandecha Walks,Port Peem,South Kamolchanok,98630,Central,1999-08-11,Other,Married,2022-08-17
CUST_7e9e,POL SUB LT Pattatomporn Chomsri,darin02@yahoo.com,08-4286-8619,91476 Pada Roads Apt. 569,New Pachongrukview,New Ratchanon,18513,Central,1995-04-10,Other,Single,2024-03-21
CUST_f96d,Peem Pitanuwat,pak42@gmail.com,06-2266-0657,0798 Prakalpawong Forge Apt. 263,Habpanomland,Pitanuwatberg,42363,Central,1992-11-08,Other,Widowed,2025-05-22
CUST_bbc5,Jitrin Tianvarich,yada79@gmail.com,08-8380-9349,8294 Prachayaroch Coves Suite 874,West Nichakarn,Jinjutaside,27420,Central,2001-07-25,Male,Single,2023-11-25
CUST_f8e0,Chaiwut Norramon,pintusorn32@gmail.com,09-4067-8204,6365 Tungkasethakul Brooks Apt. 164,Port Chanikanmouth,North Patcharaporn,95114,Western,1995-06-05,Female,Other,2022-04-25
CUST_02ac,Supasit Norramon,nirachatodsapornpitakul@hotmail.com,09-7472-8259,467 Sukhenai Estates Apt. 250,Lake Chawin,Nutwadeeburgh,47450,Northern,1998-04-14,Female,Widowed,2024-12-25
CUST_40a8,CAPT Suvakit Pianduangsri,sarunpornchaihirankarn@hotmail.com,06-8949-2113,1841 Pachongruk Prairie,Sukhenaichester,East Teetatstad,85899,Northern,1995-04-27,Female,Married,2022-10-05
CUST_89be,Pannawich Polpo,wannapaitoonsrichaiwut@yahoo.com,06-2635-4840,40101 Kodchaporn Rapid Apt. 380,Matinawinfurt,East Phenphitcha,82153,Northeast,1998-05-27,Female,Widowed,2023-02-25
CUST_31d9,Pada Sukhenai,dkumsoontorn@hotmail.com,08-5043-2983,905 Chayanin Underpass,North Pada,North Suvakitborough,17521,Northern,1984-09-08,Other,Married,2023-06-27
CUST_4f9f,Prames Sukhenai,sarunporn32@yahoo.com,08-5053-0112,90267 Jinjuta Islands,Atitton,Port Chayapatport,82195,Northeast,2008-07-26,Male,Other,2021-03-12
CUST_a422,Nutwadee Bunlerngsri,chalisapianduangsri@hotmail.com,08-6348-3653,143 Kamalanon Bridge Apt. 422,East Pak,East Pakjiraburgh,83244,Central,1998-06-01,Other,Divorced,2025-11-22
CUST_395d,Phubes Pianduangsri,vpolpo@gmail.com,06-2319-3254,3390 Intaum Motorway Suite 485,Pattaponmouth,Port Chayapat,23071,Eastern,2003-04-17,Other,Single,2024-10-05
CUST_d695,POL SEN SGT MAJ Peem Chaihirankarn,aneerachapong@hotmail.com,06-6247-1676,490 Kongchayasukawut Island Apt. 240,South Patchaploytown,South Pitipat,63131,Northern,2008-02-25,Male,Other,2023-08-13
CUST_fa6f,Pintusorn Pasuk,chaifah80@yahoo.com,09-8807-2455,7146 Nutcha Mountain Apt. 274,Trikasemmartburgh,Lake Kunaporntown,45584,Northeast,1996-02-12,Male,Married,2021-10-04
CUST_c5a4,Pannawich Neerachapong,tunchanokneerachapong@hotmail.com,06-9671-2372,11341 Pak Garden Apt. 436,Phusilarungruengberg,Port Chanikan,38371,Central,1998-05-11,Female,Divorced,2024-04-06
CUST_708d,Kulnun Pongpanitch,xkongsri@yahoo.com,09-0972-7195,069 Tianvarich Freeway,Port Nutcha,Suvakitbury,41238,Northern,1995-11-03,Other,Single,2021-07-20
CUST_bb03,Nutcha Siripaiboo,prakalpawongnichakarn@hotmail.com,08-2897-0286,23306 Phenphitcha Corners,Port Pornchanokchester,New Aunyapornmouth,47902,Eastern,1999-08-01,Other,Widowed,2025-04-27
CUST_7d49,Jaruwan Polauaypon,xtodsapornpitakul@hotmail.com,08-3814-3762,847 Anon Corner Suite 022,Nutchatown,Sorawutshire,55183,Northern,1994-09-17,Male,Single,2022-09-03
CUST_99b4,Chanikan Srisoontorn,habpanompornchanok@hotmail.com,09-2320-7590,09353 Phubes Dam Suite 223,North Pawanstad,Sittisaowapakberg,19372,Northern,2003-07-21,Male,Single,2024-06-15
CUST_3891,Darin Charoensuksopol,chanyasittisaowapak@yahoo.com,08-5471-4349,79684 Teetat Hill Apt. 224,West Sarunpornburgh,Pothanunborough,08258,Central,1991-01-05,Other,Divorced,2024-08-05
CUST_b175,Nutkrita Wimolnot,hprachayaroch@gmail.com,06-3580-4853,317 Prima Isle,Siripaibootown,Aunyapornstad,12841,Central,1990-04-27,Male,Divorced,2025-08-16
CUST_f612,Chanikan Permchart,nutwadee53@gmail.com,08-6380-1810,196 Jinjuta Union,Port Pannawichmouth,Chayaninmouth,48932,Northeast,2008-12-17,Male,Other,2025-09-15
CUST_5cbe,Chanikan Phusilarungrueng,nichakarn18@gmail.com,06-2135-9952,0911 Atit Points,New Nattawunfort,East Pannawich,48384,Eastern,1994-11-22,Female,Widowed,2026-04-11
CUST_1b33,S M 3 Yada Siripaiboo,sarunporn99@gmail.com,08-0106-9259,26698 Losatapornpipit Flat Apt. 544,Posaleeborough,East Pattaponberg,30169,Northern,1993-04-27,Other,Widowed,2024-01-19
CUST_7401,Teetat Kittakun,methavorakulsittikorn@yahoo.com,08-4539-0110,6030 Jaruwan Shoal,Lake Thanatcha,Suvakitfurt,56252,Central,2001-04-26,Male,Widowed,2024-05-22
CUST_d4f6,Noppakao Kittakun,atitsireelert@yahoo.com,06-4536-7540,4405 Youprasert Isle,South Jitrin,West Chanikanview,18798,Central,2008-08-16,Male,Single,2023-09-08
CUST_577c,Arisara Pongpanitch,chawin42@yahoo.com,09-1941-7985,721 Pitanuwat Overpass,Todsapornpitakulmouth,Port Yanisabury,56658,Central,1996-11-10,Other,Divorced,2024-04-15
CUST_27a3,Todsawun Pichpandecha,yanisasuraprachit@gmail.com,06-8043-5878,30194 Sorattanachai Islands,Suvakitshire,Pornchanokberg,62261,Central,1992-04-14,Male,Widowed,2026-05-08
CUST_eed7,LT COL Chaiwut Neerachapong,pattatompornchomsri@hotmail.com,06-7911-6328,24627 Kodchaporn Curve,Port Nutcha,South Todsawunton,35424,Northern,1987-06-20,Female,Single,2021-10-18
CUST_bcad,Suvakit Bunlerngsri,kulnun90@yahoo.com,06-0546-4333,9988 Norramon Lodge Suite 174,Parinfort,Matinawinview,62545,Central,1993-09-01,Other,Divorced,2022-06-01
CUST_a7ef,Kodchaporn Pothanun,supasita88@gmail.com,08-3235-7550,734 Trikasemmart Glen Suite 869,Bunlerngsrishire,Apisaraberg,69656,Central,1989-06-26,Female,Divorced,2021-10-13
CUST_faea,FS 2 Pachongruk Turongkinanon,btungkasethakul@gmail.com,06-3014-7938,841 Kitprapa Mall Suite 961,Port Peemhaven,Lertsattayanusakberg,00831,Western,2005-05-28,Other,Divorced,2024-09-01
CUST_7cc7,Teetat Pothanun,npikatsingkorn@gmail.com,08-6889-8636,4402 Prima Shore Apt. 552,West Nattawunside,Sujjaboriboonport,21455,Central,1983-06-25,Male,Other,2023-08-06
CUST_8920,Sittikorn Chomsri,wassaya62@gmail.com,09-4324-9298,04957 Patcharaporn Bridge,Suvakitburgh,Supasitaberg,87320,Eastern,1996-04-22,Other,Widowed,2024-06-24
CUST_1997,Aunyaporn Prachayaroch,yanisayouprasert@gmail.com,09-9689-1368,3285 Titipatrayunyong Walk Suite 778,Lake Pattamon,Primamouth,37460,Northern,2001-02-05,Other,Widowed,2024-02-22
CUST_72e6,Pak Kongsri,chawin28@yahoo.com,08-2263-4454,10962 Atit Squares Suite 551,Permchartberg,Chomsriport,12182,Central,1993-03-16,Other,Married,2024-09-04
CUST_fefa,Apisara Losatapornpipit,chaiwutchowitunkit@gmail.com,06-5319-9773,945 Peem Bridge,West Supasitview,Sitiwatland,32363,Northeast,1999-08-02,Male,Single,2023-01-17
CUST_69c3,SEA-MAN Phubes Polauaypon,sitiwat01@yahoo.com,09-3223-3610,68315 Siripaiboo Tunnel Apt. 516,Prakalpawongberg,Nutchafurt,06714,Northern,2008-02-06,Other,Single,2026-05-17
CUST_99c7,Noppakao Prachayaroch,nattawun10@hotmail.com,09-0921-3325,797 Permchart Key Suite 919,Kongsristad,West Tunradee,06659,Northeast,1991-06-23,Other,Widowed,2026-02-11
CUST_0426,Chanikan Intaum,anekvorakulchayanin@hotmail.com,06-7991-0470,4201 Lertsattayanusak Prairie Apt. 791,South Pannawichton,Pakhaven,01683,Southern,2001-01-18,Other,Other,2023-10-26
CUST_bd07,Prames Prachayaroch,wannapaitoonsripuntira@hotmail.com,09-3922-7550,3556 Sukhenai Brooks,South Thanatcha,Kamalanonbury,14758,Central,1987-11-16,Other,Single,2023-05-13
CUST_7720,Jinjuta Chaihirankarn,lyouprasert@yahoo.com,06-6451-6230,1301 Prakalpawong Stravenue Apt. 688,Lake Jaruwanchester,Port Sitiwatside,44692,Northeast,1999-09-14,Female,Married,2023-01-09
CUST_799d,Chanya Tungkasethakul,suraprachitnutwadee@yahoo.com,09-9943-0266,2221 Wimolnot Lodge,East Jinjuta,North Pornchanokview,54277,Northeast,1999-09-02,Male,Widowed,2022-02-12
CUST_12f1,S M 2 Chaiwut Vethayasas,kulnun66@gmail.com,06-8836-2693,7027 Pornchanok Hills Suite 211,Thantananonthaven,Chawinton,53762,Central,1993-05-18,Female,Single,2026-01-12
CUST_90da,Nichakarn Losatapornpipit,yprakalpawong@yahoo.com,09-5826-3002,828 Pintusorn Overpass,Nutwadeeborough,North Suvakit,83436,Northern,1999-12-24,Other,Married,2022-04-20
CUST_867b,Kunaporn Youprasert,nutkritachaihirankarn@hotmail.com,09-5251-6586,480 Pawan Parkways,Charoensuksopolberg,South Arisara,78872,Central,2003-03-20,Male,Widowed,2021-08-11
CUST_4023,Chanikan Sukhenai,kumsoontornatit@gmail.com,08-5793-5664,22172 Apisara Throughway,West Anonville,Tianvarichhaven,90763,Eastern,1989-02-07,Male,Widowed,2024-12-24
CUST_b143,Pattamon Turongkinanon,pianduangsrichawin@hotmail.com,06-0336-9547,28629 Prachayaroch Manor,Kongsrifurt,New Chawin,24266,Central,1995-11-02,Female,Other,2023-01-24
CUST_0e71,Chalisa Kumsoontorn,pornchanokkongchayasukawut@gmail.com,08-1326-8508,52471 Chanya Landing Apt. 557,New Supasit,Prachayarochside,28179,Central,2005-01-25,Male,Widowed,2024-04-23
CUST_7601,Suwijuk Titipatrayunyong,ppichpandecha@gmail.com,06-3245-4253,687 Posalee Stravenue,South Yadabury,Pornchanokland,27062,Southern,2005-10-01,Male,Single,2025-03-01
CUST_9266,Sarunporn Phusilarungrueng,kpitanuwat@gmail.com,08-3061-2762,47579 Chaiwut Haven Apt. 118,South Wassaya,Kongsriland,02647,Northern,1986-02-21,Male,Divorced,2023-08-02
CUST_9b65,PHRAKHU PALAD Pitipat Prayoonhong,methavorakulkunaporn@yahoo.com,06-9388-5988,229 Wimolnot Fall,Ratchanonville,South Sittikorn,73280,Northern,1999-04-08,Male,Divorced,2024-12-26
CUST_1acf,Peem Siripaiboo,chawin40@yahoo.com,06-7516-1632,0738 Tunradee Plaza,Sitiwatborough,Pasukville,28517,Northeast,2000-10-24,Female,Divorced,2023-01-12
CUST_b51c,Pawan Sorattanachai,intaumpannawich@yahoo.com,06-3826-8839,70612 Kitprapa Freeway Apt. 850,West Prima,Kamalanonhaven,48148,Northeast,2001-07-19,Female,Divorced,2021-03-23
CUST_3df0,Pak Turongkinanon,bkongsri@gmail.com,08-4233-0377,5517 Kamolchanok Estate,New Prames,New Chayanin,70543,Northern,1983-06-27,Female,Divorced,2021-04-28
CUST_80e4,Puntira Methavorakul,wassaya77@gmail.com,09-8310-0901,72645 Kulnun Motorway,Parinview,Port Sarunporn,30157,Northern,1978-03-14,Female,Divorced,2026-04-11
CUST_00a9,LAC Chanikan Bunlupong,dkitprapa@hotmail.com,08-1765-6557,2650 Pachongruk Island,East Pak,Port Pada,76908,Northeast,1991-10-28,Female,Single,2024-04-16
CUST_7575,Chalisa Todsapornpitakul,nutwadeepothanun@yahoo.com,09-6210-2512,482 Parin Shores,East Phenphitcha,North Pada,18335,Central,1994-04-23,Female,Other,2024-06-17
CUST_da76,Prames Sujjaboriboon,ukongsri@hotmail.com,06-5846-2534,7227 Todsapornpitakul Flat Apt. 013,Nutchatown,South Pornchanokchester,13759,Northern,1992-01-22,Other,Widowed,2021-03-26
CUST_ce4c,Kulnun Prachayaroch,ipasuk@hotmail.com,08-4708-3309,577 Sittisaowapak Cliff Apt. 480,Vethayasaston,West Arisarafort,66898,Northern,1992-01-28,Male,Single,2023-11-26
CUST_dd5c,ADM Pattatomporn Phusilarungrueng,sitiwat53@gmail.com,06-6441-4187,2523 Jinjuta Freeway,Jitrinport,Thanatchaton,08783,Central,1995-05-20,Male,Divorced,2025-07-21
CUST_4947,Atit Norramon,zpolpo@gmail.com,06-0089-2855,4043 Pikatsingkorn Isle Suite 565,West Chaifahton,Kamalanonmouth,95841,Northeast,1996-01-01,Female,Divorced,2021-11-27
CUST_293c,Nutcha Tianvarich,gkongsri@yahoo.com,08-6075-5021,36472 Vethayasas Glen,East Jinjutastad,Kumsoontornland,46478,Northeast,1994-11-04,Other,Other,2025-12-26
CUST_6cb9,Apisara Todsapornpitakul,chomsriyada@gmail.com,08-1258-3563,44820 Wasunun Mission,Kongsrihaven,Methavorakulville,97894,Central,1998-02-06,Female,Widowed,2021-02-17
CUST_0c1b,Chanya Charoensuksopol,chanyaprachayaroch@hotmail.com,06-6571-1671,189 Polauaypon Islands,Pongpanitchfurt,North Nutwadeeborough,74384,Central,1989-01-24,Other,Widowed,2023-07-27
CUST_7c33,Parin Lertsattayanusak,arisaralosatapornpipit@yahoo.com,06-9868-7672,55424 Kongchayasukawut Freeway Suite 023,Kulnunhaven,Suwijukshire,88611,Western,1987-05-14,Other,Married,2024-12-21
CUST_bde6,POL CPL Kamolchanok Methavorakul,teetat09@yahoo.com,09-3399-8065,5256 Phenphitcha Coves,Suvakithaven,Charoensuksopolhaven,40526,Northern,1992-03-25,Female,Other,2024-08-06
CUST_f0b9,S M 2 Pannawich Pianduangsri,dprachayaroch@yahoo.com,08-0129-9293,2663 Kitprapa Villages Suite 019,Port Parin,West Pannawich,58651,Northern,2004-02-09,Female,Widowed,2023-07-11
CUST_43f0,Chanya Bunlupong,vethayasasanon@hotmail.com,06-7528-0868,3767 Kitprapa Ville,Suvakitberg,Intaummouth,89769,Northern,1997-12-21,Other,Single,2021-04-12
CUST_45a1,Pak Lertsattayanusak,cpasuk@gmail.com,06-1464-9980,4872 Sittikorn Neck Apt. 229,Port Sittikorn,East Todsawunchester,43324,Northern,1991-09-11,Other,Married,2021-01-09
CUST_e8a1,Jaruwan Pongpanitch,jbenchapatranon@yahoo.com,09-6525-3373,905 Sireelert Knolls Suite 569,Port Wassayaside,Matinawintown,94217,Central,2001-09-24,Male,Other,2024-09-16
CUST_a188,FS 3 Jitrin Trikasemmart,ianekvorakul@gmail.com,08-8914-4200,01267 Suwijuk Crescent,North Peem,West Kodchapornborough,83880,Northern,1993-08-14,Other,Married,2024-07-15
CUST_1878,Kodchaporn Benchapatranon,nirachakitprapa@yahoo.com,06-2182-1118,1728 Sireelert Forks,Chayapatbury,Sooksawangmouth,52480,Central,1985-07-25,Female,Divorced,2025-09-20
CUST_fc4e,Yanisa Habpanom,yyouprasert@hotmail.com,08-6244-6587,57547 Pawan Stream,Pichpandechashire,East Sittikorn,06477,Central,1993-08-22,Male,Other,2023-12-10
CUST_a0df,Wasin Kongchayasukawut,etitipatrayunyong@hotmail.com,06-6473-5166,61536 Aunyaporn Isle Suite 922,Anekvorakulview,Pasukbury,37389,Southern,1992-07-28,Female,Widowed,2024-05-18
CUST_eb8f,Supasit Sireelert,ctrikasemmart@yahoo.com,06-1493-3524,248 Suvakit Drive Apt. 022,Pawanfurt,Trikasemmartburgh,89501,Northern,2005-05-27,Male,Widowed,2023-09-16
CUST_cf06,Chayapat Sireelert,chaifah56@hotmail.com,08-6269-3530,400 Phenphitcha Manor Apt. 802,Sitiwatberg,New Jaruwanview,79422,Central,2002-03-25,Male,Divorced,2025-06-10
CUST_8947,FS 2 Anon Pongpanitch,tunchanokprakalpawong@hotmail.com,09-8745-8396,60052 Jinjuta Locks,Sarunpornport,Sireelertton,63603,Northern,1995-11-09,Male,Widowed,2023-08-28
CUST_2c2b,Chayanin Anekvorakul,benchapatranonphenphitcha@yahoo.com,06-8581-9935,76237 Trikasemmart Parkways Suite 456,Pianduangsrichester,West Pitipatport,25451,Central,2007-06-08,Other,Divorced,2024-09-17
CUST_3405,Patchaploy Sireelert,thantananontarisara@yahoo.com,06-2482-6272,66000 Chayanin Lock,Lake Suwijukborough,Anekvorakulshire,67733,Northern,1991-07-23,Female,Married,2026-05-10
CUST_c64a,Darin Vethayasas,nchowitunkit@gmail.com,09-1376-8430,7861 Pannawich Ranch Suite 584,Patchaployhaven,Atitfurt,02079,Central,1999-07-23,Other,Divorced,2022-10-17
CUST_af86,Patcharaporn Intaum,polpokamolchanok@hotmail.com,09-8649-6491,9974 Tungkasethakul Lodge Apt. 598,Peemstad,Port Arisara,63159,Northern,1996-05-12,Other,Single,2021-07-01
CUST_03e3,Apisara Losatapornpipit,pawan91@hotmail.com,08-4363-4769,6855 Sujjaboriboon Crescent Apt. 764,Pattatomporntown,Krittayanukoonchester,35415,Central,1989-01-28,Other,Married,2023-09-15
CUST_c431,Yada Habpanom,patchaploypasuk@yahoo.com,06-5344-9751,96924 Benchapatranon Springs,Sorattanachaibury,South Niracha,34399,Central,1991-04-23,Other,Widowed,2025-09-13
CUST_70d5,Pakjira Vinyuvanichkul,bunlupongkulnun@gmail.com,09-8525-8489,14910 Sorawut Forge,Peemborough,East Pakjiramouth,34091,Northeast,2003-08-06,Other,Divorced,2025-06-07
CUST_18f5,Kulnun Chaisatit,rmatinawin@yahoo.com,08-2625-9035,2697 Yanisa Stravenue,New Chanikanside,Kamalanonland,79433,Northeast,1986-04-17,Male,Widowed,2023-10-07
CUST_ef68,Pornchanok Vinyuvanichkul,anekvorakulpatchaploy@yahoo.com,06-4036-6561,1317 Anekvorakul Square,Kamolchanokton,Nutkritabury,37275,Central,1994-03-11,Male,Divorced,2024-08-23
CUST_315a,REV Pitipat Polpo,dsireelert@gmail.com,06-5087-0772,49302 Sorawut Island Apt. 062,East Sittikorn,Lertsattayanusaktown,05053,Central,2006-04-17,Male,Other,2025-12-28
CUST_89d6,CPO 1 Prames Youprasert,kongsripattapon@hotmail.com,06-4108-9860,097 Tunchanok Squares Suite 989,North Phubes,North Sorawutburgh,32518,Northeast,2005-11-21,Male,Divorced,2023-04-04
CUST_43e4,Nutkrita Kongchayasukawut,lertsattayanusakkulnun@hotmail.com,06-8398-5964,44392 Wimolnot Stravenue,West Sitiwatport,East Pitipatside,07640,Western,1998-12-23,Female,Divorced,2023-11-09
CUST_3e38,LT GEN Pintusorn Neerachapong,padaturongkinanon@yahoo.com,06-6198-5149,9814 Pornchanok Well Apt. 520,East Pattatomporn,Lake Pachongrukborough,26134,Central,1998-10-17,Female,Divorced,2025-01-25
CUST_24ad,Yada Kumsoontorn,pitanuwatchanikan@yahoo.com,08-1008-1814,7866 Yada Point Suite 801,Sooksawangville,Wassayaton,42853,Central,1993-08-22,Other,Divorced,2023-04-26
CUST_1d3c,Patchaploy Prakalpawong,turongkinanonsupasita@gmail.com,08-8526-1348,81662 Aunyaporn Ridge,New Aunyaporn,Pichpandechamouth,83378,Northern,1986-03-18,Other,Other,2025-09-06
CUST_1084,Pakjira Kongchayasukawut,jinjuta44@yahoo.com,08-0244-8861,2987 Pattapon View Apt. 806,Methavorakulton,Intaumville,90661,Central,2001-04-08,Female,Divorced,2024-12-08
CUST_0763,Puntira Prayoonhong,nutwadeelertsattayanusak@gmail.com,09-3828-6737,9553 Sujjaboriboon Forge Apt. 694,Tungkasethakulfurt,North Pachongruk,43197,Northern,1984-11-21,Male,Widowed,2026-01-18
CUST_e87f,Kamolchanok Chaisatit,wannapaitoonsriparin@yahoo.com,06-7024-2148,529 Chomsri Drives Suite 354,North Pornchanok,West Prames,83066,Central,1987-11-03,Male,Single,2023-11-14
CUST_f251,Tunchanok Sooksawang,kitprapasarunporn@hotmail.com,08-2037-8803,227 Bunlerngsri Oval Apt. 336,Choeychuenhaven,Padatown,19744,Northeast,2008-03-15,Male,Married,2024-08-14
CUST_db0b,Sorawut Trikasemmart,atitipatrayunyong@gmail.com,09-5392-0003,010 Nutwadee Drive Suite 125,East Thanatchashire,North Puntira,82078,Northeast,2007-06-21,Male,Single,2023-07-05
CUST_9749,PHRASAMU Pawan Sorattanachai,fkrittayanukoon@gmail.com,09-1674-6016,5914 Chayanin Valleys,Wimolnotmouth,Port Jitrinchester,44205,Central,1999-03-18,Other,Divorced,2025-07-05
CUST_dc5e,Phenphitcha Bunlerngsri,chayaninwimolnot@gmail.com,09-7734-9446,2601 Charoensuksopol Point,Prachayarochtown,East Wassaya,46487,Northeast,1995-07-23,Other,Widowed,2023-06-13
CUST_57ef,Nutcha Krittayanukoon,chanyakrittayanukoon@hotmail.com,08-6096-7172,162 Chaiwut Fall,Chayapatburgh,Pitanuwatport,49377,Northern,1986-05-02,Male,Married,2025-03-28
CUST_2cae,Aunyaporn Methavorakul,titipatrayunyongpuntira@hotmail.com,09-5190-5994,326 Sarunporn Squares,East Supasitahaven,Puntiraville,51128,Northern,2003-10-06,Male,Single,2024-11-22
CUST_3205,Pada Sireelert,phenphitchacharoensuksopol@hotmail.com,09-2956-7435,9168 Youprasert Skyway,West Puntira,South Apisara,78987,Central,1990-06-19,Other,Widowed,2023-09-13
CUST_6651,Pitipat Srisoontorn,abunlupong@gmail.com,09-4153-3247,4973 Polauaypon Fork,Kunapornborough,Pakjirachester,48042,Central,1997-02-17,Other,Married,2023-08-22
CUST_41a5,Pannawich Chomsri,lpasuk@hotmail.com,08-9696-7698,181 Methavorakul Shoal Suite 873,Sukhenaiberg,Suraprachitside,25116,Northeast,1996-07-01,Other,Married,2023-03-26
CUST_e31e,Phubes Vinyuvanichkul,darin56@gmail.com,06-8008-0191,886 Phusilarungrueng Lakes,Port Apisarabury,Intaummouth,79877,Northeast,2008-10-21,Other,Married,2022-11-04
CUST_5f37,Sitiwat Habpanom,tunradeepermchart@gmail.com,08-6630-6508,7563 Vinyuvanichkul Wall Suite 105,Sooksawangside,New Primafort,44817,Northeast,1989-09-28,Male,Widowed,2024-09-04
CUST_48c0,Pattamon Chowitunkit,pornchanokchomsri@gmail.com,06-3369-5730,0739 Matinawin Street Apt. 095,New Nutcha,Port Pitipat,25656,Northern,1999-03-10,Other,Single,2025-11-13
CUST_2d96,Patchaploy Chaihirankarn,ipolauaypon@gmail.com,09-6969-9369,0168 Chaisatit Landing,New Wassaya,Yadahaven,73414,Central,1987-08-04,Male,Other,2021-08-12
CUST_c7bd,Jaruwan Methavorakul,tunchanok24@yahoo.com,06-1340-2237,8496 Methavorakul Rue Suite 095,East Pornchanokfort,West Apisara,54745,Central,1989-03-14,Other,Single,2025-07-26
CUST_8b81,Chanikan Pasuk,chayanin23@gmail.com,09-6902-4520,782 Pornchanok Meadow Suite 929,East Yada,Thantananontton,32984,Northern,1996-10-25,Male,Single,2024-12-22
CUST_880d,Pattapon Boonpungbaramee,yada04@hotmail.com,08-3213-9530,808 Anekvorakul Summit Apt. 222,Sorattanachaimouth,South Pattaponville,52861,Southern,1996-06-18,Other,Married,2022-07-06
CUST_c04d,Yada Pianduangsri,wassaya03@gmail.com,08-5568-0346,3974 Anekvorakul Mission Apt. 304,Darinmouth,Pakjirafort,31420,Northern,1987-01-25,Female,Single,2026-02-18
CUST_6887,Prames Choeychuen,kamolchanokchomsri@hotmail.com,09-3548-9548,970 Puntira Way Suite 089,Port Nutkrita,West Pachongruk,43111,Northern,1999-03-02,Other,Single,2023-12-13
CUST_f082,Chanikan Bunlupong,sujjaboriboonjaruwan@hotmail.com,06-2180-8736,6519 Patcharaporn Mountains,Vethayasasville,Ratchanonton,66961,Central,1990-04-11,Female,Widowed,2025-07-24
CUST_2640,Yanisa Intaum,polauayponwassaya@gmail.com,08-9779-8084,06486 Chayapat Shoal Suite 693,South Noppakao,South Nichakarn,74967,Central,2002-07-09,Other,Widowed,2024-07-17
CUST_ab08,Nattawun Sukhenai,methavorakulpintusorn@gmail.com,09-0899-1677,0851 Pothanun Springs Apt. 142,East Suvakitport,Lake Parinport,92782,Northeast,1990-10-11,Other,Widowed,2023-12-25
CUST_5358,Apisara Kongchayasukawut,kamolchanokchoeychuen@yahoo.com,09-4475-9246,092 Choeychuen Views,Lake Nutchaton,Lake Arisara,93694,Northeast,1995-12-04,Female,Other,2026-01-24
CUST_9e60,Teetat Pikatsingkorn,nattawuntitipatrayunyong@hotmail.com,06-5100-8107,037 Ratchanon Island Suite 746,Pawanstad,Suraprasertton,56945,Northern,1996-08-16,Female,Married,2024-06-12
CUST_6bae,Pawan Kitprapa,thantananontyada@gmail.com,08-0299-8125,01403 Sorawut Crossing,North Pitipatmouth,North Pornchanokmouth,36171,Western,2008-03-27,Male,Divorced,2023-07-27
CUST_852e,Sittikorn Tungkasethakul,pitanuwatniracha@gmail.com,09-4633-7865,39939 Patchaploy Land,Pakjiratown,West Supasit,92996,Central,2000-08-18,Other,Widowed,2024-03-05
CUST_23c0,Phenphitcha Losatapornpipit,habpanomnutcha@gmail.com,08-1299-7884,704 Wassaya River Apt. 448,Lake Chawin,Chanyafort,69378,Northeast,1988-10-22,Male,Married,2022-07-02
CUST_9b02,S M 3 Darin Kittakun,todsawun12@yahoo.com,06-1975-1134,378 Thantananont Views,Phusilarungruengstad,Port Wasinberg,53962,Central,2008-12-08,Other,Married,2026-02-21
CUST_f95a,Phenphitcha Wasunun,sittisaowapaksitiwat@yahoo.com,08-7795-0289,16664 Bunlerngsri Heights,Apisaraton,Pongpanitchland,22460,Central,1989-03-20,Male,Married,2025-10-12
CUST_0045,Sitiwat Pothanun,sorattanachaipakjira@hotmail.com,06-0621-6387,5749 Pattatomporn Mount,Jitrinchester,New Pramesbury,29608,Northern,1997-05-07,Female,Widowed,2026-02-10
CUST_5a1e,Puntira Turongkinanon,chalisa45@hotmail.com,06-7317-6890,0299 Phusilarungrueng Islands,Sukhenaimouth,Tunchanokmouth,07548,Central,1993-05-19,Female,Widowed,2024-03-12
CUST_b8cc,ACM Chayapat Tianvarich,pakjira63@gmail.com,09-4563-6708,01204 Phubes Lock,North Suwijukfort,Methavorakulview,91460,Northern,1979-02-10,Male,Divorced,2024-06-02
CUST_26d0,Pattatomporn Suraprasert,kongsriratchanon@hotmail.com,08-6604-4872,09974 Pattatomporn Prairie Suite 175,East Sorawutchester,Losatapornpipitfort,88691,Northern,2002-04-27,Other,Divorced,2023-04-14
CUST_8d4c,Prima Lertsattayanusak,pannawich70@yahoo.com,09-3590-1382,38014 Posalee Spring Suite 204,Apisaramouth,New Kulnun,14072,Central,1997-10-16,Other,Other,2021-05-13
CUST_6250,Chaiwut Methavorakul,xkamalanon@yahoo.com,08-2145-0247,26509 Methavorakul Curve,Pawanchester,Lake Chayapatbury,45336,Southern,1992-08-04,Female,Widowed,2021-03-11
CUST_301f,LT COL Pattamon Chomsri,wasinpianduangsri@yahoo.com,06-6729-4663,86372 Jaruwan Knolls Suite 447,Pothanunfurt,Pasukport,28581,Central,2000-04-01,Female,Widowed,2025-11-10
CUST_c1ae,Pornchanok Wimolnot,boonpungbarameeteetat@gmail.com,06-2524-7996,024 Srisoontorn Mountain Apt. 538,East Sitiwat,Pianduangsrishire,68445,Central,1991-10-03,Male,Widowed,2021-03-24
CUST_1203,Tunchanok Pongpanitch,suvakitwasunun@yahoo.com,08-2366-2067,68613 Chawin Mountains,Wassayaview,Supasitbury,20079,Northeast,1990-05-19,Other,Married,2025-11-10
CUST_5bfb,Puntira Pitanuwat,krittayanukoonchaiwut@gmail.com,08-2078-1460,301 Kodchaporn Brook,North Pannawichstad,Pintusornmouth,64459,Central,1992-04-03,Female,Divorced,2024-06-01
CUST_29e5,Noppakao Siripaiboo,xchaisatit@gmail.com,08-1544-6060,71140 Kitprapa Stream Apt. 165,Pachongrukland,Port Phubes,74966,Northern,2008-09-17,Female,Other,2024-04-21
CUST_3319,Pawan Prachayaroch,pitanuwatatit@gmail.com,09-1995-4431,856 Nattawun Drive,Vethayasasshire,Parinstad,29474,Central,2000-02-12,Female,Single,2024-12-03
CUST_5a36,M R Tunradee Titipatrayunyong,vethayasassupasita@yahoo.com,08-5359-2454,214 Pikatsingkorn Parkway Suite 165,South Kulnun,Lake Chaifah,02489,Central,2006-11-05,Other,Single,2025-11-06
CUST_5927,Anon Titipatrayunyong,yadaphusilarungrueng@hotmail.com,06-0318-9363,755 Prachayaroch Brook Suite 213,Lake Arisaratown,Pichpandechaburgh,80084,Central,2000-02-28,Female,Divorced,2023-02-10
CUST_2e52,Peem Suraprachit,kittakuntunradee@yahoo.com,08-5499-5366,7442 Sarunporn Corners Apt. 663,Pongpanitchmouth,Pattatompornville,80300,Northeast,1990-12-14,Male,Other,2021-10-04
CUST_2727,Teetat Sorattanachai,puntira04@gmail.com,09-9103-6575,9352 Chomsri Plains,South Chawinmouth,Lake Jaruwanstad,57989,Southern,2000-02-16,Male,Divorced,2021-08-24
CUST_3097,Tunradee Chaihirankarn,ichowitunkit@yahoo.com,08-8050-6952,9535 Nutkrita River,Teetatville,Atitport,73598,Central,1989-07-11,Other,Married,2021-05-27
CUST_e69a,POL CPL Jinjuta Kittakun,intaumwassaya@yahoo.com,06-1592-0249,2203 Yada Curve,South Ratchanonborough,Pianduangsriton,22841,Northern,2002-06-23,Female,Married,2025-09-20
CUST_c9ee,CAPT Pornchanok Thantananont,pichpandechachayanin@gmail.com,06-8493-6329,06878 Sarunporn Parkways,East Atit,North Kamolchanokstad,96837,Northeast,2006-05-05,Other,Single,2025-02-28
CUST_2b98,Chaifah Siripaiboo,yboonpungbaramee@hotmail.com,09-3155-5231,6287 Intaum Plains,Pramesfurt,North Pitipat,66216,Central,1999-11-05,Female,Single,2022-02-17
CUST_5dae,Kunaporn Thantananont,vethayasaswassaya@hotmail.com,08-7001-2536,913 Methavorakul Isle Apt. 055,North Thanatcha,Wimolnothaven,38099,Central,1997-01-10,Other,Married,2023-07-26
CUST_2282,Chayapat Matinawin,phenphitchachaisatit@yahoo.com,08-1294-6730,38334 Chanikan Turnpike,West Todsawunberg,Pitipatchester,35462,Northern,1995-12-08,Other,Divorced,2023-02-09
CUST_9fdc,Kunaporn Wasunun,tianvarichteetat@yahoo.com,08-1991-8668,7258 Pichpandecha Mills,East Pintusorn,New Pachongruk,18764,Northern,1990-04-23,Female,Other,2026-05-21
CUST_ab81,Pattamon Prayoonhong,suwijuktianvarich@gmail.com,08-9421-1348,129 Teetat Dale Suite 984,East Yada,Chawinville,35597,Central,2005-07-02,Female,Married,2025-02-12
CUST_350e,Pakjira Trikasemmart,suvakitpianduangsri@yahoo.com,06-1428-2990,402 Jitrin Mountains,Pattatompornside,South Supasita,36433,Northern,2003-02-08,Other,Other,2022-10-05
CUST_ad71,Nutcha Chaisatit,oprachayaroch@hotmail.com,06-4951-7950,40450 Prima Canyon Apt. 643,Nutchabury,Lake Tunradee,81138,Northern,1992-07-17,Male,Married,2023-09-24
CUST_6848,Kamolchanok Polauaypon,suraprachitchawin@hotmail.com,08-6826-2805,14394 Chaisatit Via,Teetatport,Port Apisara,80150,Central,2004-10-22,Other,Other,2025-10-06
CUST_0b80,Nattawun Boonpungbaramee,kulnun74@yahoo.com,06-9943-0312,239 Sireelert Crescent,Port Sitiwat,Lake Sorawut,13733,Western,1991-02-11,Male,Widowed,2026-04-23
CUST_9151,Tunchanok Prakalpawong,supasit14@hotmail.com,09-2551-9989,644 Pasuk Stravenue,Losatapornpipitmouth,Phusilarungruengport,59985,Central,1991-01-20,Other,Other,2024-01-09
CUST_c078,AMN Nattawun Pongpanitch,wasununapisara@hotmail.com,09-3721-2561,689 Chaihirankarn Parkways,West Teetatville,Pongpanitchtown,90518,Central,1995-10-12,Male,Widowed,2026-04-11
CUST_bf27,COL Jinjuta Sukhenai,anon54@yahoo.com,08-6225-3374,69883 Puntira Viaduct,North Wassaya,West Kamolchanokhaven,33236,Northern,2000-01-18,Other,Widowed,2024-07-17
CUST_969d,PHRA ATHIKAN Apisara Posalee,ratchanon36@yahoo.com,09-4542-3028,898 Kongsri Course,Chayaninton,Permchartburgh,01962,Eastern,2002-01-09,Other,Divorced,2023-09-23
CUST_ba6d,CPO 3 Pak Choeychuen,vethayasaschaifah@gmail.com,08-2807-4824,62765 Phusilarungrueng Landing Suite 309,Thanatchastad,Port Patchaploy,61487,Eastern,2004-08-22,Female,Other,2025-03-13
CUST_15eb,Patchaploy Bunlerngsri,sittikornpikatsingkorn@hotmail.com,09-2701-5635,917 Supasit Ramp,East Kodchaporn,Teetatfort,59742,Central,2006-11-01,Female,Widowed,2025-07-02
CUST_2653,Patcharaporn Chowitunkit,sprachayaroch@hotmail.com,08-8735-7728,87890 Posalee Pike,New Chanikanport,South Phenphitchaton,74139,Northern,1982-12-01,Other,Married,2022-09-08
CUST_7275,Pattamon Tianvarich,bsiripaiboo@yahoo.com,08-3531-7592,820 Suvakit Estate,New Anonside,North Parin,07456,Northern,1999-04-11,Other,Married,2021-04-04
CUST_8766,Pitipat Kitprapa,polpophubes@yahoo.com,08-2292-2637,1411 Kittakun Corner Suite 519,Chaihirankarnmouth,North Apisara,04365,Central,1992-01-10,Female,Single,2024-02-23
CUST_db6a,Pakjira Tungkasethakul,jtianvarich@hotmail.com,09-1514-5285,8394 Patchaploy Parks,North Chaiwuthaven,Noppakaoside,81502,Northern,1995-08-07,Other,Other,2022-06-18
CUST_2ad5,Puntira Sujjaboriboon,atit94@hotmail.com,09-8865-4278,3658 Yada Center,Sireelertfort,East Sarunporntown,39850,Northern,1990-05-21,Other,Single,2022-03-18
CUST_73aa,Thanatcha Pothanun,neerachapongpeem@yahoo.com,08-9349-0024,463 Pak Locks,Kumsoontornmouth,Supasitfort,84526,Central,1990-03-09,Male,Other,2024-08-10
CUST_0d35,Phubes Titipatrayunyong,kunaporn78@yahoo.com,08-3357-2742,13350 Pongpanitch Points,Aunyapornhaven,Pattamonbury,06996,Northern,1988-01-17,Other,Married,2023-07-20
CUST_02e6,Nutcha Prachayaroch,jkitprapa@yahoo.com,06-8442-8509,01840 Norramon Ville Apt. 554,Puntiraport,Nutkritaborough,98769,Central,1992-10-22,Female,Divorced,2024-12-22
CUST_45c0,AVM Pada Norramon,primaprakalpawong@gmail.com,09-2176-6592,405 Kulnun Common,South Kulnun,South Sorawutshire,89778,Northern,1997-06-08,Other,Widowed,2024-05-04
CUST_7ef4,Atit Chaisatit,ppitanuwat@yahoo.com,06-9817-9825,4716 Supasita Union,Wassayamouth,New Nichakarnmouth,38340,Central,1996-07-28,Other,Married,2021-10-02
CUST_a409,PVT Kodchaporn Permchart,kchaisatit@hotmail.com,09-8518-7658,3359 Kittakun Road Apt. 257,Kodchapornview,West Pintusorn,88461,Central,2004-12-22,Female,Divorced,2025-11-25
CUST_1692,Pattatomporn Vinyuvanichkul,intaumnattawun@yahoo.com,08-0162-4919,752 Darin Square,Sireelertshire,North Pitipat,84133,Eastern,2006-06-04,Other,Widowed,2024-07-13
CUST_bea3,Sarunporn Pothanun,sbenchapatranon@gmail.com,06-4098-0107,90375 Nichakarn Alley,East Sittikorn,West Chanya,88426,Central,2004-02-15,Female,Divorced,2024-02-11
CUST_cf13,M L Supasita Suraprachit,pintusornhabpanom@yahoo.com,08-9671-2643,95658 Habpanom Points Suite 353,Krittayanukoonmouth,Port Aunyaporn,62104,Central,1990-06-18,Other,Divorced,2025-10-23
CUST_4950,Nutcha Lertsattayanusak,suvakit63@yahoo.com,06-5053-8218,8847 Tungkasethakul Estate Suite 193,Aunyapornfurt,East Kunaporn,17119,Northern,1986-05-19,Other,Other,2021-04-20
CUST_3450,Supasit Polpo,pattapon79@hotmail.com,09-6878-8456,735 Bunlerngsri Ranch,Port Yanisatown,North Teetat,44545,Central,2008-03-28,Female,Single,2024-04-23
CUST_687d,Pawan Charoensuksopol,atit35@gmail.com,09-9775-5075,4833 Prachayaroch Court,Trikasemmartburgh,Lake Supasitborough,40783,Eastern,2003-08-16,Female,Widowed,2021-09-03
CUST_01f9,Pada Methavorakul,nutcha93@yahoo.com,08-0996-6735,5173 Anon Lake Suite 150,Pattapontown,Wasinstad,05624,Central,1992-09-17,Other,Divorced,2023-01-18
CUST_a513,Pakjira Wimolnot,lprakalpawong@yahoo.com,08-1558-8794,31626 Kittakun Rapids,Port Jitrinburgh,Supasitaland,66672,Central,1992-05-02,Male,Married,2023-12-05
CUST_f5df,Parin Tianvarich,sukhenaiprima@yahoo.com,08-6786-4973,731 Polauaypon Drive,Port Pattatomporn,New Chanyaside,07068,Central,2005-10-23,Female,Married,2021-11-25
CUST_7a22,PO 2 Jaruwan Thantananont,yanisapichpandecha@hotmail.com,06-1398-1146,53810 Puntira Rapids Apt. 183,Sireelertchester,Chaiwutport,24602,Central,2006-03-16,Female,Other,2022-09-10
CUST_532f,PLT OFF Nutkrita Wannapaitoonsri,wannapaitoonsrisuvakit@gmail.com,06-4203-2144,1890 Pothanun Forest Suite 307,North Jinjutamouth,Permchartbury,99226,Central,1996-12-23,Other,Widowed,2024-03-16
CUST_e492,Todsawun Kongchayasukawut,patcharapornvinyuvanichkul@hotmail.com,08-3202-2834,793 Prachayaroch Lodge Suite 895,Vethayasasland,Turongkinanonborough,01252,Northern,1992-07-12,Male,Other,2025-04-11
CUST_aaeb,Noppakao Prayoonhong,intaumchaiwut@yahoo.com,08-7561-1830,89941 Boonpungbaramee Field,Lake Chalisatown,Boonpungbarameebury,28018,Southern,1996-11-15,Other,Other,2025-11-18
CUST_c1be,Pintusorn Youprasert,fkrittayanukoon@hotmail.com,06-0439-1039,67589 Prayoonhong Creek,Bunlupongland,South Suwijuk,90273,Northeast,1996-02-10,Female,Divorced,2023-02-23
CUST_ac4a,Nutwadee Pitanuwat,nichakarn24@yahoo.com,06-8122-0324,0513 Todsapornpitakul Causeway Suite 493,Tungkasethakulberg,Anekvorakulfurt,63268,Central,2005-08-20,Other,Divorced,2022-02-03
CUST_651c,Pornchanok Kongsri,pachongruk03@yahoo.com,06-2836-4757,683 Thanatcha Forks,Pikatsingkornland,Matinawintown,46689,Central,2008-08-26,Female,Single,2024-04-13
CUST_6439,MAJ GEN Noppakao Kongchayasukawut,prachayarochatit@gmail.com,06-1536-9312,339 Patcharaporn Creek Suite 359,North Patchaployside,North Jaruwan,43403,Central,1985-05-08,Male,Married,2024-02-14
CUST_730d,Chaiwut Chowitunkit,wassayalosatapornpipit@hotmail.com,09-0020-4274,0286 Arisara Haven Suite 098,Polpoview,West Pak,82272,Northeast,1991-12-22,Male,Single,2025-03-18
CUST_3889,Pattamon Siripaiboo,tianvarichchawin@yahoo.com,08-7513-0172,9681 Ratchanon Crossing Suite 778,Chaiwutmouth,Port Nichakarnville,38303,Northern,2000-07-12,Male,Divorced,2026-04-21
CUST_8ea9,Patcharaporn Vethayasas,chayaninpongpanitch@hotmail.com,08-8103-3290,03797 Pachongruk Pass,Lake Noppakao,Chanyachester,98546,Central,1993-03-19,Female,Married,2024-02-12
CUST_ac93,Apisara Charoensuksopol,pothanunprames@hotmail.com,06-5859-8930,8001 Krittayanukoon Passage Apt. 725,New Pitipat,North Pachongruk,17421,Northern,2007-05-21,Male,Other,2023-10-10
CUST_b61a,Atit Sireelert,onorramon@yahoo.com,09-6107-6692,6427 Sarunporn Valley Suite 849,North Phubes,Wasununtown,78589,Central,1994-11-04,Female,Other,2025-02-26
CUST_cae6,Anon Intaum,sooksawangnoppakao@hotmail.com,08-1075-1038,2858 Nutcha Ports Suite 737,Anonbury,East Pitipat,93874,Northern,2006-01-26,Other,Widowed,2025-01-24
CUST_7b83,PHRASAMU Sarunporn Boonpungbaramee,sturongkinanon@gmail.com,06-0567-3759,7543 Pothanun Greens,Lake Jaruwan,Lake Chayanin,85454,Central,1999-04-26,Female,Other,2024-10-05
CUST_3b76,Yanisa Prachayaroch,losatapornpipitpada@gmail.com,06-7178-0405,29010 Charoensuksopol Wall,Lake Wassayafort,Port Nirachaport,03044,Northern,2008-07-16,Female,Single,2025-04-24
CUST_88a8,Nutkrita Prachayaroch,kodchapornmethavorakul@yahoo.com,08-5292-8995,9718 Sooksawang Underpass Suite 730,Primaborough,Sireelertborough,72814,Eastern,2000-10-23,Other,Divorced,2022-01-05
CUST_5e89,S M 1 Sittikorn Sooksawang,chanya48@yahoo.com,06-0154-9259,542 Pannawich Canyon Suite 971,Port Chanyaton,Padaberg,66004,Central,1991-03-16,Other,Single,2025-10-06
CUST_9543,Prames Phusilarungrueng,chomsrichalisa@gmail.com,06-1872-5733,739 Turongkinanon Shores Apt. 419,Pawanfort,Methavorakulton,63826,Eastern,1993-07-21,Other,Married,2023-01-03
CUST_afc9,Pattatomporn Phusilarungrueng,sorawut68@yahoo.com,06-3805-8698,6459 Chanya Port Suite 731,Trikasemmartfort,South Prames,77483,Eastern,1995-01-14,Male,Widowed,2023-01-22
CUST_d650,Noppakao Norramon,todsawunposalee@hotmail.com,08-7815-3242,962 Teetat Road Apt. 574,Thanatchabury,West Pornchanoktown,57511,Central,1994-06-17,Other,Single,2023-10-27
CUST_b1db,Pattatomporn Titipatrayunyong,nattawunpianduangsri@gmail.com,06-6615-9994,96443 Pitipat Lakes,Sittisaowapakville,Lertsattayanusakville,93387,Central,1996-05-26,Other,Single,2024-04-08
CUST_b5ad,Thanatcha Norramon,pianduangsriyada@yahoo.com,06-8187-8946,00722 Pachongruk Run Suite 410,Kamolchanokchester,South Pornchanokville,59383,Southern,1989-06-25,Other,Divorced,2023-11-05
CUST_8dee,Suwijuk Krittayanukoon,jwasunun@hotmail.com,06-1007-3287,3809 Arisara Grove,Posaleetown,East Phubesville,64590,Central,1999-09-19,Other,Married,2023-10-26
CUST_b06e,Pornchanok Suraprachit,darinanekvorakul@yahoo.com,06-9833-7646,62409 Wassaya Ville Suite 519,Pitipatport,North Pawanborough,84875,Central,1993-04-01,Other,Other,2025-08-05
CUST_1989,Thanatcha Kamalanon,pattatompornchaihirankarn@gmail.com,06-4986-2858,277 Tunchanok Creek Apt. 985,Tunchanokborough,New Nattawunberg,54451,Eastern,1999-06-17,Female,Married,2026-01-13
CUST_abf8,POL GEN Nutwadee Sittisaowapak,nattawun87@yahoo.com,09-5273-4560,6747 Permchart Walk Apt. 214,Port Chayanin,North Teetat,59932,Northern,2005-03-19,Female,Married,2023-04-23
CUST_6415,Pintusorn Lertsattayanusak,apisaratitipatrayunyong@gmail.com,08-2355-2410,00047 Suraprasert Squares Suite 363,Suraprasertview,Lertsattayanusakfort,18550,Northern,1998-03-15,Other,Single,2021-04-20
CUST_7def,Prames Methavorakul,charoensuksopolsupasita@hotmail.com,06-6468-0245,3242 Charoensuksopol Road Suite 509,North Teetat,Habpanommouth,04343,Western,2001-06-23,Male,Married,2021-03-06
CUST_d582,Yada Pongpanitch,kunapornkitprapa@yahoo.com,09-5932-1445,9374 Wannapaitoonsri Springs,Suwijukmouth,Yadahaven,01601,Northern,2006-06-13,Other,Other,2024-08-15
CUST_67a7,Arisara Kamalanon,polpowasin@gmail.com,09-2298-5711,20949 Pikatsingkorn Meadows Apt. 830,Sorawutfort,Kittakunfort,39453,Central,2002-09-08,Other,Single,2021-05-12
CUST_0428,Kunaporn Kamalanon,lertsattayanusaknattawun@hotmail.com,06-0034-8541,74815 Pasuk Hollow Apt. 459,Phenphitchamouth,Lake Pattapon,10030,Western,1993-09-26,Female,Widowed,2025-07-07
CUST_a2ed,Pannawich Kongsri,jaruwan22@yahoo.com,09-4129-2509,65099 Pothanun Ports,East Pitipatbury,Port Jaruwanstad,55064,Central,2001-07-15,Other,Married,2025-08-17
CUST_d2f6,ACM Kulnun Kumsoontorn,phubessuraprachit@gmail.com,08-7740-7457,7381 Chanya Points Suite 409,Anekvorakulview,West Nutwadee,28424,Northeast,1996-01-14,Other,Single,2023-06-27
CUST_fb0a,LT GEN Tunradee Wimolnot,mwannapaitoonsri@yahoo.com,08-2844-0288,5180 Kongchayasukawut Ports,Kongsriberg,Tunradeehaven,04818,Central,1998-04-24,Female,Divorced,2023-10-28
CUST_b875,Yanisa Permchart,wannapaitoonsripeem@hotmail.com,06-2554-1585,84529 Turongkinanon Mill Apt. 713,Pakjirafort,Pintusorntown,23455,Northern,1993-12-05,Other,Single,2026-04-07
CUST_2be5,Phenphitcha Wannapaitoonsri,ctitipatrayunyong@hotmail.com,06-8476-0051,952 Srisoontorn Place,Nutchaburgh,New Suvakit,08679,Central,1996-10-15,Other,Other,2024-06-04
CUST_632b,Chaifah Krittayanukoon,cboonpungbaramee@gmail.com,08-2448-2189,299 Pichpandecha Ferry,Lake Sarunporn,Port Patcharaporn,50210,Northeast,1991-08-11,Male,Widowed,2023-03-11
CUST_8013,Patcharaporn Prayoonhong,hbunlerngsri@hotmail.com,09-2974-4852,46285 Jaruwan Views,South Padabury,Norramonfort,65525,Northern,2003-05-08,Male,Widowed,2023-07-06
CUST_43e9,Chaifah Pikatsingkorn,ynorramon@gmail.com,09-1998-1287,06315 Kumsoontorn Extensions,Nutchaside,Nirachaborough,80059,Southern,1990-01-15,Other,Married,2021-11-17
CUST_8df6,Tunchanok Prayoonhong,fmethavorakul@yahoo.com,06-2822-8839,804 Chaisatit Fork Apt. 561,Prayoonhongfurt,Pothanunstad,36818,Northern,1985-06-23,Male,Divorced,2021-03-24
CUST_aa5b,Tunradee Phusilarungrueng,pawannorramon@yahoo.com,06-7433-4285,33815 Prayoonhong Station Suite 427,New Sittikorn,Kamolchanokstad,80825,Northeast,1997-08-20,Other,Other,2021-07-02
CUST_87c3,Chanya Tungkasethakul,atit95@hotmail.com,06-4012-0530,81112 Thanatcha Freeway Apt. 742,Port Niracha,New Sarunpornside,84902,Northeast,1995-02-08,Female,Divorced,2023-01-28
CUST_8f00,Kulnun Prakalpawong,methavorakulchaiwut@hotmail.com,06-3515-4190,4773 Pawan Park,Neerachapongberg,West Nirachaport,72363,Central,2005-02-13,Female,Widowed,2025-04-05
CUST_dca7,Wasin Pikatsingkorn,kumsoontornsupasit@gmail.com,08-9849-6971,97338 Choeychuen Street,Kitprapaside,New Chaiwut,78097,Central,2000-10-09,Male,Other,2026-01-14
CUST_83f2,Chawin Prachayaroch,niracha80@gmail.com,09-8074-9102,418 Teetat Ranch Apt. 248,South Sarunporn,Intaumburgh,71045,Northern,1998-12-02,Other,Widowed,2025-07-05
CUST_40a3,Parin Chaisatit,pakjirapothanun@yahoo.com,09-5935-7137,095 Thantananont Road Suite 776,Noppakaoshire,East Supasitton,48611,Western,1994-09-05,Female,Single,2024-07-06
CUST_04b3,Nutwadee Vethayasas,neerachapongapisara@gmail.com,08-4938-0560,79913 Chayapat Manors,Jaruwanberg,South Ratchanonshire,51721,Northern,2002-11-23,Male,Married,2023-03-07
CUST_2c2b,Nichakarn Bunlupong,methavorakulpatcharaporn@hotmail.com,06-3219-1591,0528 Habpanom Course Suite 933,South Jaruwan,Parinborough,17553,Northeast,1994-07-01,Female,Married,2024-10-05
CUST_a515,Phubes Sireelert,ratchanon98@yahoo.com,08-2062-1493,5810 Charoensuksopol Ports,Intaummouth,North Parin,95108,Southern,1993-06-09,Other,Divorced,2023-06-16
CUST_380c,Prames Wimolnot,nutwadeesorattanachai@yahoo.com,09-5128-0297,165 Thanatcha Fort Apt. 781,Darinland,Trikasemmartland,89003,Northeast,1999-02-10,Male,Married,2025-07-27
CUST_3c74,POL MAJ GEN Chalisa Krittayanukoon,pasukyada@yahoo.com,08-4662-7079,29556 Suvakit Station,New Parin,Sittisaowapakmouth,11877,Northeast,1998-12-02,Other,Single,2024-06-17
CUST_7a03,Ratchanon Kongchayasukawut,chaisatitaunyaporn@hotmail.com,06-7341-6102,00011 Anon Summit,Lake Phenphitcha,Lake Aunyapornstad,36170,Northern,1995-12-07,Male,Widowed,2022-06-08
CUST_e629,Sarunporn Neerachapong,kulnun73@hotmail.com,08-6538-3207,5232 Chalisa Shore,Chalisaberg,West Padaland,60142,Northeast,1993-10-21,Other,Single,2025-04-12
CUST_e3e1,Darin Methavorakul,nattawunmatinawin@gmail.com,06-8022-5541,5720 Kitprapa Street Suite 876,North Jitrinside,Chaifahberg,99919,Northeast,2003-07-23,Female,Widowed,2023-09-07
CUST_80e6,Aunyaporn Habpanom,polauayponpattatomporn@hotmail.com,08-0862-3202,633 Patcharaporn Creek Apt. 877,Lake Jinjutamouth,Yanisachester,10243,Southern,2007-11-12,Male,Single,2024-04-27
CUST_68af,Nattawun Posalee,thanatcha07@gmail.com,09-4100-7906,7415 Pattatomporn Mews Suite 941,Lake Chanya,Port Chalisatown,87320,Northeast,2002-09-17,Male,Divorced,2023-04-04
CUST_3dd8,Arisara Kongsri,pak60@gmail.com,09-3836-5472,7119 Phusilarungrueng Street,Kongsriview,Nattawunchester,14088,Northern,1982-10-03,Male,Divorced,2026-03-27
CUST_4145,Anon Charoensuksopol,nvinyuvanichkul@hotmail.com,08-7675-9680,432 Yanisa Dale Apt. 578,South Chalisastad,Sorattanachaistad,31743,Northern,1995-11-18,Male,Divorced,2023-05-27
CUST_4b79,Nichakarn Pikatsingkorn,bthantananont@hotmail.com,08-7457-3797,52982 Polpo Hills Apt. 054,East Pattapon,Pasukchester,33555,Central,2008-01-05,Female,Other,2022-10-28
CUST_7904,Pachongruk Sukhenai,yprachayaroch@hotmail.com,06-8270-5295,515 Sireelert Prairie Suite 570,South Sarunporn,Phusilarungruengchester,50994,Northern,1989-07-22,Female,Other,2024-12-23
CUST_f739,Aunyaporn Charoensuksopol,anekvorakulpak@hotmail.com,06-4505-0986,598 Lertsattayanusak Groves,Kittakunborough,Kunapornfurt,93812,Central,1991-07-18,Male,Single,2025-10-09
CUST_b2e9,Suvakit Youprasert,vmatinawin@yahoo.com,09-3307-0939,814 Pichpandecha Knoll,Port Chayapatborough,Tunradeeview,34748,Central,1991-09-10,Male,Single,2021-06-23
CUST_206d,Patchaploy Kongchayasukawut,rthantananont@yahoo.com,09-0446-1938,5977 Yanisa Coves Suite 183,East Chaiwutview,Parinhaven,96562,Northern,1994-09-24,Female,Other,2022-01-10
CUST_7a60,Phenphitcha Suraprasert,nichakarn50@gmail.com,08-9886-6370,9633 Pattamon Plains,New Apisaraport,North Pannawichfort,89280,Northern,1993-03-04,Male,Divorced,2024-12-16
CUST_08d3,Teetat Matinawin,chanyapothanun@yahoo.com,09-3928-5462,04578 Chomsri Meadow,Lake Chanikan,Parinfort,41652,Central,1990-10-06,Other,Widowed,2022-07-05
CUST_7820,Sitiwat Sukhenai,prames38@gmail.com,06-8183-0175,5520 Chaiwut Ferry,Padashire,Krittayanukoonside,42361,Central,2006-02-01,Male,Other,2022-10-14
CUST_f200,Nutwadee Neerachapong,pothanunapisara@hotmail.com,08-3135-9306,594 Pachongruk Corners Apt. 765,Noppakaomouth,Parinside,53208,Northeast,1985-04-25,Other,Single,2024-03-25
CUST_219d,Thanatcha Neerachapong,losatapornpipitapisara@hotmail.com,06-3734-9668,26366 Methavorakul Lock Apt. 642,New Pitipatshire,New Pattatompornhaven,79017,Central,1993-06-19,Male,Other,2024-12-05
CUST_d190,Chaiwut Trikasemmart,tunchanokpolauaypon@yahoo.com,08-1764-4438,79212 Atit Burgs,New Suwijuk,North Pintusornstad,42128,Central,2006-09-25,Other,Widowed,2025-10-07
CUST_0d6e,Chayapat Tungkasethakul,prachayarochteetat@yahoo.com,06-4976-7784,75162 Chalisa Gardens Suite 506,Chanikanburgh,Lake Wasin,20664,Western,1989-04-02,Female,Other,2026-02-27
CUST_1ed1,Pattapon Turongkinanon,jitrin92@gmail.com,08-5706-3773,913 Permchart Lights Suite 917,Vinyuvanichkulview,East Chayapat,97680,Central,1995-01-18,Male,Single,2023-03-03
CUST_f131,Tunchanok Kittakun,anekvorakulpawan@hotmail.com,09-3201-0583,514 Thanatcha Row Suite 439,Benchapatranonfurt,Chalisaland,06677,Northern,1996-03-11,Female,Married,2021-11-12
CUST_2130,Kamolchanok Losatapornpipit,kamolchanokmatinawin@yahoo.com,06-6989-9029,212 Anon Glen,Lake Puntiraburgh,West Puntiratown,83328,Northern,1994-11-22,Male,Divorced,2023-04-13
CUST_9cfe,CDR Yada Pikatsingkorn,sitiwattitipatrayunyong@hotmail.com,08-9505-0694,02514 Sittikorn Inlet,Lake Supasit,Kitprapamouth,77074,Central,1999-11-23,Male,Single,2026-05-25
CUST_a4fa,Prames Turongkinanon,kongsripintusorn@gmail.com,08-0189-1084,0552 Kitprapa Forest,New Prames,Trikasemmartfort,79037,Northeast,1980-12-01,Other,Married,2024-11-14
CUST_1ecb,AMN Patchaploy Bunlerngsri,sorawutprachayaroch@gmail.com,08-4255-6254,8575 Yanisa Trail Suite 587,Chanyafurt,Posaleeland,07238,Western,2004-03-03,Male,Widowed,2022-02-23
CUST_a1b4,Nutkrita Charoensuksopol,pattatomporn73@gmail.com,08-7579-5983,135 Suraprachit Road,Lake Yanisamouth,Port Chawin,44125,Northeast,1986-03-22,Other,Widowed,2023-09-01
CUST_980b,Tunchanok Sireelert,knorramon@hotmail.com,06-1123-2673,02199 Bunlerngsri Mill,Choeychuenstad,Port Arisara,95907,Central,1999-08-16,Male,Divorced,2024-10-06
CUST_9a5f,Chanikan Methavorakul,qkitprapa@yahoo.com,09-8830-9098,88901 Pianduangsri Lodge,New Phubes,East Nichakarnshire,05886,Northeast,1988-11-08,Other,Widowed,2023-01-14
CUST_2987,Patchaploy Kittakun,supasitabunlerngsri@gmail.com,09-9682-9622,17555 Pintusorn Tunnel Suite 493,East Nutkritahaven,Nutwadeeland,04798,Eastern,1994-11-01,Female,Widowed,2026-04-12
CUST_ecd7,Pawan Youprasert,pattamon67@yahoo.com,08-5491-9791,90714 Chayapat Radial Suite 856,Lake Chanya,Methavorakulmouth,68489,Western,2001-07-17,Female,Other,2024-10-26
CUST_4ee2,Parin Titipatrayunyong,pak31@gmail.com,08-4929-7890,02536 Choeychuen Trafficway,Port Pannawich,East Phenphitchaview,20159,Northeast,2003-08-09,Male,Divorced,2023-03-21
CUST_2d7e,Pornchanok Suraprachit,jaruwanmethavorakul@hotmail.com,08-9794-5085,92632 Kittakun Track Suite 562,Chaihirankarnmouth,North Jaruwanmouth,75557,Central,1996-05-15,Male,Single,2025-03-02
CUST_0d55,Sittikorn Chaisatit,wasinprakalpawong@gmail.com,09-5519-8606,8607 Kamalanon Ferry,Pasukport,North Pawan,47175,Northeast,1980-09-02,Female,Married,2023-08-17
CUST_9f6f,Supasita Sujjaboriboon,supasita97@gmail.com,06-8035-0614,43003 Patcharaporn Branch Apt. 285,Sujjaboriboonfort,South Chayapat,65178,Northern,1999-06-21,Other,Married,2023-03-04
CUST_d978,Arisara Kitprapa,chaiwut59@gmail.com,06-0844-9141,97828 Ratchanon Extensions,Apisarafurt,Port Niracha,32667,Central,2004-03-11,Female,Other,2024-06-20
CUST_915e,Chanya Sukhenai,pintusorn37@yahoo.com,09-0984-0718,124 Chayanin Rest,Titipatrayunyongport,Port Nutcha,13804,Northern,2005-07-03,Female,Other,2024-03-13
CUST_b943,Teetat Kittakun,pattamon94@gmail.com,09-2250-8270,4171 Prakalpawong Isle,New Nirachaport,East Ratchanon,18391,Central,1991-03-24,Female,Divorced,2023-09-13
CUST_dc1c,Kodchaporn Matinawin,etitipatrayunyong@gmail.com,09-7752-0862,7237 Chawin Fall Suite 892,Chayaninton,West Sitiwatland,38446,Central,1990-10-09,Other,Single,2024-12-13
CUST_16b0,WG CDR Patchaploy Pichpandecha,sorattanachaijinjuta@hotmail.com,06-0700-8135,4786 Pakjira Ports Suite 422,South Pakjirafurt,New Chalisaburgh,07549,Central,2004-08-26,Other,Divorced,2025-02-23
CUST_5f62,Prima Matinawin,nutwadeetitipatrayunyong@hotmail.com,08-0899-6760,240 Suwijuk Orchard,Chayapatland,Pramesside,23924,Northern,2003-03-05,Female,Married,2024-06-20
CUST_d976,Pawan Vinyuvanichkul,tchowitunkit@yahoo.com,06-7110-1601,08637 Kumsoontorn Locks,West Pachongrukmouth,Sarunpornport,73731,Western,1994-04-21,Female,Single,2023-11-01
CUST_9f9e,Pawan Methavorakul,kunaporn71@hotmail.com,08-9272-0360,574 Chaiwut Prairie,Lake Todsawunview,Pintusornville,89721,Central,1997-07-25,Male,Married,2022-09-26
CUST_d8ce,Prames Polpo,dhabpanom@gmail.com,08-7861-2392,8669 Habpanom Burg Suite 200,South Darin,New Wasinfurt,03550,Northern,1983-05-12,Female,Single,2025-12-01
CUST_afd5,Pornchanok Kongsri,supasitachaisatit@hotmail.com,09-3347-7399,0760 Chayapat Ridges,Kulnunborough,Pakjirahaven,17970,Southern,2000-03-15,Male,Divorced,2025-12-02
CUST_ed23,PHRAKHU VINAIDHORN Prames Intaum,prachayarochapisara@yahoo.com,08-4753-9096,14840 Ratchanon Park,Port Pannawichshire,Jaruwanton,41404,Western,1993-09-16,Male,Other,2024-12-09
CUST_40ca,Pak Tungkasethakul,pornchanokphusilarungrueng@gmail.com,09-8703-2726,35331 Benchapatranon Pine Apt. 008,Posaleefurt,Matinawintown,18259,Central,1990-05-24,Female,Other,2025-09-25
CUST_e7e1,Kamolchanok Phusilarungrueng,lturongkinanon@gmail.com,06-7871-8202,2579 Pawan Courts Suite 452,Arisarahaven,North Phubesville,73536,Western,1996-08-10,Male,Single,2023-04-08
CUST_8bb5,Teetat Chomsri,hmethavorakul@yahoo.com,06-9862-6080,44834 Thantananont Street Suite 637,Suraprasertton,Krittayanukoonhaven,02432,Northeast,1998-07-27,Other,Widowed,2023-12-14
CUST_cd6c,Pattapon Kumsoontorn,trikasemmartnoppakao@yahoo.com,06-7028-8825,78048 Chaihirankarn Ports Apt. 385,North Supasitafort,South Sorawutfurt,90746,Central,1992-10-01,Male,Single,2021-10-09
CUST_c919,Darin Tungkasethakul,ratchanonturongkinanon@hotmail.com,09-5975-5995,66594 Sittisaowapak Ville Apt. 404,Sireelertport,South Jaruwan,29291,Central,2003-06-20,Other,Single,2024-10-15
CUST_b2e6,Anon Siripaiboo,pianduangsripada@gmail.com,08-4615-9512,1683 Apisara Knolls,Methavorakultown,Parinchester,71252,Southern,1992-08-08,Male,Divorced,2021-09-10
CUST_efd2,Nichakarn Prachayaroch,suvakitbunlupong@yahoo.com,06-3117-3189,906 Patchaploy Station,South Peemmouth,South Yanisa,30702,Northern,1995-11-01,Female,Other,2023-12-05
CUST_fe71,Arisara Todsapornpitakul,turongkinanonyanisa@yahoo.com,08-8827-9704,4496 Nutwadee Port Apt. 086,Pitipattown,Port Pornchanok,97896,Central,2000-06-08,Male,Divorced,2022-05-17
CUST_76a4,Pakjira Methavorakul,pintusorn04@gmail.com,06-8747-8942,0424 Intaum Port,Turongkinanonport,Suwijukfurt,76905,Northern,1996-01-01,Female,Other,2024-04-10
CUST_5c42,Thanatcha Vinyuvanichkul,primaprachayaroch@hotmail.com,09-1160-1968,865 Todsapornpitakul Field Apt. 600,Losatapornpipitchester,Port Primabury,75294,Central,2007-11-07,Female,Widowed,2024-06-01
CUST_513e,Kodchaporn Kamalanon,chanikan49@yahoo.com,06-6414-0708,018 Chalisa Drive,North Pattamonport,Port Pattamonfort,77652,Western,1991-09-03,Female,Married,2025-01-17
CUST_33ae,Kunaporn Todsapornpitakul,titipatrayunyongphubes@yahoo.com,06-3146-1554,37715 Pachongruk Ramp Apt. 016,Teetatport,Port Kulnun,25180,Northern,1999-06-25,Male,Divorced,2024-05-13
CUST_c67c,Darin Sittisaowapak,pintusorn32@hotmail.com,09-6120-2088,0966 Jitrin Pass,Siripaiboofort,Pakjiramouth,17817,Central,1994-09-24,Male,Widowed,2021-02-02
CUST_1cd7,Wassaya Choeychuen,todsawun32@yahoo.com,08-6900-3303,5416 Apisara Parks Suite 020,Jinjutaberg,Wassayamouth,04256,Central,1992-11-27,Male,Divorced,2021-07-07
CUST_d91b,Thanatcha Vinyuvanichkul,puntiraposalee@hotmail.com,08-6469-2341,38402 Pitanuwat Squares,Parintown,Chawinview,35976,Central,1983-06-18,Other,Married,2024-07-13
CUST_0900,Jinjuta Matinawin,apisara68@yahoo.com,06-5184-2238,886 Yanisa Village,Lake Sarunporn,Todsapornpitakulland,39163,Northeast,2005-09-04,Other,Married,2021-01-10
CUST_203a,Peem Pichpandecha,wnorramon@hotmail.com,08-6554-3424,040 Yada Underpass,Noppakaoburgh,North Chayapat,63235,Central,1980-12-15,Male,Divorced,2023-04-02
CUST_d5fb,Peem Posalee,ksrisoontorn@hotmail.com,06-5694-6186,271 Sujjaboriboon Crossing,East Sorawut,Lake Supasit,06174,Southern,1989-05-10,Female,Divorced,2023-05-26
CUST_7c4e,POL CPL Parin Pichpandecha,vsorattanachai@gmail.com,08-0807-2859,75204 Pitanuwat Stravenue,West Jaruwanview,Atittown,30051,Northern,1995-07-17,Other,Single,2026-05-10
CUST_d55a,Pattapon Siripaiboo,matinawinniracha@yahoo.com,09-7715-9769,5290 Thantananont Shores,North Pawan,Lake Kulnunbury,07487,Central,1996-09-02,Female,Single,2026-02-13
CUST_bd1f,Thanatcha Tianvarich,dkongsri@gmail.com,08-1297-2119,4889 Pintusorn Manors,West Chawintown,Port Sittikorn,35886,Central,1993-04-25,Other,Other,2022-10-12
CUST_4995,Chanya Polauaypon,phubesmethavorakul@yahoo.com,08-8380-7345,0226 Wasunun Plain,Apisarashire,West Niracha,15555,Northeast,1991-09-26,Other,Divorced,2024-04-01
CUST_9eb0,Teetat Permchart,pitipatwimolnot@yahoo.com,09-7025-6226,47164 Pawan Manors,Prakalpawongview,Kamalanonview,37142,Central,2000-05-07,Other,Married,2022-10-04
CUST_ae2a,Pornchanok Pasuk,kamolchanokbunlupong@gmail.com,09-9809-7018,082 Thanatcha Rest Apt. 329,Methavorakulfort,West Nutcha,31313,Northern,1987-05-04,Female,Widowed,2025-08-15
CUST_e2cc,Pawan Pasuk,wassaya25@hotmail.com,06-3332-9396,5112 Methavorakul Center,Bunlerngsriberg,Habpanomfurt,43690,Northern,1990-05-23,Male,Married,2025-04-01
CUST_6788,Pattamon Tungkasethakul,pak06@hotmail.com,06-3742-8190,97137 Pianduangsri Shoals,New Ratchanon,Supasitbury,17200,Southern,1998-11-25,Female,Single,2025-09-28
CUST_a266,Kodchaporn Losatapornpipit,teetat74@yahoo.com,09-9679-6058,64035 Kamolchanok Canyon,South Nattawunton,Yadaview,58687,Northeast,2007-03-11,Male,Other,2021-02-19
CUST_c97b,Niracha Boonpungbaramee,chayapat46@gmail.com,09-0565-6553,3485 Ratchanon Burg,Pothanunport,Chaihirankarntown,52876,Central,2007-08-10,Other,Married,2026-02-28
CUST_6f61,SAMANERA Jitrin Sireelert,qvinyuvanichkul@gmail.com,08-7556-0622,65423 Sitiwat Station Apt. 813,West Chayapatbury,Patcharapornmouth,15382,Central,1984-02-28,Female,Single,2024-02-04
CUST_806e,Chanikan Tungkasethakul,yanisa28@hotmail.com,08-9414-3544,97835 Pornchanok Ridge Suite 367,Pasukbury,Kongsriville,13331,Northern,2007-12-07,Other,Married,2024-05-12
CUST_e7c6,Sitiwat Pothanun,wassaya54@hotmail.com,06-6965-8690,4865 Youprasert Freeway Apt. 364,Supasitaberg,East Prames,88316,Southern,1992-08-07,Male,Married,2023-05-11
CUST_6cbe,Supasit Matinawin,fpermchart@hotmail.com,09-4840-3470,540 Habpanom Springs Apt. 862,Port Sorawut,East Pannawich,48006,Northeast,1993-06-22,Male,Widowed,2024-10-15
CUST_bf87,Noppakao Wimolnot,rmethavorakul@gmail.com,06-4342-3926,8809 Chawin Burgs Suite 079,Kumsoontornchester,Port Pak,31599,Northeast,1994-02-08,Male,Widowed,2025-05-06
CUST_4d80,Yanisa Pianduangsri,boonpungbarameepattapon@hotmail.com,06-1933-2425,20734 Tunradee Squares,West Pattatomporn,Lake Chalisa,88708,Northern,1994-10-15,Other,Other,2023-10-23
CUST_03ed,Chanikan Wasunun,neerachapongpeem@hotmail.com,08-8788-6274,3861 Atit Ranch Apt. 121,Methavorakulchester,North Yada,86208,Central,2000-07-02,Other,Single,2024-12-15
CUST_123b,Kunaporn Youprasert,tmethavorakul@yahoo.com,06-1494-4349,5076 Jaruwan Freeway,Chanikanport,Habpanomchester,06648,Northeast,2002-09-09,Female,Single,2023-09-18
CUST_30e8,Phubes Suraprasert,sorattanachaisupasita@yahoo.com,09-0186-7360,421 Nutwadee Summit Suite 266,Lake Wasin,Padatown,35519,Central,2000-12-18,Male,Single,2025-06-06
CUST_6985,Nutcha Suraprachit,tunradee14@yahoo.com,09-2318-3441,3687 Srisoontorn Rapid,Turongkinanonbury,New Pitipatshire,13178,Western,2004-11-13,Male,Married,2025-09-27
CUST_9f88,Tunradee Sittisaowapak,nlertsattayanusak@hotmail.com,09-2493-9598,121 Kongsri Mall Apt. 230,West Nutkritamouth,Nirachaberg,32458,Central,1989-11-26,Female,Divorced,2023-01-14
CUST_1fc8,Ratchanon Phusilarungrueng,jsireelert@yahoo.com,09-8425-2845,6370 Kodchaporn Prairie Apt. 749,Polauayponberg,Port Chaiwutshire,00658,Northern,2001-01-27,Male,Divorced,2024-10-20
CUST_6c3e,Apisara Pianduangsri,chaifahpolauaypon@yahoo.com,06-5472-7837,174 Lertsattayanusak Estate,Darinland,Patchaploychester,35012,Central,1994-07-12,Female,Widowed,2024-06-02
CUST_e92c,Wassaya Sorattanachai,yanisa34@gmail.com,09-7559-7151,80976 Apisara Spur Apt. 436,West Suvakitfurt,Pichpandechachester,35984,Central,2008-06-10,Male,Married,2023-02-16
CUST_355c,Suvakit Choeychuen,sarunpornpitanuwat@gmail.com,08-7212-1180,84422 Teetat Springs Suite 653,Port Pachongruk,Lake Suwijuk,51704,Central,2008-07-27,Male,Married,2026-03-12
CUST_6fa4,Sorawut Chaihirankarn,uposalee@gmail.com,08-2881-4803,93616 Pattapon Trafficway,Lake Chayanin,North Kunaporn,32617,Northeast,1992-10-13,Male,Married,2024-04-25
CUST_fd0c,SGT Sittikorn Sittisaowapak,kamalanonpuntira@yahoo.com,09-6813-4634,076 Pattapon Shoals,Port Wasinmouth,West Wassayaview,39630,Eastern,1994-06-01,Other,Single,2024-01-14
CUST_3a69,Suvakit Choeychuen,prima07@hotmail.com,08-4020-1168,4623 Habpanom Valleys Apt. 873,South Yanisa,Primastad,11159,Central,2008-07-09,Male,Single,2024-02-24
CUST_def9,Chayapat Pothanun,vethayasaskodchaporn@hotmail.com,06-2225-9017,740 Permchart Lock,North Teetathaven,East Pattaponton,73966,Northern,2000-03-28,Male,Other,2022-12-06
CUST_2b55,Noppakao Titipatrayunyong,nutkritatungkasethakul@yahoo.com,09-3687-0878,324 Chanikan Key,Peemside,Lertsattayanusaktown,26300,Northeast,1985-11-19,Female,Widowed,2021-05-22
CUST_fb76,ACM Chaifah Chaisatit,primakitprapa@gmail.com,06-5581-0032,3296 Yada Prairie,New Chayapat,Todsawunport,48299,Central,2002-03-23,Other,Married,2022-10-24
CUST_c108,MAJ Wassaya Losatapornpipit,pramestodsapornpitakul@gmail.com,06-8324-7286,95852 Nutcha Inlet,Noppakaoshire,Lake Jitrinside,93567,Northern,1996-06-24,Female,Widowed,2021-10-26
CUST_099b,Chayapat Todsapornpitakul,losatapornpipitapisara@yahoo.com,08-7383-4967,81518 Chaiwut Burg Suite 777,Parinside,Pongpanitchfort,83878,Central,1990-04-19,Male,Other,2021-01-27
CUST_0b8a,Sorawut Sittisaowapak,chayaninkitprapa@hotmail.com,06-8284-7107,80128 Puntira Track Suite 740,Vinyuvanichkulville,Pawanbury,36353,Northern,1994-09-18,Male,Married,2024-07-19
CUST_1ecb,Suvakit Srisoontorn,pattamon63@hotmail.com,09-8187-6136,058 Habpanom Junctions Suite 733,Chaihirankarnburgh,North Apisara,62878,Northeast,1998-01-25,Female,Divorced,2024-07-07
CUST_b210,Chanikan Suraprasert,gprayoonhong@gmail.com,08-7798-2715,22273 Parin Canyon Apt. 813,East Patcharapornborough,Lake Aunyaporn,15702,Central,2001-03-26,Male,Single,2022-08-10
CUST_14e6,Prima Kittakun,norramonkodchaporn@gmail.com,08-0637-6922,07979 Benchapatranon Corner,Pintusornmouth,Jitrintown,88503,Central,1994-11-19,Male,Widowed,2023-12-18
CUST_888b,Chanikan Chaisatit,pitanuwatyanisa@yahoo.com,09-6446-8234,9508 Krittayanukoon Meadow,Yanisaberg,West Prima,88011,Northern,1998-02-01,Female,Married,2024-02-26
CUST_16d2,Parin Suraprachit,nutchapitanuwat@hotmail.com,06-4104-4291,6266 Niracha Drive,East Nutwadee,Titipatrayunyongland,01588,Southern,1984-07-06,Male,Single,2021-08-19
CUST_52f2,Teetat Bunlerngsri,suraprachitpannawich@hotmail.com,09-9741-0064,2792 Chanikan Street,East Darin,Wasinland,09033,Northern,2005-03-20,Female,Widowed,2022-08-16
CUST_cd8b,Ratchanon Tianvarich,kturongkinanon@yahoo.com,08-1993-6011,5964 Nichakarn Field,Wannapaitoonsrifurt,Prachayarochmouth,27039,Central,1986-07-28,Male,Widowed,2026-04-25
CUST_46d0,Peem Thantananont,pintusornchaihirankarn@gmail.com,06-4035-6698,5564 Kodchaporn Motorway,South Padastad,West Teetat,51422,Northeast,1983-12-25,Other,Single,2024-12-28
CUST_b204,Nutkrita Pasuk,supasittodsapornpitakul@hotmail.com,09-1857-9013,204 Pianduangsri Trace,Apisaratown,North Sitiwat,33880,Western,1999-12-20,Other,Single,2021-11-20
CUST_2e70,Yada Vinyuvanichkul,xpothanun@hotmail.com,08-8627-7637,56336 Pachongruk Parks Apt. 166,Nutkritahaven,Wimolnotside,99405,Northern,1991-09-18,Other,Single,2024-08-07
CUST_2643,Sitiwat Krittayanukoon,chayapatboonpungbaramee@gmail.com,09-0472-1696,513 Jaruwan Village Suite 980,Kamalanontown,East Peem,61548,Northern,1991-03-19,Other,Widowed,2024-01-18
CUST_d0f7,Pachongruk Thantananont,wassaya29@hotmail.com,08-5028-8841,852 Pannawich Turnpike,Anekvorakulside,Sujjaboriboonberg,61382,Western,1988-10-17,Other,Widowed,2025-12-15
CUST_0e57,Chawin Prakalpawong,osireelert@gmail.com,08-9446-3912,239 Chawin Alley,Anekvorakulfort,West Supasita,48785,Northeast,1998-11-28,Other,Single,2022-10-28
CUST_fe1d,Puntira Turongkinanon,kamalanonsupasita@hotmail.com,08-2305-8226,600 Yada Highway,Nirachaborough,Port Chawin,36162,Northern,1995-12-26,Male,Divorced,2025-04-15
CUST_5f42,Chayanin Phusilarungrueng,nutchapongpanitch@hotmail.com,06-6083-4351,415 Polpo Circles,South Nutkrita,East Kunaporn,80708,Central,2005-09-12,Female,Other,2023-03-18
CUST_ae77,Pornchanok Kamalanon,vlertsattayanusak@yahoo.com,09-3807-3905,260 Chawin Station,New Nutkritaborough,Pichpandechahaven,28458,Northern,1980-06-11,Other,Married,2025-11-12
CUST_91b2,Todsawun Youprasert,teetat79@yahoo.com,06-5687-0845,56459 Chaisatit Square Suite 656,New Phenphitchaberg,Pintusornburgh,76594,Central,1998-10-05,Other,Married,2023-12-03
CUST_0036,Sarunporn Titipatrayunyong,asukhenai@gmail.com,06-4609-2663,291 Charoensuksopol Locks,Lake Chaiwut,New Aunyaporn,15653,Northeast,1990-11-12,Male,Single,2025-01-03
CUST_423a,Chalisa Pongpanitch,methavorakulchanikan@hotmail.com,09-8654-2424,61109 Polpo Extensions Suite 719,New Sorawut,West Patchaployfort,99708,Central,1997-05-04,Female,Other,2024-09-17
CUST_38a9,Teetat Habpanom,pachongruklosatapornpipit@yahoo.com,06-2935-3163,085 Trikasemmart Overpass Suite 451,Yanisafort,New Nutkrita,34618,Northern,1989-01-05,Male,Divorced,2025-02-07
CUST_77f8,Yada Permchart,rtodsapornpitakul@yahoo.com,08-3466-8216,5955 Anon Port Suite 972,Sittisaowapakton,Turongkinanonbury,92204,Northeast,1997-03-19,Female,Divorced,2021-01-20
CUST_4202,Suvakit Tianvarich,losatapornpipitpatchaploy@hotmail.com,06-3521-0670,138 Nutkrita Forest Apt. 624,North Phenphitchastad,Suraprachithaven,79125,Central,1999-01-16,Other,Widowed,2024-08-02
CUST_b999,Kodchaporn Sukhenai,nattawun21@hotmail.com,06-0895-9012,71361 Pitipat Valleys Apt. 273,Lake Kunapornfurt,East Sorawut,83821,Northern,1998-06-11,Other,Widowed,2025-05-23
CUST_e5b3,Jitrin Phusilarungrueng,benchapatranonnattawun@hotmail.com,06-4846-9987,3979 Pattamon Ranch,West Prames,Pongpanitchfurt,61847,Eastern,1997-02-27,Male,Other,2023-03-06
CUST_ded6,Pakjira Pongpanitch,nichakarn54@yahoo.com,08-8969-7295,2437 Kongchayasukawut Skyway,Tianvarichstad,Anekvorakulville,30254,Northern,2004-08-16,Other,Divorced,2022-10-27
CUST_0d49,Pada Prayoonhong,anoncharoensuksopol@hotmail.com,08-1051-5999,804 Trikasemmart Loop Suite 576,Methavorakulborough,Port Pattatompornborough,35747,Northern,2002-12-11,Male,Married,2025-10-28
CUST_d952,Pak Choeychuen,patcharapornchoeychuen@hotmail.com,09-2777-0748,545 Sittisaowapak Hills,South Jitrin,North Chanyatown,44398,Central,1994-10-12,Other,Widowed,2025-10-24
CUST_36fa,R ADM Wasin Trikasemmart,phenphitchakongsri@yahoo.com,09-4320-0340,959 Thanatcha Common Suite 138,Vinyuvanichkulberg,Anekvorakulport,25720,Northern,1985-11-22,Other,Married,2021-02-12
CUST_7dcd,Pornchanok Methavorakul,sarunpornvinyuvanichkul@hotmail.com,08-5834-3924,9804 Peem Ranch,Siripaibooberg,West Phubesfurt,89001,Southern,1982-10-26,Male,Single,2021-02-13
CUST_4838,Pakjira Pitanuwat,qpikatsingkorn@gmail.com,06-8742-3825,153 Nichakarn Coves,Lake Nichakarnview,North Phubesfurt,13757,Central,1989-12-17,Male,Married,2024-07-05
CUST_9d07,Pada Permchart,zpolauaypon@yahoo.com,09-3568-2652,63334 Pongpanitch Summit,Phenphitchabury,North Darin,89744,Northern,2007-07-01,Male,Divorced,2024-01-04
CUST_048e,Chaifah Kumsoontorn,kulnunsujjaboriboon@yahoo.com,06-9174-8030,048 Tungkasethakul Hill,South Sarunpornville,Port Patchaployberg,22704,Northern,2007-09-19,Other,Married,2024-04-27
CUST_b122,Pakjira Chowitunkit,iprachayaroch@gmail.com,09-9984-9663,6572 Ratchanon Bridge Suite 778,Pakjiraville,South Phenphitchamouth,06902,Central,2006-02-01,Other,Other,2024-04-02
CUST_13da,Pintusorn Krittayanukoon,eprachayaroch@yahoo.com,06-1055-9311,399 Wasunun Trace Suite 604,Srisoontornfort,West Nutwadee,68492,Central,1982-12-16,Male,Widowed,2024-03-14
CUST_a1cf,Yanisa Sittisaowapak,chanikan83@yahoo.com,09-9578-0092,2481 Parin Spring,Kulnunborough,West Pattaponborough,45241,Northeast,1985-01-21,Female,Other,2024-05-22
CUST_ad4a,Thanatcha Methavorakul,kunaporn19@gmail.com,08-7422-6865,6894 Jinjuta Manors,Sorawutfort,Trikasemmartville,57185,Central,1994-03-19,Male,Divorced,2024-03-19
CUST_10d3,Phenphitcha Wasunun,yanisa40@hotmail.com,09-9821-6037,4806 Suwijuk Turnpike,South Chaifahton,Pasukville,50791,Northeast,1990-12-23,Other,Widowed,2022-12-22
CUST_dcdb,Patcharaporn Polauaypon,neerachapongthanatcha@yahoo.com,06-8054-9072,9760 Kodchaporn Summit,Kittakunfurt,Pasukfurt,20971,Central,1999-07-25,Other,Single,2024-09-17
CUST_5f8d,Chayapat Boonpungbaramee,jinjuta89@yahoo.com,06-4085-4172,7772 Chayapat Stream,Port Wassaya,Todsawunshire,49053,Eastern,2005-06-14,Male,Other,2023-11-09
CUST_d774,Kulnun Chaisatit,kamolchanok76@gmail.com,06-5299-0621,24677 Suraprachit Way,Prachayarochshire,Chaiwutland,43896,Northeast,1994-03-24,Female,Divorced,2023-04-24
CUST_7d4a,Nutkrita Kongchayasukawut,prames79@gmail.com,06-8088-6007,69512 Supasita Overpass,New Apisarabury,North Atitport,96938,Northeast,2000-12-08,Male,Other,2022-04-11
CUST_5764,Phenphitcha Boonpungbaramee,dsuraprachit@hotmail.com,09-1133-6860,0196 Sujjaboriboon Alley,Lake Phenphitcha,Lake Aunyaporn,50633,Northern,1992-02-05,Male,Other,2024-11-18
CUST_fd2f,Sarunporn Norramon,chayaninsuraprachit@yahoo.com,06-3837-8293,654 Darin Club Suite 806,Arisaramouth,Kamalanonmouth,20248,Northeast,2008-06-24,Female,Married,2024-12-05
CUST_1df6,S M 2 Niracha Chaihirankarn,nichakarnsooksawang@yahoo.com,09-1845-2857,5280 Niracha Vista Apt. 456,Lake Chaiwutview,Lake Kulnunland,75918,Northern,1994-04-26,Other,Widowed,2024-12-24
CUST_1772,PHRAKHU BAIDIKA Pak Boonpungbaramee,kittakunanon@hotmail.com,06-3080-1595,6404 Chaihirankarn Place Suite 954,West Yanisa,North Nichakarnmouth,95730,Northern,1995-04-01,Female,Single,2021-08-07
CUST_95c3,CAPT Yada Intaum,habpanomwassaya@yahoo.com,06-3121-8498,8504 Pichpandecha Stravenue,Nutwadeechester,North Parinfurt,78884,Northern,1990-03-14,Male,Single,2023-01-07
CUST_dc39,Sarunporn Pasuk,yada38@gmail.com,06-2960-3339,72972 Pada Divide,Teetatport,Pattaponchester,70342,Central,1986-08-06,Male,Single,2024-06-16
CUST_c853,Chawin Todsapornpitakul,prames67@hotmail.com,06-6231-2878,99147 Pak Land,Lake Niracha,Port Puntira,80930,Western,2004-11-25,Female,Married,2022-04-04
CUST_dbe0,Sorawut Titipatrayunyong,ratchanontodsapornpitakul@yahoo.com,06-9421-5738,537 Pikatsingkorn Springs,Kamolchanokchester,East Pramesville,77833,Northern,1991-07-19,Other,Married,2025-11-17
CUST_d198,Yada Pongpanitch,kamolchanokturongkinanon@yahoo.com,08-9638-3551,72691 Kamolchanok Stream Apt. 681,Ratchanonview,South Nirachashire,63807,Northern,2002-11-05,Male,Widowed,2025-01-16
CUST_fd9d,Pannawich Sittisaowapak,pichpandechachawin@hotmail.com,08-7448-9283,4691 Vinyuvanichkul Orchard Suite 576,Bunlupongbury,Charoensuksopolview,97679,Western,2004-07-13,Other,Other,2026-04-10
CUST_c325,Darin Polauaypon,bsuraprasert@gmail.com,08-0697-2049,452 Chanya Drive Apt. 643,Jinjutabury,Jinjutachester,57026,Northern,2005-04-13,Male,Married,2024-05-08
CUST_dc20,Pattamon Suraprachit,hneerachapong@gmail.com,09-5603-8471,382 Thantananont Union Suite 375,Wannapaitoonsriberg,South Padabury,53979,Southern,1988-09-04,Other,Married,2024-11-13
CUST_7f09,Aunyaporn Norramon,niracha95@gmail.com,08-6167-4662,5821 Sooksawang Course Suite 651,Todsawunburgh,Lertsattayanusakhaven,12672,Northern,2000-03-17,Female,Divorced,2022-06-19
CUST_0e05,Pornchanok Boonpungbaramee,pitipat67@gmail.com,09-6563-3610,127 Srisoontorn Turnpike,Charoensuksopolbury,Jaruwanfort,96195,Central,1997-02-14,Other,Married,2024-09-12
CUST_0674,Pakjira Pikatsingkorn,jthantananont@hotmail.com,09-9061-4634,229 Suraprasert Stream,Krittayanukoontown,East Pattapon,43484,Central,1986-02-12,Other,Married,2024-11-21
CUST_0f8a,Chalisa Sittisaowapak,atit12@hotmail.com,08-0112-7796,7827 Chaiwut Underpass Apt. 802,Sittisaowapakhaven,Atitview,82675,Northern,1990-02-15,Other,Single,2025-02-06
CUST_8aeb,Chaiwut Pichpandecha,hsukhenai@gmail.com,06-4269-3118,69121 Thanatcha Haven,Lake Pattapon,Yadaton,71173,Northern,2001-11-06,Other,Married,2024-03-02
CUST_3bb9,Kodchaporn Intaum,vturongkinanon@gmail.com,06-7236-2495,8862 Charoensuksopol Flats Suite 003,South Pattamonburgh,Kunapornmouth,46435,Central,1990-05-11,Other,Married,2024-12-04
CUST_a606,Nattawun Sittisaowapak,bunlupongjaruwan@gmail.com,09-6411-1363,0571 Todsapornpitakul Hollow Suite 251,Kunapornside,Pasukbury,43232,Central,2004-09-13,Female,Married,2026-02-06
CUST_7232,Pannawich Permchart,pintusorn00@yahoo.com,06-6069-8818,09489 Choeychuen Points Suite 588,Sujjaboriboonstad,South Pachongruk,84826,Central,1991-03-17,Female,Other,2024-01-01
CUST_36a3,Prames Intaum,chayapattrikasemmart@hotmail.com,08-6758-0787,0182 Kodchaporn Path Apt. 753,Port Parin,East Pattaponville,96148,Central,1987-06-01,Female,Divorced,2026-05-22
CUST_5652,Sittikorn Pichpandecha,prames67@yahoo.com,08-0677-6765,42266 Benchapatranon Fall Suite 821,West Kulnun,Port Prames,29155,Central,1992-01-02,Male,Married,2025-10-10
CUST_38c9,Jinjuta Pasuk,nirachasooksawang@yahoo.com,08-8167-8034,14020 Thanatcha Ville,Chayaninborough,South Nutkritahaven,83324,Central,2002-07-01,Other,Widowed,2023-09-15
CUST_dfbd,MAJ GEN Wasin Chowitunkit,htitipatrayunyong@gmail.com,08-5607-1179,19612 Chowitunkit Land Apt. 972,Bunlupongshire,East Suvakitshire,81262,Central,2002-08-27,Other,Other,2021-08-14
CUST_a7fb,Prames Kitprapa,wassaya51@hotmail.com,09-2269-4898,68997 Phusilarungrueng Ville,Sireelertside,Vinyuvanichkulshire,86998,Central,2004-10-15,Male,Widowed,2026-02-08
CUST_2a67,Pitipat Methavorakul,chanikanpitanuwat@hotmail.com,06-2310-9675,725 Thantananont Parkway,South Jitrin,Port Pak,94827,Northern,1991-05-17,Male,Single,2024-08-09
CUST_ccf7,Noppakao Boonpungbaramee,aunyapornchoeychuen@gmail.com,08-6772-2180,63912 Kittakun Island,Siripaiboobury,North Yanisa,60040,Northern,2008-06-07,Male,Other,2024-07-21
CUST_b69c,Ratchanon Pichpandecha,pitipat93@gmail.com,08-5326-0253,83148 Peem Junction Apt. 211,East Suvakitburgh,Port Suwijuk,81835,Western,1988-09-02,Female,Other,2024-01-25
CUST_df09,Pannawich Pasuk,nutcha32@gmail.com,09-7094-8723,9950 Habpanom Pine,Wasununton,Tunradeeburgh,79706,Northern,1997-10-17,Female,Widowed,2022-05-14
CUST_5b2b,Todsawun Kittakun,nichakarn17@gmail.com,09-6584-1448,886 Sorawut Ridges Apt. 919,North Sorawutfort,New Arisaraberg,28877,Northern,1994-07-22,Other,Single,2023-08-09
CUST_3940,Nutkrita Chowitunkit,krittayanukoonpattamon@gmail.com,09-1635-8092,8576 Puntira Gateway,West Anon,Lake Chalisahaven,40070,Central,1990-07-25,Other,Divorced,2022-07-04
CUST_714b,Pak Thantananont,xlertsattayanusak@hotmail.com,08-5233-8527,25332 Pitipat Garden,Pornchanokland,Lake Primafurt,74375,Northern,2008-02-01,Male,Widowed,2025-03-18
CUST_4f50,PHRAPALAD Patcharaporn Intaum,chanyapothanun@gmail.com,09-5603-6019,0627 Wasunun Knoll,South Chayanin,Chaisatitborough,72639,Northeast,1998-05-21,Other,Single,2023-12-25
CUST_23b3,Chalisa Kamalanon,padamethavorakul@hotmail.com,08-5091-8563,0297 Apisara Tunnel Suite 737,Vinyuvanichkulland,East Wasin,95321,Northern,1989-04-28,Female,Other,2025-05-05
CUST_b755,Wasin Pothanun,matinawinnattawun@yahoo.com,09-3661-8200,197 Pattapon Expressway Apt. 161,West Sarunpornton,Todsawunview,77303,Northern,1999-11-04,Male,Other,2022-05-20
CUST_c87c,MAJ Chayanin Kamalanon,suwijuk65@gmail.com,08-0122-2349,0219 Titipatrayunyong Spurs,Chaisatitport,Nattawunfort,78385,Northern,1992-06-04,Female,Divorced,2021-06-24
CUST_43b8,Arisara Lertsattayanusak,nutcha82@hotmail.com,08-9289-8188,84904 Patchaploy Knolls,Port Jinjutatown,Port Kunaporn,77632,Eastern,1999-09-07,Male,Widowed,2021-10-10
CUST_4f25,Chayanin Chaisatit,sorattanachaichanikan@yahoo.com,08-0758-5386,262 Wasin Islands,New Pintusorn,Kamalanonfort,60604,Northeast,1994-09-06,Other,Widowed,2023-09-03
CUST_56dd,Chanya Lertsattayanusak,jbunlerngsri@gmail.com,08-6054-8635,02304 Pornchanok Cliff,South Primaport,North Nichakarnfurt,41179,Northern,1977-11-08,Other,Other,2022-04-01
CUST_a8d0,Pada Trikasemmart,chayapat54@yahoo.com,06-4926-7918,02601 Turongkinanon Skyway,North Phubes,Tunradeeville,47588,Northeast,2008-12-28,Other,Widowed,2023-01-23
CUST_9477,Teetat Kongchayasukawut,chayanin20@yahoo.com,08-3554-0551,05540 Polauaypon Light Suite 732,Phusilarungruengshire,Thanatchaville,62000,Western,1994-05-21,Other,Divorced,2024-07-16
CUST_ecc2,Niracha Pikatsingkorn,ksrisoontorn@gmail.com,06-6122-8339,715 Wassaya Pine Suite 989,Jitrinchester,Turongkinanonmouth,97814,Northeast,2000-08-04,Other,Single,2022-07-25
CUST_3110,POL MAJ Pattatomporn Sooksawang,ntianvarich@hotmail.com,08-6916-0525,93939 Pornchanok Shores,West Nutkritaview,Chaihirankarnmouth,71792,Central,2001-10-19,Male,Widowed,2021-05-16
CUST_f3eb,Puntira Lertsattayanusak,patchaploykrittayanukoon@gmail.com,09-7406-5515,69434 Anekvorakul Court Apt. 574,New Arisara,Lake Patcharaporn,39476,Northern,2001-10-21,Other,Single,2024-06-06
CUST_328a,Chayapat Habpanom,supasita64@hotmail.com,06-6637-5316,515 Sorattanachai Dam Apt. 752,South Chayapatmouth,Pitipatmouth,06973,Eastern,2004-10-14,Female,Single,2024-10-02
CUST_f70d,Parin Krittayanukoon,anontitipatrayunyong@gmail.com,09-2780-2377,69841 Methavorakul Course Suite 004,Titipatrayunyongmouth,Darinview,85581,Western,1991-03-21,Male,Widowed,2024-12-17
CUST_d4cb,Noppakao Chaisatit,kamolchanok40@gmail.com,06-4671-5996,5166 Youprasert Spur Suite 066,South Nutchamouth,East Thanatchabury,03760,Central,2005-04-24,Female,Married,2023-09-24
CUST_ea88,LT GEN Tunradee Suraprasert,prachayarochnichakarn@hotmail.com,09-8828-6668,29246 Sujjaboriboon Ridges Suite 030,Jitrinbury,Anekvorakulfurt,32203,Central,1995-02-21,Female,Other,2023-08-11
CUST_b9c0,Chanya Anekvorakul,sprachayaroch@yahoo.com,08-2716-8394,658 Norramon Squares Apt. 458,Sarunpornberg,Lake Sarunpornmouth,63908,Central,1984-02-09,Male,Widowed,2021-02-16
CUST_527f,Sarunporn Choeychuen,yadathantananont@hotmail.com,08-2361-9304,980 Prames Summit,Charoensuksopolmouth,East Phenphitchabury,81014,Northern,1994-09-04,Male,Single,2024-12-06
CUST_e9c4,Pattapon Norramon,phenphitchayouprasert@yahoo.com,09-9528-1793,16060 Polpo Lights Apt. 040,Wannapaitoonsriburgh,Kamalanonton,49461,Central,2002-03-17,Male,Divorced,2021-10-03
CUST_65be,Pada Polpo,kumsoontorndarin@gmail.com,06-6932-2014,715 Vinyuvanichkul Cape Apt. 978,East Phenphitcha,Chanyamouth,57784,Northeast,1999-09-01,Female,Single,2026-04-14
CUST_ca0f,Nutcha Wannapaitoonsri,sujjaboriboondarin@gmail.com,09-7936-4133,718 Youprasert Inlet Apt. 349,East Wasin,Apisaraview,90238,Northern,1997-09-04,Male,Married,2021-09-06
CUST_110a,Todsawun Srisoontorn,nutwadee91@yahoo.com,06-1075-6462,7461 Pakjira Square,South Chalisa,Prachayarochshire,27887,Western,2006-01-09,Female,Widowed,2023-10-09
CUST_1221,Darin Polpo,kulnun82@gmail.com,08-3776-4995,719 Losatapornpipit Bridge,Lake Anonview,Todsawunmouth,24927,Northern,2001-10-04,Male,Other,2021-03-18
CUST_5f2a,Sarunporn Trikasemmart,kmethavorakul@gmail.com,09-8111-4436,60807 Chaifah Divide Apt. 588,Port Apisara,Sireelertfurt,57548,Northern,1987-04-27,Other,Widowed,2026-05-11
CUST_aa8a,Chaifah Turongkinanon,sireelertpada@hotmail.com,09-3916-7189,3487 Sittisaowapak Street,New Pada,Atitbury,61979,Central,2001-06-24,Female,Divorced,2022-10-13
CUST_15c8,Kunaporn Pikatsingkorn,patcharapornsrisoontorn@yahoo.com,09-4175-7896,86960 Charoensuksopol Square,Pakborough,Tunchanokfurt,25742,Central,2008-10-23,Male,Married,2024-05-26
CUST_1c5f,Nutwadee Todsapornpitakul,matinawinnichakarn@gmail.com,08-3118-7029,501 Pattatomporn Circles,Yadaborough,Port Todsawun,84870,Northern,1986-08-19,Male,Widowed,2024-11-04
CUST_0717,Noppakao Tungkasethakul,patchaploypongpanitch@gmail.com,08-3229-2565,52387 Intaum Shoal Apt. 628,Pattatompornfort,New Nutchamouth,69090,Northeast,1990-04-01,Other,Divorced,2023-06-06
CUST_95c2,Atit Todsapornpitakul,wasinpolpo@gmail.com,08-0537-1257,443 Pakjira Landing Suite 693,South Chayaninshire,New Jitrinborough,62498,Northern,1988-08-05,Male,Married,2022-01-03
CUST_ff61,Chanya Siripaiboo,pachongruk95@gmail.com,09-6661-0849,7447 Methavorakul Junctions Suite 570,New Patcharaporn,Supasitaville,78951,Southern,1987-01-23,Male,Single,2024-10-05
CUST_f062,POL MAJ Chawin Vinyuvanichkul,niracha90@yahoo.com,06-7939-7071,3127 Patcharaporn Pass Apt. 716,North Kunapornmouth,Lake Todsawunstad,44451,Central,2000-01-05,Male,Single,2024-07-19
CUST_cb48,Kulnun Pasuk,patcharapornmatinawin@gmail.com,08-8338-3874,6036 Prayoonhong Island,Phenphitchaborough,East Darin,52273,Northern,1978-10-16,Female,Married,2023-03-01
CUST_acdd,Noppakao Turongkinanon,ssukhenai@gmail.com,09-7469-8365,6045 Pintusorn Meadows,Pachongrukport,New Todsawunchester,01389,Central,1992-04-15,Other,Married,2024-09-26
CUST_ba19,Supasit Wasunun,sphusilarungrueng@yahoo.com,09-5304-8446,001 Chaisatit Rapid Apt. 478,South Thanatcha,Trikasemmartport,66906,Central,1989-02-15,Other,Other,2024-02-08
CUST_8571,Patcharaporn Prachayaroch,sorawutboonpungbaramee@gmail.com,08-8339-1045,261 Suraprasert Walk,Nutchaberg,Lake Sarunporn,67870,Northern,1996-05-11,Female,Married,2026-03-19
CUST_3b84,Noppakao Wannapaitoonsri,choeychuenpuntira@hotmail.com,06-6314-9403,384 Prima Haven,South Phenphitcha,Lake Wasin,84485,Northern,1988-05-25,Other,Divorced,2024-06-11
CUST_dbeb,Anon Kitprapa,sireelertniracha@gmail.com,08-8939-3037,912 Teetat Walks Apt. 238,West Supasita,East Pakjirachester,65551,Northern,1998-04-26,Other,Divorced,2023-07-20
CUST_e21a,Nutwadee Prakalpawong,polpothanatcha@gmail.com,06-7542-9601,2425 Tungkasethakul Corners Suite 403,North Todsawun,Chomsrimouth,11398,Eastern,2001-04-24,Other,Married,2024-08-20
CUST_a6f1,Pitipat Sireelert,pongpanitchtunchanok@gmail.com,09-7493-1245,131 Habpanom Hollow Apt. 550,South Pattaponhaven,South Apisara,36736,Central,1993-03-24,Male,Single,2025-01-08
CUST_f161,Suwijuk Turongkinanon,chaihirankarnpawan@yahoo.com,09-0976-9897,7479 Methavorakul Manor Suite 110,Pitanuwatberg,Anonfort,46025,Northern,1989-05-18,Female,Other,2022-08-14
CUST_a4be,Patchaploy Anekvorakul,puntira31@yahoo.com,06-6750-7798,388 Parin Loaf Apt. 314,Pintusornville,Wasununland,37342,Northern,1998-11-27,Female,Married,2021-06-04
CUST_be91,Chaiwut Bunlerngsri,spolauaypon@gmail.com,06-8954-3509,592 Kumsoontorn Fall,East Chalisaton,Lake Wassayaside,07225,Northern,1988-06-09,Male,Other,2023-02-02
CUST_176d,Parin Titipatrayunyong,ktianvarich@yahoo.com,09-6465-0674,798 Sooksawang Trail Suite 301,New Apisara,Sitiwatville,69257,Eastern,2003-10-15,Other,Single,2021-10-23
CUST_9197,Jitrin Lertsattayanusak,ktodsapornpitakul@hotmail.com,06-5689-8876,252 Yada Causeway,Wimolnotfort,Pakjiratown,49872,Northern,2002-07-22,Male,Widowed,2023-01-02
CUST_6315,Todsawun Kumsoontorn,intaumchayanin@yahoo.com,09-2484-4123,72683 Pasuk Flat,Methavorakulberg,South Yadafort,63389,Central,2004-03-24,Male,Divorced,2023-09-26
CUST_15e5,Chanya Matinawin,kposalee@yahoo.com,09-4070-8403,29559 Tianvarich Gateway Apt. 622,Pothanunstad,Chaihirankarnfurt,64870,Northern,1995-05-12,Other,Single,2023-05-13
CUST_1501,Jitrin Pitanuwat,darin44@yahoo.com,09-6317-6108,232 Anekvorakul Views,East Pattatomporn,Permchartmouth,13695,Northeast,2002-03-09,Female,Married,2024-08-26
CUST_8a2f,M L Parin Chowitunkit,chaiwutvethayasas@hotmail.com,09-3447-8576,087 Matinawin Loop,Benchapatranonmouth,Chowitunkitchester,51268,Northeast,1984-05-06,Female,Other,2021-03-15
CUST_34ac,Arisara Losatapornpipit,nutkrita70@yahoo.com,06-9775-6497,0734 Jinjuta Port Suite 026,Methavorakulton,New Yadashire,12508,Northern,1995-11-07,Female,Married,2023-04-23
CUST_f999,POL CPL Pintusorn Vethayasas,choeychuensarunporn@yahoo.com,09-6879-4867,6652 Bunlerngsri Turnpike Suite 945,South Parinbury,Jaruwanside,92414,Eastern,2008-09-22,Female,Single,2021-04-10
CUST_8b1c,Parin Permchart,xchoeychuen@hotmail.com,08-1269-9303,93644 Chowitunkit Brooks,Lake Supasita,North Phubes,22026,Northern,1995-08-16,Male,Other,2025-03-10
CUST_1279,Sorawut Suraprachit,pongpanitchpatchaploy@hotmail.com,08-1124-9635,13556 Polpo Gateway,Pannawichberg,Kunapornmouth,87856,Northern,1982-10-11,Other,Married,2024-10-07
CUST_65f5,Prima Titipatrayunyong,tkittakun@gmail.com,08-4942-6656,985 Pada Pine,Phusilarungruengchester,East Chayapat,42113,Central,1996-01-16,Male,Other,2024-03-25
CUST_d7a2,Wasin Posalee,gchoeychuen@yahoo.com,06-4563-0522,1073 Intaum Glens Apt. 441,Chawinton,Pongpanitchville,77200,Northern,1999-12-21,Female,Married,2026-04-27
CUST_6eb9,Nichakarn Matinawin,psittisaowapak@gmail.com,08-2531-9865,18575 Suvakit Viaduct,Chaifahport,Chayapatville,55240,Northern,1993-03-03,Other,Other,2024-07-28
CUST_24cc,SUB LT Pakjira Prayoonhong,jaruwan83@hotmail.com,08-8223-9736,54905 Kamalanon Greens,Chaifahville,Port Tunradeemouth,69393,Northern,1994-02-02,Female,Widowed,2024-01-11
CUST_4d3c,Nutwadee Trikasemmart,krittayanukoonsittikorn@hotmail.com,09-8092-0021,3559 Bunlerngsri Track,Intaumborough,Teetatbury,62975,Central,1993-02-25,Male,Widowed,2022-06-10
CUST_878e,POL SEN SGT MAJ Nattawun Kamalanon,phubes72@gmail.com,09-9465-0017,2579 Wimolnot Oval Suite 267,Lake Todsawunport,Lake Pitipatbury,55667,Northern,1983-12-13,Female,Married,2023-05-19
CUST_831e,Ratchanon Sittisaowapak,jinjuta86@gmail.com,08-8416-8259,252 Chayanin Trafficway,Port Yanisaland,Pichpandechaborough,21288,Central,1988-11-13,Male,Widowed,2021-08-10
CUST_6e60,Sittikorn Methavorakul,kulnun47@yahoo.com,09-4312-5916,5163 Methavorakul Views,Lake Yanisa,Pintusornborough,16268,Northern,1986-11-10,Other,Married,2026-05-19
CUST_76f2,Pintusorn Bunlupong,nichakarnsooksawang@gmail.com,06-6031-9576,188 Losatapornpipit Drive Apt. 100,Port Wassayaview,South Primaside,98182,Northeast,2002-12-04,Other,Other,2025-03-17
CUST_2341,Pattatomporn Chaisatit,psittisaowapak@hotmail.com,06-3159-8989,3595 Turongkinanon Alley,East Tunradeeberg,Pattaponberg,50441,Northern,2004-11-16,Male,Married,2023-11-25
CUST_ae21,Parin Krittayanukoon,wannapaitoonsrinattawun@yahoo.com,08-2636-6267,79992 Kunaporn Center Apt. 029,Chalisamouth,Benchapatranonview,22505,Northern,1985-12-25,Female,Married,2025-06-20
CUST_b487,Todsawun Kamalanon,todsapornpitakulanon@gmail.com,08-1834-0293,33105 Choeychuen Heights Apt. 675,Pitipatfort,Port Pattatomporn,50850,Central,1998-04-14,Female,Other,2022-05-27
CUST_bb79,Atit Prachayaroch,nutcha95@gmail.com,09-0218-6926,317 Pianduangsri Parkway,North Yada,South Padaburgh,17934,Central,1994-02-26,Other,Divorced,2021-12-06
CUST_6fe8,Wassaya Tungkasethakul,patchaploy20@gmail.com,08-6214-8821,77299 Pichpandecha Plain,Sooksawanghaven,Chanikanchester,50299,Northern,1996-01-12,Other,Other,2025-01-19
CUST_8426,Parin Vinyuvanichkul,pattamon06@yahoo.com,09-9901-8520,67463 Permchart Fork,New Kamolchanokburgh,Lake Padachester,90028,Central,1990-11-04,Other,Married,2023-06-02
CUST_e6de,R ADM Sarunporn Boonpungbaramee,phenphitcha78@gmail.com,09-9598-1125,33742 Anekvorakul Knolls,Vethayasasbury,Port Wasinshire,72699,Central,1983-07-11,Female,Widowed,2022-04-17
CUST_8004,FLT LT Pornchanok Tianvarich,pornchanokbunlerngsri@gmail.com,06-7866-5393,311 Bunlupong Road Apt. 590,Pikatsingkornchester,Tunchanokhaven,24772,Southern,1987-04-07,Female,Divorced,2023-09-24
CUST_8f14,Arisara Choeychuen,wassaya65@yahoo.com,06-9472-5162,18577 Pawan Overpass,Methavorakulmouth,Chaihirankarntown,94297,Eastern,2003-08-18,Female,Divorced,2025-05-16
CUST_b3ca,PFC Chawin Pitanuwat,prayoonhongthanatcha@hotmail.com,06-2892-5657,77082 Srisoontorn Tunnel Suite 775,South Yanisa,Phubesville,13729,Central,2008-09-28,Male,Divorced,2025-10-02
CUST_1bc6,Patchaploy Suraprasert,nprayoonhong@yahoo.com,09-0549-4748,44822 Tunchanok Cove Apt. 252,Sireelertshire,Methavorakulbury,92469,Northern,1995-11-28,Female,Other,2026-04-21
CUST_4346,Tunchanok Neerachapong,pawanprayoonhong@hotmail.com,08-1635-3881,301 Methavorakul Ford Apt. 796,Sittisaowapakport,North Nattawunland,23643,Northeast,1994-10-27,Other,Widowed,2025-10-15
CUST_5493,Nattawun Chowitunkit,peemsiripaiboo@hotmail.com,08-9740-7069,402 Apisara Passage Suite 089,West Arisara,Lake Thanatcha,87239,Central,1993-03-11,Other,Married,2023-02-06
CUST_e92a,Chalisa Chomsri,chaiwut95@yahoo.com,09-8862-9338,4561 Wimolnot Alley,Pichpandechashire,East Pramesfurt,50667,Western,2006-09-20,Male,Single,2023-02-22
CUST_b7e2,Pattamon Kamalanon,vpermchart@yahoo.com,09-2355-5403,659 Yada Views Apt. 450,Bunlupongside,Chayapatborough,25490,Central,1986-07-13,Other,Widowed,2025-07-01
CUST_1e2d,Tunchanok Boonpungbaramee,vwannapaitoonsri@yahoo.com,09-6447-4929,954 Kamalanon Circles Apt. 557,Neerachapongside,Lake Kulnun,51263,Central,2008-07-14,Female,Other,2025-04-02
CUST_ce3c,Apisara Vinyuvanichkul,kodchapornhabpanom@gmail.com,06-7508-9780,50344 Chaisatit Mews,West Chawin,East Sitiwat,97458,Southern,1994-09-10,Female,Single,2025-06-14
CUST_83eb,Pattamon Polauaypon,sorawut80@hotmail.com,08-8165-2547,870 Pintusorn Mission,Port Chawinfort,Methavorakulland,45354,Western,1988-02-25,Other,Married,2023-09-25
CUST_78dc,Pintusorn Posalee,vprachayaroch@hotmail.com,08-8906-0361,414 Chaifah Lane,West Arisaramouth,Kulnunborough,72818,Northern,1981-01-18,Female,Divorced,2025-11-14
CUST_1c41,Todsawun Wasunun,todsawun03@yahoo.com,09-5002-9534,912 Sarunporn Ferry Apt. 356,Pattatompornburgh,North Chalisa,79392,Central,1998-11-22,Male,Married,2024-04-08
CUST_6178,Yada Kongsri,pianduangsriarisara@hotmail.com,08-0849-8389,4021 Pongpanitch Extensions Apt. 708,Yanisashire,Lake Chaiwutfurt,53265,Central,2008-10-13,Male,Divorced,2025-12-09
CUST_4374,Tunradee Permchart,sitiwat48@gmail.com,09-1899-6913,8012 Tunradee Gateway Suite 270,Port Chalisaland,Port Jaruwan,65062,Northeast,1989-10-02,Male,Married,2024-03-25
CUST_cb4a,Yada Vethayasas,slertsattayanusak@hotmail.com,09-5653-2261,618 Sooksawang Expressway,Chowitunkitberg,West Pramesside,41742,Northern,1996-06-12,Female,Other,2023-07-12
CUST_66db,Pattamon Prayoonhong,krittayanukoonwassaya@gmail.com,09-3276-5891,92537 Nutkrita Mission,Sitiwatside,Port Thanatcha,63597,Central,2008-05-22,Male,Married,2026-04-20
CUST_d5ac,Suvakit Charoensuksopol,supasita30@yahoo.com,08-2768-9817,518 Darin Green,Lake Noppakao,South Supasitaport,43705,Northeast,1997-02-04,Male,Widowed,2025-06-06
CUST_249d,Todsawun Trikasemmart,prachayarochparin@gmail.com,09-5708-7866,3421 Chawin Mission Apt. 529,Lake Supasit,Sorawutshire,19373,Central,2002-05-22,Female,Divorced,2022-11-01
CUST_a081,Chayapat Suraprasert,chawinsuraprachit@gmail.com,09-0200-1908,9295 Supasita Turnpike Suite 903,North Atitberg,West Atitstad,56632,Northern,2008-10-25,Male,Widowed,2025-01-22
CUST_7191,Teetat Todsapornpitakul,wpasuk@gmail.com,09-1807-1723,6131 Chalisa Run Apt. 922,North Darin,New Yanisa,38928,Northern,1995-02-04,Male,Widowed,2023-09-28
CUST_18ee,Nutcha Thantananont,chaisatitnutcha@hotmail.com,06-5050-1954,3056 Chaiwut Pines,Krittayanukoonfurt,South Sorawutland,63071,Central,1994-02-20,Female,Divorced,2025-03-03
CUST_4d0d,Sitiwat Charoensuksopol,nattawun44@yahoo.com,06-7407-3882,8807 Boonpungbaramee Hills,Port Chanikanland,Port Sitiwat,07179,Central,1986-12-13,Other,Married,2026-03-04
CUST_fd16,SUB LT Suvakit Wasunun,supasita44@hotmail.com,09-9383-2362,9206 Patcharaporn Canyon,North Nattawun,Port Jaruwanmouth,02291,Northern,1998-05-17,Female,Married,2026-01-28
CUST_d389,Chayanin Charoensuksopol,yadapianduangsri@yahoo.com,09-4452-6085,8532 Anekvorakul Ports Apt. 355,Port Sitiwatborough,New Phubes,13227,Central,1997-07-27,Other,Widowed,2024-09-08
CUST_c51a,Chalisa Youprasert,xlosatapornpipit@gmail.com,06-2474-8238,908 Titipatrayunyong Ridge,Lake Kunapornhaven,Pawanburgh,53435,Central,1996-07-16,Female,Other,2025-02-03
CUST_576b,Nutkrita Kamalanon,peem08@gmail.com,08-2852-5903,0743 Boonpungbaramee Dam,Lake Sitiwat,Polauayponbury,33706,Central,1987-07-14,Female,Widowed,2024-06-21
CUST_f3c1,Jinjuta Prayoonhong,teetat85@hotmail.com,08-6866-9708,4196 Arisara Rest Apt. 597,East Chawinberg,North Tunchanokhaven,55039,Northern,2003-12-17,Other,Other,2023-08-06
CUST_0bdb,CPL Nutcha Charoensuksopol,chayapatchoeychuen@gmail.com,09-5157-0416,07632 Yada Square Suite 510,North Pachongrukstad,East Phenphitcha,54740,Eastern,2005-03-05,Male,Divorced,2026-02-10
CUST_01e2,POL CONST Nutcha Titipatrayunyong,tnorramon@hotmail.com,06-7703-1133,4662 Nutcha Mountains,Titipatrayunyongport,Pintusornfurt,69001,Central,1998-02-08,Other,Other,2023-05-24
CUST_d621,Pattatomporn Neerachapong,pitipat65@gmail.com,09-1979-7164,7370 Pawan Land,Posaleeberg,South Pintusorn,83279,Northern,1996-05-17,Male,Widowed,2025-06-17
CUST_ba6d,Todsawun Kamalanon,sittisaowapakphubes@yahoo.com,06-1166-4380,01425 Pakjira Wall Apt. 804,South Pannawichview,East Puntira,29272,Northern,2001-02-19,Female,Married,2024-03-06
CUST_1da6,Jitrin Methavorakul,supasitneerachapong@gmail.com,08-5702-4172,434 Neerachapong Path Suite 474,North Nutchaburgh,Tunchanokview,59248,Central,2001-10-19,Other,Other,2024-04-08
CUST_879e,Chaiwut Chaisatit,emethavorakul@hotmail.com,09-9479-2731,5671 Pasuk Circle Apt. 644,Port Wasinville,Darinmouth,17860,Northeast,1995-02-14,Female,Married,2023-03-25
CUST_265b,Jaruwan Chomsri,jyouprasert@yahoo.com,08-7389-7657,16371 Titipatrayunyong Glens Apt. 360,West Patchaploy,South Todsawun,56458,Western,1982-04-06,Male,Widowed,2023-12-01
CUST_00b4,Sorawut Prayoonhong,wasununyada@gmail.com,06-6887-3926,74527 Siripaiboo Fork,Chalisaport,Prakalpawongport,12181,Central,1993-02-25,Other,Other,2022-08-12
CUST_4db9,Wassaya Anekvorakul,vpolpo@yahoo.com,09-1647-8280,74258 Niracha Crest,Kunapornshire,New Supasitton,22415,Northeast,1989-10-06,Other,Other,2022-01-12
CUST_bfab,Suwijuk Suraprachit,kunaporn54@yahoo.com,08-4244-2070,211 Pintusorn Rapid,South Todsawunland,Darinland,26087,Central,1995-05-26,Female,Divorced,2026-03-19
CUST_897b,Pawan Habpanom,hwannapaitoonsri@hotmail.com,06-4161-0650,85847 Todsawun Village,New Supasitton,Port Sorawut,70909,Northeast,1997-11-22,Other,Married,2026-02-12
CUST_1c95,Pakjira Kamalanon,chawinwannapaitoonsri@gmail.com,06-3847-2608,6356 Ratchanon Mills Apt. 056,South Sarunporn,Teetatville,71072,Northern,2002-11-13,Male,Divorced,2023-11-11
CUST_baff,Nattawun Todsapornpitakul,pannawichprakalpawong@gmail.com,06-5535-4355,581 Pasuk Underpass,West Pattapon,New Patcharapornborough,24636,Northern,1992-12-23,Male,Married,2023-04-14
CUST_a95a,Apisara Chaihirankarn,epolpo@yahoo.com,09-3353-4083,097 Pintusorn Burg,West Chaiwutshire,Kamolchanoktown,45195,Southern,2002-10-22,Female,Widowed,2023-05-23
CUST_ad63,Chayapat Choeychuen,neerachapongpakjira@yahoo.com,09-1733-5371,8821 Teetat Ville Suite 948,South Anonview,Charoensuksopoltown,77454,Northern,1996-10-01,Other,Single,2024-02-20
CUST_5051,Todsawun Kumsoontorn,patcharapornneerachapong@gmail.com,09-4299-2137,512 Polpo Shoals,West Darinchester,Vethayasasshire,42447,Central,1997-05-01,Male,Divorced,2023-05-20
CUST_e701,Sittikorn Chomsri,trikasemmartsuvakit@gmail.com,09-7617-1354,29443 Pitanuwat Tunnel,Pianduangsritown,Port Prima,52373,Central,1995-03-27,Male,Divorced,2026-03-27
CUST_ea58,Wassaya Pasuk,phenphitchasooksawang@gmail.com,06-4294-3634,8432 Tunchanok Club,Lake Puntira,East Arisaraton,22808,Northern,1990-09-28,Male,Widowed,2022-03-01
CUST_b3b4,Kamolchanok Pitanuwat,atitkumsoontorn@hotmail.com,06-2038-2325,064 Prayoonhong Branch,Phusilarungruengberg,Thantananontstad,37416,Northern,1988-02-27,Female,Other,2025-05-10
CUST_1361,Patchaploy Wannapaitoonsri,supasitaprachayaroch@hotmail.com,09-3078-6082,69772 Arisara Lights,South Phubes,Port Chalisa,89711,Northeast,1990-06-11,Other,Other,2022-11-01
CUST_450a,Chaifah Suraprasert,kodchapornkongsri@hotmail.com,09-0000-6774,403 Chaihirankarn Ports Suite 279,Nattawunmouth,Lake Jitrinstad,68217,Western,2002-03-28,Male,Single,2023-07-09
CUST_f49c,Atit Bunlupong,phenphitcha18@hotmail.com,08-6094-6610,430 Atit Streets Apt. 582,Sorattanachaihaven,West Tunchanokborough,38547,Northeast,2002-12-15,Other,Widowed,2025-07-07
CUST_da76,Chalisa Chowitunkit,qpolpo@hotmail.com,06-8383-5998,5725 Pianduangsri Forge Apt. 727,Lake Pattamon,East Sorawutshire,78784,Northern,2001-09-01,Male,Divorced,2023-10-21
CUST_aec6,Sorawut Chowitunkit,pintusornphusilarungrueng@hotmail.com,09-1160-3986,141 Phubes Path,New Thanatcha,Port Nichakarnton,30031,Central,2008-08-20,Female,Single,2024-08-03
CUST_dff2,LT Darin Norramon,chomsripornchanok@yahoo.com,06-5931-3209,73741 Pada Haven,Vinyuvanichkulhaven,Nichakarnmouth,45916,Northern,1991-04-11,Other,Married,2024-04-04
CUST_5047,Chaifah Wannapaitoonsri,thantananontanon@gmail.com,08-3530-8286,219 Patchaploy Plains,North Pak,Kamalanonberg,78369,Southern,2003-08-15,Female,Other,2023-09-16
CUST_ee7f,MRS Nutcha Suraprasert,mchaihirankarn@gmail.com,08-7272-7310,98145 Sitiwat Way,North Chayaninview,Wannapaitoonsriborough,62850,Northeast,1994-02-13,Female,Married,2022-12-18
CUST_3927,Chayanin Vethayasas,lertsattayanusakchalisa@gmail.com,09-6404-5593,8762 Supasita Inlet,Pakfort,Pongpanitchtown,96907,Central,1993-09-22,Other,Divorced,2023-05-15
CUST_e656,Puntira Titipatrayunyong,prameswimolnot@hotmail.com,06-5628-0545,6652 Aunyaporn Ports Apt. 039,Polpochester,East Tunchanokchester,23292,Central,2000-01-23,Male,Widowed,2022-10-18
CUST_6426,Chayanin Habpanom,nsukhenai@gmail.com,09-2823-6078,20998 Tianvarich Landing,Peemberg,Port Nattawunborough,05882,Central,2007-02-17,Male,Divorced,2023-09-06
CUST_11df,Atit Siripaiboo,noppakaomethavorakul@yahoo.com,08-2075-2627,3616 Jinjuta Estate,New Padabury,Suvakitmouth,07300,Central,1991-05-06,Other,Married,2024-09-21
CUST_d317,POL CONST Pada Pasuk,parinsorattanachai@gmail.com,08-9170-9431,3717 Krittayanukoon Prairie Suite 044,Kumsoontornhaven,East Pada,86103,Northeast,1999-02-26,Male,Married,2023-02-03
CUST_41b6,Chanikan Charoensuksopol,intaumnichakarn@gmail.com,06-0121-9550,251 Youprasert Islands,East Jitrinshire,North Suvakitport,60699,Central,1999-12-16,Other,Married,2022-06-08
CUST_d10c,Kodchaporn Norramon,youprasertnutkrita@yahoo.com,06-6489-8496,7310 Phenphitcha Pike Apt. 834,Yadamouth,Pakjiraberg,96505,Northern,1987-09-22,Male,Widowed,2025-09-19
CUST_4e3d,Apisara Chaihirankarn,thanatcha95@gmail.com,08-7092-9101,127 Phenphitcha Isle,Peemville,New Ratchanonborough,15042,Northern,2003-12-03,Male,Single,2024-10-07
CUST_ad10,Chawin Sujjaboriboon,lertsattayanusakpattatomporn@yahoo.com,08-8348-7114,17965 Parin Locks,Pianduangsriborough,Lake Niracha,65725,Central,1998-10-07,Male,Single,2023-10-19
CUST_a1b6,Yanisa Pasuk,chalisa61@hotmail.com,08-0374-7000,155 Teetat Burg Suite 886,Pichpandechatown,Kumsoontornmouth,60446,Eastern,1997-10-28,Male,Married,2024-07-03
CUST_e5aa,Sitiwat Titipatrayunyong,nutwadeetrikasemmart@hotmail.com,09-9962-2978,4294 Siripaiboo Summit,Suvakitfurt,Wimolnothaven,74818,Western,2001-01-19,Other,Other,2021-09-08
CUST_6a99,Phubes Trikasemmart,mprayoonhong@yahoo.com,06-0468-2785,924 Chawin Place,Habpanomtown,Arisaraburgh,04873,Eastern,2006-06-06,Female,Married,2024-08-06
CUST_9a3b,Pattatomporn Posalee,kittakunsorawut@yahoo.com,09-6840-7532,373 Chowitunkit Island Suite 088,North Peemberg,West Jitrintown,76156,Southern,1993-01-10,Female,Divorced,2023-06-22
CUST_a9da,Chanya Prachayaroch,rsiripaiboo@gmail.com,06-8345-4505,076 Losatapornpipit Fall Suite 518,Pakjiramouth,Tianvarichside,99525,Central,1997-03-24,Male,Divorced,2024-03-11
CUST_6708,Kunaporn Suraprachit,pawanwimolnot@yahoo.com,06-4114-6751,743 Kittakun Lodge,South Nutkrita,Pakjiramouth,58613,Northern,1997-07-18,Female,Single,2024-03-05
CUST_aa21,Wassaya Benchapatranon,twasunun@hotmail.com,06-6273-2592,0807 Thanatcha Estate Apt. 370,Pakhaven,Lake Pachongruk,32163,Central,2000-05-04,Male,Other,2025-07-05
CUST_9549,Suwijuk Pongpanitch,kodchaporn51@yahoo.com,08-1466-0974,13083 Youprasert Inlet Apt. 914,Nirachabury,Posaleeshire,00744,Northern,2005-06-18,Other,Single,2021-05-12
CUST_d88c,POL CPL Puntira Trikasemmart,lkongchayasukawut@yahoo.com,08-3020-9651,5412 Nutwadee Valley,New Noppakaofurt,Pichpandechatown,64809,Central,1998-03-19,Other,Single,2024-10-08
CUST_cbc7,AM Kulnun Tianvarich,pkrittayanukoon@hotmail.com,06-1974-8461,765 Kitprapa Isle,Pakjiraton,Posaleeland,38591,Northern,1982-08-11,Other,Widowed,2025-01-06
CUST_37b7,Wassaya Vinyuvanichkul,parin67@hotmail.com,09-4781-8269,238 Kongchayasukawut Via Apt. 921,Trikasemmartborough,Yadaside,71571,Northern,1997-03-13,Other,Other,2024-03-23
CUST_d659,Pattamon Anekvorakul,phenphitchaintaum@hotmail.com,09-5500-2133,21612 Pada Shoals,Chaiwutmouth,North Supasitfurt,29934,Northeast,1995-12-05,Female,Other,2024-09-06
CUST_0d25,PHRAKHU PALAD Chayapat Bunlupong,nutwadeekongsri@yahoo.com,08-5111-6568,15784 Siripaiboo Shore Apt. 694,Kamalanonton,New Jitrinfurt,08526,Central,2008-06-09,Male,Married,2023-09-09
CUST_c7ba,Darin Losatapornpipit,suwijuk16@gmail.com,09-3738-8822,70472 Krittayanukoon Knolls Suite 804,West Suwijuk,Chomsriland,30231,Central,1997-11-08,Other,Married,2022-03-07
CUST_b653,Todsawun Boonpungbaramee,jitrinkittakun@gmail.com,06-9004-5853,78099 Phusilarungrueng Terrace Suite 549,Lake Jinjuta,Yadaton,54204,Central,1991-09-01,Male,Single,2021-05-26
CUST_1cec,Supasita Benchapatranon,kamolchanok79@yahoo.com,08-1704-6990,8649 Pornchanok Place Apt. 735,Lake Pannawich,Phenphitchaburgh,84307,Northern,1993-03-11,Male,Other,2024-03-15
CUST_c8af,Suvakit Pongpanitch,fbunlupong@yahoo.com,08-5881-8554,122 Wannapaitoonsri Square Apt. 455,Choeychuenview,Port Supasitafurt,53343,Central,1995-10-12,Male,Married,2022-01-04
CUST_a52d,FS 1 Pornchanok Bunlerngsri,anon48@hotmail.com,06-0720-5820,89873 Chanikan Brook,Youprasertberg,Pakjiraville,68136,Northern,2008-10-10,Female,Married,2022-05-08
CUST_623b,Pachongruk Prayoonhong,anon71@hotmail.com,09-1806-1157,366 Kamalanon Plains,East Wassaya,Port Arisaramouth,18474,Northeast,1997-04-08,Female,Single,2022-02-01
CUST_99d5,Darin Srisoontorn,phenphitcha67@yahoo.com,09-2229-0659,14817 Charoensuksopol Hills,New Peem,New Supasitchester,82527,Northern,2008-08-19,Male,Other,2023-08-13
CUST_ee78,Darin Boonpungbaramee,nichakarnmethavorakul@yahoo.com,06-8900-2958,6745 Phenphitcha Pines,East Yada,East Pakjira,68716,Central,2000-04-03,Other,Divorced,2023-12-24
CUST_4fdf,Sorawut Lertsattayanusak,vkrittayanukoon@yahoo.com,06-7147-5349,49079 Nutwadee Highway,Primahaven,North Jinjutashire,99331,Central,1998-01-07,Female,Other,2022-04-18
CUST_a97b,Ratchanon Lertsattayanusak,jaruwan25@hotmail.com,06-1700-0261,5589 Supasit Isle Apt. 312,North Arisaraborough,Noppakaofort,26187,Central,1987-03-20,Male,Married,2021-02-27
CUST_8bf6,Supasit Wannapaitoonsri,sooksawangkamolchanok@hotmail.com,06-3409-0024,5961 Pattapon Ranch Suite 149,Polauayponhaven,New Patcharapornview,40150,Northern,1994-11-16,Female,Married,2023-01-09
CUST_91d8,Nutcha Methavorakul,chayapat95@yahoo.com,06-3076-2647,02080 Sujjaboriboon Coves Suite 564,Kongsriport,Pattatompornchester,39993,Northern,1985-06-02,Male,Widowed,2023-06-19
CUST_99e0,Tunradee Chomsri,kpothanun@hotmail.com,06-9831-9931,2862 Chaisatit Pines Apt. 000,Kongchayasukawutstad,Vinyuvanichkulshire,14927,Western,1983-02-17,Male,Married,2023-08-14
CUST_6151,Wasin Pianduangsri,kamolchanokyouprasert@hotmail.com,09-5407-0053,885 Supasita Centers,North Atit,New Patchaploy,94360,Northern,2006-03-07,Female,Other,2023-02-11
CUST_4b14,Kodchaporn Wimolnot,chanikanpikatsingkorn@hotmail.com,09-5336-7521,808 Teetat Shore Suite 622,Thantananontberg,Lake Phubesberg,58141,Northeast,2008-06-08,Other,Divorced,2024-11-20
CUST_b367,Pattapon Suraprachit,boonpungbarameeyanisa@gmail.com,06-3361-1515,7540 Chaihirankarn Road Apt. 041,Permchartville,Darinfurt,16530,Northern,2002-04-03,Female,Other,2026-04-22
CUST_18a1,Supasita Youprasert,kongsriapisara@hotmail.com,09-8187-6784,596 Krittayanukoon Bridge Suite 762,New Pannawich,Sukhenaimouth,28827,Northern,1989-11-02,Female,Other,2021-07-23
CUST_3ee2,Pak Kongchayasukawut,vthantananont@hotmail.com,08-6632-4786,47725 Phenphitcha Ports Suite 676,Srisoontornland,Srisoontornbury,87744,Northeast,2004-12-24,Male,Other,2024-07-19
CUST_5e2d,Sitiwat Prakalpawong,vsireelert@hotmail.com,08-4387-4749,8502 Teetat Bridge,Pianduangsriborough,West Pattapon,09255,Northern,2002-02-17,Male,Single,2024-09-05
CUST_d655,Pawan Pothanun,nutwadeesiripaiboo@gmail.com,08-9344-4097,78980 Polauaypon Unions Apt. 150,South Darin,New Pornchanok,98755,Central,1997-01-12,Other,Single,2023-06-10
CUST_5ae4,Sorawut Vethayasas,pattatompornprachayaroch@gmail.com,09-1280-5090,139 Vethayasas Ways Apt. 003,New Wasinton,East Todsawunmouth,17750,Northeast,2008-01-08,Other,Widowed,2021-01-23
CUST_856c,Suvakit Tungkasethakul,suwijuk80@hotmail.com,06-9817-3321,84131 Boonpungbaramee Mountain,Darinfurt,Wimolnotville,47995,Northeast,1984-08-12,Other,Widowed,2024-08-27
CUST_ef67,Pachongruk Polauaypon,pichpandechasupasit@hotmail.com,06-9155-2154,4525 Wannapaitoonsri Light Suite 846,South Sitiwatport,Sittisaowapakmouth,06251,Central,2001-07-21,Female,Divorced,2024-01-14
CUST_a787,PVT Nutkrita Thantananont,nutcha42@hotmail.com,06-2379-8996,12800 Sireelert Plains Suite 557,Port Chawinburgh,Chaifahfurt,83225,Northern,1997-11-10,Female,Widowed,2023-10-01
CUST_4724,Apisara Chowitunkit,wasununnutkrita@gmail.com,06-5503-7280,89303 Anekvorakul Ramp,Nirachaside,West Jitrin,14773,Central,1991-01-12,Other,Divorced,2023-11-24
CUST_87a3,ADM Pakjira Lertsattayanusak,teetatthantananont@hotmail.com,09-6330-2101,8068 Suvakit Islands,Wasinhaven,Jitrintown,83632,Northern,1997-12-04,Female,Widowed,2025-09-21
CUST_7944,Kamolchanok Todsapornpitakul,pada59@gmail.com,08-7058-5730,958 Parin Brooks Suite 861,East Teetatberg,Lake Noppakao,36482,Northeast,2000-03-20,Female,Married,2022-09-05
CUST_a035,Pannawich Pothanun,teetat92@yahoo.com,08-9727-1783,270 Kamalanon Squares Suite 533,Chaihirankarnberg,Nutchabury,32373,Northern,1994-02-16,Male,Widowed,2023-11-13
CUST_a1f8,Suwijuk Kitprapa,lkittakun@hotmail.com,06-2631-9995,940 Vethayasas Brook Suite 384,Port Pachongrukberg,New Nutwadeeburgh,35512,Northern,1992-03-21,Other,Other,2026-02-09
CUST_8405,Nattawun Kittakun,vmethavorakul@yahoo.com,09-4047-6275,67686 Kunaporn Locks Apt. 305,Todsapornpitakulton,Bunlupongtown,60464,Central,2006-08-14,Female,Married,2025-09-10
CUST_1c8e,Nutkrita Sooksawang,pachongrukhabpanom@gmail.com,09-9080-1943,588 Kamalanon Fort,South Supasit,Methavorakulside,94715,Central,1991-11-21,Female,Widowed,2024-04-10
CUST_dae0,Supasit Norramon,arisaraprachayaroch@gmail.com,08-4425-5041,9412 Sooksawang Wall Suite 524,Bunlerngsrimouth,South Pada,04357,Northeast,1986-10-19,Other,Widowed,2023-04-17
CUST_8137,Jitrin Posalee,tunchanok42@yahoo.com,06-2237-9136,24282 Krittayanukoon Passage Suite 746,Kumsoontornfurt,Kunapornmouth,06986,Northern,2004-09-03,Other,Widowed,2024-07-13
CUST_e75d,Pada Norramon,nichakarn18@hotmail.com,09-4641-5205,61541 Supasit Court,South Wassaya,Primaberg,75578,Northeast,1991-02-20,Female,Widowed,2024-06-03
CUST_823b,Parin Boonpungbaramee,todsawuntungkasethakul@yahoo.com,06-8083-6241,3212 Prachayaroch Haven Suite 723,Kunapornfort,South Nutwadeehaven,06365,Northern,2001-09-18,Female,Other,2022-04-12
CUST_d04a,Pakjira Phusilarungrueng,apisara92@hotmail.com,06-8657-1867,60764 Chowitunkit Prairie,Port Prames,Tianvarichfurt,32220,Northern,1994-08-02,Male,Other,2024-08-18
CUST_259c,Pattapon Boonpungbaramee,thanatchabenchapatranon@gmail.com,08-4699-1363,743 Sittikorn Squares Suite 187,South Sarunpornbury,Pachongrukview,65500,Northern,1987-06-28,Female,Married,2022-01-28
CUST_4460,PVT Parin Chowitunkit,fpianduangsri@gmail.com,09-4079-8611,55977 Choeychuen Path Suite 291,Lake Yadaborough,Port Supasita,24208,Northern,2008-03-27,Male,Other,2024-01-23
CUST_a9da,Patchaploy Suraprachit,dwimolnot@yahoo.com,09-5085-9558,03493 Pattapon Parkway,Choeychuenton,Jitrinmouth,76126,Western,2008-06-09,Female,Divorced,2024-12-07
CUST_a578,Pattamon Sireelert,nutkrita22@hotmail.com,09-7424-8738,867 Patcharaporn Plains,Port Tunradeeberg,New Pornchanok,17889,Central,1999-03-21,Female,Divorced,2021-02-04
CUST_d7f7,Yanisa Chaisatit,sarunporn47@yahoo.com,09-4439-6050,512 Tunradee Groves Suite 672,Pachongrukborough,Sittisaowapakstad,52291,Northeast,1994-01-04,Male,Married,2024-12-26
CUST_3407,Yada Phusilarungrueng,darin83@hotmail.com,06-4944-4440,200 Pitipat Wells Suite 224,Port Yada,Kongchayasukawutville,82840,Western,1988-11-09,Male,Single,2023-09-23
CUST_a3da,Todsawun Boonpungbaramee,kamolchanok04@hotmail.com,09-6873-7142,287 Permchart Parkway Suite 774,North Pattatompornberg,Posaleechester,94161,Northeast,1982-07-20,Female,Married,2024-03-21
CUST_0de8,Chayanin Methavorakul,xprayoonhong@gmail.com,09-0813-6074,357 Pannawich Circle,East Wassayahaven,Srisoontornton,70640,Northern,1994-04-17,Other,Married,2025-09-14
CUST_c63d,Sorawut Suraprasert,jaruwanmatinawin@hotmail.com,09-7157-6650,90916 Jinjuta Crossroad Apt. 672,West Patchaploybury,Nutchachester,57738,Western,1987-03-21,Other,Widowed,2021-04-24
CUST_479b,Nattawun Pikatsingkorn,phenphitchakitprapa@yahoo.com,09-1336-9046,5058 Sittisaowapak Plaza Suite 448,Sukhenaiberg,Tunchanokview,66819,Northeast,1992-06-26,Male,Married,2025-03-10
CUST_4e99,Tunchanok Sireelert,sintaum@yahoo.com,06-8265-0425,20791 Kongsri Lane Suite 672,East Apisarashire,Chaiwutmouth,56707,Central,2004-06-18,Male,Divorced,2023-01-23
CUST_3e18,Chayanin Kittakun,ssooksawang@gmail.com,08-9263-7756,01999 Darin Lakes,South Patcharapornland,North Chayanin,54352,Eastern,2002-05-22,Female,Divorced,2022-05-01
CUST_1f24,Chayanin Pianduangsri,tunradeechoeychuen@yahoo.com,06-6878-4861,7725 Niracha Knoll,Pitanuwatmouth,Charoensuksopolshire,06157,Northeast,2002-02-18,Other,Single,2024-12-11
CUST_4c55,FS 2 Sarunporn Polauaypon,ivinyuvanichkul@gmail.com,06-9007-4381,728 Bunlupong Spring,New Tunchanokburgh,West Tunchanokbury,43433,Northern,1984-06-22,Other,Married,2023-04-25
CUST_eda1,Nutwadee Sorattanachai,jitrin22@gmail.com,09-8346-4116,95317 Sujjaboriboon Isle Suite 078,North Sorawut,South Yadamouth,80696,Northern,2008-05-19,Female,Other,2024-01-19
CUST_5340,Kunaporn Prachayaroch,thanatcha14@hotmail.com,09-3133-9260,4432 Peem Field,Port Chanikanmouth,Choeychuenfort,00988,Northeast,2007-08-14,Female,Other,2022-07-21
CUST_ac4c,Supasita Chowitunkit,ypichpandecha@gmail.com,06-0257-0720,733 Pitipat Spurs,Chanikanchester,New Niracha,38127,Central,1985-09-08,Female,Single,2023-10-05
CUST_1c0d,Pannawich Intaum,chaisatitpattatomporn@yahoo.com,06-6365-5893,0756 Intaum Mills Suite 117,Kamalanonmouth,Yadatown,18844,Northern,2002-03-24,Other,Married,2023-01-02
CUST_1d74,Apisara Thantananont,phubeswasunun@yahoo.com,06-4302-8032,01423 Sooksawang Plaza Apt. 757,South Sorawuthaven,Chawinton,35460,Central,1987-01-04,Male,Divorced,2024-02-27
CUST_92d0,Teetat Pianduangsri,aunyapornsujjaboriboon@yahoo.com,08-1220-0619,4917 Pintusorn Light,Chaisatitfort,Yadamouth,91441,Northern,1994-04-04,Other,Divorced,2023-02-19
CUST_0791,Todsawun Todsapornpitakul,lertsattayanusakparin@gmail.com,08-6080-2989,95185 Pothanun Light Suite 766,Pongpanitchhaven,Lake Pattatompornmouth,55012,Central,2003-08-02,Male,Widowed,2025-05-01
CUST_f823,Anon Matinawin,evinyuvanichkul@gmail.com,09-0798-8398,081 Chawin Lane,North Atitborough,East Jitrinmouth,58017,Northern,1989-03-16,Female,Married,2022-05-16
CUST_5a01,Tunchanok Vinyuvanichkul,yanisa57@yahoo.com,08-1199-0570,88466 Peem Forks,East Wasinborough,Chomsriville,67698,Northeast,1995-07-14,Other,Widowed,2024-03-28
CUST_45e7,Sorawut Sujjaboriboon,krittayanukoontunchanok@yahoo.com,06-1002-8304,1196 Sarunporn Mews,Chalisaberg,Supasitborough,77111,Southern,1996-06-09,Female,Married,2023-07-25
CUST_8b73,Pornchanok Trikasemmart,fsrisoontorn@hotmail.com,09-6165-6083,12871 Pitipat Forges,Chaifahhaven,Kulnunchester,68761,Northern,1996-12-16,Male,Married,2024-05-08
CUST_5774,Chayanin Titipatrayunyong,anon85@gmail.com,06-4740-2753,86016 Apisara Brook,Neerachapongville,Darinfurt,24521,Central,2005-03-21,Other,Divorced,2023-03-03
CUST_2b38,Supasit Permchart,wannapaitoonsrinutkrita@hotmail.com,09-4535-8849,10259 Srisoontorn Place,New Parinstad,Pattatompornberg,43719,Northeast,1976-10-14,Other,Widowed,2024-08-02
CUST_553a,Pattamon Permchart,permchartchawin@yahoo.com,08-1130-5839,2269 Suwijuk Squares Suite 877,East Jinjuta,Pitanuwatland,52246,Northern,1996-08-04,Male,Other,2022-04-05
CUST_4c0c,Phubes Vethayasas,vinyuvanichkularisara@gmail.com,09-1080-5199,43123 Pitipat Turnpike,Port Sorawut,Intaumborough,74012,Central,1983-09-02,Female,Widowed,2024-09-22
CUST_4cbe,Pornchanok Vethayasas,prima64@gmail.com,09-6198-1109,28314 Kamalanon Stream,New Pramesville,Suraprachitville,17846,Central,2008-11-06,Female,Married,2022-05-16
CUST_6631,SUB LT Nichakarn Polauaypon,epasuk@gmail.com,08-5596-3176,5314 Permchart Harbor,West Todsawunberg,Parinport,97216,Central,1993-03-17,Female,Single,2024-08-04
CUST_ddd8,Suwijuk Phusilarungrueng,pbunlerngsri@yahoo.com,09-6344-0088,399 Vinyuvanichkul Courts,Port Suwijuktown,Kittakunside,77510,Northern,1994-06-10,Male,Other,2024-11-14
CUST_7371,Prames Polpo,rbunlupong@yahoo.com,08-8844-7926,58046 Pongpanitch Fall Apt. 124,Chanikanland,North Supasitton,74405,Central,2007-06-13,Other,Married,2021-06-12
CUST_6547,Sarunporn Sireelert,pawantodsapornpitakul@gmail.com,06-1452-9478,45496 Tungkasethakul Hollow Suite 498,Nichakarnside,Lake Aunyaporn,81187,Northern,2001-03-23,Female,Other,2025-05-13
CUST_61b1,Peem Permchart,todsawun31@yahoo.com,08-1848-4174,52329 Niracha Squares,Pongpanitchshire,New Pada,34517,Central,1997-06-20,Male,Other,2025-04-27
CUST_7c83,Parin Pasuk,ckittakun@yahoo.com,09-9757-8960,344 Sireelert Canyon,Port Anon,East Yada,56366,Northeast,1995-02-06,Other,Single,2022-11-03
CUST_747f,Sittikorn Sittisaowapak,anontrikasemmart@yahoo.com,08-2306-0189,029 Kitprapa Lights Suite 277,Nutchahaven,Pawanchester,29291,Northeast,1997-05-23,Male,Single,2026-04-10
CUST_180e,Phenphitcha Sorattanachai,pintusorn12@yahoo.com,09-4365-1894,5329 Srisoontorn Hills Apt. 488,North Patchaploy,Pawanland,82423,Central,1997-11-19,Male,Single,2023-01-08
CUST_eed1,Supasit Matinawin,dkumsoontorn@yahoo.com,09-3272-3777,8036 Sireelert Track,East Sarunporn,Pannawichland,39815,Eastern,1993-07-03,Female,Divorced,2024-05-22
CUST_f391,Wassaya Sorattanachai,nutwadee57@hotmail.com,08-9609-4565,42827 Todsapornpitakul Ports,Chayaninstad,New Sorawut,32756,Northern,1997-05-11,Male,Other,2023-04-02
CUST_ffa7,Prima Siripaiboo,anon71@gmail.com,09-8208-1982,4565 Boonpungbaramee Bridge,Port Phenphitcha,Pachongrukville,33988,Central,2004-11-19,Other,Single,2021-02-08
CUST_f471,Nichakarn Benchapatranon,pianduangsripawan@gmail.com,09-4313-6518,41950 Parin Cove Suite 663,New Pada,Lake Anon,89422,Southern,1986-04-24,Other,Divorced,2026-01-22
CUST_c526,Nutwadee Todsapornpitakul,thanatchatungkasethakul@gmail.com,09-8845-6944,917 Kitprapa Lock,Port Jaruwanfurt,Pianduangsriside,35407,Northern,2006-09-23,Male,Widowed,2021-08-05
CUST_9747,Pakjira Chaihirankarn,kunaporn93@hotmail.com,09-6571-7205,4969 Nichakarn Row Suite 879,West Ratchanon,West Kamolchanokfurt,89623,Central,1985-04-01,Female,Divorced,2023-05-09
CUST_3d97,PHRAKHU BAIDIKA Parin Suraprasert,chanyaneerachapong@gmail.com,06-0295-2682,51605 Methavorakul Streets,East Noppakao,North Supasitafurt,06605,Central,1984-07-03,Other,Single,2023-02-07
CUST_8219,Wasin Prachayaroch,atit14@hotmail.com,09-3642-5076,2737 Sukhenai Port Apt. 938,West Jaruwan,Wasununport,24778,Central,2001-06-24,Female,Divorced,2021-03-03
CUST_0d39,Pornchanok Bunlupong,wasinhabpanom@gmail.com,08-2051-6097,44023 Patchaploy Villages Apt. 196,North Nutkrita,Trikasemmartside,25480,Central,1988-09-18,Other,Widowed,2025-05-05
CUST_1ddd,Parin Pianduangsri,sarunporn41@gmail.com,06-3136-1752,038 Permchart Greens,Lake Pannawich,Pichpandechaborough,67458,Northeast,1998-09-19,Other,Other,2023-11-12
CUST_7149,Tunchanok Benchapatranon,permchartnattawun@hotmail.com,06-6446-4737,635 Matinawin Lake Suite 331,Posaleetown,West Pakjiraville,80155,Central,2001-05-21,Other,Other,2024-08-18
CUST_85e5,Wasin Pasuk,sukhenaiparin@hotmail.com,08-3644-1991,77071 Jaruwan Ports Apt. 292,Port Pattaponburgh,Lake Ratchanon,01265,Central,1996-10-14,Other,Widowed,2025-09-24
CUST_4963,Pachongruk Youprasert,parinpikatsingkorn@hotmail.com,08-2624-0099,210 Vinyuvanichkul Valley,Lake Prima,North Sorawut,57573,Central,1993-01-18,Female,Married,2023-10-01
CUST_e686,S M 2 Sitiwat Thantananont,choeychuenpintusorn@yahoo.com,09-5183-3648,4976 Todsapornpitakul Ways Suite 051,Yadafort,North Sarunpornfort,48540,Central,2003-07-12,Other,Other,2024-02-23
CUST_c81d,Sarunporn Prakalpawong,csuraprachit@gmail.com,09-7170-9286,8144 Neerachapong Isle Suite 428,East Chawin,Sorawutfort,90475,Northern,1991-07-10,Male,Other,2023-07-02
CUST_9536,GEN Ratchanon Bunlupong,pakjirapitanuwat@yahoo.com,08-0315-2199,36706 Sittisaowapak Mountains Suite 177,Posaleeside,South Sorawuthaven,28438,Southern,2003-09-07,Female,Married,2022-09-10
CUST_a8a8,Nattawun Kitprapa,pitanuwatwassaya@hotmail.com,09-1319-9083,9907 Nutkrita Pass Suite 360,North Aunyaporn,Yadaburgh,83291,Central,1994-01-03,Other,Other,2022-04-04
CUST_9bed,Wassaya Pichpandecha,gprachayaroch@hotmail.com,08-7632-4996,9906 Prachayaroch Lodge Apt. 089,Sittikornstad,Chaihirankarnfurt,36565,Southern,1995-02-27,Other,Married,2026-05-05
CUST_210f,Pannawich Vinyuvanichkul,chawinhabpanom@yahoo.com,08-0374-4571,28735 Supasita Park,Chayaninhaven,West Nutcha,75859,Central,1985-01-01,Other,Married,2024-04-14
CUST_33a7,Chalisa Titipatrayunyong,wasinchaihirankarn@gmail.com,09-4222-1807,485 Chayapat Fork Apt. 751,Port Teetatshire,North Niracha,42153,Central,1990-09-26,Female,Other,2024-08-17
CUST_3dad,Pak Suraprasert,pornchanok43@yahoo.com,06-0013-3141,464 Sitiwat Mews Apt. 755,Matinawinchester,Losatapornpipitmouth,51169,Central,1981-10-28,Other,Married,2024-10-03
CUST_a325,Aunyaporn Prayoonhong,nutkrita24@hotmail.com,08-4010-8343,872 Apisara Shoal Apt. 563,Nirachatown,Port Nutwadee,32439,Northern,1995-03-13,Male,Married,2022-03-19
CUST_c669,Ratchanon Bunlupong,teetat54@yahoo.com,08-2998-8058,02697 Thantananont Summit Apt. 167,Parinton,Supasitborough,69503,Central,1994-11-13,Female,Divorced,2023-07-23
CUST_eefe,Peem Vinyuvanichkul,pattatomporn78@gmail.com,06-5420-6577,4252 Matinawin Groves,West Apisarafort,Port Pannawich,90431,Central,1987-10-28,Female,Divorced,2022-04-17
CUST_4443,CPL Teetat Choeychuen,chalisa07@gmail.com,09-4855-5332,8610 Prakalpawong Junctions Apt. 448,Nutwadeemouth,North Chaiwutfurt,08580,Northern,2007-06-14,Other,Divorced,2025-10-12
CUST_3875,Pattatomporn Pothanun,sittikornpermchart@gmail.com,08-2168-1836,783 Pothanun Estate Suite 742,Prachayarochfort,Supasitahaven,98467,Central,1991-02-27,Male,Married,2024-03-08
CUST_b899,Pornchanok Choeychuen,nattawunposalee@gmail.com,06-5573-8915,852 Posalee Courts Apt. 899,Sujjaboriboonbury,Sorattanachailand,43363,Northern,1998-11-18,Male,Other,2022-03-15
CUST_806f,Teetat Boonpungbaramee,strikasemmart@yahoo.com,06-7947-9169,57200 Tianvarich Estate,Port Wasin,Losatapornpipitshire,08021,Western,1992-02-24,Other,Single,2022-07-06
CUST_0c8d,Suvakit Pasuk,yanisakitprapa@hotmail.com,09-4874-5085,693 Kumsoontorn Tunnel Apt. 935,Lake Nutwadee,Sitiwatmouth,93729,Eastern,1991-10-02,Other,Widowed,2025-08-10
CUST_baa9,Pitipat Suraprachit,qposalee@hotmail.com,08-6368-7278,06453 Kulnun Track Apt. 184,East Atit,South Pattapon,04698,Northern,1990-09-01,Female,Other,2024-09-16
CUST_13ad,Puntira Tungkasethakul,sitiwatvinyuvanichkul@hotmail.com,09-2826-8515,1041 Ratchanon Isle Apt. 114,Port Wasinmouth,Sooksawangbury,03214,Central,1991-05-04,Other,Other,2021-08-08
CUST_eee7,Anon Titipatrayunyong,anekvorakulpannawich@gmail.com,06-8839-3881,1619 Chomsri Ranch Apt. 711,South Darinside,Wimolnothaven,78382,Central,1999-11-04,Female,Widowed,2023-10-16
CUST_3590,Chalisa Kittakun,wasununpatchaploy@hotmail.com,08-0251-4832,116 Polpo Spur,Pongpanitchmouth,Chaihirankarnton,49761,Northern,1995-10-28,Male,Married,2025-02-16
CUST_65d8,AM Sarunporn Wimolnot,sitiwat20@gmail.com,09-5409-2227,781 Pawan Squares,Wassayatown,Bunlupongberg,39586,Northeast,1995-01-26,Male,Married,2022-05-12
CUST_a50e,Pada Prachayaroch,pornchanok38@yahoo.com,06-5662-1865,853 Permchart Mission Suite 628,Port Nutkrita,Port Yada,90590,Northeast,1993-06-05,Female,Divorced,2024-02-21
CUST_a6a1,Phenphitcha Lertsattayanusak,kamolchanokmethavorakul@hotmail.com,06-0914-1057,837 Pawan Ranch Suite 012,Anekvorakulhaven,Port Yadashire,76200,Central,1990-09-08,Other,Married,2024-04-10
CUST_e560,Peem Lertsattayanusak,benchapatranonratchanon@yahoo.com,08-5640-6262,0014 Intaum Expressway Suite 052,East Yanisaside,Lake Phenphitcha,28703,Central,1989-11-28,Female,Divorced,2021-06-06
CUST_c424,Puntira Sorattanachai,ybenchapatranon@yahoo.com,08-3890-3482,79495 Yanisa Bypass Suite 282,Choeychuenport,West Parin,52382,Northeast,1988-11-17,Male,Single,2026-03-07
CUST_6c00,Kulnun Prachayaroch,chaifahyouprasert@hotmail.com,08-7423-6847,7942 Benchapatranon Square Suite 604,Bunlerngsrifort,West Tunradeeborough,75625,Northern,1979-07-21,Other,Other,2024-08-24
CUST_f8e3,Ratchanon Kongsri,nutcha39@yahoo.com,08-8652-0550,90807 Pattapon Village Apt. 202,North Anonfort,Pattatompornmouth,16133,Western,1999-05-23,Male,Other,2025-11-12
CUST_2791,Sorawut Bunlerngsri,pakpikatsingkorn@gmail.com,06-4067-3053,768 Pasuk Mount,North Thanatcha,Chanyaborough,03600,Northeast,1996-12-02,Other,Widowed,2023-09-08
CUST_696d,Nattawun Posalee,kulnunsireelert@yahoo.com,06-9287-7245,631 Tunradee Port Suite 067,Pitipatfort,Jinjutaburgh,47818,Central,2000-03-17,Other,Divorced,2025-05-05
CUST_8ed1,Kodchaporn Intaum,skrittayanukoon@hotmail.com,09-9065-5534,502 Prima Prairie Suite 043,Port Chawin,Srisoontornshire,28048,Eastern,2001-08-01,Female,Divorced,2022-02-25
CUST_d576,Pitipat Wasunun,akongchayasukawut@hotmail.com,06-7239-7967,2116 Supasita Ranch,Sireelerttown,South Pattatompornfort,13865,Northeast,1990-03-15,Female,Divorced,2021-12-26
CUST_6346,POL CPL Todsawun Pothanun,phenphitchapasuk@hotmail.com,09-1512-4207,026 Pannawich Island Apt. 730,Wimolnotton,Port Darin,13529,Northern,2000-07-08,Other,Other,2022-07-22
CUST_e30f,Kulnun Pichpandecha,chaihirankarnniracha@yahoo.com,08-2195-6226,2045 Thantananont Key,Pintusornchester,Polposhire,81946,Northern,2001-12-10,Female,Married,2023-09-10
CUST_6253,Niracha Matinawin,losatapornpipitjitrin@yahoo.com,08-4354-8250,55816 Wasunun Summit,Chayapathaven,Jaruwanland,07282,Central,1996-01-02,Male,Married,2023-04-15
CUST_3c8f,LT JG Sitiwat Chaihirankarn,wassaya87@hotmail.com,08-4003-8153,53682 Wassaya Streets Suite 857,West Pak,Suwijukmouth,42446,Central,1987-04-01,Other,Divorced,2024-12-01
CUST_ead9,LT COL Chaifah Pasuk,pannawich66@gmail.com,06-6099-5282,994 Sireelert Divide Apt. 190,Benchapatranonbury,New Nutkritafort,00962,Northern,2004-10-27,Other,Other,2026-05-20
CUST_f194,Jaruwan Wasunun,aunyapornkrittayanukoon@yahoo.com,09-9976-8854,0508 Jinjuta Radial Apt. 163,Port Kulnunstad,Neerachapongtown,75829,Central,1998-09-13,Male,Widowed,2021-04-11
CUST_647a,Jitrin Kumsoontorn,prima11@hotmail.com,06-3832-8032,160 Wassaya Mews,South Yanisamouth,Jaruwanstad,89249,Northern,1982-11-23,Male,Single,2025-05-25
CUST_5f63,Apisara Polauaypon,nattawun43@yahoo.com,09-4373-6702,395 Sarunporn Locks,South Chanikanburgh,New Chanya,08104,Northern,1995-10-02,Male,Other,2023-09-09
CUST_770d,Todsawun Sorattanachai,chomsrichaiwut@gmail.com,08-5824-9794,78052 Peem Ridges,East Chayanin,Pattaponport,63562,Central,1994-12-03,Male,Married,2023-08-12
CUST_152f,Nutwadee Pichpandecha,pintusorn85@hotmail.com,06-8723-7232,525 Kodchaporn Fords,Pattaponborough,West Kunapornstad,23758,Central,1995-11-08,Female,Other,2023-06-02
CUST_a375,FLT LT Chanikan Kumsoontorn,patcharaporn51@gmail.com,08-8783-0684,277 Peem Greens Suite 276,Bunlerngsrifort,Kitprapaland,82422,Central,2001-07-22,Male,Other,2023-03-05
CUST_911c,Wassaya Chaisatit,upermchart@yahoo.com,09-4319-5014,856 Thantananont Forest,Supasitberg,Intaumhaven,47892,Northern,2000-03-06,Other,Single,2026-05-27
CUST_5825,Sitiwat Sooksawang,yanisakamalanon@gmail.com,09-5936-2384,90779 Kodchaporn Rue Suite 439,North Patchaploymouth,South Pawanport,85668,Northern,2007-04-14,Female,Married,2024-02-11
CUST_0193,Jaruwan Kumsoontorn,kodchaporn50@yahoo.com,09-2011-3194,2314 Posalee Stream,South Nutwadeebury,Turongkinanonmouth,73685,Northern,1994-04-13,Other,Married,2022-10-25
CUST_7cd1,Apisara Vinyuvanichkul,kamalanonteetat@hotmail.com,09-5243-3631,99264 Vinyuvanichkul Shores,Lake Chaiwut,Pachongruktown,23182,Northern,1997-02-17,Male,Divorced,2026-03-14
CUST_96e5,Jaruwan Anekvorakul,pawanbunlerngsri@yahoo.com,08-5463-4132,32714 Pannawich Meadows,North Anon,Chomsriton,84762,Western,1988-12-10,Male,Single,2025-10-20
CUST_bb9f,Nutcha Kittakun,sittikorn89@hotmail.com,09-6796-1721,46745 Pak Ridges,West Chanya,New Todsawunview,18947,Northeast,1997-11-04,Female,Widowed,2025-04-21
CUST_4033,Wassaya Benchapatranon,sarunpornpasuk@hotmail.com,09-7317-5129,7010 Pitanuwat Stravenue Suite 027,Yanisafort,Thantananontton,71530,Northern,2002-02-15,Male,Widowed,2022-04-08
CUST_fe81,Tunradee Pothanun,prachayarochpattapon@hotmail.com,09-0501-1998,4835 Posalee Radial,Bunlupongberg,East Jaruwanfurt,72454,Central,1988-10-23,Female,Divorced,2022-07-25
CUST_6b4d,Niracha Chomsri,sukhenaiatit@yahoo.com,08-5382-6721,3395 Pachongruk Way Suite 598,Kongsristad,Vethayasasport,09493,Northern,2004-08-08,Other,Widowed,2025-05-25
CUST_45ec,Patchaploy Norramon,jinjutalertsattayanusak@hotmail.com,09-8948-1419,091 Choeychuen Spurs,South Suwijukville,North Pawanshire,06567,Central,2001-10-09,Other,Other,2023-11-02
CUST_22ad,Apisara Sireelert,rkrittayanukoon@hotmail.com,06-1601-6101,653 Methavorakul Lakes,Port Pornchanoktown,Supasitburgh,08896,Eastern,1998-11-23,Other,Married,2024-05-16
CUST_a058,Pattapon Habpanom,sittikornsrisoontorn@gmail.com,09-6256-2375,706 Suwijuk Key Apt. 246,Anonburgh,West Sarunporntown,86503,Northern,1995-04-08,Female,Widowed,2025-02-01
CUST_ba3e,Phenphitcha Pikatsingkorn,vinyuvanichkulpatchaploy@yahoo.com,09-5603-0710,764 Posalee Unions,Pianduangsribury,Port Chayanin,03287,Western,1986-08-20,Female,Other,2023-01-05
CUST_1f2f,Darin Sorattanachai,prima80@hotmail.com,08-6546-1033,8187 Pattapon Forest Suite 978,Apisaramouth,Methavorakulfurt,29390,Central,2003-09-26,Female,Married,2024-01-06
CUST_f982,V ADM Sorawut Sujjaboriboon,teetat07@hotmail.com,09-1676-5288,7195 Kodchaporn Spurs,Lake Pattatompornland,Choeychuentown,42359,Central,1993-03-14,Other,Married,2024-05-11
CUST_62b9,LAC Pattatomporn Turongkinanon,pongpanitchpak@gmail.com,09-7843-7105,294 Sitiwat Parkway Suite 546,Port Nutchaberg,Bunlerngsriberg,80415,Northern,1994-01-17,Male,Widowed,2026-05-04
CUST_8cf5,Noppakao Chowitunkit,sprachayaroch@gmail.com,08-0245-3239,173 Prachayaroch Ford Apt. 298,Patcharapornmouth,Nutwadeeton,04514,Central,1996-11-21,Female,Divorced,2024-10-21
CUST_c31b,Sorawut Sireelert,qsorattanachai@hotmail.com,09-7880-7748,5417 Nichakarn Coves,Pramesfort,Pasukmouth,05112,Northeast,1997-06-13,Other,Other,2024-08-10
CUST_a037,Chaifah Chaisatit,chawin99@gmail.com,09-4215-2617,790 Losatapornpipit Point Apt. 662,Suraprasertburgh,Kamolchanokbury,20624,Northern,1993-03-28,Female,Divorced,2024-03-06
CUST_4915,PHRAKHU SAMU Chayapat Phusilarungrueng,chawinmethavorakul@yahoo.com,08-0211-6905,036 Habpanom Camp Apt. 046,Jinjutaport,Polpoton,41069,Northern,2001-08-17,Male,Other,2025-08-27
CUST_867f,LT COL Wasin Habpanom,pannawichchoeychuen@yahoo.com,08-1633-4741,03468 Kitprapa Row Suite 151,Tunchanokborough,East Ratchanon,75745,Southern,1996-06-19,Male,Married,2023-07-25
CUST_b3f8,Chalisa Sireelert,kitprapanutkrita@gmail.com,08-0288-3130,596 Teetat Estates Suite 478,New Jinjuta,Phubesmouth,83886,Northern,1993-02-07,Male,Married,2023-09-10
CUST_bbd0,Suwijuk Srisoontorn,chanikanhabpanom@hotmail.com,08-4198-9118,7604 Darin Fork,Prayoonhongfurt,Suwijukfort,94288,Central,2002-12-28,Other,Married,2025-02-15
CUST_bf6d,Chaiwut Kumsoontorn,wassayamatinawin@yahoo.com,08-7632-3016,66460 Teetat Junctions Suite 566,Port Pattapon,East Parin,14910,Central,1997-05-20,Male,Widowed,2026-02-25
CUST_327d,Pada Polauaypon,pakprayoonhong@yahoo.com,08-2685-8805,5927 Kodchaporn Ranch Apt. 912,Boonpungbarameefurt,Todsapornpitakulshire,95958,Central,1989-05-06,Male,Widowed,2023-11-11
CUST_7b47,Nutcha Kongsri,ubenchapatranon@gmail.com,06-4963-8913,6254 Choeychuen Roads Suite 372,Bunlupongstad,Kulnunview,93442,Northern,1992-08-11,Female,Single,2024-02-04
CUST_2927,Apisara Choeychuen,suraprachitwassaya@gmail.com,08-4628-0692,65617 Wassaya Parkway,South Jitrinbury,Chayapatchester,98504,Central,2007-10-17,Male,Married,2026-03-11
CUST_a7d6,Nattawun Tungkasethakul,teetattodsapornpitakul@gmail.com,08-8341-3746,84568 Sittikorn Lock,Kitprapachester,New Arisara,49839,Central,1998-12-13,Female,Single,2026-04-18
CUST_1a7e,POL SEN SGT MAJ Apisara Pitanuwat,anon06@gmail.com,09-3099-8212,473 Chaisatit Forest,Kulnunside,Pannawichshire,99943,Northeast,1997-10-26,Other,Widowed,2025-10-27
CUST_54a6,Kamolchanok Srisoontorn,vinyuvanichkuljitrin@gmail.com,08-3349-3638,414 Chaifah Crescent Apt. 068,Prayoonhongberg,Pramesfort,82028,Southern,1982-11-14,Other,Other,2022-10-09
CUST_7907,Pintusorn Suraprasert,jpothanun@hotmail.com,08-2676-3987,5121 Pawan Branch Suite 186,South Supasitamouth,Wannapaitoonsriberg,14857,Northern,2002-03-26,Other,Single,2024-03-14
CUST_3566,Ratchanon Losatapornpipit,kunaporn35@hotmail.com,09-3664-2499,12564 Patchaploy Gateway Apt. 888,Thanatchaberg,South Darin,97074,Northern,1998-02-18,Other,Widowed,2023-08-09
CUST_62d6,Suwijuk Pongpanitch,tunchanok72@hotmail.com,09-3367-0219,0417 Norramon Valley,Pongpanitchmouth,Tunradeefurt,18870,Northern,1996-02-15,Other,Single,2023-09-15
CUST_c397,M L Apisara Sukhenai,wasinkitprapa@hotmail.com,06-4857-8555,723 Thantananont Avenue Apt. 309,Pattatompornshire,North Nirachaburgh,82527,Central,1996-07-02,Female,Divorced,2021-12-23
CUST_7517,PHRA ATHIKAN Todsawun Pongpanitch,aunyapornboonpungbaramee@yahoo.com,08-1485-9647,67683 Pada Viaduct Suite 612,North Puntira,South Phenphitchaview,71356,Central,2008-06-22,Female,Widowed,2021-08-16
CUST_8bfa,Chawin Polauaypon,pattapon14@yahoo.com,09-3089-4509,29959 Siripaiboo Crossroad,Kulnunborough,Pasuktown,34531,Central,1983-08-25,Male,Divorced,2026-05-09
CUST_d621,Chawin Anekvorakul,wintaum@yahoo.com,09-3074-2164,10454 Pichpandecha Corner,North Parinborough,North Tunchanokmouth,36351,Southern,1998-03-26,Other,Widowed,2024-12-27
CUST_cb11,Aunyaporn Charoensuksopol,tunradeechaihirankarn@gmail.com,06-5567-7593,8259 Nutcha Creek,West Sorawutshire,North Pramesside,98723,Southern,2008-07-21,Male,Divorced,2021-06-26
CUST_8512,Arisara Sittisaowapak,atitwasunun@hotmail.com,09-2087-0117,35983 Yanisa Station Suite 255,Port Atit,Prachayarochborough,49661,Northeast,1991-04-26,Male,Widowed,2023-05-22
CUST_bd39,Prima Chomsri,prachayarochsitiwat@gmail.com,06-9301-7261,89415 Kamalanon Coves Apt. 352,Port Supasita,Apisaraborough,11973,Central,1984-01-24,Female,Married,2024-04-26
CUST_70b8,SAMANERA Pitipat Kumsoontorn,kulnunkitprapa@gmail.com,08-2112-6712,307 Wannapaitoonsri Mountains,East Suwijukmouth,New Prima,19852,Northeast,1986-08-10,Male,Single,2025-11-15
CUST_5bfc,Pada Chaisatit,hsuraprasert@yahoo.com,08-4853-5561,334 Pikatsingkorn Alley,Kulnunland,New Pattapon,68180,Central,1999-02-12,Female,Widowed,2023-10-28
CUST_16e4,Wasin Wasunun,chayanin24@gmail.com,08-4609-2331,20483 Kumsoontorn Street,Neerachapongland,Sujjaboriboonchester,41062,Central,1986-09-16,Male,Single,2022-09-25
CUST_751f,Chaiwut Wasunun,parinpermchart@yahoo.com,09-5802-0071,282 Wasin Track Apt. 042,Sittikornshire,Jaruwanfort,89609,Northern,1998-12-26,Male,Divorced,2024-04-18
CUST_4598,Nutwadee Kongchayasukawut,vbunlupong@hotmail.com,06-8652-6932,1873 Pattapon Square,North Chanikanhaven,Pannawichbury,14259,Northern,2001-07-22,Male,Widowed,2024-06-28
CUST_9eeb,POL L/C Pattapon Kongchayasukawut,pikatsingkornsuwijuk@hotmail.com,09-3701-5847,213 Prames Canyon,Nirachastad,East Nutcha,16426,Central,1986-09-02,Female,Single,2023-01-02
CUST_8f15,Sorawut Suraprachit,atitnorramon@hotmail.com,08-8355-1190,308 Chayapat Motorway,Primafurt,Methavorakulstad,40408,Northern,1990-03-25,Female,Married,2026-02-13
CUST_a4af,Nutcha Chaisatit,polpoapisara@hotmail.com,06-2933-1792,886 Permchart Valleys Suite 250,Phubesshire,South Noppakao,93034,Northern,2003-08-13,Other,Single,2023-06-20
CUST_0bbb,PHRAMAHA Pitipat Tungkasethakul,tunchanok57@gmail.com,08-6668-1750,3628 Krittayanukoon Flat,East Arisaramouth,East Kamolchanokville,66387,Northern,1996-02-24,Female,Divorced,2024-05-22
CUST_2108,Aunyaporn Siripaiboo,chanikancharoensuksopol@yahoo.com,09-2225-4191,02179 Chanya Route Apt. 551,West Phubes,Sittikornborough,75807,Northern,1987-03-21,Other,Other,2023-02-16
CUST_c71f,FLG OFF Chaifah Chomsri,todsawun11@gmail.com,06-4516-3459,9263 Pakjira Fort Suite 179,Chaifahshire,Pattaponmouth,13107,Northern,2006-03-07,Male,Widowed,2026-02-04
CUST_3e07,Prames Pasuk,nutchachowitunkit@yahoo.com,06-3444-7224,8092 Nutcha Mission Suite 937,West Pitipatmouth,New Padaberg,13897,Central,2001-02-01,Other,Widowed,2022-08-22
CUST_4da2,Chanikan Wimolnot,niracha09@yahoo.com,08-1130-3987,4474 Patcharaporn Garden Suite 088,West Anonchester,Chaisatitstad,70848,Northern,1985-05-15,Male,Other,2025-04-21
CUST_f662,Pintusorn Posalee,chayanin53@gmail.com,09-7665-6904,8626 Atit Parks,Bunlerngsriborough,Todsawunland,48278,Central,2005-11-25,Female,Married,2021-06-09
CUST_8e76,Tunchanok Pothanun,tturongkinanon@yahoo.com,08-5148-3061,79353 Chaiwut Squares,Pattamonborough,Nutkritaborough,40867,Northern,1994-04-02,Male,Married,2022-02-11
CUST_f351,Tunchanok Pikatsingkorn,matinawinpornchanok@gmail.com,08-0004-5865,591 Puntira Field Suite 166,New Nutwadee,Lake Suvakitberg,11085,Northern,2000-09-01,Male,Widowed,2023-01-23
CUST_28cc,Aunyaporn Pianduangsri,chaiwutkongsri@hotmail.com,08-0108-8102,9971 Siripaiboo Roads Suite 795,Chalisaborough,Arisarabury,25759,Southern,1988-04-05,Female,Married,2024-12-19
CUST_0d2f,Nutwadee Habpanom,lkumsoontorn@gmail.com,09-3234-7724,3179 Kongchayasukawut Lane Suite 239,East Pattamon,South Suwijukside,47333,Western,1996-06-13,Female,Single,2024-06-05
CUST_84b6,Prima Kamalanon,wasin89@gmail.com,09-8132-4766,86159 Pannawich Ranch Apt. 134,Port Anon,North Chanikanburgh,90359,Central,1990-02-04,Other,Divorced,2023-04-28
CUST_cfad,CPO 2 Jinjuta Pasuk,titipatrayunyongpannawich@yahoo.com,06-1757-3794,99751 Teetat Loop Suite 619,Phenphitchaborough,Turongkinanonview,08114,Northern,1989-02-05,Male,Married,2026-03-05
CUST_319d,Pintusorn Todsapornpitakul,kamalanonratchanon@hotmail.com,08-2740-4120,956 Kongchayasukawut Trace,South Kodchapornview,Kulnuntown,59535,Northern,2000-07-02,Male,Single,2023-12-03
CUST_40f5,Yanisa Sujjaboriboon,pposalee@gmail.com,08-5987-0927,28936 Sitiwat Mews,West Tunradee,Turongkinanonton,53530,Northern,1994-04-27,Other,Widowed,2026-04-26
CUST_e400,FS 3 Prames Prachayaroch,ukumsoontorn@hotmail.com,09-9625-9353,2559 Chaiwut Mountain,Lake Arisaraborough,North Suvakit,87360,Northeast,1980-09-23,Male,Single,2023-08-25
CUST_216e,Patcharaporn Kittakun,pakjiravethayasas@gmail.com,09-9861-0899,35475 Methavorakul Well,North Chawin,Thanatchamouth,95565,Southern,2008-08-24,Female,Single,2023-01-09
CUST_d4cd,PHRAMAHA Tunchanok Trikasemmart,trikasemmartsupasita@yahoo.com,06-7434-6971,61564 Sitiwat Union Suite 926,Phenphitchaborough,Kumsoontornmouth,39912,Central,1985-02-27,Other,Other,2021-12-13
CUST_136a,Jitrin Wasunun,uchaisatit@gmail.com,09-8983-7889,9095 Suraprachit Mall,Nattawunchester,South Phenphitchashire,20804,Central,1996-08-18,Other,Married,2022-03-20
CUST_c9cf,M L Chayapat Losatapornpipit,prima80@gmail.com,09-1996-4138,282 Pattamon Villages Apt. 621,Anekvorakulborough,Teetatbury,20899,Eastern,1998-11-22,Female,Single,2024-12-15
CUST_3385,Arisara Kumsoontorn,pintusorn63@hotmail.com,08-0161-5527,575 Matinawin Freeway,Prayoonhongland,Port Sitiwat,10736,Central,2002-12-12,Female,Married,2025-04-07
CUST_e1f4,Chalisa Vethayasas,phubes00@gmail.com,06-4517-3329,164 Jaruwan Divide,Port Atit,Lake Tunradeeville,42245,Central,2007-04-04,Female,Married,2024-11-02
CUST_a67c,Tunradee Boonpungbaramee,pachongruk15@gmail.com,09-4065-1825,7685 Pachongruk Falls,South Pakjirafurt,East Pitipatchester,86872,Northern,2001-09-11,Female,Single,2022-05-26
CUST_b871,Nutcha Srisoontorn,aunyaporn99@hotmail.com,09-9790-8379,12903 Pattamon Crescent,Norramonhaven,West Chayapat,14768,Northeast,1993-03-17,Male,Divorced,2025-08-12
CUST_dc45,Todsawun Prachayaroch,ratchanonsorattanachai@yahoo.com,06-4578-1928,633 Aunyaporn Meadows,Methavorakulville,New Tunchanokbury,45929,Central,1996-03-26,Female,Single,2025-10-12
CUST_8cd7,Chawin Lertsattayanusak,chanya73@hotmail.com,06-0526-3280,829 Kumsoontorn Common,Port Nutkritaland,Kumsoontornview,41402,Northeast,2006-10-16,Male,Married,2023-09-13
CUST_22bd,Nattawun Pothanun,nutkritavethayasas@hotmail.com,09-6357-0291,45647 Atit Spurs Apt. 451,South Sarunpornview,Pothanunfort,86639,Northern,1993-02-16,Male,Widowed,2022-02-14
CUST_377b,Jitrin Benchapatranon,tkongsri@hotmail.com,06-4815-5607,5696 Pattamon Plaza Suite 129,New Jinjutaside,Vethayasasburgh,88740,Northeast,1996-07-23,Female,Single,2022-09-10
CUST_81b0,Thanatcha Losatapornpipit,primanorramon@hotmail.com,08-3938-8890,23928 Suraprachit Falls,North Nirachaland,Pawanbury,17875,Central,1995-02-22,Other,Married,2026-03-04
CUST_e859,Sittikorn Tianvarich,teetatpitanuwat@yahoo.com,06-6913-3262,03953 Sujjaboriboon Trafficway Suite 247,East Pak,Noppakaoland,06270,Central,1999-12-18,Male,Widowed,2026-03-19
CUST_ff70,POL SUB LT Pak Wannapaitoonsri,pitipatsujjaboriboon@gmail.com,09-6505-6291,230 Prachayaroch Landing,Suwijukville,Losatapornpipitland,03487,Central,2002-04-23,Female,Other,2023-08-15
CUST_8112,Todsawun Methavorakul,pornchanokboonpungbaramee@hotmail.com,08-9923-5500,067 Prachayaroch Pine Apt. 951,Chaiwutfurt,West Nutkrita,03208,Central,2000-03-03,Female,Other,2022-01-15
CUST_21ec,Darin Titipatrayunyong,wasin14@gmail.com,09-6361-5031,50429 Habpanom Skyway Apt. 666,Lake Nutwadeeburgh,Lake Phubes,73129,Central,1996-06-11,Other,Other,2025-04-27
CUST_3117,Nutwadee Boonpungbaramee,parin02@hotmail.com,06-6131-1936,630 Teetat Orchard Suite 408,New Noppakaoburgh,West Supasit,35195,Northern,1993-12-28,Female,Divorced,2023-08-17
CUST_7645,Jaruwan Neerachapong,mpichpandecha@gmail.com,09-2568-4262,73010 Todsawun Hill,Ratchanonton,Noppakaoburgh,10342,Northern,1999-01-12,Male,Other,2024-06-16
CUST_f84d,Pakjira Sooksawang,nattawunsireelert@gmail.com,08-1137-9336,69053 Nutkrita Fork,West Parinhaven,Turongkinanonside,77245,Southern,1996-09-12,Female,Widowed,2024-09-23
CUST_982d,SEA-MAN Pattapon Wasunun,wassaya18@yahoo.com,09-2290-5965,04443 Patchaploy Lodge,Suraprachithaven,Thantananontville,21750,Northern,2005-10-02,Female,Other,2022-03-28
CUST_3de3,Phubes Sittisaowapak,nattawun88@hotmail.com,08-8655-8882,433 Peem Mill,Benchapatranonborough,Charoensuksopolville,90997,Central,2000-10-27,Female,Divorced,2025-01-18
CUST_d8c5,Pornchanok Thantananont,nutkritatodsapornpitakul@yahoo.com,06-6819-6769,6629 Suvakit Cliff Suite 280,Port Jinjutaville,West Pitipatfurt,22441,Central,1997-02-06,Male,Other,2021-08-16
CUST_ea06,Sorawut Srisoontorn,chanikan96@hotmail.com,08-5220-6734,469 Sittikorn Path,South Chaifah,North Sittikornmouth,01802,Central,1999-05-23,Female,Other,2024-03-17
CUST_10ad,Yada Siripaiboo,xkongchayasukawut@gmail.com,06-3250-5462,8698 Phusilarungrueng Union Suite 717,Wasinview,Jaruwanhaven,41874,Northern,1991-07-12,Male,Married,2022-02-06
CUST_7ea3,Jitrin Kongsri,lbunlerngsri@yahoo.com,06-8288-9158,791 Turongkinanon Wall Apt. 236,Wassayaview,Aunyapornfort,94668,Central,1993-05-23,Female,Widowed,2025-03-16
CUST_db12,Nutcha Kongsri,smethavorakul@hotmail.com,08-3551-4051,1888 Kitprapa Turnpike Apt. 991,North Supasitamouth,Lake Wassayaview,55768,Northern,2000-02-15,Other,Other,2026-01-27
CUST_a313,Sittikorn Siripaiboo,darin70@yahoo.com,08-4628-6745,97224 Phubes Fort,Pattamonport,Lake Patchaploy,05499,Eastern,2006-08-18,Other,Divorced,2022-08-27
CUST_e583,Chalisa Charoensuksopol,pannawichkrittayanukoon@hotmail.com,08-5918-6373,0698 Siripaiboo Shoals,Port Suvakit,Anekvorakulmouth,50759,Northern,1981-01-11,Other,Other,2026-01-15
CUST_184f,Chalisa Sujjaboriboon,nutwadeevethayasas@gmail.com,09-0969-1515,728 Pianduangsri Via,East Anon,Ratchanonfurt,74085,Northern,1996-06-15,Female,Single,2026-01-03
CUST_265b,Prames Siripaiboo,kulnunnorramon@yahoo.com,08-8235-9065,251 Patchaploy Prairie,Norramonbury,Yanisastad,02389,Western,1994-10-17,Other,Widowed,2025-08-05
CUST_9333,Pak Methavorakul,pornchanok46@gmail.com,09-2215-5216,131 Pachongruk Course Apt. 841,Lake Sorawutbury,Pachongrukberg,16107,Northern,1992-12-12,Female,Widowed,2024-04-19
CUST_4ff5,Nutcha Titipatrayunyong,syouprasert@gmail.com,09-1135-2411,03797 Chayapat Hills,Vinyuvanichkultown,Sujjaboriboonfurt,10485,Western,1995-03-13,Male,Widowed,2026-05-25
CUST_fca4,Chayapat Siripaiboo,chalisaprayoonhong@yahoo.com,06-3955-6604,8680 Tungkasethakul Knoll Suite 567,Supasitville,Lake Phubesville,16134,Central,1998-12-23,Female,Other,2025-03-22
CUST_7488,Nutwadee Benchapatranon,pianduangsripattapon@yahoo.com,08-1847-3599,99956 Pothanun Circle Suite 802,East Pannawichtown,Sittikornberg,47644,Southern,1996-07-02,Male,Divorced,2025-07-05
CUST_8423,Peem Krittayanukoon,pak58@yahoo.com,08-8846-0449,414 Pitanuwat Well,Pakjirastad,South Darintown,49535,Central,2003-02-14,Other,Other,2024-06-05
CUST_e525,Chayanin Wannapaitoonsri,anekvorakulpattatomporn@yahoo.com,09-5046-1709,3903 Pitipat Wall Suite 467,Supasitaland,Kongsrifort,74358,Central,1998-10-28,Female,Single,2022-11-05
CUST_70ea,Pachongruk Thantananont,wasin61@hotmail.com,09-2366-4443,351 Parin Points Apt. 859,Kongchayasukawutshire,Kulnunville,41281,Northern,1998-07-17,Male,Single,2026-02-02
CUST_a2fd,Prames Benchapatranon,kulnunanekvorakul@yahoo.com,06-6840-7223,45937 Neerachapong Lakes,Pichpandechahaven,Nattawunville,02364,Northern,1997-09-27,Other,Divorced,2023-08-10
CUST_7b9d,Pattamon Vinyuvanichkul,rprayoonhong@yahoo.com,06-1445-5599,0225 Pattapon Isle,Apisaramouth,New Peemville,88278,Northeast,2006-10-24,Other,Single,2023-07-06
CUST_ba45,Peem Pothanun,tunradeepichpandecha@yahoo.com,08-6525-1486,1402 Sukhenai Ferry Apt. 625,Port Pannawichview,Wannapaitoonsriview,33896,Northeast,1987-05-03,Male,Married,2024-05-14
CUST_4770,Teetat Titipatrayunyong,wpitanuwat@hotmail.com,06-1443-6183,94683 Anekvorakul Flat,Padaland,Port Tunchanokchester,03472,Northern,1993-02-27,Other,Other,2026-03-17
CUST_10da,POL CPL Chaiwut Pichpandecha,chanikan33@hotmail.com,08-1649-1693,252 Pak Dale Apt. 395,Lake Yanisa,South Kulnun,42861,Northern,1998-07-14,Female,Married,2021-05-14
CUST_f13f,Chaiwut Posalee,nirachakrittayanukoon@gmail.com,08-8022-7680,59619 Teetat Forge Apt. 704,New Padashire,West Pakjira,48748,Western,2008-09-13,Female,Single,2021-01-23
CUST_867f,POL CAPT Nutkrita Phusilarungrueng,suraprasertchanya@yahoo.com,09-5928-5521,38866 Jaruwan Isle Apt. 490,Kulnunborough,Sittikorntown,10035,Central,2005-05-19,Male,Other,2023-12-13
CUST_ae72,POL SEN SGT MAJ Jitrin Methavorakul,uchowitunkit@hotmail.com,08-7654-1362,27817 Chayanin Ridges,Lake Yadamouth,West Pornchanok,23112,Northern,2004-10-03,Female,Other,2026-02-27
CUST_f3d0,Parin Trikasemmart,isorattanachai@yahoo.com,06-5851-6803,777 Methavorakul Walks,Boonpungbarameeport,South Suwijukland,52744,Northeast,1995-01-21,Other,Single,2024-11-18
CUST_cbbd,Nutwadee Sujjaboriboon,youprasertyada@hotmail.com,08-8345-1453,0668 Kittakun Pines Suite 488,Yanisaview,Permchartmouth,93051,Northern,1982-03-17,Female,Other,2025-04-10
CUST_3667,Noppakao Kamalanon,chawin19@hotmail.com,09-0354-0077,923 Tunradee Branch Suite 410,Nutchastad,Nutwadeemouth,87165,Northern,2003-10-27,Other,Married,2021-11-04
CUST_668d,Patcharaporn Permchart,nutkrita33@hotmail.com,09-6561-2175,104 Sooksawang Extensions Suite 679,Wassayaview,Srisoontornfurt,28492,Northeast,1996-07-12,Other,Widowed,2024-07-13
CUST_4a3b,Supasita Polpo,cwimolnot@yahoo.com,08-0207-8086,4919 Charoensuksopol Track Suite 611,Kongchayasukawuttown,South Yada,32313,Northeast,1987-05-26,Female,Divorced,2024-12-03
CUST_449f,Pitipat Norramon,sukhenaiphenphitcha@gmail.com,08-0657-9785,77377 Chalisa Cove,South Todsawunside,Wimolnotshire,91257,Central,2007-07-08,Female,Divorced,2026-05-06
CUST_e870,Patchaploy Lertsattayanusak,prima84@yahoo.com,08-6627-5226,6748 Siripaiboo Springs,East Atitville,Chaiwutstad,68383,Northeast,1997-06-18,Male,Other,2023-04-14
CUST_1dd7,Yanisa Kongchayasukawut,pikatsingkornnutkrita@yahoo.com,08-1676-4655,577 Chanya Rue,North Chaiwut,Primafurt,30174,Central,1999-09-14,Male,Single,2024-10-15
CUST_7a5f,Sarunporn Polpo,jinjuta99@hotmail.com,06-3836-9367,37568 Chowitunkit Mount,East Nirachafort,South Chawinside,32479,Northern,2000-12-25,Female,Divorced,2024-10-24
CUST_e862,Nutcha Kumsoontorn,bunlupongpeem@gmail.com,06-2476-3837,97816 Pasuk Course Apt. 308,North Supasitmouth,Nutkritatown,72700,Northern,1997-06-24,Female,Single,2021-07-05
CUST_b1b7,Pitipat Prakalpawong,wasin45@yahoo.com,06-2191-4545,21824 Aunyaporn Dam,Patcharapornside,Sarunporntown,56212,Western,1999-08-17,Other,Married,2022-06-19
CUST_9ee4,Arisara Wimolnot,hkongsri@hotmail.com,09-5877-7554,467 Supasita Points Suite 151,Boonpungbarameeside,West Ratchanon,82502,Northeast,1999-10-23,Other,Single,2023-05-08
CUST_1e60,Kunaporn Methavorakul,etungkasethakul@gmail.com,09-1322-1945,38180 Kunaporn Orchard,Chowitunkitborough,South Wassaya,19168,Central,1996-11-16,Female,Widowed,2024-09-02
CUST_8eee,Chayanin Permchart,pattamonhabpanom@yahoo.com,06-5331-3805,88195 Ratchanon View Apt. 299,North Pattamonview,South Nichakarn,89638,Central,1993-02-08,Other,Divorced,2022-08-02
CUST_620c,Noppakao Phusilarungrueng,chaisatitaunyaporn@gmail.com,09-0708-2315,47052 Sittisaowapak Manor Suite 210,West Puntiratown,East Patcharaporn,97579,Central,2000-02-09,Female,Single,2024-03-19
CUST_58bd,Supasita Tungkasethakul,pakjira19@gmail.com,06-0684-6350,2369 Chayanin Green Suite 323,Prayoonhongview,Phubesbury,69515,Central,1991-05-09,Female,Married,2024-05-01
CUST_22a9,Tunchanok Sorattanachai,boonpungbarameenichakarn@yahoo.com,09-7751-0635,2270 Chaihirankarn Well Apt. 721,Polpotown,Methavorakulberg,61120,Southern,1989-10-04,Other,Widowed,2022-06-22
CUST_61ce,Chayapat Bunlupong,boonpungbarameekodchaporn@hotmail.com,09-2349-8764,36671 Phubes Crescent,Suraprachitberg,North Suvakit,70134,Northern,1998-05-10,Female,Widowed,2023-02-11
CUST_f83a,Sorawut Polpo,ulosatapornpipit@gmail.com,09-4668-7115,474 Darin Cliffs Apt. 326,West Niracha,Peemstad,77177,Northeast,2005-01-20,Other,Single,2026-01-05
CUST_0e49,Arisara Pichpandecha,anonkumsoontorn@hotmail.com,09-9521-3985,7091 Polpo Creek,Boonpungbarameeport,Lake Pattatompornfurt,55471,Northern,2007-05-03,Female,Other,2022-02-23
CUST_b332,Pannawich Wannapaitoonsri,vtianvarich@gmail.com,06-9362-5590,877 Noppakao Summit Apt. 636,Lake Nutcha,West Nutcha,36095,Central,1994-10-27,Female,Married,2025-01-11
CUST_0518,Pattatomporn Neerachapong,elosatapornpipit@gmail.com,06-4279-1595,0415 Parin Row,Srisoontornberg,North Puntirastad,55611,Northeast,1994-07-07,Male,Divorced,2024-12-26
CUST_bdc1,Sitiwat Titipatrayunyong,fkamalanon@hotmail.com,09-8686-9885,102 Pannawich Trail Suite 290,New Sittikornchester,Wasinchester,11390,Northeast,1989-02-27,Other,Widowed,2022-05-02
CUST_5024,Supasit Pianduangsri,pattatomporn87@gmail.com,08-3768-1921,05933 Pattatomporn Ports Apt. 241,Kamalanonland,Siripaibooview,91239,Northern,2008-03-25,Other,Married,2025-08-28
CUST_33f7,ADM Wassaya Pitanuwat,bunlerngsrinattawun@gmail.com,08-4693-9170,4235 Prachayaroch Knolls,East Nichakarnview,Yanisaborough,72322,Northern,2001-07-13,Female,Married,2024-06-03
CUST_6f8d,POL SEN SGT MAJ Pada Intaum,sorawut85@yahoo.com,06-4969-5127,5864 Sittisaowapak Isle Suite 229,South Noppakaofurt,Port Apisaraton,23760,Central,1995-12-10,Male,Other,2022-09-19
CUST_501d,L CDR Supasit Thantananont,ykumsoontorn@yahoo.com,09-5655-2506,912 Yada Curve,Puntiraside,New Atit,49971,Northeast,1994-07-27,Other,Widowed,2026-02-23
CUST_7f97,PO 3 Niracha Methavorakul,sittikornchaisatit@hotmail.com,09-8870-6952,4454 Polauaypon Landing,South Puntira,Methavorakulmouth,10964,Central,1993-07-24,Male,Divorced,2022-07-27
CUST_cfe6,Tunchanok Intaum,schomsri@hotmail.com,06-8571-2095,45486 Prames Glens,Losatapornpipitton,Lake Kodchapornport,20946,Northern,2007-12-12,Male,Widowed,2021-12-04
CUST_966d,Chanikan Kittakun,jmatinawin@gmail.com,08-0770-9729,6324 Wasin Plain,Habpanomville,Phusilarungruengport,73114,Central,1994-06-09,Male,Widowed,2023-04-10
CUST_f459,Pattatomporn Sireelert,nutwadee54@yahoo.com,06-5694-6396,4836 Chayapat Village Apt. 666,Tungkasethakulmouth,Kittakunton,86232,Central,1998-01-18,Other,Single,2025-02-25
CUST_efef,PHRAPALAD Patcharaporn Methavorakul,nutcha63@yahoo.com,09-2255-5823,81679 Pannawich Trace,New Nattawun,Wannapaitoonsriland,65964,Central,1986-06-22,Other,Married,2025-12-10
CUST_e589,Anon Todsapornpitakul,prameshabpanom@hotmail.com,08-2930-4953,15604 Jinjuta Manors,Kongchayasukawutborough,Pongpanitchmouth,27964,Northern,2008-11-06,Female,Divorced,2025-12-10
CUST_4531,Pitipat Turongkinanon,thanatchamethavorakul@yahoo.com,08-2973-8057,67388 Chanya Park,Youprasertborough,Prachayarochtown,69583,Northern,2002-06-02,Other,Widowed,2022-09-25
CUST_db09,Parin Turongkinanon,chanya74@hotmail.com,09-7580-4386,93906 Noppakao Springs Suite 791,Port Suwijukview,Pannawichland,75384,Northeast,1996-10-21,Other,Other,2025-07-03
CUST_25da,Yada Kongsri,noppakaotianvarich@gmail.com,09-4130-6235,08156 Pannawich Rapids Apt. 183,Port Tunchanokhaven,Pornchanokstad,53610,Central,2002-04-12,Female,Single,2025-10-17
CUST_43a8,Pawan Anekvorakul,rsooksawang@gmail.com,08-6830-8418,786 Sukhenai Circles,Pannawichfurt,West Jitrin,68907,Northern,1998-09-18,Female,Married,2022-05-07
CUST_be14,Suwijuk Chaihirankarn,teetatkongchayasukawut@gmail.com,06-9677-4817,332 Tungkasethakul Viaduct,Port Patcharapornshire,Sooksawanghaven,12847,Central,1988-06-14,Other,Divorced,2024-10-07
CUST_7afd,Pattapon Pothanun,thanatcha00@hotmail.com,06-2997-6856,3545 Krittayanukoon Track,Tunradeeburgh,East Kulnunview,38247,Northeast,1990-01-11,Female,Married,2026-02-14
CUST_f1ba,LT JG Niracha Bunlupong,dchowitunkit@hotmail.com,08-0563-9940,78888 Nichakarn Rest Suite 887,West Pitipat,New Prima,82705,Northern,1983-10-17,Male,Other,2023-09-19
CUST_ac5a,Pada Kamalanon,pornchanoklosatapornpipit@yahoo.com,06-9952-1978,0333 Kongchayasukawut Canyon,Jinjutatown,North Suvakit,93840,Southern,1999-05-19,Male,Widowed,2022-07-15
CUST_ed8b,Sarunporn Turongkinanon,lchaihirankarn@hotmail.com,08-5743-4443,97617 Suraprasert Green,Sujjaboriboonfort,East Chayapat,24727,Central,1996-12-24,Female,Widowed,2022-07-24
CUST_b23d,Patcharaporn Norramon,kodchaporn56@yahoo.com,08-0069-7317,37211 Chomsri Crossing,West Arisara,North Patchaploy,99614,Northeast,2008-08-16,Other,Divorced,2026-05-19
CUST_ae14,Sittikorn Pikatsingkorn,gwasunun@gmail.com,06-3311-5180,841 Pintusorn Way Apt. 824,Bunlupongton,Pintusornbury,81798,Central,1983-08-24,Other,Married,2026-02-03
CUST_455a,Sarunporn Wannapaitoonsri,prameskitprapa@gmail.com,09-5610-5188,4075 Patchaploy Station,Pitanuwatstad,South Puntira,84576,Northern,1993-07-23,Female,Married,2021-09-26
CUST_95ba,Wasin Methavorakul,apisaralertsattayanusak@hotmail.com,06-4257-6837,3066 Kamalanon Extensions Apt. 083,Port Wassaya,Wasununborough,35546,Northern,1991-03-27,Female,Single,2023-05-20
CUST_2f9c,Nutwadee Sireelert,pianduangsripachongruk@yahoo.com,06-7260-6445,8162 Arisara Squares Suite 436,Sittikornton,East Kulnunmouth,47015,Northern,2004-08-11,Female,Widowed,2024-08-02
CUST_1c46,Pattapon Wimolnot,dmethavorakul@gmail.com,08-6179-2447,692 Jaruwan Dale,Port Paktown,West Primabury,27344,Central,1991-12-22,Male,Widowed,2021-01-27
CUST_5dd7,Suvakit Polpo,sorattanachaijitrin@gmail.com,08-9608-1292,0571 Habpanom Centers Suite 395,West Chaiwut,Youprasertside,18816,Southern,1998-11-11,Other,Other,2025-02-09
CUST_f654,CAPT Jinjuta Pichpandecha,charoensuksopolpattapon@gmail.com,08-1741-7774,8626 Pothanun Forest,New Noppakao,West Sarunpornstad,36476,Northern,1995-12-06,Female,Married,2024-08-04
CUST_47d8,Pawan Sireelert,jkongchayasukawut@gmail.com,09-9486-0395,850 Choeychuen Road Suite 553,West Puntira,Port Kamolchanok,68635,Eastern,1994-06-18,Female,Divorced,2024-10-24
CUST_5895,Chaiwut Sorattanachai,puntirapikatsingkorn@hotmail.com,08-1445-5368,56001 Sireelert Gateway Apt. 328,Parinchester,North Kulnunton,05995,Central,1989-08-05,Other,Widowed,2025-02-12
CUST_5b2f,Jaruwan Methavorakul,wkitprapa@hotmail.com,06-4468-0086,0513 Phubes Common,New Noppakao,Benchapatranonfurt,13431,Central,2008-03-23,Female,Other,2026-02-22
CUST_eff6,Pannawich Siripaiboo,nutkrita37@hotmail.com,08-0638-8129,319 Prachayaroch Alley Suite 196,Sooksawangtown,Port Arisarashire,70144,Central,1998-06-16,Female,Single,2024-09-18
CUST_0d1a,Tunradee Prachayaroch,suvakit63@hotmail.com,09-0336-8998,87843 Prima Village Suite 174,West Chayapatchester,Yanisatown,53431,Central,1988-06-27,Other,Other,2024-04-03
CUST_bc7e,GEN Pitipat Bunlerngsri,sposalee@yahoo.com,08-0039-4827,6640 Polauaypon Cliffs Apt. 467,Pachongrukbury,West Sarunpornport,84441,Central,1991-10-27,Female,Married,2025-08-25
CUST_0219,Pannawich Vethayasas,chanikan72@yahoo.com,09-4835-3840,16864 Pakjira Crescent,Jaruwanhaven,South Padashire,45116,Central,1993-08-22,Male,Single,2024-06-05
CUST_b43b,Thanatcha Youprasert,ipothanun@yahoo.com,09-8472-9952,11177 Prayoonhong Knoll,Lake Prima,Nattawunport,07093,Northeast,2008-02-17,Male,Single,2024-04-28
CUST_74e9,Aunyaporn Polauaypon,suraprachitpattapon@hotmail.com,08-8260-5039,063 Wassaya Harbors,Lertsattayanusakburgh,South Parinmouth,93832,Northeast,1997-06-05,Female,Married,2026-01-20
CUST_7029,Pachongruk Prakalpawong,atitvinyuvanichkul@gmail.com,06-3418-6302,705 Nutkrita Forks,Pattamonmouth,Tunchanokville,57636,Northern,1998-06-26,Other,Widowed,2021-09-03
CUST_cf63,Ratchanon Pichpandecha,bunlerngsrisupasit@hotmail.com,09-4760-9930,41012 Chayanin Circle Apt. 401,Lake Pintusornhaven,Kamalanonmouth,37211,Northern,2000-12-07,Other,Widowed,2023-11-01
CUST_ed74,Jinjuta Boonpungbaramee,nutkrita12@hotmail.com,08-1786-9411,5351 Prayoonhong Manors Suite 645,Neerachapongchester,Lake Arisara,75239,Central,1990-01-25,Male,Divorced,2025-12-25
CUST_726a,Phenphitcha Wannapaitoonsri,bpianduangsri@gmail.com,08-5279-4334,17307 Sorawut Meadow Apt. 347,Srisoontornview,North Peem,49536,Central,1993-08-02,Other,Widowed,2021-07-04
CUST_f1cf,Nattawun Krittayanukoon,matinawinteetat@yahoo.com,09-9531-9440,9254 Pitanuwat Lakes Apt. 845,East Nutkritabury,South Pawanhaven,86753,Northern,1993-01-19,Male,Married,2023-05-26
CUST_cbf9,Yada Pikatsingkorn,kpermchart@yahoo.com,09-2754-6293,57376 Teetat Highway Suite 103,Supasitashire,Wasinfurt,05021,Northeast,2002-05-09,Male,Other,2022-01-09
CUST_59bf,Supasit Trikasemmart,wsireelert@hotmail.com,09-1378-7362,41769 Chaisatit Path,North Yanisachester,New Supasitashire,70932,Northeast,2000-08-19,Male,Widowed,2023-02-04
CUST_36a5,Chanikan Pianduangsri,hpitanuwat@gmail.com,06-6183-8251,12364 Tungkasethakul Roads Suite 278,Port Thanatcha,Tunradeeburgh,57702,Northern,2005-04-12,Other,Married,2024-06-09
CUST_3adb,AMN Chanikan Sittisaowapak,kunaporn66@yahoo.com,06-2873-6228,81895 Wimolnot Expressway Suite 803,South Nichakarn,Lake Tunchanok,19040,Northeast,1987-05-13,Female,Married,2023-05-19
CUST_d2bc,Atit Polpo,yada84@gmail.com,09-9723-7045,8678 Nutcha Harbors Suite 545,Krittayanukoonchester,Sujjaboriboonland,77003,Northern,1992-01-16,Other,Widowed,2024-10-27
CUST_2c83,Sorawut Youprasert,primathantananont@yahoo.com,06-3647-2906,8041 Sarunporn Rest,West Phubes,West Ratchanon,13789,Southern,2006-12-03,Other,Married,2024-09-13
CUST_e78f,Chayanin Benchapatranon,thanatchasorattanachai@gmail.com,06-2319-5780,0441 Pasuk Street,Todsapornpitakulstad,Pakborough,21727,Eastern,1998-05-05,Other,Widowed,2025-05-10
CUST_25e0,Thanatcha Sireelert,jpasuk@hotmail.com,08-1801-3239,8969 Pawan Street,West Pattatompornbury,Suraprachithaven,33903,Northern,2004-10-03,Female,Other,2023-10-08
CUST_32de,Kodchaporn Choeychuen,methavorakulsuwijuk@hotmail.com,08-1612-9279,9366 Pitanuwat Vista,West Jitrin,Matinawinfort,38901,Northeast,1997-09-18,Female,Other,2025-07-28
CUST_6cdc,Niracha Chaisatit,patcharapornbenchapatranon@gmail.com,08-4417-6549,888 Suwijuk Mountains Apt. 693,Lake Phenphitchaland,North Pitipatmouth,21203,Central,2004-11-11,Male,Single,2023-08-27
CUST_5dd9,LT JG Jinjuta Intaum,cmethavorakul@yahoo.com,06-4921-8047,6262 Pitanuwat Forest Apt. 667,Lake Chawin,Sujjaboriboonstad,01379,Northeast,2008-04-04,Male,Other,2024-12-15
CUST_af2e,Phenphitcha Prachayaroch,jitrinsittisaowapak@gmail.com,06-2023-5055,97956 Intaum Mountains Apt. 099,Kitprapashire,Padashire,65988,Central,2004-06-12,Male,Widowed,2026-05-18
CUST_34e0,LT GEN Teetat Chaihirankarn,bpongpanitch@yahoo.com,06-5157-5108,155 Kamolchanok Courts,Arisaraburgh,East Nirachatown,56334,Northern,1993-09-20,Female,Other,2025-12-11
CUST_9196,Jaruwan Sittisaowapak,charoensuksopolkunaporn@yahoo.com,08-3596-6310,497 Nichakarn Mill Apt. 859,Turongkinanonhaven,Kitprapaland,76673,Eastern,1996-04-02,Female,Married,2023-12-02
CUST_59ca,Patcharaporn Krittayanukoon,chomsritodsawun@hotmail.com,06-0167-8818,6326 Kongchayasukawut Neck Apt. 630,West Kunaporn,South Yanisaland,07874,Northeast,1997-10-25,Other,Widowed,2024-12-20
CUST_cbc9,Patcharaporn Wannapaitoonsri,bunlerngsrijaruwan@hotmail.com,09-2295-4683,963 Turongkinanon Pine Apt. 654,Prakalpawongborough,Kittakunberg,76253,Central,2000-01-09,Other,Married,2021-10-09
CUST_acdd,Pattamon Losatapornpipit,sujjaboriboonpattapon@yahoo.com,09-8560-5133,968 Pachongruk Alley Suite 960,Atitberg,Primashire,07810,Central,2008-11-11,Other,Single,2024-11-08
CUST_db1d,Chanikan Tianvarich,primaprachayaroch@gmail.com,06-3165-3050,5884 Phusilarungrueng Lake,South Padamouth,Lake Yadaport,63177,Eastern,1994-06-19,Female,Widowed,2024-09-23
CUST_eb65,Parin Boonpungbaramee,tsuraprasert@yahoo.com,06-1780-9373,1825 Jinjuta Forest,Kunapornmouth,New Thanatchaland,06067,Western,1988-12-22,Other,Divorced,2024-08-03
CUST_a9d8,Nutwadee Suraprasert,arisaratitipatrayunyong@yahoo.com,06-1892-7266,5733 Chayapat Village,Port Pattamon,Kodchapornchester,54140,Northeast,2008-02-05,Female,Other,2026-05-16
CUST_2eac,Chaifah Pikatsingkorn,etitipatrayunyong@yahoo.com,09-0271-5877,8838 Chaihirankarn Passage,Sorattanachaistad,Port Kamolchanokville,39299,Northern,2002-01-05,Other,Single,2022-12-12
CUST_481f,Sittikorn Methavorakul,kongchayasukawutsorawut@gmail.com,08-3192-0768,7370 Chaisatit Valleys Apt. 701,South Parin,East Pintusorn,09773,Central,1999-11-14,Female,Single,2024-07-07
CUST_8eb8,Ratchanon Kumsoontorn,apisara21@yahoo.com,09-1874-3503,73789 Chomsri Pines,Sorawutmouth,Nattawunton,74592,Northeast,1984-01-25,Male,Married,2022-11-19
CUST_fb1d,Supasit Habpanom,wassaya29@gmail.com,09-8866-5785,436 Prames Tunnel,Chayaninmouth,Lake Teetat,14449,Central,1994-06-18,Male,Single,2023-10-26
CUST_26d2,Patchaploy Kumsoontorn,wimolnotsuvakit@gmail.com,08-2159-3712,768 Thantananont Estates,Lake Noppakaoburgh,Port Anon,23874,Central,1978-11-25,Other,Divorced,2021-12-13
CUST_8ade,Nutkrita Charoensuksopol,thantananontthanatcha@yahoo.com,09-0383-3781,054 Charoensuksopol Glen,North Chanikanfort,Vinyuvanichkulborough,12857,Central,1991-11-17,Female,Widowed,2022-08-14
CUST_896c,Thanatcha Vethayasas,dpasuk@yahoo.com,09-0914-4705,66661 Sorawut Mount,Lake Pitipat,East Pattamonberg,40241,Central,1990-11-22,Other,Other,2022-04-04
CUST_20e8,Parin Boonpungbaramee,nutkrita75@yahoo.com,09-0550-6137,7506 Jaruwan Mill Apt. 924,Phusilarungruengport,South Nattawunton,15061,Western,1993-05-22,Female,Married,2024-08-14
CUST_cc61,Pattamon Matinawin,padamethavorakul@yahoo.com,09-3670-4382,714 Pasuk Park Suite 298,Wasinchester,Sorattanachaiview,98240,Southern,1992-05-13,Female,Other,2023-05-10
CUST_e913,Prima Vethayasas,pawanmethavorakul@hotmail.com,09-3957-0024,79576 Pianduangsri Hills Suite 588,Matinawinstad,Thantananontside,16572,Northern,1989-06-01,Female,Single,2021-01-15
CUST_ff08,Ratchanon Kumsoontorn,methavorakulkunaporn@hotmail.com,09-4065-6446,3420 Nichakarn Brook Apt. 079,New Apisaramouth,West Pakjiraport,89482,Central,1993-02-22,Female,Widowed,2023-12-22
CUST_978a,Chanya Sorattanachai,peem42@gmail.com,06-4039-5649,48371 Tungkasethakul Forks,New Jaruwan,North Chalisa,79624,Central,2004-04-17,Other,Widowed,2022-09-01
CUST_364e,Tunradee Pichpandecha,niracha54@yahoo.com,08-0050-2832,5178 Chaihirankarn Garden Suite 093,Wasununville,South Thanatchabury,40501,Northern,1998-09-09,Male,Divorced,2023-12-21
CUST_f12d,POL MAJ Patchaploy Thantananont,ssorattanachai@yahoo.com,09-0870-9408,7327 Vinyuvanichkul Court,West Yadamouth,Sitiwathaven,98808,Eastern,1996-08-25,Other,Widowed,2024-04-06
CUST_1727,Pak Pikatsingkorn,fthantananont@hotmail.com,08-5833-2705,779 Sarunporn Drive Apt. 340,Anonville,North Prames,73643,Central,2000-05-20,Male,Divorced,2025-08-23
CUST_5885,Pintusorn Pitanuwat,supasita73@gmail.com,06-3365-5046,7163 Sooksawang Lodge,West Pannawichton,Pannawichberg,12117,Northeast,1991-10-20,Other,Divorced,2021-02-07
CUST_fb30,Pattapon Wimolnot,chaisatitpak@hotmail.com,06-7051-7762,656 Patchaploy Road Suite 532,Phusilarungruengbury,South Thanatchafurt,62487,Northeast,2006-12-05,Female,Other,2023-12-26
CUST_86e0,Noppakao Permchart,chaiwut41@yahoo.com,09-3929-0913,28273 Turongkinanon Knolls Apt. 353,Port Nutkritaton,Noppakaoberg,00848,Southern,1989-05-21,Male,Married,2024-03-23
CUST_8094,Chaifah Sireelert,suvakitlertsattayanusak@yahoo.com,08-6532-2259,384 Wasin Radial,South Wasin,Sitiwatfurt,81301,Western,2001-01-10,Female,Widowed,2022-03-24
CUST_c33b,Prames Sittisaowapak,sooksawangniracha@hotmail.com,06-8491-5976,21173 Prachayaroch Row Suite 136,New Jaruwan,East Pakjira,37078,Northeast,2005-10-05,Other,Other,2025-11-14
CUST_3e6a,Pak Suraprachit,jitrinkamalanon@yahoo.com,08-9922-5887,49425 Pikatsingkorn Spurs Suite 869,Thanatchaport,Port Kodchapornport,50698,Northern,2008-08-09,Male,Married,2023-07-17
CUST_687f,Suwijuk Todsapornpitakul,chalisa99@gmail.com,08-9414-9080,7157 Sooksawang Tunnel,Pachongrukshire,Port Thanatchabury,36035,Central,1992-05-13,Other,Widowed,2021-12-20
CUST_9655,Chayanin Sukhenai,ratchanon90@gmail.com,09-7093-2494,7491 Sitiwat Vista,Jinjutamouth,Lake Puntira,18763,Central,1989-01-28,Female,Divorced,2025-05-07
CUST_e54d,Jitrin Tianvarich,pannawich28@gmail.com,06-3805-4298,62931 Jaruwan Club Suite 513,West Phubesview,Port Sorawutstad,45018,Northern,2008-04-01,Other,Married,2022-04-07
CUST_79e8,Sittikorn Wimolnot,vsrisoontorn@hotmail.com,09-9570-0685,67057 Kittakun Locks,Losatapornpipitstad,Kunapornshire,19183,Northern,1993-08-03,Female,Divorced,2024-08-02
CUST_74eb,S M 1 Todsawun Wasunun,sittikorn94@yahoo.com,09-7396-7929,5489 Sorawut Way Suite 659,Parinstad,Phenphitchahaven,71410,Northern,1994-04-22,Other,Widowed,2023-12-24
CUST_51b2,PLT OFF Suwijuk Kittakun,jitrin51@yahoo.com,09-2284-4752,6410 Trikasemmart Extension,Wimolnotborough,Thanatchastad,86344,Western,1999-09-06,Other,Widowed,2021-07-22
CUST_8fa6,CPL Pornchanok Pongpanitch,chomsrichanya@gmail.com,09-7301-7617,784 Pattatomporn Unions Apt. 641,Lake Nichakarn,Yanisaland,93355,Northern,1998-03-28,Female,Single,2021-04-20
CUST_bd81,Kamolchanok Boonpungbaramee,krittayanukoonchanikan@yahoo.com,08-9751-8091,856 Losatapornpipit Green,Teetatfort,Port Sorawut,28721,Eastern,1998-07-11,Female,Divorced,2025-01-02
CUST_7071,Sitiwat Anekvorakul,pattamon26@gmail.com,09-4142-7210,146 Pakjira Route,North Pitipat,Pongpanitchside,03897,Eastern,1989-09-28,Male,Divorced,2024-09-21
CUST_c13c,CHAO ATHIKAN Kunaporn Benchapatranon,chanikan11@yahoo.com,09-5088-8895,10424 Kitprapa Corners Suite 307,Chaihirankarnbury,Port Nutkritashire,24627,Northeast,2008-06-06,Other,Single,2025-03-22
CUST_2227,Prima Neerachapong,sittikornbenchapatranon@gmail.com,08-5950-0025,280 Sireelert Meadow Apt. 960,New Nutkritastad,West Nichakarn,71227,Northern,1994-11-12,Female,Widowed,2023-10-15
CUST_b2f4,Supasita Choeychuen,pakjirawasunun@gmail.com,08-9690-5621,4661 Chowitunkit Skyway Suite 033,Kumsoontornfurt,East Pakjiraport,84458,Eastern,1998-02-27,Female,Single,2025-10-19
CUST_f155,Apisara Wimolnot,tianvarichsarunporn@gmail.com,06-7578-2834,077 Thantananont Orchard,Port Puntira,East Pak,75387,Central,1998-10-28,Other,Other,2021-10-07
CUST_6b0c,Nutkrita Intaum,tunradee67@yahoo.com,06-3700-2982,394 Chaifah Pass,Chaihirankarntown,South Apisara,14834,Central,1997-01-05,Female,Single,2021-06-08
CUST_36b5,Parin Vethayasas,puntira70@gmail.com,08-9948-0426,373 Turongkinanon Glen Apt. 226,New Chalisaborough,Anekvorakulbury,38483,Northern,2000-11-01,Male,Other,2023-04-19
CUST_8f63,Apisara Wimolnot,pakjiraintaum@hotmail.com,09-1678-1390,62476 Charoensuksopol Fort Suite 524,Tunradeeview,South Sittikorn,66499,Central,2000-10-02,Female,Divorced,2026-01-27
CUST_c76b,Teetat Pikatsingkorn,sireelertchalisa@hotmail.com,08-8787-2043,7249 Kodchaporn Meadows Suite 974,North Supasitfort,West Chalisaview,95950,Eastern,2008-06-16,Other,Married,2021-01-16
CUST_d502,Pada Trikasemmart,pannawich67@yahoo.com,06-0329-0670,27592 Pianduangsri Land Suite 245,Pawanmouth,Sukhenaiberg,24480,Northeast,1987-08-26,Other,Widowed,2021-11-20
CUST_2291,Chalisa Posalee,jaruwankamalanon@yahoo.com,08-0156-1882,5466 Tianvarich Drives Apt. 261,North Prames,North Nutwadee,23023,Northern,2008-07-03,Other,Divorced,2026-05-10
CUST_316c,Pakjira Polauaypon,parin96@gmail.com,08-2995-4715,90888 Parin Throughway,East Apisara,East Suwijukfort,49524,Southern,2008-11-17,Male,Single,2024-04-12
CUST_66c3,Tunradee Lertsattayanusak,pattatomporn37@gmail.com,06-2686-5976,63686 Lertsattayanusak Place Apt. 972,South Parin,South Patchaployport,64106,Northeast,1994-02-20,Female,Other,2022-05-06
CUST_7501,Yanisa Norramon,chalisa98@yahoo.com,09-8113-7739,86676 Pintusorn Fall,Port Phubesport,Anonshire,35284,Northeast,1992-09-22,Other,Other,2023-08-26
CUST_12e4,Pintusorn Siripaiboo,supasita23@hotmail.com,09-3645-3109,204 Thantananont Roads Suite 921,North Padafort,Port Sorawutshire,15051,Northern,2000-11-13,Male,Other,2024-07-08
CUST_b7dd,Pintusorn Posalee,phenphitchasujjaboriboon@yahoo.com,09-7594-7734,1048 Chawin Locks,Anonburgh,New Pattapon,46317,Central,2006-06-14,Other,Married,2024-12-19
CUST_f091,Nutkrita Neerachapong,yada48@hotmail.com,08-1421-7060,736 Chayapat Grove Apt. 974,Pianduangsriport,Phubesport,34188,Northeast,1993-01-24,Male,Divorced,2024-01-07
CUST_89ca,Kulnun Polpo,polauayponpatchaploy@gmail.com,06-6232-2830,0536 Kumsoontorn Fields,Srisoontornville,Suraprachitville,79752,Northeast,1997-04-21,Male,Divorced,2023-03-24
CUST_13fa,Kunaporn Pitanuwat,chanyatungkasethakul@yahoo.com,09-7557-1746,11815 Supasit Park Suite 292,Pitipatmouth,Aunyapornview,28284,Northern,2000-08-07,Male,Single,2022-10-17
CUST_bb25,Nutcha Benchapatranon,wimolnotthanatcha@hotmail.com,09-3861-0234,561 Arisara Junction Suite 147,Port Jinjutaview,Port Apisara,89371,Northeast,1984-02-06,Male,Divorced,2022-07-18
CUST_f934,Atit Sujjaboriboon,pothanunchaiwut@gmail.com,06-6315-4462,0045 Pannawich Parkways Suite 251,Pramesview,West Nutwadeeshire,34792,Northern,2005-12-01,Female,Single,2024-03-11
CUST_476e,Pattatomporn Pianduangsri,kongsripakjira@yahoo.com,06-6481-7413,203 Prakalpawong Heights,East Kulnunborough,Sorattanachailand,58310,Central,2006-02-25,Female,Married,2024-05-14
CUST_9044,Prima Choeychuen,suwijukbenchapatranon@hotmail.com,08-6797-5335,40803 Parin Track,Port Pachongruk,Lake Chayanin,20474,Northern,2006-09-08,Female,Married,2025-11-01
CUST_b58e,Chanikan Trikasemmart,pannawich61@yahoo.com,08-8826-0132,76182 Chaifah Tunnel Apt. 073,West Peem,Atitbury,95715,Eastern,2004-12-27,Other,Married,2024-11-23
CUST_df44,Supasit Bunlupong,kunapornpothanun@hotmail.com,08-6770-1934,049 Atit Oval Suite 534,South Patchaploy,East Sittikornmouth,44220,Central,1982-04-04,Female,Married,2024-02-10
CUST_becd,Wassaya Tungkasethakul,phusilarungruengnoppakao@hotmail.com,06-3856-0306,1166 Methavorakul Forest,West Jaruwanstad,North Sitiwatbury,25610,Northern,2006-09-19,Male,Divorced,2025-01-22
CUST_24e9,Kulnun Suraprachit,flertsattayanusak@hotmail.com,09-6808-5305,11220 Srisoontorn Junction,Peemland,New Jitrin,08332,Central,1994-03-07,Female,Widowed,2022-05-25
CUST_9d05,Nutkrita Chomsri,tunchanok36@hotmail.com,06-2786-9705,352 Methavorakul Mountains Apt. 155,Lake Jitrin,East Atitfurt,98974,Northern,1994-09-04,Male,Married,2021-09-14
CUST_216b,PO 1 Supasita Posalee,pasukpatcharaporn@hotmail.com,08-1608-7312,7463 Tungkasethakul Passage Suite 372,Pakfort,East Tunchanok,09420,Eastern,1997-09-15,Female,Divorced,2023-12-26
CUST_3082,Teetat Posalee,oturongkinanon@gmail.com,06-2180-9698,84145 Pornchanok Row Suite 286,West Supasithaven,Kodchapornhaven,98459,Central,1995-09-27,Female,Widowed,2025-08-24
CUST_20bb,Sarunporn Prachayaroch,prayoonhongsupasit@hotmail.com,09-3782-8709,7837 Apisara Spur Apt. 034,Arisarabury,Pongpanitchhaven,67066,Central,1996-02-04,Female,Widowed,2023-05-23
CUST_718e,Chaiwut Matinawin,suwijukhabpanom@hotmail.com,09-8127-1936,903 Kunaporn Valleys,Losatapornpipitchester,Lake Kodchapornton,63280,Northern,2001-08-06,Male,Other,2024-03-25
CUST_0645,Atit Tungkasethakul,sorattanachaichawin@yahoo.com,09-2655-3091,811 Norramon Hill,Choeychuenview,Kunapornstad,01001,Central,1990-05-27,Other,Divorced,2024-11-20
CUST_0300,Chayanin Kitprapa,pawan42@yahoo.com,06-4554-2941,070 Bunlupong River,Anontown,Lake Kulnunview,68327,Northern,1993-07-02,Male,Divorced,2025-04-23
CUST_5f5d,Nattawun Prayoonhong,kongchayasukawutyada@gmail.com,09-4158-0284,810 Pannawich Coves,North Kunaporn,Lake Phubes,06694,Central,2001-07-03,Female,Widowed,2024-08-17
CUST_ceb0,Teetat Sujjaboriboon,nutwadeesukhenai@hotmail.com,09-6577-2200,345 Chayapat Mountain,Yanisaburgh,Nutkritaside,36662,Western,1993-03-06,Female,Single,2021-01-26
CUST_32f8,Jinjuta Thantananont,vpolauaypon@yahoo.com,09-3863-7283,71829 Chomsri Circles,Nutwadeetown,Sittikornview,75514,Northern,2007-02-27,Other,Married,2022-11-08
CUST_a331,Parin Youprasert,pattatompornintaum@yahoo.com,06-0468-3471,23389 Posalee Square Suite 709,South Jitrin,East Kunaporn,80669,Eastern,2003-08-21,Female,Single,2024-11-10
CUST_098f,Thanatcha Pasuk,pannawich02@gmail.com,06-1634-3360,280 Chalisa Gateway,Yadaburgh,Yanisaport,90171,Eastern,2008-01-19,Male,Widowed,2023-05-05
CUST_f548,FS 3 Apisara Bunlupong,darinbunlerngsri@hotmail.com,09-8970-8016,92261 Chawin Center,New Chanyaburgh,Pattaponstad,30622,Central,1995-05-25,Male,Widowed,2025-12-04
CUST_2f14,Thanatcha Youprasert,spolpo@hotmail.com,06-6978-6933,7406 Habpanom Junction Apt. 964,Padaton,Supasitaport,14566,Western,2003-08-09,Female,Divorced,2024-07-06
CUST_4a7a,PHRAKHU DHAMMADHORN Chaifah Intaum,pintusornpongpanitch@gmail.com,09-6852-0726,3624 Pak Freeway Apt. 511,Pikatsingkornville,Pasukside,15367,Central,2007-03-14,Other,Other,2023-02-23
CUST_07e5,ACM Kulnun Pichpandecha,dbenchapatranon@hotmail.com,06-1316-5604,23350 Vethayasas Extensions Apt. 482,Kulnunchester,Todsawunberg,24033,Northern,1999-11-20,Other,Other,2024-05-05
CUST_8ca0,Kodchaporn Wasunun,supasit10@gmail.com,08-8936-4974,52642 Pattamon Underpass,Permchartland,Sooksawangmouth,21601,Western,1997-04-27,Other,Single,2023-06-06
CUST_151a,Sarunporn Charoensuksopol,pattapon32@gmail.com,09-7190-7937,2978 Todsapornpitakul Extension,Kitprapabury,North Jitrinhaven,58566,Northeast,2005-01-14,Other,Single,2025-04-03
CUST_d58c,Prima Benchapatranon,pattamon98@yahoo.com,09-5516-1880,507 Patchaploy Ville,South Noppakao,Posaleeland,44903,Northern,2001-06-22,Female,Married,2021-06-11
CUST_264b,S M 1 Tunchanok Thantananont,pikatsingkornkulnun@gmail.com,09-9923-0348,898 Posalee Run,Chanyaburgh,New Patchaployton,57856,Central,1982-11-19,Male,Divorced,2022-08-04
CUST_94c0,Jaruwan Vinyuvanichkul,zpothanun@hotmail.com,09-6619-1216,90098 Prachayaroch Ridge,Kunapornberg,East Jaruwan,58234,Northern,1994-03-15,Female,Single,2022-02-24
CUST_fa8e,Chanikan Chaisatit,vphusilarungrueng@gmail.com,09-2495-5999,9323 Anekvorakul Forest,Lake Chanikan,North Phenphitcha,16152,Northern,2001-05-12,Female,Widowed,2024-06-13
CUST_bc61,Pada Suraprasert,chaifah39@gmail.com,06-9006-8075,5558 Pada Ferry Apt. 457,South Kamolchanok,Port Pramestown,26655,Northern,1999-03-01,Female,Divorced,2025-07-17
CUST_75f2,Noppakao Anekvorakul,yturongkinanon@hotmail.com,09-1441-0220,541 Sorattanachai Oval Apt. 625,West Wassayaside,Surapraserthaven,30743,Western,1994-11-13,Female,Married,2024-06-27
CUST_de4a,Kunaporn Kumsoontorn,wassayakrittayanukoon@yahoo.com,09-7344-6318,5421 Benchapatranon Rapids,Port Suwijukburgh,Teetatmouth,73949,Northeast,1996-10-25,Female,Other,2023-11-13
CUST_a560,Chawin Permchart,wannapaitoonsrinutwadee@yahoo.com,08-3992-3270,14210 Norramon Corners Apt. 103,Atitport,Tungkasethakulmouth,23729,Northern,1999-11-21,Female,Other,2024-04-13
CUST_15c3,Patcharaporn Charoensuksopol,pakanekvorakul@gmail.com,09-5927-7183,4178 Pongpanitch Green Apt. 283,Lake Jinjutastad,South Pachongruk,48566,Central,2008-09-23,Female,Divorced,2026-05-20
CUST_1e37,Supasita Lertsattayanusak,sorawut36@yahoo.com,06-4498-3051,6016 Krittayanukoon Walks Apt. 298,Wasinfort,West Phenphitcha,49129,Central,1992-10-17,Male,Married,2025-01-01
CUST_7d03,CDR Chaifah Benchapatranon,gtungkasethakul@yahoo.com,08-4433-7163,9936 Losatapornpipit Meadow Apt. 731,Youprasertborough,West Nutchastad,56568,Central,1990-05-05,Male,Other,2021-05-10
CUST_b44a,Sarunporn Kumsoontorn,youprasertsarunporn@gmail.com,09-1104-9256,6480 Wassaya Fort,Pothanunfort,Prachayarochfort,09494,Central,2001-01-02,Female,Widowed,2024-09-26
CUST_2794,FLG OFF Tunradee Pasuk,kodchaporn92@gmail.com,09-2491-5620,62880 Tianvarich Stravenue Apt. 994,South Chawin,North Pitipat,89670,Northern,1990-04-04,Male,Divorced,2023-02-28
CUST_7875,Apisara Wimolnot,jpikatsingkorn@hotmail.com,08-0753-1234,2198 Chaifah Brooks,South Supasita,Patchaploystad,59224,Central,2007-08-15,Other,Married,2026-02-01
CUST_6e82,POL SGT MAJ Niracha Kongsri,losatapornpipitpakjira@yahoo.com,09-0187-4362,128 Chaifah Cape Apt. 763,Noppakaoview,East Wasin,99163,Central,1995-02-03,Other,Widowed,2023-05-06
CUST_d197,Sitiwat Vethayasas,chayaninkitprapa@yahoo.com,08-2928-2352,0282 Todsawun Route Suite 857,Boonpungbarameeville,Lake Pannawichtown,67105,Northern,1992-05-07,Other,Single,2025-12-18
CUST_45a6,SUB LT Teetat Vinyuvanichkul,jinjuta20@hotmail.com,08-1408-3830,368 Wasin Spurs Suite 742,Permchartbury,Kamalanonfurt,66333,Central,2000-06-18,Other,Divorced,2023-05-12
CUST_a49c,Patchaploy Benchapatranon,pannawichtitipatrayunyong@hotmail.com,06-0401-7339,9718 Chalisa Parkway Suite 193,Wasununburgh,East Todsawunstad,13212,Northern,1997-10-05,Female,Divorced,2026-03-07
CUST_afdc,Yada Krittayanukoon,habpanompitipat@hotmail.com,06-0347-6859,759 Prames Square Suite 588,Suvakitborough,Phenphitchaview,12661,Northern,1986-02-04,Other,Divorced,2023-06-14
CUST_890f,Suvakit Chaisatit,bneerachapong@hotmail.com,09-7425-0526,22078 Pothanun Creek,Pawanside,Matinawinbury,21466,Central,2000-12-16,Other,Married,2024-07-22
CUST_3da0,Suvakit Boonpungbaramee,ewasunun@hotmail.com,06-7901-6796,5658 Bunlerngsri Harbor Apt. 892,East Wasin,Chowitunkitfort,40320,Eastern,1993-06-18,Male,Married,2024-01-21
CUST_f1f9,Tunradee Sorattanachai,prakalpawongpattatomporn@gmail.com,09-2461-5671,61354 Kamolchanok Lights Suite 597,East Chayaninshire,Chowitunkitview,68682,Central,1997-01-02,Male,Married,2026-05-01
CUST_e319,Parin Neerachapong,teetat57@hotmail.com,08-8582-6477,10707 Sorattanachai Cliffs,North Nattawun,Anekvorakulside,60300,Central,2007-03-23,Other,Other,2023-09-09
CUST_c82e,Sorawut Vethayasas,vinyuvanichkultunradee@yahoo.com,06-5691-0422,803 Turongkinanon Trail Apt. 851,Lake Nichakarn,Sukhenaitown,66607,Northern,1997-09-13,Male,Other,2024-02-15
CUST_0255,Chayapat Vethayasas,pvethayasas@yahoo.com,08-0837-9156,715 Pada Grove,New Jitrin,South Supasit,85593,Central,1995-01-04,Female,Widowed,2024-12-27
CUST_c1ac,Chalisa Kumsoontorn,chanikanpitanuwat@gmail.com,06-3807-5604,742 Niracha Fork,South Chayapattown,Port Jinjutaport,18471,Northern,2000-06-10,Other,Other,2024-07-08
CUST_06df,Arisara Turongkinanon,pachongruk49@gmail.com,06-8471-8580,503 Pianduangsri Plaza Suite 827,South Chawin,Port Prima,78869,Southern,1986-10-01,Female,Divorced,2021-01-11
CUST_72fe,Chayanin Boonpungbaramee,benchapatranonchanya@hotmail.com,08-4673-5048,731 Sittikorn Isle Suite 877,Nichakarnshire,Pakborough,32372,Northern,2004-07-22,Male,Other,2025-09-11
CUST_05d1,Pornchanok Methavorakul,wasinchaihirankarn@yahoo.com,09-0514-8102,2670 Prakalpawong Walks,Turongkinanonmouth,Chalisastad,85570,Northern,2000-04-13,Other,Widowed,2022-11-25
CUST_d58a,SEA-MAN Peem Losatapornpipit,chaifah89@yahoo.com,09-1977-1345,6247 Pongpanitch Field,North Tunchanok,Pikatsingkornside,17024,Western,1992-05-01,Female,Married,2022-01-22
CUST_5966,Nutkrita Phusilarungrueng,pachongruk64@yahoo.com,09-4893-1929,42853 Pannawich Court Suite 184,Lake Arisarafort,Lake Sitiwatchester,42023,Central,1983-12-16,Female,Divorced,2022-09-23
CUST_ad72,Prima Phusilarungrueng,posaleejinjuta@hotmail.com,06-0299-6278,1192 Intaum Coves Suite 164,Port Kunapornfurt,Todsawunfurt,41700,Northeast,1992-12-01,Other,Married,2025-07-26
CUST_ac30,Wassaya Prayoonhong,posaleejaruwan@hotmail.com,06-9919-3376,37583 Chaifah Ville,Lake Chawin,Sujjaboriboonville,07534,Central,2002-01-10,Female,Widowed,2024-02-02
CUST_2bd5,Jaruwan Pichpandecha,bprakalpawong@gmail.com,08-5075-5014,7631 Pada Rue Apt. 100,Nutkritaberg,Prachayarochport,93919,Central,1995-04-27,Male,Divorced,2024-10-26
CUST_2b1d,POL LT COL Chaiwut Sireelert,pornchanokboonpungbaramee@yahoo.com,09-1259-5993,7347 Chaifah Forest,Pakchester,Jinjutaborough,76587,Central,1991-12-01,Male,Divorced,2024-05-06
CUST_ef37,Teetat Chowitunkit,jchowitunkit@gmail.com,06-3385-6598,2197 Chowitunkit Streets,Kunapornchester,Kumsoontornland,76334,Central,1990-11-04,Female,Widowed,2024-08-18
CUST_2e33,Wassaya Krittayanukoon,vethayasaswassaya@gmail.com,09-1320-5786,9350 Arisara Via,Lake Suvakitstad,South Pornchanokside,32062,Central,2003-03-04,Female,Widowed,2025-08-22
CUST_8c75,POL CAPT Nutwadee Losatapornpipit,darin72@gmail.com,06-8634-0673,9965 Prayoonhong Circles,Kamalanonfort,Siripaiboostad,51910,Southern,2000-05-18,Other,Single,2024-05-12
CUST_0c6c,MAJ Jinjuta Habpanom,pattaponmethavorakul@yahoo.com,08-0080-8680,2599 Chayapat Locks,East Chaifahmouth,Nirachastad,46391,Central,2003-04-12,Other,Married,2024-02-09
CUST_a284,Pattapon Vethayasas,teetat84@yahoo.com,06-5131-9206,8846 Suraprachit Fork Apt. 552,Polpoburgh,Pasukberg,69791,Central,2002-08-27,Female,Married,2024-05-28
CUST_4ddb,Chayapat Turongkinanon,chaiwutmethavorakul@yahoo.com,08-2318-6343,6958 Patchaploy View,South Chayanin,Prameston,20105,Central,1993-08-15,Other,Single,2023-03-11
CUST_28aa,Pintusorn Pianduangsri,pattaponhabpanom@gmail.com,06-2981-0866,85138 Titipatrayunyong Parks,Neerachapongfort,Losatapornpipitview,12953,Central,1992-12-17,Other,Other,2024-05-09
CUST_ad71,Chanikan Pichpandecha,xpianduangsri@yahoo.com,08-8971-4747,44202 Sorawut Wells Apt. 218,Chomsritown,New Pannawich,74483,Northern,2002-08-03,Female,Married,2024-04-27
CUST_49aa,Yanisa Tungkasethakul,habpanomsittikorn@gmail.com,08-8648-3753,5624 Pattatomporn Heights,Lake Noppakaoview,North Todsawunshire,25909,Northeast,1999-08-13,Other,Married,2025-09-16
CUST_bc32,Pak Charoensuksopol,pattatomporn33@hotmail.com,06-7627-2767,460 Puntira Plaza Apt. 791,Chaifahland,Youprasertport,10195,Western,1990-10-14,Male,Widowed,2024-02-12
CUST_e1e0,Apisara Pitanuwat,pornchanokhabpanom@hotmail.com,06-4099-0509,300 Phubes Motorway Suite 991,Padabury,Port Nirachabury,54880,Eastern,2006-06-23,Male,Other,2026-05-17
CUST_4c00,Yanisa Titipatrayunyong,supasitaanekvorakul@gmail.com,09-9675-5250,58344 Vethayasas Rapid Apt. 517,Sorattanachaimouth,Wannapaitoonsriberg,09780,Southern,2003-10-19,Female,Single,2024-10-14
CUST_a3a6,Suwijuk Suraprachit,pattatomporn55@gmail.com,08-8173-8405,694 Pitanuwat Estates Suite 226,Thantananontshire,Pawanview,60856,Northern,2000-08-10,Other,Married,2023-09-18
CUST_703d,Supasit Pasuk,pattamon28@yahoo.com,08-1703-2325,293 Tunradee Knoll Suite 616,Port Ratchanonchester,New Chanyashire,49928,Northeast,1992-04-13,Female,Divorced,2026-01-04
CUST_3325,Arisara Vethayasas,matinawinprames@yahoo.com,08-0824-7745,7747 Chaiwut Dale,North Suvakit,South Nutchaberg,68055,Central,2003-09-23,Female,Divorced,2025-11-14
CUST_6773,Arisara Pikatsingkorn,tpothanun@gmail.com,08-0697-6532,8114 Pichpandecha Villages,North Suwijuk,Benchapatranonside,40128,Central,2002-06-21,Male,Single,2024-12-10
CUST_a7b2,Chanikan Sireelert,nvethayasas@yahoo.com,08-9917-2190,350 Pawan Mission Suite 000,Port Kulnunside,East Atit,13861,Northern,1993-08-19,Male,Single,2024-12-07
CUST_ce77,Kamolchanok Polauaypon,sorattanachaianon@gmail.com,08-9790-6979,4712 Prachayaroch Rapids,Sireelertborough,Ratchanonstad,72308,Central,1994-06-01,Female,Divorced,2021-03-01
CUST_c695,Nutkrita Trikasemmart,chomsriwassaya@yahoo.com,08-6174-5149,842 Supasita Mountains Suite 821,Pannawichfort,New Nutchastad,18725,Central,1991-07-18,Male,Divorced,2026-03-20
CUST_67a8,Sorawut Tianvarich,kitprapachaiwut@hotmail.com,08-5805-6559,58609 Anon Mountain Apt. 694,Port Phubesview,Suraprasertmouth,63393,Eastern,2008-04-18,Other,Other,2021-09-12
CUST_fdfb,Prima Turongkinanon,wannapaitoonsriprima@gmail.com,06-7625-7352,1767 Pak Village Apt. 665,Port Sorawut,Puntiramouth,24016,Northeast,1999-09-23,Male,Married,2025-04-25
CUST_297c,CPO 2 Suwijuk Lertsattayanusak,nattawunwimolnot@yahoo.com,09-6246-4126,785 Boonpungbaramee Vista,Matinawinview,Chayaninstad,89182,Central,1995-01-25,Female,Single,2023-01-14
CUST_8e10,Aunyaporn Sireelert,patchaploy43@yahoo.com,08-4537-2173,413 Parin Springs Suite 760,Yanisachester,East Puntirachester,75507,Northern,1984-02-27,Female,Married,2023-05-13
CUST_a1af,Nattawun Suraprasert,ochaihirankarn@hotmail.com,06-1388-6927,7058 Trikasemmart Inlet Apt. 186,Kongchayasukawuthaven,Pichpandechaview,82564,Northeast,1996-05-23,Male,Divorced,2021-12-11
CUST_bf00,S M 2 Jinjuta Permchart,sittikorn02@hotmail.com,06-5193-6105,6851 Nutwadee Turnpike Apt. 588,Lake Kamolchanok,Lake Pachongruk,97132,Northern,1984-10-02,Female,Married,2023-08-16
CUST_029b,Nutcha Chowitunkit,chowitunkitphubes@gmail.com,08-6843-0748,29629 Thantananont Highway Suite 456,Port Kunapornchester,Chaifahside,15254,Eastern,2000-04-14,Male,Widowed,2024-04-19
CUST_aaf1,Pak Charoensuksopol,pichpandechachaifah@yahoo.com,08-7006-5406,089 Pattatomporn Parkway Apt. 621,North Prames,Port Chawinville,84436,Central,2002-12-17,Female,Divorced,2022-07-06
CUST_5003,Nichakarn Siripaiboo,trikasemmartnutkrita@gmail.com,06-6213-2964,55498 Pikatsingkorn Ports Suite 345,North Pitipat,Pothanunhaven,66298,Northern,1990-07-26,Female,Widowed,2026-02-04
CUST_5a86,Prima Bunlerngsri,kulnun55@gmail.com,09-3331-3585,42633 Wassaya Knoll Suite 456,Sittikornside,North Aunyaporn,13959,Central,2004-04-20,Female,Married,2024-04-11
CUST_96ce,Pak Suraprachit,pbunlupong@gmail.com,09-5816-0935,40288 Supasit Meadow Apt. 607,Lake Pannawich,Kunapornhaven,88078,Northern,1997-05-04,Other,Widowed,2022-07-18
CUST_45c2,Kodchaporn Charoensuksopol,noppakao05@hotmail.com,09-7546-6271,453 Sorawut Crest,North Pornchanokborough,North Chanikan,54423,Northern,2000-12-11,Female,Widowed,2021-08-23
CUST_e453,FS 1 Parin Kittakun,chanya26@gmail.com,09-1323-6239,20519 Pada Expressway,Padaport,South Yada,05752,Central,1980-11-01,Male,Single,2023-06-22
CUST_a931,Pornchanok Pianduangsri,kamolchanok74@hotmail.com,08-4223-7795,58105 Wimolnot Mountain,Pongpanitchside,North Padafurt,77567,Northeast,2007-05-24,Other,Single,2024-04-27
CUST_545b,Chaifah Kongchayasukawut,kunapornhabpanom@hotmail.com,08-7601-6465,567 Noppakao Square,North Sittikorn,Kittakunville,77917,Central,2007-01-10,Female,Married,2024-02-03
CUST_d377,Tunchanok Sujjaboriboon,pattatomporn34@yahoo.com,09-9639-3406,99948 Phusilarungrueng Prairie,Port Yadaside,Lake Pannawich,73560,Northeast,1989-07-09,Male,Single,2026-01-21
CUST_e7fd,Wasin Losatapornpipit,vethayasastunchanok@gmail.com,06-6952-0617,244 Supasit Lodge Apt. 973,Nattawunberg,Pianduangsriborough,43766,Western,1999-09-01,Female,Married,2026-01-24
CUST_b669,Nutkrita Kongsri,pattamonkitprapa@yahoo.com,08-7566-5362,23343 Anon Spurs Apt. 928,East Aunyapornton,Charoensuksopolberg,12185,Southern,2003-10-11,Female,Married,2025-09-19
CUST_7e8d,Apisara Benchapatranon,vethayasaschaifah@yahoo.com,09-4053-9343,6642 Turongkinanon Stravenue,North Sitiwat,South Tunradeeshire,98406,Southern,2003-04-16,Other,Other,2023-05-28
CUST_e06a,Chanikan Chaihirankarn,pada67@gmail.com,08-7399-3849,87892 Prima Terrace Suite 119,South Aunyapornfort,North Nutcha,74087,Northern,1998-11-15,Female,Other,2023-03-25
CUST_ac8a,Peem Pikatsingkorn,pada64@hotmail.com,06-7347-5091,0731 Ratchanon Forge,Habpanommouth,Charoensuksopolland,78616,Southern,1996-09-21,Male,Widowed,2024-02-23
CUST_000e,Prima Boonpungbaramee,bunlupongchanikan@hotmail.com,08-1619-4219,1244 Youprasert Spur,Supasitamouth,Chawinfort,53504,Central,1990-07-19,Male,Single,2024-07-03
CUST_8374,Arisara Pikatsingkorn,lbunlerngsri@gmail.com,06-4986-5474,472 Noppakao Crossing Apt. 751,Turongkinanonchester,Titipatrayunyongberg,87144,Central,1991-11-03,Other,Divorced,2025-04-16
CUST_c79f,Pitipat Wasunun,teetat89@yahoo.com,09-5122-6449,8003 Methavorakul Locks,Nirachamouth,Ratchanonville,49076,Northern,2006-03-11,Male,Widowed,2023-06-25
CUST_5464,Peem Sittisaowapak,pattapon48@hotmail.com,06-3738-2067,789 Krittayanukoon Common,Parinville,Port Peemmouth,66239,Northern,1998-06-22,Other,Other,2024-02-16
CUST_5f54,Noppakao Kongchayasukawut,puntiravethayasas@hotmail.com,09-6086-3577,9655 Kumsoontorn Villages Apt. 932,Port Supasit,Lake Pada,55440,Central,2005-03-19,Other,Divorced,2026-04-21
CUST_b006,POL CONST Darin Posalee,jsukhenai@yahoo.com,08-8149-5189,481 Chaiwut Forges,Kulnuntown,West Peem,11656,Central,2008-06-14,Female,Married,2026-04-20
CUST_571a,Apisara Habpanom,tunradee92@yahoo.com,06-9453-4669,564 Polpo Mills Apt. 726,East Kamolchanok,West Patcharaporn,68438,Central,1994-06-18,Female,Widowed,2021-10-18
CUST_d777,Pak Bunlerngsri,peemmethavorakul@gmail.com,06-7603-6980,160 Chaisatit Roads,Port Pachongrukberg,Methavorakulhaven,59707,Northern,1993-11-01,Other,Single,2026-02-21
CUST_5e25,Tunchanok Chowitunkit,anekvorakulsuvakit@gmail.com,09-6823-0548,688 Permchart Squares,Anekvorakulland,New Sitiwatmouth,20606,Central,1994-06-13,Other,Single,2022-06-03
CUST_6cf0,LT Pakjira Sukhenai,puntira17@yahoo.com,08-6463-1829,901 Pichpandecha Mission Suite 742,Chalisamouth,New Pachongruk,19137,Central,2007-04-24,Male,Other,2024-08-16
CUST_8402,Pattamon Wannapaitoonsri,chawinsorattanachai@gmail.com,08-2639-5531,9894 Aunyaporn Square,Peemfurt,East Tunchanokmouth,64331,Northern,1998-09-20,Other,Single,2021-11-10
CUST_75aa,Pannawich Matinawin,nutchapermchart@hotmail.com,08-4580-0439,9786 Tunchanok Drive Suite 811,Sittikornfurt,Jinjutaview,23716,Northeast,1988-02-16,Other,Single,2026-05-02
CUST_b872,Niracha Trikasemmart,pikatsingkornpatchaploy@gmail.com,09-6628-3261,3425 Darin Crossroad Apt. 388,Kongsristad,East Yada,58166,Northeast,1995-08-19,Female,Other,2024-09-08
CUST_7462,Suwijuk Benchapatranon,kittakunsupasita@hotmail.com,09-0997-4031,3480 Pada Square,South Nutcha,West Nutcha,59963,Central,2007-06-26,Other,Married,2026-03-06
CUST_eb49,Yada Pianduangsri,thanatchakumsoontorn@hotmail.com,06-7254-5263,47070 Sorattanachai Locks Suite 226,Pannawichmouth,Lake Atit,09254,Northeast,2007-03-19,Other,Other,2024-08-28
CUST_dccf,Suwijuk Siripaiboo,pramessiripaiboo@gmail.com,06-1412-1968,148 Krittayanukoon Prairie Suite 685,Parinview,Suraprachitstad,19305,Northern,1987-09-25,Male,Married,2025-07-20
CUST_3b61,Pak Neerachapong,mpianduangsri@hotmail.com,08-4802-9591,989 Nutkrita Highway Apt. 783,Vinyuvanichkulberg,Trikasemmartton,66113,Central,2000-05-25,Female,Widowed,2024-11-15
CUST_6a9e,Puntira Srisoontorn,rpitanuwat@gmail.com,09-8461-3931,9360 Sarunporn Fork Apt. 970,East Chayanintown,Kongchayasukawutside,58184,Northeast,1990-07-09,Male,Widowed,2025-01-04
CUST_5d98,Chawin Matinawin,neerachapongnoppakao@hotmail.com,09-3592-6302,14862 Wasin Inlet,Losatapornpipitborough,South Supasita,51487,Northern,1989-04-12,Other,Other,2021-08-06
CUST_6642,Chanikan Permchart,anekvorakulpattapon@gmail.com,09-5591-1001,33229 Kongchayasukawut Pine Suite 935,Port Primaport,Lake Kulnun,33348,Central,1996-06-01,Female,Other,2023-10-20
CUST_86c7,Chaiwut Prayoonhong,nutcha50@hotmail.com,06-5390-8838,94660 Kamolchanok Manors,Port Nutkrita,Phenphitchaberg,96601,Central,1990-06-27,Other,Single,2026-02-23
CUST_264c,Chaifah Todsapornpitakul,bbenchapatranon@gmail.com,06-8993-7483,31007 Parin Mission,Tungkasethakulfurt,Atitborough,83854,Western,1997-12-26,Female,Other,2025-10-27
CUST_9d2b,Chawin Prachayaroch,noppakaopasuk@hotmail.com,06-1088-1395,3547 Pothanun Well Apt. 477,East Pitipat,New Kunapornmouth,25335,Central,2007-02-10,Male,Widowed,2023-01-03
CUST_de57,M L Pak Boonpungbaramee,epolauaypon@yahoo.com,06-5334-2754,41160 Pitipat Alley Suite 934,New Patchaploytown,Kamalanonbury,54541,Northern,1997-10-16,Male,Other,2023-06-13
CUST_5064,Kamolchanok Chowitunkit,pakkamalanon@gmail.com,08-4881-4739,231 Charoensuksopol Rest Apt. 694,South Arisarastad,Thantananontberg,99314,Northern,1992-03-01,Male,Widowed,2023-08-20
CUST_7289,Noppakao Intaum,jaruwansittisaowapak@hotmail.com,08-7502-1174,32786 Supasit Heights Apt. 079,South Pintusorn,Suraprachitberg,35793,Northern,2007-11-03,Female,Divorced,2021-09-22
CUST_036d,Chawin Boonpungbaramee,parin39@yahoo.com,08-9523-7724,40091 Yanisa Path Suite 311,Todsawunland,Wannapaitoonsrifurt,68562,Central,1986-11-02,Female,Single,2024-05-06
CUST_0d9f,Sorawut Polpo,wasinkongchayasukawut@hotmail.com,09-4722-8135,20421 Srisoontorn Inlet Suite 826,Pintusornberg,New Tunradee,23177,Northeast,1995-11-16,Female,Divorced,2024-08-21
CUST_53ac,Jinjuta Prachayaroch,thanatchasittisaowapak@gmail.com,09-8344-3370,80763 Siripaiboo Alley,Port Sittikornstad,Srisoontornside,52826,Eastern,1996-12-09,Male,Divorced,2024-07-26
CUST_e9df,Pornchanok Posalee,pitipat70@hotmail.com,09-0893-0608,5112 Todsapornpitakul Islands Apt. 203,North Pannawichstad,Pothanunfort,73935,Northern,1988-08-04,Male,Divorced,2026-03-19
CUST_d0b7,CPO 1 Supasit Chomsri,pada85@yahoo.com,08-1699-6507,4530 Kongsri Brooks,Nichakarnfurt,West Pintusorn,35492,Central,1985-06-07,Other,Widowed,2025-12-20
CUST_14c4,Atit Polpo,suwijuk02@yahoo.com,09-0494-5644,08652 Nutcha Center Apt. 405,Lake Sorawut,South Chawin,06321,Northern,1991-11-13,Other,Other,2022-01-26
CUST_7f46,Sorawut Todsapornpitakul,aunyaporn67@hotmail.com,09-8706-1090,353 Nattawun Vista Suite 974,Lake Tunchanok,North Yanisatown,92103,Northeast,2007-05-12,Male,Widowed,2024-04-19
CUST_768b,PHRAPALAD Pattamon Vinyuvanichkul,ahabpanom@hotmail.com,08-0320-7856,2519 Kamalanon Ville,Kitprapaburgh,Kodchapornborough,60871,Northern,2004-04-04,Female,Married,2024-01-05
CUST_1a5a,Wassaya Tungkasethakul,trikasemmartpatchaploy@hotmail.com,09-6180-8385,72754 Niracha Meadows,Boonpungbarameehaven,Sittikornview,54040,Northern,2001-08-18,Male,Divorced,2022-03-15
CUST_c339,Wasin Kittakun,bunlerngsriarisara@gmail.com,09-9209-1648,69281 Turongkinanon Underpass Apt. 781,Lake Chanyaland,Port Aunyaporn,82499,Central,2006-06-24,Male,Married,2024-03-06
CUST_673c,Puntira Prachayaroch,aprachayaroch@hotmail.com,09-8727-1328,33315 Sittikorn Ford Suite 442,Apisaraview,South Wasinland,96735,Northeast,1992-06-13,Female,Widowed,2023-05-27
CUST_cad4,Pattatomporn Kamalanon,kamolchanok58@hotmail.com,08-1407-7502,0207 Nattawun Extensions Apt. 505,North Noppakao,South Sarunpornport,43725,Northern,1990-04-25,Male,Divorced,2022-03-11
CUST_a1ee,Sittikorn Thantananont,norramonprames@yahoo.com,09-3593-6175,07053 Vethayasas Mews Suite 256,Lake Yada,Chaihirankarnborough,93988,Central,2000-06-05,Female,Widowed,2025-05-28
CUST_cabb,Phubes Benchapatranon,kumsoontornpakjira@yahoo.com,06-1258-4512,93664 Pongpanitch Row Suite 351,Habpanomfurt,East Padamouth,13378,Northern,2006-02-13,Female,Single,2024-02-28
CUST_7ac0,Chanikan Sorattanachai,pboonpungbaramee@yahoo.com,06-9204-5146,5083 Pornchanok Streets Apt. 789,Lake Tunchanok,Port Teetat,17414,Northern,1989-11-03,Male,Married,2025-11-22
CUST_8b6e,Peem Sukhenai,chayanin89@hotmail.com,09-9276-0797,74685 Aunyaporn Lake Apt. 049,Todsapornpitakulbury,Lake Atit,81145,Southern,1996-04-25,Female,Widowed,2023-03-23
CUST_28c5,Aunyaporn Wasunun,nutwadee25@gmail.com,08-6149-6187,152 Kamalanon Fords Apt. 398,Wimolnotville,Chaifahburgh,63500,Northern,1992-02-06,Female,Divorced,2023-06-07
CUST_4601,Chaifah Permchart,pitipat40@hotmail.com,08-9424-5597,73817 Pawan Flats,Chayaninmouth,Padaport,25573,Northern,2000-03-03,Male,Married,2025-05-03
CUST_0200,Pannawich Pasuk,zsrisoontorn@yahoo.com,09-3198-1083,774 Pikatsingkorn Plains,New Chaiwutshire,Choeychuenton,01351,Central,1998-08-16,Male,Married,2023-03-19
CUST_e260,Pintusorn Phusilarungrueng,stianvarich@yahoo.com,06-2358-2436,08011 Chalisa Park Apt. 862,East Arisara,Port Wasin,20345,Central,2003-06-25,Other,Single,2023-10-14
CUST_be06,Prima Chaisatit,polauayponpattamon@gmail.com,09-1730-1438,73509 Kongsri Village Suite 314,West Sarunporn,Patcharapornfort,63611,Central,1993-12-02,Other,Widowed,2023-07-10
CUST_3bff,Parin Choeychuen,pitipatyouprasert@hotmail.com,09-0899-6646,539 Benchapatranon Burgs,North Nichakarnview,Padabury,97624,Northern,1998-03-21,Other,Other,2022-07-12
CUST_b830,Prima Kamalanon,prayoonhongatit@yahoo.com,06-1672-7235,808 Parin Prairie,Pattaponmouth,Port Teetat,52398,Northern,1998-08-20,Male,Married,2022-04-24
CUST_b847,Patcharaporn Sireelert,rsuraprasert@yahoo.com,06-5522-3746,0986 Vethayasas Village Suite 246,East Kamolchanok,West Chaiwut,96911,Western,1985-02-18,Male,Married,2022-03-15
CUST_ea20,Pannawich Chaisatit,methavorakultunchanok@yahoo.com,08-3806-2007,1164 Matinawin Views Suite 414,East Pawanmouth,West Arisarashire,74561,Central,1997-01-02,Female,Widowed,2024-01-05
CUST_d5dd,Sorawut Benchapatranon,pitipat02@hotmail.com,06-5217-3499,97670 Pannawich Summit Apt. 821,South Chanikanton,East Pakjira,57223,Central,2008-02-21,Female,Married,2023-10-20
CUST_9010,LAC Pattamon Todsapornpitakul,sitiwat93@hotmail.com,06-9560-4180,9822 Pitanuwat Harbor Suite 328,Polauayponstad,Srisoontornfurt,53301,Southern,1986-10-03,Female,Single,2025-04-20
CUST_6355,Phenphitcha Sireelert,dboonpungbaramee@hotmail.com,09-5262-2133,3090 Prayoonhong Harbors Suite 840,Port Chayapatshire,New Apisaramouth,31966,Central,1999-02-21,Other,Divorced,2026-01-19
CUST_1146,MAJ GEN Kunaporn Vethayasas,hsiripaiboo@hotmail.com,08-5980-3232,64754 Phenphitcha Trace Suite 281,Kitprapafurt,Lake Pak,91706,Central,2003-01-07,Male,Divorced,2024-11-27
CUST_ea9e,Chanya Methavorakul,chomsriratchanon@hotmail.com,06-4282-9864,19494 Pothanun Inlet Suite 301,Sorattanachaimouth,Lake Chaiwutborough,06809,Northeast,2008-11-24,Other,Widowed,2022-12-09
CUST_9203,Prames Pitanuwat,gtodsapornpitakul@gmail.com,08-5422-7577,216 Nattawun Causeway Suite 362,Vethayasaschester,Kittakunstad,70152,Northern,1984-03-04,Other,Other,2024-03-11
CUST_3591,Sarunporn Sooksawang,tsittisaowapak@gmail.com,08-8935-4174,6348 Wasunun Drive,Wasununshire,East Chayanin,87282,Central,1998-01-19,Female,Other,2021-06-07
CUST_dbba,Chaiwut Todsapornpitakul,rcharoensuksopol@hotmail.com,09-7789-5837,454 Vinyuvanichkul River Suite 018,Nutwadeestad,Titipatrayunyongstad,02913,Central,2001-06-05,Other,Widowed,2025-02-02
CUST_255a,Chayanin Sukhenai,pasuknichakarn@gmail.com,08-5195-0945,516 Yanisa Dale,West Supasitmouth,Prachayarochhaven,45385,Central,2001-12-24,Other,Single,2024-05-18
CUST_4b0e,Pintusorn Prayoonhong,suwijukpasuk@yahoo.com,06-0064-5549,5957 Wasin Viaduct Suite 545,South Phubeston,Titipatrayunyongmouth,26133,Northern,1994-11-12,Other,Divorced,2024-07-22
CUST_bdd3,Darin Prayoonhong,flosatapornpipit@yahoo.com,09-1541-2700,0025 Prakalpawong Ridges Suite 233,New Phubesport,New Primamouth,26236,Northern,1998-06-25,Other,Other,2023-01-16
CUST_6dc9,Pintusorn Prayoonhong,okumsoontorn@yahoo.com,08-0663-9682,63449 Chaifah Rapids,Titipatrayunyongview,Port Phenphitcha,70985,Northern,1993-09-01,Other,Single,2025-04-16
CUST_5215,Prima Kittakun,lertsattayanusakchanya@yahoo.com,09-2941-6929,849 Kamalanon Mountain,New Primahaven,Pitanuwatfurt,00630,Western,1993-04-09,Male,Single,2024-09-26
CUST_0f69,Chayapat Chaisatit,vinyuvanichkulchawin@yahoo.com,06-3115-4713,9796 Sittisaowapak River Suite 845,Lake Kulnunborough,East Pattapon,73112,Northeast,1998-06-01,Male,Widowed,2021-08-23
CUST_2593,Pitipat Methavorakul,sorawut77@hotmail.com,08-2721-5127,52016 Suraprasert Turnpike Suite 525,East Sitiwat,North Jinjutafurt,92302,Northern,2003-09-23,Female,Other,2021-07-21
CUST_de40,Pakjira Sooksawang,ppichpandecha@hotmail.com,06-7754-3825,735 Anekvorakul Pine,East Prima,Sukhenaiview,38078,Northern,2005-10-09,Male,Widowed,2024-06-27
CUST_b563,Chayapat Kittakun,puntira43@hotmail.com,08-1195-6496,48293 Chanikan Ridge Suite 993,Thanatchaville,North Sittikorn,28062,Central,1983-06-22,Female,Widowed,2025-05-26
CUST_6b3e,Sorawut Habpanom,pornchanokneerachapong@hotmail.com,06-3665-3375,50241 Pawan Pike,Port Sarunpornfort,Pakfurt,54592,Northern,1998-08-19,Other,Divorced,2023-04-15
CUST_eafc,Thanatcha Tianvarich,chayapat73@hotmail.com,06-7131-4065,032 Suwijuk Cliffs Apt. 824,North Nutchaside,Neerachapongshire,49725,Eastern,2007-05-28,Male,Widowed,2026-04-03
CUST_33c1,Pattapon Titipatrayunyong,qkongchayasukawut@gmail.com,09-5512-3921,674 Yanisa Centers Suite 680,Chaisatitton,Chaifahborough,93875,Southern,1989-01-15,Male,Married,2021-05-09
CUST_104f,Chayapat Chomsri,kunaporn31@gmail.com,06-4342-5138,1221 Niracha Rue Apt. 218,South Apisaraville,Primaview,58613,Central,2004-06-05,Female,Single,2024-09-02
CUST_410a,Yada Wasunun,pattaponneerachapong@yahoo.com,09-2811-4122,698 Jitrin Plain Apt. 981,Trikasemmarttown,West Anonport,60801,Central,2004-01-10,Female,Widowed,2021-09-13
CUST_2f29,Chayanin Pianduangsri,chayapatpasuk@gmail.com,08-6735-9259,7788 Matinawin Island,Port Nutwadee,South Suvakitmouth,42789,Northern,1999-03-21,Male,Other,2025-06-21
CUST_81c2,Pawan Todsapornpitakul,jaruwanwasunun@gmail.com,08-9630-7072,024 Suraprasert Point Suite 728,Sarunpornview,New Patchaploybury,91481,Northern,1990-05-23,Female,Other,2023-05-07
CUST_b7cf,Chanya Sittisaowapak,nutkrita80@yahoo.com,09-4711-4937,815 Siripaiboo Well Apt. 339,South Todsawunport,Port Sorawut,26525,Western,1999-05-07,Female,Married,2024-03-03
CUST_0526,Tunradee Pianduangsri,apisara97@hotmail.com,09-6356-2420,2834 Sukhenai Tunnel,Lertsattayanusakshire,Prakalpawongport,25840,Central,1994-05-06,Female,Other,2022-03-02
CUST_218f,Pakjira Suraprachit,chayapat42@gmail.com,09-0393-0909,1963 Kamolchanok Course,West Suvakitland,Sitiwatland,13178,Central,1997-11-07,Other,Widowed,2023-03-16
CUST_20e6,Kamolchanok Kittakun,pattatompornprayoonhong@yahoo.com,09-4834-8970,602 Suwijuk Viaduct Apt. 666,Pramesport,Lake Chayaninhaven,36748,Northern,1979-09-19,Female,Married,2023-11-24
CUST_bb95,Darin Wasunun,kprachayaroch@hotmail.com,09-8062-2576,1577 Lertsattayanusak Lakes Suite 670,Youpraserttown,South Kamolchanok,19658,Western,2004-09-26,Other,Divorced,2023-05-24
CUST_950e,Pitipat Pitanuwat,chawinvethayasas@gmail.com,06-5428-8316,170 Tungkasethakul Way Suite 553,Losatapornpipitmouth,Kunapornview,37594,Central,1999-06-08,Female,Other,2024-06-26
CUST_b6ca,Thanatcha Vinyuvanichkul,pattamontungkasethakul@hotmail.com,06-1776-4121,740 Chaihirankarn Cliff Suite 362,Nirachaburgh,New Yadahaven,31555,Northeast,1980-05-04,Other,Married,2023-07-09
CUST_64e7,Niracha Methavorakul,mpolauaypon@hotmail.com,08-2171-3809,787 Thanatcha Branch,Noppakaochester,West Nattawunberg,90946,Central,2001-06-09,Female,Married,2024-07-22
CUST_0189,CDR Puntira Permchart,kcharoensuksopol@yahoo.com,06-0576-0301,709 Pianduangsri Underpass,Nattawunbury,Pawanside,60224,Central,1998-11-28,Female,Divorced,2021-02-04
CUST_0324,Patchaploy Chowitunkit,nattawunprayoonhong@gmail.com,08-9832-1466,7270 Pothanun Brooks,Puntirafurt,Lake Phubesmouth,49198,Central,1984-06-17,Male,Married,2021-05-14
CUST_ddf8,Todsawun Chaihirankarn,supasitakamalanon@gmail.com,08-1493-8864,84221 Benchapatranon Keys Apt. 495,Atitville,West Nutcha,03839,Northern,1994-02-03,Female,Single,2021-09-11
CUST_d577,Anon Pasuk,wasinpolauaypon@yahoo.com,06-9702-2930,0817 Bunlerngsri Way,West Pintusornborough,Thantananontchester,09771,Northeast,1999-01-08,Other,Married,2023-11-23
CUST_aa9f,Pornchanok Losatapornpipit,tunradeelertsattayanusak@yahoo.com,06-8138-7191,996 Yanisa Causeway Suite 611,Jinjutashire,Lake Primastad,37666,Northeast,1992-08-25,Other,Widowed,2024-12-14
CUST_6725,Peem Permchart,tanekvorakul@yahoo.com,06-1088-1666,39433 Youprasert Trail Suite 327,Prachayarochville,New Todsawunport,74694,Northern,1986-09-17,Female,Widowed,2022-10-12
CUST_7ea3,Nichakarn Prayoonhong,xsukhenai@gmail.com,09-7552-8871,7218 Phubes Isle Suite 206,Phenphitchabury,East Sorawutshire,90676,Central,1995-10-04,Male,Other,2026-05-09
CUST_c7a1,Peem Wasunun,suwijuk07@gmail.com,09-6938-1410,8166 Kamolchanok Mount,Methavorakulshire,Kongsriborough,25141,Central,1988-12-02,Other,Married,2024-02-17
CUST_46e8,S M 3 Patcharaporn Pikatsingkorn,kodchaporn05@hotmail.com,08-7573-5473,0152 Youprasert Square,Chawintown,North Sarunporn,26659,Central,2003-01-20,Male,Single,2022-07-10
CUST_f3a9,Pannawich Pikatsingkorn,wanekvorakul@hotmail.com,06-5066-2399,800 Tunchanok Stravenue,Lake Chayapat,Kongchayasukawutmouth,03239,Central,1995-05-21,Male,Widowed,2026-04-17
CUST_d855,POL SUB LT Wasin Polpo,srisoontornnutkrita@hotmail.com,09-4208-7111,85552 Pachongruk Ford,Pornchanokland,Pakstad,80883,Central,2004-07-22,Female,Divorced,2022-09-19
CUST_b57b,Pachongruk Intaum,pachongruk35@gmail.com,09-5790-0671,275 Apisara Court,Yadaberg,Sireelertfort,28481,Northern,1997-11-26,Male,Single,2024-09-12
CUST_0e15,Yanisa Kongsri,dchaihirankarn@gmail.com,09-2092-7969,339 Trikasemmart Lodge Suite 901,Port Sitiwatburgh,East Phenphitchaside,78962,Northern,1997-06-22,Other,Single,2024-11-22
CUST_0b06,Yanisa Turongkinanon,jinjutasuraprasert@gmail.com,08-6348-4095,3409 Posalee Inlet Apt. 933,Intaumtown,Port Patchaploystad,67534,Central,1991-05-01,Male,Widowed,2025-06-26
CUST_5993,Atit Pianduangsri,sittikornbunlupong@yahoo.com,09-0635-6140,6342 Pachongruk Park,Port Chayaninbury,Permchartmouth,37574,Northeast,2008-07-09,Female,Widowed,2023-02-06
CUST_4790,Kodchaporn Suraprasert,usuraprasert@gmail.com,06-9463-3693,352 Sorawut Grove Suite 063,Aunyapornshire,South Pannawich,95514,Western,1989-04-19,Male,Single,2026-01-22
CUST_ae5c,Ratchanon Pothanun,chanyabunlupong@gmail.com,08-7418-4191,36488 Chomsri Parkways Apt. 183,Port Chayanin,North Ratchanonview,42724,Northern,1992-04-22,Male,Widowed,2021-09-09
CUST_7c10,Arisara Kamalanon,parinbenchapatranon@yahoo.com,08-4836-4648,173 Pattapon Canyon Apt. 672,East Kunapornhaven,Polpoville,14187,Central,1989-08-23,Male,Widowed,2023-05-02
CUST_48df,Sarunporn Suraprachit,apisara56@yahoo.com,08-9862-9716,46488 Pitanuwat Mountain,Lertsattayanusakmouth,Tungkasethakulhaven,76366,Northern,2008-05-23,Male,Single,2023-12-02
CUST_de06,FS 1 Pawan Chaisatit,kodchaporn54@hotmail.com,06-3612-6952,94382 Kamolchanok Inlet,East Supasita,Pawanfort,94681,Northern,1992-05-08,Female,Married,2023-08-04
CUST_1352,Nutcha Krittayanukoon,chanyakumsoontorn@hotmail.com,09-9512-4337,5805 Aunyaporn Mount,South Anon,New Pattapon,97527,Northern,1988-04-04,Female,Widowed,2022-08-24
CUST_86b5,Kodchaporn Bunlerngsri,prameschaisatit@gmail.com,09-8608-2335,6494 Pattamon Trail Apt. 345,Pachongruktown,Jinjutaborough,66369,Northeast,1996-11-19,Other,Other,2025-04-13
CUST_0ebf,Thanatcha Pianduangsri,fprachayaroch@gmail.com,06-6745-2911,51759 Chanikan Mews,Tunradeeberg,East Supasitaborough,09726,Northeast,1987-04-25,Female,Widowed,2025-08-06
CUST_7b3c,Nutcha Turongkinanon,chalisasiripaiboo@hotmail.com,06-0540-1605,5065 Yada Spring,New Chayapatport,Norramonport,52560,Northeast,1999-08-09,Male,Other,2026-02-24
CUST_2896,PLT OFF Yanisa Prachayaroch,yadapitanuwat@yahoo.com,09-5667-6646,3262 Kamalanon Mission,New Jitrinhaven,Wannapaitoonsrimouth,41580,Northeast,2000-04-05,Male,Other,2025-06-27
CUST_9ec0,Teetat Norramon,usiripaiboo@yahoo.com,09-5674-7561,81620 Pichpandecha Freeway Suite 039,South Kodchapornfurt,East Tunchanokville,26552,Eastern,2003-08-01,Other,Married,2022-02-20
CUST_ab77,Sittikorn Pasuk,trikasemmartsupasita@hotmail.com,08-4668-2172,68771 Thantananont Green Apt. 931,New Padaberg,Sitiwatmouth,85468,Central,1992-07-13,Other,Other,2024-02-10
CUST_5e82,Patchaploy Vinyuvanichkul,pak10@hotmail.com,06-1733-9000,630 Prayoonhong Well,Todsapornpitakulton,Kitprapafort,04052,Central,1991-05-09,Male,Other,2024-04-09
CUST_e81e,Nutkrita Neerachapong,supasitmethavorakul@gmail.com,08-9455-9896,314 Matinawin Mount,Sorawutfort,North Todsawunshire,26393,Northern,2001-02-03,Other,Divorced,2026-04-25
CUST_f1d5,Patchaploy Chomsri,sorattanachaichayanin@hotmail.com,08-6682-2207,153 Benchapatranon Summit,Suraprachitfort,Padaland,29708,Northern,2004-04-08,Female,Widowed,2024-02-27
CUST_3b9c,Phubes Kumsoontorn,teetat32@yahoo.com,08-2927-3752,6737 Chalisa Alley Suite 142,West Pitipat,Port Pattatomporn,78157,Northern,1997-03-22,Other,Other,2022-10-09
CUST_b268,Kamolchanok Charoensuksopol,jitrin16@hotmail.com,09-5525-1496,2369 Kitprapa Lights,Chaifahburgh,South Atitville,71553,Central,1992-12-23,Male,Married,2023-06-21
CUST_1247,Yanisa Kongchayasukawut,nutwadee54@gmail.com,08-2496-6102,859 Parin Shoals,Pramesport,Youprasertville,99252,Northeast,2001-11-01,Female,Divorced,2024-01-28
CUST_c209,S M 1 Nichakarn Tianvarich,fkittakun@gmail.com,08-6496-3331,01191 Supasit Avenue Suite 872,New Chayaninland,Patcharapornland,50402,Central,1983-05-12,Male,Widowed,2023-09-25
CUST_31d1,Supasit Prachayaroch,posaleewasin@yahoo.com,09-3043-3657,36000 Puntira Walk Suite 223,Tianvarichbury,Choeychuenport,79806,Northern,1994-03-06,Other,Married,2026-05-17
CUST_4a70,LT Yada Lertsattayanusak,phenphitchawimolnot@hotmail.com,09-1984-2941,55048 Teetat Underpass Suite 618,Kongsrihaven,Lake Pattaponfort,29924,Northeast,2003-05-01,Female,Single,2021-04-22
CUST_ff6f,M L Pintusorn Prayoonhong,parinpolauaypon@yahoo.com,09-7397-6331,721 Kodchaporn Fords Apt. 674,South Chayapat,South Yada,83873,Central,2001-08-11,Other,Divorced,2024-07-27
CUST_1dd9,Pakjira Bunlupong,nutkritavinyuvanichkul@yahoo.com,08-3573-5552,0137 Wasin Station Suite 983,Anekvorakulstad,Krittayanukoonhaven,65061,Northern,1998-05-08,Other,Divorced,2024-09-02
CUST_0e1b,Patcharaporn Kongchayasukawut,vnorramon@hotmail.com,09-2359-2539,0648 Pothanun Extensions,Chawinbury,Jaruwanstad,22045,Northern,1995-09-01,Female,Married,2026-02-04
CUST_b773,Chaifah Kittakun,pattamontungkasethakul@yahoo.com,08-7956-5303,69719 Sujjaboriboon Corner,Chawinview,Peemfurt,71309,Central,2001-09-02,Other,Single,2024-02-15
CUST_3a1b,Atit Youprasert,chayapat84@hotmail.com,08-9680-6104,248 Sittisaowapak Village,West Chanikan,New Prima,05097,Central,1992-01-18,Male,Widowed,2022-11-27
CUST_e02d,Jinjuta Siripaiboo,kamolchanokkongchayasukawut@yahoo.com,09-3757-9660,13416 Choeychuen Mall,Kulnunbury,North Yada,43326,Central,2004-08-19,Other,Single,2023-10-28
CUST_2485,Pattatomporn Kongchayasukawut,kamalanonchanya@yahoo.com,06-4128-9605,19029 Lertsattayanusak Ways,Peemside,New Nutwadee,40332,Northeast,1995-03-01,Male,Other,2021-08-03
CUST_0002,Sorawut Phusilarungrueng,ratchanonneerachapong@gmail.com,09-9779-4818,113 Pattapon Track Apt. 502,East Noppakaoshire,Sitiwatmouth,15343,Northern,2002-02-14,Other,Divorced,2024-10-22
CUST_d65b,Todsawun Vinyuvanichkul,wpothanun@yahoo.com,08-4181-0869,57509 Youprasert Trace Suite 946,Phenphitchaville,Sukhenailand,60162,Central,1991-01-26,Other,Other,2022-02-07
CUST_a84e,Sorawut Sittisaowapak,sorawut30@yahoo.com,06-8147-2156,0372 Patcharaporn Neck,West Atitborough,Vinyuvanichkulstad,18488,Northeast,1999-04-26,Female,Widowed,2023-03-19
CUST_5921,Pattatomporn Trikasemmart,wassaya23@yahoo.com,09-0229-6975,520 Prachayaroch Springs,North Chayaninland,East Yada,17867,Northeast,1987-10-22,Male,Other,2023-02-26
CUST_1244,SGT Jitrin Phusilarungrueng,parinpitanuwat@yahoo.com,09-6763-6729,131 Pasuk Extensions Suite 848,West Sorawutfort,Sukhenaiborough,03427,Northern,2000-10-08,Male,Single,2025-08-10
CUST_718f,Chanya Chomsri,cprachayaroch@hotmail.com,08-1422-7533,1446 Losatapornpipit Canyon Apt. 581,Sorawuttown,Habpanomborough,53001,Northeast,2004-11-07,Male,Divorced,2025-05-17
CUST_53b0,Nattawun Youprasert,tungkasethakulpada@hotmail.com,08-1015-4642,713 Kumsoontorn Centers Apt. 660,Todsawunshire,Pakport,34493,Central,1991-12-10,Female,Other,2025-02-23
CUST_3c94,Kamolchanok Turongkinanon,pikatsingkornpattamon@yahoo.com,08-2274-0214,3885 Pannawich Lodge,East Todsawun,Bunlupongville,35469,Southern,2008-01-03,Female,Single,2023-10-05
CUST_4605,Pintusorn Sireelert,pada33@yahoo.com,08-5679-3217,0154 Jitrin Estates,Apisarashire,New Apisaramouth,27389,Central,1991-01-12,Other,Divorced,2024-12-27
CUST_bca9,Pattapon Sujjaboriboon,pattatompornbenchapatranon@yahoo.com,08-5740-6879,2377 Chayapat Crest Apt. 801,North Pattapon,Vinyuvanichkulport,09320,Eastern,1993-05-22,Male,Single,2022-12-23
CUST_ff7a,Chaifah Prachayaroch,arisarakittakun@hotmail.com,09-8547-7748,2233 Bunlupong Walks Apt. 267,West Noppakaofurt,Chayapatfort,10736,Eastern,1994-04-23,Female,Married,2022-12-12
CUST_9c77,Darin Wannapaitoonsri,kamolchanokpolpo@yahoo.com,09-8899-0305,9225 Tunradee Trail Apt. 298,South Supasitaberg,Lake Pada,52299,Central,2007-10-18,Female,Other,2023-04-02
CUST_4d79,CPL Pornchanok Polpo,jinjuta85@hotmail.com,06-7799-3333,85333 Titipatrayunyong Fork,Pintusornbury,Phubesshire,51538,Western,1993-04-15,Other,Single,2023-01-08
CUST_10b9,Chalisa Matinawin,kulnunpianduangsri@hotmail.com,09-7701-8476,3146 Wasunun Turnpike,Suvakitmouth,Port Pannawich,13405,Southern,1995-12-19,Female,Divorced,2022-05-27
CUST_5f44,Chayanin Pikatsingkorn,ratchanon71@yahoo.com,09-6555-4920,0574 Pattamon Forges Suite 761,Pothanunburgh,East Kodchaporn,47504,Central,2002-11-08,Male,Widowed,2025-06-07
CUST_5f72,Pintusorn Youprasert,nanekvorakul@yahoo.com,08-0944-3269,421 Supasit Manor,Port Atittown,Lake Ratchanonstad,17862,Northern,1997-08-07,Other,Single,2024-12-23
CUST_b765,Supasit Wimolnot,oprayoonhong@yahoo.com,08-0422-7274,975 Boonpungbaramee Crossroad,East Atit,East Chanya,40752,Northern,1988-04-15,Female,Single,2025-10-10
CUST_07b3,Niracha Kongsri,polpochanikan@hotmail.com,06-5066-9532,49712 Niracha Loaf Apt. 046,Port Yanisashire,North Peemburgh,08474,Northern,2003-12-14,Female,Widowed,2021-02-08
CUST_65a9,Supasit Choeychuen,pak09@gmail.com,08-8476-8953,0522 Kumsoontorn Wall Apt. 913,East Sarunpornberg,North Sorawutfurt,37965,Central,1989-12-25,Other,Single,2023-07-11
CUST_bdf1,Kamolchanok Prakalpawong,chayanin23@yahoo.com,06-0337-5575,864 Aunyaporn Land Apt. 466,North Chawin,Supasitaland,15823,Central,1995-07-02,Female,Divorced,2024-10-18
CUST_aea5,Wasin Pikatsingkorn,vethayasaspatchaploy@hotmail.com,08-0406-9985,7643 Apisara Land Suite 865,Kitprapashire,Methavorakulfurt,18574,Northern,2006-05-17,Male,Divorced,2023-06-18
CUST_80ef,Suwijuk Sooksawang,qtungkasethakul@hotmail.com,08-3672-6809,974 Pongpanitch Station Apt. 118,West Chanikanport,Port Pitipat,73839,Central,1984-01-21,Male,Divorced,2023-08-14
CUST_2150,Yanisa Sireelert,sireelertpeem@gmail.com,06-7763-4058,32671 Jaruwan Club Apt. 108,West Puntiramouth,South Sorawuttown,04010,Central,1999-03-14,Female,Other,2023-06-04
CUST_b4a1,Kamolchanok Youprasert,wasununsupasit@yahoo.com,09-7422-6967,51729 Youprasert Shores,South Pornchanokfurt,South Supasit,84575,Northeast,1992-04-23,Male,Widowed,2025-06-17
CUST_e17b,SUB LT Aunyaporn Losatapornpipit,nutwadeesuraprasert@gmail.com,06-4157-4851,61947 Phubes Villages,Chalisaview,Pannawichberg,93924,Northern,1994-06-06,Other,Widowed,2025-10-06
CUST_c926,Nutwadee Kitprapa,kamalanonsupasit@yahoo.com,06-0484-3449,778 Thanatcha Villages Apt. 695,Lake Kulnun,Choeychuenland,76039,Northern,1986-04-09,Female,Other,2025-11-21
CUST_2519,Nutwadee Chomsri,supasitapermchart@gmail.com,09-4242-4906,1994 Chayanin Mill Apt. 546,South Pornchanok,Port Yanisa,08257,Northern,1989-06-19,Female,Single,2025-09-02
CUST_d7f5,Anon Turongkinanon,sooksawangyanisa@hotmail.com,06-1040-2070,9702 Pianduangsri Locks,South Sorawutside,South Pakmouth,54602,Northern,1991-03-05,Other,Single,2024-01-25
CUST_9386,Jitrin Tungkasethakul,chaifahkongsri@gmail.com,06-6847-1021,58304 Sitiwat Vista Suite 705,Intaumfurt,Siripaiboofort,18519,Northern,2003-04-08,Other,Single,2022-06-23
CUST_5c85,Patchaploy Prachayaroch,ntianvarich@gmail.com,06-1169-5400,965 Yanisa Well Suite 778,Chawinhaven,South Chaiwutville,03497,Western,1998-01-07,Female,Married,2022-07-21
CUST_eec5,Chanya Benchapatranon,permcharttunradee@hotmail.com,09-5337-3645,142 Norramon Freeway,Chawinstad,New Tunradee,23696,Northern,1998-07-09,Male,Widowed,2023-03-25
CUST_6313,Patcharaporn Kongsri,peemvinyuvanichkul@yahoo.com,06-4046-1975,93514 Pattapon Views Apt. 179,Pitipattown,Nutchachester,41373,Eastern,1994-03-02,Female,Single,2021-10-02
CUST_a655,Todsawun Todsapornpitakul,patcharaporn57@yahoo.com,09-6066-7842,6520 Chaihirankarn Crescent Apt. 745,West Nutchaview,Port Arisara,89587,Northern,2002-05-23,Female,Single,2024-08-19
CUST_cebe,Ratchanon Pongpanitch,ilertsattayanusak@hotmail.com,08-9853-3456,71983 Chowitunkit Creek Suite 022,North Aunyaporn,Matinawinberg,20599,Central,1999-06-13,Male,Married,2025-08-26
CUST_9332,Chanya Vinyuvanichkul,supasitsireelert@hotmail.com,06-8252-7928,89553 Lertsattayanusak Forges,Prachayarochfort,East Chanikan,24823,Central,2002-10-01,Female,Widowed,2024-05-23
CUST_4a73,S M 2 Pakjira Thantananont,lkrittayanukoon@yahoo.com,09-1346-7358,167 Phusilarungrueng Glen Suite 934,New Pattatomporn,Patchaployport,89402,Western,1984-06-03,Male,Other,2023-12-23
CUST_cd3f,Teetat Pongpanitch,pannawichturongkinanon@yahoo.com,09-6112-4934,8849 Suvakit Street,West Patcharaporn,Pothanunport,14308,Central,1999-04-20,Female,Widowed,2024-06-07
CUST_b698,CPO 3 Pakjira Tianvarich,aunyapornsorattanachai@hotmail.com,08-9647-3565,8050 Thantananont Isle,Aunyapornmouth,Kamolchanokberg,13839,Northern,2000-03-02,Other,Single,2021-05-27
CUST_478b,Thanatcha Neerachapong,sitiwatkumsoontorn@yahoo.com,09-1271-3815,00743 Chomsri Burgs Suite 583,West Chalisa,Lake Suwijukborough,21726,Northern,1999-12-25,Other,Other,2025-12-21
CUST_bb8e,Suwijuk Tungkasethakul,sireelertpawan@yahoo.com,08-8478-3166,122 Sittikorn Crescent Apt. 093,Posaleeside,West Chaiwutview,23311,Central,2000-12-19,Male,Widowed,2025-07-22
CUST_fa8d,Chalisa Wannapaitoonsri,peempermchart@gmail.com,06-1313-9806,900 Anekvorakul Isle Apt. 482,Port Teetatfort,West Chaiwut,41036,Central,1996-04-05,Other,Divorced,2024-10-24
CUST_f473,Atit Intaum,chayapat71@gmail.com,08-9734-1951,236 Youprasert Views,Boonpungbarameemouth,East Chaiwutfort,92687,Western,1986-06-14,Female,Divorced,2023-07-19
CUST_621f,FLG OFF Pakjira Lertsattayanusak,pothanundarin@yahoo.com,09-5929-3554,586 Peem Hill,Pornchanokville,Chaisatitton,62502,Central,1998-10-04,Female,Married,2025-05-17
CUST_a776,Darin Kittakun,arisarasrisoontorn@yahoo.com,06-0134-8798,7644 Noppakao Lights,Phubesside,Pothanunfort,43400,Northeast,2001-09-26,Other,Married,2023-12-12
CUST_fc52,Nutkrita Boonpungbaramee,suvakitwannapaitoonsri@yahoo.com,08-5479-5778,4765 Norramon Shores Suite 417,New Todsawun,South Patchaploy,38777,Western,1989-06-24,Female,Single,2023-02-03
CUST_d96b,Pintusorn Kittakun,cpermchart@gmail.com,08-2618-5395,5639 Sitiwat Alley Suite 514,West Pattatomporn,Lake Thanatcha,99345,Central,1994-03-11,Female,Single,2024-03-22
CUST_9808,Pattapon Sujjaboriboon,pitanuwatsupasit@yahoo.com,06-8009-1770,905 Losatapornpipit Groves,Neerachapongfurt,Wasinfurt,01529,Southern,1995-08-05,Male,Widowed,2023-07-06
CUST_1c4d,Yada Kamalanon,nirachasuraprasert@yahoo.com,08-7971-3726,11975 Pitanuwat Avenue Apt. 354,Port Nutwadeeburgh,West Tunradee,02996,Northern,2008-11-13,Male,Widowed,2026-02-07
CUST_eff9,Tunradee Pikatsingkorn,todsawun16@gmail.com,09-9215-0020,934 Sooksawang Islands Suite 260,Prayoonhongshire,Wasununshire,38539,Western,1994-01-26,Other,Single,2021-03-22
CUST_b755,Darin Phusilarungrueng,noppakaotianvarich@hotmail.com,06-8630-7023,2614 Pakjira Ferry,Habpanomview,Primamouth,07832,Central,1996-03-02,Female,Other,2021-05-17
CUST_5abc,Noppakao Pianduangsri,wmethavorakul@gmail.com,06-4199-4885,80800 Chayapat Square,Norramonhaven,Pattamonside,48080,Northeast,2004-06-20,Male,Single,2023-12-07
CUST_337e,Chanikan Sooksawang,tkongsri@gmail.com,09-0600-2527,090 Permchart Streets Suite 897,Polpoville,Port Sarunporn,16762,Central,2004-05-18,Other,Divorced,2025-08-06
CUST_5e09,Parin Youprasert,darin78@yahoo.com,06-6351-9992,9209 Niracha Forest Suite 300,Chaihirankarnchester,Lake Pachongrukland,62762,Central,1976-02-17,Other,Single,2024-11-02
CUST_1d73,Chalisa Prachayaroch,chomsripatcharaporn@hotmail.com,06-7401-3629,0306 Pannawich Ridges,Pattatompornborough,Nattawunbury,10067,Northern,1990-09-14,Male,Other,2024-08-16
CUST_9a21,Thanatcha Kongchayasukawut,kodchapornwasunun@hotmail.com,08-8673-2162,52585 Darin Hills,Port Chawinfurt,Srisoontornmouth,46013,Northern,2006-12-10,Male,Widowed,2024-09-08
CUST_af23,Darin Neerachapong,pachongrukwannapaitoonsri@hotmail.com,06-7508-3427,5787 Chalisa Mews Suite 152,Jaruwanbury,Atitshire,09518,Central,1996-02-12,Other,Single,2024-10-05
CUST_9314,Suwijuk Permchart,vethayasasphenphitcha@yahoo.com,08-1182-4468,2454 Nutcha Turnpike,Port Pattatompornview,Intaumstad,71788,Northern,1995-05-08,Male,Widowed,2021-12-13
CUST_1c50,Kodchaporn Siripaiboo,primakrittayanukoon@yahoo.com,09-8392-9965,926 Todsapornpitakul Causeway,Bunlerngsrifort,Kitprapafort,85280,Central,1990-03-10,Female,Widowed,2021-11-20
CUST_c90a,Pattamon Kumsoontorn,ptianvarich@gmail.com,08-5788-3545,73494 Prachayaroch Shore,Pattaponmouth,North Pannawich,45384,Northeast,1991-07-19,Other,Married,2022-09-17
CUST_b3ae,Aunyaporn Trikasemmart,pcharoensuksopol@gmail.com,06-6581-7514,572 Kulnun Plaza Apt. 393,West Nichakarnview,Chayaninmouth,72959,Northeast,1996-04-19,Male,Widowed,2021-12-01
CUST_e18c,Phenphitcha Tungkasethakul,jitrinkumsoontorn@gmail.com,09-8199-8449,3910 Phubes Well,Posaleestad,Suraprasertberg,70236,Northern,2001-08-22,Other,Married,2022-11-05
CUST_abbf,Pornchanok Turongkinanon,pattaponsorattanachai@yahoo.com,09-6384-3511,37388 Chalisa Loaf Suite 363,Port Atit,Intaummouth,79079,Northeast,2006-12-03,Male,Widowed,2024-09-15
CUST_4c9a,Apisara Sujjaboriboon,kamolchanok35@gmail.com,09-5311-3552,51695 Anekvorakul Street Apt. 162,Nutwadeebury,North Todsawunfurt,12073,Northern,1995-08-23,Other,Widowed,2025-01-14
CUST_4797,MAJ GEN Todsawun Sukhenai,nutkritabunlupong@hotmail.com,08-5523-0720,9377 Pada Crest Suite 109,West Kamolchanok,South Atit,54624,Central,1997-08-18,Male,Other,2021-12-05
CUST_dfe4,MRS Wassaya Pianduangsri,norramonsittikorn@gmail.com,08-9662-2706,32850 Chowitunkit Trafficway Suite 607,Pannawichmouth,Lake Chaiwutchester,24418,Northeast,1990-05-13,Male,Single,2024-04-28
CUST_8f7f,Nutkrita Trikasemmart,sbunlerngsri@hotmail.com,06-2321-0646,7241 Sittikorn Ville,New Nichakarnborough,New Todsawunfort,20753,Central,2005-11-02,Other,Other,2021-09-23
CUST_4f99,Nutkrita Tianvarich,gpongpanitch@hotmail.com,09-4843-3918,7329 Intaum Land,Chaifahfurt,South Sittikornport,27897,Northeast,2004-12-18,Other,Married,2022-01-01
CUST_bcf2,Nutkrita Intaum,ymethavorakul@gmail.com,06-5973-3829,298 Chayapat Alley,Todsapornpitakulmouth,South Wassaya,83477,Central,1991-11-03,Other,Other,2024-12-18
CUST_8c33,Pattamon Charoensuksopol,yanisatrikasemmart@hotmail.com,09-1874-2008,9100 Phubes Mountains Suite 505,Lake Nirachamouth,Lake Suvakit,90047,Central,1986-01-08,Male,Widowed,2025-01-01
CUST_89fb,Pawan Pichpandecha,pitanuwatsuwijuk@gmail.com,06-1848-6376,8120 Intaum Parks,Phusilarungruengport,New Sittikornfort,76411,Northern,2004-06-10,Other,Widowed,2025-01-14
CUST_2ca8,Sittikorn Vethayasas,mkrittayanukoon@yahoo.com,09-1424-5741,71212 Atit Fall Suite 426,East Phubes,Port Jinjutabury,42747,Northern,2005-11-02,Male,Single,2025-06-24
CUST_1fb3,Atit Kittakun,sireelertsuwijuk@hotmail.com,09-4585-9187,58460 Pasuk Turnpike Suite 406,Kamolchanokview,Lake Prames,07364,Northern,1995-03-01,Female,Other,2023-02-05
CUST_a91a,CPO 2 Arisara Charoensuksopol,arisarawannapaitoonsri@yahoo.com,08-0988-8797,20959 Vethayasas Mountain Suite 397,East Jaruwan,Sorattanachaiberg,07336,Northern,2004-07-20,Male,Single,2023-07-25
CUST_142c,Pakjira Sorattanachai,nattawun94@yahoo.com,06-5725-6875,183 Sireelert Locks Apt. 631,South Apisara,Puntiraburgh,79524,Central,1994-01-24,Other,Widowed,2022-04-14
CUST_5928,Patcharaporn Kittakun,pianduangsripada@hotmail.com,09-6706-1130,4994 Sireelert Square Apt. 378,East Puntiraborough,North Ratchanon,94771,Central,1993-12-01,Other,Married,2026-05-13
CUST_a87d,Patchaploy Suraprachit,esukhenai@hotmail.com,08-9012-0637,9534 Wimolnot Forges Suite 214,Krittayanukoonmouth,Port Sitiwattown,87719,Northeast,1985-09-06,Male,Married,2023-08-10
CUST_5e06,Anon Kongsri,nutkrita87@gmail.com,06-1767-0876,767 Prachayaroch Mount,Lake Thanatchamouth,New Pakjirafurt,25542,Southern,1996-09-28,Other,Divorced,2026-05-17
CUST_7bd4,Teetat Chaihirankarn,sitiwatbunlupong@gmail.com,06-0733-6123,743 Chaiwut Via,Anekvorakulmouth,South Tunchanok,99364,Central,2004-03-24,Female,Single,2022-04-24
CUST_f1a9,Pada Sujjaboriboon,ichoeychuen@gmail.com,08-8071-7600,263 Sarunporn Locks,Srisoontornstad,North Kamolchanok,68697,Northeast,1992-11-13,Female,Divorced,2023-11-16
CUST_9bca,PHRAKHU SAMU Pak Titipatrayunyong,pichpandechayanisa@hotmail.com,08-7252-6013,07762 Wannapaitoonsri Pike Suite 704,Lake Anon,Tunradeeburgh,04974,Central,2002-04-07,Female,Divorced,2026-03-24
CUST_6c64,Pakjira Losatapornpipit,chanyaposalee@hotmail.com,08-1062-2525,88923 Prakalpawong Underpass,Lake Nirachaside,Pongpanitchmouth,68342,Central,2006-07-13,Male,Widowed,2025-08-25
CUST_ba48,Pattatomporn Losatapornpipit,sarunpornpitanuwat@yahoo.com,09-5915-3485,7923 Tungkasethakul Tunnel,North Pattamonview,South Aunyapornport,27765,Central,1983-04-01,Female,Single,2023-06-24
CUST_8777,Noppakao Intaum,prayoonhongniracha@hotmail.com,08-9016-0044,9305 Pitanuwat Locks Suite 844,Siripaibooborough,East Teetat,89814,Northern,1993-08-01,Female,Single,2023-11-19
CUST_dde2,POL SUB LT Wassaya Permchart,sittikornpothanun@gmail.com,08-0883-5827,05394 Posalee Port Suite 338,Bunlerngsriview,Kongsribury,86329,Northeast,2000-01-23,Male,Divorced,2024-11-06
CUST_0219,Sittikorn Benchapatranon,nichakarn97@yahoo.com,08-6374-9034,56937 Chomsri Rapid,Kitprapabury,North Sittikornmouth,52896,Northeast,1989-05-13,Female,Single,2024-07-28
CUST_eef8,Jitrin Bunlerngsri,sarunpornkumsoontorn@gmail.com,08-1645-7157,67852 Krittayanukoon Mill Apt. 265,Port Pattaponhaven,New Sitiwatland,56638,Northern,1986-01-13,Male,Widowed,2022-08-04
CUST_7caf,Pada Todsapornpitakul,kodchapornsireelert@hotmail.com,06-4001-0466,28557 Kulnun Well,West Pattatomporn,West Padaport,36498,Central,1998-05-17,Other,Married,2023-10-14
CUST_80df,Prames Kitprapa,wannapaitoonsrisittikorn@gmail.com,06-0279-3714,871 Titipatrayunyong Harbors,North Pattatompornchester,Port Wassayabury,68677,Central,1994-02-19,Male,Single,2024-11-25
CUST_da33,Wassaya Methavorakul,darinbenchapatranon@yahoo.com,08-1354-7834,081 Polpo Junctions Suite 865,Pintusornport,Kamalanonburgh,24068,Northern,2007-07-21,Female,Married,2025-10-20
CUST_060a,Supasit Pothanun,supasit73@hotmail.com,08-7269-5403,576 Pitipat Gardens,Pattatompornmouth,South Supasitland,64668,Central,1991-10-11,Female,Single,2026-02-02
CUST_9b11,Phubes Pichpandecha,phubespichpandecha@gmail.com,09-6981-6456,070 Suwijuk Road,Sukhenaiberg,Lake Kunapornton,21110,Central,1997-08-01,Male,Widowed,2023-08-13
CUST_9882,Supasita Trikasemmart,mpolauaypon@gmail.com,08-3050-5018,502 Turongkinanon Points,Lertsattayanusaktown,Port Kamolchanokchester,64487,Central,1991-04-05,Other,Widowed,2022-04-13
CUST_57fb,M R Prames Kitprapa,peemprayoonhong@hotmail.com,06-8431-3385,1564 Kitprapa Pike Apt. 156,Port Parin,North Pattapon,86266,Northern,2005-12-27,Other,Widowed,2024-01-03
CUST_1c4f,Pattamon Trikasemmart,phenphitcha44@gmail.com,06-7131-6601,58673 Polauaypon Terrace,East Wasin,Tianvarichborough,02105,Central,2000-09-12,Male,Widowed,2025-11-25
CUST_f0a3,Wasin Turongkinanon,qkitprapa@hotmail.com,09-5334-5864,6059 Patcharaporn Fork Apt. 441,Port Wasin,Wassayaview,66452,Central,1994-06-22,Male,Divorced,2024-06-08
CUST_7b17,Kulnun Sittisaowapak,pikatsingkornpattamon@hotmail.com,09-1299-1202,9686 Niracha Fords Suite 312,Pitipatport,Wimolnotville,99473,Central,1979-02-16,Male,Other,2021-07-12
CUST_8cc9,Pattamon Posalee,pak33@hotmail.com,08-9498-4539,239 Choeychuen Pines,Polauayponland,South Chawinland,79832,Central,2000-09-06,Male,Other,2022-02-22
CUST_94f7,Sitiwat Pikatsingkorn,vyouprasert@yahoo.com,08-4353-1141,80738 Nichakarn Divide Suite 207,Port Todsawunton,New Nichakarnhaven,40886,Northeast,2005-11-02,Other,Married,2023-02-25
CUST_b304,Nattawun Sorattanachai,tunradeetitipatrayunyong@hotmail.com,06-4459-8896,14028 Puntira Corners Apt. 883,Port Arisaraview,West Nutkritashire,87539,Central,2006-05-26,Male,Divorced,2023-08-21
CUST_c1b5,Chawin Vethayasas,jitrin05@yahoo.com,06-1856-2408,29813 Chowitunkit Summit Suite 608,West Nattawunside,Pakjiraberg,26496,Central,2001-11-12,Female,Single,2023-08-27
CUST_9524,POL COL Pak Youprasert,umethavorakul@hotmail.com,09-7891-1985,38842 Prakalpawong Flats,North Pawan,East Chawinberg,43924,Central,1989-09-20,Male,Other,2022-05-02
CUST_5470,Ratchanon Vethayasas,aunyaporn37@gmail.com,09-8432-4187,811 Vinyuvanichkul Haven,North Patcharapornside,East Aunyaporn,08517,Central,1999-06-25,Other,Widowed,2025-06-04
CUST_9d8e,REV Thanatcha Sorattanachai,chayaninhabpanom@yahoo.com,06-7929-9163,2378 Pattatomporn Trail Apt. 217,West Anonberg,Pawanfurt,11156,Northern,1988-07-05,Male,Divorced,2024-06-21
CUST_4303,Pakjira Kitprapa,mnorramon@gmail.com,08-5634-2271,5038 Sitiwat Drives,East Pattapon,North Pattatomporn,81476,Central,2004-08-08,Male,Widowed,2022-02-19
CUST_e59b,FLT LT Kamolchanok Krittayanukoon,wpolpo@yahoo.com,06-5819-7036,0466 Sooksawang Knolls Apt. 273,North Supasittown,Pawantown,37642,Central,1994-08-06,Male,Other,2024-04-07
CUST_a72d,Jitrin Thantananont,bphusilarungrueng@yahoo.com,09-0688-9675,9239 Suwijuk Cape,Port Niracha,Ratchanonburgh,75384,Central,2008-05-27,Other,Divorced,2025-12-25
CUST_1c09,Yanisa Sittisaowapak,qpolauaypon@gmail.com,06-1500-7367,2331 Todsawun Green Apt. 894,Yadastad,Lake Thanatcha,18039,Northern,1991-01-28,Female,Married,2023-06-06
CUST_8616,Kamolchanok Norramon,permchartatit@hotmail.com,09-7376-8863,100 Sukhenai Mews,Port Nichakarnbury,Polauaypontown,43067,Northern,1993-02-28,Female,Single,2026-02-01
CUST_3ebb,Sarunporn Turongkinanon,rbenchapatranon@hotmail.com,09-4633-8718,51718 Kittakun Via Apt. 114,East Sittikornbury,Yanisaport,06480,Central,2002-05-14,Other,Widowed,2022-12-16
CUST_9e47,Pakjira Srisoontorn,arisara11@yahoo.com,09-0608-0934,629 Pattamon Prairie Suite 349,Lake Phubes,Prachayarochville,42139,Central,2001-03-13,Female,Widowed,2024-10-08
CUST_1273,Tunradee Posalee,kulnunkrittayanukoon@yahoo.com,08-2731-9625,1551 Pada Port,East Suwijuk,West Pattatompornside,94427,Northeast,1998-10-21,Other,Divorced,2024-08-18
CUST_9cdf,Pornchanok Matinawin,nattawun68@hotmail.com,06-7027-7317,0997 Nutwadee Island,Wimolnotborough,Lake Anonside,94441,Central,1992-04-04,Female,Other,2023-11-10
CUST_bb39,Jaruwan Prakalpawong,kitprapapornchanok@yahoo.com,09-7945-2900,487 Anon Squares Apt. 506,Jaruwanhaven,East Chawinburgh,63029,Northern,1991-03-18,Male,Widowed,2023-04-21
CUST_60d9,POL LT Jinjuta Turongkinanon,patcharaporn42@gmail.com,06-5420-7989,934 Teetat Walks Suite 516,Lake Nutcha,New Pornchanoktown,00636,Northern,2002-09-04,Female,Divorced,2026-01-15
CUST_3b1d,Sitiwat Kamalanon,chawin01@hotmail.com,09-0647-0847,7353 Kulnun Parkway,Ratchanonberg,East Anontown,50889,Central,2007-05-22,Female,Other,2024-10-16
CUST_878e,Pak Prakalpawong,phusilarungruengpannawich@yahoo.com,08-4032-9191,76064 Tunchanok Meadows Suite 412,East Thanatchafurt,East Parin,74513,Central,1994-03-25,Other,Widowed,2024-11-02
CUST_bc5d,Sorawut Pikatsingkorn,ubunlupong@gmail.com,06-6709-1225,58383 Krittayanukoon Walk Suite 902,West Chawin,Norramonhaven,92673,Northern,1990-05-14,Female,Other,2025-02-28
CUST_ed7e,Apisara Sujjaboriboon,titipatrayunyongnutwadee@hotmail.com,06-0240-4693,0732 Pongpanitch Cove Suite 236,Chanikanburgh,Ratchanonside,47673,Southern,2000-03-01,Female,Married,2023-12-23
CUST_1d43,SUB LT Chaiwut Kamalanon,darinturongkinanon@hotmail.com,09-6378-4564,820 Aunyaporn Trail,Kamolchanokborough,Peembury,23068,Northern,2004-03-19,Female,Widowed,2024-01-06
CUST_4bba,M L Pattatomporn Kongchayasukawut,pattamon04@yahoo.com,08-6986-8226,4583 Pasuk Oval Suite 999,Kunapornburgh,West Primaburgh,96395,Northern,2006-12-25,Other,Married,2024-09-04
CUST_6769,SAMANERA Wassaya Methavorakul,pannawich20@yahoo.com,09-7078-2505,5026 Benchapatranon Skyway,North Chaifahburgh,Chawinshire,64559,Central,2003-02-09,Female,Widowed,2023-12-07
CUST_9b43,Nichakarn Matinawin,opolauaypon@yahoo.com,09-3122-8988,48247 Kongchayasukawut Row,New Yada,South Pattamon,86624,Northern,2008-07-27,Female,Married,2023-05-01
CUST_f65e,Pornchanok Wannapaitoonsri,suvakittianvarich@gmail.com,08-8052-4353,21362 Prames Road,East Patcharapornhaven,West Pornchanok,12483,Northeast,1986-01-05,Other,Widowed,2023-01-22
CUST_2f8e,Patcharaporn Suraprachit,ftianvarich@hotmail.com,08-4539-3848,8303 Pakjira Roads,South Nattawunland,Tunradeestad,41708,Northern,2000-12-01,Other,Widowed,2023-03-10
CUST_846a,Nutkrita Krittayanukoon,pawansukhenai@gmail.com,08-5563-8984,333 Sittikorn Lake Suite 943,West Nirachaburgh,Krittayanukoontown,34072,Central,2003-02-08,Male,Divorced,2022-06-13
CUST_eb29,LT Pawan Vethayasas,sorattanachaisorawut@hotmail.com,09-9198-2712,29856 Vethayasas Stravenue,Permchartland,Phenphitchachester,51229,Central,2001-09-19,Female,Single,2024-11-09
CUST_bb99,Patcharaporn Youprasert,wassayaintaum@yahoo.com,09-4411-0096,6339 Choeychuen Corners Suite 019,East Pattatomporn,Sireelertbury,94888,Northeast,2003-07-16,Other,Single,2023-05-14
CUST_c69d,Teetat Pitanuwat,suraprachitsittikorn@yahoo.com,08-5792-6900,278 Chomsri Harbors,Pichpandechamouth,West Chawinhaven,75930,Northern,1994-11-13,Other,Divorced,2023-10-26
CUST_c9e3,CAPT Kodchaporn Pothanun,pak87@hotmail.com,09-6141-5564,03716 Tianvarich Points Apt. 844,West Jaruwan,Yanisaland,29494,Northeast,1990-11-24,Other,Divorced,2023-06-08
CUST_4a35,Chanikan Kamalanon,hprakalpawong@gmail.com,08-2057-1382,6113 Kamolchanok Corner,Vinyuvanichkulmouth,North Chawin,95928,Central,1999-05-05,Female,Single,2023-10-11
CUST_0f53,Yanisa Suraprasert,prayoonhongarisara@hotmail.com,08-2692-3132,48349 Anekvorakul Vista,Polpoberg,Nirachamouth,28981,Central,2002-08-05,Other,Other,2023-05-20
CUST_f6de,Chalisa Kongsri,tunchanokposalee@hotmail.com,06-2176-1505,95831 Wasunun Fords,South Patcharapornton,Thantananontstad,31588,Western,1991-12-03,Male,Other,2023-02-02
CUST_f79b,LT GEN Pachongruk Pitanuwat,sorawut11@gmail.com,06-3774-6083,317 Kamalanon Prairie Apt. 593,Lake Kamolchanokfort,Chaisatitmouth,31129,Northeast,1982-08-05,Male,Other,2024-09-11
CUST_36f3,Kamolchanok Choeychuen,sittikorntungkasethakul@hotmail.com,09-8263-2067,7055 Methavorakul Ridges,Bunlupongton,East Pakburgh,50666,Northern,2002-07-03,Male,Other,2023-08-10
CUST_7ded,Supasita Intaum,fchoeychuen@hotmail.com,09-7657-0297,670 Pattamon Valleys Suite 339,North Jitrinhaven,Lake Chanya,36490,Northern,2001-01-08,Other,Single,2023-07-21
CUST_1432,Jaruwan Sukhenai,jmethavorakul@yahoo.com,09-2826-4936,429 Jitrin Wall,South Todsawunmouth,Kamalanonland,44415,Southern,2002-10-13,Other,Other,2024-11-24
CUST_fee6,Ratchanon Sorattanachai,thantananontratchanon@gmail.com,09-4850-9131,534 Wassaya Lights,North Puntira,New Sitiwatfurt,75763,Central,1991-11-25,Other,Single,2024-05-10
CUST_f9b1,Nattawun Methavorakul,yanisapikatsingkorn@yahoo.com,08-5189-4574,70819 Kitprapa Fields Apt. 920,Apisaraburgh,Pattamonton,34323,Northern,1996-07-28,Other,Divorced,2025-11-02
CUST_cd44,Chaifah Bunlupong,aunyaporn77@yahoo.com,09-8378-7707,509 Pawan Dam Apt. 690,West Suvakit,Chalisashire,85581,Northern,1990-12-08,Other,Widowed,2026-04-11
CUST_61b4,Kamolchanok Sittisaowapak,padaturongkinanon@gmail.com,09-5129-0228,2821 Ratchanon Prairie Apt. 552,Sorattanachaitown,Peemland,34959,Central,1988-03-21,Other,Widowed,2022-04-26
CUST_946a,Parin Vethayasas,jitrinpasuk@yahoo.com,08-3145-3537,4279 Polauaypon Branch Suite 818,North Pada,North Pawanside,70269,Central,2004-09-14,Male,Widowed,2026-02-10
CUST_217c,Prima Polpo,ichomsri@yahoo.com,06-9368-4044,07798 Sujjaboriboon Plaza Apt. 421,North Teetathaven,Pattaponstad,39685,Northern,2002-12-18,Male,Divorced,2023-06-04
CUST_54a1,Peem Wimolnot,anon07@hotmail.com,06-2323-8076,728 Siripaiboo Prairie Apt. 324,South Kulnun,East Darin,73349,Eastern,1994-02-26,Other,Married,2023-03-23
CUST_4090,Peem Norramon,prames32@yahoo.com,06-6259-0416,814 Patchaploy Ville,North Chanikan,Parinbury,73188,Eastern,1992-05-16,Other,Other,2021-04-08
CUST_f1c4,Tunchanok Sittisaowapak,qmethavorakul@gmail.com,09-7705-5296,49766 Wimolnot Pike,Norramonshire,New Todsawunland,89210,Northern,1990-03-05,Male,Married,2023-09-02
CUST_94e2,CPO 3 Chayanin Polpo,arisaralosatapornpipit@hotmail.com,09-0247-3727,6895 Kamalanon Row,North Pakjira,Jitrinton,19186,Northern,1995-01-25,Female,Single,2024-02-12
CUST_b22a,Niracha Posalee,gthantananont@hotmail.com,08-9712-0290,60028 Pawan Drive,Lake Chayaninville,New Pakjira,91925,Western,2001-12-19,Male,Divorced,2024-12-07
CUST_2ce8,Prima Methavorakul,kittakunpintusorn@hotmail.com,06-9897-3602,06555 Sireelert Inlet,Lake Puntira,South Tunradeeport,20831,Central,1992-06-02,Male,Single,2023-06-23
CUST_b67d,Wasin Sooksawang,noppakaomethavorakul@hotmail.com,06-2636-5304,21501 Pada Street Apt. 539,Lake Prima,Matinawinburgh,64370,Northern,2006-06-25,Male,Married,2024-04-08
CUST_a597,AM Pada Todsapornpitakul,teetatkumsoontorn@yahoo.com,06-2685-8885,666 Prayoonhong Cliffs Suite 387,Wassayafort,Lake Nutkrita,28548,Central,2008-03-18,Female,Divorced,2025-04-18
CUST_66b2,Nutwadee Sorattanachai,nutwadeeyouprasert@hotmail.com,08-8280-6592,712 Losatapornpipit Orchard,North Pattatompornport,Tungkasethakultown,40935,Northeast,1997-04-21,Other,Single,2023-12-12
CUST_a68f,Jitrin Kongsri,pachongrukpolauaypon@yahoo.com,09-0743-5487,2580 Prachayaroch Skyway Suite 650,Prakalpawongchester,Nattawunborough,03390,Central,2004-02-08,Female,Divorced,2026-01-16
CUST_76d1,Kodchaporn Prachayaroch,anon89@hotmail.com,06-5530-5435,765 Arisara Island Suite 570,Bunlerngsriburgh,Permchartfurt,82745,Northern,1995-03-25,Male,Other,2021-01-19
CUST_8f68,Patcharaporn Losatapornpipit,sarunporn79@hotmail.com,09-2474-2383,001 Thanatcha Shoals,New Phenphitchaville,North Chaifahberg,22668,Central,1998-09-14,Female,Single,2021-03-19
CUST_f60b,Chanikan Prayoonhong,sorawut28@hotmail.com,06-7625-6449,442 Kamalanon Divide,West Wasin,Charoensuksopolshire,81955,Northern,1995-10-26,Other,Married,2022-03-06
CUST_f4c8,Pakjira Sujjaboriboon,cbunlupong@hotmail.com,08-9748-5661,66977 Kumsoontorn Forks Suite 962,Methavorakulshire,Port Pintusorn,85697,Central,2003-07-22,Female,Other,2023-08-04
CUST_157a,Sorawut Pianduangsri,sittikornnorramon@yahoo.com,08-3325-4149,368 Youprasert Manors Suite 495,Turongkinanonchester,Tunradeetown,03965,Central,2000-06-15,Male,Single,2024-07-20
CUST_13eb,Tunradee Kongsri,jaruwankrittayanukoon@hotmail.com,08-9978-5462,9011 Nutkrita Throughway Apt. 524,Jitrinmouth,West Patchaployfort,28445,Central,1987-08-17,Male,Other,2025-02-04
CUST_a7ff,Supasit Pasuk,methavorakulsupasita@yahoo.com,08-7560-8683,0525 Kongsri Shoals Suite 899,Suvakitmouth,Ratchanonberg,89326,Central,1995-10-15,Female,Married,2023-05-21
CUST_8bef,Chawin Pothanun,nutwadee90@gmail.com,06-4264-9094,80502 Wannapaitoonsri Place,Chayapatshire,Choeychuentown,09019,Northern,2002-06-05,Female,Widowed,2023-05-10
CUST_cb13,Tunchanok Methavorakul,zyouprasert@hotmail.com,06-1340-9021,7692 Phenphitcha Terrace,New Pakville,Habpanomstad,97562,Central,2007-09-20,Male,Other,2022-08-28
CUST_d6bc,Prames Chowitunkit,titipatrayunyongchanikan@gmail.com,09-1152-5807,0883 Suraprachit Isle Apt. 790,South Kodchaporn,South Sorawutberg,51583,Central,1987-05-08,Male,Married,2026-03-15
CUST_d816,Teetat Kongsri,rsorattanachai@gmail.com,08-7823-5295,065 Kamalanon Court Apt. 688,Ratchanonmouth,Suvakitchester,35673,Eastern,1986-09-26,Other,Married,2021-11-08
CUST_3ef6,Jaruwan Permchart,pothanunnattawun@hotmail.com,08-8621-9077,311 Lertsattayanusak Greens,Prachayarochport,West Phubesberg,86332,Northern,1996-03-06,Other,Single,2025-11-07
CUST_30ff,Supasit Vethayasas,pada92@gmail.com,09-3612-5818,6817 Polpo Rest Apt. 032,Patcharapornville,Pannawichfurt,49637,Western,1990-01-10,Female,Single,2021-07-18
CUST_95a3,Pakjira Permchart,tianvarichteetat@hotmail.com,08-0368-0136,921 Sarunporn Plains,Choeychuenstad,Lertsattayanusakhaven,62424,Central,2001-09-17,Male,Other,2026-02-03
CUST_1551,Parin Matinawin,pachongrukpitanuwat@yahoo.com,08-0457-7834,52790 Prachayaroch Street Suite 037,West Pakville,East Teetatland,55243,Eastern,1997-08-21,Other,Divorced,2021-03-10
CUST_f862,Pada Titipatrayunyong,chaiwuthabpanom@yahoo.com,06-4858-0147,4928 Suraprachit Ports Suite 705,East Ratchanon,Port Pachongruk,60373,Northeast,1995-11-07,Female,Widowed,2024-08-25
CUST_1426,Chaifah Prachayaroch,polpopada@yahoo.com,08-9554-2903,457 Suwijuk Mountain Apt. 143,Lertsattayanusakhaven,Chayaninfurt,29808,Northeast,1995-06-20,Female,Other,2026-03-09
CUST_5e61,Apisara Kongchayasukawut,kamalanonpitipat@gmail.com,06-6955-1830,343 Pothanun Flats,Pramesstad,Suraprasertport,54996,Western,1991-02-12,Other,Divorced,2023-04-23
CUST_d1ec,Supasita Sujjaboriboon,phenphitcha20@yahoo.com,08-0418-6784,1114 Sujjaboriboon Hills Apt. 309,Permchartfort,North Teetat,01846,Central,1993-09-15,Male,Married,2026-05-26
CUST_258b,Patcharaporn Kamalanon,prima43@hotmail.com,06-5138-4283,2117 Chayapat Way Suite 072,Kittakunland,Nutkritashire,59846,Northeast,1995-10-27,Female,Single,2025-04-19
CUST_c3c3,Thanatcha Sittisaowapak,rprachayaroch@yahoo.com,06-5718-8575,419 Pakjira Inlet,Lake Pattatompornburgh,Norramonburgh,66708,Central,2001-10-09,Female,Other,2024-02-10
CUST_21db,Kodchaporn Siripaiboo,darinwannapaitoonsri@yahoo.com,06-3320-0188,88113 Aunyaporn Station,Anontown,Kitprapashire,81813,Central,1995-06-18,Male,Married,2024-02-25
CUST_279f,Kamolchanok Pothanun,methavorakulsuvakit@yahoo.com,08-7803-0677,5630 Pada Mountains,East Atit,Lake Pannawich,86800,Central,1998-01-14,Other,Widowed,2024-07-10
CUST_b36c,Tunchanok Pichpandecha,benchapatranonpeem@hotmail.com,08-7215-9242,848 Prachayaroch Streets Suite 464,Port Atitview,West Supasitaborough,56890,Central,1993-06-13,Other,Divorced,2022-04-22
CUST_8fec,Pak Phusilarungrueng,chanyachowitunkit@gmail.com,08-9182-1374,0059 Chawin Shores Suite 466,Lake Pak,Boonpungbarameehaven,55100,Northern,2008-08-03,Male,Divorced,2023-06-03
CUST_7e02,Phenphitcha Sittisaowapak,rhabpanom@hotmail.com,09-3185-1564,2477 Sujjaboriboon Junctions,Chaifahside,Peemside,71394,Northern,2003-12-01,Male,Divorced,2025-03-15
CUST_25f2,Tunradee Kongsri,ratchanonvinyuvanichkul@hotmail.com,06-9875-2764,81336 Jaruwan Via,Lake Supasita,Methavorakulmouth,01546,Central,1996-08-16,Other,Married,2024-09-28
CUST_2606,POL LT GEN Sitiwat Sittisaowapak,pianduangsritunchanok@hotmail.com,09-6415-4923,2088 Todsawun Mews Apt. 103,Ratchanonstad,Padafort,10131,Central,2001-09-11,Male,Married,2024-12-06
CUST_6f68,Prima Thantananont,bunlerngsrichanikan@gmail.com,08-8177-6335,027 Pakjira Fork Suite 780,Chaiwutmouth,Methavorakulberg,76869,Eastern,1999-12-05,Other,Other,2021-05-18
CUST_f1bb,Atit Sooksawang,vinyuvanichkulchalisa@yahoo.com,09-2191-2594,51703 Norramon Mills Apt. 076,Turongkinanonshire,Bunlupongfort,24113,Northeast,1997-02-04,Male,Widowed,2025-03-21
CUST_567e,Pakjira Pichpandecha,rsukhenai@yahoo.com,09-3880-6184,801 Sorawut Pines,Port Chaifahstad,Sitiwatmouth,31255,Northern,1984-06-19,Female,Single,2024-08-23
CUST_b400,Aunyaporn Kamalanon,eanekvorakul@yahoo.com,09-0846-9114,2799 Tianvarich Creek Suite 657,Tunchanokhaven,West Pattapon,98987,Central,1991-09-10,Other,Divorced,2025-02-06
CUST_5c53,Kodchaporn Prakalpawong,primaposalee@yahoo.com,09-9657-5042,15008 Suvakit Route,Lake Sarunpornville,East Pitipatbury,54148,Southern,1994-05-14,Other,Widowed,2025-07-04
CUST_6d69,Teetat Kamalanon,wassaya00@yahoo.com,08-7818-4636,417 Vinyuvanichkul Avenue Apt. 729,East Wasinhaven,Port Noppakao,32899,Northeast,2008-11-07,Male,Other,2026-04-15
CUST_107f,Yada Sooksawang,nutchapothanun@yahoo.com,08-1749-1640,80585 Pothanun Club Suite 140,Pakside,South Chayaninmouth,27515,Northeast,2000-01-07,Male,Single,2024-08-25
CUST_330a,Todsawun Chaihirankarn,pachongrukmatinawin@gmail.com,06-2886-8012,3083 Pichpandecha Bridge,East Teetatborough,North Jinjuta,43008,Northern,2003-09-28,Male,Divorced,2022-09-26
CUST_0cc9,Peem Trikasemmart,skittakun@yahoo.com,09-4077-5949,4344 Teetat Landing,New Pintusornland,Sireelertmouth,17326,Northeast,1988-08-17,Female,Divorced,2025-09-27
CUST_60bd,Jinjuta Methavorakul,yanisavinyuvanichkul@yahoo.com,08-6307-6756,17393 Pongpanitch Club,East Phenphitcha,South Patcharaporn,07103,Western,2002-03-19,Other,Other,2026-02-17
CUST_9593,Teetat Intaum,wassayawannapaitoonsri@yahoo.com,08-4126-1905,69452 Chaisatit Corner,Pannawichport,Sittisaowapakmouth,81882,Northern,1991-03-06,Male,Other,2024-01-25
CUST_e1d2,Sarunporn Sooksawang,uchaisatit@yahoo.com,08-8957-3697,8439 Chanya Way,Kulnunburgh,Bunlupongville,77100,Northern,1993-08-01,Other,Married,2023-03-10
CUST_3040,Darin Chaisatit,chaihirankarnchaifah@hotmail.com,06-7469-4529,63518 Thanatcha Junctions Suite 013,Port Suvakit,Chanyahaven,74812,Northeast,1992-12-16,Other,Widowed,2023-06-17
CUST_d058,R ADM Aunyaporn Sujjaboriboon,pattatomporn22@yahoo.com,06-3096-3521,0323 Yada Prairie Suite 441,Polauayponville,Surapraserttown,90550,Central,1993-08-16,Male,Divorced,2025-07-19
CUST_3faf,Pawan Chaisatit,norramonparin@hotmail.com,09-3854-2457,416 Prachayaroch Mountain,Phenphitchaland,Chaiwutton,54889,Northern,2000-12-26,Other,Single,2023-02-07
CUST_a56f,Aunyaporn Prayoonhong,bunlupongwasin@yahoo.com,06-7710-2995,0620 Vethayasas Meadow Suite 834,Atitport,Todsawunport,60278,Central,1999-02-02,Male,Other,2021-08-08
CUST_0bea,Todsawun Lertsattayanusak,pramespitanuwat@gmail.com,09-4140-4452,92318 Kitprapa Plains Suite 503,Benchapatranonstad,Chaihirankarnville,45071,Central,1991-08-15,Male,Divorced,2024-12-24
CUST_1f1f,Nutwadee Kitprapa,jkongsri@yahoo.com,08-2123-7710,9990 Prames Dam,Kamolchanokborough,Phenphitchaville,77726,Northern,2008-02-27,Female,Widowed,2023-08-25
CUST_18b8,Supasita Sooksawang,xbunlupong@hotmail.com,09-9033-4220,84744 Polpo Center Suite 748,West Chaifah,New Pannawichside,62139,Western,2008-05-21,Other,Other,2026-02-23
CUST_4085,Patcharaporn Trikasemmart,chayanin52@hotmail.com,08-9660-3718,64288 Phusilarungrueng Unions,East Nutkrita,Charoensuksopolchester,94044,Central,1995-12-12,Male,Widowed,2022-07-27
CUST_ee9d,Teetat Sukhenai,kboonpungbaramee@yahoo.com,08-3402-5777,11115 Nattawun Lane,North Pakjira,West Noppakaochester,75303,Central,1994-09-23,Male,Widowed,2026-03-18
CUST_5e48,Pornchanok Youprasert,prameskongchayasukawut@hotmail.com,06-0039-1639,316 Bunlerngsri Track Apt. 533,Peemview,North Yada,84688,Northern,2008-10-21,Other,Single,2025-09-25
CUST_a790,Chawin Pitanuwat,chaifahbunlerngsri@yahoo.com,06-7156-5218,68640 Phubes Mountains Apt. 644,Jitrinburgh,Atitstad,86497,Western,1990-02-25,Male,Divorced,2023-10-14
CUST_2401,Jinjuta Losatapornpipit,sitiwat50@hotmail.com,06-5414-9882,967 Kamalanon Overpass,Tianvarichbury,Sireelertstad,88902,Central,1994-01-03,Male,Other,2023-07-19
CUST_6ecf,Chayanin Sittisaowapak,atit94@yahoo.com,08-5244-6099,0723 Losatapornpipit Ferry,Pornchanokport,West Kamolchanok,37974,Central,1996-09-25,Other,Single,2023-08-09
CUST_549a,Thanatcha Suraprasert,kumsoontornnutcha@gmail.com,09-0182-4112,0250 Chawin River,Youprasertton,Jinjutamouth,68088,Central,1996-08-17,Other,Widowed,2024-10-01
CUST_73da,Nattawun Charoensuksopol,jaruwansujjaboriboon@hotmail.com,06-6279-8460,980 Chaihirankarn Lodge Suite 596,East Yada,Norramonhaven,66963,Northern,2003-08-12,Male,Single,2023-12-05
CUST_d652,Sittikorn Matinawin,pachongruk58@hotmail.com,08-8452-9352,33055 Trikasemmart Cape Suite 686,Chomsriborough,Pintusornborough,62165,Central,1976-07-15,Female,Widowed,2023-12-02
CUST_0458,GEN Chanya Phusilarungrueng,sorattanachaithanatcha@gmail.com,09-6512-9552,20080 Prayoonhong Hill,New Yanisa,New Prima,73767,Central,1981-08-03,Male,Widowed,2023-07-25
CUST_7832,R ADM Tunradee Boonpungbaramee,chalisapermchart@hotmail.com,06-8738-5292,944 Permchart Freeway Suite 228,South Sarunporn,Chalisaburgh,16669,Northern,1987-08-14,Male,Single,2025-04-26
CUST_7ce1,Pak Methavorakul,sitiwat82@hotmail.com,09-4061-5807,64899 Tianvarich Tunnel,Nutchaport,Lake Jitrin,19409,Central,2000-05-24,Other,Married,2025-09-20
CUST_db60,Pachongruk Pianduangsri,wimolnotarisara@hotmail.com,08-8403-5657,739 Chaisatit Prairie,South Pattamonfort,South Peem,28953,Northern,1992-02-23,Male,Single,2023-01-01
CUST_2aef,Arisara Chaisatit,suwijuksooksawang@gmail.com,09-8229-3868,162 Kumsoontorn Lodge Suite 988,Neerachapongchester,South Pak,59025,Western,1990-02-26,Female,Married,2024-10-02
CUST_2c06,Nutcha Benchapatranon,thantananontpachongruk@hotmail.com,08-2556-4734,70775 Patchaploy Lane,Pikatsingkorntown,West Tunchanok,25023,Central,1997-09-23,Male,Single,2023-07-27
CUST_577b,POL LT GEN Kamolchanok Sujjaboriboon,wannapaitoonsrichayanin@yahoo.com,08-6062-3400,81655 Posalee Drive,Port Atittown,Pachongrukfort,71690,Central,2008-12-02,Other,Divorced,2023-04-28
CUST_0a98,Kodchaporn Sireelert,esuraprachit@hotmail.com,08-1741-0386,52815 Patchaploy Forges Suite 282,Chowitunkitborough,Port Sorawutberg,49872,Western,1988-12-10,Female,Married,2025-11-06
CUST_b7b6,Jinjuta Sujjaboriboon,tsiripaiboo@hotmail.com,06-0258-7640,6405 Anon Harbors,South Supasita,East Sitiwat,12852,Southern,1993-09-18,Male,Divorced,2024-09-07
CUST_dfc0,Sarunporn Suraprachit,pikatsingkornphubes@yahoo.com,08-3412-9857,81256 Prima Junctions Suite 298,Norramonborough,Pitanuwatfort,32627,Central,2003-09-23,Male,Divorced,2021-05-01
CUST_e215,Todsawun Lertsattayanusak,chayapatsuraprachit@gmail.com,06-4109-4061,9746 Prachayaroch Drive Suite 911,Pongpanitchport,South Patchaploy,26781,Central,2003-09-11,Other,Single,2025-03-23
CUST_e3b3,POL COL Nutcha Trikasemmart,nutchakamalanon@yahoo.com,09-9881-6315,469 Wassaya Run Suite 113,East Chaiwut,Port Patchaploy,86398,Northeast,2000-11-09,Male,Married,2024-09-23
CUST_74d8,POL CAPT Wasin Matinawin,kongchayasukawutsorawut@hotmail.com,08-8784-3850,863 Chaihirankarn Prairie Apt. 566,New Chanya,Suwijukmouth,93929,Central,1989-02-11,Other,Single,2022-07-27
CUST_be70,Chanya Sittisaowapak,kulnun47@hotmail.com,08-5525-8034,4248 Wannapaitoonsri Cliffs Suite 069,Lake Jitrinshire,Port Patchaployville,16731,Central,1994-09-22,Other,Divorced,2026-01-03
CUST_af90,Pakjira Wimolnot,pachongruk96@hotmail.com,06-0607-4195,3837 Yada Lights Suite 536,Apisarafurt,Padamouth,24492,Central,1991-04-22,Female,Divorced,2023-06-19
CUST_b5fb,Chayanin Anekvorakul,methavorakulkodchaporn@hotmail.com,06-0683-9702,739 Todsawun Green,Port Noppakao,Chaihirankarnberg,07575,Central,1999-01-28,Male,Married,2023-10-13
CUST_6653,Chayapat Polauaypon,sorawuttitipatrayunyong@gmail.com,08-4753-3853,1454 Boonpungbaramee Road Suite 374,Teetatview,Intaumtown,02165,Southern,1984-11-19,Male,Single,2024-07-15
CUST_8fb5,Sorawut Benchapatranon,thanatcha47@gmail.com,09-8278-0581,0184 Chaiwut Rest,Pawanberg,Port Sarunporn,68679,Central,1988-03-27,Other,Married,2023-05-28
CUST_8385,Puntira Bunlerngsri,sitiwatboonpungbaramee@hotmail.com,08-7460-1024,32821 Wasunun Orchard Apt. 795,Lake Kamolchanok,Nutkritaville,69664,Central,2005-01-02,Other,Divorced,2022-09-01
CUST_73f5,PHRAKHU VINAIDHORN Thanatcha Habpanom,puntiraprachayaroch@gmail.com,09-4316-6016,7749 Kitprapa Shoal,Lake Nutcha,Supasitaville,23089,Central,1993-04-19,Male,Married,2022-10-19
CUST_1473,Suvakit Chomsri,wkitprapa@gmail.com,09-1219-2263,096 Pannawich Lakes Apt. 419,Port Sitiwat,Lake Atitburgh,19526,Central,2001-08-21,Female,Widowed,2025-06-27
CUST_36c5,Tunradee Chaisatit,prakalpawongnattawun@yahoo.com,06-4408-6491,66440 Turongkinanon Bypass Suite 470,Wimolnotbury,South Chaiwutfort,08905,Northern,2006-10-02,Other,Widowed,2023-02-15
CUST_90f2,Chayapat Kongchayasukawut,nutkritathantananont@gmail.com,08-9992-7292,6298 Siripaiboo Club,Port Nutkrita,Apisaraberg,44882,Northeast,1986-03-08,Male,Married,2021-06-25
CUST_89f5,Nattawun Vethayasas,arisara97@yahoo.com,06-8600-8017,6168 Phusilarungrueng Islands Apt. 090,North Nutcha,Lake Phubes,07109,Central,1997-03-17,Other,Widowed,2024-02-13
CUST_4eb3,Chayanin Sittisaowapak,supasitintaum@hotmail.com,06-4157-9481,429 Bunlerngsri Rue,Darinmouth,Todsapornpitakulland,78969,Central,2003-09-07,Other,Other,2024-07-11
CUST_9213,PHRASAMU Arisara Bunlerngsri,pikatsingkornpannawich@hotmail.com,08-7348-8535,590 Kulnun Fords,East Pattatomporntown,Chawinton,54857,Central,1996-12-22,Other,Divorced,2023-04-28
CUST_c624,Chaiwut Krittayanukoon,jitrin11@yahoo.com,08-5984-2764,0513 Siripaiboo Knolls Apt. 281,Norramonstad,Chomsristad,29204,Western,1993-11-27,Female,Widowed,2026-05-15
CUST_0f65,Phubes Todsapornpitakul,choeychuenpintusorn@gmail.com,06-2125-0423,3279 Phusilarungrueng Greens,Yanisashire,Trikasemmartburgh,63126,Central,1993-09-13,Other,Widowed,2023-11-14
CUST_d6c4,Sittikorn Turongkinanon,kamalanonsarunporn@hotmail.com,06-0949-1248,2010 Sooksawang Mill Suite 968,East Pawanfurt,North Yanisaborough,12199,Central,1989-10-23,Male,Other,2022-04-26
CUST_7eae,Darin Prachayaroch,yadapitanuwat@hotmail.com,08-5161-9750,4195 Nutkrita Trail,Wannapaitoonsribury,North Pitipatmouth,20140,Central,1988-11-28,Male,Single,2021-04-02
CUST_3d2c,Pannawich Sooksawang,wimolnotsarunporn@yahoo.com,08-3753-3031,7872 Prachayaroch Shoals Apt. 755,Boonpungbarameemouth,North Chanikanside,53758,Central,1991-03-07,Female,Single,2024-12-24
CUST_4e08,Ratchanon Wasunun,sitiwat57@yahoo.com,08-2614-5827,672 Kamolchanok Underpass,Atitfort,Kulnunfort,38572,Central,1991-06-01,Male,Single,2023-09-19
CUST_742e,SEA-MAN Kulnun Anekvorakul,skongsri@yahoo.com,08-4299-5559,469 Chanikan Stream Apt. 720,Vinyuvanichkulborough,North Suvakit,75597,Northern,1997-10-19,Female,Other,2026-02-21
CUST_46ae,Sitiwat Charoensuksopol,chowitunkitpintusorn@yahoo.com,09-3061-8331,59003 Aunyaporn Spring,Kunapornstad,Lake Apisarafort,79712,Southern,1997-07-04,Male,Married,2024-05-24
CUST_ad66,Pintusorn Sukhenai,nattawunsiripaiboo@hotmail.com,08-9548-0811,88864 Pitipat Estates Apt. 440,Benchapatranonshire,Chowitunkitmouth,38081,Central,1987-05-19,Other,Married,2026-03-07
CUST_7bd1,Yanisa Prakalpawong,padapikatsingkorn@gmail.com,09-5436-1745,08839 Titipatrayunyong Ramp,Chanyahaven,New Ratchanonville,65564,Central,1995-03-03,Female,Widowed,2026-02-28
CUST_8819,Supasita Suraprachit,chaihirankarnsitiwat@yahoo.com,06-5843-9205,647 Wasin Orchard,New Yada,East Prima,63294,Central,2000-11-01,Other,Divorced,2022-04-04
CUST_385d,Pattatomporn Pitanuwat,tungkasethakulchaiwut@yahoo.com,09-6510-8522,44690 Chaiwut Field,Pikatsingkornmouth,Lake Chanyamouth,95144,Western,2002-10-06,Male,Other,2025-07-16
CUST_ad91,Atit Permchart,ppermchart@yahoo.com,06-0703-1668,22630 Prames Shoal Apt. 699,South Nutcha,Wannapaitoonsriview,96065,Northern,1984-04-25,Female,Single,2025-02-21
CUST_cf30,Sarunporn Pikatsingkorn,vinyuvanichkulsarunporn@gmail.com,06-5174-9972,68395 Chowitunkit Inlet Apt. 836,Ratchanonfort,Atitberg,19797,Central,1991-10-08,Female,Single,2023-02-11
CUST_18ff,Kulnun Vethayasas,peempolpo@gmail.com,08-3834-5738,15999 Nichakarn Flats,Lake Sorawutmouth,Pattaponview,20290,Western,1992-02-13,Male,Married,2024-03-09
CUST_48e4,POL SUB LT Kamolchanok Titipatrayunyong,nutchabenchapatranon@yahoo.com,06-6718-7636,841 Nutcha Roads,Sujjaboriboonton,Wannapaitoonsriville,49311,Eastern,1995-07-04,Male,Other,2024-12-27
CUST_2825,Aunyaporn Prakalpawong,pichpandechapatchaploy@hotmail.com,06-9769-9588,2136 Pak Glens Apt. 908,Permchartburgh,Port Parinton,62772,Northeast,1990-01-27,Female,Widowed,2023-06-04
CUST_cdc3,Pitipat Kamalanon,suvakittungkasethakul@hotmail.com,09-5972-0915,0823 Pattapon Forges Apt. 649,East Pattatompornbury,East Wassaya,49125,Central,1997-07-17,Male,Married,2023-10-15
CUST_666a,Pintusorn Benchapatranon,schowitunkit@yahoo.com,06-6918-5179,9639 Chaiwut Stream Suite 070,New Phenphitcha,Vethayasasview,69391,Western,1981-12-15,Male,Widowed,2024-06-26
CUST_52e0,Pintusorn Methavorakul,pattamon58@yahoo.com,06-2030-0440,24078 Pawan Unions Apt. 878,Anonland,Choeychuenview,33452,Central,2006-04-14,Male,Divorced,2023-11-01
CUST_eb3b,Wasin Chaihirankarn,pattatomporn09@hotmail.com,09-2054-6076,7224 Chaifah Fords Suite 722,South Phubesbury,New Nutkrita,37644,Central,1993-03-01,Female,Single,2024-06-10
CUST_be47,Chalisa Pasuk,pianduangsrinattawun@hotmail.com,09-7815-3711,536 Methavorakul Neck,North Nattawunbury,Benchapatranonbury,42866,Northern,1994-02-22,Other,Divorced,2022-03-20
CUST_8039,Yanisa Kongchayasukawut,kmatinawin@gmail.com,09-8548-7826,50518 Suvakit Green Apt. 342,Lake Nutwadeestad,Prayoonhongfurt,49079,Northeast,1995-03-14,Female,Married,2024-04-12
CUST_9968,Pornchanok Chomsri,apisarawannapaitoonsri@hotmail.com,09-7452-9519,56143 Kitprapa Crest,Lake Supasitafort,East Prames,65759,Central,2008-02-13,Male,Widowed,2025-08-27
CUST_4843,Sarunporn Kongchayasukawut,permchartnutcha@hotmail.com,08-0677-1333,749 Atit Junction Apt. 584,Port Yanisa,Turongkinanonside,53622,Central,2008-10-03,Female,Other,2026-01-02
CUST_2eb8,LT Yanisa Chomsri,xsukhenai@hotmail.com,09-0426-4613,39251 Kamalanon Meadows Apt. 288,Nutchastad,Lake Pattamonhaven,25674,Central,2004-06-05,Male,Other,2025-12-16
CUST_bb1a,Pannawich Pitanuwat,rpongpanitch@hotmail.com,09-1283-4000,37667 Vethayasas Burg Suite 294,Chomsrimouth,Losatapornpipitberg,94075,Eastern,1999-11-26,Other,Widowed,2023-07-06
CUST_df47,Pannawich Choeychuen,vinyuvanichkultunchanok@gmail.com,09-9724-1494,7239 Prakalpawong Views Apt. 639,Trikasemmartport,Chaiwutshire,20356,Northeast,2001-06-03,Other,Widowed,2022-11-18
CUST_b5b7,Tunchanok Pikatsingkorn,chayapat62@gmail.com,09-9716-0559,1668 Pakjira Cliff Apt. 101,West Pornchanokborough,Phubesshire,46744,Northern,1998-03-28,Other,Widowed,2021-05-12
CUST_3422,Supasita Polauaypon,chawinposalee@yahoo.com,08-8150-0422,511 Polauaypon Turnpike,Chaifahfort,Port Teetat,60675,Central,1988-04-10,Other,Widowed,2021-04-25
CUST_96cc,FS 1 Patchaploy Suraprasert,tungkasethakulthanatcha@hotmail.com,06-3867-0194,4687 Todsapornpitakul Skyway Suite 031,Supasitamouth,West Atitfurt,60221,Northern,1981-09-25,Female,Single,2024-04-23
CUST_c079,Tunradee Kongchayasukawut,benchapatranonjitrin@gmail.com,09-7060-7609,5590 Tianvarich Rest,Lake Wassayahaven,Pianduangsriborough,04053,Eastern,1998-06-10,Male,Married,2021-08-12
CUST_42ea,Noppakao Sooksawang,prima34@yahoo.com,06-9099-2471,544 Suraprasert Pine Suite 343,East Arisarafurt,North Chanyaburgh,87923,Northeast,2003-04-19,Male,Single,2026-02-04
CUST_45d6,Chayanin Vethayasas,epermchart@hotmail.com,08-8279-1839,67353 Nattawun Mountains,Kongchayasukawutborough,Chawinshire,82632,Northeast,1990-09-06,Other,Widowed,2026-01-02
CUST_2702,Anon Norramon,nichakarn98@hotmail.com,09-1174-1118,41985 Sarunporn Mountains Apt. 946,Port Jitrin,South Sittikornmouth,67327,Northern,2005-07-19,Male,Single,2021-01-14
CUST_0590,Yada Suraprachit,sarunporn81@hotmail.com,06-5743-5103,9022 Habpanom Ways,Kitprapaside,West Nattawunhaven,89981,Central,1998-09-07,Female,Married,2022-04-18
CUST_3a5a,Sorawut Pitanuwat,vinyuvanichkulpannawich@yahoo.com,09-8210-0799,29331 Atit Plaza,South Patchaploy,Lake Yanisaburgh,91132,Northern,1988-10-19,Female,Married,2024-10-16
CUST_d9d7,Apisara Sujjaboriboon,pattapon13@hotmail.com,08-4839-6995,56435 Supasita Corner Apt. 906,West Atittown,Lake Thanatchabury,05228,Southern,1999-03-18,Male,Single,2024-02-03
CUST_5d10,Chanikan Chaihirankarn,tpongpanitch@yahoo.com,09-4159-1307,57636 Kumsoontorn Parks,Lake Pattatompornhaven,North Peemchester,29575,Eastern,1998-04-04,Male,Single,2021-06-10
CUST_4d54,Patchaploy Vethayasas,peem95@yahoo.com,09-3187-7431,76296 Parin Tunnel,Noppakaohaven,West Pattatomporn,73237,Central,2001-09-24,Male,Widowed,2025-07-12
CUST_b87d,Thanatcha Chaihirankarn,qprayoonhong@hotmail.com,09-7287-8505,0590 Ratchanon Place,South Chanikanchester,Lake Wassayahaven,34614,Northern,1992-02-15,Other,Other,2021-12-16
CUST_8335,Anon Srisoontorn,phenphitcha06@hotmail.com,09-3380-3086,21875 Thanatcha Walks,Vethayasasberg,Port Chayanin,62441,Central,1997-08-23,Other,Widowed,2024-03-27
CUST_429c,Pak Permchart,teetatchaisatit@hotmail.com,06-9798-6239,49464 Chaihirankarn Ford Apt. 302,East Kulnunhaven,Lake Yadafurt,38535,Central,1998-04-17,Male,Married,2021-07-09
CUST_d347,Chayapat Pikatsingkorn,pattamon55@gmail.com,08-1361-5118,97214 Anon Ports Suite 264,Wimolnotside,East Chanyaland,56924,Central,2000-10-12,Other,Married,2023-01-14
CUST_3e0e,Pornchanok Srisoontorn,permchartpada@hotmail.com,08-1966-3144,92354 Sujjaboriboon Brook,Anekvorakulside,North Yanisa,16119,Northern,2000-02-21,Male,Single,2023-03-12
CUST_3d08,Pada Kamalanon,kchomsri@yahoo.com,06-0172-7678,0881 Prakalpawong Courts,Port Thanatchafort,Yadamouth,69430,Northern,1994-01-25,Male,Widowed,2025-09-28
CUST_4748,Supasit Pichpandecha,padatitipatrayunyong@yahoo.com,06-3275-4862,6843 Anekvorakul Flat Apt. 332,East Pattamon,East Phubeshaven,56607,Central,1992-09-15,Male,Other,2025-02-13
CUST_18df,Kamolchanok Lertsattayanusak,pikatsingkornwasin@yahoo.com,08-4580-7078,6654 Srisoontorn Circle,Lake Nutwadee,Polauayponborough,96730,Northern,1989-10-05,Female,Single,2021-12-23
CUST_c2e3,Pawan Matinawin,nutkrita18@gmail.com,08-7219-4374,0192 Kitprapa Track,East Sarunpornland,Port Supasita,43531,Northern,1994-03-18,Male,Married,2025-12-05
CUST_0131,Anon Pianduangsri,phusilarungruengchanya@gmail.com,08-1452-6465,49273 Methavorakul Divide Apt. 246,Lake Jitrinhaven,North Pachongruk,59799,Northern,1987-12-23,Other,Other,2026-03-27
CUST_9e11,Wasin Prakalpawong,sorawut84@gmail.com,08-0414-0586,79702 Phubes Mission,Chaiwutside,New Patchaploy,10106,Northeast,2000-04-11,Female,Other,2023-04-28
CUST_5f01,MRS Nutcha Bunlerngsri,pongpanitchpattamon@gmail.com,08-1130-9144,91288 Prachayaroch Ferry Suite 854,South Pornchanokside,West Chayapat,11919,Northern,2008-04-01,Other,Divorced,2023-07-11
CUST_74a8,Wasin Bunlerngsri,polporatchanon@yahoo.com,06-7305-0569,88787 Prayoonhong Rapid,Chayapatton,Kodchapornview,33059,Central,1987-11-17,Female,Widowed,2024-04-06
CUST_ac4d,Pawan Sireelert,phusilarungruengatit@hotmail.com,08-2625-9512,18516 Nutcha Dam Suite 358,South Parinside,Port Patcharaporn,71158,Western,1997-12-22,Other,Other,2022-06-20
CUST_8cc5,LT Nutkrita Permchart,darin54@hotmail.com,08-5659-6252,929 Intaum Prairie Suite 453,Kamolchanokborough,Teetatborough,51037,Central,2004-01-25,Female,Married,2026-01-13
CUST_d627,Tunradee Sorattanachai,kulnun94@yahoo.com,08-4797-6219,257 Pitipat Village,Lake Kamolchanokfurt,East Nichakarn,77983,Northeast,1996-06-08,Male,Single,2023-09-02
CUST_583a,Apisara Phusilarungrueng,lsireelert@yahoo.com,06-4186-4904,3840 Bunlupong Neck Apt. 134,Sukhenaitown,Kodchapornland,00591,Northeast,1995-07-01,Other,Single,2024-05-23
CUST_c91b,POL GEN Kulnun Boonpungbaramee,pak73@gmail.com,08-9827-8832,0799 Nutwadee Stravenue,Polpobury,Lake Prima,56895,Northern,2000-06-17,Male,Single,2023-12-07
CUST_b051,LT Nutwadee Pongpanitch,chayapat45@hotmail.com,06-9296-5226,167 Prames Circle,New Patchaploy,Kongsriland,86190,Central,1997-12-20,Male,Divorced,2021-04-19
CUST_85a4,Atit Kitprapa,anekvorakulsupasita@gmail.com,09-2900-4555,372 Anekvorakul Lake Suite 449,South Chayanin,South Yada,85207,Northern,2005-02-16,Female,Married,2025-11-19
CUST_2924,Pannawich Youprasert,sorattanachaianon@hotmail.com,08-9467-3940,580 Sireelert Drives,North Chanyaborough,Pichpandechastad,82228,Central,1989-12-24,Male,Divorced,2025-09-04
CUST_82c9,Sarunporn Kamalanon,ypolauaypon@gmail.com,09-6760-4051,50377 Norramon Plaza,Pothanunchester,Pachongrukmouth,91450,Central,1997-10-13,Male,Other,2026-01-17
CUST_3d4a,Atit Srisoontorn,wasin16@hotmail.com,08-9462-2334,513 Charoensuksopol Curve Apt. 975,Chaiwutfurt,Kittakuntown,42410,Northeast,1998-04-18,Female,Widowed,2021-03-19
CUST_a5b7,Yada Thantananont,jneerachapong@hotmail.com,06-4826-5888,09794 Vinyuvanichkul Track,Pianduangsrifort,New Tunchanok,55109,Northern,1993-01-14,Male,Married,2024-07-13
CUST_9bd8,Thanatcha Kitprapa,chaiwut60@gmail.com,06-2353-1532,8288 Anon Hills,Noppakaoville,Port Darin,63532,Northern,1984-06-01,Male,Married,2022-10-15
CUST_9382,Wasin Wannapaitoonsri,sujjaboriboonchanikan@hotmail.com,06-6100-8855,12790 Puntira Skyway,South Supasitville,Noppakaoburgh,30854,Northern,1984-10-22,Other,Widowed,2024-07-26
CUST_14c2,S M 1 Yanisa Wimolnot,pornchanoktodsapornpitakul@gmail.com,08-1741-0850,9124 Ratchanon Mews Suite 142,Wannapaitoonsrihaven,Chowitunkitshire,41112,Eastern,2007-11-25,Other,Married,2021-05-07
CUST_9c90,Supasit Neerachapong,noppakao45@yahoo.com,09-1732-6385,703 Sorattanachai Mountains,New Suvakitfort,New Teetat,89139,Central,1996-11-14,Female,Married,2022-07-03
CUST_2f9a,Jaruwan Permchart,pattatompornbunlerngsri@hotmail.com,09-0609-3257,39958 Darin Knolls,Lertsattayanusakchester,North Jaruwanfurt,60046,Northeast,1989-08-14,Female,Widowed,2026-02-01
CUST_1568,Chaifah Turongkinanon,lsooksawang@gmail.com,09-0649-5123,33537 Pikatsingkorn Plaza,East Atit,Titipatrayunyongberg,67478,Central,2002-03-19,Other,Divorced,2026-05-28
CUST_b1ff,Anon Todsapornpitakul,kittakunchayapat@hotmail.com,08-7672-3971,01740 Habpanom Cliffs Apt. 982,West Nutwadee,Pongpanitchshire,64166,Central,2005-07-08,Male,Other,2021-10-21
CUST_f8a6,Kunaporn Turongkinanon,chayapatwimolnot@yahoo.com,08-5535-7833,752 Wassaya Station Suite 770,Phusilarungruengland,East Sittikorn,89254,Eastern,2008-06-13,Female,Single,2026-01-07
CUST_b399,Pakjira Vinyuvanichkul,suraprachitsuwijuk@hotmail.com,09-2770-9927,9880 Sorawut Cape Suite 157,Phubesland,East Tunradee,69081,Central,1994-03-19,Male,Other,2024-06-05
CUST_36ed,Pornchanok Sukhenai,ratchanonchaihirankarn@yahoo.com,08-6511-0497,99234 Charoensuksopol Fork Suite 930,New Jitrinfort,Pornchanokland,28131,Central,1985-08-04,Female,Divorced,2023-11-26
CUST_655a,LT JG Jaruwan Prachayaroch,kitprapaniracha@hotmail.com,06-8549-5996,505 Prakalpawong Estate,Lake Noppakaotown,New Chawinfurt,68508,Northeast,1995-11-21,Female,Widowed,2024-10-09
CUST_cb15,POL CPL Chayapat Srisoontorn,kunaporn95@gmail.com,09-6929-9326,24217 Kittakun Locks Suite 619,Chanyafurt,Tianvarichbury,79243,Northern,1994-09-23,Female,Other,2022-10-27
CUST_775b,Thanatcha Turongkinanon,phubestodsapornpitakul@gmail.com,09-5480-5088,69036 Prames Ports Suite 021,East Pattatompornmouth,Youprasertchester,73720,Central,1994-11-02,Male,Widowed,2024-07-01
CUST_18d5,Supasit Chomsri,uchoeychuen@gmail.com,06-6662-6601,541 Prima Estates Apt. 177,Youprasertchester,North Nutcha,05709,Northeast,1999-12-06,Female,Single,2025-08-18
CUST_857e,Jaruwan Srisoontorn,kongsrinattawun@gmail.com,08-3852-7514,1125 Sireelert Brooks,North Sorawut,Prayoonhongberg,64409,Central,2003-08-28,Male,Widowed,2022-02-20
CUST_0cf3,REV Pattapon Prachayaroch,sooksawangchalisa@yahoo.com,09-4955-4643,61759 Wannapaitoonsri Loaf Apt. 376,Pornchanokfort,Patchaployberg,37590,Central,1999-07-03,Male,Divorced,2021-02-23
CUST_2bac,SUB LT Pattamon Methavorakul,lertsattayanusaksupasita@hotmail.com,06-3627-8019,2203 Wannapaitoonsri Fords Apt. 976,East Nutwadeeton,Nutwadeefurt,95600,Eastern,2004-07-01,Other,Single,2023-10-19
CUST_5da2,Nutwadee Wasunun,yanisa59@yahoo.com,09-6452-6370,263 Suraprachit Pine Suite 459,South Anon,Bunlerngsriborough,18589,Northern,2008-04-13,Female,Single,2022-11-10
CUST_6693,Patchaploy Methavorakul,srisoontornpatchaploy@hotmail.com,06-0330-2224,7225 Wannapaitoonsri Square Suite 764,Sooksawangville,New Chanikanshire,64802,Central,1994-05-22,Male,Married,2024-06-28
CUST_ecb0,Patcharaporn Youprasert,ksuraprachit@gmail.com,08-6547-6404,1707 Sorawut Lodge Apt. 319,North Jaruwanton,Port Pitipatchester,93032,Northern,1992-12-17,Female,Single,2025-10-22
CUST_562c,Chawin Sorattanachai,suraprachitpuntira@gmail.com,08-0204-6370,39609 Yada Loaf,Lake Jinjuta,West Supasitaburgh,41127,Northern,2008-08-08,Other,Married,2026-05-09
CUST_fab0,Peem Lertsattayanusak,ratchanontianvarich@hotmail.com,09-5188-1570,99440 Tianvarich Garden,West Atitburgh,Tunchanokborough,12605,Eastern,2004-05-11,Female,Divorced,2025-02-14
CUST_dc05,POL CAPT Nutwadee Choeychuen,chawinyouprasert@hotmail.com,08-0941-6120,0714 Sukhenai Streets Apt. 452,Chaifahport,Padastad,07670,Northern,1996-08-28,Other,Other,2024-05-25
CUST_5fa5,Chayanin Tungkasethakul,youprasertaunyaporn@hotmail.com,06-5326-8104,874 Thantananont Lock Apt. 182,East Nirachaton,Tianvarichland,49672,Northern,1986-03-13,Female,Married,2025-05-17
CUST_0edf,Pattatomporn Pitanuwat,darin86@hotmail.com,08-7972-1366,1654 Yada Ports,Posaleemouth,Nutkritaside,73521,Northeast,2008-03-25,Male,Other,2023-10-18
CUST_f576,Nichakarn Prakalpawong,pitanuwatpornchanok@gmail.com,09-6840-6682,5821 Bunlupong Light Apt. 436,Chalisaland,Port Wassaya,85036,Western,1998-06-27,Female,Married,2024-12-20
CUST_c09e,Jinjuta Polauaypon,kamalanonsuvakit@yahoo.com,09-4099-3824,86717 Wassaya Shores Suite 146,Chalisaborough,East Nutchashire,48909,Northern,1995-04-04,Female,Widowed,2021-10-06
CUST_a630,S M 1 Aunyaporn Methavorakul,iintaum@hotmail.com,08-3546-2029,9790 Phusilarungrueng Fork Apt. 231,Patcharapornmouth,Primamouth,87589,Northeast,2008-06-14,Male,Other,2023-10-06
CUST_eb36,Ratchanon Choeychuen,chabpanom@yahoo.com,08-5217-7192,966 Pianduangsri Common Suite 406,New Yanisaview,Lake Padabury,74848,Central,1991-08-17,Female,Other,2026-05-27
CUST_10d3,Pattamon Pothanun,nutchaprachayaroch@gmail.com,06-2300-3340,643 Jaruwan Ford,New Primaberg,Lake Arisaraland,92035,Northern,1995-06-23,Male,Single,2024-04-05
CUST_8f03,Sorawut Todsapornpitakul,pintaum@hotmail.com,08-3936-9767,664 Pattatomporn Ramp,Nirachafurt,Neerachapongview,87211,Central,1985-11-13,Other,Single,2025-06-15
CUST_9c98,POL COL Yada Choeychuen,pada95@gmail.com,06-1490-9331,3705 Prames Shoal,Nutchamouth,Pitipatmouth,36455,Central,1987-06-20,Other,Married,2024-04-06
CUST_9b92,CAPT Tunradee Srisoontorn,vpitanuwat@hotmail.com,09-1926-4570,174 Charoensuksopol Coves Apt. 984,South Puntira,East Todsawunland,19326,Central,1997-11-04,Female,Other,2025-08-25
CUST_b97b,Pak Methavorakul,kongsrisitiwat@yahoo.com,06-1960-8964,89296 Ratchanon Cliffs Apt. 496,Lake Phenphitcha,East Wasin,88062,Central,1987-08-09,Male,Single,2025-02-09
CUST_81b9,Nichakarn Boonpungbaramee,chayapatpikatsingkorn@gmail.com,08-6023-9648,0261 Supasita Ports Apt. 141,Pitanuwatton,Wasinbury,32866,Central,1989-11-13,Male,Single,2025-08-15
CUST_806c,Supasit Kamalanon,mprakalpawong@yahoo.com,06-0471-0209,28780 Pattatomporn Green Suite 024,Port Nutkritaberg,Lake Chanyamouth,84981,Central,2006-10-07,Female,Single,2025-04-01
CUST_1bea,Pitipat Pongpanitch,chayapatsireelert@yahoo.com,08-7730-1585,77834 Chanya Overpass,Port Atit,Wassayamouth,69313,Northeast,1999-03-03,Male,Divorced,2024-10-15
CUST_b5c2,Ratchanon Chomsri,phenphitchaprachayaroch@gmail.com,08-2104-1213,1789 Pothanun Extension,North Tunchanokfurt,Port Nutkritaport,98447,Northern,2000-06-20,Female,Widowed,2024-09-17
CUST_95aa,Noppakao Pikatsingkorn,wimolnotdarin@hotmail.com,06-5767-4890,369 Charoensuksopol Curve,Prachayarochchester,East Puntirashire,69340,Eastern,1995-11-22,Male,Other,2025-03-27
CUST_87e2,Niracha Sukhenai,mkrittayanukoon@gmail.com,08-9700-8329,77298 Siripaiboo Port,Tunchanokberg,East Kamolchanok,73920,Northern,2005-03-10,Other,Married,2025-01-07
CUST_ba24,Kunaporn Chomsri,xkittakun@yahoo.com,06-4561-0341,60343 Sittisaowapak Spurs,Phenphitchaland,Pichpandechaborough,90477,Central,1999-06-06,Female,Other,2022-02-09
CUST_5f99,SGT Pawan Sukhenai,xvethayasas@yahoo.com,08-1705-1401,537 Methavorakul Lake,Thantananontmouth,West Pornchanokside,33281,Central,1995-09-24,Other,Widowed,2022-12-03
CUST_158d,FS 2 Pattatomporn Krittayanukoon,lertsattayanusakaunyaporn@yahoo.com,08-8123-2734,8652 Nutcha Rapid Suite 723,North Chayapatton,North Primaberg,43485,Northern,2008-02-19,Other,Married,2022-09-23
CUST_1f96,GP CAPT Noppakao Wannapaitoonsri,chayanin64@yahoo.com,08-1948-5850,9262 Tianvarich Ridge Suite 779,North Pachongruk,Pattamonmouth,55774,Central,2008-11-07,Other,Divorced,2025-04-25
CUST_cca1,Parin Methavorakul,parin03@hotmail.com,08-9213-9916,71642 Pintusorn Estate Apt. 999,East Teetatchester,Sireelertmouth,10366,Eastern,1986-02-03,Female,Widowed,2025-02-21
CUST_df8e,Chanya Pothanun,alosatapornpipit@yahoo.com,06-1664-6957,1606 Methavorakul Island Apt. 085,South Patchaploy,Pornchanokchester,01661,Central,1990-03-22,Female,Other,2025-11-05
CUST_31cd,Teetat Anekvorakul,rkongchayasukawut@gmail.com,08-1260-3931,375 Nutcha Mountain,North Chaiwut,East Pattatomporn,56246,Northern,2001-11-27,Male,Divorced,2023-10-04
CUST_b0a2,PHRAMAHA Phubes Kitprapa,wmatinawin@gmail.com,09-5332-5318,72509 Wannapaitoonsri Mount,East Kulnunbury,Tungkasethakulborough,99590,Central,2006-03-22,Male,Single,2024-06-04
CUST_9ee3,Phubes Norramon,sooksawangkamolchanok@gmail.com,08-4352-4723,834 Kittakun Freeway,Polpoport,North Thanatchaville,06997,Northern,2004-05-20,Female,Other,2024-02-13
CUST_0ee7,PHRA Atit Prayoonhong,sittikorncharoensuksopol@yahoo.com,06-8563-7614,6123 Yanisa Lane,Noppakaoland,Phubesport,67106,Northern,1989-06-06,Female,Single,2024-06-14
CUST_b01b,Suwijuk Kamalanon,darinsiripaiboo@yahoo.com,08-6002-0830,273 Pongpanitch Passage Apt. 729,Phenphitchamouth,Supasitamouth,04078,Northern,1998-02-07,Female,Divorced,2023-03-14
CUST_c340,Todsawun Neerachapong,chalisalertsattayanusak@yahoo.com,06-4855-3617,39373 Thantananont Inlet Apt. 102,Anonmouth,Lake Pattapon,58713,Central,1994-11-08,Female,Single,2023-09-20
CUST_91e9,PHRASAMU Patchaploy Pitanuwat,chalisapikatsingkorn@gmail.com,08-0922-2491,3489 Methavorakul Highway Apt. 951,Kulnunbury,Port Nutkritaville,64460,Northeast,1991-12-07,Other,Other,2025-10-28
CUST_b16e,ADM Pakjira Anekvorakul,phubesbunlerngsri@yahoo.com,06-9979-7880,996 Prachayaroch Passage Suite 510,Prachayarochmouth,Pachongruktown,57762,Northeast,1997-04-25,Male,Widowed,2024-11-25
CUST_7e89,Sitiwat Norramon,xprakalpawong@yahoo.com,08-3784-7312,62444 Todsawun Junctions Apt. 309,East Supasitport,East Pitipat,77125,Western,2000-01-20,Male,Divorced,2023-02-02
CUST_d3d3,Darin Pitanuwat,anekvorakuljinjuta@gmail.com,08-5342-5345,3314 Kongsri Roads Suite 177,Nutchaburgh,East Jitrinview,32935,Central,2008-11-20,Other,Single,2024-01-04
CUST_9f13,Patchaploy Kongsri,chaifah81@hotmail.com,09-3029-9671,113 Chanya Walks Apt. 069,North Yanisaborough,Port Chaifahbury,83755,Northern,1998-06-16,Female,Divorced,2021-07-13
CUST_d991,Ratchanon Pothanun,todsapornpitakulpawan@hotmail.com,09-4151-8092,73265 Anekvorakul Street Suite 300,East Wasinport,New Chawinfurt,22118,Northeast,1996-07-21,Male,Divorced,2024-05-18
CUST_3e91,Pachongruk Polpo,mphusilarungrueng@yahoo.com,06-5356-0194,159 Sarunporn Trace,Teetattown,Suraprachitchester,75872,Central,1991-05-16,Other,Divorced,2024-10-06
CUST_35e1,Patcharaporn Pikatsingkorn,pakjira61@gmail.com,09-3638-5225,11595 Tungkasethakul View Apt. 149,Noppakaohaven,West Prames,27243,Western,1997-10-05,Male,Widowed,2023-07-02
CUST_922d,Yanisa Kongsri,pannawich45@hotmail.com,08-4935-9380,48023 Benchapatranon Square,Choeychuenside,Nirachaview,90921,Northern,2003-01-03,Male,Married,2023-06-28
CUST_6565,Pannawich Habpanom,peem70@hotmail.com,08-9145-6840,275 Supasit Turnpike,Neerachaponghaven,West Nutkritafurt,78790,Central,1995-03-18,Female,Widowed,2026-03-15
CUST_74ae,CDR Prames Neerachapong,pak83@gmail.com,06-1555-7618,4406 Patcharaporn Tunnel,Port Sittikornhaven,West Tunradeeland,43743,Central,1986-04-22,Other,Single,2024-08-11
CUST_7236,Tunradee Phusilarungrueng,phenphitcha68@gmail.com,08-2721-4919,2388 Kittakun Field,South Noppakao,West Phubesside,04170,Central,1996-06-10,Female,Other,2021-04-13
CUST_2566,FLG OFF Ratchanon Norramon,chayapat46@yahoo.com,09-6823-7777,95152 Losatapornpipit Ferry Suite 705,Youpraserttown,Port Patchaploy,68893,Southern,2006-11-28,Male,Divorced,2025-11-12
CUST_5d40,Pada Thantananont,zpikatsingkorn@yahoo.com,08-5563-5716,88045 Chaihirankarn Drives,New Ratchanon,Nutchaberg,31422,Eastern,1994-10-22,Male,Married,2021-01-08
CUST_1cf3,Nichakarn Bunlerngsri,pakjira60@yahoo.com,06-5429-7023,24718 Anekvorakul Alley Apt. 609,Sujjaboriboonshire,North Nattawunburgh,10225,Southern,1993-07-26,Female,Married,2023-01-18
CUST_1a41,Chalisa Neerachapong,pattamonlertsattayanusak@gmail.com,09-0220-0882,33543 Neerachapong Hill Apt. 215,Nutchaton,Todsawunburgh,70666,Central,1990-06-09,Male,Widowed,2025-09-25
CUST_f9a6,Jinjuta Choeychuen,chawinprayoonhong@gmail.com,06-6173-1708,1515 Sarunporn Landing Suite 050,Lake Yanisatown,Pintusornbury,65711,Northern,1987-12-13,Female,Single,2022-06-28
CUST_659d,Pattatomporn Kongchayasukawut,bkittakun@yahoo.com,08-8710-2928,54416 Nattawun Valleys Apt. 921,East Apisaramouth,Chaifahshire,18532,Northeast,2000-11-07,Male,Other,2021-08-12
CUST_af97,Suwijuk Pothanun,supasita69@hotmail.com,09-0528-6572,99195 Thanatcha Lane,Port Peem,Turongkinanonmouth,06149,Northeast,1993-02-23,Female,Single,2024-07-24
CUST_6567,Supasita Posalee,kunapornthantananont@gmail.com,08-1599-8636,852 Wimolnot Garden Apt. 787,Aunyapornville,Prakalpawongstad,83821,Central,1989-02-08,Male,Single,2023-09-26
CUST_1eb8,Arisara Anekvorakul,rkumsoontorn@hotmail.com,08-0754-1264,899 Sorawut Neck,Anekvorakulfort,Port Kodchapornchester,83512,Eastern,2001-07-04,Female,Widowed,2024-11-02
CUST_b216,POL LT Pintusorn Pichpandecha,pawanyouprasert@hotmail.com,09-6989-9665,7072 Jitrin Heights Apt. 020,Siripaibooshire,New Ratchanon,60089,Central,1997-09-05,Female,Single,2026-05-09
CUST_0b74,Darin Losatapornpipit,pannawichpitanuwat@gmail.com,06-4757-9623,368 Peem Forest Suite 307,East Nutkrita,Nutchamouth,90593,Northern,2005-07-01,Other,Married,2024-02-10
CUST_3e10,Pachongruk Methavorakul,kboonpungbaramee@gmail.com,06-5206-3163,9264 Suraprachit Ports,Lake Chayapatmouth,Chanikanside,71372,Central,1997-10-01,Male,Widowed,2023-09-04
CUST_2e03,Ratchanon Tungkasethakul,sorawut95@gmail.com,06-7417-3811,833 Darin Square,Noppakaoside,Nichakarnview,08526,Northern,1997-07-05,Male,Divorced,2023-09-01
CUST_dc4b,Aunyaporn Suraprachit,pornchanok80@hotmail.com,06-1136-7550,533 Todsapornpitakul Cove,Sorattanachaichester,Lake Todsawun,70688,Northeast,1984-04-09,Other,Single,2024-03-01
CUST_38b9,MRS Tunchanok Kamalanon,sarunpornlosatapornpipit@gmail.com,06-2633-3667,07036 Chaifah Locks,Sireelertborough,Port Ratchanonton,88525,Northern,2003-09-05,Male,Single,2023-02-05
CUST_df12,Nichakarn Matinawin,iposalee@hotmail.com,09-9131-0056,734 Kamolchanok Fords Suite 166,Prayoonhongborough,Darinton,24520,Southern,1995-03-11,Other,Widowed,2023-06-27
CUST_776c,Jinjuta Norramon,methavorakulwassaya@gmail.com,08-4207-5395,6998 Kunaporn Court Suite 588,West Supasitland,East Supasitaport,64621,Central,1996-02-03,Female,Widowed,2021-12-23
CUST_a2e4,Kodchaporn Polpo,zkitprapa@gmail.com,09-2376-0821,57886 Suvakit Vista,Boonpungbarameehaven,New Chalisamouth,39653,Northern,2006-04-26,Female,Other,2026-01-01
CUST_48af,Noppakao Matinawin,kunaporn70@hotmail.com,09-1554-4590,783 Krittayanukoon Estates Apt. 561,West Supasitaside,East Kodchapornland,62353,Central,1978-05-02,Male,Single,2023-01-14
CUST_b0b2,Chanikan Kongchayasukawut,wsukhenai@yahoo.com,06-1765-3438,5411 Habpanom Green Apt. 327,Port Phenphitcha,South Chaifahport,16883,Northern,2000-05-12,Male,Married,2025-12-23
CUST_6e76,Chayanin Kittakun,thantananontchaiwut@gmail.com,09-4070-6211,908 Chayapat Gateway,Kongsriborough,Atitside,17457,Central,2000-03-05,Female,Single,2024-04-27
CUST_0306,Atit Todsapornpitakul,habpanomnutkrita@hotmail.com,06-4412-5811,0871 Anekvorakul Mountains,North Tunradeefort,North Nutchastad,67924,Northern,1995-02-22,Female,Married,2024-01-10
CUST_7f94,Pak Kamalanon,prakalpawongnattawun@gmail.com,08-1989-5653,52261 Charoensuksopol Fords,North Phubesview,Chaisatitport,95609,Central,2007-07-18,Female,Divorced,2024-03-19
CUST_6362,M L Teetat Polauaypon,chanya72@hotmail.com,08-8568-9196,6376 Thanatcha Stravenue Suite 114,West Pitipatborough,Nattawunfurt,46871,Northern,1997-03-04,Female,Other,2024-06-27
CUST_f4a4,PO 1 Chawin Suraprachit,patchaploytianvarich@hotmail.com,09-3446-0119,82160 Yada Cape,Chayapatbury,South Chanikanport,60968,Southern,1998-09-14,Other,Divorced,2024-11-22
CUST_14db,PHRAKHU SAMU Pintusorn Pianduangsri,ypothanun@hotmail.com,09-5907-7960,344 Prachayaroch Flats,Aunyapornville,South Apisaraport,20717,Central,1994-10-21,Female,Divorced,2024-06-21
CUST_1320,Nutcha Anekvorakul,ointaum@gmail.com,08-0386-5419,937 Choeychuen Summit Suite 613,Phubesview,East Sorawut,79359,Northern,1994-07-01,Other,Married,2026-02-07
CUST_d513,Chalisa Thantananont,prima88@yahoo.com,08-5630-7110,4222 Chaisatit Path Apt. 974,Trikasemmartshire,Prayoonhongmouth,56823,Northern,1993-05-25,Other,Widowed,2024-11-15
CUST_bbde,Apisara Benchapatranon,vinyuvanichkultunradee@hotmail.com,08-7556-5202,38851 Peem Plains,Pikatsingkornshire,Parinhaven,74982,Central,2005-10-04,Male,Other,2021-09-09
CUST_009e,Chalisa Bunlupong,intaumpada@yahoo.com,06-4670-2643,399 Thanatcha Landing,Suraprasertmouth,East Pannawichburgh,09926,Northeast,2000-07-08,Other,Married,2023-07-28
CUST_fa5c,Nattawun Pianduangsri,lbunlerngsri@hotmail.com,08-1471-2364,0156 Boonpungbaramee Mill Apt. 102,Lake Nirachamouth,Chayaninland,30119,Central,2008-07-12,Male,Widowed,2023-02-22
CUST_dbf5,Pitipat Turongkinanon,patchaploychaihirankarn@yahoo.com,09-1532-0156,7966 Jaruwan Passage,Intaummouth,Port Thanatcha,99567,Northern,1998-08-17,Other,Other,2026-02-05
CUST_458a,Chawin Chomsri,suvakit25@gmail.com,08-1603-2922,0403 Todsawun Court,Jinjutaville,Jinjutafurt,45965,Central,1989-07-26,Male,Divorced,2023-05-01
CUST_0f09,Nutcha Permchart,sittikorn09@yahoo.com,09-2272-0686,94051 Pachongruk Wells Apt. 707,Youprasertfurt,Tianvarichborough,62527,Northern,1992-11-04,Male,Widowed,2023-01-02
CUST_18b1,Chaifah Suraprasert,apisara57@gmail.com,08-3473-0836,60360 Pornchanok Springs,New Pada,Wasununchester,74997,Northern,1997-07-12,Other,Other,2021-07-08
CUST_abc7,Kulnun Wannapaitoonsri,pornchanokkongsri@gmail.com,06-9913-1961,5811 Pornchanok Brook Apt. 993,Pattamonside,Phusilarungruengbury,91512,Northern,2005-11-13,Other,Widowed,2026-04-28
CUST_7983,Puntira Krittayanukoon,primapongpanitch@gmail.com,08-7953-6555,918 Nichakarn Extension,Port Pawan,North Tunchanokland,15819,Northern,1998-05-10,Female,Married,2024-05-20
CUST_90a0,Chaifah Tungkasethakul,yanisavinyuvanichkul@gmail.com,08-2900-0548,5178 Chaiwut Corners Apt. 526,South Jaruwanborough,Lake Patchaploy,83406,Central,2001-12-14,Female,Married,2022-05-04
CUST_a456,Nutcha Choeychuen,chayapat06@hotmail.com,06-7141-9620,20793 Prakalpawong Station Suite 977,Port Supasit,Port Sitiwat,99036,Central,2008-01-25,Male,Other,2025-03-23
CUST_1190,Nutwadee Wasunun,banekvorakul@gmail.com,06-9444-8054,030 Sarunporn Parkways,New Pak,Choeychuenhaven,86359,Northeast,1985-03-19,Other,Single,2026-05-04
CUST_b59b,SEA-MAN Aunyaporn Srisoontorn,pannawich18@yahoo.com,06-1175-3005,99683 Polauaypon Trafficway Suite 763,Methavorakulfurt,North Kulnunfort,86400,Central,2002-01-13,Other,Single,2024-11-16
CUST_46d7,Chayapat Sorattanachai,pothanunnattawun@yahoo.com,09-9566-7564,733 Kamalanon Gardens Suite 438,North Yadaport,East Parinbury,88484,Central,1988-03-21,Other,Other,2024-09-22
CUST_2751,Nattawun Wannapaitoonsri,wassayawannapaitoonsri@gmail.com,08-1491-0697,147 Sorattanachai Cape,Pakjiraville,Padabury,78050,Central,1995-01-13,Other,Other,2024-06-14
CUST_e276,Yanisa Anekvorakul,chayanin60@hotmail.com,09-2379-7482,631 Phenphitcha Mission Apt. 142,Chaisatitmouth,North Supasita,25192,Northern,1998-05-16,Female,Widowed,2025-04-09
CUST_2dd4,Pintusorn Wannapaitoonsri,neerachapongsitiwat@yahoo.com,06-1387-1498,571 Turongkinanon Crest,Anonside,Teetatland,39852,Central,1996-04-17,Other,Divorced,2022-10-18
CUST_e50a,Phubes Turongkinanon,achoeychuen@gmail.com,06-2335-1305,6029 Prayoonhong Land,South Kulnun,West Primafort,76469,Central,1989-12-13,Male,Widowed,2021-07-20
CUST_6e87,Tunradee Bunlerngsri,yanisa00@gmail.com,09-4889-3903,82757 Kunaporn Forge,Chaifahmouth,Lake Yadafurt,10534,Southern,1978-09-02,Female,Divorced,2026-01-15
CUST_e3fa,Jinjuta Kongchayasukawut,nyouprasert@hotmail.com,08-7500-5094,7065 Suraprasert Avenue,Chaihirankarnport,New Prames,66370,Southern,2002-01-13,Female,Divorced,2025-10-17
CUST_451d,MAJ Anon Neerachapong,wprakalpawong@yahoo.com,09-2170-0154,898 Sarunporn Streets Apt. 999,Krittayanukoonview,Teetathaven,52521,Northern,1984-01-19,Female,Other,2022-07-05
CUST_9b2f,Thanatcha Polauaypon,todsawun80@yahoo.com,09-7868-3885,0144 Kongsri Landing,West Nattawun,New Supasitatown,85318,Northeast,1998-07-01,Other,Widowed,2023-03-02
CUST_a6ce,Todsawun Boonpungbaramee,teetatpermchart@gmail.com,06-9554-7672,23955 Yanisa Ports Apt. 554,Nutkritabury,Kitprapaton,58033,Central,1996-06-15,Female,Single,2025-02-16
CUST_5508,Wasin Choeychuen,permchartyanisa@hotmail.com,09-8197-6192,86300 Pawan Island,Port Sorawut,South Sittikornberg,77659,Central,2002-04-11,Male,Divorced,2025-10-17
CUST_d530,Todsawun Pitanuwat,kongchayasukawutparin@gmail.com,09-6881-9212,4105 Pattatomporn Dam,Port Pachongrukchester,East Pitipat,77251,Northern,2004-12-05,Other,Married,2021-04-08
CUST_fa7b,Suwijuk Sorattanachai,pattatompornsujjaboriboon@hotmail.com,08-3435-5880,533 Wasin Forges,Boonpungbarameefurt,Patcharapornmouth,32983,Northern,1991-01-22,Male,Widowed,2025-08-26
CUST_15cd,Nichakarn Norramon,kamalanonkulnun@gmail.com,08-1885-8656,19092 Niracha Brooks Suite 295,East Ratchanonside,New Tunradee,28352,Central,1994-05-22,Other,Widowed,2025-05-23
CUST_1654,Sitiwat Vinyuvanichkul,todsawun54@yahoo.com,09-8543-0053,054 Chalisa Fork,Port Pannawich,Port Pakjira,47609,Central,2000-12-20,Male,Married,2022-01-21
CUST_ad0a,Kamolchanok Kumsoontorn,kamalanonnutwadee@hotmail.com,09-5955-8207,3305 Phenphitcha Flat Apt. 246,Lake Pakjiraville,Port Pawanstad,63618,Central,2001-09-13,Female,Other,2026-03-11
CUST_ed30,Nutcha Pikatsingkorn,sitiwat56@hotmail.com,09-7231-8451,27660 Tungkasethakul Glens Apt. 676,West Prima,Port Tunradeehaven,70689,Central,2003-11-14,Male,Divorced,2025-02-06
CUST_bcd4,Chawin Sujjaboriboon,kturongkinanon@gmail.com,08-7794-9027,71844 Youprasert Crossing,Patchaployborough,South Nattawunshire,17257,Central,1987-04-16,Male,Married,2023-12-26
CUST_b794,Pawan Titipatrayunyong,ssujjaboriboon@hotmail.com,06-6449-9350,1370 Choeychuen Expressway,South Chayapatfort,Tianvarichchester,68936,Western,1996-10-02,Other,Single,2021-11-20
CUST_d475,Yada Turongkinanon,pianduangsriyada@gmail.com,09-5626-9127,308 Kittakun Circles,Wasintown,Teetatbury,22503,Central,1997-04-08,Other,Single,2023-06-08
CUST_c0cf,Nattawun Turongkinanon,sujjaboriboonchayanin@gmail.com,08-1900-1010,687 Tungkasethakul Cove,Jaruwanfort,Pitipatport,28845,Central,1998-07-20,Other,Divorced,2022-11-06
CUST_dc65,Ratchanon Vinyuvanichkul,pchaihirankarn@hotmail.com,08-1524-9439,8694 Pattapon Hills Apt. 131,North Supasitburgh,Chalisachester,74291,Northern,1992-04-22,Other,Divorced,2025-01-06
CUST_e623,Sittikorn Wasunun,pattamonintaum@gmail.com,09-0944-4889,586 Suvakit Harbor,New Phubes,South Anonhaven,91185,Central,1994-10-02,Male,Other,2025-08-10
CUST_5102,Suvakit Sujjaboriboon,polpopattamon@yahoo.com,06-3157-6745,1912 Kulnun Garden,North Pornchanokstad,West Nattawuntown,13027,Northeast,1990-02-25,Other,Other,2024-10-14
CUST_9b13,Jitrin Posalee,zchomsri@hotmail.com,09-8478-0414,9426 Chaihirankarn Rue Apt. 618,Sarunpornborough,Apisaraland,67788,Northern,2001-10-24,Female,Single,2024-10-24
CUST_c8eb,Pakjira Bunlupong,teetatwasunun@gmail.com,09-5895-3373,8012 Pitipat Turnpike,Pintusornland,Pakjirastad,06129,Central,1994-12-06,Other,Divorced,2024-11-24
CUST_3d09,Pornchanok Trikasemmart,chanyasittisaowapak@gmail.com,08-5370-1427,40102 Pachongruk Mission Apt. 567,West Nichakarnfurt,Sooksawangmouth,31018,Northern,1992-07-17,Other,Other,2025-09-09
CUST_8d91,Pak Phusilarungrueng,sittikornintaum@gmail.com,06-8123-2443,9924 Phusilarungrueng Mountain Suite 649,North Phubesstad,Sarunpornview,29623,Northern,1999-03-05,Other,Other,2024-10-21
CUST_081d,Kodchaporn Benchapatranon,pikatsingkornpachongruk@gmail.com,09-5091-6395,00569 Chanikan Stravenue,North Chalisa,Intaumborough,55930,Central,2000-05-09,Other,Other,2021-12-18
CUST_9243,Chaifah Kamalanon,aunyaporn92@gmail.com,08-1218-8019,94373 Suwijuk Camp Apt. 497,Pikatsingkornport,Vethayasasmouth,89049,Central,2002-06-17,Other,Divorced,2025-05-19
CUST_87d8,Sittikorn Thantananont,teetatbenchapatranon@gmail.com,09-4544-2962,264 Chayanin Corner,Port Chalisa,Lake Chaiwut,05511,Central,1991-07-01,Male,Divorced,2026-02-10
CUST_23ea,Jaruwan Vethayasas,mtungkasethakul@hotmail.com,08-7060-3390,4786 Krittayanukoon Ridge Suite 414,Permchartport,East Sittikornburgh,55940,Central,1989-12-16,Male,Widowed,2024-08-10
CUST_30a9,Suvakit Vethayasas,pkamalanon@hotmail.com,06-2393-6970,7918 Suwijuk Road Suite 582,Pornchanokshire,South Patcharapornfort,88596,Central,1996-08-23,Male,Widowed,2024-04-23
CUST_3fec,Parin Thantananont,vwasunun@hotmail.com,08-3304-0017,57281 Kodchaporn Turnpike Apt. 462,South Thanatchaberg,Kamolchanokmouth,46256,Northern,1991-02-21,Other,Widowed,2022-06-09
CUST_9476,Chayanin Methavorakul,pwimolnot@gmail.com,06-7419-9424,97704 Ratchanon Roads Suite 052,Port Supasit,Vinyuvanichkulside,09272,Northern,1994-10-03,Male,Divorced,2025-09-21
CUST_7732,Yanisa Intaum,ppianduangsri@gmail.com,09-1331-4990,401 Noppakao Extensions Apt. 870,South Chayapat,Port Pak,97529,Central,1997-05-24,Female,Single,2025-02-05
CUST_cdd4,CPL Phenphitcha Benchapatranon,sireelertchanya@yahoo.com,09-6122-9800,5910 Jaruwan Ways,West Aunyapornport,North Pattamon,43544,Western,1999-01-28,Female,Married,2024-11-20
CUST_0f25,Noppakao Charoensuksopol,pornchanok88@gmail.com,06-1970-7801,30983 Phusilarungrueng Hill,Pikatsingkornfort,Noppakaoview,48705,Central,1992-11-09,Male,Other,2021-01-17
CUST_0d8d,FLG OFF Pattamon Chaihirankarn,gpasuk@hotmail.com,06-0679-2080,862 Patchaploy Stream,Pawanbury,West Chayaninview,52707,Central,1988-08-07,Other,Widowed,2025-08-07
CUST_359d,Kulnun Titipatrayunyong,chaifah85@hotmail.com,06-6623-5247,7049 Prachayaroch Ville Suite 830,Intaummouth,New Nutkritaport,64549,Central,1996-12-23,Female,Married,2024-12-16
CUST_5eb4,Pakjira Wimolnot,ltianvarich@hotmail.com,06-3317-0000,2823 Suraprachit Loop Suite 450,Pothanunside,Sireelertside,47324,Southern,1997-02-06,Male,Divorced,2024-10-17
CUST_f75c,Supasit Intaum,xchomsri@hotmail.com,08-7264-4262,931 Supasit Roads Suite 063,Yadastad,North Chayapatberg,32812,Central,1995-09-20,Female,Single,2022-04-14
CUST_07d7,Chayanin Methavorakul,anonwasunun@gmail.com,09-8138-7190,4361 Jinjuta Squares,New Nutkrita,Noppakaofurt,66022,Northeast,1998-08-02,Male,Other,2024-08-07
CUST_a5a1,Yada Pitanuwat,wannapaitoonsrinutcha@yahoo.com,06-7328-2636,070 Chaiwut Summit Apt. 302,New Nattawun,South Darin,45084,Northern,2000-09-01,Male,Divorced,2025-12-24
CUST_9ffe,Yanisa Lertsattayanusak,tpermchart@yahoo.com,08-2187-2783,7756 Pattatomporn Port Apt. 836,East Suvakit,Lake Chaiwutport,83054,Central,1988-12-01,Male,Other,2024-05-08
CUST_3903,Chaiwut Wasunun,pattaponprakalpawong@hotmail.com,08-7928-6654,634 Phubes Trail Suite 675,Lake Yanisa,Nutkritaburgh,90804,Central,1990-10-07,Other,Other,2023-10-02
CUST_b491,Arisara Vinyuvanichkul,snorramon@hotmail.com,09-7747-2721,00840 Intaum Stream,East Pattamon,Wassayatown,10235,Northern,2000-12-01,Other,Widowed,2023-09-10
CUST_2b5c,Chanya Tungkasethakul,aunyapornsuraprasert@gmail.com,08-8124-7546,84963 Arisara Creek Suite 510,Sorattanachaimouth,Ratchanonburgh,22420,Northeast,1993-05-21,Other,Married,2026-01-08
CUST_f57c,Prames Titipatrayunyong,zwannapaitoonsri@hotmail.com,06-9790-4280,9677 Pawan Oval,Jaruwanmouth,East Supasitachester,32697,Central,1999-04-23,Other,Other,2024-05-07
CUST_f93d,Nattawun Suraprasert,nichakarn50@hotmail.com,08-0471-2172,4416 Arisara Curve,Todsapornpitakulfurt,North Atit,58084,Central,2004-10-03,Male,Single,2026-05-24
CUST_88a9,Teetat Kittakun,puntira10@hotmail.com,06-8007-9993,6247 Thanatcha Court,Siripaibooside,South Sittikornberg,61094,Central,1991-01-15,Male,Other,2021-11-08
CUST_d5f1,Todsawun Pongpanitch,polauayponpatcharaporn@gmail.com,09-1806-6546,909 Suvakit Heights Apt. 450,East Patcharapornland,Krittayanukoonport,96134,Northeast,1993-11-07,Male,Other,2023-10-19
CUST_6834,Suvakit Prachayaroch,suwijuk75@hotmail.com,08-5446-9649,981 Titipatrayunyong Island Suite 597,North Pak,West Atitmouth,18563,Eastern,1991-09-01,Female,Single,2023-06-08
CUST_3c2f,Suvakit Bunlupong,nichakarn74@hotmail.com,09-7673-0023,245 Suwijuk Garden Apt. 192,Anonfurt,South Sorawut,07937,Central,1996-04-23,Other,Widowed,2023-03-24
CUST_9e23,Pornchanok Permchart,sittikorn60@yahoo.com,09-1366-4170,7401 Chaihirankarn Ville Apt. 079,Port Pramesville,Lake Nutwadeemouth,91403,Northern,1997-01-01,Other,Widowed,2023-08-10
CUST_1108,R ADM Thanatcha Kongchayasukawut,sooksawangaunyaporn@hotmail.com,06-1078-8291,37125 Ratchanon Expressway,Charoensuksopolstad,West Pattamon,25747,Southern,1996-12-12,Female,Divorced,2024-12-08
CUST_ed25,Chayanin Wimolnot,pichpandechanichakarn@yahoo.com,09-1393-3628,25246 Pak Island,Lake Chanikan,New Phubes,64299,Southern,1993-08-06,Male,Widowed,2024-07-11
CUST_c492,Arisara Polpo,tprayoonhong@yahoo.com,09-6748-9773,370 Chomsri Harbor,South Kamolchanok,Parinborough,66302,Central,1995-04-16,Other,Single,2024-06-10
CUST_9dbd,Pawan Chaisatit,nutwadeekongsri@gmail.com,09-1870-9298,510 Prames Mills,North Pawanside,Port Kulnunport,59176,Northern,2002-09-10,Female,Widowed,2024-03-14
CUST_a903,Darin Lertsattayanusak,sitiwat31@hotmail.com,06-9711-2095,596 Aunyaporn Hollow,Sitiwatborough,East Wasinton,47845,Central,2007-03-02,Male,Widowed,2022-12-09
CUST_298c,Jaruwan Prachayaroch,todsawunsittisaowapak@yahoo.com,08-5549-6213,5746 Chalisa Plains Apt. 554,Peemland,Jaruwanside,18152,Northern,1989-03-16,Female,Married,2021-12-27
CUST_4ee4,Sitiwat Pitanuwat,polauayponprames@gmail.com,08-4660-2579,0961 Pintusorn Circles,Teetatshire,Kodchapornchester,05816,Central,1997-01-04,Other,Single,2026-04-05
CUST_7817,Nutkrita Pasuk,suvakitboonpungbaramee@yahoo.com,08-1780-4954,10588 Pikatsingkorn Roads Apt. 445,West Thanatcha,Aunyapornbury,51927,Northeast,2008-03-10,Other,Divorced,2024-09-03
CUST_f7da,Thanatcha Kitprapa,arisara39@yahoo.com,06-7728-3858,360 Pattatomporn Court,Lake Ratchanon,Pasukmouth,89543,Northeast,1993-11-05,Other,Single,2024-10-19
CUST_bdc3,COL Pattatomporn Neerachapong,rpolpo@yahoo.com,09-7904-4544,807 Nichakarn Manors Apt. 998,South Patchaploymouth,Lake Wasin,88469,Northeast,2000-11-08,Other,Single,2026-02-22
CUST_733c,Nichakarn Pichpandecha,sarunpornwannapaitoonsri@yahoo.com,06-5671-2738,870 Chowitunkit Shores Suite 806,New Nichakarntown,East Chaifah,54238,Northeast,1998-09-23,Other,Married,2021-09-27
CUST_0ae1,Aunyaporn Turongkinanon,parinchaihirankarn@hotmail.com,09-5233-2186,576 Pongpanitch Bypass,Pattatompornside,East Pintusornport,77319,Northern,1978-04-13,Female,Married,2023-04-08
CUST_23a6,FLG OFF Noppakao Prayoonhong,sarunporn71@yahoo.com,08-1885-8413,33241 Bunlerngsri Landing Suite 925,Polauayponshire,Kamalanonhaven,57672,Northern,2000-10-21,Male,Widowed,2024-09-11
CUST_38da,Todsawun Boonpungbaramee,pothanunpattatomporn@yahoo.com,06-7047-0897,5764 Pak River Suite 572,Bunlerngsrifort,Todsawunview,71371,Northeast,1991-06-10,Male,Widowed,2024-08-09
CUST_82a2,Ratchanon Pitanuwat,chalisa23@gmail.com,06-2582-1795,4116 Pannawich Stream Suite 969,Tungkasethakulberg,Kodchapornhaven,37331,Northern,2004-09-10,Male,Married,2025-01-13
CUST_53f1,Teetat Chomsri,prakalpawongapisara@hotmail.com,08-5405-9891,61455 Kitprapa Hills Suite 452,Kodchapornview,Nichakarnchester,05966,Northern,1993-09-20,Other,Single,2022-05-09
CUST_50ea,Pak Thantananont,chaifah10@gmail.com,08-6923-1479,2397 Pattapon Expressway Apt. 349,Lake Pattatomporn,West Darinberg,30390,Central,1993-11-18,Other,Other,2024-07-19
CUST_66c1,Supasita Intaum,qpermchart@gmail.com,06-6088-5090,26232 Pintusorn Flats Suite 849,Vinyuvanichkulland,West Pattaponville,56547,Northeast,1998-05-24,Other,Married,2024-11-10
CUST_4a7e,Peem Bunlupong,pattatomporn05@yahoo.com,06-4213-5093,071 Pasuk Plaza,Kulnunport,Prachayarochshire,17343,Northeast,1992-12-09,Female,Divorced,2022-11-17
CUST_40af,Phubes Lertsattayanusak,pintusornchaihirankarn@yahoo.com,08-9231-2419,6950 Pintusorn Harbors Suite 322,North Tunchanokland,Pichpandechafurt,04254,Southern,1986-06-13,Female,Married,2021-07-07
CUST_4e65,CPL Supasit Trikasemmart,kunapornkamalanon@yahoo.com,09-7945-4999,341 Chalisa Forks Suite 572,East Suwijukmouth,New Pattapontown,50333,Central,2000-05-11,Male,Married,2023-05-18
CUST_72b6,Aunyaporn Matinawin,msuraprasert@gmail.com,08-9913-3254,5477 Pattatomporn Square,South Nichakarnburgh,Pawanberg,03831,Central,2002-01-25,Female,Married,2023-03-28
CUST_57cf,Chayapat Posalee,upolauaypon@hotmail.com,08-6465-2991,743 Nutkrita Dam Apt. 623,Kitprapaville,West Sittikornland,45765,Northern,1987-07-01,Other,Married,2025-06-16
CUST_ee11,Sitiwat Thantananont,jaruwankrittayanukoon@yahoo.com,09-8099-8524,2483 Choeychuen Meadows,Nutwadeeton,New Pattapon,44987,Northern,1997-01-08,Male,Married,2026-05-17
CUST_7a81,Kodchaporn Bunlupong,primapothanun@yahoo.com,06-1103-9559,172 Nattawun Roads Suite 580,East Noppakao,Arisaraborough,59724,Northeast,1991-12-14,Male,Divorced,2024-03-18
CUST_a7fb,Ratchanon Krittayanukoon,peemwasunun@yahoo.com,06-0761-2122,5542 Sarunporn Oval,Bunlupongshire,South Kunaporn,99236,Central,1987-05-23,Other,Widowed,2025-05-03
CUST_81fe,Tunradee Lertsattayanusak,sorawut24@yahoo.com,08-8871-0257,82677 Charoensuksopol Shore,South Chawin,East Pattaponmouth,55252,Northeast,1997-11-27,Other,Widowed,2021-05-05
CUST_96c5,Aunyaporn Charoensuksopol,hhabpanom@gmail.com,08-5400-6151,3229 Pachongruk Expressway,Kamalanonside,South Aunyaporn,39589,Eastern,1986-04-01,Male,Married,2024-05-24
CUST_6ce7,Suvakit Sittisaowapak,bkamalanon@yahoo.com,06-0896-4340,2148 Tungkasethakul Square,Kamalanonfurt,Aunyapornfort,55499,Western,1998-02-26,Other,Single,2023-04-28
CUST_2c06,Sitiwat Vethayasas,chayapat11@gmail.com,09-1273-2266,5933 Sooksawang Burg,Jaruwanburgh,Lake Pakjirastad,92595,Northern,1992-02-09,Female,Married,2024-07-20
CUST_a551,Kunaporn Polauaypon,noppakaokittakun@yahoo.com,08-3529-1650,6929 Lertsattayanusak Isle Apt. 379,East Nirachabury,East Phenphitcha,42683,Central,1986-09-01,Other,Divorced,2024-04-04
CUST_6443,Pachongruk Chomsri,sarunporn47@gmail.com,08-7078-8549,45096 Chomsri Union,Lake Pitipat,New Prames,91430,Eastern,1986-01-26,Other,Divorced,2025-02-11
CUST_12b7,Niracha Siripaiboo,wasintitipatrayunyong@yahoo.com,08-2918-5756,989 Nutwadee Spur Suite 206,Chowitunkitville,Primamouth,07612,Central,2004-03-19,Other,Other,2025-11-04
CUST_b8a0,Kodchaporn Intaum,yada29@yahoo.com,09-3576-2748,7700 Kumsoontorn Path Suite 495,Chawinland,Pramesbury,56207,Central,1997-10-10,Female,Other,2023-05-16
CUST_8be2,Tunradee Lertsattayanusak,yanisasukhenai@yahoo.com,06-1632-5177,304 Pichpandecha Branch Apt. 942,New Atitton,North Noppakao,39886,Central,1995-09-17,Other,Widowed,2024-02-05
CUST_7031,Pattapon Chaisatit,polpopatchaploy@yahoo.com,09-3211-3252,98875 Permchart Parkways,Pramesland,Siripaiboomouth,45244,Northeast,2008-11-17,Other,Divorced,2023-03-08
CUST_07f2,Peem Wimolnot,pattamonmethavorakul@yahoo.com,08-0495-2284,49912 Todsapornpitakul Centers,Jitrinville,North Sitiwatville,23986,Central,1991-02-22,Other,Other,2022-02-04
CUST_c291,Sitiwat Methavorakul,tlosatapornpipit@hotmail.com,06-7444-6756,678 Sujjaboriboon Light,Tunchanokmouth,Parinchester,45945,Central,1992-02-13,Other,Other,2022-04-27
CUST_e3f5,Prames Siripaiboo,chaiwut44@hotmail.com,06-8137-8929,41266 Pothanun Streets Apt. 795,East Chanikan,New Nutwadeechester,76751,Central,2007-06-05,Male,Widowed,2023-10-23
CUST_cf53,Phubes Intaum,pada50@hotmail.com,09-7716-3410,70769 Chaisatit Ranch,Norramonside,East Pannawichchester,76576,Northern,1989-02-19,Other,Divorced,2023-07-18
CUST_e98d,Pawan Sorattanachai,kamolchanok78@yahoo.com,06-3366-6660,5543 Suraprachit Point,Prachayarochtown,West Chayaninmouth,25463,Central,2000-03-24,Female,Widowed,2024-04-02
CUST_93c1,SUB LT Pakjira Suraprachit,chayaninkamalanon@gmail.com,06-3969-5743,60624 Pakjira Garden,East Supasit,Lake Kamolchanok,10599,Central,1997-08-17,Male,Married,2024-05-13
CUST_a2fd,Chaifah Polauaypon,suvakit86@yahoo.com,06-4387-8618,71675 Benchapatranon Trace Suite 883,Aunyapornland,South Apisaramouth,26551,Northern,1993-01-26,Male,Single,2022-10-17
CUST_29ec,Apisara Todsapornpitakul,cmethavorakul@gmail.com,06-0631-4529,0054 Sittikorn Bridge Suite 565,Atitstad,North Sorawutmouth,61527,Central,2001-03-16,Female,Other,2021-05-02
CUST_7713,Pattapon Kongsri,chanya93@yahoo.com,08-5843-0224,3486 Thantananont Field Suite 074,Port Chaifah,North Yanisamouth,38026,Central,1989-03-10,Other,Single,2022-10-15
CUST_e3a9,Chaifah Benchapatranon,wasununprima@gmail.com,06-0906-2214,37312 Pawan Ranch,Nichakarnville,West Phubes,26304,Northern,1991-10-27,Female,Widowed,2024-01-10
CUST_21b3,Pada Kamalanon,sittisaowapaksitiwat@hotmail.com,06-3824-0622,27532 Niracha Roads,Trikasemmartmouth,New Padastad,76140,Northern,1998-06-25,Other,Other,2024-02-22
CUST_3da0,Pitipat Wasunun,intaumjitrin@hotmail.com,09-3528-3097,29980 Apisara Ferry,West Sitiwat,East Arisaraborough,41825,Western,2002-06-02,Other,Divorced,2025-09-16
CUST_a584,Sorawut Phusilarungrueng,jmethavorakul@hotmail.com,06-9222-4927,857 Polpo Plaza,Kamalanonborough,West Supasitland,47889,Western,2008-10-17,Female,Divorced,2025-10-13
CUST_671a,Nichakarn Permchart,nattawunvinyuvanichkul@yahoo.com,06-5365-1541,387 Srisoontorn Place Apt. 943,New Nichakarn,Prakalpawongburgh,54712,Northern,1993-08-23,Male,Widowed,2021-07-24
CUST_62cd,Nattawun Methavorakul,nattawun13@gmail.com,08-5153-3786,199 Kittakun Mission,North Tunchanokstad,Anekvorakulburgh,97106,Central,1996-07-13,Male,Married,2024-12-28
CUST_5228,Ratchanon Sukhenai,aintaum@gmail.com,08-3571-7911,709 Darin Extensions Apt. 497,West Wassayaport,Jaruwanport,89656,Eastern,1995-11-15,Female,Divorced,2025-12-27
CUST_52e4,Wassaya Suraprasert,ctodsapornpitakul@yahoo.com,08-3123-5486,9027 Pichpandecha Mount,South Patcharapornmouth,North Pannawichfurt,64311,Central,2002-12-07,Other,Single,2024-09-08
CUST_06c2,Niracha Intaum,chayapatchomsri@gmail.com,08-6169-7692,1887 Prames Dale Suite 459,Kongsriburgh,Apisarashire,86315,Northern,1992-11-04,Other,Divorced,2021-08-23
CUST_0571,Chayapat Polpo,hmethavorakul@hotmail.com,09-1287-6196,680 Sittikorn Groves Suite 488,Methavorakulmouth,Kulnunmouth,51055,Central,1998-06-15,Female,Other,2023-04-14
CUST_76a2,Todsawun Prakalpawong,polauayponanon@yahoo.com,06-5641-0451,11725 Jitrin Grove,Lake Chaiwutshire,Lake Sorawut,86177,Northern,1996-08-10,Other,Single,2024-09-23
CUST_6cbf,Pitipat Permchart,methavorakulpornchanok@gmail.com,06-0963-1278,3561 Srisoontorn Village Suite 300,North Anon,Trikasemmartview,57321,Central,1993-03-06,Female,Other,2022-05-10
CUST_cc9d,Ratchanon Norramon,peem42@yahoo.com,09-6938-9672,69266 Chaihirankarn Springs Suite 231,West Tunradee,New Sarunporn,71096,Northeast,1992-01-03,Other,Other,2023-11-20
CUST_e4a5,Yada Wasunun,psukhenai@hotmail.com,06-0362-6304,8772 Pak Falls Apt. 449,West Supasit,West Nattawun,69622,Central,2001-09-17,Female,Widowed,2025-06-21
CUST_afb7,Parin Vethayasas,prachayarochtodsawun@hotmail.com,09-4965-2032,243 Supasit Locks Apt. 098,Permcharttown,Nirachaport,27280,Northeast,1996-05-27,Male,Married,2023-11-01
CUST_3cc6,Chalisa Kongsri,pintusornthantananont@hotmail.com,08-0144-9203,226 Titipatrayunyong Mountain,Losatapornpipithaven,Jinjutafurt,79016,Northern,2008-06-11,Male,Other,2025-09-05
CUST_9cdb,Phenphitcha Vinyuvanichkul,peemprachayaroch@hotmail.com,06-3614-1104,409 Peem Road Suite 635,Pichpandechafurt,Lake Anonside,21465,Central,1999-06-24,Female,Widowed,2025-04-04
CUST_f19a,Darin Benchapatranon,pattatomporn54@gmail.com,06-1492-0222,3748 Kamalanon Isle Apt. 885,Lake Kamolchanokton,Titipatrayunyongshire,84882,Central,1989-08-19,Other,Widowed,2024-02-24
CUST_0fac,LT Nutwadee Kumsoontorn,boonpungbarameenoppakao@yahoo.com,06-5378-1990,10318 Pothanun Crossing Suite 259,East Chanyafort,Port Puntiraside,17400,Northeast,2004-02-18,Other,Divorced,2024-02-09
CUST_c7f9,Yada Losatapornpipit,pakanekvorakul@hotmail.com,09-3820-3748,40084 Patcharaporn Loaf,Pitipatchester,Chanyastad,18825,Central,1997-06-22,Other,Widowed,2025-10-19
CUST_6869,Chanikan Lertsattayanusak,noppakao36@gmail.com,06-8453-1027,70513 Chalisa Center Apt. 900,Pannawichhaven,Kamolchanokburgh,31881,Northern,2001-07-06,Other,Married,2022-09-13
CUST_2ac4,Niracha Sireelert,ratchanon50@yahoo.com,09-7677-4754,246 Methavorakul Burg,Yadaborough,North Sarunpornside,18337,Central,2005-02-03,Female,Other,2025-10-18
CUST_0647,Nattawun Chaisatit,yada13@yahoo.com,08-0180-2675,909 Srisoontorn Passage,Pakstad,Wannapaitoonsrihaven,10528,Northern,2008-12-25,Male,Divorced,2024-10-13
CUST_e0ec,Suwijuk Intaum,nphusilarungrueng@gmail.com,08-8167-4904,6871 Sarunporn Parks Suite 459,Chowitunkitville,Titipatrayunyongbury,30724,Central,1994-10-01,Other,Widowed,2023-01-03
CUST_d009,Patcharaporn Bunlupong,htrikasemmart@hotmail.com,08-0118-0703,213 Pikatsingkorn Prairie,Port Jitrin,Port Pachongrukmouth,68567,Northern,2001-07-20,Female,Widowed,2026-05-18
CUST_09d5,POL GEN Jaruwan Chowitunkit,tunradee73@gmail.com,06-1796-6831,969 Suvakit Lock,North Niracha,East Suvakitberg,95520,Northern,1999-05-15,Male,Widowed,2022-10-24
CUST_3408,Patchaploy Tungkasethakul,uhabpanom@gmail.com,09-0989-6896,03090 Kulnun Mountain,South Todsawun,Bunlerngsrimouth,34929,Northeast,1998-10-14,Male,Single,2025-11-23
CUST_0aeb,Pattatomporn Sireelert,suwijuk77@hotmail.com,06-6192-5251,0615 Polpo Views,Pawanville,South Pachongruk,20742,Northeast,1990-05-22,Male,Widowed,2025-04-02
CUST_20d3,Pada Vethayasas,nutkritaposalee@gmail.com,06-4555-2172,456 Wasunun Union Suite 838,East Jaruwan,Lake Pannawichland,86371,Northern,1995-03-02,Male,Married,2023-08-07
CUST_f8f6,Arisara Srisoontorn,phusilarungruengchayapat@yahoo.com,06-1018-4112,28160 Sireelert Junction,Kumsoontornmouth,Pikatsingkornberg,94001,Western,2001-09-18,Female,Widowed,2024-03-16
CUST_389c,POL SEN SGT MAJ Peem Kitprapa,matinawinphubes@gmail.com,09-7823-1094,0303 Kulnun Burg,Pattamonton,Aunyaporntown,64870,Northern,1991-07-13,Other,Widowed,2025-06-04
CUST_e62a,Chanikan Pikatsingkorn,pada38@yahoo.com,06-7862-3170,02556 Boonpungbaramee Brook,North Nichakarn,New Sarunporn,76524,Northeast,1989-05-17,Female,Widowed,2023-10-21
CUST_2a9e,Darin Kongchayasukawut,chawinanekvorakul@gmail.com,09-1298-4496,906 Pak Springs,Suwijukport,North Pada,08944,Northeast,1997-05-16,Female,Widowed,2025-03-18
CUST_0998,Nattawun Pongpanitch,blosatapornpipit@yahoo.com,08-2190-8291,89001 Suraprachit Forge,Phubesmouth,West Chayapatberg,67217,Central,2007-06-22,Male,Divorced,2023-03-08
CUST_40d3,Atit Lertsattayanusak,thantananontpawan@hotmail.com,06-0933-1124,3311 Neerachapong Prairie Apt. 416,Wasinhaven,Port Apisarahaven,75345,Northern,1995-09-24,Female,Other,2024-11-15
CUST_402e,Jitrin Habpanom,chowitunkitwassaya@gmail.com,06-4685-4146,619 Bunlupong Station,Aunyapornburgh,New Sitiwat,57057,Northeast,2008-04-16,Female,Single,2023-03-17
CUST_5ffb,Jaruwan Youprasert,bwasunun@hotmail.com,06-4971-3953,5943 Vinyuvanichkul Ridge Apt. 675,East Wasinchester,Intaumborough,39234,Northeast,2003-02-23,Male,Married,2026-04-15
CUST_d700,COL Chaiwut Todsapornpitakul,chaifahturongkinanon@gmail.com,06-7435-7758,52258 Tunchanok Falls,South Supasita,Chawinland,44755,Northern,2005-05-23,Female,Other,2022-07-22
CUST_91b8,Teetat Tungkasethakul,chaifahtianvarich@yahoo.com,09-9809-1029,82918 Polpo Pine,West Sorawut,Wassayachester,59422,Central,1979-01-09,Male,Single,2023-04-19
CUST_8c31,Pattamon Kittakun,todsawun28@gmail.com,08-3991-5672,774 Parin Stravenue Apt. 670,Lake Pannawichstad,New Kulnun,20052,Western,1990-11-08,Female,Married,2024-03-02
CUST_a00e,Wassaya Sorattanachai,arisara36@hotmail.com,06-9222-0102,2941 Wasin Freeway Apt. 407,North Chanyaton,Matinawinside,86749,Northern,2006-01-10,Other,Other,2024-04-17
CUST_c6ca,Jitrin Permchart,kamolchanok51@hotmail.com,08-9865-1144,3291 Pak Wells Suite 487,Thantananontfort,Youpraserttown,47920,Southern,1998-03-12,Male,Other,2021-07-28
CUST_0a56,REV Prima Kamalanon,qchowitunkit@yahoo.com,08-7993-6267,163 Prames Underpass,Lake Chanya,Vinyuvanichkulchester,01881,Eastern,2004-01-25,Other,Married,2022-10-19
CUST_cf37,Sarunporn Posalee,parin54@yahoo.com,09-5638-9599,73410 Anon Trace,Habpanomstad,Pongpanitchside,04397,Northern,2006-06-19,Male,Other,2023-03-05
CUST_7b39,Darin Choeychuen,suwijuk28@hotmail.com,08-6644-7036,4373 Sooksawang Crescent,East Pachongrukfort,Port Pawanland,04142,Northern,1993-05-03,Other,Other,2024-04-14
CUST_15b1,Peem Pongpanitch,qkumsoontorn@gmail.com,06-4547-0715,70817 Sukhenai Lane,North Thanatcha,Kongsrimouth,92336,Central,2001-04-16,Other,Married,2024-06-18
CUST_adf8,Chayanin Prachayaroch,canekvorakul@gmail.com,06-3567-3119,51846 Jitrin Mountain Suite 684,Kodchapornport,Lake Chaifahville,65684,Northeast,2001-03-15,Male,Other,2026-01-28
CUST_5d45,FLG OFF Niracha Todsapornpitakul,mmethavorakul@hotmail.com,09-0790-9318,64381 Niracha Village,Port Phenphitchabury,Nichakarnfort,27069,Northern,1998-09-08,Male,Divorced,2023-08-02
CUST_c3c1,Nichakarn Siripaiboo,jkitprapa@gmail.com,08-0585-9141,5028 Permchart Knoll Suite 753,Atitmouth,Nutkritamouth,32245,Central,1986-08-05,Other,Other,2024-11-22
CUST_5476,Prames Wimolnot,pitipatbunlupong@yahoo.com,08-8853-0438,8440 Trikasemmart Wells Suite 091,North Darintown,Methavorakulshire,58121,Central,1998-05-18,Male,Divorced,2026-01-09
CUST_113d,ACM Chayanin Habpanom,bunlerngsriwasin@gmail.com,09-3780-5882,6530 Tunchanok Highway Apt. 957,Port Sitiwat,West Pakjira,43075,Central,1994-12-03,Female,Other,2026-02-03
CUST_982c,Pintusorn Prachayaroch,phenphitcha55@hotmail.com,08-7739-8161,51273 Pongpanitch Orchard Apt. 866,Lake Nutkritaburgh,Teetatshire,17059,Northern,1995-01-26,Male,Other,2022-04-06
CUST_6d15,Pak Krittayanukoon,pakyouprasert@yahoo.com,09-9227-7668,91519 Aunyaporn Turnpike,East Nutchaberg,West Aunyapornberg,32109,Northeast,2002-05-01,Female,Divorced,2021-04-05
CUST_1b4d,Anon Chaihirankarn,wimolnotnutcha@yahoo.com,09-2759-3230,2083 Pikatsingkorn Course,Port Pada,Pramesfurt,39600,Central,1991-08-22,Female,Divorced,2022-11-07
CUST_b4d1,Pachongruk Matinawin,kittakunjaruwan@gmail.com,06-3162-6958,8039 Jaruwan Street,Sitiwatview,West Atitbury,60250,Central,2001-08-04,Male,Other,2024-12-07
CUST_0296,Pattatomporn Anekvorakul,mbunlerngsri@gmail.com,08-7062-3121,512 Pattapon Neck Apt. 057,Lake Prima,South Primaberg,33786,Northeast,1993-03-05,Other,Divorced,2022-10-21
CUST_927d,PO 3 Sittikorn Intaum,isireelert@hotmail.com,08-0418-7230,4345 Apisara Lock,Prachayarochborough,West Chayaninmouth,15282,Northern,1994-01-18,Other,Married,2022-09-19
CUST_095f,Pornchanok Phusilarungrueng,yadakamalanon@hotmail.com,09-3479-6658,79298 Bunlerngsri Island Suite 666,Pakhaven,North Todsawunstad,77264,Northern,1993-08-02,Other,Widowed,2021-11-09
CUST_0db7,Phubes Pothanun,zwimolnot@gmail.com,06-7470-2480,70182 Polauaypon Branch,West Chaifah,Tungkasethakulmouth,08720,Central,1998-05-22,Female,Divorced,2024-07-18
CUST_586f,POL L/C Supasita Siripaiboo,sarunpornbenchapatranon@hotmail.com,09-6169-3490,2463 Sittikorn Skyway,Todsawunmouth,Boonpungbarameeburgh,96390,Northeast,1995-08-20,Female,Married,2022-12-02
CUST_2be5,Kunaporn Wannapaitoonsri,qsrisoontorn@gmail.com,06-0952-7684,21861 Pichpandecha Squares Suite 712,East Wassaya,Lake Nattawunberg,44864,Central,1991-06-01,Other,Single,2026-03-01
CUST_bfc9,Chawin Prayoonhong,jboonpungbaramee@gmail.com,08-3973-5487,08782 Wasunun Underpass,Pitipattown,Pannawichborough,18378,Northeast,1992-06-05,Male,Married,2022-10-21
CUST_ee14,Ratchanon Pitanuwat,benchapatranontodsawun@yahoo.com,08-2516-4598,25050 Apisara Groves Suite 016,Lake Parin,New Phenphitcha,95430,Central,1990-05-10,Other,Married,2025-10-02
CUST_155e,PO 1 Suvakit Kongchayasukawut,dbenchapatranon@yahoo.com,08-4800-9276,420 Sireelert Union Suite 992,Parinton,Pachongrukfort,01681,Northeast,1984-07-16,Other,Single,2024-12-17
CUST_2616,Pintusorn Suraprachit,siripaiboosarunporn@yahoo.com,09-1490-3252,64499 Prakalpawong Trail,East Pakjira,Atitberg,62346,Central,2008-04-13,Other,Widowed,2026-04-26
CUST_f5d4,Sarunporn Intaum,patchaploy20@yahoo.com,09-3009-6796,444 Tianvarich Dale Apt. 580,West Nutcha,Port Nirachafort,41124,Western,1984-03-15,Female,Other,2025-01-13
CUST_f386,FS 1 Atit Kamalanon,iprayoonhong@hotmail.com,09-6352-3656,2630 Teetat Falls Apt. 064,New Nirachaville,Chaiwutstad,12113,Northeast,1999-09-12,Other,Other,2024-06-04
CUST_e1b2,Phenphitcha Anekvorakul,permchartchaiwut@hotmail.com,08-9532-5469,062 Nutwadee Lake Apt. 951,New Patcharaporn,Todsapornpitakulberg,99359,Northern,2004-07-06,Female,Other,2025-02-05
CUST_1773,Chaifah Pasuk,suwijuk39@gmail.com,08-6406-0473,98545 Turongkinanon Trail Suite 794,South Kamolchanok,Pothanunburgh,69605,Central,1995-03-18,Other,Other,2026-05-11
CUST_eb62,Chaifah Pitanuwat,pongpanitchkulnun@gmail.com,08-4358-3928,3556 Charoensuksopol Gateway,North Phubesburgh,New Nattawun,82681,Central,2008-01-04,Female,Married,2024-09-20
CUST_dcca,Chanya Intaum,nirachakongchayasukawut@gmail.com,06-0180-2434,61157 Chowitunkit Tunnel,West Yanisa,New Pada,40582,Northeast,1999-03-16,Other,Married,2024-10-23
CUST_857b,Phenphitcha Chaihirankarn,sittisaowapaknattawun@yahoo.com,06-9256-2872,468 Darin Landing,Pawanberg,Pattaponside,99005,Western,2003-11-20,Male,Widowed,2023-11-24
CUST_3291,Chaiwut Kamalanon,cboonpungbaramee@yahoo.com,09-2956-0693,78178 Darin Bridge Suite 490,Kamalanonton,Wimolnotbury,42718,Northeast,1995-08-12,Other,Widowed,2021-05-05
CUST_7481,Sitiwat Pichpandecha,darin46@hotmail.com,08-2714-2002,81148 Kulnun Garden Apt. 669,North Patcharaporn,New Thanatchafort,37013,Northern,2006-10-20,Other,Widowed,2022-07-20
CUST_3dfc,Sorawut Lertsattayanusak,chayanin71@yahoo.com,09-8850-4335,449 Suraprasert Stravenue Suite 607,Sujjaboriboonchester,Parinton,69213,Central,1997-05-21,Female,Other,2025-06-10
CUST_ad76,PHRA Kamolchanok Prakalpawong,pawantitipatrayunyong@hotmail.com,09-4524-6771,88318 Pongpanitch Mountain Apt. 602,Kittakunside,West Puntirachester,73617,Northern,2007-12-22,Female,Other,2025-08-12
CUST_d361,Jitrin Sittisaowapak,chomsrijitrin@gmail.com,08-1284-7728,264 Sujjaboriboon Pike Suite 380,Port Chanyamouth,Lake Phenphitchafort,26318,Northern,1989-11-21,Male,Married,2023-06-02
CUST_6c4d,Kulnun Charoensuksopol,jinjutaneerachapong@hotmail.com,06-0147-4650,905 Pintusorn Ports Suite 712,Jaruwanshire,Chayaninhaven,85532,Northern,1987-01-24,Male,Divorced,2022-03-23
CUST_4d86,Prima Methavorakul,sittikornsujjaboriboon@hotmail.com,09-5497-9740,48104 Pawan Locks,West Chaifah,West Anonville,22817,Northeast,2005-09-14,Male,Single,2023-08-20
CUST_60a6,Chayanin Wimolnot,pattamonhabpanom@gmail.com,09-9601-0685,56496 Chaifah Plains,South Supasita,Nutchafort,74269,Northern,2008-08-27,Other,Single,2023-11-16
CUST_9f6f,Pakjira Sukhenai,pothanunsupasita@yahoo.com,09-9349-4178,98182 Pak Haven Apt. 168,Trikasemmartborough,Wimolnotborough,08383,Central,2005-04-20,Female,Divorced,2025-03-05
CUST_974d,Nutwadee Methavorakul,polauayponprima@hotmail.com,06-2017-5411,16202 Darin Oval Suite 853,Tianvarichmouth,Boonpungbarameeshire,91342,Northeast,2003-11-28,Male,Single,2023-10-01
CUST_c5d0,Patchaploy Pothanun,sittikornmethavorakul@hotmail.com,09-7441-4485,29335 Thanatcha Cliff Suite 819,North Nutcha,Suvakitberg,23874,Central,1996-05-10,Female,Married,2025-06-16
CUST_e566,Phenphitcha Sooksawang,pachongrukpianduangsri@gmail.com,08-5176-8615,107 Pasuk Lodge,Pitanuwatshire,West Chawin,08811,Central,1995-01-27,Other,Other,2022-09-09
CUST_8d29,Nattawun Prachayaroch,matinawinaunyaporn@yahoo.com,09-1532-2463,231 Pintusorn Groves,West Puntira,Pichpandechashire,85262,Central,1997-08-09,Male,Divorced,2023-07-26
CUST_e8ab,Pak Anekvorakul,sitiwatturongkinanon@hotmail.com,06-7829-8884,14846 Suvakit Springs,West Tunradee,Sireelerthaven,86669,Eastern,1990-05-21,Other,Widowed,2023-02-12
CUST_8d0e,S M 3 Chawin Chomsri,chaiwuttianvarich@hotmail.com,08-4673-2542,09505 Boonpungbaramee Ferry Suite 625,Posaleeberg,Lake Pawan,57547,Central,1996-10-25,Male,Divorced,2024-01-12
CUST_595a,Wassaya Choeychuen,wassaya34@yahoo.com,08-1669-2058,4821 Peem Union Suite 948,Patchaployside,Pornchanokton,07784,Central,2002-06-03,Male,Other,2024-11-04
CUST_629b,Arisara Kamalanon,chayaninlosatapornpipit@yahoo.com,09-3874-4343,0547 Kumsoontorn Roads Apt. 025,South Yadaside,East Yanisaburgh,67537,Central,2002-08-16,Male,Other,2024-07-04
CUST_4b0d,Chaiwut Neerachapong,prachayarochsarunporn@hotmail.com,08-8272-1628,37916 Nattawun Island Suite 063,Suraprachitmouth,Chaihirankarnhaven,88206,Northern,1987-09-16,Other,Other,2022-10-15
CUST_7cc3,Kunaporn Prayoonhong,nsireelert@hotmail.com,08-7970-2378,002 Pornchanok Pass,Benchapatranonchester,Tunchanokmouth,63769,Northeast,2003-10-21,Female,Divorced,2022-12-21
CUST_153d,FS 1 Chanikan Tianvarich,strikasemmart@hotmail.com,08-1021-6928,9738 Tunradee Lane,Sittikornbury,Jinjutaview,17515,Northeast,1998-06-08,Other,Widowed,2024-10-17
CUST_1fc5,Kamolchanok Posalee,patcharaporn34@yahoo.com,09-0117-4407,20845 Teetat Centers,East Wasin,New Pakjira,73308,Northern,1998-06-21,Other,Widowed,2026-03-10
CUST_5bbc,Supasita Prachayaroch,kodchapornmatinawin@hotmail.com,08-8864-3361,15210 Thantananont Place Suite 853,Wasununton,Methavorakulfurt,52413,Central,1993-05-03,Female,Divorced,2023-11-22
CUST_0d79,Noppakao Todsapornpitakul,pattatomporn13@gmail.com,08-2847-4093,55795 Atit Roads Apt. 946,Benchapatranonstad,Intaumbury,51130,Central,1988-09-08,Female,Single,2024-01-08
CUST_acad,Todsawun Chaisatit,vinyuvanichkuldarin@hotmail.com,06-8315-7721,2314 Supasita Square,South Atitton,North Patchaploy,89370,Central,2008-04-20,Female,Divorced,2024-05-04
CUST_4fee,Chanya Intaum,srisoontornpattatomporn@yahoo.com,06-1912-4361,1369 Pakjira Pines,Lake Chayapat,Pramesshire,88784,Central,1992-09-08,Female,Widowed,2026-05-06
CUST_f806,Chawin Intaum,wannapaitoonsriapisara@gmail.com,09-9482-4992,94500 Prakalpawong Mews,Pakjirachester,Primaburgh,39447,Eastern,1997-11-27,Male,Married,2021-05-17
CUST_4c48,Peem Siripaiboo,anonpothanun@hotmail.com,06-8749-8286,17899 Wasin Path Suite 121,Titipatrayunyongshire,Pramestown,79952,Central,1995-06-16,Other,Widowed,2023-09-17
CUST_0e24,Pannawich Posalee,sittikorn27@hotmail.com,08-9988-1288,93245 Ratchanon Divide Suite 803,West Todsawunchester,East Kamolchanokton,91424,Northern,2003-11-28,Female,Other,2025-09-02
CUST_b292,Chalisa Benchapatranon,pattatompornkittakun@hotmail.com,08-3986-3274,40462 Methavorakul Glens Apt. 443,Tianvarichhaven,Port Chawin,11621,Northern,1996-04-14,Other,Other,2024-09-04
CUST_662c,Sittikorn Pasuk,chalisa50@gmail.com,08-0882-2111,90691 Pada Burgs,South Pada,North Pannawich,20628,Central,1998-06-07,Female,Widowed,2025-02-12
CUST_a47a,Chayanin Bunlerngsri,pasukpatchaploy@yahoo.com,08-6199-7751,9446 Sukhenai Plains,Sujjaboriboonland,Sorawutmouth,65412,Western,1991-12-02,Other,Divorced,2022-10-10
CUST_f8f2,REV Chaiwut Polauaypon,chaisatitsupasita@hotmail.com,08-4571-9961,056 Chanikan Parks,South Chalisaton,Chomsriton,59950,Western,1989-05-16,Female,Married,2022-12-21
CUST_6a8a,POL CPL Yanisa Benchapatranon,sorawut63@yahoo.com,09-1304-0011,238 Kamalanon Highway Suite 568,Pattamonside,Atitborough,70808,Central,2008-10-23,Male,Married,2022-09-14
CUST_b671,Anon Sireelert,wassayaprachayaroch@yahoo.com,08-2380-5236,23265 Pattapon Fork,Suvakitstad,Port Aunyapornberg,94449,Northeast,2001-07-26,Other,Divorced,2024-10-12
CUST_1fca,Chayapat Sooksawang,aunyaporn23@yahoo.com,09-7289-7784,86163 Sitiwat Greens Apt. 679,Port Anonchester,North Pachongrukview,32962,Central,1987-07-22,Other,Widowed,2023-02-20
CUST_f115,Arisara Chaisatit,peemtungkasethakul@gmail.com,09-5129-3673,99851 Supasita Valley,Yadaborough,Jitrinshire,35465,Northern,2000-08-14,Female,Divorced,2023-05-16
CUST_23e6,Pattamon Tianvarich,pakbunlupong@yahoo.com,08-2504-7763,667 Kodchaporn Inlet Suite 638,Atitview,North Thanatcha,98848,Central,1998-07-01,Male,Other,2024-09-06
CUST_7578,FS 1 Prima Charoensuksopol,phenphitcha76@gmail.com,09-0705-4074,490 Patchaploy Square,South Yanisabury,East Pakjiraburgh,54630,Central,1998-08-21,Female,Single,2023-11-10
CUST_a33b,Apisara Todsapornpitakul,dsuraprachit@yahoo.com,08-7348-1110,23783 Lertsattayanusak Village,Port Wasinshire,East Wassaya,26272,Central,1991-09-23,Male,Other,2023-04-15
CUST_2c0a,Tunradee Polpo,pasukpakjira@hotmail.com,06-0047-0284,26046 Bunlupong Lakes Suite 118,Jinjutaport,South Suvakitbury,35971,Central,1997-06-18,Male,Married,2023-08-08
CUST_097b,Chanya Losatapornpipit,wassaya18@gmail.com,08-5132-6266,16785 Kittakun Burgs Apt. 719,Lake Wassayaview,North Pitipat,42564,Central,1988-08-03,Male,Widowed,2022-09-28
CUST_aa12,Puntira Chomsri,dposalee@yahoo.com,08-0183-9763,355 Todsapornpitakul Lodge,North Darinchester,West Thanatcha,24740,Western,1995-07-06,Female,Single,2023-09-28
CUST_5b15,Chanikan Kittakun,suvakit98@gmail.com,06-6401-6749,6928 Titipatrayunyong Plaza Apt. 563,Pitipatbury,New Chanikan,01253,Central,1996-07-20,Female,Married,2024-01-06
CUST_5ebb,Nutkrita Charoensuksopol,pintusorn92@hotmail.com,06-8635-2860,97570 Kamolchanok Field,West Chanikanfurt,West Chayanin,25332,Central,1999-12-16,Other,Widowed,2024-04-19
CUST_c1be,Chayanin Sujjaboriboon,chayanin16@gmail.com,06-5223-3047,87794 Pachongruk Court,Sarunpornland,Chaihirankarnborough,68166,Northern,2003-01-01,Other,Married,2024-05-10
CUST_d1e4,Kamolchanok Methavorakul,puntira36@yahoo.com,09-1287-8603,22834 Vinyuvanichkul Vista Apt. 713,West Pawan,North Kunapornshire,73274,Central,1998-12-27,Male,Other,2022-03-26
CUST_b8e7,Sittikorn Kumsoontorn,kamolchanok07@yahoo.com,08-3611-9273,7870 Kulnun Park,Port Puntira,Kamalanonside,62158,Northeast,2003-03-25,Female,Widowed,2023-07-11
CUST_4916,PFC Phubes Krittayanukoon,pvethayasas@hotmail.com,06-1438-4460,031 Suwijuk Lock Suite 722,South Sorawut,Chayaninburgh,37490,Northeast,1983-09-08,Male,Other,2022-07-02
CUST_6a08,SGT Jitrin Todsapornpitakul,nwasunun@yahoo.com,09-4456-2913,13123 Neerachapong Viaduct,Chaisatitburgh,North Jaruwanton,73987,Central,1992-01-23,Male,Other,2024-07-19
CUST_d4b5,Kamolchanok Choeychuen,nattawunchaihirankarn@gmail.com,06-6539-8957,0750 Darin Centers,Wassayashire,Todsawunfurt,11724,Northeast,2000-07-19,Male,Divorced,2024-10-24
CUST_7c0c,Supasit Polpo,pattamon74@hotmail.com,06-6677-9906,232 Pak Springs,West Chawin,Kitprapafurt,38243,Central,2004-01-12,Male,Married,2026-01-09
CUST_f734,Yada Tungkasethakul,chaifahmethavorakul@hotmail.com,06-7052-0299,173 Aunyaporn Stream,West Prames,Kamolchanokburgh,24578,Southern,1998-10-23,Male,Married,2022-10-16
CUST_ccbb,Phubes Vinyuvanichkul,isiripaiboo@yahoo.com,06-5347-8307,47912 Turongkinanon Mall,Kulnunfurt,South Nutchaburgh,38695,Central,1984-07-24,Female,Other,2021-02-14
CUST_c4ee,Pattatomporn Intaum,pawan97@yahoo.com,08-9139-2385,65352 Thanatcha Viaduct,Vethayasasshire,Neerachapongmouth,32819,Northeast,2002-08-21,Other,Widowed,2023-08-16
CUST_b9b7,Pakjira Pongpanitch,kodchaporn98@yahoo.com,08-2387-0240,94018 Pattapon Plain Suite 803,Krittayanukoonton,Bunlerngsrichester,52425,Northern,2005-12-09,Female,Single,2024-12-21
CUST_e8b7,Tunchanok Wasunun,nkitprapa@gmail.com,06-2024-3538,3531 Youprasert Parkways,Posaleefort,North Todsawunside,13041,Northern,1997-05-25,Male,Other,2023-05-11
CUST_e769,Chanikan Polpo,jpermchart@yahoo.com,06-4721-0689,26168 Permchart Drive Suite 211,Todsapornpitakulmouth,New Teetatchester,80544,Western,1994-06-09,Other,Widowed,2023-10-25
CUST_3dc5,Chanikan Chomsri,bbunlupong@hotmail.com,08-6358-6226,2237 Puntira Passage,Sooksawangburgh,East Nutchaview,30752,Northern,1989-12-02,Male,Divorced,2023-05-18
CUST_7d0f,Chaifah Todsapornpitakul,puntiralertsattayanusak@gmail.com,08-4812-9996,7577 Pattapon Pine Apt. 226,New Pakborough,Kulnunstad,97761,Northern,2006-04-19,Female,Other,2023-07-02
CUST_5090,Supasit Prakalpawong,chalisaphusilarungrueng@hotmail.com,08-0853-5260,982 Pawan Field,West Wasin,Port Supasit,56879,Northeast,1992-02-03,Male,Divorced,2021-06-23
CUST_0721,Kulnun Kitprapa,pikatsingkornjaruwan@yahoo.com,08-3805-6604,0371 Prachayaroch Station,Pitipatton,New Pachongruk,73431,Central,2003-08-25,Female,Married,2024-09-14
CUST_cdda,Sarunporn Pongpanitch,xturongkinanon@gmail.com,09-8678-1689,381 Chaihirankarn Freeway Suite 592,Patchaployhaven,Pramesmouth,94049,Central,1996-06-20,Other,Divorced,2024-01-25
CUST_fe71,Patcharaporn Lertsattayanusak,todsawun70@yahoo.com,09-7079-2610,53152 Nichakarn Flats Suite 822,Port Pattapon,Chalisafort,58519,Northern,1991-10-03,Female,Divorced,2024-09-28
CUST_121f,POL LT COL Chanikan Pichpandecha,aunyaporn45@gmail.com,06-0483-6807,63876 Chayapat Lights,Benchapatranonberg,Pachongrukton,15796,Northern,2003-01-02,Male,Divorced,2024-03-07
CUST_9c91,Parin Pikatsingkorn,kamolchanok03@hotmail.com,06-6373-4400,31324 Yanisa Row,North Sittikornview,South Pak,17822,Northern,2003-07-03,Male,Other,2023-05-23
CUST_5040,Sittikorn Anekvorakul,sitiwatmethavorakul@hotmail.com,09-6097-9442,746 Polauaypon Shoals Suite 969,Port Sarunpornberg,New Yanisa,69918,Central,2000-06-05,Male,Single,2024-02-09
CUST_07e6,POL CPL Sitiwat Chaihirankarn,noppakao57@hotmail.com,09-1646-1278,2421 Prachayaroch Light Suite 087,Intaumtown,Yadamouth,74467,Northern,1991-06-13,Female,Single,2021-08-04
CUST_9531,Nutwadee Pikatsingkorn,matinawinparin@gmail.com,09-3336-6697,16443 Kunaporn Radial,Port Supasitachester,Patchaployhaven,09475,Northeast,1994-11-25,Female,Single,2022-12-09
CUST_f543,Chawin Matinawin,gintaum@yahoo.com,09-1538-8556,37723 Wannapaitoonsri Parkway Suite 845,East Jaruwanberg,South Chawinville,37613,Central,1997-10-13,Female,Single,2025-08-18
CUST_4c7b,Chayapat Permchart,patchaploy52@yahoo.com,08-2097-0562,3452 Benchapatranon Valley Suite 991,West Aunyaporn,East Peem,68281,Central,2004-10-17,Female,Single,2021-12-26
CUST_cada,Chawin Losatapornpipit,polpopatcharaporn@hotmail.com,06-4272-9028,820 Kodchaporn Shoal Apt. 004,North Pitipat,Pannawichmouth,40720,Central,1991-06-05,Other,Divorced,2024-01-16
CUST_0081,POL LT Teetat Lertsattayanusak,nutwadee12@yahoo.com,06-7139-5221,349 Polpo Common Suite 199,North Chaifah,Lake Suvakitshire,55882,Northern,1989-07-18,Male,Divorced,2026-01-02
CUST_30ab,Pachongruk Pasuk,turongkinanonpawan@hotmail.com,06-7936-9853,0816 Pachongruk Villages,East Nutwadee,Lake Suwijuk,70490,Northern,1993-07-12,Other,Other,2025-06-03
CUST_b94d,Prima Suraprachit,norramondarin@hotmail.com,09-7666-9702,1842 Choeychuen Gateway Suite 242,North Patchaploy,South Nichakarn,49177,Northeast,2008-12-11,Male,Divorced,2024-02-09
CUST_69c9,Sarunporn Tianvarich,chawintitipatrayunyong@hotmail.com,09-4876-5508,8984 Wimolnot Walk,Kongsrifort,Lake Todsawunborough,91344,Northeast,2001-11-07,Male,Widowed,2023-03-12
CUST_aa97,Sitiwat Methavorakul,wimolnotpattamon@hotmail.com,06-0408-1018,4282 Patchaploy Drive Suite 595,Siripaibootown,Supasitton,02165,Central,1999-05-22,Female,Divorced,2022-09-10
CUST_c66c,Pakjira Kamalanon,apisarachaisatit@gmail.com,09-8688-8287,544 Chanikan Square Apt. 824,West Primafurt,Port Supasitaside,30130,Northern,1999-11-24,Other,Single,2021-01-17
CUST_434d,Nichakarn Thantananont,chaisatitpatcharaporn@hotmail.com,09-7459-0272,72963 Pannawich Walks,Sittikornburgh,Chanyaland,95907,Central,1979-09-06,Other,Other,2023-12-23
CUST_3e04,Sarunporn Bunlerngsri,permchartjaruwan@yahoo.com,09-4602-8496,92831 Peem Crossing Apt. 812,Kamolchanokstad,Pitipatview,50323,Northeast,1992-08-18,Male,Other,2025-06-15
CUST_ab73,Pattapon Tungkasethakul,darin69@yahoo.com,06-3635-7407,263 Polauaypon Heights,Suvakitmouth,South Jaruwanbury,33685,Northeast,1993-02-17,Male,Other,2022-05-16
CUST_711f,Sitiwat Sireelert,nutkrita57@yahoo.com,08-3641-2977,32555 Chaifah Neck Apt. 229,North Chanikan,Lake Pornchanok,62063,Central,2001-09-25,Female,Divorced,2024-10-16
CUST_889a,L CDR Anon Trikasemmart,habpanomphenphitcha@gmail.com,06-6905-7017,8039 Thanatcha Keys Suite 340,Supasitport,South Arisara,97991,Central,1985-08-12,Other,Divorced,2025-09-05
CUST_257d,Chaiwut Charoensuksopol,todsapornpitakulsupasita@gmail.com,06-8754-8868,9757 Atit Gardens,Wasununfort,North Nutchahaven,92893,Southern,1993-07-28,Other,Married,2022-05-15
CUST_1bed,Tunradee Methavorakul,nattawun39@yahoo.com,08-8805-5604,46934 Sorawut Causeway,Lake Thanatcha,Pornchanokberg,91885,Northeast,1995-05-03,Female,Other,2023-08-20
CUST_c98e,Kodchaporn Titipatrayunyong,methavorakulchaiwut@yahoo.com,09-7904-4186,40955 Ratchanon Ways Suite 748,Neerachapongmouth,Pichpandechaview,52613,Northeast,2006-08-06,Other,Single,2023-05-08
CUST_694e,CAPT Arisara Wimolnot,suwijuk05@gmail.com,08-9403-0606,9854 Trikasemmart Passage,Yadaland,Lake Parin,35342,Northern,2008-06-04,Female,Single,2025-02-08
CUST_64cb,Apisara Boonpungbaramee,chanyakitprapa@hotmail.com,08-1557-7408,1891 Supasita Neck,North Darinview,North Kamolchanokbury,13626,Eastern,2008-03-18,Other,Other,2023-07-13
CUST_5667,CAPT Yada Turongkinanon,phenphitchatungkasethakul@yahoo.com,06-8979-2330,28464 Suvakit Trail,Tianvarichstad,Krittayanukoonside,46330,Northern,2006-02-18,Male,Other,2024-03-09
CUST_dbce,Yada Wasunun,aunyapornpolauaypon@hotmail.com,06-6421-5323,89894 Sooksawang Streets Apt. 200,New Supasit,Lake Aunyapornstad,75429,Northern,1991-08-14,Female,Married,2021-05-08
CUST_6740,Yada Losatapornpipit,sitiwat67@yahoo.com,08-7885-2552,87413 Kittakun Inlet,Krittayanukoonton,North Nattawunville,19424,Northeast,1989-07-02,Female,Widowed,2023-03-01
CUST_ff8d,Peem Prayoonhong,sitiwatsooksawang@yahoo.com,08-1860-7699,82803 Methavorakul Gardens,West Chayapat,Apisarashire,59418,Central,1983-02-12,Male,Other,2023-10-04
CUST_f967,Jitrin Losatapornpipit,pongpanitchthanatcha@gmail.com,09-7449-4584,479 Pak Vista,Lake Apisara,Tunchanokchester,89906,Central,2000-09-01,Female,Single,2024-09-16
CUST_a12a,PLT OFF Prima Losatapornpipit,pattamonyouprasert@hotmail.com,06-4691-7320,7074 Chayanin Cliffs Apt. 582,Darinfurt,South Thanatchafort,06099,Northeast,1994-04-09,Female,Single,2024-05-15
CUST_41a5,CAPT Supasit Pichpandecha,suvakit59@yahoo.com,06-6694-0085,7157 Kitprapa Extensions,Matinawinville,Krittayanukoonville,93889,Central,1996-05-28,Male,Widowed,2024-01-16
CUST_7148,Chanikan Chaisatit,aunyaporntungkasethakul@yahoo.com,06-4947-3987,83285 Polpo Ville Apt. 769,New Nutwadee,West Prima,25608,Northern,2008-06-23,Male,Married,2021-10-01
CUST_fc3c,Phenphitcha Suraprachit,paksukhenai@hotmail.com,09-3081-6695,086 Wasunun Spring Suite 573,Port Pitipat,North Supasitaview,52701,Central,1987-04-16,Female,Other,2021-06-01
CUST_01e6,Pattatomporn Sooksawang,atit48@hotmail.com,08-3155-4739,80622 Turongkinanon Views Suite 308,Lake Chalisa,Methavorakulport,42778,Central,1994-02-25,Other,Other,2022-05-16
CUST_fdf3,Patchaploy Titipatrayunyong,youprasertyanisa@hotmail.com,08-3757-6530,8209 Sarunporn Inlet Apt. 255,South Pitipat,Arisarashire,46577,Central,1997-03-27,Other,Married,2022-09-08
CUST_7dc5,Kamolchanok Pitanuwat,chowitunkitjaruwan@yahoo.com,06-0204-1958,747 Wassaya Dale Suite 675,New Aunyapornport,Primaside,82139,Eastern,2002-01-02,Other,Widowed,2023-11-02
CUST_7562,Chanya Anekvorakul,pattatompornkongsri@yahoo.com,08-1989-7575,681 Kunaporn Glens,North Prames,West Phubes,72752,Central,1997-01-24,Female,Other,2023-07-01
CUST_2fd1,Supasit Losatapornpipit,pchaisatit@gmail.com,09-6191-1424,4819 Phenphitcha Trace,North Apisara,Sorattanachaiview,11380,Northern,1992-12-14,Other,Other,2024-10-05
CUST_ae15,Teetat Pikatsingkorn,vinyuvanichkulwassaya@yahoo.com,09-2869-2247,24125 Teetat Lakes Apt. 518,Tianvarichbury,Port Phubesmouth,54589,Central,1993-03-16,Other,Widowed,2023-07-25
CUST_a56c,Chawin Pasuk,hboonpungbaramee@yahoo.com,06-5158-2705,70085 Chaiwut Manors,Pasukmouth,Supasitshire,33372,Northern,1987-03-13,Other,Single,2025-03-13
CUST_54a4,Chayapat Krittayanukoon,vprayoonhong@hotmail.com,09-7155-5098,791 Kamolchanok Parkways,Prachayarochtown,South Sarunpornstad,83696,Central,2008-09-19,Other,Divorced,2023-09-20
CUST_5874,Nichakarn Charoensuksopol,patcharaporntodsapornpitakul@hotmail.com,06-5520-5776,987 Pothanun Wall Apt. 277,Srisoontornmouth,East Nutcha,16308,Northern,1994-09-17,Female,Single,2021-07-16
CUST_2daf,Jinjuta Vinyuvanichkul,pak39@gmail.com,08-8333-2120,013 Patchaploy Village,Lake Prames,Port Sarunpornview,87197,Northern,1992-02-14,Other,Widowed,2025-05-04
CUST_85b0,Kunaporn Wimolnot,krittayanukoonpak@yahoo.com,06-0528-2039,239 Pornchanok Rapid,South Suvakitton,Todsawunside,82504,Central,2001-09-04,Male,Divorced,2023-12-15
CUST_987c,Suwijuk Suraprachit,prima50@hotmail.com,06-6247-4306,162 Permchart Hill,Sitiwatchester,West Chawin,50750,Central,1996-08-01,Female,Married,2023-11-28
CUST_194f,Sarunporn Youprasert,patchaploychomsri@gmail.com,08-6037-5002,679 Kittakun Place Apt. 653,Tianvarichtown,Intaumport,37107,Central,1989-05-03,Male,Single,2022-01-16
CUST_b320,Pawan Kumsoontorn,srisoontornkodchaporn@hotmail.com,09-1272-9411,219 Sooksawang Crossroad,Nichakarnchester,West Kulnunport,87111,Northern,1991-10-04,Female,Divorced,2025-10-11
CUST_1442,Chalisa Choeychuen,pannawichtianvarich@gmail.com,06-1226-7030,39147 Chalisa Junctions,South Phubes,East Yanisa,73197,Central,2005-08-20,Male,Other,2023-12-12
CUST_998c,Supasita Prakalpawong,supasit51@gmail.com,08-9817-5431,620 Wasin Light Apt. 094,Aunyapornburgh,East Chaiwutshire,96886,Central,1993-03-04,Other,Married,2026-03-01
CUST_9731,Sarunporn Polauaypon,vethayasaspatchaploy@gmail.com,06-8590-9597,2807 Tunchanok Turnpike,Phusilarungruengmouth,Pattamonhaven,96220,Central,1996-08-25,Other,Other,2026-05-04
CUST_b0aa,Tunchanok Srisoontorn,chaifahsooksawang@gmail.com,09-7297-9053,672 Apisara Summit,Noppakaochester,Chaifahfurt,37848,Central,1999-03-01,Other,Divorced,2024-11-24
CUST_1122,Nattawun Trikasemmart,yanisapolauaypon@hotmail.com,06-9430-1513,9867 Chaiwut Estates,Lake Nutwadee,Kamolchanokfort,54353,Northern,1996-05-23,Female,Divorced,2025-05-07
CUST_7a55,FS 1 Nattawun Habpanom,pannawichthantananont@yahoo.com,09-4017-0095,9475 Suwijuk Garden Apt. 127,West Wassaya,Chayapatland,39456,Northeast,1999-10-03,Male,Married,2022-12-03
CUST_e080,Nutkrita Kittakun,chanikanchomsri@gmail.com,09-8695-1894,1025 Thantananont Ports Apt. 001,North Chayaninside,Wasinberg,59781,Northeast,1984-02-17,Female,Other,2023-11-23
CUST_cfd4,Apisara Pichpandecha,xwimolnot@yahoo.com,06-1118-0502,452 Lertsattayanusak Corners,Posaleemouth,North Tunchanoktown,63447,Central,1996-05-25,Female,Single,2023-05-03
CUST_9f57,Pattapon Sorattanachai,kvinyuvanichkul@hotmail.com,08-0552-1370,5283 Losatapornpipit Branch Suite 399,East Patchaployburgh,Phenphitchabury,56837,Northern,2008-12-06,Female,Widowed,2023-07-11
CUST_960d,FS 3 Chawin Kongsri,zsooksawang@yahoo.com,09-0338-8984,8016 Krittayanukoon Shoal,Port Yanisamouth,Aunyapornborough,88096,Central,2004-09-16,Other,Divorced,2024-10-27
CUST_39fd,Kulnun Matinawin,pannawichkamalanon@yahoo.com,08-3376-6848,9500 Chaihirankarn Forks,New Wassaya,Port Aunyaporn,87482,Central,1995-04-28,Other,Married,2022-10-10
CUST_6fa9,Todsawun Methavorakul,nutkrita85@hotmail.com,08-7128-9633,348 Pikatsingkorn Mountains Suite 352,Krittayanukoonstad,Choeychuenmouth,67034,Central,2000-08-21,Male,Married,2024-02-28
CUST_7950,Apisara Wannapaitoonsri,vethayasasnichakarn@yahoo.com,06-4619-7807,99425 Wannapaitoonsri Crest Suite 341,New Suvakit,Lertsattayanusakborough,57815,Eastern,1994-03-12,Other,Single,2023-11-04
CUST_eaef,Nutkrita Charoensuksopol,nichakarn19@yahoo.com,08-1526-6463,64554 Chayanin Ridge,Thantananontport,New Peemland,64200,Northeast,1987-01-03,Male,Married,2026-03-28
CUST_7e34,Phubes Tungkasethakul,anekvorakulpawan@gmail.com,09-8705-3338,12074 Noppakao Rue Apt. 756,Polauayponfurt,Noppakaoview,70021,Northern,1988-08-13,Male,Married,2021-10-06
CUST_7396,Niracha Pikatsingkorn,ypermchart@hotmail.com,09-3264-6069,8968 Lertsattayanusak Path,Pasukport,Lake Chaiwut,73238,Central,1999-08-06,Male,Other,2022-06-11
CUST_4eb3,Jinjuta Pitanuwat,pannawich94@hotmail.com,06-9553-8129,249 Pintusorn Square,North Jitrin,Kamolchanokshire,38685,Central,1983-03-18,Male,Single,2023-07-02
CUST_27a5,Chaifah Kamalanon,chaiwutkittakun@hotmail.com,08-0647-9286,1928 Nutwadee Orchard Apt. 702,Tunchanokton,Darinland,57768,Northeast,2000-01-13,Other,Married,2024-02-25
CUST_0f39,Noppakao Lertsattayanusak,kpolauaypon@gmail.com,09-6118-7539,53774 Benchapatranon Orchard,Chaihirankarnton,Trikasemmartmouth,85830,Central,1996-07-28,Female,Married,2026-01-28
CUST_9f00,Jitrin Bunlerngsri,sarunporntungkasethakul@yahoo.com,09-0137-1463,466 Sittisaowapak View,Prachayarochside,West Yadaside,15663,Northern,1989-02-17,Female,Divorced,2026-01-02
CUST_e7dd,LT JG Phenphitcha Sujjaboriboon,nutwadee58@gmail.com,06-9014-8080,63552 Aunyaporn Fields Suite 892,East Todsawunborough,South Kodchapornland,36321,Central,1990-03-19,Other,Other,2024-03-18
CUST_5424,Chayanin Pothanun,tunchanokkittakun@gmail.com,09-9588-3012,09587 Chayapat Corner,Todsawunhaven,Jaruwanmouth,27702,Northern,2000-02-17,Male,Widowed,2022-12-22
CUST_f06f,Chanikan Prachayaroch,jkrittayanukoon@yahoo.com,08-1999-6995,238 Posalee Wells,Srisoontorntown,Neerachapongport,02536,Northern,2007-05-17,Male,Widowed,2025-01-19
CUST_c6d7,Pawan Neerachapong,vmethavorakul@gmail.com,06-0910-1712,6903 Kongsri Isle,South Pawan,Chawinshire,52146,Central,1996-08-24,Other,Divorced,2022-12-01
CUST_6b8c,Kunaporn Intaum,patcharapornkongchayasukawut@yahoo.com,08-8178-2787,6705 Apisara Island Apt. 934,Suraprachitmouth,East Anonland,75210,Central,2008-02-07,Female,Single,2024-05-16
CUST_fed4,Darin Methavorakul,sarunporn44@gmail.com,09-0967-0117,77737 Chawin Summit Suite 480,Aunyapornchester,Supasitaville,73801,Eastern,1993-11-04,Other,Widowed,2025-09-05
CUST_fee3,Pannawich Losatapornpipit,pakcharoensuksopol@yahoo.com,09-1473-4403,27972 Sireelert Spring,North Aunyapornton,East Pitipat,38161,Central,2002-04-03,Male,Single,2023-03-03
CUST_ff16,Parin Pothanun,kamolchanok11@gmail.com,06-0649-0671,0876 Kongchayasukawut Lakes,North Chanya,Tunradeestad,21361,Eastern,1999-11-08,Male,Married,2023-09-23
CUST_e9a5,Sarunporn Anekvorakul,noppakao38@yahoo.com,08-3893-0485,009 Noppakao Turnpike Apt. 375,Kulnunborough,West Chayapat,35137,Central,1992-12-15,Female,Widowed,2023-08-20
CUST_1152,Pawan Pikatsingkorn,pawanposalee@hotmail.com,08-2678-5755,39819 Pattatomporn Summit Apt. 275,Vinyuvanichkulbury,Port Noppakaostad,69824,Central,1989-04-06,Other,Divorced,2024-12-22
CUST_bf59,Nutkrita Wannapaitoonsri,tunradeechomsri@gmail.com,06-9604-8553,65554 Thantananont Points,Supasitabury,New Suwijukview,40001,Central,1996-04-07,Other,Widowed,2021-08-18
CUST_26ad,Supasit Tungkasethakul,puntira38@gmail.com,06-4125-7593,80179 Chanya Via,West Yanisafort,Lake Wasin,42847,Western,2000-01-06,Other,Widowed,2025-05-28
CUST_4406,Patcharaporn Kumsoontorn,sitiwat11@hotmail.com,09-6341-3504,2138 Teetat Course,Lake Atitville,South Chayapat,56533,Eastern,2000-05-27,Female,Single,2021-08-09
CUST_5f8f,Patcharaporn Pothanun,choeychuenpornchanok@gmail.com,06-4144-4376,894 Tunradee Points Apt. 125,Suraprasertstad,West Supasitafurt,58457,Central,1986-08-26,Other,Married,2025-10-23
CUST_01ee,Pattamon Chowitunkit,todsawunpitanuwat@gmail.com,09-6055-5245,5841 Choeychuen Dam Suite 343,Port Chanya,South Pachongrukborough,62386,Northern,1982-01-15,Female,Divorced,2025-06-13
CUST_3f2f,Pattapon Vinyuvanichkul,jwimolnot@hotmail.com,06-0422-3110,07791 Phubes Ramp,West Chaiwut,Sorawuttown,13950,Northern,1996-03-15,Female,Divorced,2024-06-08
CUST_3bca,Apisara Kongchayasukawut,pichpandechaniracha@hotmail.com,08-1610-9701,8446 Parin Circle,Wimolnotmouth,Permchartchester,34132,Northern,1988-11-22,Other,Widowed,2025-12-14
CUST_ecc1,Nutcha Charoensuksopol,supasitsittisaowapak@hotmail.com,06-8335-3361,853 Yada Loop,East Suvakit,Kittakunberg,81585,Northern,1980-09-08,Male,Widowed,2021-04-27
CUST_1777,SAMANERA Jitrin Pongpanitch,pakjira93@hotmail.com,08-2687-6862,08681 Tungkasethakul Key,Polauayponland,North Nutkrita,83562,Central,2005-08-25,Female,Single,2024-02-23
CUST_a7f2,Chanya Prachayaroch,zturongkinanon@gmail.com,08-3445-0721,20704 Kamalanon Glens,East Patchaploy,Nattawunhaven,47139,Central,2002-12-25,Female,Widowed,2022-12-12
CUST_a621,Phubes Vethayasas,jtianvarich@gmail.com,06-7999-8021,1308 Peem Isle,Titipatrayunyongstad,Port Nutwadeeburgh,70760,Central,1996-10-26,Female,Divorced,2023-01-23
CUST_e400,Nattawun Pasuk,wassaya24@gmail.com,09-6273-0497,85474 Tunchanok River,South Chayanin,West Pachongrukhaven,68516,Southern,2003-01-11,Female,Divorced,2021-11-28
CUST_f082,Chaiwut Bunlupong,ybunlupong@hotmail.com,06-5267-2679,619 Wasin Harbor,Chowitunkitberg,Tunchanokland,88919,Northeast,1993-01-13,Male,Married,2023-07-21
CUST_946f,POL CAPT Apisara Tianvarich,tunchanoksrisoontorn@yahoo.com,08-1427-1990,300 Tianvarich Plaza,Port Thanatchastad,Lake Pawan,18622,Northern,1997-09-07,Female,Widowed,2022-12-26
CUST_fa48,Niracha Pothanun,tunradee73@yahoo.com,09-0684-5050,3090 Yada Divide,Anekvorakulville,Port Pak,74507,Northern,2005-07-14,Other,Single,2022-04-19
CUST_5524,Chayapat Thantananont,qpichpandecha@gmail.com,08-2893-1574,948 Losatapornpipit Hollow,Port Pattaponstad,East Pornchanokburgh,02893,Northern,1983-05-03,Male,Married,2023-11-11
CUST_cd8d,Pintusorn Prachayaroch,esrisoontorn@yahoo.com,06-6294-6695,20095 Chayanin Gardens,North Tunradeeborough,North Tunchanok,14680,Northern,2002-01-21,Other,Single,2026-02-19
CUST_71d2,Chalisa Kumsoontorn,fsuraprasert@yahoo.com,06-9589-4803,4392 Jitrin Overpass,Lake Thanatcha,South Chawin,62706,Central,1998-11-22,Male,Single,2023-07-03
CUST_d4a0,Jinjuta Lertsattayanusak,kulnun14@hotmail.com,09-0266-9228,715 Suraprachit Rest,Supasitahaven,Choeychuenport,01322,Central,1984-10-27,Female,Married,2022-02-10
CUST_0f89,Pakjira Chomsri,mpothanun@gmail.com,08-1865-5789,898 Todsawun Trail Apt. 110,East Wassaya,South Pattamon,70073,Eastern,1996-03-19,Female,Widowed,2026-04-16
CUST_89c4,Wassaya Pichpandecha,gsukhenai@gmail.com,08-8433-1935,847 Vinyuvanichkul Gateway Suite 952,East Pakjira,Patcharapornland,31048,Central,1995-06-19,Other,Other,2022-02-23
CUST_b573,Darin Pikatsingkorn,wasin88@yahoo.com,08-7546-3358,1236 Phenphitcha Mall,West Todsawunmouth,East Peemstad,51800,Central,1991-09-12,Other,Widowed,2022-08-16
CUST_ec06,Sarunporn Kitprapa,akongsri@hotmail.com,06-7015-0624,17465 Jaruwan Harbor Apt. 577,Chowitunkithaven,Charoensuksopolhaven,61803,Southern,1985-04-19,Other,Other,2022-12-18
CUST_7e65,FS 2 Pakjira Permchart,kunapornprachayaroch@yahoo.com,08-9572-6478,62692 Habpanom Mills,Methavorakulmouth,Patchaployhaven,18674,Central,2001-12-22,Other,Single,2025-12-18
CUST_d0c0,Pattapon Neerachapong,aanekvorakul@hotmail.com,06-1420-6575,67014 Youprasert Shores Suite 376,Tianvarichmouth,West Peemland,12648,Central,2001-02-14,Male,Married,2021-07-08
CUST_f6aa,Pintusorn Chowitunkit,chanikansuraprasert@yahoo.com,09-5791-3065,09319 Noppakao Points,East Aunyapornchester,North Pintusorn,82206,Northern,2008-01-19,Other,Married,2024-05-25
CUST_ed3b,Wassaya Pichpandecha,atrikasemmart@gmail.com,09-9125-2149,1121 Suvakit Gateway,West Sitiwatbury,Bunlupongborough,98337,Northern,1995-09-04,Other,Widowed,2026-01-14
CUST_800e,Kunaporn Prakalpawong,nutchanorramon@gmail.com,09-6271-9631,5330 Thanatcha Way Suite 641,Lake Arisaraport,New Tunchanokfurt,89201,Northern,1989-09-17,Male,Married,2026-04-01
CUST_873e,Supasit Youprasert,supasit03@hotmail.com,06-8001-4875,775 Supasit Mills,Norramonborough,Kongchayasukawutburgh,65354,Northern,1991-09-09,Female,Other,2023-03-20
CUST_60fe,Darin Tianvarich,chaifah24@hotmail.com,06-1502-0305,686 Tungkasethakul Course,Chaiwutfort,Siripaibooberg,91776,Northern,1995-10-27,Male,Widowed,2023-03-06
CUST_fdfd,Chanya Polauaypon,lmethavorakul@hotmail.com,08-4380-7232,303 Chaiwut Isle,East Pakjiramouth,Patcharapornview,79276,Northern,2003-04-01,Male,Other,2023-01-14
CUST_b28d,Phenphitcha Tianvarich,sprayoonhong@hotmail.com,08-2299-7515,31294 Anekvorakul Skyway,Wasinmouth,Neerachapongville,16793,Northern,2005-06-14,Other,Divorced,2025-05-07
CUST_1125,Puntira Sireelert,ltungkasethakul@gmail.com,09-3240-5236,96581 Jaruwan Cliff,New Jaruwan,Chanikanfort,15085,Northeast,2002-01-07,Female,Married,2023-02-03
CUST_ea45,Todsawun Charoensuksopol,srisoontornniracha@hotmail.com,09-5348-6323,6939 Prayoonhong Islands,Phenphitchaport,South Chanya,07461,Northern,1998-06-25,Male,Single,2021-08-07
CUST_b18e,Supasita Todsapornpitakul,wassaya57@gmail.com,09-1804-7269,846 Lertsattayanusak Flats,Pitipatstad,North Yada,08939,Central,1981-07-07,Other,Single,2023-05-12
CUST_1281,Suvakit Turongkinanon,pongpanitchkodchaporn@yahoo.com,06-7146-3527,907 Pitipat Ridges Apt. 207,New Kamolchanok,North Aunyapornland,94672,Northern,1992-03-08,Female,Married,2023-04-11
CUST_f6fc,Pattapon Siripaiboo,methavorakulnutcha@yahoo.com,06-8195-4825,0983 Jinjuta Extensions Suite 880,North Nutchastad,Port Anon,25664,Northern,2005-09-18,Female,Divorced,2022-04-07
CUST_53f2,Chanya Choeychuen,pintusornprayoonhong@yahoo.com,08-7977-6105,7745 Turongkinanon Islands Apt. 003,New Supasit,Pasukville,61298,Eastern,2008-05-26,Other,Divorced,2024-07-22
CUST_f4d8,Pachongruk Kittakun,xkrittayanukoon@hotmail.com,06-2414-2260,4426 Sitiwat Stravenue Suite 743,Nutwadeeport,East Arisarachester,54060,Central,1989-05-20,Female,Divorced,2023-08-13
CUST_9ddd,Ratchanon Prakalpawong,todsawunchoeychuen@yahoo.com,09-1797-6246,925 Apisara Ranch Suite 067,North Prima,Wasinside,33805,Central,1988-06-17,Other,Other,2022-01-16
CUST_74a8,Suvakit Sireelert,ukittakun@yahoo.com,08-4209-2246,986 Lertsattayanusak Falls,Vethayasasbury,Thanatchabury,31612,Northeast,1993-08-10,Other,Widowed,2024-10-15
CUST_016e,Atit Posalee,yanisa13@yahoo.com,08-1488-1013,025 Teetat Lane,Chayaninbury,Lake Pawan,78101,Northern,1997-09-08,Male,Widowed,2024-11-06
CUST_122d,Suwijuk Polpo,aunyapornchomsri@yahoo.com,06-7083-3195,0594 Suwijuk Bypass Suite 614,Arisarafurt,Suwijukport,76474,Western,1987-01-06,Female,Single,2024-10-15
CUST_9c3d,Patcharaporn Lertsattayanusak,kulnunphusilarungrueng@gmail.com,06-3024-3204,478 Supasita Lodge,Nirachaland,North Jaruwanview,12478,Central,1998-01-13,Female,Other,2025-01-19
CUST_bdb4,PHRA Chanikan Chowitunkit,skitprapa@hotmail.com,09-9863-9540,994 Pak Bridge Apt. 558,Nattawunside,North Aunyaporn,09793,Central,1990-07-03,Male,Widowed,2024-01-17
CUST_07a7,Pawan Anekvorakul,pakjira89@hotmail.com,08-0468-7205,191 Posalee Trail Apt. 745,Polpochester,East Noppakao,12392,Northeast,2000-09-05,Female,Divorced,2024-01-06
CUST_df61,Pitipat Sorattanachai,jitrincharoensuksopol@gmail.com,09-8805-6351,415 Polpo Views,Pramesland,North Patcharaporn,97608,Northeast,1993-03-05,Other,Divorced,2025-02-08
CUST_3fef,Niracha Permchart,pattamonpasuk@gmail.com,06-7272-5854,625 Pitipat Loop Apt. 766,West Yanisa,Lake Chayapatland,25953,Central,1998-05-25,Female,Single,2025-11-17
CUST_a61d,Teetat Boonpungbaramee,dtodsapornpitakul@hotmail.com,09-8381-7150,00411 Methavorakul Forks,Suraprasertland,Prayoonhongbury,61299,Central,2003-06-17,Male,Widowed,2022-01-19
CUST_629e,Chayanin Pothanun,apolauaypon@hotmail.com,09-2514-6207,2488 Chawin Lodge,South Todsawunview,Suraprachitburgh,55847,Central,2002-12-19,Female,Single,2024-04-15
CUST_b46c,Noppakao Posalee,pikatsingkornnichakarn@gmail.com,09-3581-8624,39755 Prames Circle,East Supasita,North Supasitaside,17570,Western,1991-08-07,Other,Divorced,2021-08-11
CUST_b07b,SUB LT Sitiwat Vinyuvanichkul,pothanunsitiwat@yahoo.com,09-2734-8798,195 Pianduangsri Land Suite 048,Lake Sittikornmouth,South Pattatomporn,84266,Central,1995-01-24,Other,Single,2024-04-28
CUST_ba02,Chayanin Suraprasert,aunyaporn16@hotmail.com,09-4640-1752,4346 Pattatomporn Point Suite 945,West Kodchapornfort,South Pramesshire,89366,Northeast,1995-03-24,Other,Single,2026-04-21
CUST_dbaf,S M 2 Chaiwut Bunlupong,teetat06@yahoo.com,06-1464-8177,0696 Benchapatranon Branch Apt. 027,New Paktown,East Jinjuta,18907,Northeast,1998-11-28,Female,Married,2024-02-14
CUST_2d1e,Kamolchanok Kittakun,ycharoensuksopol@hotmail.com,09-6649-7592,13740 Chaihirankarn Pines,North Phenphitcha,North Sarunpornton,01000,Central,1996-12-08,Male,Married,2024-11-06
CUST_a449,Pattamon Trikasemmart,jhabpanom@hotmail.com,08-0762-4999,824 Prima Cliffs,East Anonbury,South Pattatomporn,85133,Central,1991-08-23,Other,Divorced,2025-07-06
CUST_143c,CPO 2 Pornchanok Prachayaroch,pachongrukchomsri@hotmail.com,09-4063-1188,909 Chowitunkit Creek,West Sorawut,Pichpandechamouth,10710,Central,1995-10-10,Other,Single,2025-05-09
CUST_df92,Darin Permchart,pakmatinawin@yahoo.com,08-8441-0864,990 Chanya Junction Apt. 379,Losatapornpipitfort,Nutwadeeville,08367,Southern,1996-07-11,Other,Widowed,2023-03-27
CUST_1d94,Thanatcha Suraprasert,pattatomporn48@hotmail.com,08-2340-2270,6385 Wasin Locks,Pitipatport,South Pachongruk,13570,Central,1998-05-05,Other,Other,2022-01-25
CUST_9a96,Chaiwut Bunlupong,sittikorn25@hotmail.com,06-7114-8354,71730 Tunradee Cape Suite 631,Primashire,Thanatchamouth,23489,Eastern,1991-07-24,Female,Other,2024-11-06
CUST_c603,ACM Puntira Pichpandecha,nsorattanachai@gmail.com,09-4436-5909,980 Sorawut Cliffs Apt. 785,New Aunyapornport,Port Nutkrita,11503,Central,1997-06-23,Other,Divorced,2021-04-20
CUST_88b7,Kunaporn Pichpandecha,prakalpawongchanya@gmail.com,09-5874-9594,8881 Bunlupong Brooks,Kongchayasukawutshire,Srisoontorntown,24786,Central,1991-10-17,Other,Other,2026-01-22
CUST_7794,Chanya Sorattanachai,pongpanitchnichakarn@yahoo.com,08-7737-8167,9019 Chanikan Run,North Nutkritafurt,South Aunyapornland,54802,Southern,1994-04-19,Female,Single,2025-01-03
CUST_09d0,Sitiwat Wannapaitoonsri,anekvorakulyada@hotmail.com,08-3103-0226,13987 Pawan Valley Suite 520,West Thanatchaborough,East Sorawutborough,93901,Northern,1980-03-25,Other,Single,2024-03-24
CUST_52ae,PO 1 Pada Vethayasas,kunapornmethavorakul@gmail.com,09-7283-2868,5014 Peem Ford Apt. 437,New Suvakitville,Sitiwatmouth,67275,Northern,1990-07-05,Male,Divorced,2026-05-06
CUST_deef,Chayapat Polauaypon,yada48@yahoo.com,08-2946-6700,98367 Sooksawang Track,Port Peemhaven,Chaihirankarnfurt,20094,Southern,1998-10-22,Female,Widowed,2022-10-15
CUST_c1e6,Chaiwut Prachayaroch,chanikan74@yahoo.com,08-7107-4978,689 Parin Locks Apt. 449,Kamolchanokbury,South Phenphitcha,72054,Northeast,1992-04-15,Male,Divorced,2023-02-04
CUST_0b21,Wassaya Trikasemmart,kodchapornvinyuvanichkul@gmail.com,08-0532-5236,01245 Aunyaporn Station,North Nattawun,Pramesview,16116,Central,2000-02-20,Male,Other,2024-03-04
CUST_2020,Kamolchanok Pichpandecha,vtodsapornpitakul@yahoo.com,08-1663-9355,162 Losatapornpipit Plaza Suite 201,Kodchapornfurt,Lake Puntirachester,85937,Northeast,1992-03-14,Male,Other,2024-12-09
CUST_9ddf,Kamolchanok Pianduangsri,arisara45@hotmail.com,08-0862-0437,71540 Apisara Pass Apt. 704,New Patcharaporn,New Pawan,13690,Northeast,1995-12-24,Other,Other,2026-01-02
CUST_9898,CPO 1 Suvakit Norramon,pikatsingkornnutkrita@hotmail.com,08-3826-2762,2221 Suraprachit Fall Apt. 211,Kitprapashire,Port Pattaponton,84941,Western,1992-04-18,Male,Single,2021-08-03
CUST_eb1c,CPL Nattawun Polpo,prachayarochjitrin@gmail.com,06-7910-4226,438 Phubes Circles Apt. 309,Nutwadeetown,Suraprasertberg,19858,Western,1995-07-16,Female,Other,2023-08-06
CUST_6bce,Parin Pikatsingkorn,nutwadeeboonpungbaramee@hotmail.com,09-0974-1725,02182 Chaiwut Stravenue Apt. 470,Trikasemmartburgh,West Atit,99715,Central,1981-07-14,Female,Widowed,2022-03-25
CUST_290b,Jitrin Vinyuvanichkul,athantananont@hotmail.com,09-3045-2133,525 Trikasemmart Burgs Suite 947,New Chanikanport,Pothanuntown,15178,Northeast,2007-11-20,Other,Married,2023-03-03
CUST_c873,Prima Tianvarich,pannawich85@yahoo.com,06-2195-2726,1463 Permchart Run Apt. 390,Port Kodchapornmouth,New Pattatompornton,67288,Central,2001-04-13,Female,Married,2023-04-18
CUST_b871,Suwijuk Titipatrayunyong,ipitanuwat@gmail.com,09-9159-3079,25986 Bunlerngsri Lock,Noppakaobury,Sarunpornfort,18460,Northern,2000-10-14,Female,Single,2024-01-11
CUST_707b,CPL Pak Vethayasas,tunchanoklertsattayanusak@hotmail.com,08-0917-0908,083 Posalee Spur Apt. 030,Phusilarungruengburgh,Prayoonhongside,41151,Central,2002-03-10,Other,Divorced,2025-10-10
CUST_3cc5,Kodchaporn Sorattanachai,sittikornmethavorakul@gmail.com,09-2694-4897,16508 Tunradee Wells Apt. 602,Thantananontshire,Nirachamouth,94743,Northeast,2006-09-07,Female,Married,2026-03-17
CUST_7d02,Kulnun Pasuk,prames25@yahoo.com,09-6053-6419,04350 Chaisatit Gateway,Pachongrukville,Prameschester,24643,Eastern,2003-04-04,Female,Single,2025-12-02
CUST_b8a7,Sarunporn Pikatsingkorn,jitrin96@hotmail.com,08-9781-8056,903 Chanikan Key Suite 631,Port Pitipat,Chayaninland,84410,Northeast,2000-01-04,Other,Married,2023-03-07
CUST_b9e4,Puntira Sittisaowapak,vnorramon@yahoo.com,09-4396-0049,638 Prayoonhong Mall,Titipatrayunyongtown,East Kamolchanokchester,70338,Northern,1987-11-21,Male,Other,2023-10-17
CUST_1a44,Prima Sujjaboriboon,chaiwut35@yahoo.com,08-6158-9629,63738 Supasit River Suite 208,North Pattamonfort,Phusilarungruengland,30393,Northern,1994-01-03,Female,Widowed,2025-11-02
CUST_5301,PVT Pada Pianduangsri,ypasuk@gmail.com,06-6174-0030,540 Chayapat Fort,Lake Nutcha,Sitiwatton,88750,Northern,2004-04-11,Other,Widowed,2026-05-17
CUST_f748,PO 3 Pada Prakalpawong,jinjutapitanuwat@yahoo.com,06-5078-1430,361 Kunaporn Keys Suite 304,South Yanisafort,Prachayarochbury,01510,Northeast,1982-09-13,Female,Single,2021-09-14
CUST_11ce,Kulnun Boonpungbaramee,ypichpandecha@yahoo.com,09-6177-6879,127 Kamalanon Mews Apt. 672,West Pannawichhaven,Lake Jitrin,82034,Central,1992-06-15,Male,Other,2023-08-21
CUST_291b,Chalisa Chaisatit,supasita04@yahoo.com,08-7638-0112,9574 Suwijuk Haven Apt. 707,East Sittikornhaven,Port Prames,96511,Northeast,2003-01-15,Male,Other,2023-04-27
CUST_5768,Pintusorn Chowitunkit,thanatcha34@hotmail.com,06-6131-0302,64174 Wannapaitoonsri Haven Suite 113,North Kulnunville,Prakalpawonghaven,36516,Southern,1993-10-23,Male,Married,2026-03-23
CUST_a6a9,MAJ Chalisa Kamalanon,pothanunjinjuta@hotmail.com,09-1987-8896,7051 Pothanun Mews Suite 424,Port Chaiwut,Port Chaifah,70591,Central,2000-02-14,Other,Married,2023-10-04
CUST_7cc8,Darin Kamalanon,pawan31@gmail.com,06-0842-5632,7803 Suvakit Underpass Suite 403,Lake Pattaponhaven,New Parin,45689,Northern,1988-07-27,Male,Divorced,2023-07-19
CUST_d71c,Patcharaporn Kumsoontorn,chanikansuraprasert@gmail.com,09-7493-7329,873 Teetat Junction,Nichakarnland,Benchapatranonland,37159,Central,1998-06-09,Other,Married,2023-01-15
CUST_3104,Wasin Chomsri,chomsridarin@gmail.com,09-4374-7223,22116 Habpanom Pike Apt. 381,South Thanatchachester,Anekvorakulshire,93455,Central,1999-11-10,Female,Divorced,2021-02-22
CUST_743d,Nutkrita Kamalanon,supasit38@yahoo.com,06-9885-6326,8540 Vethayasas Alley,South Phubesburgh,Habpanomtown,34519,Central,1991-06-28,Other,Married,2024-10-27
CUST_696d,Tunradee Posalee,rbunlupong@gmail.com,08-4696-7606,8836 Noppakao Key Suite 672,New Chaifah,West Sitiwat,91398,Northern,1998-08-21,Other,Widowed,2021-09-23
CUST_8d36,R ADM Prames Pitanuwat,prayoonhongsittikorn@hotmail.com,06-7827-1609,5693 Sujjaboriboon Ville,Supasitaberg,Puntiraland,35624,Northeast,2000-07-20,Female,Divorced,2026-05-05
CUST_7610,Wassaya Chomsri,losatapornpipitchanikan@gmail.com,09-6360-3095,57343 Vethayasas Groves Suite 838,Choeychuenburgh,Pitipatview,34456,Central,1990-01-15,Female,Widowed,2025-08-05
CUST_0330,Ratchanon Kitprapa,kunapornpasuk@hotmail.com,06-8921-7131,2267 Tunchanok Glens Suite 881,West Supasitbury,Lake Pattamon,03872,Northern,2002-09-19,Male,Married,2021-05-16
CUST_72f1,MR Sorawut Siripaiboo,titipatrayunyongprames@hotmail.com,09-5235-0983,845 Pawan Trace,North Yadatown,Kunapornfort,50360,Northeast,2003-05-03,Other,Widowed,2023-11-04
CUST_d841,Peem Boonpungbaramee,jinjuta05@gmail.com,08-7585-6375,8027 Thanatcha Crossroad,Jitrinville,Wimolnotbury,79392,Eastern,1992-10-01,Female,Divorced,2024-12-07
CUST_ab2f,Sorawut Sukhenai,nutkritapitanuwat@yahoo.com,06-0644-0839,5618 Kodchaporn Meadow,East Tunradeeton,South Chanikan,45991,Northern,2002-07-26,Other,Divorced,2026-02-08
CUST_78e8,Puntira Choeychuen,chayapat21@hotmail.com,09-1110-1262,7231 Pitipat Parks,Nichakarnbury,Pikatsingkornstad,28364,Central,2003-10-27,Male,Divorced,2023-07-19
CUST_4da8,Pachongruk Pothanun,jaruwanthantananont@yahoo.com,06-1293-4392,664 Patcharaporn Viaduct Suite 160,Aunyapornhaven,Chaihirankarnbury,96547,Central,1991-06-13,Male,Other,2023-10-03
CUST_64fb,Supasita Polauaypon,qsiripaiboo@gmail.com,08-4974-9575,075 Prames Trail,West Phubes,North Teetatbury,40376,Central,1992-09-28,Male,Divorced,2023-09-24
CUST_4c2f,Yada Phusilarungrueng,sittikorn28@gmail.com,09-8278-2396,203 Sukhenai Parks Apt. 689,Jitrinport,Jaruwanport,87882,Northeast,2000-10-09,Male,Widowed,2023-09-12
CUST_4686,Teetat Kamalanon,suraprasertsupasita@yahoo.com,09-8361-2098,0145 Sittisaowapak Port,Port Todsawun,West Jitrinland,56233,Northern,1996-09-01,Male,Divorced,2026-01-25
CUST_27d0,CAPT Suvakit Pichpandecha,yada36@hotmail.com,09-9388-8426,290 Neerachapong Squares Suite 536,Ratchanonport,Port Pakjiraside,87185,Central,2006-09-07,Male,Married,2023-05-06
CUST_efd2,Prames Trikasemmart,iturongkinanon@yahoo.com,08-5736-0626,803 Teetat Ville,Chomsrimouth,Choeychuenmouth,44361,Northeast,2000-09-13,Female,Widowed,2022-12-19
CUST_bc27,Pawan Intaum,pitipatsittisaowapak@gmail.com,06-9903-3801,1925 Sorawut Locks,Phusilarungruengside,Darinbury,30524,Central,1995-08-01,Other,Divorced,2025-04-15
CUST_c0cc,Pattamon Tianvarich,tunradeewimolnot@yahoo.com,09-5894-2863,46048 Patcharaporn Oval,Sujjaboriboonbury,Sorawutshire,57863,Central,1985-08-13,Male,Single,2026-03-15
CUST_f3d0,CPO 2 Chanya Sujjaboriboon,prameskittakun@hotmail.com,08-6496-8349,2887 Norramon Fords,North Chalisabury,Neerachapongbury,65484,Northern,2002-11-11,Male,Married,2024-12-23
CUST_c6a7,Supasita Losatapornpipit,methavorakulpuntira@hotmail.com,06-0382-2306,6386 Choeychuen Brooks,Chaiwutville,Lake Nichakarn,67594,Western,2008-11-23,Female,Single,2023-06-01
CUST_77b2,Wassaya Boonpungbaramee,sittikornvethayasas@hotmail.com,09-1090-8374,8487 Sukhenai Divide,North Nattawun,New Wasinchester,28016,Central,1996-11-08,Female,Other,2022-01-28
CUST_f0e7,FLG OFF Chalisa Kongsri,apothanun@gmail.com,06-5675-6545,65712 Puntira Dale,Charoensuksopolborough,Vinyuvanichkulhaven,33241,Northern,1994-12-19,Female,Other,2022-08-05
CUST_07a9,Pattamon Kongchayasukawut,lpichpandecha@yahoo.com,09-3989-7807,8606 Prames Gateway,Pattamonshire,Chanyaside,37636,Northern,1992-06-21,Female,Divorced,2022-01-23
CUST_e136,Wassaya Methavorakul,pasukphubes@gmail.com,08-1781-9615,4002 Intaum Point Apt. 851,Port Kamolchanokmouth,New Yada,06168,Northern,1989-07-08,Male,Other,2025-09-11
CUST_e25c,MAJ GEN Peem Pichpandecha,ztianvarich@hotmail.com,09-2758-7621,3373 Pachongruk Stravenue,South Pattapon,Vinyuvanichkulchester,08069,Central,1988-06-26,Other,Other,2025-10-03
CUST_02d5,Jitrin Bunlerngsri,boonpungbarameeprima@yahoo.com,06-0916-9349,320 Prames Course Suite 788,West Nattawun,Chayapathaven,85101,Central,2000-08-19,Male,Widowed,2024-05-01
CUST_c29d,Sittikorn Kittakun,prachayarochkamolchanok@hotmail.com,08-0375-2826,0004 Sireelert Extensions Suite 523,North Chanya,Thantananonttown,00718,Northern,1998-09-18,Female,Single,2026-01-11
CUST_a041,Chayapat Wasunun,parin20@hotmail.com,06-2184-6951,1588 Chaisatit Flat Suite 639,Sorattanachaiburgh,North Tunchanok,66241,Central,2001-09-03,Female,Widowed,2024-11-13
CUST_809b,Nutcha Kongsri,jaruwan89@yahoo.com,08-3578-0162,399 Kunaporn Tunnel Apt. 308,New Sitiwatview,Apisarabury,30573,Central,1997-06-16,Female,Other,2022-05-22
CUST_6cb6,Kunaporn Polpo,qtianvarich@gmail.com,08-9601-3383,853 Todsawun Loop Apt. 459,Pattaponstad,Pattaponfurt,94881,Northern,1995-02-26,Other,Other,2023-08-02
CUST_ce6a,FS 1 Pachongruk Losatapornpipit,chaiwutchaisatit@yahoo.com,06-4458-2205,3112 Pasuk Crossroad,Nutwadeeberg,Prachayarochmouth,89722,Central,2008-11-11,Female,Widowed,2025-08-17
CUST_804b,Phubes Bunlupong,sukhenaichayanin@gmail.com,08-1244-8608,28547 Pikatsingkorn Valley,North Chayapat,Lertsattayanusakfurt,84831,Central,1999-01-20,Female,Divorced,2023-03-08
CUST_9d4e,Pakjira Sireelert,sooksawangpattatomporn@gmail.com,08-0969-0643,68259 Chaisatit Island,Phubesfurt,South Patchaployland,35965,Northern,1997-07-05,Male,Single,2023-02-13
CUST_7a4d,SEA-MAN Noppakao Sooksawang,kodchaporn33@gmail.com,06-8277-2158,3196 Aunyaporn Brook,Pikatsingkornside,South Patchaploy,14991,Northern,2000-08-25,Female,Divorced,2023-04-23
CUST_78de,Yanisa Bunlerngsri,pattamon28@gmail.com,06-9689-4641,43805 Apisara Walk,Pornchanokside,Sittikornside,39090,Central,1987-08-06,Other,Divorced,2022-11-03
CUST_73eb,Suwijuk Kumsoontorn,chanikan25@hotmail.com,08-7101-9300,76791 Chanya Forks Apt. 613,Phenphitchamouth,Polpostad,44879,Central,1988-03-27,Female,Divorced,2026-02-05
CUST_bcb6,Sittikorn Thantananont,wasin31@yahoo.com,09-9766-1068,1093 Kamalanon Stream,New Sorawut,Lake Todsawun,24220,Central,2008-08-18,Female,Other,2023-12-17
CUST_46ae,Todsawun Benchapatranon,darinpothanun@gmail.com,09-6940-9749,0505 Matinawin Highway,West Nirachabury,West Primabury,48308,Central,1984-11-16,Other,Widowed,2022-10-06
CUST_e605,Patchaploy Posalee,todsawunchoeychuen@hotmail.com,08-4829-3092,8317 Kamalanon Forges Apt. 963,New Yanisaport,West Patcharapornshire,07720,Northern,1997-07-16,Other,Divorced,2025-12-20
CUST_62b0,REV Phubes Kamalanon,zbenchapatranon@yahoo.com,06-8865-8662,3266 Vinyuvanichkul Fork,Atithaven,North Arisara,38033,Central,2000-12-04,Male,Widowed,2025-01-07
CUST_189f,Todsawun Pichpandecha,sukhenaisupasit@hotmail.com,08-9846-0648,679 Wassaya Mall,West Aunyaporn,North Arisara,81755,Northern,2003-03-19,Male,Other,2022-04-19
CUST_5c69,Phenphitcha Prayoonhong,anonvinyuvanichkul@gmail.com,08-1006-1737,355 Chayapat Knoll Suite 945,East Chanikan,Kamalanonport,57907,Southern,1997-03-23,Female,Single,2024-02-11
CUST_dca6,Wasin Kumsoontorn,suwijukkongsri@yahoo.com,06-5408-9049,64296 Nutwadee Circle,North Wassaya,New Thanatcha,79283,Southern,1996-03-05,Male,Single,2022-05-19
CUST_08d2,Tunradee Pitanuwat,peem13@yahoo.com,06-0368-7253,2788 Pintusorn Forks Apt. 813,South Sarunporn,Tunradeemouth,58395,Northern,1998-07-05,Other,Widowed,2024-08-16
CUST_9a6a,Peem Sorattanachai,pattatomporn15@gmail.com,08-9401-8305,466 Bunlerngsri Forges Suite 175,Boonpungbarameetown,Tunradeebury,29332,Northern,1996-01-25,Male,Single,2024-11-03
CUST_4da5,Yada Pikatsingkorn,chaifah84@gmail.com,08-3180-2353,6740 Boonpungbaramee Viaduct,West Nattawunchester,East Todsawun,04181,Central,2008-12-18,Other,Divorced,2023-06-15
CUST_0717,Yanisa Pikatsingkorn,pakwimolnot@yahoo.com,09-2340-4195,6490 Pikatsingkorn Cliff Suite 061,Sarunpornborough,Port Todsawunfort,69391,Central,1994-08-27,Other,Married,2023-08-25
CUST_a159,Pintusorn Thantananont,atit60@yahoo.com,06-1040-5962,009 Charoensuksopol Well Apt. 471,East Sorawut,Suwijukhaven,00857,Central,2002-02-26,Female,Married,2026-01-24
CUST_b52e,Ratchanon Sujjaboriboon,srisoontornnattawun@hotmail.com,06-1972-4216,13215 Wasin Drive,Sittisaowapakstad,East Atit,94983,Central,1997-11-08,Female,Single,2026-03-16
CUST_9616,POL LT Supasit Charoensuksopol,mprachayaroch@gmail.com,09-2653-0384,411 Sujjaboriboon Bypass Suite 675,Choeychuenview,Chanikanhaven,55180,Central,1986-06-12,Other,Married,2024-07-28
CUST_647a,Apisara Chowitunkit,suwijuk61@hotmail.com,09-3254-9935,9247 Bunlupong Forest Suite 425,South Puntira,Chaihirankarnfort,01278,Northeast,2002-04-07,Male,Widowed,2021-01-06
CUST_b230,Pada Wimolnot,ptrikasemmart@hotmail.com,08-2493-8259,873 Prachayaroch Crossing Apt. 779,Teetathaven,East Nattawun,73498,Central,1990-05-02,Female,Divorced,2021-11-12
CUST_3d28,Parin Turongkinanon,kamalanonnutcha@yahoo.com,09-8736-8424,750 Prachayaroch Shore Apt. 415,Port Nirachafurt,Prakalpawongview,86802,Central,2001-05-17,Female,Other,2021-09-03
CUST_ab0d,Peem Chaihirankarn,tkongsri@yahoo.com,08-9579-0639,46591 Yada Mountains Apt. 334,Chayapatfurt,Port Pornchanokland,13017,Central,1994-03-21,Other,Widowed,2022-11-08
CUST_04ba,Jaruwan Charoensuksopol,kumsoontornnattawun@yahoo.com,09-2134-2825,989 Polpo Point,Kulnunberg,Port Jitrinview,03074,Central,1996-02-26,Male,Other,2022-08-15
CUST_36ad,AMN Jaruwan Prachayaroch,phubespikatsingkorn@yahoo.com,06-0032-1600,461 Supasit Squares,Sittikornmouth,Anekvorakulfurt,24437,Northern,2003-03-21,Other,Single,2022-08-05
CUST_00e6,Teetat Kongchayasukawut,parinchaisatit@gmail.com,09-9618-7475,119 Chayapat Path,Suraprachitshire,North Wasin,94161,Northern,1991-01-09,Female,Other,2025-07-12
CUST_0622,Chalisa Titipatrayunyong,pasukprima@yahoo.com,09-8919-2002,5083 Teetat Mount,East Yanisa,Norramonstad,16563,Central,1998-10-11,Other,Divorced,2023-10-08
CUST_901f,Pitipat Losatapornpipit,phusilarungruengarisara@hotmail.com,09-0313-7911,5173 Wasin Lock Suite 466,Phusilarungruenghaven,Port Suwijukshire,56135,Northern,2008-08-15,Female,Divorced,2023-03-21
CUST_639e,Chayapat Chowitunkit,phusilarungruengphubes@gmail.com,09-9982-2828,74472 Teetat Lake Apt. 330,Pasukstad,West Thanatchaburgh,89514,Northern,2001-02-19,Other,Widowed,2024-06-23
CUST_2779,POL CONST Tunradee Prachayaroch,ratchanon32@hotmail.com,06-4274-8895,999 Chayapat Roads,New Kodchapornmouth,Chanikanhaven,45574,Central,2004-06-02,Other,Widowed,2023-04-06
CUST_4425,FS 1 Arisara Thantananont,yanisapianduangsri@yahoo.com,09-4904-5001,542 Pianduangsri Station Apt. 555,Wannapaitoonsriland,East Sarunpornshire,00604,Northern,1997-02-02,Male,Divorced,2022-10-27
CUST_eb1e,Darin Posalee,patchaploychoeychuen@hotmail.com,08-3702-9312,2012 Titipatrayunyong Manors Apt. 575,North Chanikan,North Pakjirashire,30111,Central,1988-04-08,Female,Married,2025-09-14
CUST_155d,Pintusorn Sittisaowapak,chawin95@gmail.com,09-9317-6334,1694 Sittisaowapak Islands Suite 736,Phusilarungruengmouth,Patcharapornmouth,09331,Central,2002-10-16,Female,Divorced,2021-07-16
CUST_e2e6,Kunaporn Bunlerngsri,choeychuenkulnun@hotmail.com,06-6178-6890,7024 Pada Lodge Apt. 160,Krittayanukoonburgh,North Nirachaburgh,67738,Central,2007-06-16,Female,Single,2023-01-14
CUST_2932,Chayapat Wannapaitoonsri,arisaracharoensuksopol@gmail.com,06-2743-1804,42483 Prayoonhong Mission Apt. 742,South Chayaninmouth,Lake Primaborough,92934,Central,1995-10-13,Other,Other,2022-09-11
CUST_fef7,Noppakao Neerachapong,nutwadee29@yahoo.com,06-1712-8766,332 Tunchanok Trail,Phubesfurt,North Pattamonland,36213,Eastern,2002-12-26,Other,Divorced,2025-02-24
CUST_2c3a,Jitrin Sittisaowapak,sittikorn50@hotmail.com,06-2450-4573,59892 Sukhenai Harbor,Anekvorakulfort,Pothanunside,51524,Central,1994-10-21,Female,Single,2024-05-28
CUST_6a43,Tunchanok Lertsattayanusak,patchaploy07@hotmail.com,06-0978-8787,0460 Kamolchanok Corners Apt. 050,South Parinville,Lake Chalisa,42322,Eastern,2006-08-15,Other,Widowed,2026-04-22
CUST_838c,Tunchanok Krittayanukoon,pattamon08@hotmail.com,09-2135-2717,267 Kunaporn Ville Apt. 273,East Supasita,South Sorawuttown,82735,Northern,1997-04-13,Female,Single,2025-01-10
CUST_6058,Nattawun Polauaypon,chaiwut84@hotmail.com,08-6666-0072,3987 Jitrin Avenue Apt. 072,Permchartbury,New Pada,73024,Northeast,2004-02-01,Female,Divorced,2024-04-11
CUST_186a,Suvakit Kamalanon,noppakao28@gmail.com,09-9337-5640,11328 Pak Via Suite 514,Nirachaville,Pitipatberg,07504,Western,1991-10-14,Male,Single,2026-05-19
CUST_a72c,MAJ Chayapat Chowitunkit,thanatchatodsapornpitakul@yahoo.com,06-4455-9223,712 Sooksawang Ville,East Chayapat,Chawinland,14550,Western,1994-08-21,Female,Single,2023-12-27
CUST_840f,Chaifah Vethayasas,yanisa93@gmail.com,06-4877-3975,4169 Srisoontorn Plains Suite 199,Primashire,Chaisatitshire,46280,Northern,1991-01-17,Female,Married,2023-01-06
CUST_14e8,Atit Choeychuen,phubes38@hotmail.com,06-8604-3172,90245 Srisoontorn Mall Suite 698,Lake Nutcha,Chalisafurt,07657,Central,2008-11-08,Female,Other,2024-07-24
CUST_857c,Yada Kittakun,rintaum@yahoo.com,06-0198-0841,3283 Kittakun Junctions,Port Pramesfurt,Vinyuvanichkulside,21702,Central,2001-07-26,Other,Single,2026-05-05
CUST_b531,S M 1 Prames Posalee,chanikan07@gmail.com,09-9976-5035,1390 Sittisaowapak Mission Apt. 967,Pornchanokstad,Pitipatland,26494,Central,1992-06-08,Male,Divorced,2023-04-27
CUST_28f5,Anon Bunlupong,tunradeechomsri@hotmail.com,06-9022-9004,7896 Kittakun Spring Suite 833,Suwijukville,East Pattaponstad,40764,Central,1982-04-16,Other,Single,2023-09-28
CUST_17af,Thanatcha Intaum,tunchanok72@gmail.com,09-1743-9227,2944 Prachayaroch Extension Suite 419,Nutkritashire,Wassayaberg,12854,Central,2000-07-08,Female,Divorced,2025-08-21
CUST_d0e0,LT GEN Sarunporn Chaihirankarn,bhabpanom@yahoo.com,09-6827-6746,241 Bunlerngsri Mill Apt. 919,Noppakaofort,South Sorawut,44449,Northern,1997-08-28,Other,Widowed,2026-02-21
CUST_8ac6,Todsawun Matinawin,phenphitcha85@gmail.com,08-2559-9595,9987 Parin Village,South Kodchaporn,Siripaiboofurt,88664,Northeast,2004-07-09,Female,Divorced,2023-07-27
CUST_7a2b,Nutcha Todsapornpitakul,parinkamalanon@gmail.com,09-2080-3400,6141 Kunaporn Roads Suite 838,Sooksawangview,West Wassaya,49568,Central,1999-11-13,Male,Widowed,2021-11-03
CUST_602a,Pannawich Tungkasethakul,turongkinanonsitiwat@hotmail.com,08-4143-3852,3001 Kamolchanok River,Chomsriside,Suraprachitchester,51825,Southern,1997-07-02,Female,Married,2025-04-11
CUST_68bb,Puntira Trikasemmart,prachayarochniracha@gmail.com,09-9704-1793,67877 Sittikorn Extensions Suite 585,Port Arisara,Lake Apisara,99451,Western,2000-07-14,Other,Single,2023-08-07
CUST_6978,Apisara Boonpungbaramee,darinmethavorakul@yahoo.com,08-9617-8533,792 Pachongruk Points,Port Nutkritaport,West Pannawichbury,24499,Central,1989-09-28,Other,Widowed,2025-07-11
CUST_feb9,Darin Vethayasas,darin28@hotmail.com,08-6095-8934,18057 Chayapat Lane,Pitanuwatside,South Pakjira,53525,Northern,1986-11-03,Female,Other,2024-04-05
CUST_c72a,Jaruwan Tungkasethakul,pakjira14@hotmail.com,08-8872-5379,10340 Nutcha Green,Sorattanachaichester,North Pornchanok,43123,Central,1994-11-19,Female,Widowed,2024-05-06
CUST_a637,SGT Teetat Chaihirankarn,krittayanukoondarin@hotmail.com,08-5062-0224,54120 Wasunun Brooks Apt. 226,Polpoborough,Wassayamouth,84676,Southern,1991-04-22,Other,Single,2025-06-24
CUST_8b63,Prima Neerachapong,kodchapornprachayaroch@hotmail.com,06-6410-6224,73577 Suvakit Ridge Suite 838,Aunyapornton,Chanyamouth,68295,Northern,2003-01-23,Female,Single,2021-06-17
CUST_b464,Suvakit Sukhenai,charoensuksopolsuvakit@hotmail.com,06-1774-8776,64318 Sittikorn Mission,Pongpanitchport,New Arisara,22403,Northeast,1995-09-02,Female,Widowed,2025-12-10
CUST_141c,Chayanin Prakalpawong,yanisa10@yahoo.com,08-9035-7547,992 Methavorakul Light Apt. 406,East Suwijukland,Norramonbury,39326,Northeast,1991-10-23,Male,Other,2025-11-17
CUST_04a5,Noppakao Kumsoontorn,zchaihirankarn@yahoo.com,08-0391-5584,013 Kulnun Summit,Prakalpawongmouth,South Pannawich,48961,Northern,1989-10-09,Male,Widowed,2025-08-15
CUST_52ad,Prames Krittayanukoon,jinjutasorattanachai@gmail.com,06-1031-3510,6870 Patchaploy Mews Apt. 716,Arisaraborough,East Pachongrukview,51231,Eastern,1996-06-27,Female,Other,2025-09-03
CUST_436d,Chanikan Tianvarich,norramonpak@hotmail.com,06-3854-5566,2917 Kongsri Street Apt. 352,New Thanatchachester,Ratchanonshire,40304,Western,2008-05-25,Female,Single,2023-07-21
CUST_1328,Jaruwan Turongkinanon,apisaraneerachapong@hotmail.com,06-3311-2346,6248 Youprasert Forges,Titipatrayunyongfort,Port Parinmouth,45395,Northern,1986-10-07,Female,Married,2024-07-03
CUST_476e,Chaiwut Bunlerngsri,teetatsiripaiboo@hotmail.com,06-7626-9809,8594 Chanya Isle Apt. 352,Youprasertmouth,Anekvorakulside,51192,Central,2007-09-21,Female,Other,2023-05-03
CUST_d374,Pawan Kitprapa,aunyaporn12@gmail.com,06-9213-3618,339 Charoensuksopol Drive,North Pattaponstad,East Prima,27847,Southern,2008-12-04,Female,Single,2025-02-21
CUST_d5c2,Chayapat Trikasemmart,tunchanok82@hotmail.com,08-6925-4384,83172 Kitprapa Harbors,Aunyaporntown,Port Todsawunport,44426,Northern,1989-04-26,Female,Divorced,2024-09-03
CUST_d6c7,Pattapon Pitanuwat,ckongchayasukawut@hotmail.com,09-5683-1594,543 Kamolchanok Turnpike Apt. 842,Yanisaland,Pannawichchester,65307,Northeast,1997-03-25,Male,Single,2025-03-19
CUST_18ef,Phenphitcha Thantananont,ckamalanon@yahoo.com,08-5312-3637,44813 Pornchanok Forge,Port Kamolchanok,Chaisatitstad,52080,Northern,1995-09-15,Male,Widowed,2026-04-22
CUST_21de,Patchaploy Chomsri,wbunlerngsri@yahoo.com,06-6475-9340,91678 Suvakit Loop,Trikasemmartmouth,North Suvakit,00997,Southern,2006-08-02,Other,Single,2025-03-06
CUST_2e6b,Phubes Thantananont,chaihirankarnpattatomporn@yahoo.com,09-4675-0163,956 Chanikan Spring Suite 032,Suraprasertburgh,South Yanisashire,03397,Central,1989-07-28,Male,Widowed,2023-10-20
CUST_308e,Thanatcha Prachayaroch,kodchapornsireelert@yahoo.com,09-1385-8631,5961 Nutwadee Radial Apt. 790,New Patcharaporn,Nirachaborough,91159,Central,1996-04-11,Other,Other,2021-09-20
CUST_17c3,Thanatcha Phusilarungrueng,arisarawimolnot@gmail.com,09-7087-0764,6311 Aunyaporn Station,Port Todsawunberg,Port Yadamouth,85275,Central,1997-06-14,Female,Widowed,2021-03-06
CUST_4939,Chaifah Bunlupong,wasununniracha@yahoo.com,09-4882-8276,9094 Prayoonhong Islands Suite 720,Lake Pakjiraside,Thanatchatown,43342,Northeast,2003-12-11,Male,Married,2022-05-10
CUST_f998,Wassaya Prakalpawong,kodchapornyouprasert@hotmail.com,08-3289-4991,95182 Kamalanon Oval,Lake Chayapat,Patcharapornberg,04952,Northern,1995-07-05,Female,Single,2024-07-24
CUST_d08b,Supasita Kongsri,phubeslosatapornpipit@hotmail.com,08-9546-8900,2737 Trikasemmart Forest Apt. 866,Lake Patchaployview,Port Sitiwatville,25089,Northern,1996-04-24,Male,Widowed,2023-12-22
CUST_4c73,CDR Suwijuk Prachayaroch,suraprachitpintusorn@hotmail.com,08-3566-0209,95587 Sireelert Lane,New Wassaya,South Nutcha,36600,Central,1987-02-26,Male,Other,2024-06-07
CUST_c1d6,Patchaploy Benchapatranon,parinpolpo@gmail.com,08-4242-7015,3043 Boonpungbaramee Motorway,North Tunchanokport,Nutkritachester,59926,Northern,1995-03-06,Male,Widowed,2025-07-09
CUST_6fcb,AMN Puntira Bunlupong,sittikorn95@gmail.com,08-4699-8756,6250 Bunlerngsri Fords,Vinyuvanichkulfort,Primabury,60966,Southern,1998-01-20,Other,Married,2021-07-17
CUST_9e9c,Darin Pichpandecha,jaruwan77@hotmail.com,09-4383-6001,53891 Chanya Neck,Nutwadeeburgh,Youprasertview,34592,Northern,1994-05-12,Other,Single,2024-02-05
CUST_fb96,Sorawut Polauaypon,pichpandechapatcharaporn@gmail.com,06-6750-6024,3471 Losatapornpipit Mall Suite 873,Port Todsawunview,North Nichakarn,19157,Central,1997-11-26,Other,Divorced,2022-10-16
CUST_bdb1,Sittikorn Turongkinanon,suvakitpermchart@gmail.com,08-1122-4889,253 Losatapornpipit Plains,Jitrintown,Chowitunkithaven,65938,Eastern,1993-01-10,Male,Divorced,2021-10-07
CUST_4529,POL GEN Pintusorn Chowitunkit,hcharoensuksopol@gmail.com,09-0064-4338,684 Wasunun Motorway,West Jaruwanchester,Pitanuwatmouth,50860,Central,1993-04-28,Female,Divorced,2023-01-10
CUST_5bd2,Pornchanok Kamalanon,chawin08@yahoo.com,09-0707-8622,25017 Vethayasas Crescent,Lake Kunapornberg,Posaleefurt,64023,Central,2003-07-20,Male,Other,2023-05-05
CUST_6058,Sitiwat Benchapatranon,neerachapongphenphitcha@gmail.com,08-5825-5349,258 Chanikan Gateway,Wasununmouth,New Pintusornfurt,64701,Northeast,2001-02-20,Female,Single,2024-09-11
CUST_9516,Suwijuk Youprasert,supasita54@yahoo.com,09-5447-3444,34199 Pitipat Gardens,Nutkritamouth,Pianduangsrimouth,31980,Northeast,2004-04-20,Male,Other,2025-11-14
CUST_599d,Wassaya Wimolnot,siripaiboosupasit@gmail.com,06-4037-1593,89216 Chayapat Locks Suite 219,New Nutwadeehaven,New Pintusorn,96155,Central,1994-10-17,Female,Widowed,2023-05-12
CUST_b177,FS 3 Suwijuk Prachayaroch,pak28@yahoo.com,09-0623-1751,362 Tungkasethakul Path Suite 829,Sittisaowapakton,West Pintusorn,68127,Central,2001-06-23,Male,Widowed,2024-06-16
CUST_375c,Tunchanok Siripaiboo,xmatinawin@yahoo.com,06-4927-7179,73440 Lertsattayanusak Shoals,West Ratchanon,South Padaland,04002,Northeast,1994-08-15,Male,Widowed,2024-12-14
CUST_e026,Pattamon Lertsattayanusak,isiripaiboo@hotmail.com,06-9367-6602,601 Sujjaboriboon Fall Suite 150,South Chayanin,Jitrinside,32129,Central,2007-08-06,Other,Other,2023-09-12
CUST_8ed4,POL SGT MAJ Chanikan Sireelert,pintusornsujjaboriboon@yahoo.com,06-7789-0852,080 Vinyuvanichkul Ridges Apt. 175,Polpostad,Aunyapornport,94995,Central,2007-03-28,Male,Divorced,2023-02-03
CUST_9e12,Teetat Sujjaboriboon,sittikornkongchayasukawut@hotmail.com,06-8725-6613,1865 Jaruwan Wells Suite 552,South Phenphitchachester,Nichakarnstad,60289,Southern,1995-06-28,Other,Single,2023-01-27
CUST_c660,Pattapon Matinawin,yanisa44@yahoo.com,09-4372-5205,64999 Chayanin Causeway Suite 568,Lake Chanikan,East Suvakit,96604,Western,1998-08-09,Other,Divorced,2023-12-24
CUST_c838,Atit Kongchayasukawut,kunapornsooksawang@gmail.com,09-1488-3109,433 Kitprapa Crossing,Suraprasertview,North Pakburgh,19058,Northeast,2008-12-01,Male,Married,2024-06-11
CUST_0f05,POL LT COL Prima Kitprapa,pongpanitchsuwijuk@yahoo.com,06-0496-2449,33726 Jaruwan Garden,South Sittikornfort,South Supasitborough,74939,Eastern,1996-10-04,Other,Single,2025-03-21
CUST_618d,Jaruwan Kamalanon,boonpungbarameephenphitcha@yahoo.com,06-9188-0818,5217 Neerachapong Corner Apt. 186,Sorawuthaven,West Pintusornville,00668,Central,1999-10-19,Other,Divorced,2025-06-18
CUST_8843,Chayapat Sukhenai,phenphitcha64@yahoo.com,06-0090-2537,3821 Nutkrita Park Suite 840,Lake Phubes,Pakjirafurt,83294,Northeast,1991-06-20,Male,Single,2025-09-19
CUST_801b,Pattamon Sooksawang,wasinsiripaiboo@yahoo.com,08-2478-2267,33033 Supasita Highway Suite 246,Patcharapornhaven,West Sorawut,40322,Western,1996-05-20,Female,Divorced,2023-04-07
CUST_78f3,Atit Pothanun,pasuknutkrita@yahoo.com,06-2313-7243,66221 Bunlerngsri Junctions Suite 740,West Nutkrita,Pitipatland,73742,Northern,1986-05-05,Female,Single,2021-07-20
CUST_f980,Pattapon Trikasemmart,bbunlupong@yahoo.com,09-3067-4314,55125 Patcharaporn Inlet Suite 185,Thantananontview,New Nattawun,26458,Northeast,2001-04-23,Male,Single,2022-07-04
CUST_23f0,Thanatcha Suraprachit,sireelertchawin@yahoo.com,09-3522-5066,779 Prayoonhong Lakes,Port Pachongruk,Kunapornfurt,83877,Central,1996-08-11,Male,Married,2022-01-12
CUST_af4a,V ADM Aunyaporn Vinyuvanichkul,sittikornthantananont@yahoo.com,08-2430-8765,140 Polauaypon Shore Suite 662,East Jaruwanland,Wasinhaven,14950,Northern,1985-07-22,Male,Widowed,2023-02-27
CUST_9702,Aunyaporn Boonpungbaramee,noppakao16@gmail.com,08-7930-2705,375 Pichpandecha Dale,North Kamolchanokstad,South Tunchanokburgh,05065,Northeast,1993-04-17,Female,Widowed,2026-01-21
CUST_5997,Pak Sireelert,alosatapornpipit@hotmail.com,08-4213-5261,62238 Anon Fields,North Jaruwan,Chaifahshire,05519,Central,2002-06-15,Other,Widowed,2023-08-08
CUST_ae6c,Patchaploy Methavorakul,teetat76@yahoo.com,08-7056-6038,60137 Suwijuk Mountain,Polauayponhaven,South Chanya,57328,Northern,2006-11-01,Male,Widowed,2022-02-09
CUST_68a9,Parin Kongsri,yanisa14@hotmail.com,06-3362-0993,60986 Youprasert Alley,South Jinjutastad,Lake Teetat,11381,Northern,1993-06-13,Other,Married,2021-11-25
CUST_14b1,Pintusorn Choeychuen,apisaraneerachapong@gmail.com,09-1951-3974,591 Wannapaitoonsri Tunnel,South Jitrinfurt,Port Thanatchashire,81888,Central,2001-02-23,Female,Other,2021-11-20
CUST_64d3,PHRAMAHA Phubes Suraprasert,darin57@hotmail.com,06-4232-3457,60010 Wassaya Cape,Peemhaven,Patcharapornside,86816,Northern,1995-05-02,Other,Other,2022-09-07
CUST_00ec,PHRAKHU BAIDIKA Sittikorn Pitanuwat,skongsri@gmail.com,08-5603-5666,917 Anekvorakul Fall Suite 628,Padahaven,East Pannawichstad,15283,Northern,1995-02-02,Male,Other,2023-11-15
CUST_dd41,POL SEN SGT MAJ Anon Charoensuksopol,sukhenaisarunporn@hotmail.com,08-7802-1587,25422 Sooksawang Underpass,Phusilarungruengview,East Pawanside,79181,Northeast,1995-04-23,Male,Divorced,2022-02-10
CUST_6c7e,Prames Boonpungbaramee,nutwadee28@hotmail.com,06-8191-7577,767 Bunlerngsri Harbors,Tianvarichchester,Port Sarunpornmouth,93229,Northern,2008-09-04,Male,Single,2024-08-10
CUST_9530,Apisara Permchart,wassayayouprasert@hotmail.com,08-5659-4300,6229 Intaum Forges Apt. 759,Lake Suvakitland,Sarunpornhaven,16708,Northern,2000-10-05,Male,Married,2026-04-17
CUST_9f15,Chanya Kittakun,sorattanachaiprames@hotmail.com,06-8603-4150,585 Suraprasert Parkway,West Jinjutachester,Kittakunburgh,17182,Eastern,1988-12-21,Other,Married,2023-12-21
CUST_4d48,Patcharaporn Turongkinanon,arisarawasunun@gmail.com,09-7533-8636,446 Pada Forks Apt. 443,East Kodchaporn,South Pornchanok,78349,Northeast,1986-04-09,Male,Widowed,2025-03-01
CUST_c096,Arisara Sukhenai,chalisapolpo@hotmail.com,09-4829-4161,29202 Pothanun Brooks Apt. 984,Port Pattaponview,Primafort,01360,Central,1993-01-08,Female,Other,2023-07-16
CUST_1903,Kamolchanok Pianduangsri,sireelertanon@hotmail.com,06-2438-4666,31759 Chalisa Underpass,New Thanatchahaven,Lake Kamolchanok,11752,Central,2002-05-02,Other,Other,2024-03-24
CUST_eaa9,Tunradee Wimolnot,matinawinkunaporn@gmail.com,09-4834-4390,018 Chawin Burgs,Port Pawan,Boonpungbarameefort,78388,Central,1993-07-28,Male,Other,2026-01-11
CUST_49e5,GEN Darin Matinawin,pawan54@yahoo.com,06-8780-0718,04873 Tunchanok Islands Apt. 937,North Pramesstad,Lake Tunchanok,19739,Northern,1989-12-02,Female,Divorced,2026-03-03
CUST_2c17,Nutkrita Anekvorakul,prima17@hotmail.com,09-9536-3861,014 Sorawut Valley,Nirachaport,Lake Sarunpornborough,12922,Northern,2003-12-06,Male,Married,2023-05-11
CUST_5b79,Supasita Chowitunkit,sooksawangatit@yahoo.com,09-4304-4456,67790 Supasit Park Apt. 520,Pitipattown,South Patcharapornview,77528,Central,1985-07-03,Other,Divorced,2023-09-21
CUST_6475,Teetat Posalee,kulnunpianduangsri@gmail.com,06-8889-7645,5876 Chanikan Underpass,South Tunradeeton,Thanatchaside,73254,Northern,1986-10-26,Male,Other,2023-06-19
CUST_55cd,Pitipat Chomsri,kulnun79@yahoo.com,08-1534-2076,960 Pada Heights Apt. 588,Port Pawanview,West Jaruwan,39351,Central,1998-04-24,Male,Divorced,2021-02-08
CUST_f19b,Suwijuk Sujjaboriboon,lkumsoontorn@hotmail.com,09-6635-6177,190 Sittisaowapak Rapids Suite 475,Pitanuwatview,Wannapaitoonsritown,84115,Northeast,1991-01-08,Other,Married,2025-05-28
CUST_5cd0,Sarunporn Methavorakul,supasita65@gmail.com,08-0726-1003,607 Pannawich Station,Patcharapornfurt,Lake Pornchanokchester,44430,Central,1999-01-26,Female,Single,2021-11-19
CUST_3022,Pattatomporn Tungkasethakul,sitiwatpolpo@yahoo.com,08-4533-8940,2518 Pichpandecha Canyon,New Chayanin,West Noppakaotown,91218,Western,2004-06-13,Male,Other,2021-03-12
CUST_3ab3,Chawin Youprasert,noppakao33@hotmail.com,06-9384-5725,396 Chawin Knoll Suite 294,Sooksawangview,New Jitrinland,68323,Central,1999-10-09,Other,Other,2024-04-04
CUST_f2ab,Anon Boonpungbaramee,tunchanok52@gmail.com,08-3275-1252,89375 Sittisaowapak Stravenue,Methavorakulchester,Yanisaberg,65996,Eastern,2005-09-05,Male,Single,2022-10-27
CUST_65fe,Atit Methavorakul,pakjirasiripaiboo@gmail.com,09-2666-5702,97252 Anekvorakul Ville,Chanyabury,Port Wassaya,64035,Central,1991-08-20,Male,Single,2021-12-22
CUST_06af,Pornchanok Bunlerngsri,sireelertnattawun@gmail.com,09-7558-5108,2590 Niracha Bypass,West Nutcha,Lake Chayapatville,80873,Central,1988-02-07,Male,Married,2022-10-19
CUST_5e73,Jaruwan Losatapornpipit,suwijukphusilarungrueng@yahoo.com,09-2179-8124,14396 Pianduangsri Glens Apt. 880,South Jitrin,East Apisarafort,72298,Central,1986-09-14,Female,Single,2024-02-09
CUST_a438,Chayapat Vethayasas,noppakaosireelert@hotmail.com,08-1149-3407,536 Sukhenai Land,East Puntira,Prachayarochfurt,35410,Central,1994-04-16,Other,Widowed,2023-04-01
CUST_2212,Ratchanon Kamalanon,wasin22@gmail.com,09-3857-6739,35701 Pikatsingkorn Shoals Apt. 247,Anonchester,South Chayapattown,50827,Central,1996-01-01,Male,Single,2024-11-03
CUST_85a0,Parin Vinyuvanichkul,wtitipatrayunyong@gmail.com,08-5528-1169,79775 Prachayaroch Course,Wasununberg,Chanyaton,80737,Eastern,1998-09-27,Female,Married,2022-09-26
CUST_a218,Pintusorn Chaihirankarn,sorawutintaum@gmail.com,06-3547-2363,128 Pichpandecha Circles Apt. 559,Sireelerthaven,Nirachaside,62229,Central,1997-09-21,Female,Divorced,2024-06-19
CUST_315e,Kulnun Pitanuwat,pichpandechanattawun@hotmail.com,09-3266-7112,728 Peem Junctions Apt. 282,Pasukchester,South Puntirafurt,38352,Southern,1987-11-15,Other,Other,2023-01-19
CUST_adc5,Chanya Siripaiboo,pitipat76@hotmail.com,06-8029-7954,66518 Wasin Shore Suite 538,New Ratchanon,Chowitunkitland,60079,Southern,1987-04-17,Female,Single,2024-07-19
CUST_cedf,Peem Vinyuvanichkul,wassayapermchart@yahoo.com,08-0293-4947,30766 Bunlerngsri Mountain,Primahaven,Kitprapaport,47711,Northern,1998-04-09,Other,Married,2023-12-17
CUST_a8e8,Prima Matinawin,sireelertpornchanok@yahoo.com,08-0297-1425,49482 Losatapornpipit Wall Apt. 967,Suwijukchester,East Patchaploymouth,14812,Northern,1982-03-23,Other,Married,2026-01-13
CUST_fbac,Yanisa Posalee,kulnunkongchayasukawut@yahoo.com,09-5915-2004,3533 Chaifah Islands Apt. 033,South Sittikorn,Pitanuwathaven,75953,Western,2003-01-04,Other,Married,2023-08-24
CUST_8b30,Chanya Suraprasert,yada72@gmail.com,06-7452-8108,106 Pitanuwat Lock,South Wassaya,Bunluponghaven,67347,Northern,1995-07-19,Female,Married,2021-02-28
CUST_d9ac,Chayanin Trikasemmart,boonpungbarameepitipat@yahoo.com,09-9637-2657,133 Intaum Fords Suite 083,North Nutwadee,Nutchaport,49555,Eastern,2008-04-08,Female,Married,2024-07-24
CUST_3a3d,Suvakit Charoensuksopol,suwijukmatinawin@gmail.com,06-7879-4876,265 Pikatsingkorn Trail,Benchapatranonchester,Kodchaporntown,75081,Central,1998-04-08,Female,Other,2024-12-24
CUST_bf61,PHRAKHU PALAD Ratchanon Todsapornpitakul,pachongruk56@gmail.com,09-7177-1705,297 Prachayaroch Ridges Apt. 741,West Yanisachester,West Jinjutaview,63306,Northern,2002-06-07,Female,Divorced,2024-02-22
CUST_cc1a,Chaifah Tianvarich,patcharapornchaihirankarn@hotmail.com,08-6144-4860,2628 Lertsattayanusak Well,Patcharapornbury,Nutchaside,01440,Central,1992-03-09,Male,Widowed,2021-12-07
CUST_64de,Nutcha Prayoonhong,kprakalpawong@gmail.com,08-0180-3564,878 Todsawun Ridge Apt. 191,Kamalanonbury,Chalisashire,15425,Central,1997-06-10,Other,Divorced,2021-03-08
CUST_2ee3,Pintusorn Kittakun,kumsoontornpuntira@hotmail.com,09-4453-9647,192 Tianvarich Forge,Port Nutwadeeburgh,Tunradeestad,48570,Central,2001-02-27,Male,Single,2023-02-26
CUST_39bb,Jaruwan Kittakun,kittakunkulnun@gmail.com,08-6226-3999,274 Kongchayasukawut Camp Suite 965,West Supasitamouth,North Chaifah,25943,Central,1998-11-22,Other,Divorced,2025-06-06
CUST_f5bf,Todsawun Krittayanukoon,isuraprasert@gmail.com,09-6074-1843,408 Sooksawang Views Suite 233,Sorattanachaiport,Todsapornpitakulview,42492,Central,2008-07-03,Other,Married,2023-06-05
CUST_c165,Chanikan Siripaiboo,hthantananont@hotmail.com,08-9605-5595,77265 Sitiwat Meadow,Lake Chaifah,North Suvakit,92977,Northern,1996-04-05,Female,Married,2025-07-03
CUST_7800,Kunaporn Chomsri,teetatpichpandecha@yahoo.com,08-7582-4897,5410 Wasunun Land Suite 479,South Ratchanonland,South Chalisa,50211,Northern,1986-05-28,Male,Single,2021-04-25
CUST_7a4d,Noppakao Sittisaowapak,habpanomchayanin@hotmail.com,09-5048-0169,6966 Wasin Alley Suite 023,Jaruwanville,South Jinjutaside,85797,Northern,1993-10-26,Other,Widowed,2025-12-13
CUST_56b4,Yada Prakalpawong,nsittisaowapak@gmail.com,06-6664-0798,170 Norramon Brooks,New Wasin,Chomsrichester,17069,Northern,1991-02-19,Female,Widowed,2022-10-09
CUST_0bb1,Chanikan Srisoontorn,isireelert@gmail.com,06-3579-3656,6515 Chaisatit Extension Suite 189,New Pattatompornview,South Yadaborough,31570,Central,1997-03-27,Other,Divorced,2021-05-10
CUST_7f6b,R ADM Pachongruk Pasuk,phenphitcha33@gmail.com,08-8366-4023,6846 Arisara Rest Apt. 852,Sorattanachaiburgh,Teetatmouth,90777,Southern,2000-02-04,Male,Single,2023-09-14
CUST_c4fb,Yada Methavorakul,pachongruktodsapornpitakul@yahoo.com,06-5187-3809,719 Peem Crest Suite 711,Chanyaville,South Chayapat,15515,Central,1998-04-23,Other,Married,2023-04-18
CUST_ee17,Peem Vinyuvanichkul,siripaibooyanisa@yahoo.com,06-1693-9960,76065 Lertsattayanusak Streets Apt. 100,Prameshaven,Trikasemmartport,78387,Central,1986-10-22,Female,Widowed,2024-09-03
CUST_6186,Pornchanok Posalee,tianvarichpachongruk@yahoo.com,08-9500-4560,3504 Tunchanok River,Habpanommouth,Jaruwanland,16443,Central,1992-11-21,Other,Single,2022-10-25
CUST_279a,Apisara Kamalanon,nutcha40@gmail.com,08-1902-4946,77770 Pitipat Expressway,Suvakitview,Port Chanya,53933,Northern,2000-09-28,Female,Married,2026-05-09
CUST_d055,SUB LT Jitrin Boonpungbaramee,vwimolnot@hotmail.com,06-3575-0484,663 Polauaypon Field,Wasununtown,Methavorakulmouth,48032,Northern,1999-04-19,Male,Married,2026-05-22
CUST_4773,Pada Siripaiboo,pattatompornkrittayanukoon@yahoo.com,06-4569-9904,181 Chanya Square,Chayaninshire,Lake Tunradee,33774,Central,1992-07-24,Female,Married,2023-08-21
CUST_125b,Chaiwut Polauaypon,chomsriyanisa@gmail.com,09-1419-4234,278 Yada Meadows,Sooksawangton,Teetatville,14408,Western,2005-03-10,Female,Single,2025-12-12
CUST_a691,Tunchanok Neerachapong,sitiwat08@hotmail.com,08-8278-4664,22178 Kamalanon Roads Apt. 450,Bunlupongfurt,Tungkasethakulville,43744,Central,1999-04-07,Female,Single,2024-11-27
CUST_2ed7,Pada Intaum,xphusilarungrueng@yahoo.com,06-6693-1528,161 Prayoonhong Shore Apt. 228,Youprasertberg,Anonhaven,38614,Northern,2008-12-20,Female,Widowed,2024-04-20
CUST_fa58,Kunaporn Pichpandecha,atitpasuk@gmail.com,06-1419-2957,61362 Kamalanon Parkway,South Todsawunborough,New Nattawunmouth,98895,Central,1988-04-12,Other,Widowed,2024-12-19
CUST_98d6,Patcharaporn Permchart,pornchanok87@hotmail.com,09-3466-3281,155 Chowitunkit Ports Suite 658,West Arisara,Chaiwutshire,89250,Northeast,1990-06-09,Female,Other,2022-12-23
CUST_c94c,Atit Wannapaitoonsri,darin32@yahoo.com,08-0248-5545,99079 Pianduangsri Grove,South Jitrin,Atitborough,62053,Central,2008-05-16,Female,Divorced,2024-10-08
CUST_ac3f,Pakjira Pothanun,peemsiripaiboo@yahoo.com,08-3766-7061,27627 Jaruwan Island Apt. 785,Vinyuvanichkulside,Sorattanachaifurt,16204,Northeast,1992-09-27,Other,Widowed,2021-11-07
CUST_d651,Pintusorn Pikatsingkorn,yanisaprayoonhong@hotmail.com,09-5410-4183,282 Prayoonhong Views,New Patchaploychester,West Suvakitstad,78038,Central,1989-07-09,Female,Other,2024-06-14
CUST_e38c,Supasit Anekvorakul,ylertsattayanusak@gmail.com,08-9814-4604,593 Puntira Branch Suite 120,Polpochester,Methavorakulborough,45014,Northeast,2005-11-20,Other,Single,2023-07-04
CUST_8cd3,Pattamon Kamalanon,zsuraprasert@hotmail.com,06-0859-0680,135 Pakjira Avenue Suite 489,Lake Suvakitmouth,Pintusornshire,86283,Central,2000-07-05,Female,Married,2023-01-14
CUST_c705,Sorawut Chowitunkit,pornchanok24@gmail.com,06-1712-6517,0746 Pattapon Mountain Apt. 002,Lake Nattawun,South Ratchanonmouth,30278,Central,1997-01-09,Male,Single,2024-03-17
CUST_1a16,Pak Tianvarich,sarunpornkittakun@yahoo.com,08-6495-4715,3509 Pitipat Springs Apt. 703,North Pattatomporn,North Sittikorn,69321,Central,1994-08-04,Other,Divorced,2025-11-07
CUST_fa3f,Jaruwan Lertsattayanusak,chanikan56@hotmail.com,08-1792-9638,832 Todsapornpitakul Wall Suite 119,West Phubesburgh,North Atitville,49560,Eastern,1995-12-12,Female,Divorced,2023-03-21
CUST_64d7,Nutkrita Pianduangsri,chanyaanekvorakul@hotmail.com,06-2828-1272,3088 Jitrin Estate,Tungkasethakulbury,Kamalanonmouth,90800,Northeast,1996-03-11,Male,Single,2025-11-14
CUST_5c46,Nattawun Tianvarich,bvinyuvanichkul@hotmail.com,06-6643-3077,19413 Suraprasert Field Suite 898,Peembury,West Patchaployburgh,66680,Northern,1986-06-06,Male,Married,2024-01-20
CUST_305e,Patchaploy Sireelert,kamalanonnichakarn@gmail.com,06-1780-2324,6843 Pachongruk Via,Padamouth,Chomsriburgh,10606,Central,2000-05-12,Male,Other,2026-04-25
CUST_4aa5,PFC Nattawun Charoensuksopol,sitiwat47@gmail.com,08-8589-5286,82786 Suwijuk Inlet,Port Peemfort,South Wassayaville,37588,Central,1998-04-26,Other,Married,2024-11-23
CUST_88fd,Apisara Matinawin,dturongkinanon@hotmail.com,08-6262-9742,92196 Habpanom Circle Suite 601,Port Tunradeemouth,New Primamouth,92481,Central,2001-09-27,Female,Other,2024-10-02
CUST_afcc,Puntira Siripaiboo,osujjaboriboon@gmail.com,08-0433-4373,5719 Pichpandecha Trail Suite 791,South Pattatomporn,East Phenphitcha,09163,Central,2005-04-15,Male,Single,2025-04-02
CUST_46eb,Pattatomporn Suraprasert,todsawunsooksawang@yahoo.com,08-5336-6381,429 Phusilarungrueng Pines Suite 214,Pawanbury,Boonpungbarameeport,12481,Northern,2000-05-13,Male,Single,2023-03-09
CUST_72a0,Pattapon Sujjaboriboon,pintusornchowitunkit@hotmail.com,06-5619-3402,7120 Posalee Run,Nutchabury,Anonport,57507,Southern,1992-03-20,Female,Other,2024-01-03
CUST_c9cc,CPO 1 Supasita Kongsri,titipatrayunyongaunyaporn@yahoo.com,08-3231-2857,363 Sujjaboriboon Knolls,Port Nutchahaven,East Chaifahshire,40884,Northern,1993-10-25,Female,Single,2022-02-13
CUST_3794,Yada Chaisatit,suwijuk84@yahoo.com,08-4530-6832,6992 Vethayasas Islands Apt. 638,New Chayapatville,Posaleeton,57596,Central,1996-06-19,Male,Divorced,2023-02-01
CUST_ca2a,Ratchanon Sireelert,prameschowitunkit@yahoo.com,09-1878-1358,5164 Posalee Gardens Apt. 723,East Pattatomporn,Nutkritaton,04994,Central,2001-07-14,Other,Single,2021-11-13
CUST_f414,PLT OFF Wasin Sittisaowapak,zchaihirankarn@hotmail.com,08-1728-0073,88973 Patchaploy Squares,Pintusornside,Siripaiboohaven,16880,Northeast,2003-02-27,Female,Single,2024-06-03
CUST_42bb,Sittikorn Kongsri,kposalee@gmail.com,09-5401-6544,26608 Kulnun Fields,Wasinfort,South Phubesberg,76546,Central,1982-09-22,Male,Widowed,2023-03-07
CUST_6955,Supasita Lertsattayanusak,sukhenaiprames@gmail.com,06-9177-8080,012 Chawin Mount,Pikatsingkornfurt,Chomsrifurt,59011,Northern,1982-12-04,Other,Married,2024-12-10
CUST_e5e8,Pak Kumsoontorn,etrikasemmart@hotmail.com,06-2618-7122,2086 Prakalpawong Mills,South Pornchanokhaven,Lertsattayanusakstad,95597,Central,1988-06-23,Other,Single,2023-08-11
CUST_288d,Pintusorn Neerachapong,srisoontornyada@gmail.com,06-0986-3882,186 Todsawun Gateway Suite 185,Thantananontbury,West Teetatland,50081,Central,1987-11-16,Female,Other,2022-07-03
CUST_ec96,Parin Titipatrayunyong,hkongsri@gmail.com,08-0129-7032,338 Suwijuk Park,New Pitipatfurt,Prakalpawongview,36009,Central,2001-06-21,Other,Married,2024-03-27
CUST_2054,CPO 3 Nutcha Losatapornpipit,nutcha15@yahoo.com,08-6195-1122,8742 Nichakarn Skyway,Pichpandechabury,East Anonville,07225,Northern,2008-01-16,Female,Single,2023-09-24
CUST_2334,Aunyaporn Methavorakul,isuraprasert@yahoo.com,09-9313-2605,73694 Prachayaroch Drives Suite 155,Pattaponhaven,Lake Teetatfort,67633,Northern,1997-02-26,Male,Married,2023-03-26
CUST_dabf,Prima Pothanun,arisara31@hotmail.com,09-0443-3011,8790 Sooksawang Tunnel Suite 063,New Puntirachester,Methavorakulberg,97397,Northern,1986-07-21,Other,Divorced,2023-01-28
CUST_f224,Aunyaporn Pothanun,wassaya22@hotmail.com,06-8688-0516,2757 Posalee Creek,Vethayasastown,North Chayapat,14838,Central,1991-01-17,Female,Divorced,2022-04-09
CUST_af82,Patchaploy Sooksawang,supasitasujjaboriboon@gmail.com,09-2907-3274,448 Suraprasert Walk,New Primaborough,South Nichakarntown,33527,Eastern,1991-10-02,Other,Married,2022-09-16
CUST_7d42,Tunchanok Sooksawang,wpongpanitch@gmail.com,08-6181-1247,76901 Turongkinanon Shore,Arisarafort,Pattatompornburgh,58347,Southern,1986-05-03,Other,Divorced,2023-08-07
CUST_f06f,Anon Chowitunkit,phenphitchawasunun@yahoo.com,06-8830-9541,809 Permchart Stream,South Atitshire,Losatapornpipitmouth,88292,Northeast,1990-04-27,Female,Single,2022-12-21
CUST_8844,Tunradee Wannapaitoonsri,supasit33@hotmail.com,08-5539-1513,701 Nutcha Coves,West Nattawun,Benchapatranonchester,87907,Northern,1998-10-16,Male,Married,2023-12-25
CUST_3b9d,Jaruwan Pothanun,nutwadee96@gmail.com,09-1672-5033,302 Methavorakul Ways,Lake Tunradee,Lake Noppakao,41964,Central,1985-01-07,Other,Other,2024-05-20
CUST_9e6d,LT GEN Supasita Habpanom,suraprasertkamolchanok@hotmail.com,06-2677-9660,837 Pattapon Trail Apt. 252,West Pattapon,South Pachongrukport,75443,Northern,2005-06-01,Male,Widowed,2024-02-28
CUST_3593,GEN Pannawich Prachayaroch,wannapaitoonsripak@gmail.com,09-9541-0468,12755 Trikasemmart Center,New Phenphitchatown,Pitanuwatfort,19108,Northern,1998-07-13,Female,Other,2024-09-22
CUST_8d59,Thanatcha Choeychuen,jlertsattayanusak@yahoo.com,06-6337-5383,7946 Sittisaowapak Crest Suite 718,Sorawutview,Bunlerngsrimouth,79683,Northeast,1998-06-17,Other,Widowed,2025-09-15
CUST_ac35,PO 2 Jinjuta Tianvarich,suraprachitpada@hotmail.com,09-6986-9234,1821 Permchart Cape Apt. 572,Pianduangsrishire,Lake Suwijukhaven,66397,Northern,2000-12-28,Other,Married,2024-12-20
CUST_0b93,Sarunporn Boonpungbaramee,suwijuk20@hotmail.com,09-3211-3339,1411 Sooksawang Fords,East Jaruwan,North Chanikanport,38071,Northern,1990-06-19,Male,Married,2024-01-10
CUST_6742,Puntira Charoensuksopol,zmatinawin@hotmail.com,08-3076-3421,38546 Apisara Lights Suite 833,West Nichakarn,West Pitipat,04341,Central,2003-02-05,Male,Married,2024-11-21
CUST_f01d,Pachongruk Youprasert,ntrikasemmart@hotmail.com,08-0078-4650,5999 Wannapaitoonsri Estate,East Patchaploychester,South Pattatomporn,22703,Central,1989-02-25,Female,Widowed,2026-03-14
CUST_bfb4,Wasin Habpanom,tunradee33@yahoo.com,06-2465-2623,3906 Sittikorn Isle Apt. 917,New Sarunporn,Youprasertbury,29072,Northeast,1991-12-27,Male,Divorced,2025-08-24
CUST_8de2,Patcharaporn Kitprapa,thanatcha15@yahoo.com,06-4881-5106,15208 Teetat Ports Suite 521,South Nutcha,Wasinport,05406,Central,1997-03-08,Female,Single,2025-03-13
CUST_7b29,Supasit Trikasemmart,wpikatsingkorn@hotmail.com,06-2472-4005,45428 Kodchaporn Forks Suite 021,Primabury,New Chaifahbury,22485,Northeast,1993-08-21,Male,Divorced,2023-04-09
CUST_1f61,Apisara Sorattanachai,pramespianduangsri@gmail.com,09-1701-4544,4686 Anekvorakul Plaza,Chaifahberg,Bunlupongside,01844,Central,1992-11-07,Male,Widowed,2024-02-08
CUST_8bbc,Pakjira Norramon,pramessireelert@hotmail.com,06-6732-6944,30084 Apisara Port Suite 770,Lake Chayapat,Lake Supasitville,04975,Central,1995-10-10,Male,Divorced,2021-11-22
CUST_a8b9,Nattawun Titipatrayunyong,kulnun89@hotmail.com,06-3350-2558,2887 Jinjuta Village,New Chaiwuttown,North Chanikan,71498,Southern,2003-06-13,Female,Divorced,2024-05-14
CUST_a16f,Pattamon Titipatrayunyong,akamalanon@gmail.com,08-1955-0672,68816 Nutcha Junction,Pianduangsriside,Port Jaruwan,96383,Northern,2000-02-28,Male,Married,2025-01-26
CUST_06b8,Nutwadee Pasuk,zsireelert@hotmail.com,08-6552-1758,858 Prachayaroch Village Apt. 031,East Puntiraberg,Vinyuvanichkulview,39060,Central,1996-03-17,Other,Single,2026-03-23
CUST_9114,Suvakit Norramon,zpasuk@hotmail.com,09-8237-1996,2778 Pada Club Apt. 402,East Puntirafurt,Port Pornchanokport,58399,Northeast,2004-01-14,Female,Divorced,2023-12-08
CUST_e541,Pakjira Kumsoontorn,chanya82@gmail.com,08-0823-3005,7091 Sarunporn Inlet Suite 783,Port Phenphitcha,Kongsriport,85791,Central,2001-03-09,Male,Single,2023-12-24
CUST_7c32,Suwijuk Chomsri,pintusorn04@yahoo.com,08-4778-2188,572 Kongsri Way,Pachongrukside,Pramesport,26608,Central,2002-02-08,Male,Single,2021-05-19
CUST_d266,Tunradee Prayoonhong,pakjirasujjaboriboon@yahoo.com,08-4078-4369,9759 Intaum Forks,Suwijukton,East Chaifah,07923,Central,1991-10-24,Male,Married,2023-05-24
CUST_f36e,Suvakit Vinyuvanichkul,krittayanukoonsupasita@yahoo.com,09-5750-5564,3066 Supasit Parkways,Wasununchester,Permchartland,63861,Eastern,2000-11-09,Female,Widowed,2023-06-20
CUST_26b4,Kamolchanok Siripaiboo,kulnunpothanun@yahoo.com,09-3247-0568,72772 Intaum Harbor Suite 203,Port Supasita,Kitprapaside,83325,Northern,2001-01-09,Other,Widowed,2025-04-26
CUST_4ee9,LT JG Nutwadee Kitprapa,pprachayaroch@yahoo.com,09-5473-9151,22805 Tianvarich Village,Todsapornpitakulmouth,Port Jitrin,51095,Central,1997-07-25,Male,Other,2021-07-16
CUST_4b6b,Pattatomporn Bunlupong,qpasuk@hotmail.com,06-8258-7981,77687 Wannapaitoonsri Burgs,Kamalanonborough,Wannapaitoonsriland,69446,Northern,2003-02-12,Other,Single,2025-02-09
CUST_e071,Pawan Turongkinanon,chayanin56@gmail.com,06-6203-1033,11483 Kulnun Spurs Suite 649,Phubesville,Noppakaohaven,63469,Eastern,1994-05-19,Female,Divorced,2023-07-02
CUST_7d39,Kulnun Kumsoontorn,chawinchowitunkit@hotmail.com,06-3974-8241,609 Nutcha Route,West Pannawichhaven,Srisoontornstad,33831,Northern,1996-03-18,Other,Married,2024-06-06
CUST_80e6,Pakjira Krittayanukoon,nichakarnsuraprasert@yahoo.com,08-6793-6784,05426 Suwijuk Mills,Nutchaland,Port Prima,38371,Northern,1982-07-06,Female,Single,2023-06-10
CUST_0734,Kunaporn Charoensuksopol,kpolpo@gmail.com,08-2043-6963,13902 Charoensuksopol Light,Apisaraland,East Apisara,89240,Eastern,1988-04-24,Male,Married,2025-01-22
CUST_3ece,Jaruwan Posalee,pornchanok44@hotmail.com,08-5931-4069,981 Pawan Spurs,Port Noppakaochester,South Tunchanokshire,51640,Northern,2008-06-23,Female,Widowed,2024-07-26
CUST_3619,Pornchanok Sittisaowapak,sooksawangwassaya@yahoo.com,08-2347-2153,1608 Turongkinanon Prairie,Port Supasithaven,North Wasinberg,53307,Central,1989-11-14,Other,Single,2023-02-16
CUST_ca9e,Pornchanok Chomsri,ybunlupong@yahoo.com,08-5571-7765,918 Chomsri Fords,Nichakarnmouth,North Chaiwut,76877,Central,2008-08-26,Male,Other,2023-03-05
CUST_4209,Chanikan Chaisatit,thanatcha67@gmail.com,06-2798-6993,02835 Sooksawang Route Apt. 422,North Peem,Prachayarochburgh,92395,Central,2008-12-24,Male,Married,2024-10-04
CUST_d1c8,Nutkrita Suraprachit,methavorakulpeem@hotmail.com,06-5389-3279,592 Benchapatranon Common,North Apisarafort,West Pakjira,43515,Northeast,1983-12-09,Other,Single,2023-03-24
CUST_8425,Todsawun Chomsri,sorawutkongchayasukawut@hotmail.com,06-2662-6817,80057 Lertsattayanusak Plaza,Chayaninfurt,West Chaifah,75949,Central,1995-09-12,Other,Married,2025-07-19
CUST_1e30,Thanatcha Pikatsingkorn,pothanunnutcha@gmail.com,09-0586-3815,548 Pada Plains Apt. 438,North Prima,Srisoontornberg,27356,Central,2005-02-27,Other,Single,2025-06-17
CUST_3128,Sittikorn Pasuk,tunradeepolpo@gmail.com,09-3731-5970,6481 Prakalpawong Gardens Apt. 739,Noppakaoside,Lake Chawinport,68380,Western,2007-04-11,Male,Widowed,2023-05-06
CUST_150c,Phubes Wasunun,wkongsri@hotmail.com,06-8684-3346,3425 Methavorakul Common Apt. 314,Pianduangsrifurt,South Jitrinfort,23333,Central,1985-02-18,Female,Married,2021-07-25
CUST_79ed,Nutkrita Trikasemmart,supasita90@hotmail.com,09-4886-7473,144 Pornchanok Gateway Suite 311,Prakalpawongside,New Parin,79325,Northeast,1983-12-20,Male,Divorced,2022-05-15
CUST_717f,Apisara Pichpandecha,chanya68@gmail.com,09-3707-3985,06616 Bunlupong Way Suite 411,West Puntira,Lake Nutkrita,86472,Northern,1997-10-09,Other,Other,2024-10-23
CUST_d84a,Sitiwat Prayoonhong,sujjaboriboonpannawich@hotmail.com,06-0141-9353,4123 Nutkrita Highway Apt. 351,Lake Primaside,Polpohaven,49419,Northern,2003-10-18,Other,Married,2023-07-28
CUST_232b,Noppakao Thantananont,pintusorn59@yahoo.com,06-9082-7344,338 Kamolchanok Forges,New Pattamon,Wasununborough,77287,Northern,1996-10-17,Other,Married,2024-08-04
CUST_d774,Todsawun Pianduangsri,lpichpandecha@gmail.com,06-6528-7353,8107 Wimolnot Neck,Suwijukton,Lertsattayanusakfurt,60173,Northeast,2001-02-23,Female,Widowed,2024-09-24
CUST_2afb,Pattapon Prachayaroch,tunradeekongsri@yahoo.com,06-0968-8692,76390 Pornchanok Wall,Krittayanukoonfurt,Primaville,89069,Northeast,1996-06-27,Female,Married,2025-02-02
CUST_8d28,Todsawun Wannapaitoonsri,anekvorakultodsawun@hotmail.com,09-4802-1331,070 Pannawich Falls Apt. 664,Lake Chaifah,West Sorawutshire,62281,Northern,1983-12-01,Other,Single,2025-01-20
CUST_b47a,Chayapat Matinawin,wasununpattatomporn@gmail.com,08-3252-6854,8880 Suwijuk Junction Apt. 253,Bunlupongstad,North Patcharaporn,62404,Central,1990-12-20,Other,Widowed,2021-10-01
CUST_f646,Wassaya Benchapatranon,tunchanokpianduangsri@gmail.com,09-7117-7012,74193 Vinyuvanichkul Place Apt. 869,Chanikantown,South Nattawun,94383,Central,1998-04-08,Other,Single,2023-07-15
CUST_c1d1,PHRAMAHA Kunaporn Bunlupong,kunapornchaihirankarn@yahoo.com,08-9856-5722,10735 Polpo Extension Suite 485,Krittayanukoonland,Atitberg,71997,Central,2007-09-13,Other,Divorced,2023-04-24
CUST_a349,Niracha Todsapornpitakul,jitrinbunlupong@hotmail.com,06-7061-5013,23590 Kamalanon Burgs,Kamalanonhaven,Matinawinborough,87525,Northern,1971-08-19,Female,Divorced,2024-05-08
CUST_210b,Pattatomporn Sukhenai,chawinhabpanom@hotmail.com,09-7382-1282,765 Sittikorn Canyon,Supasitport,Prachayarochstad,11445,Central,1998-08-20,Female,Married,2022-05-05
CUST_adb3,Nichakarn Prayoonhong,jvethayasas@yahoo.com,08-2648-8992,445 Nichakarn Junction Apt. 766,New Chanikan,Port Chanikan,11093,Central,1993-05-19,Other,Divorced,2025-05-13
CUST_a2e8,Tunradee Methavorakul,sorawut88@gmail.com,08-0724-5781,9027 Pattapon Mews Apt. 415,West Wasinchester,South Pitipat,49740,Central,1993-02-04,Male,Single,2026-03-11
CUST_f339,Pannawich Matinawin,phubes55@yahoo.com,08-1100-1561,495 Chaiwut Locks Suite 600,North Pachongruk,New Sarunpornville,23658,Northern,2000-05-06,Female,Divorced,2024-06-14
CUST_83f4,Supasit Sittisaowapak,parinhabpanom@hotmail.com,06-7029-1340,816 Phubes Street,Methavorakulborough,Wasinfurt,54128,Central,2003-02-03,Other,Divorced,2024-01-09
CUST_0df5,PO 3 Sittikorn Habpanom,jinjutakongsri@hotmail.com,08-2465-2333,032 Chanya Lodge,West Noppakaofort,East Todsawun,04590,Central,1997-12-14,Female,Other,2025-07-09
CUST_ce0b,Kodchaporn Thantananont,ccharoensuksopol@yahoo.com,09-9126-0233,8478 Suraprachit Vista,Lake Darin,Neerachapongton,39485,Central,1999-11-06,Other,Single,2026-04-04
CUST_9072,Supasita Srisoontorn,bunlerngsrikulnun@yahoo.com,09-2596-7531,73174 Atit Vista,Lake Prameschester,Port Wasin,56449,Eastern,1993-04-08,Male,Other,2024-10-23
CUST_7135,Suvakit Suraprasert,kamalanonteetat@yahoo.com,08-2903-8145,56830 Pitanuwat Well,Primahaven,East Parinfort,15305,Northern,2000-05-04,Male,Widowed,2023-09-27
CUST_105e,Pornchanok Wannapaitoonsri,wimolnotpannawich@hotmail.com,09-9066-8329,709 Chanya Turnpike,West Suvakit,West Phenphitcha,49118,Northeast,1988-05-11,Male,Other,2022-03-22
CUST_4ecb,FS 3 Pattatomporn Choeychuen,anonchomsri@hotmail.com,09-6151-5760,574 Boonpungbaramee Road,Darinside,East Pramesfort,05554,Central,1991-09-28,Other,Widowed,2024-09-12
CUST_9072,AVM Pak Prayoonhong,jitrinwannapaitoonsri@gmail.com,06-8171-0757,373 Supasita Glens Suite 492,Vethayasasfort,Vethayasasfort,25786,Northeast,1981-01-25,Male,Divorced,2023-09-18
CUST_d459,FS 3 Pannawich Pitanuwat,xpikatsingkorn@yahoo.com,08-6996-4450,3648 Kumsoontorn Junctions,Aunyapornberg,New Pattatomporn,65994,Northern,1995-08-18,Female,Married,2021-10-22
CUST_7f7c,Chayanin Bunlupong,itungkasethakul@gmail.com,08-1677-7557,658 Noppakao Prairie,Port Patchaployberg,West Teetat,26806,Southern,1979-11-13,Other,Widowed,2021-10-28
CUST_10c9,Patcharaporn Pasuk,chaiwutkitprapa@yahoo.com,09-4914-1105,74814 Vinyuvanichkul Island Suite 500,East Patcharaporn,North Puntira,78769,Northern,2003-05-11,Female,Divorced,2024-08-25
CUST_123f,Noppakao Wimolnot,jinjutasiripaiboo@hotmail.com,08-3176-1906,4982 Tunchanok Springs Apt. 273,Nutchaburgh,North Pintusornbury,62289,Northern,1982-04-26,Male,Widowed,2023-08-03
CUST_8b4a,Patcharaporn Sorattanachai,ymethavorakul@yahoo.com,09-3782-1551,376 Supasit Freeway Suite 929,South Supasit,Pakjiraville,92176,Northeast,1996-04-01,Other,Widowed,2021-02-10
CUST_db4d,Tunchanok Habpanom,siripaiboopattapon@gmail.com,06-6595-3208,1637 Jaruwan Valleys Apt. 704,Arisarafurt,Wannapaitoonsrihaven,68286,Central,1997-04-27,Other,Widowed,2021-12-02
CUST_ce81,Pannawich Todsapornpitakul,pattamonsuraprachit@hotmail.com,09-1952-1778,529 Suraprachit Ramp Suite 899,Port Chayanin,Pakjirafurt,95991,Western,1987-11-20,Female,Widowed,2024-04-17
CUST_aa8f,Suvakit Tianvarich,ftungkasethakul@gmail.com,09-5191-2000,410 Kumsoontorn Bypass,New Thanatchamouth,South Kulnunville,23110,Southern,1989-06-11,Other,Widowed,2023-09-12
CUST_1b84,LT COL Wassaya Pongpanitch,suwijuk38@hotmail.com,08-4942-2833,3980 Anekvorakul Lodge,Nattawunborough,Primahaven,87632,Central,1993-04-07,Female,Other,2021-05-04
CUST_2215,MAJ Pawan Wasunun,methavorakulchanikan@yahoo.com,08-5023-6742,954 Todsapornpitakul Manors,Habpanomstad,Port Chayanin,08189,Northern,1990-04-01,Other,Married,2025-10-08
CUST_b815,Jaruwan Trikasemmart,yanisa05@hotmail.com,08-3820-0186,393 Suwijuk Ville,Pichpandechaland,East Chayapat,19715,Central,1999-07-05,Other,Single,2021-02-02
CUST_cf69,Kodchaporn Turongkinanon,kittakunatit@yahoo.com,06-2301-4437,80203 Permchart Viaduct,South Pada,Wassayamouth,83734,Northern,1994-01-02,Female,Widowed,2024-06-24
CUST_02d2,Yada Pasuk,yanisakongchayasukawut@hotmail.com,06-9558-5471,6359 Pattapon Curve,East Sarunporn,West Teetat,03142,Northern,1996-09-08,Female,Married,2024-11-13
CUST_e940,Nattawun Kumsoontorn,qpolpo@yahoo.com,09-2067-1526,07685 Chowitunkit Lake,Pornchanokport,Puntiraview,85345,Central,1966-10-08,Female,Divorced,2025-08-11
CUST_7b03,Arisara Lertsattayanusak,upermchart@gmail.com,06-0995-4250,5329 Patchaploy Vista,North Prames,New Kamolchanokburgh,99866,Central,1991-09-06,Male,Divorced,2022-06-25
CUST_7102,POL SGT MAJ Peem Chaihirankarn,peemsuraprachit@hotmail.com,08-9765-8994,4356 Ratchanon Freeway Apt. 434,Lake Nichakarnhaven,Chaihirankarnfort,43658,Northeast,1996-06-03,Female,Widowed,2024-10-19
CUST_9ac9,Nutwadee Chaisatit,kongsrichanya@yahoo.com,06-4923-3924,996 Kongchayasukawut Squares Apt. 001,West Prameston,West Chalisabury,04608,Central,1994-03-04,Male,Married,2024-11-03
CUST_3a76,Prames Habpanom,pattamon72@hotmail.com,09-0963-5635,6588 Chaifah Lock,Port Sorawutport,East Thanatchamouth,49301,Central,2000-04-04,Other,Married,2022-04-13
CUST_fceb,Kulnun Chowitunkit,nutchahabpanom@gmail.com,06-2261-9985,1709 Siripaiboo Burg Suite 411,Lake Jaruwanland,East Chaifah,26073,Central,1998-09-13,Female,Single,2023-02-19
CUST_bf8c,Jaruwan Permchart,nutkritalertsattayanusak@hotmail.com,06-3989-7042,818 Losatapornpipit Island,Todsapornpitakulville,East Nirachaborough,90290,Northern,2001-08-23,Female,Divorced,2022-07-06
CUST_9fa9,Ratchanon Chowitunkit,stodsapornpitakul@yahoo.com,09-5039-8676,048 Kongsri Mills Apt. 775,Arisaraborough,New Nutcha,61073,Southern,1999-03-23,Female,Single,2025-09-13
CUST_8913,Thanatcha Sooksawang,mkamalanon@gmail.com,06-9894-3334,289 Wimolnot Circles Apt. 323,Lertsattayanusakton,Pintusornland,60352,Central,2002-05-24,Female,Widowed,2023-02-04
CUST_00a5,Chanya Habpanom,prakalpawongpawan@gmail.com,06-6967-3988,877 Apisara Bypass Suite 145,Wannapaitoonsriborough,South Jitrin,49385,Central,2001-12-26,Male,Single,2026-01-27
CUST_2433,Pada Matinawin,pintusorntianvarich@hotmail.com,09-9491-2615,903 Wasunun Passage,New Kamolchanokchester,Pintusornbury,63541,Northeast,1991-09-26,Male,Divorced,2024-10-19
CUST_3e0e,Sorawut Chomsri,jinjutakitprapa@hotmail.com,06-3761-3172,99444 Pintusorn Grove,Methavorakulton,Puntirahaven,83616,Central,1984-08-08,Female,Divorced,2023-04-26
CUST_0b4f,Patchaploy Benchapatranon,dvinyuvanichkul@yahoo.com,09-3294-6311,720 Pornchanok Island Suite 476,Nichakarnmouth,Jaruwanland,32198,Central,2002-12-11,Female,Divorced,2024-04-01
CUST_9fae,Parin Lertsattayanusak,charoensuksopolkunaporn@gmail.com,06-3750-8677,25025 Ratchanon Crescent,Sireelertland,Prachayarochview,94727,Central,1996-05-03,Male,Single,2024-04-05
CUST_5465,POL LT COL Phubes Wimolnot,pakpitanuwat@gmail.com,08-4625-6026,550 Prachayaroch Forest Suite 997,Phubesview,New Chayanin,12248,Central,2000-10-20,Female,Widowed,2022-04-15
CUST_d735,Noppakao Posalee,tunchanokvinyuvanichkul@yahoo.com,08-9565-8272,8231 Sujjaboriboon Ranch,New Nutkrita,Lake Puntira,15113,Central,2005-02-22,Female,Divorced,2023-06-24
CUST_6cf8,Prima Tianvarich,sittisaowapakaunyaporn@hotmail.com,06-4792-4672,8704 Parin Loaf,Permchartfort,Lake Padaport,45987,Northern,1991-05-20,Other,Other,2025-11-08
CUST_6f4c,Pada Losatapornpipit,tunchanok85@gmail.com,09-8063-9360,42548 Chayapat Mountain,New Chanya,New Primafort,96197,Central,1991-08-12,Female,Divorced,2025-02-28
CUST_839d,Pornchanok Bunlupong,chalisachoeychuen@hotmail.com,08-1761-7805,481 Pak Manor,Chayaninview,North Thanatcha,94233,Northern,1989-02-03,Male,Married,2023-02-18
CUST_4940,FS 2 Kodchaporn Sooksawang,prachayarochniracha@yahoo.com,06-4592-0903,31204 Kongsri Common Apt. 129,Pornchanokbury,Pannawichborough,34836,Central,1999-10-13,Male,Other,2023-12-16
CUST_8397,Pattatomporn Posalee,zyouprasert@yahoo.com,06-8216-1714,639 Arisara Squares,Methavorakultown,Wannapaitoonsrihaven,40729,Central,1997-04-23,Female,Single,2026-04-10
CUST_869e,Ratchanon Sorattanachai,todsawun44@gmail.com,08-6646-1445,480 Chowitunkit Camp,North Sorawut,Lake Phenphitcha,84873,Central,1998-11-02,Other,Other,2022-03-26
CUST_472d,Puntira Thantananont,vpothanun@yahoo.com,06-7562-2378,837 Phenphitcha Ways,East Pannawichtown,Jaruwanhaven,62281,Northern,1999-05-02,Female,Widowed,2023-06-25
CUST_2092,Tunradee Sorattanachai,kongchayasukawutwassaya@gmail.com,08-7702-9226,29660 Wannapaitoonsri Keys Suite 126,Wasinberg,Sarunpornberg,22487,Central,1985-11-10,Other,Divorced,2025-09-27
CUST_5938,Phubes Sorattanachai,aunyapornchoeychuen@hotmail.com,08-9909-9429,956 Posalee Dam,North Supasitburgh,South Pawanbury,11099,Northern,1996-09-19,Other,Divorced,2024-02-19
CUST_6510,Pattapon Pothanun,parinsooksawang@yahoo.com,08-6627-1092,88594 Kamalanon Branch Apt. 810,North Chanya,Port Chayapat,63695,Northern,1988-01-12,Other,Other,2024-07-16
CUST_868c,Todsawun Bunlerngsri,atitchowitunkit@gmail.com,08-8296-2624,9731 Matinawin Rapids,Suraprasertville,East Pattatompornmouth,05626,Northern,2004-12-04,Male,Single,2022-12-13
CUST_6330,Supasita Suraprachit,kittakunpuntira@gmail.com,08-2969-3692,49247 Boonpungbaramee Dam,Supasitaland,East Chaiwutshire,67841,Northern,2003-02-16,Male,Divorced,2025-08-27
CUST_cb24,Peem Kitprapa,sittisaowapaksupasita@gmail.com,08-3701-9281,5720 Pattatomporn Mountains Apt. 093,Tungkasethakulfurt,Ratchanonton,03618,Central,1998-07-17,Other,Widowed,2024-08-07
CUST_9a8e,Nutkrita Benchapatranon,pattapon84@gmail.com,09-1285-1863,2186 Pikatsingkorn Center,Pitanuwatview,West Nutwadeemouth,84042,Northeast,2008-03-12,Male,Married,2024-07-05
CUST_0704,Sitiwat Sireelert,nutkrita27@yahoo.com,08-0383-2853,96831 Wasin Forge Apt. 023,South Peem,Atitfurt,53012,Northeast,1994-11-21,Other,Married,2024-02-01
CUST_043e,Pintusorn Sireelert,pattapon83@hotmail.com,06-2317-8728,714 Pannawich Haven,Polauayponberg,Sorattanachaiberg,36907,Northern,1996-11-11,Other,Widowed,2025-10-17
CUST_2771,Pachongruk Prayoonhong,nutcha24@yahoo.com,06-5417-2867,3317 Chaifah Courts,Kulnunville,South Chalisa,93610,Central,1992-06-01,Male,Married,2022-07-15
CUST_c317,Pornchanok Pianduangsri,pongpanitchaunyaporn@hotmail.com,09-3581-5204,365 Jinjuta Ferry Suite 904,East Jaruwan,Chaihirankarnton,29201,Northern,2002-05-14,Female,Married,2025-01-24
CUST_107b,Sorawut Chaihirankarn,jinjuta32@hotmail.com,08-2401-7429,2530 Niracha Meadow,Chaihirankarnhaven,North Wasin,14054,Central,1994-12-23,Female,Widowed,2025-01-01
CUST_96b9,Parin Prayoonhong,teetatsrisoontorn@hotmail.com,06-8441-6341,5567 Norramon Keys Suite 067,Prachayarochstad,Port Thanatchatown,20597,Central,1990-09-24,Female,Divorced,2024-10-27
CUST_915f,Chayapat Pikatsingkorn,patcharapornkongsri@hotmail.com,06-1194-2074,48332 Chanikan Road,Charoensuksopolborough,Darinstad,20507,Southern,1998-08-25,Other,Married,2024-11-14
CUST_b00c,Parin Kongchayasukawut,zyouprasert@gmail.com,08-4617-0610,6240 Pakjira Port Suite 088,West Pramesland,Chomsriland,65072,Northeast,2003-05-15,Other,Single,2024-02-03
CUST_1a64,Pattamon Chowitunkit,suvakithabpanom@hotmail.com,06-1215-6912,861 Youprasert Land,Chanyafurt,New Kunaporn,96725,Northern,1988-01-20,Male,Other,2025-11-06
CUST_9c77,Supasita Kamalanon,prachayarochthanatcha@gmail.com,09-6719-1866,5121 Kittakun Parkways Apt. 747,Krittayanukoonview,Nirachaside,45974,Central,2008-04-15,Female,Other,2024-04-10
CUST_8820,Tunchanok Sireelert,stianvarich@gmail.com,06-4059-5934,219 Kongsri Cliffs Apt. 063,Youprasertborough,Pothanunton,58829,Northern,1984-03-07,Other,Widowed,2024-09-12
CUST_2c1c,R ADM Chawin Anekvorakul,sarunporn68@gmail.com,09-3990-7055,2450 Yada Mills,Lake Pitipat,East Pitipatmouth,07713,Central,1985-04-03,Female,Married,2023-11-01
CUST_f1c5,Pattapon Norramon,xprachayaroch@gmail.com,08-4947-7689,75311 Chaifah Burgs Suite 045,Wasununborough,Intaumhaven,25209,Eastern,1991-10-21,Female,Single,2021-04-23
CUST_e90a,Chayanin Charoensuksopol,cchomsri@gmail.com,09-5324-6466,606 Chowitunkit Village,Lake Nichakarnbury,Suwijukmouth,70700,Northern,1991-04-15,Other,Married,2022-09-17
CUST_3af3,CDR Teetat Sittisaowapak,chalisa09@gmail.com,08-0426-4711,411 Phenphitcha Stravenue Apt. 678,West Thanatcha,Sorawutshire,54278,Central,2001-07-12,Female,Single,2024-07-01
CUST_bb7f,Nichakarn Pianduangsri,chanikancharoensuksopol@gmail.com,08-8933-3582,661 Darin Harbor,East Prameston,Chayapatland,70742,Northern,1990-03-28,Male,Widowed,2023-02-15
CUST_b6a8,Nichakarn Titipatrayunyong,zthantananont@hotmail.com,08-6964-1660,84753 Thantananont Viaduct Suite 897,North Chaifahville,Pasukchester,65998,Central,1995-01-17,Male,Widowed,2024-05-18
CUST_0a87,Kulnun Prayoonhong,todsawun92@hotmail.com,09-0481-2355,06111 Suwijuk Summit,Wassayabury,Pattaponview,92243,Central,1995-06-03,Male,Married,2021-05-07
CUST_b048,Nutwadee Sorattanachai,nichakarn82@gmail.com,09-3535-9616,004 Jaruwan Hollow,Port Phubes,Port Pattatomporn,71910,Western,2004-11-13,Male,Other,2024-04-19
CUST_1f59,Prames Choeychuen,teetat37@yahoo.com,09-5035-2191,010 Wasin Lane Apt. 868,Neerachapongville,North Darin,70166,Eastern,1986-10-10,Male,Divorced,2022-09-01
CUST_a09d,Pada Benchapatranon,neerachapongsupasit@yahoo.com,09-1319-2331,98180 Prima Orchard,South Aunyapornburgh,Kamalanonberg,60289,Central,2003-04-14,Male,Divorced,2025-05-15
CUST_3da2,Wassaya Wimolnot,peempikatsingkorn@hotmail.com,09-8643-5520,5033 Pasuk Meadows Suite 794,East Tunradee,Port Pattamonville,89652,Central,2001-10-17,Male,Other,2021-12-05
CUST_8587,Yanisa Pasuk,rpasuk@gmail.com,08-4957-7915,831 Kamalanon Estate,New Chayanin,Permchartborough,36215,Central,2006-04-02,Other,Widowed,2023-01-07
CUST_7681,REV Patchaploy Kamalanon,nichakarnprachayaroch@hotmail.com,09-3152-8245,16980 Krittayanukoon Pass Suite 150,Wassayahaven,North Sarunpornside,59386,Central,1990-02-21,Other,Single,2024-09-02
CUST_13ed,V ADM Chaiwut Polpo,rintaum@hotmail.com,06-7508-4245,23466 Nichakarn Falls Apt. 124,Sujjaboriboonmouth,New Pawanburgh,66299,Northeast,2000-08-27,Female,Married,2024-12-11
CUST_eb12,Tunradee Chaisatit,pongpanitchnutcha@gmail.com,08-6838-1085,047 Habpanom Path Apt. 241,Lake Pramesshire,Boonpungbarameeville,85410,Central,1994-02-17,Female,Single,2021-06-17
CUST_3a27,Supasita Neerachapong,pawan12@yahoo.com,06-6670-6908,8734 Tianvarich Stream,East Anonstad,Prachayarochborough,81792,Northern,2004-02-25,Female,Divorced,2021-11-16
CUST_b16b,Pattapon Turongkinanon,kodchaporn23@yahoo.com,08-8060-3960,729 Anekvorakul Rapids Apt. 526,Nichakarnton,Turongkinanonport,51086,Central,2000-09-11,Male,Married,2026-04-16
CUST_8870,Nutwadee Trikasemmart,pattatompornkrittayanukoon@hotmail.com,06-0070-1080,3479 Pakjira Motorway,Kongsritown,Yadaville,78974,Northern,1990-08-17,Male,Married,2023-11-28
CUST_be85,PHRABAIDIKA Pattatomporn Pianduangsri,skrittayanukoon@gmail.com,06-2590-9926,0887 Krittayanukoon Street,East Pannawich,Port Pattaponville,47944,Northern,1996-06-23,Male,Married,2023-07-21
CUST_d4ca,Chalisa Losatapornpipit,wkongchayasukawut@gmail.com,06-2112-7412,342 Pattatomporn Station Apt. 868,Thanatchatown,South Yadaland,84142,Southern,2001-02-10,Male,Single,2026-04-18
CUST_205f,Jaruwan Neerachapong,sorawut93@yahoo.com,09-8575-4790,16468 Pattamon Mountain Apt. 873,East Yadastad,Kulnunhaven,29538,Central,1981-04-07,Male,Other,2024-01-06
CUST_c6ec,Chawin Chaihirankarn,suvakitwannapaitoonsri@gmail.com,08-6864-3524,183 Pannawich Mills Apt. 503,North Wassaya,Supasitastad,16394,Northern,2000-03-10,Female,Married,2026-01-25
CUST_fed8,CPO 2 Suwijuk Kumsoontorn,losatapornpipittunchanok@gmail.com,08-7246-7396,397 Kamalanon Row Apt. 872,East Peem,East Apisara,24244,Northern,1989-09-08,Other,Widowed,2021-02-08
CUST_27c5,Yada Anekvorakul,aunyapornchaisatit@gmail.com,08-9380-0891,20454 Bunlerngsri Squares Suite 314,South Prima,Yadaland,87372,Northeast,2003-06-07,Female,Other,2024-08-21
CUST_bd60,Chayanin Permchart,chawinsiripaiboo@gmail.com,06-8368-5373,6048 Polauaypon Burg,Sooksawangside,Lake Phenphitcha,15656,Central,1989-06-17,Female,Other,2024-01-23
CUST_9d25,POL LT GEN Prima Intaum,neerachapongjitrin@yahoo.com,06-6769-4037,56094 Wannapaitoonsri Spurs,South Teetatmouth,South Chayapat,46932,Central,1986-05-11,Male,Widowed,2021-04-02
CUST_38a8,Chayapat Bunlupong,phenphitchaneerachapong@yahoo.com,09-2169-9121,7296 Kamalanon Curve,Phusilarungruengburgh,Pawanchester,96073,Northern,2001-11-03,Other,Widowed,2023-02-26
CUST_16cf,Apisara Kongsri,pitanuwatniracha@hotmail.com,08-3508-9412,12419 Kittakun Mountain Suite 761,Darinmouth,Wasununfurt,21210,Northeast,1986-11-18,Other,Other,2025-04-28
CUST_920c,Pattapon Anekvorakul,pattatompornsireelert@hotmail.com,08-4386-7373,81839 Trikasemmart Junctions Apt. 621,Kumsoontornborough,Lake Yada,79058,Eastern,1985-04-22,Female,Widowed,2021-11-05
CUST_3359,Aunyaporn Pitanuwat,parinpothanun@hotmail.com,08-8311-2140,2875 Peem Lights,East Sittikorn,Phenphitchabury,99707,Central,2008-11-28,Female,Divorced,2024-09-10
CUST_e055,Pachongruk Anekvorakul,dsrisoontorn@yahoo.com,06-1167-9817,2964 Prachayaroch Lock,Lake Kulnunside,Teetatfurt,79236,Central,1987-07-21,Male,Widowed,2024-03-11
CUST_ca9e,POL SEN SGT MAJ Jaruwan Pongpanitch,phenphitcha34@hotmail.com,09-8111-9947,17785 Vethayasas Row Apt. 479,Lake Yada,Lake Yadamouth,08853,Central,1998-02-24,Other,Divorced,2024-06-02
CUST_f0f5,Apisara Titipatrayunyong,qmatinawin@hotmail.com,09-9227-7737,25983 Kumsoontorn Point Apt. 812,New Suvakit,East Sarunpornchester,70778,Northern,1995-06-10,Male,Widowed,2024-02-20
CUST_45a1,Anon Kongchayasukawut,pattaponpolauaypon@hotmail.com,06-2228-2011,835 Methavorakul Ridges Suite 394,New Yanisaburgh,Tunradeeville,49904,Northern,1989-06-08,Other,Other,2023-05-07
CUST_4d9b,Puntira Pichpandecha,patcharapornwannapaitoonsri@hotmail.com,08-6808-5701,16951 Bunlupong Trafficway Suite 071,Lertsattayanusakmouth,Pramesside,02615,Northern,1976-07-08,Other,Married,2024-06-24
CUST_0859,SGT Kamolchanok Kamalanon,kunapornlosatapornpipit@yahoo.com,08-3599-6629,5728 Chalisa Drive Apt. 955,Pothanunview,Chayaninview,51911,Northern,1997-05-20,Other,Single,2024-08-04
CUST_902f,Chalisa Bunlupong,wannapaitoonsriaunyaporn@hotmail.com,06-4870-1613,028 Chaiwut Glens Suite 522,Neerachapongtown,Port Pawan,98657,Northern,2000-06-24,Male,Married,2025-08-25
CUST_e10b,Sittikorn Prachayaroch,norramonnutwadee@hotmail.com,06-2911-4574,1108 Jitrin Passage,Chanikanborough,Wasununland,10269,Central,1996-04-01,Male,Married,2022-11-22
CUST_ee87,Todsawun Titipatrayunyong,bturongkinanon@gmail.com,09-9022-4674,22515 Wasin Stream Suite 909,Pornchanokland,Pattatompornmouth,69730,Northeast,1989-08-07,Other,Other,2023-12-24
CUST_4be0,Chaifah Sujjaboriboon,pak65@hotmail.com,06-6380-8024,7671 Losatapornpipit Cape,South Chanyamouth,Choeychuenborough,13137,Northern,2007-10-16,Other,Married,2022-01-22
CUST_7ee3,Sitiwat Prakalpawong,chawin14@yahoo.com,06-6329-0441,81039 Prima Via,Port Pada,Yadafurt,60734,Central,1992-05-01,Other,Other,2025-05-08
CUST_5a50,Pachongruk Vethayasas,chalisachomsri@yahoo.com,08-3126-6910,40901 Sarunporn Mill,Sooksawanghaven,North Supasitastad,02553,Northern,1997-03-20,Male,Single,2021-06-14
CUST_f3a0,Chalisa Norramon,rsukhenai@hotmail.com,06-0691-8483,2013 Kodchaporn Ridge,Lertsattayanusakberg,Prameston,33657,Northern,1993-06-12,Female,Married,2021-10-25
CUST_18ac,Tunchanok Phusilarungrueng,pawan33@gmail.com,06-9641-8940,3758 Kamalanon Ranch Apt. 747,Vinyuvanichkulbury,Tunradeemouth,01089,Northeast,1987-10-28,Other,Divorced,2023-03-05
CUST_4d51,Tunradee Pasuk,btodsapornpitakul@hotmail.com,09-8944-8958,467 Thanatcha Stravenue Apt. 705,Jinjutafurt,South Chaiwut,82163,Central,1986-03-01,Male,Widowed,2024-09-19
CUST_f32b,Yada Sittisaowapak,sireelertkamolchanok@yahoo.com,08-6188-5004,7785 Nattawun Mountain Apt. 682,East Pachongruk,Prachayarochberg,10003,Northern,1987-03-23,Male,Married,2025-03-12
CUST_d07e,Chayapat Titipatrayunyong,sorawutpasuk@gmail.com,09-8354-4309,69260 Youprasert Mountain Suite 258,Tianvarichmouth,Charoensuksopolborough,22396,Southern,2000-01-10,Male,Single,2026-03-10
CUST_e42d,SEA-MAN Pattamon Habpanom,utrikasemmart@yahoo.com,08-6646-2449,987 Pikatsingkorn Mountain,West Chaifahhaven,Youprasertburgh,49335,Southern,2003-09-01,Male,Other,2022-02-04
CUST_4be3,Ratchanon Wimolnot,methavorakulyanisa@hotmail.com,09-2090-1992,5692 Youprasert Village,Pachongrukbury,Port Tunradee,70935,Western,1995-01-08,Female,Married,2024-11-04
CUST_3cca,Tunradee Kongchayasukawut,patchaploychowitunkit@hotmail.com,06-8849-4414,806 Prames Road,Chayapatbury,Srisoontornberg,55669,Northeast,1988-08-05,Male,Widowed,2025-03-22
CUST_5043,S M 2 Pornchanok Polauaypon,wannapaitoonsriphenphitcha@hotmail.com,06-8969-4357,2257 Nutcha Harbors Suite 362,South Pawan,Wasinville,28559,Northern,1986-10-26,Other,Divorced,2021-03-12
CUST_f2a9,Supasita Anekvorakul,lkittakun@yahoo.com,06-8783-4709,32082 Suwijuk Street,Lake Chayapat,Chaifahmouth,03757,Northern,2003-05-09,Male,Single,2025-07-24
CUST_b33e,SGT Parin Suraprachit,glosatapornpipit@hotmail.com,08-5283-0177,35316 Youprasert Extensions Apt. 746,Port Todsawun,North Sitiwatstad,83685,Southern,1995-12-16,Male,Divorced,2026-05-10
CUST_dc3b,Jitrin Permchart,mkongchayasukawut@gmail.com,06-7065-7155,9216 Sorawut Forest,Sarunpornfort,Supasitchester,45959,Central,2003-07-11,Other,Other,2024-11-22
CUST_a3cd,Supasit Sujjaboriboon,pattatomporn98@hotmail.com,08-0199-0413,78521 Choeychuen Neck,South Sorawut,East Sarunpornfurt,06495,Central,1991-02-27,Other,Other,2023-11-15
CUST_448e,Nattawun Pongpanitch,gkongchayasukawut@gmail.com,09-6617-5012,57978 Kamalanon Burgs,Polauayponview,North Sorawut,34305,Central,1977-12-27,Female,Divorced,2023-05-07
CUST_f487,Chayapat Sireelert,suvakitmatinawin@yahoo.com,08-8942-8050,432 Phubes Stravenue Suite 179,Pakjiraside,South Chayapatfort,16319,Central,1996-02-28,Female,Married,2026-01-24
CUST_4607,Jaruwan Kitprapa,boonpungbarameepattamon@yahoo.com,09-5384-1044,818 Sujjaboriboon Summit Apt. 397,Teetatland,Lake Nutkritahaven,21423,Northeast,2008-03-12,Female,Married,2023-09-03
CUST_e136,Parin Charoensuksopol,mneerachapong@hotmail.com,08-5622-8969,51669 Anon Place,South Tunradeeside,Wasinhaven,28596,Northern,1975-02-05,Female,Divorced,2022-05-04
CUST_a249,Tunradee Pitanuwat,patchaploytitipatrayunyong@hotmail.com,09-6142-4155,84948 Choeychuen Parkway Suite 221,South Puntira,West Tunchanok,77544,Northeast,1995-12-06,Male,Widowed,2021-08-05
CUST_553f,Peem Titipatrayunyong,suwijukpolauaypon@hotmail.com,06-4766-4168,34935 Thanatcha Forge Apt. 328,Lake Arisara,Suvakitview,20099,Central,1992-09-12,Female,Widowed,2021-02-02
CUST_c042,Thanatcha Kamalanon,pakjira86@hotmail.com,06-0663-5172,99032 Kamalanon Vista,North Sittikornfurt,Tunradeestad,36574,Central,2004-03-25,Male,Other,2023-02-19
CUST_6319,Chayapat Chomsri,yanisa03@yahoo.com,06-1721-7683,9736 Sukhenai Avenue Apt. 617,Siripaibooside,Methavorakulberg,91991,Northern,2001-01-04,Male,Widowed,2024-05-10
CUST_d903,Phubes Vinyuvanichkul,pintusornpitanuwat@gmail.com,09-0213-6479,0598 Posalee Crescent Apt. 446,Nirachashire,Pattaponfurt,97668,Central,1995-12-25,Other,Divorced,2026-02-15
CUST_8c27,Nichakarn Sukhenai,prima21@hotmail.com,09-3072-3313,195 Patchaploy Plaza Apt. 179,Lertsattayanusakshire,North Darinfurt,86562,Central,2008-04-19,Female,Divorced,2023-02-24
CUST_aa8a,Jinjuta Youprasert,anonmethavorakul@hotmail.com,09-8049-5160,05668 Todsapornpitakul Lane Apt. 301,New Noppakao,Chomsrishire,69431,Central,1990-02-04,Other,Divorced,2026-03-08
CUST_2a81,Nutkrita Prayoonhong,jinjuta37@yahoo.com,08-3203-1569,050 Sarunporn Hills,Wasununstad,New Parin,79573,Southern,2007-08-26,Female,Widowed,2022-06-18
CUST_3db0,Nutcha Kamalanon,pada60@gmail.com,09-3023-6014,492 Nutwadee Prairie Apt. 933,South Supasitton,West Nichakarnchester,56551,Central,1992-07-08,Other,Single,2024-12-02
CUST_fdb2,Teetat Pikatsingkorn,kodchapornpothanun@hotmail.com,06-7969-1295,5390 Nutwadee View,North Pannawich,Prayoonhongborough,61212,Central,1988-01-17,Other,Married,2023-10-11
CUST_38d2,Nutwadee Chaisatit,yanisa25@gmail.com,09-7369-7576,13156 Prachayaroch Key,Chaifahfort,Suraprachitton,21871,Northeast,2005-04-11,Other,Widowed,2022-10-13
CUST_96bf,Darin Youprasert,zprachayaroch@hotmail.com,06-0710-9599,06871 Matinawin Divide,Bunlerngsribury,Posaleeburgh,05237,Northern,1998-04-04,Female,Other,2024-06-26
CUST_e444,SGT Kamolchanok Sukhenai,chayapatturongkinanon@yahoo.com,06-3567-6912,7711 Methavorakul Pine Apt. 119,Port Pada,Supasitashire,10234,Western,1992-10-28,Other,Widowed,2022-09-14
CUST_1f81,Chanya Wannapaitoonsri,chowitunkityanisa@hotmail.com,09-5177-4015,3831 Polpo Stravenue,Patchaploychester,Krittayanukoonmouth,83102,Western,2008-11-03,Male,Other,2026-01-24
CUST_efd3,Pitipat Youprasert,pitipat12@gmail.com,08-1143-6356,62597 Sujjaboriboon Parks,New Jitrinborough,New Jinjutaberg,98844,Southern,2008-01-12,Male,Divorced,2023-02-27
CUST_2933,Pachongruk Methavorakul,patchaploysujjaboriboon@yahoo.com,08-3667-4747,196 Chaihirankarn Landing,West Patcharapornshire,Charoensuksopolfort,96865,Central,1990-08-11,Male,Single,2022-11-22
CUST_a8a8,Teetat Pitanuwat,chowitunkitprima@gmail.com,08-0741-6709,64257 Chomsri Stravenue Suite 440,South Jitrinberg,Siripaibootown,40816,Northern,1998-01-20,Male,Other,2023-07-23
CUST_b2f5,Sittikorn Permchart,omatinawin@hotmail.com,06-5829-7179,120 Tunchanok Parks Apt. 346,West Jinjuta,Nutchastad,18401,Northern,1998-01-02,Female,Single,2023-02-07
CUST_9357,Pak Methavorakul,pattapon83@yahoo.com,09-9762-7511,7832 Benchapatranon View Apt. 357,Titipatrayunyongville,East Arisara,06185,Eastern,2004-12-01,Female,Other,2025-05-24
CUST_f291,Teetat Bunlerngsri,intaumyada@hotmail.com,06-3209-6842,719 Chaifah Stream,Tungkasethakulstad,East Chaiwutport,10270,Northern,1986-08-28,Male,Other,2026-01-27
CUST_a8fe,Suvakit Intaum,atit15@gmail.com,08-1658-3567,363 Peem Gateway Apt. 960,Chayaninfort,Polpochester,00552,Central,1986-02-16,Other,Other,2026-02-21
CUST_a629,Pada Sooksawang,chawinsiripaiboo@yahoo.com,09-6334-3548,0234 Pornchanok Extension,New Phenphitcha,New Puntira,35435,Northern,1997-08-10,Other,Single,2025-06-01
CUST_8ab3,SGT Patchaploy Charoensuksopol,phenphitcha56@yahoo.com,08-9177-9668,367 Yanisa Trail,South Apisara,Chayaninmouth,32472,Northeast,1986-02-21,Male,Widowed,2021-01-03
CUST_d21f,Sarunporn Permchart,tunchanokbunlerngsri@yahoo.com,08-4219-1149,1408 Phubes Shoal,Chanyashire,Port Sorawutport,22959,Northern,1999-09-24,Other,Single,2024-02-20
CUST_5a46,Pada Matinawin,chaifahsuraprasert@hotmail.com,09-4403-4385,67327 Suwijuk Plains Suite 596,West Suwijuk,Sitiwathaven,58735,Eastern,1996-03-19,Female,Divorced,2024-05-09
CUST_d1c7,SGT Sittikorn Siripaiboo,kodchaporn65@hotmail.com,09-2575-9456,552 Puntira Stravenue,Kitprapamouth,East Arisarachester,35484,Northeast,1999-05-25,Female,Divorced,2023-09-28
CUST_5d65,Kunaporn Sittisaowapak,wasin42@gmail.com,08-6938-7123,36117 Neerachapong Mountain Apt. 325,Pongpanitchfurt,West Teetat,36972,Northeast,2008-07-09,Other,Married,2025-03-27
CUST_765c,Chayapat Wasunun,wasin94@yahoo.com,08-1521-4860,1842 Jaruwan Overpass Suite 301,Trikasemmartmouth,Jinjutaport,93318,Northeast,1993-09-23,Female,Married,2023-01-06
CUST_b5df,AVM Sitiwat Losatapornpipit,peempongpanitch@yahoo.com,06-6207-6349,9846 Pada Course,West Chanya,West Sitiwat,51164,Northeast,1987-12-20,Other,Other,2025-06-21
CUST_5977,Prima Sooksawang,gpolpo@hotmail.com,06-5148-8023,8005 Patcharaporn Glens Suite 752,Chomsriburgh,South Thanatcha,00975,Central,1996-07-11,Male,Single,2022-10-20
CUST_dc66,Pattatomporn Kongchayasukawut,pakjiralosatapornpipit@gmail.com,09-5440-8682,1191 Arisara Parkway,North Nattawun,New Phubesstad,77919,Northern,1988-05-14,Other,Divorced,2023-11-05
CUST_485b,Thanatcha Prakalpawong,sittikorn28@hotmail.com,09-7251-3525,8347 Sireelert Bypass Apt. 468,East Pramestown,Kitprapaport,84811,Northeast,1998-07-15,Male,Married,2024-07-13
CUST_65ae,Pada Bunlupong,sarunpornintaum@hotmail.com,06-8867-3277,9328 Prima Cove Suite 942,Chaisatitville,Port Chaifah,60578,Southern,1989-01-25,Other,Other,2024-09-09
CUST_d588,Nutwadee Wimolnot,jvinyuvanichkul@hotmail.com,09-0979-6431,9329 Nutkrita Islands Apt. 339,North Phenphitchachester,Kumsoontornhaven,98760,Northern,1987-04-17,Other,Single,2023-07-13
CUST_79f7,Thanatcha Pikatsingkorn,pichpandechapitipat@yahoo.com,06-0714-2391,5754 Prames Parkways Apt. 834,Kodchapornshire,North Primastad,05968,Central,1990-02-24,Other,Other,2023-03-24
CUST_0872,Aunyaporn Prachayaroch,anon37@gmail.com,06-9970-2523,96167 Kamalanon Manors,South Parin,Chalisamouth,10616,Central,1983-05-20,Female,Single,2024-11-05
CUST_4e42,Parin Methavorakul,nsooksawang@yahoo.com,09-9169-0893,1740 Intaum Crossing Suite 373,South Patcharaporn,Patcharapornside,50161,Southern,1991-09-16,Male,Married,2024-02-02
CUST_12da,Sarunporn Pitanuwat,peem62@yahoo.com,09-1970-2171,84753 Nutwadee Well,East Chayanin,North Patchaploytown,43065,Central,1993-03-02,Female,Widowed,2023-03-07
CUST_b313,Jaruwan Boonpungbaramee,hlosatapornpipit@yahoo.com,09-6079-7484,48647 Methavorakul Ford Apt. 864,New Primaburgh,New Yada,44819,Western,1992-10-13,Male,Other,2023-03-16
CUST_48a0,Aunyaporn Bunlerngsri,lkongsri@gmail.com,06-8334-2644,0408 Chawin Shoals,Port Arisaratown,Jitrinchester,95677,Northeast,1996-05-06,Other,Divorced,2024-11-21
CUST_746f,Sitiwat Vinyuvanichkul,jitrin60@gmail.com,06-8942-6301,258 Pawan Tunnel Suite 261,South Nirachaville,New Sarunpornview,84597,Northern,2008-03-16,Female,Other,2025-02-03
CUST_feb2,Prima Vethayasas,supasita39@gmail.com,08-5811-2300,385 Youprasert Ford,Lertsattayanusaktown,Pothanunbury,70569,Northern,1995-12-01,Male,Married,2024-12-21
CUST_e96d,Supasita Polauaypon,anon39@gmail.com,08-3768-6990,59676 Chomsri Club,Port Yanisaberg,Nutwadeemouth,51587,Eastern,1998-06-10,Other,Married,2025-06-02
CUST_96a3,Pada Krittayanukoon,prames65@gmail.com,08-3329-7450,6814 Sujjaboriboon Groves,Pakjiraville,West Pattamonland,04078,Southern,1998-12-17,Male,Single,2022-03-23
CUST_4ff9,Supasit Phusilarungrueng,ychowitunkit@gmail.com,09-9906-1074,7186 Jaruwan Lights Apt. 152,Kitprapaside,New Wasinfort,84246,Southern,2007-03-11,Other,Divorced,2025-11-13
CUST_a66c,Jinjuta Tungkasethakul,chanyawimolnot@gmail.com,08-4908-1729,10345 Suraprasert Flat Suite 732,Chaihirankarnstad,New Wasinborough,65271,Northern,1998-03-21,Male,Married,2026-02-10
CUST_844c,Anon Trikasemmart,nutkrita83@gmail.com,08-6943-4197,4979 Thanatcha Ridge,Sittisaowapakland,Prayoonhongberg,47150,Northeast,2004-05-22,Female,Married,2024-11-23
CUST_2f35,POL SEN SGT MAJ Nattawun Losatapornpipit,pikatsingkornpattapon@gmail.com,06-3066-7873,98186 Atit Garden,Anekvorakulmouth,New Nutkritamouth,30234,Northeast,2002-08-15,Male,Married,2024-08-04
CUST_a2e0,Sitiwat Vinyuvanichkul,pattatompornthantananont@gmail.com,09-4522-0820,0952 Polauaypon Pike Apt. 242,Sarunpornstad,Aunyapornburgh,48400,Northern,1998-12-04,Other,Single,2024-09-23
CUST_cb2b,Arisara Sittisaowapak,chanyasuraprasert@yahoo.com,06-8203-1605,0320 Chayanin Loaf Suite 552,New Pitipatton,Sittisaowapakchester,30742,Central,2007-06-24,Female,Divorced,2021-06-08
CUST_4fbc,Nutwadee Prakalpawong,dcharoensuksopol@gmail.com,06-1572-4967,022 Nichakarn Overpass Apt. 726,South Chanyaville,South Apisara,68877,Northern,1993-12-27,Female,Other,2024-07-17
CUST_65e9,Chaiwut Kongsri,suwijuksrisoontorn@yahoo.com,09-4111-7523,28219 Titipatrayunyong Passage Suite 585,Pichpandechaport,Teetatstad,98019,Central,1995-07-19,Other,Widowed,2022-10-21
CUST_e3f5,AMN Jinjuta Kitprapa,ranekvorakul@gmail.com,08-0213-1966,4473 Kunaporn Mills,East Chaiwut,East Prima,80944,Northern,1991-03-24,Other,Married,2023-07-15
CUST_aaae,Yanisa Sorattanachai,yanisawimolnot@gmail.com,09-2262-6041,3740 Bunlupong Throughway Suite 669,Bunlerngsrimouth,Pothanunton,83790,Northern,2004-04-11,Female,Married,2024-12-21
CUST_d518,POL CAPT Nattawun Pitanuwat,qtitipatrayunyong@yahoo.com,08-8699-0544,321 Pitanuwat Mission,Pitanuwatville,East Arisara,29900,Southern,2008-07-25,Other,Single,2026-02-13
CUST_0d48,Nattawun Kamalanon,sorattanachaipada@hotmail.com,08-0659-3247,8099 Peem Expressway Suite 169,Primaside,New Niracha,25445,Central,2001-02-26,Female,Single,2022-10-02
CUST_125a,Nutwadee Matinawin,kodchapornsukhenai@hotmail.com,06-4659-2229,562 Phusilarungrueng Crescent Apt. 498,South Supasita,Lake Darin,27045,Northern,1978-01-19,Other,Married,2025-05-19
CUST_b5dd,Nutkrita Chaihirankarn,teetatprayoonhong@yahoo.com,08-4818-0307,140 Prachayaroch Roads Suite 739,West Jinjutaborough,South Pattatomporn,46200,Central,2002-09-24,Female,Divorced,2024-08-25
CUST_d361,LT Yada Anekvorakul,todsapornpitakulnattawun@gmail.com,09-1072-7652,1191 Prayoonhong Cliffs Suite 923,Wimolnotfort,New Suwijukfort,07079,Northern,2001-07-23,Male,Other,2026-03-28
CUST_cd4a,Yanisa Suraprachit,atit80@gmail.com,06-0903-8123,167 Kitprapa Crossroad Apt. 313,North Wassaya,Thantananontshire,08580,Central,2005-09-16,Female,Divorced,2025-06-28
CUST_7766,Patchaploy Wasunun,nutchaturongkinanon@gmail.com,09-4359-2678,450 Chaifah Lake Apt. 075,Pannawichmouth,Wasununmouth,66633,Central,1994-08-13,Female,Married,2024-12-09
CUST_0dc8,Tunradee Habpanom,pothanunpattamon@yahoo.com,06-0493-2324,67432 Sireelert Lake Apt. 847,North Parin,East Yanisashire,16370,Central,1993-04-01,Other,Married,2025-07-05
CUST_8fdb,MAJ Yanisa Turongkinanon,chawinsiripaiboo@hotmail.com,06-2988-0833,4211 Krittayanukoon Forges,New Suvakitmouth,Yanisastad,52456,Central,2005-03-18,Male,Divorced,2022-03-21
CUST_a97a,Patcharaporn Siripaiboo,hyouprasert@gmail.com,06-7199-3290,77829 Pattatomporn Hollow Apt. 558,Pasukborough,Nichakarnstad,86275,Northern,2003-09-23,Other,Married,2023-04-23
CUST_592e,Puntira Norramon,thanatchalertsattayanusak@gmail.com,09-9962-1838,7826 Peem Port,North Prima,Chaisatitside,72200,Northern,2003-09-01,Other,Divorced,2024-11-17
CUST_80a9,Sorawut Tianvarich,npianduangsri@hotmail.com,08-1108-2705,53071 Prachayaroch Flats Suite 217,Kodchapornfurt,Port Chaiwutfurt,24088,Central,1990-12-22,Other,Divorced,2024-04-14
CUST_d3f2,Yanisa Suraprachit,darin89@yahoo.com,08-6446-5015,9593 Pasuk Extensions,Jaruwanborough,East Chawinport,95948,Central,2006-08-16,Male,Other,2023-11-01
CUST_1508,ADM Nutkrita Todsapornpitakul,ysiripaiboo@hotmail.com,06-4486-4374,04411 Chalisa Junction Apt. 229,New Jaruwanbury,Pachongrukborough,07997,Central,2001-03-22,Female,Other,2024-02-04
CUST_f150,Kamolchanok Wannapaitoonsri,chanya00@gmail.com,06-5978-3808,68195 Pornchanok Stream Apt. 596,South Suvakitmouth,Yanisabury,92315,Northeast,2000-02-15,Male,Single,2025-01-18
CUST_c592,Yanisa Pikatsingkorn,ratchanon02@yahoo.com,09-1882-7895,97641 Chomsri Ranch,Lake Todsawunton,Patchaploymouth,30962,Western,1994-02-09,Other,Married,2023-11-28
CUST_be61,Supasita Prachayaroch,chaifahphusilarungrueng@hotmail.com,09-5078-7314,61647 Noppakao Lane Apt. 586,Norramonstad,South Nattawunfort,86350,Central,2008-10-20,Other,Married,2023-07-12
CUST_2b17,Pakjira Sireelert,sitiwat65@hotmail.com,08-9873-5423,843 Supasit Isle Suite 122,New Chaiwutchester,Methavorakulport,02349,Central,2000-03-14,Male,Widowed,2021-03-28
CUST_ef9f,Noppakao Sujjaboriboon,neerachapongsuvakit@gmail.com,06-4353-3021,32662 Chanikan Street Apt. 364,West Pornchanokton,Sireelertside,97964,Northern,1993-05-05,Female,Other,2024-12-14
CUST_d49b,Nattawun Boonpungbaramee,suwijuk92@hotmail.com,06-9417-2878,84567 Prames Creek Apt. 664,West Tunchanokmouth,North Pawan,97713,Central,1994-06-20,Male,Divorced,2024-07-03
CUST_8b97,Pattatomporn Wasunun,xneerachapong@gmail.com,08-6518-5767,433 Phubes Run,Chayapatmouth,Polauayponland,67015,Northern,1994-11-05,Other,Widowed,2024-06-21
CUST_f02d,Pak Pasuk,jaruwanvethayasas@gmail.com,08-3303-0141,4548 Jaruwan Stream,Nutkritaborough,South Chayapatbury,15779,Central,1994-02-11,Other,Single,2021-11-18
CUST_a0aa,PHRAKHU PALAD Chayanin Anekvorakul,suraprachitchaifah@hotmail.com,09-1729-1730,486 Nattawun Heights Apt. 019,Lake Phenphitchaberg,Jinjutafort,03807,Northern,1983-04-09,Female,Widowed,2023-07-20
CUST_bb26,WG CDR Ratchanon Trikasemmart,pornchanok16@yahoo.com,09-5677-5444,8464 Todsawun Brooks Suite 695,East Supasit,Benchapatranonstad,95099,Southern,1997-02-21,Female,Divorced,2022-12-18
CUST_c310,Jitrin Kittakun,ykrittayanukoon@gmail.com,08-1459-9651,84045 Matinawin Drive Suite 891,Chowitunkitside,Todsapornpitakulview,84457,Central,1989-07-04,Female,Widowed,2021-05-06
CUST_e309,Arisara Kongsri,lertsattayanusakteetat@hotmail.com,06-5822-2990,994 Pawan Lakes Apt. 682,West Jitrin,Pattamonmouth,49108,Northeast,1994-03-10,Other,Other,2024-08-22
CUST_fa77,Patcharaporn Pothanun,yada76@yahoo.com,06-3459-3099,9532 Chomsri Camp Apt. 304,West Sitiwat,Lake Chaiwutfurt,02324,Central,1992-01-02,Other,Widowed,2026-03-03
CUST_737a,Pachongruk Losatapornpipit,qprachayaroch@hotmail.com,08-1794-1963,993 Sooksawang Lane,Bunlerngsriburgh,Kunapornhaven,90853,Northern,1997-02-02,Male,Widowed,2024-09-19
CUST_318b,Jitrin Boonpungbaramee,bchaisatit@yahoo.com,08-0733-2039,659 Nutcha Mountain Apt. 787,Sujjaboriboonburgh,Titipatrayunyongshire,50497,Northeast,1995-03-05,Female,Divorced,2021-08-03
CUST_cf89,Apisara Pongpanitch,prima14@yahoo.com,06-4801-2475,7200 Thanatcha Mall,Krittayanukoonberg,Kulnunstad,93841,Central,1997-11-27,Male,Married,2021-08-18
CUST_f21d,Pannawich Pongpanitch,tunradeepasuk@yahoo.com,08-1720-8294,1938 Phusilarungrueng Views Suite 556,Phubesview,Port Jaruwan,03779,Northern,1985-11-24,Male,Widowed,2024-07-10
CUST_b5d0,Kodchaporn Kamalanon,pachongruk41@gmail.com,09-5419-3543,195 Titipatrayunyong Terrace Apt. 778,East Darin,Jitrinfurt,58680,Central,1987-04-21,Female,Widowed,2021-11-26
CUST_ecfe,Patchaploy Pichpandecha,sukhenaijaruwan@yahoo.com,09-2119-0367,4904 Yanisa Roads Apt. 837,Suwijukfurt,West Chanyaland,07620,Central,1998-11-09,Male,Other,2026-03-24
CUST_0bf9,Pakjira Suraprachit,srisoontornsitiwat@hotmail.com,09-3015-1009,7477 Jaruwan Stravenue Apt. 024,East Pattatompornchester,North Nattawunland,74306,Central,1988-08-18,Male,Other,2021-02-23
CUST_ba8a,Chayapat Wimolnot,sarunpornnorramon@gmail.com,08-0973-7066,5853 Pasuk Wells,New Teetattown,Pattamonberg,29797,Northern,1990-03-25,Female,Single,2021-09-21
CUST_a0ed,Jinjuta Kumsoontorn,chawinpermchart@hotmail.com,06-0127-1709,278 Phenphitcha Garden Apt. 981,Chaifahbury,South Yanisatown,80357,Central,2003-08-23,Female,Married,2023-12-18
CUST_9fd7,Peem Prachayaroch,nutchapitanuwat@gmail.com,09-0443-8273,9641 Niracha Port,Arisaraview,Suwijukshire,88186,Northern,2006-07-02,Female,Single,2024-11-25
CUST_999f,Tunchanok Intaum,pachongrukintaum@yahoo.com,06-7383-7431,297 Wimolnot Junctions Apt. 086,North Arisara,Lake Arisara,22984,Northeast,1990-07-26,Female,Widowed,2021-10-08
CUST_5f82,Jinjuta Boonpungbaramee,gkongchayasukawut@hotmail.com,09-8342-1902,7370 Trikasemmart Harbor Apt. 150,West Puntira,New Pakville,31299,Central,1992-06-24,Female,Widowed,2024-10-07
CUST_f67c,Thanatcha Pothanun,fanekvorakul@yahoo.com,06-5198-2254,4555 Siripaiboo Keys,Sittisaowapakfurt,Bunlupongland,75419,Northeast,1983-05-14,Female,Divorced,2022-03-13
CUST_4caa,Chalisa Tungkasethakul,anonwimolnot@yahoo.com,06-9543-6016,25132 Permchart Islands,Chayaninshire,Port Pornchanok,52155,Northern,1992-07-01,Male,Divorced,2025-03-22
CUST_eafa,PO 3 Pitipat Bunlupong,bbunlerngsri@gmail.com,09-5856-3707,9637 Polpo Throughway,New Sittikornmouth,Pawanborough,13624,Southern,1991-04-07,Male,Divorced,2026-05-17
CUST_f047,Kamolchanok Chaisatit,chayanin32@yahoo.com,06-9012-9331,560 Pasuk Plains Suite 846,Port Chanya,East Chalisa,78465,Central,1987-10-13,Male,Married,2024-06-14
CUST_5996,Apisara Polauaypon,teetatchaihirankarn@yahoo.com,06-7036-1166,808 Pasuk Rue Apt. 949,East Patchaployview,North Pintusorn,47122,Northern,2002-05-17,Female,Widowed,2025-04-05
CUST_361a,PFC Pintusorn Pasuk,youprasertchaifah@gmail.com,08-1979-4520,004 Parin Rue,East Pattapontown,Pasukland,91362,Central,2000-08-27,Other,Single,2023-10-28
CUST_ddc6,Teetat Lertsattayanusak,pornchanok09@hotmail.com,09-3968-2325,3819 Pianduangsri Stravenue Apt. 083,Pramesport,Jaruwanshire,05287,Southern,1996-06-19,Other,Widowed,2026-04-22
CUST_3d6a,Sittikorn Pasuk,tianvarichchalisa@hotmail.com,06-4499-7381,5917 Kamalanon Port Suite 387,New Pakjira,West Nattawunside,89975,Central,2003-11-03,Female,Married,2025-01-16
CUST_13c6,Noppakao Thantananont,nutchawimolnot@hotmail.com,06-1990-4181,69571 Darin Rest,Lake Tunradee,Teetatchester,11079,Central,2000-09-18,Female,Divorced,2023-09-10
CUST_4f03,CPL Chawin Polpo,chanikan28@hotmail.com,08-1759-2629,11807 Charoensuksopol Harbors Suite 485,Suwijukbury,Parintown,67281,Central,1983-05-17,Other,Single,2026-05-09
CUST_8ba3,Prima Pichpandecha,pawanneerachapong@hotmail.com,06-5538-3222,45482 Neerachapong Valleys,South Pakland,Teetatfurt,83068,Northern,2007-06-01,Other,Divorced,2024-01-01
CUST_3b41,Chayanin Sireelert,patcharaporn82@yahoo.com,08-8879-0618,496 Yada Oval,Methavorakulland,Pasukchester,37376,Northern,1994-08-10,Other,Single,2024-08-20
CUST_dfa9,Supasita Vinyuvanichkul,nichakarn62@gmail.com,09-5427-7387,600 Jitrin Station,New Pornchanok,West Suwijuk,05785,Northeast,2008-10-05,Female,Widowed,2024-04-12
CUST_87d5,POL CAPT Pattapon Bunlupong,kongchayasukawutatit@yahoo.com,09-2196-9999,8705 Kongsri Court Apt. 009,Sittisaowapakfurt,New Sarunpornland,39887,Northern,1989-10-05,Other,Married,2021-01-21
CUST_90cd,Teetat Charoensuksopol,sarunpornpianduangsri@hotmail.com,06-8110-0365,294 Sorawut Streets Suite 801,Port Suwijukhaven,South Nichakarnshire,48772,Northern,2004-07-20,Other,Other,2023-12-22
CUST_c589,Niracha Prachayaroch,fkongsri@hotmail.com,09-9791-2591,07043 Srisoontorn Hill Suite 004,Port Chaifahland,Yadaton,48075,Central,1993-04-07,Other,Married,2025-07-14
CUST_6df7,Nattawun Sireelert,nutwadeetianvarich@yahoo.com,06-6648-8656,77149 Suraprachit Ramp,Sukhenailand,South Pada,44596,Northern,2004-02-10,Male,Widowed,2023-12-07
CUST_8a61,Sitiwat Kongchayasukawut,chayapat71@yahoo.com,06-3314-9704,666 Boonpungbaramee Expressway Suite 040,East Atit,West Yanisa,30264,Central,2000-11-08,Male,Single,2023-05-13
CUST_3508,Pachongruk Prakalpawong,peem44@yahoo.com,06-8247-4757,825 Todsapornpitakul Burg,Port Chayapat,Port Pada,52081,Central,1992-03-13,Female,Divorced,2026-02-22
CUST_baaa,Pak Kittakun,suwijuknorramon@yahoo.com,09-9167-3128,33053 Benchapatranon Point,Port Supasita,South Chanyaborough,31023,Eastern,1987-09-13,Male,Married,2022-12-02
CUST_c212,Wasin Boonpungbaramee,sorawut20@hotmail.com,09-3228-6357,2553 Pichpandecha Walk Apt. 868,Arisaraberg,East Padamouth,52059,Northern,1994-11-10,Male,Widowed,2026-05-03
CUST_7feb,Kamolchanok Chomsri,primasrisoontorn@yahoo.com,08-4105-9939,46070 Habpanom Rest Suite 107,Pattapontown,Noppakaoburgh,55318,Central,1987-10-12,Female,Divorced,2021-07-20
CUST_6563,FLG OFF Sitiwat Kamalanon,gbenchapatranon@hotmail.com,08-7555-5772,2223 Pawan Extension,New Tunchanokton,Tungkasethakulbury,76929,Northern,1980-03-20,Other,Married,2022-04-03
CUST_af6e,Chaifah Thantananont,primamethavorakul@gmail.com,09-9416-3766,52657 Krittayanukoon Orchard,East Teetat,New Phenphitcha,33522,Central,2000-03-06,Other,Married,2022-04-22
CUST_15d3,Sorawut Bunlerngsri,kittakunpornchanok@yahoo.com,09-4847-0717,298 Matinawin Loaf,South Darinfort,East Pattamonbury,93524,Central,1996-09-07,Male,Divorced,2024-08-05
CUST_12cd,Pawan Tianvarich,wannapaitoonsripak@yahoo.com,09-5062-3804,80376 Chawin Road,South Suvakitshire,Suvakitbury,74955,Eastern,1990-12-07,Female,Married,2023-03-18
CUST_3942,Chaifah Krittayanukoon,gkitprapa@yahoo.com,09-7901-8030,2415 Bunlerngsri Harbors,Phenphitchastad,Noppakaoborough,93291,Western,1985-01-14,Male,Single,2025-11-25
CUST_6a25,Noppakao Intaum,yanisa47@yahoo.com,08-0193-3367,304 Lertsattayanusak Island Suite 777,Jitrinmouth,South Nutwadeefort,45102,Central,2005-01-25,Female,Married,2023-05-19
CUST_5128,CAPT Chalisa Tianvarich,pornchanok31@yahoo.com,06-8034-4904,3470 Bunlerngsri Stream Apt. 966,Port Supasit,Port Pannawichbury,83286,Northern,1978-12-04,Male,Widowed,2026-02-21
CUST_bc65,Jaruwan Krittayanukoon,xneerachapong@hotmail.com,09-2879-3414,109 Boonpungbaramee Glen,New Prames,North Pakburgh,67160,Central,1998-09-01,Male,Widowed,2024-03-11
CUST_21a8,Chawin Kitprapa,prachayarochchaiwut@hotmail.com,08-0137-4506,5272 Pongpanitch Shoal Apt. 384,Lake Kunaporn,South Ratchanon,83670,Northern,1994-06-25,Other,Divorced,2026-01-04
CUST_d932,Pak Prakalpawong,primaposalee@hotmail.com,06-8874-5969,4743 Posalee Gardens,Tianvarichhaven,North Suwijukmouth,18890,Central,1996-04-14,Male,Widowed,2023-10-24
CUST_cee2,Sorawut Sooksawang,polpojinjuta@hotmail.com,08-0544-0970,467 Pornchanok Dam Suite 804,Lake Nichakarnville,Pikatsingkornchester,12629,Northeast,2006-02-28,Other,Single,2025-11-08
CUST_18f0,Phubes Youprasert,jsukhenai@hotmail.com,08-2536-1615,8703 Nutcha Orchard,Siripaibooborough,West Prima,21293,Central,2002-01-12,Other,Other,2023-04-18
CUST_bc31,Aunyaporn Pikatsingkorn,jitrinchoeychuen@gmail.com,08-3720-3416,005 Thanatcha Harbor,Prachayarochstad,Chanyafurt,90658,Central,2002-10-04,Male,Widowed,2026-04-02
CUST_2d25,Peem Todsapornpitakul,pannawich01@gmail.com,08-2289-3385,2995 Srisoontorn Keys Suite 558,Chayaninside,South Todsawun,76285,Central,1995-07-13,Other,Divorced,2024-02-22
CUST_ae9c,FS 3 Phenphitcha Boonpungbaramee,turongkinanonpattapon@yahoo.com,06-6556-8060,3114 Pannawich Stravenue,Siripaibooville,East Sittikornstad,34099,Northeast,1993-04-26,Female,Divorced,2025-08-15
CUST_ea69,Atit Polpo,noppakaopasuk@gmail.com,06-2042-7244,20302 Pasuk Parks,Lake Chanya,Pichpandechaberg,37879,Northern,1996-01-15,Other,Other,2024-01-27
CUST_6969,Peem Bunlerngsri,ptitipatrayunyong@gmail.com,08-9792-8566,49443 Chaifah Plains,Nutkritamouth,North Sittikornville,44722,Northern,1992-11-02,Female,Married,2022-01-04
CUST_bf12,AM Phenphitcha Benchapatranon,kumsoontornpornchanok@gmail.com,09-8362-6986,2856 Chayanin Common,Jinjutahaven,Padaview,79724,Central,1996-08-04,Other,Divorced,2025-12-15
CUST_708c,Aunyaporn Srisoontorn,tpikatsingkorn@hotmail.com,06-7670-4702,713 Prima Springs,North Kunapornmouth,Methavorakulbury,55157,Central,1997-02-15,Female,Widowed,2025-01-19
CUST_f1e8,Kamolchanok Pianduangsri,jpichpandecha@hotmail.com,09-9058-2069,9302 Pintusorn Springs Suite 135,Anekvorakulville,South Patchaploy,42948,Central,1994-04-17,Female,Single,2021-11-10
CUST_5328,Nutcha Anekvorakul,thanatchakamalanon@gmail.com,06-6540-8257,8895 Chowitunkit Plain Apt. 125,Phubeston,Anekvorakulfort,03943,Eastern,2002-11-26,Other,Other,2024-10-03
CUST_a820,Apisara Pothanun,jitrinlosatapornpipit@yahoo.com,08-8699-1060,794 Pada Garden Suite 971,Kumsoontornfort,Lake Wassaya,80199,Northeast,1997-07-24,Female,Single,2021-07-01
CUST_506a,Nutcha Thantananont,ckamalanon@gmail.com,09-2532-8317,88295 Pasuk Fords,Permchartfurt,North Anon,14697,Northern,1997-04-26,Other,Widowed,2023-06-21
CUST_b810,POL MAJ Jaruwan Tungkasethakul,pornchanok49@yahoo.com,09-5156-0450,19254 Aunyaporn Locks Apt. 738,East Chalisaton,West Kamolchanok,69323,Northern,1990-03-13,Other,Divorced,2024-12-28
CUST_527a,Chaifah Pianduangsri,yada04@gmail.com,06-4637-4627,722 Chawin Springs,Sarunpornmouth,Chayaninbury,59431,Northern,2001-01-03,Other,Divorced,2024-11-04
CUST_4f65,MISS Tunchanok Kumsoontorn,yadasukhenai@hotmail.com,06-1557-4927,77436 Kulnun Mission Apt. 115,Anonbury,South Pakjira,59223,Northern,2004-04-01,Female,Other,2022-07-05
CUST_bc6a,AVM Jitrin Sooksawang,prachayarochpattapon@yahoo.com,09-1613-6819,9900 Kongsri Spurs,New Pattapon,South Kamolchanok,61287,Northeast,2001-11-05,Male,Widowed,2022-07-19
CUST_f06c,Pak Benchapatranon,pothanunkamolchanok@yahoo.com,06-9778-1116,070 Boonpungbaramee Corner Suite 061,Supasitaton,Pongpanitchville,36072,Northern,2007-12-11,Male,Widowed,2023-01-23
CUST_236a,Supasita Prachayaroch,uprachayaroch@yahoo.com,09-6067-5752,61487 Chawin Islands Suite 512,Lake Kamolchanok,Wasinfort,96257,Central,2007-07-08,Female,Single,2024-04-04
CUST_3094,Jitrin Prachayaroch,bpolauaypon@hotmail.com,06-0337-6339,770 Habpanom Mountains,Prayoonhongtown,West Ratchanonchester,96062,Northern,1998-11-16,Male,Widowed,2023-07-10
CUST_533b,Supasita Kitprapa,titipatrayunyongchaifah@hotmail.com,09-0069-7888,67392 Tunchanok Club Suite 113,Jinjutaport,New Sitiwat,94542,Central,2008-05-28,Male,Other,2023-09-04
CUST_74a6,Pada Pianduangsri,phubespitanuwat@gmail.com,09-3921-7213,02886 Sooksawang Corner Apt. 366,Phubesfurt,North Chanikanburgh,19317,Northeast,2004-02-04,Other,Other,2023-11-21
CUST_ef23,Pakjira Phusilarungrueng,kamalanonnutkrita@gmail.com,09-5140-7810,72125 Wassaya Viaduct,New Chaifah,West Apisarabury,99072,Northern,1984-06-21,Male,Widowed,2022-04-28
CUST_80c9,ADM Kodchaporn Pasuk,hkittakun@gmail.com,06-2038-9407,154 Habpanom Dam Apt. 588,Pattatompornshire,Polpobury,09454,Northeast,1986-02-10,Male,Other,2024-02-01
CUST_07da,Nattawun Turongkinanon,sorawutpermchart@gmail.com,06-0693-7297,17156 Phubes Walk,Yanisafurt,South Anonchester,92247,Northern,1994-01-06,Female,Widowed,2023-04-22
CUST_42e1,Kunaporn Bunlerngsri,norramonkodchaporn@hotmail.com,08-1474-6344,299 Sooksawang Valleys Suite 916,Jaruwanfort,Port Chanya,01956,Central,1986-10-22,Female,Single,2022-08-07
CUST_bbc6,M L Thanatcha Bunlupong,methavorakulpitipat@hotmail.com,09-5701-1622,311 Wassaya Mews,Kumsoontornfort,East Kulnun,02744,Northeast,2004-09-21,Male,Single,2024-07-20
CUST_9226,Kamolchanok Srisoontorn,pitipatvinyuvanichkul@yahoo.com,06-5530-2242,99029 Pada Dale,Port Jinjutaville,Sukhenaiberg,19662,Northern,1993-08-02,Other,Single,2024-06-22
CUST_19d6,Chayapat Sujjaboriboon,twimolnot@gmail.com,09-6975-2101,88717 Patchaploy Keys Suite 402,Lake Patchaploy,Polpoland,11344,Northern,1997-12-15,Female,Other,2021-06-16
CUST_b695,Pintusorn Neerachapong,anekvorakulpintusorn@hotmail.com,09-8822-4503,965 Tianvarich Fords,Kongchayasukawutborough,Pitipatton,83226,Western,1997-09-27,Female,Widowed,2022-05-04
CUST_3a6e,Nutcha Youprasert,chaihirankarnpannawich@hotmail.com,06-0204-3474,3977 Darin Underpass,Padaton,East Chanya,31475,Northern,1988-08-08,Female,Divorced,2024-09-11
CUST_1daf,Yada Methavorakul,yanisathantananont@yahoo.com,08-4586-5724,8601 Lertsattayanusak Vista Apt. 677,West Chayaninfurt,Sujjaboriboonhaven,71566,Northeast,1995-06-06,Male,Single,2022-10-27
CUST_47b6,Chanikan Prachayaroch,etrikasemmart@yahoo.com,06-0862-1446,28783 Anon Mountains,Kamalanonshire,Nutwadeeburgh,38812,Northern,2004-09-07,Male,Divorced,2025-07-11
CUST_07b1,Wasin Kitprapa,kulnunpichpandecha@hotmail.com,09-1976-7273,1052 Thanatcha Islands,Sittikornville,New Chayanin,16021,Central,2000-09-11,Female,Married,2022-04-16
CUST_abc8,Niracha Turongkinanon,prachayarochprima@gmail.com,08-8148-1477,00617 Methavorakul Roads Suite 992,Nutkritatown,Noppakaoberg,75945,Northern,1994-11-21,Male,Married,2026-01-07
CUST_40f1,GEN Sitiwat Matinawin,chalisa13@gmail.com,09-7436-8618,97175 Pawan Camp,Sireelertton,South Phubesbury,55778,Central,1983-01-18,Female,Single,2023-09-28
CUST_7ec9,CPO 1 Supasit Sooksawang,kodchaporn55@yahoo.com,09-7148-7981,72497 Posalee Garden Suite 664,Port Nutcha,West Aunyapornburgh,56934,Central,2003-10-07,Other,Other,2023-09-07
CUST_5c44,Pintusorn Wimolnot,wpitanuwat@gmail.com,06-2087-4841,78155 Vinyuvanichkul Dale Apt. 244,Prachayarochmouth,Port Padachester,42730,Central,1990-06-24,Other,Other,2022-07-01
CUST_7f9c,Pawan Bunlerngsri,pitipatwannapaitoonsri@gmail.com,06-0614-7973,321 Nutcha Canyon Suite 478,Pachongrukshire,New Noppakao,89522,Northern,1993-12-03,Female,Married,2023-05-19
CUST_3dad,Pada Sooksawang,supasita79@yahoo.com,08-8513-7992,73936 Kunaporn Parkway Suite 721,Lake Darinshire,Chawinview,28287,Northern,1996-03-18,Female,Single,2024-07-02
CUST_caf6,Puntira Suraprachit,chawinsittisaowapak@yahoo.com,09-4576-8704,833 Pada Summit,Kunapornmouth,South Kodchapornfurt,38637,Western,1996-02-22,Female,Single,2024-10-10
CUST_3634,Pawan Sorattanachai,lhabpanom@gmail.com,09-5705-0071,7901 Benchapatranon Streets,North Niracha,West Suwijuk,46887,Northern,1984-10-12,Female,Other,2025-10-19
CUST_24a7,Sitiwat Chowitunkit,chayaninsittisaowapak@hotmail.com,08-6487-7966,3663 Suraprasert View Apt. 787,Siripaibootown,South Noppakaoburgh,37779,Central,1998-12-28,Female,Other,2021-01-02
CUST_1ec0,FLG OFF Anon Pikatsingkorn,nkamalanon@hotmail.com,08-2102-6142,6042 Pattamon Parkway Apt. 260,Pattaponland,Polposide,58674,Northern,2008-12-21,Other,Widowed,2021-02-03
CUST_b87e,ADM Kamolchanok Srisoontorn,vethayasaskulnun@hotmail.com,06-2685-5743,46832 Kulnun Ridges,West Kunapornberg,Siripaibootown,60118,Northeast,2006-10-28,Male,Married,2022-10-28
CUST_4523,Kamolchanok Bunlupong,prayoonhongphubes@yahoo.com,06-4012-3549,48402 Phusilarungrueng Glen Apt. 399,Pakfort,Polauayponport,31924,Eastern,1993-07-05,Other,Widowed,2024-06-22
CUST_511a,Sitiwat Vethayasas,pada18@hotmail.com,08-0522-8049,2916 Tunradee Crossroad,Port Sittikornbury,Sukhenaifurt,77041,Central,1992-08-16,Other,Other,2023-06-27
CUST_d4c4,Chanikan Habpanom,phusilarungruengniracha@yahoo.com,06-6493-5232,530 Trikasemmart Springs Suite 944,Wasinfort,East Tunradeeport,24738,Northern,1998-06-18,Male,Widowed,2024-09-28
CUST_741d,Supasit Srisoontorn,wtianvarich@yahoo.com,08-6877-9769,0851 Jitrin Pine,Titipatrayunyongport,Bunluponghaven,32270,Central,1988-03-12,Other,Divorced,2026-01-15
CUST_10ca,Sittikorn Losatapornpipit,anonpikatsingkorn@yahoo.com,09-6027-9225,0537 Wasunun Center,South Phubes,New Nutwadee,81307,Eastern,1994-10-13,Female,Married,2023-11-02
CUST_2ba0,Sarunporn Permchart,wassaya43@gmail.com,06-7459-0189,47622 Sujjaboriboon Meadows Apt. 172,Kamalanonberg,Lake Puntira,14336,Northeast,1989-05-12,Other,Divorced,2026-04-08
CUST_0b6a,Aunyaporn Sireelert,suvakitwimolnot@hotmail.com,06-4652-2090,5758 Pitipat Ridges,Port Jitrinport,Lake Puntiraton,17893,Central,1988-05-21,Other,Widowed,2024-01-14
CUST_f6d2,Wassaya Bunlupong,nirachaprayoonhong@yahoo.com,06-1089-3252,838 Neerachapong Lock,North Patchaploymouth,Kittakunburgh,30345,Northern,2008-04-20,Male,Other,2026-05-26
CUST_5e37,Noppakao Chomsri,chayanin92@hotmail.com,06-0523-8848,333 Matinawin Drive,Tungkasethakulberg,North Patcharaporn,28634,Central,1998-01-15,Other,Widowed,2026-05-04
CUST_af02,Pannawich Suraprachit,permchartjitrin@yahoo.com,06-5418-1749,166 Vethayasas Loaf Suite 863,Pachongrukville,West Chanya,61843,Central,2005-10-17,Male,Divorced,2023-03-03
CUST_a8eb,Todsawun Posalee,teetatpothanun@yahoo.com,06-1281-6832,174 Jaruwan Hollow,Prameshaven,North Phenphitcha,55302,Northeast,1996-10-16,Female,Divorced,2026-01-17
CUST_d3b9,Sittikorn Sukhenai,chanikan29@gmail.com,08-3355-0300,4103 Sooksawang Springs,Kongsriville,Primahaven,58111,Northeast,1993-06-25,Female,Widowed,2023-09-13
CUST_a081,Tunradee Vinyuvanichkul,kumsoontornpintusorn@gmail.com,09-3835-1751,7232 Chaifah Rapids,North Padastad,Kittakunstad,74223,Central,1990-09-05,Female,Married,2024-02-13
CUST_710e,Todsawun Sittisaowapak,noppakao99@yahoo.com,08-6858-0833,0228 Pichpandecha Locks,Nutchaton,South Chayapat,13748,Northeast,2005-11-01,Other,Other,2022-05-22
CUST_9ef6,Pattatomporn Vinyuvanichkul,patchaploy36@yahoo.com,09-3177-4428,362 Anekvorakul Islands,South Sitiwatmouth,Peemville,95619,Central,2002-02-26,Female,Married,2025-04-13
CUST_bab9,Sorawut Kittakun,ytungkasethakul@hotmail.com,08-6944-5706,684 Supasit Unions,West Nutwadee,Anonview,34220,Western,2001-03-13,Male,Divorced,2024-04-02
CUST_28c5,Apisara Methavorakul,chawinwannapaitoonsri@yahoo.com,08-7411-2750,827 Patchaploy Mission,Kumsoontorntown,Port Ratchanonchester,95643,Central,1998-04-07,Male,Married,2022-03-08
CUST_d6a2,AMN Pattamon Wimolnot,chaihirankarnpannawich@yahoo.com,09-1189-2047,649 Kongsri Garden,Lake Teetat,Pakjiramouth,95150,Northern,1993-03-10,Female,Widowed,2025-08-08
CUST_04d7,Pannawich Polauaypon,peemboonpungbaramee@gmail.com,06-5205-7744,03534 Jitrin Fields,New Chaiwut,North Anon,53558,Central,1995-11-21,Female,Married,2026-02-13
CUST_478d,Sitiwat Prayoonhong,chaihirankarnpatchaploy@gmail.com,08-1200-0070,41229 Chaifah Branch,Wasununberg,Port Arisara,12950,Eastern,1991-08-15,Other,Married,2025-01-19
CUST_6622,Apisara Sooksawang,patchaployturongkinanon@hotmail.com,08-7823-2469,752 Patcharaporn Isle Suite 869,Sarunpornbury,Chaifahtown,66678,Central,1993-12-18,Male,Married,2022-02-03
CUST_ebf8,Kamolchanok Bunlerngsri,stitipatrayunyong@yahoo.com,08-5091-6503,472 Pattamon Mills,Matinawinshire,Peemberg,48316,Central,1994-08-08,Female,Single,2024-07-07
CUST_4c3d,LT JG Yada Srisoontorn,mthantananont@hotmail.com,08-8107-3763,15567 Chayanin Square Suite 668,Wassayaburgh,South Prima,71739,Central,1994-03-19,Other,Married,2024-06-27
