Customer_ID,Customer_Name,Email,Phone,Address,Distinct,City,Postal,Region,Date_of_Birth,Gender,Status,Created_At
CUST_8cd2,Chaiwut Pasuk,eboonpungbaramee@hotmail.com,09-5000-2929,672 Tunradee Turnpike,Sujjaboriboonchester,Phenphitchaton,36273,Western,2005-11-25,Female,Single,2026-04-08
CUST_9821,Ratchanon Kumsoontorn,yprachayaroch@hotmail.com,09-4441-9805,99451 Pitipat Overpass Apt. 452,Noppakaoside,Kongchayasukawutburgh,42110,Southern,2000-02-19,Other,Divorced,2025-01-05
CUST_8c6a,Nutwadee Polauaypon,pianduangsrijaruwan@hotmail.com,06-5810-8166,357 Turongkinanon Extension,Port Phenphitcha,Benchapatranonshire,59801,Central,2003-03-28,Male,Other,2025-02-04
CUST_2f6a,Pachongruk Siripaiboo,ybunlerngsri@gmail.com,09-4603-3825,136 Boonpungbaramee Lights Suite 410,Phubeschester,New Chalisaside,84318,Central,2004-12-14,Male,Widowed,2026-03-26
CUST_493d,MAJ GEN Pachongruk Youprasert,methavorakulapisara@gmail.com,09-9646-7737,1041 Atit Walk Suite 574,South Prames,South Nutchashire,39862,Central,1999-03-26,Other,Widowed,2025-02-10
CUST_f2f7,Pattapon Kamalanon,noppakaochaisatit@yahoo.com,08-1255-3379,44903 Phubes Hills,Prachayarochland,South Patchaployberg,67515,Northeast,2007-01-09,Male,Married,2025-03-26
CUST_6d55,Peem Matinawin,yada87@hotmail.com,06-9067-7928,276 Kamalanon Prairie,Nirachaton,Krittayanukoonbury,82572,Northern,1994-10-05,Other,Widowed,2026-05-01
CUST_5598,Kodchaporn Trikasemmart,phenphitcha26@yahoo.com,08-8662-4334,257 Nattawun Inlet Suite 281,Polauayponborough,New Pada,46795,Central,1992-05-10,Male,Divorced,2025-11-14
CUST_8274,POL SUB LT Pak Titipatrayunyong,wassayatodsapornpitakul@hotmail.com,06-9670-5916,660 Tungkasethakul Crossroad,Sorattanachaiport,Turongkinanonbury,54149,Central,1990-01-12,Other,Widowed,2025-12-04
CUST_765b,Pitipat Chaihirankarn,prima07@hotmail.com,09-4055-1937,6068 Chawin Junction,Todsawunberg,Choeychuenbury,90679,Central,2002-05-11,Male,Single,2025-11-23
CUST_f3d9,Noppakao Titipatrayunyong,pattaponpikatsingkorn@yahoo.com,09-6238-2677,7425 Lertsattayanusak Fields,West Sitiwat,Lake Pakjira,29217,Central,2001-06-05,Male,Divorced,2025-12-16
CUST_8d48,Yada Matinawin,prachayarochphubes@yahoo.com,09-1646-5104,66272 Parin Island Apt. 734,North Chalisaland,Jitrinville,68333,Eastern,1996-08-27,Male,Married,2026-02-02
CUST_5f72,Kunaporn Methavorakul,padaintaum@hotmail.com,08-9107-8439,8797 Patcharaporn Mountains,Jaruwanside,New Nutkritachester,17898,Northern,1987-10-12,Male,Widowed,2025-01-03
CUST_87fe,Kamolchanok Pongpanitch,fsireelert@hotmail.com,06-4627-3067,8143 Prayoonhong Estates Apt. 476,West Pattamon,East Kodchaporn,88192,Central,1992-03-28,Other,Other,2026-05-04
CUST_4284,Pawan Wannapaitoonsri,ratchanon69@gmail.com,09-1949-9657,63507 Pianduangsri Heights Apt. 101,Pakjirahaven,Lake Prames,02732,Eastern,1988-02-14,Female,Widowed,2025-10-09
CUST_8e3e,Phubes Suraprachit,phubes08@hotmail.com,06-2876-0535,79396 Intaum Garden,Port Noppakaoborough,South Pachongrukstad,13683,Central,1990-11-08,Other,Divorced,2025-04-16
CUST_fb1b,Noppakao Titipatrayunyong,swimolnot@hotmail.com,08-5352-0401,11204 Pintusorn Fields,Pasukburgh,Tungkasethakultown,46629,Western,2001-11-14,Female,Other,2026-03-21
CUST_3305,Chanikan Kumsoontorn,chanya68@hotmail.com,09-8479-9026,938 Chanya Lights Apt. 881,Nutwadeeton,East Chalisa,18003,Northern,1986-08-03,Female,Other,2026-04-13
CUST_2b9c,Pattatomporn Chaihirankarn,charoensuksopolnattawun@yahoo.com,08-9075-0353,96776 Chayapat Key Apt. 733,New Nutkrita,Pianduangsristad,31651,Northern,2007-07-02,Other,Single,2025-12-06
CUST_3cc2,Chaiwut Pothanun,lpolpo@yahoo.com,08-3024-1997,07580 Sukhenai Lodge,West Primafort,Kitprapaton,02860,Northeast,2003-04-28,Other,Married,2025-06-07
CUST_0e04,Pakjira Kongchayasukawut,pawansujjaboriboon@hotmail.com,09-7110-1699,152 Chayanin Lodge Suite 904,Posaleefort,Nirachamouth,87017,Northern,2002-04-14,Other,Divorced,2025-06-25
CUST_b78d,Nutkrita Boonpungbaramee,sorawutpikatsingkorn@yahoo.com,06-8363-3065,344 Chaifah Islands,Choeychuenborough,Kumsoontornbury,42177,Central,2004-07-10,Other,Single,2026-05-17
CUST_8907,Pakjira Habpanom,chalisa07@yahoo.com,09-0894-3181,6829 Choeychuen Gardens,West Wassayatown,Srisoontornmouth,60705,Northeast,2004-01-19,Male,Divorced,2025-03-26
CUST_23ba,Parin Charoensuksopol,losatapornpipitanon@gmail.com,09-9830-5533,18109 Nichakarn Grove,Matinawintown,North Pak,14633,Central,1993-06-09,Other,Divorced,2026-04-20
CUST_9abe,Yada Pianduangsri,jitrinposalee@yahoo.com,09-5404-5028,79027 Kongchayasukawut Point Suite 784,Pianduangsrimouth,Supasitfurt,21116,Central,1996-03-07,Female,Other,2026-03-10
CUST_8834,Supasit Sorattanachai,suwijukpothanun@yahoo.com,08-6257-1033,11681 Apisara Streets Suite 827,Chawinfort,West Tunradee,64640,Central,1996-07-15,Other,Widowed,2025-12-25
CUST_ab2a,Nattawun Chowitunkit,padasukhenai@yahoo.com,08-1712-0545,5779 Wannapaitoonsri Locks,West Sorawut,New Chaifah,03446,Central,1997-05-03,Male,Single,2025-02-20
CUST_5eaf,Nutcha Norramon,norramonjinjuta@yahoo.com,08-1654-2778,09354 Vethayasas Stravenue,South Pannawichburgh,Siripaibooville,91533,Central,1995-12-15,Male,Divorced,2026-01-17
CUST_4a07,Sittikorn Bunlupong,chayapat25@hotmail.com,06-3546-7086,835 Methavorakul Ridges Suite 466,South Thanatchahaven,Lake Anonport,14097,Central,1998-10-04,Other,Other,2025-09-26
CUST_85ec,Nutcha Kamalanon,prayoonhongpattamon@hotmail.com,06-8294-5702,10545 Puntira Field Suite 655,Nattawunbury,Jaruwanside,50765,Central,1995-01-02,Female,Widowed,2026-01-12
CUST_e7fb,Patcharaporn Thantananont,parin61@gmail.com,09-2018-3299,14097 Turongkinanon Inlet,North Nichakarnmouth,New Pattapon,24269,Northern,1994-08-27,Male,Single,2025-04-12
CUST_c501,LT Jinjuta Charoensuksopol,cphusilarungrueng@hotmail.com,08-8962-9594,087 Sooksawang Forks,Phenphitchafort,Kamalanonport,58585,Northeast,1983-04-07,Male,Widowed,2025-11-06
CUST_0a4b,Arisara Kumsoontorn,cbunlerngsri@gmail.com,06-3993-1279,814 Phusilarungrueng Fall,Port Peem,West Nirachaport,32843,Northern,1998-12-08,Other,Single,2025-01-06
CUST_5b5c,Kamolchanok Kongsri,kongchayasukawutkulnun@hotmail.com,08-1215-7164,4867 Siripaiboo Wells Suite 328,East Pawanhaven,South Pramesville,59916,Northeast,1987-01-03,Female,Single,2025-09-23
CUST_fed0,Pawan Matinawin,nutcha35@hotmail.com,06-9536-4200,64682 Prayoonhong Divide,New Todsawun,Port Wassayastad,10991,Northern,1994-12-14,Female,Single,2025-06-29
CUST_4a2c,Chaiwut Chaisatit,pattapon95@hotmail.com,09-7881-4533,615 Kumsoontorn Common Suite 176,East Nutwadee,Port Kulnunberg,62271,Central,1992-02-11,Other,Other,2025-12-11
CUST_1f84,Ratchanon Suraprachit,yanisa84@gmail.com,09-0315-6015,247 Pattamon Terrace Apt. 539,New Sitiwat,Prachayarochton,49331,Central,2007-01-22,Female,Widowed,2025-08-13
CUST_9756,Chayanin Pongpanitch,fpolpo@yahoo.com,08-4387-3582,853 Ratchanon Wall,Port Chayapat,Chalisaland,67793,Western,2000-09-22,Female,Married,2025-04-05
CUST_09c7,Chalisa Sittisaowapak,thantananontanon@yahoo.com,06-8636-7114,5988 Pawan Rest Apt. 051,North Chawin,Youpraserthaven,21644,Central,2003-07-01,Other,Other,2025-05-10
CUST_bd40,ACM Pattapon Prayoonhong,suvakitpothanun@hotmail.com,08-6863-9292,57553 Intaum Corners,Vinyuvanichkulview,Sittisaowapakville,30126,Western,2008-01-23,Other,Widowed,2026-02-06
CUST_4321,Supasit Titipatrayunyong,chayaninpichpandecha@gmail.com,09-3110-2542,729 Phubes Run,Prachayarochview,South Pakhaven,99681,Northern,1992-07-11,Other,Other,2025-10-07
CUST_fc25,Todsawun Sireelert,zpongpanitch@hotmail.com,08-2661-0252,231 Pongpanitch Mall Apt. 527,Kittakunfurt,Nattawunhaven,25823,Central,1998-12-28,Male,Widowed,2025-07-19
CUST_5dfe,Todsawun Pianduangsri,turongkinanonyanisa@hotmail.com,08-3159-0844,5923 Teetat Stream Apt. 614,Kodchapornmouth,Anekvorakulmouth,23755,Northeast,1992-03-10,Male,Married,2025-05-01
CUST_394f,Jitrin Sorattanachai,atit20@yahoo.com,08-5025-6272,54314 Darin Oval Suite 220,Ratchanonmouth,Kittakunborough,19404,Central,2002-10-28,Male,Other,2025-07-09
CUST_764b,Sitiwat Phusilarungrueng,sarunpornprachayaroch@gmail.com,09-1219-0013,068 Sorattanachai Junction,Lertsattayanusakhaven,Port Patchaploy,37579,Central,1990-01-28,Female,Other,2026-05-18
CUST_6e1e,Yada Matinawin,spolpo@yahoo.com,09-4372-4726,509 Pianduangsri Via Apt. 120,Patchaployville,Pakfort,74727,Central,1998-03-10,Other,Divorced,2025-09-29
CUST_6a08,Anon Permchart,prames94@hotmail.com,09-7060-8283,09946 Kamolchanok Brooks Apt. 424,Supasitamouth,North Niracha,70912,Central,1998-07-16,Male,Married,2026-02-23
CUST_1c50,Chanikan Sorattanachai,pichpandechaprames@yahoo.com,09-3458-4451,78456 Pianduangsri Stream,South Pawan,South Patcharaporn,43589,Northeast,2000-06-20,Male,Married,2025-09-22
CUST_193f,Arisara Pasuk,tunchanok81@hotmail.com,08-8010-2489,879 Chaiwut Station Suite 920,South Nichakarntown,Kitprapaville,83607,Southern,1993-12-27,Female,Other,2026-04-16
CUST_03f3,Sitiwat Vinyuvanichkul,turongkinanonpannawich@yahoo.com,08-0566-0869,9553 Prachayaroch Island,Pitanuwatmouth,South Pakside,39171,Northern,2000-10-27,Male,Widowed,2025-03-17
CUST_83bd,Nattawun Habpanom,pramespasuk@gmail.com,06-3247-8053,27991 Prima Street,Lake Suwijuk,Lake Pattamon,45709,Northeast,2006-07-20,Female,Single,2025-02-25
CUST_dbe1,Arisara Kongchayasukawut,pitanuwatsitiwat@gmail.com,08-3514-3800,72409 Nutwadee Street,South Sittikornberg,Port Noppakaoville,28894,Central,2001-01-22,Other,Widowed,2026-04-11
CUST_b588,Patchaploy Suraprachit,lnorramon@yahoo.com,06-1340-6364,43047 Neerachapong Terrace,Losatapornpipitmouth,Port Wassayamouth,32799,Central,1996-05-15,Male,Divorced,2025-10-24
CUST_f1c7,Nichakarn Pichpandecha,wannapaitoonsridarin@yahoo.com,08-7669-0685,832 Sorawut Valleys,West Sarunporn,Kittakuntown,92448,Central,2001-05-12,Male,Widowed,2025-12-08
CUST_51cf,POL MAJ GEN Noppakao Permchart,pakjira71@gmail.com,08-6816-5387,99184 Suwijuk Rapid,North Kodchaporn,East Chanikanport,15104,Western,2008-05-03,Female,Single,2025-06-06
CUST_2c34,Yanisa Pianduangsri,primalosatapornpipit@gmail.com,09-1614-4613,799 Pattatomporn View,West Jitrinside,Pramesville,58863,Central,1992-05-01,Female,Divorced,2025-02-03
CUST_392f,Prima Chowitunkit,youprasertthanatcha@yahoo.com,06-1470-8165,048 Pawan Harbors Suite 208,Tunradeeview,Sooksawangland,89392,Western,2002-01-13,Female,Other,2025-10-20
CUST_c494,Pakjira Charoensuksopol,suwijukcharoensuksopol@gmail.com,09-2449-5913,11326 Phubes Ways Suite 498,South Nattawun,South Chanikan,59305,Northeast,1996-06-09,Male,Married,2025-08-04
CUST_57b8,PLT OFF Prames Chomsri,neerachapongchayanin@yahoo.com,08-6644-0640,0401 Youprasert Meadow,Sujjaboriboonmouth,Pongpanitchside,85122,Central,1991-10-08,Other,Married,2025-12-07
CUST_4e9e,Kunaporn Suraprachit,sittikorn48@hotmail.com,09-8850-9663,03499 Srisoontorn Hill Suite 668,Prakalpawongshire,Suraprasertview,83419,Central,2006-04-17,Female,Married,2025-10-02
CUST_9372,Pachongruk Wasunun,pichpandechaprima@gmail.com,06-0239-4741,821 Wimolnot Circles,Port Jinjutamouth,Pintusornview,01620,Central,1999-12-17,Male,Married,2025-01-30
CUST_9337,MAJ Pintusorn Pothanun,nkrittayanukoon@gmail.com,08-5878-3923,263 Chaiwut Garden Suite 791,Phusilarungruengchester,North Puntira,27218,Southern,1994-08-25,Female,Widowed,2025-01-25
CUST_cb2b,Chalisa Kumsoontorn,ypikatsingkorn@gmail.com,09-3328-8501,911 Todsawun Lakes,Kodchaporntown,Sujjaboriboonstad,74050,Northern,2001-08-07,Female,Married,2026-02-13
CUST_6db9,Supasita Tianvarich,kunaporn87@yahoo.com,08-4224-3951,524 Prima Oval,Lake Sittikornton,New Ratchanon,25019,Northern,1992-12-07,Female,Married,2025-07-13
CUST_f81e,Teetat Pianduangsri,ghabpanom@yahoo.com,09-0027-2457,783 Arisara Junctions,Sooksawangfort,Pakjirabury,69613,Central,1996-07-26,Other,Other,2025-10-12
CUST_b3b3,Kulnun Kongsri,chayapat72@yahoo.com,06-2510-3571,73957 Neerachapong Meadow Apt. 992,Kongchayasukawutville,Polauayponville,24034,Northern,1998-05-10,Male,Single,2025-09-08
CUST_a77a,Pattatomporn Krittayanukoon,wwannapaitoonsri@gmail.com,08-9544-5874,7652 Pitanuwat Road,Chaisatitfurt,South Thanatchaport,07371,Northeast,1994-01-09,Female,Widowed,2026-03-17
CUST_75bf,Pawan Turongkinanon,arisarapichpandecha@hotmail.com,08-5649-1121,97370 Pannawich Viaduct,Nutwadeemouth,Chayaninfort,47839,Northeast,1998-03-16,Male,Married,2026-04-15
CUST_9657,Darin Wasunun,chowitunkitnutwadee@hotmail.com,09-3722-0672,2778 Srisoontorn Vista Suite 993,Tungkasethakulhaven,Norramonburgh,08498,Northeast,1994-04-09,Male,Single,2025-11-30
CUST_9437,Thanatcha Losatapornpipit,chayaninneerachapong@gmail.com,08-9471-2839,170 Nutkrita Rapid Apt. 815,Pitipatborough,Yanisamouth,75944,Central,1977-02-22,Male,Divorced,2026-02-16
CUST_6cb9,Wassaya Kumsoontorn,suvakit72@hotmail.com,06-2198-6366,82431 Pak Corner Apt. 940,Pannawichton,Chaihirankarnhaven,57175,Eastern,2000-06-11,Female,Married,2026-03-29
CUST_e368,Apisara Prachayaroch,pattamon61@hotmail.com,09-2547-9157,32417 Nichakarn Mountains,North Puntirafurt,Neerachapongville,47184,Northern,1988-06-06,Female,Other,2025-11-08
CUST_9905,POL SGT MAJ Pornchanok Sooksawang,sitiwat38@gmail.com,06-7749-4428,2731 Anon Crossing Apt. 108,Kodchapornland,Permchartfort,14081,Southern,2000-02-09,Male,Other,2025-04-11
CUST_0def,FS 3 Jinjuta Matinawin,pada69@hotmail.com,09-9173-6473,4927 Jinjuta Forge Apt. 840,Atitmouth,Kongchayasukawutville,39577,Central,1988-10-23,Female,Married,2025-02-26
CUST_dbf4,Parin Permchart,abunlupong@hotmail.com,08-7020-7014,94755 Pianduangsri Mountains Suite 391,South Pakjira,East Sitiwatborough,78178,Northeast,1996-09-04,Female,Widowed,2025-11-05
CUST_566c,Jitrin Wannapaitoonsri,chayanin09@gmail.com,06-3731-4217,13256 Prayoonhong Radial,North Sitiwattown,Thanatchaborough,86990,Central,1999-05-05,Male,Other,2025-05-06
CUST_007c,Wassaya Sittisaowapak,pitipat37@yahoo.com,06-7017-6982,315 Kulnun Inlet,Darinshire,Posaleeview,59535,Northeast,1990-11-09,Male,Widowed,2025-05-14
CUST_0878,Jitrin Prakalpawong,kamolchanoksooksawang@hotmail.com,06-3869-2225,9062 Pachongruk Stravenue,Vinyuvanichkulbury,Bunlerngsribury,07480,Northeast,1988-04-26,Other,Single,2026-01-12
CUST_80ca,Yada Pothanun,anekvorakulthanatcha@gmail.com,08-0037-0695,93486 Phenphitcha Stream Suite 302,Jitrinland,Norramonbury,76251,Southern,2006-05-08,Other,Other,2025-11-10
CUST_6216,Chayanin Pothanun,tunchanoksujjaboriboon@hotmail.com,09-7131-8831,505 Kunaporn Point,West Chaifahchester,Port Todsawunbury,83754,Southern,1992-12-26,Female,Married,2025-11-19
CUST_8755,Kunaporn Kongchayasukawut,atitvinyuvanichkul@gmail.com,08-8563-3682,4114 Methavorakul Club Apt. 117,East Nutwadee,North Darin,86072,Northeast,2001-09-06,Female,Married,2026-04-20
CUST_e3b4,Wassaya Posalee,sarunporn45@hotmail.com,09-4231-7936,847 Sukhenai Courts,South Padaburgh,Choeychuenshire,55199,Central,1986-04-07,Male,Divorced,2025-10-26
CUST_39b5,Parin Bunlupong,tunradee43@yahoo.com,09-2876-6885,6430 Nattawun Stravenue,Apisaratown,East Jaruwanshire,43185,Central,2002-04-26,Male,Widowed,2025-11-22
CUST_cac7,Kodchaporn Pitanuwat,methavorakulwassaya@yahoo.com,06-2772-1716,833 Methavorakul Plains Apt. 877,Lake Parin,Pachongrukside,92860,Northern,1994-10-23,Other,Divorced,2026-04-28
CUST_aa05,Sorawut Bunlupong,prakalpawongratchanon@hotmail.com,09-6330-7582,4621 Phusilarungrueng Extensions,Pichpandechachester,New Chaiwutton,09076,Western,1988-06-25,Other,Widowed,2025-10-27
CUST_9899,Parin Wimolnot,vinyuvanichkulpeem@gmail.com,06-8073-2079,596 Supasit Mall Suite 986,Port Supasitview,Parinland,31024,Northeast,2004-06-02,Female,Widowed,2025-04-09
CUST_3b48,Atit Posalee,phubeshabpanom@yahoo.com,09-7400-8023,1832 Methavorakul Brooks Apt. 258,Lake Phubes,Teetatview,31472,Northern,2000-02-01,Female,Single,2025-08-07
CUST_c902,Prima Matinawin,charoensuksopoltodsawun@hotmail.com,06-2927-8603,77869 Teetat Mill,Port Wassaya,West Parintown,12784,Eastern,1980-04-22,Female,Other,2025-08-16
CUST_30dc,Pawan Kitprapa,suvakitanekvorakul@hotmail.com,08-0293-0923,9640 Permchart Common,Benchapatranonside,Pianduangsriport,46169,Northern,2000-09-21,Other,Divorced,2025-08-17
CUST_36e7,Suvakit Youprasert,htungkasethakul@hotmail.com,09-5510-6945,4688 Atit Flat,North Thanatchaside,Aunyapornland,07857,Eastern,1994-12-12,Female,Divorced,2025-04-21
CUST_e4e4,Parin Intaum,sarunporn93@gmail.com,09-2676-2196,4761 Thanatcha Brooks,Losatapornpipitchester,West Suwijukstad,64244,Eastern,1992-07-21,Male,Single,2025-03-28
CUST_8506,Arisara Bunlupong,kamalanonarisara@gmail.com,06-3999-3906,7570 Yada Ford Apt. 834,Methavorakulview,Sukhenaichester,74464,Northeast,1988-03-01,Female,Widowed,2025-04-06
CUST_626a,Puntira Phusilarungrueng,pornchanoksireelert@gmail.com,06-3152-7091,25701 Anon Views Suite 489,Polauayponville,Wassayahaven,62923,Central,1998-04-18,Other,Other,2026-04-19
CUST_480e,Prames Choeychuen,hpongpanitch@gmail.com,06-0244-8832,721 Nutkrita Junction,Intaummouth,Port Chanya,83692,Northern,2002-07-07,Male,Divorced,2025-08-26
CUST_339f,Chaiwut Titipatrayunyong,pakjira60@hotmail.com,06-7578-9956,7559 Atit Ferry Suite 901,New Chaifahport,West Prames,98297,Northeast,2008-04-17,Male,Widowed,2026-04-28
CUST_c5fe,Niracha Choeychuen,gyouprasert@hotmail.com,09-3561-1119,36161 Niracha Key Apt. 917,Tianvarichbury,Neerachapongbury,46935,Central,1987-05-23,Other,Other,2025-05-23
CUST_c6ad,Puntira Kongsri,nutkritasooksawang@hotmail.com,06-3779-0534,099 Todsapornpitakul Lodge,Jinjutahaven,Sitiwatmouth,15555,Northeast,1983-01-03,Female,Single,2025-11-28
CUST_6776,Jinjuta Methavorakul,lertsattayanusaktunradee@hotmail.com,06-9477-0468,6320 Pitanuwat Station,Kamalanonburgh,South Pakport,26413,Northern,1994-01-10,Male,Married,2025-02-16
CUST_4996,Puntira Pikatsingkorn,chayapat33@gmail.com,06-8272-3044,971 Methavorakul Springs,South Phubes,Port Kunapornside,26575,Northeast,1989-03-15,Male,Other,2025-09-04
CUST_a328,Nattawun Pikatsingkorn,kulnun08@hotmail.com,06-7815-7846,2423 Kulnun Route Apt. 235,Kumsoontornchester,South Padastad,40990,Central,2000-12-03,Male,Other,2025-12-14
CUST_5176,Pattapon Tianvarich,sarunpornmatinawin@yahoo.com,06-6043-8605,585 Chaifah Lodge Suite 423,Thantananonttown,Prachayarochchester,44429,Northeast,2008-06-11,Male,Widowed,2025-05-05
CUST_7090,Kodchaporn Pitanuwat,suraprachitsupasita@gmail.com,09-0752-9796,285 Jaruwan Pike Suite 706,Anekvorakulton,Supasitbury,13205,Eastern,2008-08-19,Other,Other,2025-06-19
CUST_733f,S M 2 Pachongruk Thantananont,pannawich07@hotmail.com,06-9930-0324,2152 Atit Lock,Pothanuntown,New Sitiwat,22453,Northeast,1991-10-08,Male,Other,2026-05-08
CUST_31d8,Nattawun Habpanom,jitrinkongsri@gmail.com,08-4720-0278,252 Posalee Islands Apt. 447,Port Nutwadeebury,South Apisara,26641,Northeast,1997-10-28,Male,Married,2025-12-31
CUST_d60e,Yanisa Wannapaitoonsri,chomsrisorawut@hotmail.com,09-3604-9858,982 Pothanun Fort Apt. 301,New Jitrin,Parintown,27315,Northern,1997-03-08,Other,Divorced,2025-06-26
CUST_f1f2,Chanya Pitanuwat,boonpungbarameejinjuta@gmail.com,09-0821-0301,541 Benchapatranon Shoals,Nichakarnchester,Phenphitchastad,12089,Western,1994-04-06,Male,Married,2025-08-11
CUST_22af,Kunaporn Sukhenai,sorawut76@hotmail.com,06-6262-6122,947 Chanikan Crossroad Apt. 306,Pornchanokhaven,Pattatompornton,42877,Central,1990-08-11,Female,Single,2026-04-15
CUST_147d,FLT LT Chaifah Habpanom,rsooksawang@hotmail.com,08-0527-5288,7758 Losatapornpipit Junction Suite 567,New Yada,West Sorawut,31322,Central,1989-04-11,Male,Single,2025-09-21
CUST_fccc,Chanya Thantananont,mtodsapornpitakul@hotmail.com,09-9018-8359,45393 Matinawin Drive Apt. 922,North Tunchanokmouth,Teetatchester,14383,Central,2008-11-15,Other,Widowed,2025-04-29
CUST_8363,CPO 3 Pachongruk Kongchayasukawut,primasorattanachai@hotmail.com,06-5517-7007,79100 Supasita Knoll Apt. 509,Pintusornview,Sujjaboriboonfurt,88784,Southern,1990-01-15,Other,Married,2025-09-13
CUST_7a03,Phubes Anekvorakul,yadakamalanon@gmail.com,06-9427-3102,200 Pitanuwat Wells Apt. 113,Pramesfurt,Nutwadeeside,71181,Eastern,2002-11-10,Male,Divorced,2025-12-12
CUST_fb9c,Nutwadee Anekvorakul,nirachabenchapatranon@hotmail.com,06-5800-8205,6024 Permchart Unions,Anekvorakulfort,Lake Apisara,40619,Northern,1993-05-11,Female,Widowed,2025-11-03
CUST_7383,Tunchanok Krittayanukoon,peem63@hotmail.com,06-2207-2489,150 Pichpandecha Trace Suite 804,Port Chayanin,Port Chalisafurt,10877,Northeast,1995-05-03,Male,Other,2025-01-15
CUST_414a,Prames Suraprasert,sooksawangdarin@yahoo.com,08-4727-1985,2646 Kongchayasukawut Skyway,East Sittikorn,Wassayaborough,51168,Northern,1997-01-16,Other,Divorced,2025-02-24
CUST_d406,R ADM Kodchaporn Srisoontorn,sooksawangpannawich@gmail.com,06-3277-7708,90148 Pak Drive Apt. 578,Port Pattatomporn,West Tunchanokside,33149,Northeast,1999-02-16,Other,Widowed,2025-02-04
CUST_b262,Peem Kongsri,puntira28@gmail.com,09-7114-7046,836 Sukhenai Tunnel Suite 784,Phenphitchatown,Kongsrishire,25165,Central,1995-01-01,Other,Divorced,2026-05-10
CUST_1fe2,Peem Pothanun,turongkinanonwassaya@gmail.com,06-0863-6075,1119 Wasunun Tunnel,Suwijukstad,East Nichakarn,79435,Northern,1992-09-07,Female,Married,2026-04-29
CUST_7204,POL L/C Chaiwut Kongchayasukawut,pkitprapa@yahoo.com,06-7959-1583,8214 Anon Tunnel,Youprasertbury,North Sorawutton,37762,Central,1995-08-03,Female,Single,2025-07-12
CUST_4d12,Wasin Losatapornpipit,pbenchapatranon@yahoo.com,09-0769-8244,8650 Jaruwan Green Apt. 727,Lake Chanikan,Titipatrayunyongfort,59332,Central,2002-07-27,Male,Single,2025-07-10
CUST_02e4,Sitiwat Bunlupong,jitrin33@gmail.com,06-0409-0028,1925 Charoensuksopol Avenue Suite 511,South Chanikanton,Jaruwanhaven,27759,Central,2004-12-15,Female,Widowed,2025-07-02
CUST_db0d,Chaifah Suraprachit,psuraprasert@yahoo.com,09-2988-5305,61163 Sorattanachai Loaf,North Yanisaland,South Pakjira,93915,Northern,2000-08-11,Female,Married,2025-04-19
CUST_a35f,Ratchanon Prachayaroch,nichakarncharoensuksopol@hotmail.com,09-7457-8585,070 Prayoonhong Drive,New Kunaporn,West Pawanbury,59692,Northeast,2003-06-23,Female,Single,2025-01-27
CUST_6a03,Chayapat Sujjaboriboon,wasintianvarich@gmail.com,09-4393-0924,33982 Sooksawang River,Puntiramouth,Darinport,80085,Northern,1995-07-25,Other,Other,2025-10-14
CUST_fdd0,Pornchanok Wimolnot,prayoonhongchayapat@gmail.com,08-7680-2060,76607 Vethayasas Point,West Pattaponfurt,Port Yanisa,69732,Northern,1994-01-14,Male,Divorced,2025-03-10
CUST_9451,Pattapon Choeychuen,ikamalanon@hotmail.com,09-4560-0499,68018 Suraprasert Lodge Suite 242,Pitipatville,Polpoville,03937,Northern,1997-06-16,Male,Married,2025-09-27
CUST_5a22,Pattapon Bunlupong,neerachapongnutwadee@hotmail.com,08-7542-5544,298 Kongsri Plain Apt. 090,East Chanyamouth,Port Chalisaview,31047,Central,1989-11-19,Male,Married,2025-05-09
CUST_0d40,POL CAPT Chaifah Wannapaitoonsri,rprayoonhong@gmail.com,08-4582-3311,0975 Nutcha Square,South Nichakarnmouth,New Noppakaoburgh,15559,Central,1991-07-28,Male,Married,2026-03-07
CUST_99ff,PHRA ATHIKAN Pattatomporn Turongkinanon,patchaploy53@yahoo.com,08-0433-6695,1985 Wannapaitoonsri Islands,Kitprapamouth,East Jitrintown,69088,Eastern,1995-06-28,Other,Single,2025-12-27
CUST_1ee2,Suvakit Neerachapong,pattapon72@gmail.com,08-0875-4534,023 Wassaya Junctions Apt. 181,Lake Patchaploy,Pianduangsrishire,35358,Central,2008-05-28,Female,Married,2025-02-11
CUST_e16c,Aunyaporn Phusilarungrueng,vethayasaspattapon@hotmail.com,09-5466-1864,459 Suraprachit Island Apt. 681,Jaruwanberg,Chayaninbury,25623,Eastern,1998-02-27,Male,Other,2025-05-25
CUST_0396,Teetat Charoensuksopol,kamolchanok25@yahoo.com,08-7412-6046,1485 Intaum Mission Suite 083,Anonfurt,Patcharapornview,71098,Central,1993-11-14,Male,Other,2026-03-06
CUST_bb99,Thanatcha Suraprasert,sorattanachainoppakao@hotmail.com,06-6367-3255,64436 Benchapatranon Trail,Prachayarochton,Yanisastad,18953,Western,1997-01-12,Male,Other,2025-05-06
CUST_6325,Tunradee Sooksawang,ichowitunkit@hotmail.com,06-4124-9382,72025 Posalee Green,Prachayarochfort,Sooksawanghaven,74190,Northeast,2000-02-10,Female,Divorced,2026-04-21
CUST_04ff,SAMANERA Patchaploy Thantananont,puntira01@gmail.com,06-8547-7453,76004 Prima Station,North Yada,North Pannawich,70643,Central,1990-04-24,Male,Single,2026-04-15
CUST_5763,Nutkrita Intaum,opermchart@gmail.com,08-8896-5835,53746 Pannawich Lake Apt. 966,Posaleeport,Port Chanya,45710,Northern,2001-06-12,Male,Married,2026-05-09
CUST_132e,Pak Pichpandecha,tunradeebunlupong@hotmail.com,09-3733-2220,8656 Sooksawang Expressway Suite 817,West Chalisa,East Aunyapornberg,99443,Northern,1998-11-18,Other,Single,2025-11-02
CUST_0684,Tunchanok Habpanom,nutwadee69@gmail.com,06-2449-5277,3875 Niracha Stream Suite 349,Posaleeborough,Methavorakulton,15166,Eastern,1992-09-09,Male,Widowed,2025-12-14
CUST_4dd1,Apisara Vinyuvanichkul,suraprasertchaiwut@gmail.com,09-8220-1011,99534 Tunchanok Ports Suite 359,Charoensuksopolview,Pianduangsriberg,64617,Northern,1996-01-07,Other,Single,2025-09-17
CUST_d56e,Pada Suraprasert,pannawich69@gmail.com,06-0793-2057,062 Patcharaporn Falls,Intaumside,East Thanatchaberg,62398,Central,2006-09-13,Female,Single,2025-12-21
CUST_6b94,FLT LT Nutkrita Chaihirankarn,anekvorakulparin@hotmail.com,08-7740-6000,63452 Boonpungbaramee Shoals Suite 688,Methavorakulton,Chanikanhaven,28168,Central,1991-01-13,Male,Divorced,2025-01-09
CUST_ab3c,LT JG Nutkrita Polpo,peemmethavorakul@yahoo.com,09-4962-7188,54973 Anon Cove Suite 200,Chalisamouth,Port Nattawun,32220,Northern,1999-01-05,Female,Other,2026-01-30
CUST_051b,POL LT COL Kamolchanok Prachayaroch,chaifah82@yahoo.com,06-8643-7358,7207 Wasin Haven Suite 309,Phusilarungruenghaven,West Chawinmouth,34560,Central,2001-10-02,Female,Married,2025-12-05
CUST_17cc,LT Patchaploy Sujjaboriboon,chanyaintaum@hotmail.com,08-7517-8073,78551 Norramon Plaza Apt. 852,Port Phubes,Phubesberg,70294,Northern,1997-05-14,Female,Single,2026-01-16
CUST_900d,Supasit Bunlerngsri,pongpanitchpawan@hotmail.com,08-4511-1464,8282 Chowitunkit Harbor,Suraprachitchester,Port Chayapatton,73547,Northern,2005-07-06,Other,Married,2026-02-09
CUST_7bbe,Anon Permchart,todsapornpitakulkamolchanok@gmail.com,06-9812-9724,85984 Chaihirankarn Curve,West Parin,Port Primamouth,72601,Eastern,2005-03-20,Female,Married,2025-02-24
CUST_fefa,Chayanin Chowitunkit,ewasunun@gmail.com,09-1373-3626,87638 Chowitunkit Lake Suite 787,Pattatompornchester,Todsapornpitakulside,22995,Northeast,2003-06-23,Male,Widowed,2025-02-11
CUST_9648,Aunyaporn Pasuk,kboonpungbaramee@yahoo.com,08-8845-8979,11806 Vinyuvanichkul Pine Suite 300,South Nattawun,New Pannawichside,50139,Southern,1991-04-03,Male,Single,2025-01-06
CUST_9ad7,Tunchanok Sittisaowapak,pakjirasireelert@gmail.com,09-1419-9239,10778 Peem Club,East Anonchester,Port Chalisaberg,72689,Northern,1996-03-24,Female,Widowed,2026-04-10
CUST_08c8,Chayanin Pichpandecha,wimolnotsittikorn@yahoo.com,06-9478-0577,0273 Lertsattayanusak Mission,Pongpanitchborough,Polpomouth,89289,Central,1992-03-11,Other,Other,2025-07-28
CUST_00ed,Pannawich Norramon,boonpungbarameenutcha@gmail.com,09-8439-9915,7191 Peem Way Suite 165,Port Jitrinhaven,Sorawutshire,97245,Western,2001-10-19,Other,Married,2026-05-01
CUST_a4ce,Pattatomporn Kamalanon,bnorramon@hotmail.com,09-9342-4396,563 Habpanom Street Suite 265,Chomsritown,Chalisaview,95954,Central,2001-10-25,Female,Other,2025-05-23
CUST_933c,Patcharaporn Sujjaboriboon,phenphitcha63@gmail.com,08-4612-2600,49146 Habpanom Vista Apt. 347,New Nutcha,South Sorawutbury,50166,Northern,2006-09-21,Male,Divorced,2025-08-23
CUST_bf07,Jinjuta Kamalanon,pachongrukprayoonhong@yahoo.com,06-9074-6733,17847 Ratchanon Point,Permchartshire,East Kulnun,84636,Northeast,1997-03-01,Other,Divorced,2025-04-11
CUST_61f8,ACM Sarunporn Pianduangsri,sarunpornlosatapornpipit@yahoo.com,08-1519-1281,9086 Chayapat Ford,Atitborough,North Sarunporn,26833,Central,2000-06-26,Other,Other,2026-01-31
CUST_2368,Wasin Methavorakul,pitanuwatchaifah@yahoo.com,08-0452-1459,9864 Chomsri Rapids Suite 989,South Chalisaton,Bunlupongfort,66592,Northeast,2007-11-14,Male,Widowed,2026-02-24
CUST_8d53,Nattawun Tungkasethakul,aunyaporn84@gmail.com,06-5040-5792,548 Matinawin Club Suite 506,New Jaruwan,West Yadamouth,34204,Central,1994-01-17,Female,Married,2025-05-17
CUST_f844,Nichakarn Suraprasert,parin20@hotmail.com,08-9174-3157,97337 Pak Lane Suite 852,Tianvarichview,Neerachaponghaven,25261,Northern,1995-06-22,Other,Single,2026-02-15
CUST_7df2,Chaiwut Habpanom,ratchanonsuraprachit@hotmail.com,09-1142-7960,39024 Suraprachit Coves,Kodchapornland,New Pachongruk,66063,Northern,1999-08-27,Female,Other,2026-04-24
CUST_3427,Chaifah Pongpanitch,pakvethayasas@hotmail.com,08-3386-9987,4150 Sittikorn Mall,Lake Pattamonview,Arisaraview,04297,Northern,1999-08-26,Male,Other,2025-02-19
CUST_69ac,Nutcha Habpanom,sarunporn48@yahoo.com,09-6473-0479,416 Pothanun Cliff Suite 297,Lake Sorawutfurt,North Nutkrita,46127,Northern,1994-11-27,Other,Single,2026-02-11
CUST_6476,Ratchanon Sukhenai,prakalpawongpattamon@gmail.com,06-9655-2269,3756 Kongchayasukawut Dale Suite 413,Tungkasethakulshire,South Nattawunfort,26667,Northeast,1994-08-12,Other,Single,2026-01-12
CUST_57ee,Phubes Tianvarich,tunradee20@yahoo.com,08-7561-4692,18806 Pasuk Curve Suite 752,East Kunaporn,Kumsoontornland,77858,Northern,2002-09-27,Female,Single,2025-04-26
CUST_d0f5,Puntira Thantananont,phusilarungruengpitipat@yahoo.com,09-8109-5514,65570 Sitiwat Expressway,West Noppakaoberg,West Jaruwanfort,81008,Central,1991-02-08,Other,Divorced,2025-06-18
CUST_77af,Aunyaporn Chaisatit,tungkasethakulpatchaploy@yahoo.com,06-6304-3767,81219 Nattawun Flat Suite 336,Nattawunfurt,Permcharttown,84471,Central,1996-06-18,Female,Married,2025-01-29
CUST_b6b6,Chaifah Sorattanachai,phusilarungruengnichakarn@yahoo.com,08-7008-4901,327 Atit Forest,Port Pitipat,Chawinside,19893,Northeast,1988-12-14,Female,Divorced,2026-01-28
CUST_0a1b,FS 3 Chawin Pothanun,ratchanon34@yahoo.com,09-4657-9712,2747 Pornchanok Divide Suite 965,West Pachongrukberg,Phenphitchamouth,38170,Central,1994-06-12,Other,Divorced,2025-06-21
CUST_fe46,Chaifah Choeychuen,phenphitchamethavorakul@hotmail.com,09-5909-5266,60399 Wassaya Vista Apt. 662,Pachongrukhaven,Siripaibooburgh,01143,Eastern,2003-01-15,Other,Other,2026-02-13
CUST_1921,Peem Kitprapa,aturongkinanon@gmail.com,09-4405-4110,956 Pintusorn Curve Apt. 843,Chayaninberg,South Pachongrukstad,03290,Northern,1994-07-28,Other,Divorced,2025-06-27
CUST_26c9,Aunyaporn Methavorakul,aunyapornwasunun@yahoo.com,09-6386-8468,19553 Chomsri Rest,Yadaborough,Port Pawanberg,17724,Central,1988-11-04,Male,Other,2026-03-31
CUST_7c39,Kamolchanok Bunlupong,pattamonchaisatit@yahoo.com,06-0415-2008,8226 Pada Parkways Suite 671,Lake Tunradeeland,New Chawin,61354,Eastern,1998-08-10,Male,Other,2025-05-21
CUST_9708,Prima Chaisatit,sooksawangtodsawun@hotmail.com,09-3951-0990,410 Niracha Turnpike,North Jitrinside,Tunradeemouth,38529,Central,1998-03-23,Male,Divorced,2025-09-13
CUST_13c0,Supasit Sireelert,pitipatwimolnot@gmail.com,06-6118-6410,82651 Phubes Extension,Port Chaiwut,Lake Suvakitport,59493,Central,1989-06-10,Male,Divorced,2026-04-22
CUST_38f4,Phubes Prayoonhong,jitrin57@yahoo.com,09-6993-2256,70866 Apisara Corners,South Teetat,New Parinfurt,84497,Northern,1986-06-13,Other,Divorced,2025-12-13
CUST_fd2f,Phenphitcha Methavorakul,pikatsingkornchayanin@gmail.com,08-0134-1813,0747 Neerachapong Underpass Apt. 701,West Pawanport,New Kunaporn,81453,Central,1970-03-08,Female,Other,2025-09-24
CUST_ea52,Suwijuk Srisoontorn,wannapaitoonsriratchanon@yahoo.com,06-5622-5185,22055 Jitrin Plaza,Boonpungbarameeton,Vethayasasstad,67995,Eastern,2003-12-11,Female,Married,2026-05-04
CUST_df95,Darin Neerachapong,sitiwat35@gmail.com,09-9454-1724,79311 Tungkasethakul Shores Apt. 854,Wassayaborough,East Patchaployburgh,12420,Southern,1991-10-22,Female,Divorced,2026-03-18
CUST_6ae6,Patchaploy Anekvorakul,pitipatchomsri@hotmail.com,08-7821-7098,753 Chalisa Extensions Apt. 359,South Nattawun,Ratchanonberg,78110,Northern,1993-03-23,Other,Single,2025-06-02
CUST_cc23,POL LT GEN Sorawut Chowitunkit,chaihirankarnpakjira@gmail.com,09-6183-1959,7396 Thantananont Run Apt. 621,Titipatrayunyongtown,New Nattawun,22850,Northern,1998-11-20,Male,Other,2025-09-09
CUST_12f8,Prima Chaihirankarn,kittakunaunyaporn@hotmail.com,06-6937-6756,79803 Krittayanukoon Tunnel Suite 799,East Noppakao,Sorawutberg,09907,Northern,1996-12-15,Male,Widowed,2026-02-10
CUST_738b,Pakjira Todsapornpitakul,thanatchaanekvorakul@yahoo.com,08-6597-4751,982 Pattapon Falls,East Pada,North Nattawunton,65328,Northeast,1997-02-17,Other,Widowed,2026-03-20
CUST_f715,Atit Kamalanon,jpongpanitch@yahoo.com,09-3521-7533,484 Wassaya Groves,New Todsawunland,West Pakfort,19658,Central,1992-07-13,Male,Single,2025-04-16
CUST_1416,Sitiwat Sorattanachai,sprachayaroch@gmail.com,09-7540-8406,479 Kulnun Garden,Pawanland,Lake Padastad,00788,Northern,1997-11-26,Other,Other,2025-01-15
CUST_5e64,Wassaya Chomsri,arisara85@yahoo.com,09-3772-5061,25572 Tunradee Shore Apt. 976,Darinchester,Port Supasita,83482,Northeast,1988-09-19,Female,Widowed,2025-12-08
CUST_a6c7,AVM Thanatcha Krittayanukoon,chanya31@yahoo.com,09-2634-7189,1293 Pianduangsri Meadows Suite 986,Lake Yada,Port Chayaninfort,40664,Northeast,2005-05-07,Male,Other,2025-01-23
CUST_8a7c,Darin Intaum,polpoprames@gmail.com,06-0714-5062,87206 Kunaporn Club Suite 468,Pianduangsrihaven,South Chanikanland,95007,Central,1990-11-19,Other,Divorced,2025-03-19
CUST_1aeb,Wasin Polauaypon,tunchanokturongkinanon@yahoo.com,08-9160-7103,2945 Pornchanok Fall Apt. 910,East Chaiwutland,Lake Primahaven,01901,Central,2000-10-14,Male,Widowed,2025-10-19
CUST_6cd2,Prames Vinyuvanichkul,patchaploy15@gmail.com,08-2710-4364,9598 Pak Brooks,Ratchanonville,Sorattanachaiborough,61971,Central,1976-10-22,Other,Single,2026-03-31
CUST_3006,Suvakit Suraprachit,npermchart@hotmail.com,06-9390-9355,5287 Matinawin Spring,New Puntira,New Sorawut,69308,Northern,1986-10-09,Other,Other,2025-05-30
CUST_5feb,Chanya Youprasert,pada33@gmail.com,06-6265-0610,6530 Nattawun Street,New Pawanview,Wassayatown,03564,Southern,1993-04-23,Other,Other,2026-04-05
CUST_3675,Yanisa Choeychuen,sorawut06@hotmail.com,06-1118-2990,2044 Kodchaporn Club Suite 453,Jitrinhaven,Benchapatranonbury,81170,Northern,1997-03-16,Other,Other,2025-01-30
CUST_7bbb,PO 1 Pada Suraprachit,kongchayasukawutsorawut@hotmail.com,06-2897-7077,51819 Sittisaowapak Curve,East Wassaya,Nirachaport,71568,Central,2000-12-21,Other,Divorced,2025-09-19
CUST_81d8,Chawin Choeychuen,patcharaporn84@hotmail.com,08-0220-7123,16986 Sittikorn Mount Apt. 321,Polpoton,North Pattamonport,32699,Northern,2005-10-01,Female,Single,2025-05-10
CUST_17d7,Phubes Sireelert,vinyuvanichkulnutwadee@hotmail.com,06-5551-9440,1879 Bunlerngsri Valleys Suite 179,Pintusorntown,Sitiwatport,70869,Northeast,1986-05-12,Female,Widowed,2025-08-17
CUST_c343,Tunchanok Phusilarungrueng,bsiripaiboo@gmail.com,08-0847-9367,8751 Pada Bypass Suite 919,Peemfurt,North Chanyafort,80202,Central,1996-04-04,Male,Other,2026-05-23
CUST_1732,Pitipat Kamalanon,hsuraprachit@yahoo.com,06-2252-9421,938 Chomsri Ford,Pasukmouth,Lake Pachongrukland,73222,Central,2003-11-21,Male,Single,2025-08-24
CUST_5fc5,Wasin Thantananont,aunyaporn33@hotmail.com,09-6045-5826,511 Bunlupong Glens,Nirachaville,Polauayponberg,76334,Central,1988-05-14,Other,Widowed,2025-09-01
CUST_a807,Chayapat Kongchayasukawut,polauayponsupasit@hotmail.com,09-4968-6892,4052 Prima Cape Suite 757,Suraprasertborough,Port Chawinhaven,13076,Northeast,2004-05-08,Female,Married,2026-01-31
CUST_6da2,Sittikorn Kamalanon,neerachapongpachongruk@hotmail.com,06-9463-6793,32758 Chowitunkit Flat,Phenphitchabury,Wassayaton,51812,Northern,1992-09-18,Other,Single,2026-02-18
CUST_9356,Nattawun Chomsri,zpothanun@yahoo.com,09-7227-1274,459 Bunlerngsri Way,South Sitiwat,Tianvarichtown,70310,Central,1996-12-04,Female,Widowed,2025-04-29
CUST_a0a7,POL GEN Arisara Choeychuen,tungkasethakultunchanok@hotmail.com,09-5145-3914,7233 Permchart Terrace,East Pawanfurt,South Suwijukshire,26479,Southern,2003-12-28,Other,Widowed,2026-02-05
CUST_6bd5,GEN Supasit Norramon,krittayanukoonpada@gmail.com,08-9267-1005,332 Patchaploy Lake,North Parinland,East Padashire,47475,Northern,1991-10-12,Male,Married,2025-06-24
CUST_999b,Nichakarn Wannapaitoonsri,mchaisatit@hotmail.com,08-5565-3865,073 Patchaploy Shores Suite 785,Srisoontornshire,Puntiraberg,09828,Northern,1999-01-02,Female,Single,2025-08-22
CUST_1653,Yada Polauaypon,chomsriapisara@hotmail.com,08-9401-0046,56270 Sorattanachai Plains Apt. 159,South Pannawichstad,Lake Supasita,34776,Central,1988-03-22,Female,Divorced,2025-12-01
CUST_e7e5,Nutcha Chomsri,wassayavinyuvanichkul@yahoo.com,06-1329-3129,507 Sittikorn Island,New Wasinside,Chowitunkitborough,19561,Northern,1997-09-09,Female,Single,2025-06-01
CUST_90a2,Pitipat Anekvorakul,xthantananont@gmail.com,09-7557-4063,483 Kamalanon Course,Nutwadeefort,South Kunaporn,14398,Eastern,2002-02-12,Other,Divorced,2025-10-13
CUST_44c3,Thanatcha Sireelert,phubesbunlerngsri@hotmail.com,08-8651-0203,7702 Jaruwan Manors,Phenphitchahaven,North Pachongrukville,69083,Northern,2001-05-02,Other,Divorced,2025-10-16
CUST_449a,Parin Pothanun,mkittakun@yahoo.com,06-4278-4013,958 Chaiwut Grove,Sittikornchester,Anekvorakulmouth,59846,Central,2001-09-24,Other,Other,2025-12-28
CUST_5922,POL SUB LT Patcharaporn Pianduangsri,ctrikasemmart@yahoo.com,06-8133-8381,1652 Nutcha Bridge Suite 764,Pintusornberg,Prachayarochfort,33934,Northern,1988-04-07,Other,Widowed,2025-10-04
CUST_b297,Arisara Kamalanon,cprachayaroch@yahoo.com,08-7875-5305,0383 Kumsoontorn Park,Pannawichmouth,South Sorawut,35243,Northern,1993-07-03,Other,Widowed,2026-01-10
CUST_7f56,Nutkrita Pitanuwat,todsawun97@yahoo.com,06-6854-0711,68088 Nattawun Skyway,East Pannawichside,North Supasitshire,58595,Northern,1997-12-02,Female,Single,2025-07-30
CUST_6450,Suwijuk Trikasemmart,wboonpungbaramee@yahoo.com,08-6058-0805,415 Patchaploy Square Suite 513,Jaruwanside,Benchapatranonbury,70689,Central,2001-03-18,Male,Married,2025-07-30
CUST_c372,Puntira Intaum,yanisa32@yahoo.com,09-5154-0654,43806 Todsapornpitakul Terrace,New Pawanhaven,Todsawunland,97768,Central,1990-08-21,Female,Other,2025-03-31
CUST_6ff4,Pitipat Chaisatit,atitnorramon@yahoo.com,08-7149-7793,8773 Wannapaitoonsri Neck,Port Pakjira,East Chanikanburgh,90315,Northern,1995-11-01,Other,Single,2026-05-18
CUST_12ae,Arisara Turongkinanon,jpasuk@yahoo.com,08-2559-9024,42652 Kitprapa Estates,Krittayanukoonport,New Suwijuk,65406,Eastern,1990-03-10,Female,Widowed,2025-10-22
CUST_ff51,Pattapon Chaisatit,patchaployprayoonhong@yahoo.com,08-8704-4793,3822 Wasunun Trafficway Suite 567,Matinawinberg,South Ratchanonton,27574,Central,1999-04-19,Male,Married,2025-08-15
CUST_e060,AVM Patcharaporn Prachayaroch,boonpungbarameechanya@hotmail.com,08-5987-8738,11845 Nutkrita Stream,Pawanton,South Anon,05906,Southern,2001-01-12,Other,Widowed,2025-09-28
CUST_74d0,Wasin Habpanom,wasin72@hotmail.com,08-6253-2072,7027 Todsawun Pass,New Atit,Choeychuenton,34667,Southern,2004-07-19,Male,Other,2026-03-05
CUST_a7f3,Aunyaporn Bunlupong,tianvarichpeem@yahoo.com,09-2782-8759,41921 Todsapornpitakul Squares,Chanyahaven,Supasitafort,96201,Central,2002-04-16,Female,Widowed,2025-09-19
CUST_d51f,Apisara Matinawin,pyouprasert@yahoo.com,06-4006-5545,373 Sorattanachai Islands Suite 447,Posaleeburgh,Kumsoontornside,22901,Central,2004-04-11,Female,Other,2026-03-23
CUST_3947,Chaiwut Chaihirankarn,wimolnotsupasit@gmail.com,06-7910-9848,5960 Bunlupong Centers Suite 794,Sorattanachaifurt,New Noppakao,08176,Central,1999-06-08,Male,Other,2025-12-18
CUST_edbd,LT GEN Pak Lertsattayanusak,wannapaitoonsritunchanok@hotmail.com,06-6482-7683,644 Chowitunkit Points Apt. 226,North Pachongruk,Port Pak,98223,Central,1996-02-17,Male,Married,2025-05-25
CUST_56a9,Kodchaporn Choeychuen,prames47@yahoo.com,09-1880-8018,20224 Sireelert Greens Apt. 433,Lake Nichakarn,Teetattown,35894,Northeast,2002-01-21,Male,Divorced,2026-02-28
CUST_8385,Sorawut Kamalanon,anon01@yahoo.com,08-0486-2474,0708 Charoensuksopol Viaduct Suite 152,Nichakarnberg,Thantananontland,17946,Northern,2008-05-17,Other,Widowed,2025-12-03
CUST_8c32,SEA-MAN Kodchaporn Chomsri,wasununtunchanok@yahoo.com,09-0610-4806,258 Pattamon Streets,Pakside,Lake Sorawut,37188,Northeast,1993-02-04,Male,Divorced,2025-11-18
CUST_9dca,Parin Sorattanachai,puntira05@gmail.com,08-5052-7560,8850 Pichpandecha Courts Apt. 357,Port Pak,Jaruwantown,68740,Northeast,2006-09-21,Female,Single,2025-02-18
CUST_b9f8,Sorawut Prachayaroch,matinawinnutkrita@yahoo.com,09-7481-7359,06815 Aunyaporn Fall Suite 839,East Padaside,Pachongrukland,25915,Central,2003-01-11,Female,Single,2026-05-11
CUST_efb3,Jitrin Tungkasethakul,etodsapornpitakul@gmail.com,06-6873-1356,7991 Anon View,Noppakaoport,South Pattapon,66384,Northeast,2001-05-14,Male,Widowed,2025-01-26
CUST_2d3a,CAPT Pakjira Todsapornpitakul,kitprapapatchaploy@hotmail.com,08-6727-7346,79843 Vinyuvanichkul Ville,Thantananontton,South Puntirastad,02570,Northern,1989-02-11,Male,Widowed,2025-01-21
CUST_c691,Atit Siripaiboo,ubunlupong@hotmail.com,09-6807-6377,42997 Puntira Center,New Chaifah,Port Tunchanokberg,07302,Northeast,2004-09-01,Other,Single,2026-01-01
CUST_496e,Noppakao Chaisatit,epongpanitch@gmail.com,09-1790-1881,90595 Chaisatit Mount Suite 110,Wimolnotport,Chayapatport,82896,Southern,2002-06-12,Female,Married,2026-03-24
CUST_e02b,Suwijuk Wannapaitoonsri,skamalanon@yahoo.com,09-7571-3347,513 Sorawut Points,Lake Atit,Anekvorakulhaven,46626,Northern,1988-05-15,Female,Widowed,2026-04-26
CUST_e07b,Nattawun Bunlerngsri,dchaisatit@yahoo.com,06-9105-1962,696 Pichpandecha Mountain,Supasitview,South Kodchaporn,53638,Central,1991-11-11,Other,Single,2026-03-23
CUST_738b,REV Jinjuta Turongkinanon,cpermchart@gmail.com,08-2949-8805,601 Ratchanon Square,Chayaninfort,North Wassayaberg,30341,Northern,2007-04-15,Male,Other,2025-01-19
CUST_2904,Todsawun Polauaypon,yanisatrikasemmart@gmail.com,06-1709-2860,905 Siripaiboo Meadows Apt. 794,New Teetatshire,Pachongrukmouth,45559,Northern,1986-02-23,Female,Single,2025-04-07
CUST_bcd3,LAC Chayanin Kamalanon,noppakao74@hotmail.com,09-4063-2718,29224 Prayoonhong Well,West Jinjuta,Lake Pawan,10389,Northeast,1992-03-20,Male,Other,2025-01-25
CUST_642d,Wasin Vethayasas,darin14@yahoo.com,06-2018-7590,1523 Matinawin Burgs,Pakmouth,Jitrinfort,17383,Northeast,1989-07-01,Other,Divorced,2026-04-27
CUST_0d87,PHRAKHU VINAIDHORN Prima Methavorakul,bunlupongsuvakit@gmail.com,08-2898-6516,1740 Chowitunkit Manor Suite 979,Polpoborough,South Wasin,62419,Western,2001-09-25,Male,Other,2026-05-11
CUST_a57a,Pawan Losatapornpipit,eintaum@gmail.com,06-1231-4300,0724 Pawan Mountain,Lake Primafort,East Teetat,16522,Northern,2007-08-26,Male,Divorced,2025-05-30
CUST_aa9b,Niracha Pothanun,sittikorn23@yahoo.com,08-0462-9921,7514 Chalisa Walk Suite 219,Peemport,Pachongrukville,15823,Western,1993-07-14,Male,Single,2025-02-26
CUST_b527,Puntira Benchapatranon,thanatchaprachayaroch@hotmail.com,06-8058-3860,2689 Pannawich Plaza,Pattapontown,New Nutwadee,13223,Northeast,2008-03-10,Male,Other,2026-04-02
CUST_933f,Wassaya Tianvarich,ltrikasemmart@yahoo.com,06-4474-4900,45487 Sittikorn Manors Suite 983,Prayoonhongfurt,North Patcharapornview,59727,Northern,2007-07-14,Male,Other,2025-07-16
CUST_4fbc,Chayanin Chowitunkit,aunyaporn54@yahoo.com,08-0690-8528,138 Siripaiboo Springs Suite 188,Port Teetatborough,Lake Nichakarntown,67329,Northern,2005-11-14,Male,Divorced,2026-05-12
CUST_5120,Darin Pasuk,suvakitpitanuwat@gmail.com,08-3007-4096,823 Choeychuen Highway,Primafort,South Pitipat,59648,Northern,2003-08-15,Other,Divorced,2025-01-17
CUST_7e77,Sarunporn Pasuk,charoensuksopolpada@yahoo.com,08-8502-1736,67316 Phubes Stream Apt. 157,South Pattaponfort,Yanisashire,46806,Northern,1997-02-27,Other,Divorced,2025-03-08
CUST_c436,Wassaya Prakalpawong,qchaisatit@yahoo.com,08-4212-4555,72839 Aunyaporn Keys,North Pitipatbury,New Kamolchanokborough,81695,Eastern,1991-12-28,Other,Single,2025-03-07
CUST_724f,Pattapon Lertsattayanusak,boonpungbarameeaunyaporn@gmail.com,08-2046-6998,81044 Srisoontorn Branch Suite 046,South Niracha,North Phubes,74783,Central,1994-05-18,Other,Divorced,2026-03-26
CUST_f253,Pattatomporn Bunlupong,pornchanokphusilarungrueng@hotmail.com,09-5573-5700,14334 Prima Parkways Suite 423,Lake Supasita,Lake Sitiwat,12846,Northeast,2000-07-24,Female,Single,2025-02-18
CUST_2883,Anon Todsapornpitakul,vsittisaowapak@gmail.com,08-5764-5524,4092 Suwijuk Branch,East Nattawunfurt,West Tunchanok,82521,Central,2000-05-23,Other,Divorced,2026-04-02
CUST_1b43,Nattawun Choeychuen,chanya67@hotmail.com,09-4051-7073,36637 Suvakit Bypass Apt. 838,North Yanisa,Lake Thanatcha,37610,Central,1998-10-11,Male,Married,2025-04-15
CUST_9fc4,Pornchanok Kamalanon,ebunlupong@hotmail.com,09-0842-6468,78765 Phenphitcha Camp Suite 369,Jaruwanhaven,Wannapaitoonsriville,37180,Central,2003-04-06,Male,Widowed,2025-04-20
CUST_54c0,Anon Methavorakul,wkittakun@gmail.com,09-8721-7394,945 Sorawut Squares Apt. 480,Patcharapornhaven,Kumsoontornville,17807,Central,1993-03-01,Other,Divorced,2025-01-22
CUST_d17a,Chawin Bunlupong,aunyaporn03@gmail.com,06-1630-9260,812 Habpanom Row Apt. 307,East Supasitaview,Puntirafort,80581,Northern,2002-07-27,Female,Married,2026-04-08
CUST_0c81,Pattamon Chowitunkit,pawanintaum@hotmail.com,06-0807-5923,6725 Pachongruk Stravenue Apt. 996,Chaifahtown,Benchapatranonberg,57122,Central,1997-04-27,Female,Divorced,2025-03-12
CUST_69da,Thanatcha Tianvarich,permchartpuntira@yahoo.com,06-7782-8281,1771 Pada Prairie,South Yanisa,Pannawichburgh,02844,Central,2007-02-09,Female,Single,2025-09-12
CUST_1ad9,MISS Prima Wasunun,cprakalpawong@hotmail.com,09-4869-1565,192 Methavorakul Pine,Phubesfort,Pakjiraton,60605,Central,1988-12-24,Other,Other,2025-02-06
CUST_b6a7,Suwijuk Chaisatit,losatapornpipitpattamon@hotmail.com,06-6821-5822,48690 Jinjuta Crescent,New Chanyashire,North Jaruwantown,72145,Central,1992-01-10,Female,Married,2025-11-19
CUST_2da1,Pitipat Prachayaroch,sneerachapong@yahoo.com,08-7719-4323,6752 Pikatsingkorn Estates Suite 836,East Anonstad,Jaruwanbury,12614,Northern,1991-08-04,Female,Widowed,2026-03-18
CUST_e8fb,Teetat Suraprachit,patcharaporn74@hotmail.com,08-1404-4265,45316 Thanatcha Loop,East Sitiwatshire,Chaisatitport,32326,Northeast,1990-03-02,Other,Single,2026-04-12
CUST_cb1e,Prames Prachayaroch,niracha64@hotmail.com,06-4288-0576,1067 Chowitunkit Lodge,Lake Chanikantown,Parinshire,53239,Northern,1998-02-08,Male,Other,2025-02-25
CUST_2674,Niracha Wasunun,posaleeparin@yahoo.com,06-5814-0920,0958 Supasita Village Apt. 089,Pakjirafort,New Atit,27714,Eastern,1997-07-17,Other,Widowed,2025-07-07
CUST_fec1,Pachongruk Suraprasert,xwimolnot@hotmail.com,06-8665-2561,4334 Jinjuta Key,Chaiwutbury,East Patcharapornville,17429,Northeast,2001-09-16,Other,Other,2026-03-09
CUST_363e,Phenphitcha Bunlupong,nichakarn17@yahoo.com,06-8953-1862,960 Tunradee Center Apt. 321,South Phenphitchafort,New Pintusorntown,52831,Northern,2008-01-12,Male,Single,2025-11-29
CUST_28dd,Chaifah Polauaypon,pannawichhabpanom@hotmail.com,09-1812-6555,3794 Aunyaporn Summit Apt. 213,Polpoburgh,New Atitbury,17274,Central,1988-12-10,Female,Divorced,2025-12-12
CUST_4a1d,Sarunporn Kamalanon,boonpungbarameesorawut@hotmail.com,08-0408-1282,0859 Ratchanon Junction Suite 522,South Prames,New Puntiraberg,95677,Northern,1989-12-10,Male,Widowed,2026-04-18
CUST_48a7,Nattawun Polpo,losatapornpipitnoppakao@hotmail.com,08-3620-5436,209 Jitrin Hill,Port Ratchanon,Port Supasitberg,34604,Northeast,2001-01-26,Male,Other,2025-04-24
CUST_f6cc,SUB LT Pornchanok Benchapatranon,suwijukchaisatit@gmail.com,09-4322-6591,25986 Kittakun Lodge Apt. 905,East Tunchanok,Puntirafurt,26121,Central,2001-09-06,Female,Single,2025-06-23
CUST_00fd,Jaruwan Permchart,pkrittayanukoon@hotmail.com,09-2025-7500,61002 Kittakun Divide,Thanatchastad,Port Parin,48386,Northern,1979-01-04,Other,Other,2025-03-27
CUST_b7c5,Todsawun Chaisatit,kkongchayasukawut@hotmail.com,08-2533-6968,30668 Wimolnot Trail Apt. 775,Lake Pawan,East Sittikornburgh,32405,Southern,1996-08-19,Other,Other,2025-01-27
CUST_a2c4,Sarunporn Wannapaitoonsri,wassaya57@hotmail.com,08-5301-0013,0312 Prachayaroch Fall,South Yanisa,Sooksawangside,98731,Southern,2001-11-15,Male,Divorced,2025-01-08
CUST_e2c2,Yada Benchapatranon,chayapatkittakun@yahoo.com,09-1766-0547,8055 Sittisaowapak Way,East Sitiwat,Prakalpawongside,66131,Central,2008-09-16,Female,Single,2025-03-24
CUST_5d01,Suwijuk Pitanuwat,yadatitipatrayunyong@gmail.com,06-8210-6919,82037 Thantananont Field Suite 264,Pianduangsrifurt,East Supasit,97092,Eastern,1995-05-28,Female,Married,2026-03-22
CUST_3ef2,Apisara Kamalanon,pattamon83@hotmail.com,09-4082-8712,3405 Aunyaporn Courts,New Peem,New Arisara,37133,Western,2005-10-25,Male,Divorced,2025-09-14
CUST_4d31,Prames Sujjaboriboon,phubessrisoontorn@gmail.com,06-9807-5638,884 Pikatsingkorn Camp,Methavorakulfurt,Nichakarnberg,71550,Northern,1994-05-09,Female,Divorced,2025-12-31
CUST_78d5,Atit Wasunun,iphusilarungrueng@gmail.com,09-1192-1510,6808 Vinyuvanichkul Row Suite 801,Teetatshire,South Prames,36108,Northern,1992-03-18,Female,Other,2025-09-13
CUST_fae3,Sarunporn Kitprapa,nutcha41@gmail.com,06-3022-6165,16958 Charoensuksopol Common,Tianvarichburgh,New Tunradee,87267,Northern,1998-12-23,Male,Other,2026-02-03
CUST_f6e3,Patcharaporn Prayoonhong,youprasertyanisa@yahoo.com,08-3060-9103,91498 Anekvorakul Forest Suite 514,Pakjiraton,Port Pattapon,60618,Southern,2000-05-12,Female,Other,2025-12-15
CUST_dea4,Nutcha Trikasemmart,prakalpawongprames@gmail.com,08-7270-7523,326 Tunchanok Expressway Suite 049,Sorattanachaistad,Nutwadeechester,69493,Northeast,1996-09-09,Female,Divorced,2025-12-02
CUST_8f52,Pada Sujjaboriboon,ypolpo@gmail.com,08-3167-1261,836 Habpanom Views,Polauayponshire,East Chayaninborough,61682,Northern,1991-04-16,Female,Widowed,2025-03-30
CUST_65ce,Ratchanon Wannapaitoonsri,lvinyuvanichkul@hotmail.com,08-1209-2105,55007 Neerachapong Trace Suite 964,West Suvakitmouth,South Aunyaporn,25012,Northern,2002-02-13,Male,Divorced,2025-08-29
CUST_4cdd,Kunaporn Wimolnot,nutwadeechoeychuen@hotmail.com,09-8596-3856,08357 Chaihirankarn Hollow,Port Teetatberg,South Pattatompornhaven,23331,Central,1987-06-06,Male,Other,2025-04-07
CUST_3345,Aunyaporn Norramon,ochowitunkit@hotmail.com,09-3736-1093,10102 Thanatcha Fall,South Apisara,Sorattanachailand,85677,Western,1997-03-09,Male,Other,2025-07-11
CUST_4bf5,Tunchanok Krittayanukoon,xpermchart@hotmail.com,08-3532-1945,865 Pakjira Roads,Pramesstad,Kitprapastad,96959,Eastern,2007-08-20,Other,Married,2025-08-16
CUST_cb68,Suwijuk Pitanuwat,tungkasethakulparin@yahoo.com,08-8556-4977,6587 Pornchanok Expressway,Sarunpornton,Teetatview,19846,Central,2006-01-04,Other,Widowed,2026-01-29
CUST_92dd,Sitiwat Vethayasas,jitrinsujjaboriboon@gmail.com,09-4481-1067,0012 Chaihirankarn Plaza,Youprasertshire,Boonpungbarameeport,99682,Central,1993-09-27,Other,Widowed,2025-01-18
CUST_34bc,Phubes Bunlupong,titipatrayunyongchanikan@hotmail.com,06-8316-7998,36747 Sujjaboriboon Trace,Prayoonhongmouth,Lake Patchaploy,26672,Central,1992-11-01,Female,Other,2025-08-24
CUST_deac,Chayanin Prachayaroch,chawinkongsri@yahoo.com,08-4261-3311,2504 Sittikorn Run,New Parin,South Ratchanonhaven,78347,Eastern,1999-01-10,Female,Divorced,2025-09-09
CUST_0033,Pintusorn Chaisatit,suwijuk13@yahoo.com,06-9775-8024,392 Teetat Circles,Kunapornbury,Charoensuksopolstad,16070,Central,2003-01-28,Female,Other,2025-07-01
CUST_6d0e,Arisara Bunlerngsri,gpasuk@gmail.com,09-7452-0565,293 Pachongruk Mall,Arisaraville,Port Chalisaville,76826,Eastern,2006-07-20,Female,Divorced,2025-01-29
CUST_6fca,Pintusorn Pothanun,patchaploymatinawin@hotmail.com,06-9201-6505,354 Kamolchanok Brooks,North Sarunporn,Port Anon,63480,Central,2006-06-16,Female,Divorced,2025-04-11
CUST_18e0,Phubes Sittisaowapak,chanikan78@hotmail.com,06-8828-0989,250 Intaum Loop,Lake Pachongrukville,South Pitipatport,80031,Northeast,1988-08-18,Female,Divorced,2025-06-18
CUST_1365,Kulnun Wasunun,vlertsattayanusak@yahoo.com,08-4257-9109,958 Polpo Meadow Apt. 606,Phubesburgh,East Ratchanonborough,53740,Central,2003-11-14,Male,Married,2025-07-20
CUST_9e5a,Kamolchanok Polauaypon,zprayoonhong@yahoo.com,09-3069-3004,434 Todsawun Key Suite 642,Lake Nattawun,North Peem,53646,Western,1996-01-08,Female,Married,2025-11-12
CUST_7b2c,Kulnun Youprasert,charoensuksopolpintusorn@yahoo.com,08-5950-0163,1620 Chaihirankarn Islands Suite 791,Chayapatfurt,Chomsrihaven,31972,Southern,1977-12-08,Other,Married,2025-12-06
CUST_6877,Chayapat Kongchayasukawut,pramesprachayaroch@hotmail.com,09-8366-2705,1510 Kamalanon Crescent Suite 210,Lake Pawan,South Tunchanok,40325,Northern,1993-10-19,Male,Single,2026-03-04
CUST_e33d,CPO 2 Phubes Titipatrayunyong,pattamontitipatrayunyong@gmail.com,09-8960-9007,41405 Anon Wall Suite 888,Kumsoontornside,East Nattawun,72973,Northern,1988-03-23,Male,Divorced,2025-05-23
CUST_8b70,Supasita Losatapornpipit,patcharaporn81@hotmail.com,06-0288-6382,357 Permchart Rapid Suite 447,Teetatfort,New Todsawunport,04870,Central,2002-04-17,Female,Divorced,2026-01-31
CUST_cd4a,Tunchanok Kumsoontorn,chaisatitsupasita@hotmail.com,09-8798-5139,2838 Thantananont Springs,South Chalisastad,Pikatsingkornview,89483,Northern,1997-04-12,Male,Single,2026-02-13
CUST_f35f,Thanatcha Pothanun,pramespermchart@yahoo.com,08-3446-9476,08452 Aunyaporn Ferry Apt. 665,New Peem,Tianvarichstad,88719,Northern,2003-01-23,Other,Single,2025-05-04
CUST_f74c,Chaiwut Vinyuvanichkul,siripaiboochalisa@yahoo.com,06-7643-0566,69785 Permchart Circles,Atithaven,New Teetat,17043,Central,1991-11-02,Male,Other,2025-01-24
CUST_5848,Pattamon Losatapornpipit,wassayapichpandecha@gmail.com,08-1956-6651,2085 Tunradee Drive Suite 586,Suraprasertton,Polpotown,25455,Central,2005-08-24,Male,Other,2026-04-07
CUST_df5b,Patcharaporn Sooksawang,dsukhenai@yahoo.com,09-5668-2849,46579 Chawin Lock,Ratchanonview,Pramesport,16567,Northern,1996-03-18,Male,Single,2026-02-21
CUST_57d5,Prames Turongkinanon,pattatomporncharoensuksopol@hotmail.com,09-3255-5423,829 Siripaiboo Common,Atitview,North Noppakaoburgh,89000,Northern,2000-01-13,Male,Widowed,2026-03-27
CUST_7219,Supasit Charoensuksopol,posaleenutkrita@yahoo.com,08-5817-0542,46576 Sittisaowapak Squares,Wassayamouth,Pakjiramouth,12917,Central,1993-12-22,Other,Married,2025-02-07
CUST_443d,Suwijuk Siripaiboo,norramonatit@yahoo.com,06-3057-0988,9287 Vethayasas Path Apt. 202,West Yada,Sitiwatshire,73127,Northeast,1997-07-22,Female,Divorced,2025-12-18
CUST_8714,FS 2 Patchaploy Kamalanon,isireelert@gmail.com,06-9328-5951,32769 Charoensuksopol Garden Apt. 273,Charoensuksopolberg,West Apisarahaven,12156,Central,1996-11-15,Male,Divorced,2025-04-21
CUST_4dca,Kodchaporn Choeychuen,sarunpornkumsoontorn@gmail.com,09-5508-8823,56738 Posalee Ranch Apt. 779,Nutkritaside,Intaummouth,72182,Northeast,1995-06-01,Male,Other,2025-04-16
CUST_adf7,Phubes Trikasemmart,ratchanontungkasethakul@hotmail.com,08-4906-3509,3517 Intaum Islands Apt. 465,South Phenphitcha,Pakside,10620,Central,2005-09-12,Other,Divorced,2025-03-23
CUST_bfe4,Kulnun Todsapornpitakul,chayanin03@hotmail.com,09-8558-4088,9369 Sireelert Green,South Todsawun,South Wasinshire,06068,Central,1993-11-17,Other,Divorced,2026-05-10
CUST_84a8,Yada Posalee,suraprachityada@yahoo.com,09-1316-2616,53495 Chalisa Fords,Lake Pakjira,North Sitiwatview,42285,Central,2000-11-22,Male,Single,2026-05-23
CUST_a353,Puntira Kamalanon,phenphitcha42@yahoo.com,08-7754-1381,926 Chalisa Shores,Wasinburgh,Kamolchanokfurt,26104,Northeast,2003-10-01,Female,Widowed,2025-11-02
CUST_3a8f,Nattawun Permchart,wasin08@gmail.com,09-0515-0366,4871 Parin Route,Lake Jinjuta,East Arisaraport,78533,Northeast,1984-09-08,Other,Married,2025-12-31
CUST_cd2d,Pannawich Krittayanukoon,rpitanuwat@gmail.com,06-6414-8400,457 Pada Track Suite 969,Pianduangsriburgh,Lake Wassaya,60751,Central,1993-03-11,Male,Single,2025-09-21
CUST_7825,Kamolchanok Sireelert,yada32@yahoo.com,09-0450-6569,809 Siripaiboo Isle Suite 243,Anonburgh,North Nirachaview,77974,Northern,1992-02-06,Female,Single,2025-08-30
CUST_b850,Pattatomporn Trikasemmart,fprachayaroch@hotmail.com,09-3882-6679,2221 Sittisaowapak Radial Apt. 057,Apisarafort,Yanisaville,44329,Central,2006-11-23,Female,Married,2026-02-03
CUST_7f97,Atit Pongpanitch,apisarasittisaowapak@yahoo.com,08-3014-6166,6126 Tunradee Shore,New Suvakitburgh,Norramonhaven,86096,Northeast,1992-02-05,Male,Widowed,2026-01-20
CUST_ace1,Phenphitcha Posalee,phubestungkasethakul@yahoo.com,06-8281-0188,390 Boonpungbaramee Loop Suite 556,Supasitastad,Methavorakulport,06740,Northeast,1997-04-23,Other,Other,2026-04-07
CUST_87d1,Chanya Kittakun,anonmethavorakul@gmail.com,09-7697-5747,02098 Kongchayasukawut Turnpike Apt. 489,Port Chanikanview,Sukhenaiside,92902,Central,1991-02-17,Female,Divorced,2025-11-14
CUST_4c14,Nutwadee Boonpungbaramee,pawanposalee@gmail.com,06-8158-3386,5524 Matinawin Greens,Port Padahaven,Chawinside,98805,Western,2005-09-20,Male,Married,2025-11-29
CUST_8d7c,Yada Suraprachit,thanatchaboonpungbaramee@hotmail.com,09-7400-1399,354 Prachayaroch Center,West Sittikornton,Lertsattayanusaktown,83502,Northern,1994-05-14,Male,Married,2025-07-03
CUST_d8a8,Darin Chaihirankarn,ukongsri@hotmail.com,06-3040-2028,62215 Pattapon Street Suite 565,Bunlupongfurt,Prachayarochhaven,04426,Northeast,1991-11-27,Female,Single,2025-10-08
CUST_1a3d,Phubes Suraprasert,kamolchanok37@gmail.com,09-1336-5863,7040 Kodchaporn Squares Suite 444,Pornchanokport,Suraprachithaven,07652,Central,1993-02-13,Other,Single,2025-05-13
CUST_7b06,Pachongruk Benchapatranon,fpolauaypon@gmail.com,09-1309-2669,5186 Suvakit Port Apt. 884,Teetatmouth,West Patcharaporn,23252,Northern,1995-07-04,Other,Married,2025-09-06
CUST_c1b3,Pak Charoensuksopol,kodchaporntungkasethakul@gmail.com,09-6587-5640,8093 Sooksawang Branch,North Apisaraside,Chowitunkittown,30192,Central,2007-03-07,Male,Single,2025-12-18
CUST_3332,Nutkrita Todsapornpitakul,prachayarochprima@yahoo.com,08-6681-6931,398 Polauaypon Road,Kittakunchester,South Chayapat,85190,Eastern,2004-06-12,Female,Single,2025-04-11
CUST_83ff,POL CAPT Nutkrita Krittayanukoon,jinjuta06@hotmail.com,06-4216-1914,22458 Anon Rest,Port Sittikornfurt,Lake Sorawuthaven,82802,Central,1992-06-03,Female,Divorced,2025-07-16
CUST_4cfa,Pitipat Vinyuvanichkul,teetatkrittayanukoon@gmail.com,08-1343-6027,30012 Siripaiboo Ford Suite 301,East Phenphitcha,North Kunapornborough,49528,Central,1999-06-04,Male,Divorced,2025-10-06
CUST_8462,Aunyaporn Siripaiboo,patcharapornpolpo@hotmail.com,06-3145-4403,5686 Anon Curve Apt. 695,New Puntiraport,Port Patchaploy,56891,Central,1991-09-20,Female,Widowed,2026-02-01
CUST_f719,Pak Pikatsingkorn,arisara59@hotmail.com,06-9682-8066,2935 Pornchanok Isle Suite 968,Pattamonbury,North Tunchanok,55048,Central,1994-09-01,Other,Widowed,2025-04-17
CUST_464a,Nattawun Pikatsingkorn,owimolnot@yahoo.com,08-9939-8785,72836 Thantananont Bridge,Thanatchabury,Port Pattapon,30079,Central,1989-06-05,Female,Divorced,2025-05-26
CUST_44db,Pattamon Habpanom,aphusilarungrueng@hotmail.com,08-2958-4851,07401 Chowitunkit Mews Suite 754,Charoensuksopolfort,North Nutwadeeland,07775,Northern,1987-10-09,Female,Divorced,2026-04-08
CUST_513c,Nutcha Methavorakul,pianduangsrisuwijuk@yahoo.com,06-6993-4585,293 Chomsri Spur,East Ratchanonfurt,Nirachaview,64566,Northern,1993-12-24,Female,Married,2026-04-15
CUST_b483,Kulnun Kumsoontorn,prames38@hotmail.com,06-8861-8433,23219 Suwijuk Cape,West Chayapatside,Puntirafort,16861,Northern,1985-10-11,Male,Other,2026-04-16
CUST_26d4,Patchaploy Wannapaitoonsri,kodchapornchowitunkit@hotmail.com,06-4566-4045,16163 Suwijuk Lake Apt. 221,Chanyatown,New Noppakaoborough,87827,Northeast,1994-04-25,Male,Married,2025-02-11
CUST_932f,Patcharaporn Srisoontorn,oprayoonhong@hotmail.com,09-9023-5495,45143 Teetat Brook Apt. 286,New Noppakao,Polpoville,15335,Northern,1994-06-09,Female,Other,2025-03-25
CUST_5053,POL SUB LT Kodchaporn Turongkinanon,ratchanon62@hotmail.com,06-3650-5987,511 Pianduangsri Fields Apt. 574,Chanyaview,Padaview,29639,Southern,1996-06-15,Other,Widowed,2026-02-14
CUST_7aef,Suwijuk Pothanun,nutkritatianvarich@yahoo.com,08-8013-8090,4253 Thanatcha Springs Suite 750,Pattamonmouth,Vethayasasland,12954,Central,2002-06-26,Male,Married,2025-07-18
CUST_785e,Anon Methavorakul,supasita69@yahoo.com,09-6811-6143,83704 Sorawut Crossroad,Pattatompornton,Prachayarochburgh,20713,Northern,1990-05-25,Female,Widowed,2026-01-05
CUST_91d5,Arisara Chaihirankarn,pawan00@yahoo.com,09-9306-7403,63465 Darin Field,Phenphitchaport,Lake Chawin,19480,Northern,1990-01-21,Female,Widowed,2025-11-24
CUST_7a18,Puntira Tungkasethakul,swasunun@gmail.com,09-4585-0248,08288 Yada Dale,North Chalisa,Tunradeeview,79541,Central,1987-03-14,Female,Single,2025-02-28
CUST_8ad2,Pitipat Youprasert,tungkasethakulsitiwat@hotmail.com,09-1526-2190,06577 Pada Vista Suite 122,Anonview,Nutwadeeville,56247,Northern,1993-06-27,Female,Divorced,2025-04-05
CUST_9afe,Chalisa Todsapornpitakul,posaleetunradee@gmail.com,08-3434-3528,0193 Wimolnot Run,New Nirachashire,East Atit,60348,Northern,2003-09-21,Female,Single,2025-08-21
CUST_aff0,Thanatcha Anekvorakul,pawan32@gmail.com,06-2099-4927,3104 Bunlerngsri Springs,Lake Pannawichfurt,Chayaninshire,22537,Central,2001-07-12,Female,Single,2025-08-15
CUST_eef1,Sittikorn Intaum,ebunlerngsri@gmail.com,09-7976-3970,619 Noppakao Landing Apt. 290,New Jinjutachester,Bunlerngsrichester,52337,Western,2005-09-12,Female,Single,2025-05-05
CUST_fdc4,Sarunporn Wasunun,chayanin67@yahoo.com,09-9889-0478,95391 Kamalanon Summit Apt. 896,North Arisara,Polauayponchester,39764,Northeast,2003-11-13,Other,Married,2025-11-11
CUST_52c7,Peem Chomsri,srisoontornpattamon@gmail.com,08-7816-0165,08445 Wasin Valley,Lake Suvakit,East Pattatompornton,47400,Northern,1996-10-09,Other,Married,2025-07-05
CUST_8999,Suwijuk Polauaypon,pawan61@hotmail.com,09-9297-5541,769 Krittayanukoon Highway Apt. 235,New Teetatshire,Polauayponborough,73041,Southern,1984-07-18,Female,Widowed,2025-10-09
CUST_6be7,Kunaporn Chomsri,prakalpawongatit@yahoo.com,09-2272-2748,62837 Trikasemmart Cliffs,North Pintusornton,Chayanintown,42462,Northeast,1989-01-21,Female,Single,2025-05-04
CUST_ed73,Pakjira Youprasert,pothanunkodchaporn@hotmail.com,09-6960-2784,46979 Sorawut Station,East Niracha,New Pornchanok,61508,Northeast,1990-03-21,Female,Other,2025-03-11
CUST_a7eb,Jinjuta Lertsattayanusak,pakboonpungbaramee@yahoo.com,08-2645-2044,37642 Pawan Garden Suite 386,New Supasita,Kittakunstad,97717,Northern,1983-04-19,Male,Divorced,2025-03-30
CUST_4942,Todsawun Srisoontorn,suvakit33@yahoo.com,08-5178-3316,9894 Chawin Parks Suite 319,Chomsriberg,Lake Nutwadee,65950,Northern,1994-12-25,Female,Other,2026-01-08
CUST_71a5,Sorawut Bunlupong,wwasunun@gmail.com,09-7519-8249,34118 Chalisa Crossing Suite 022,Bunlupongside,New Chayanin,06130,Northern,1998-02-28,Male,Other,2025-09-29
CUST_4c55,Atit Srisoontorn,kongchayasukawutprames@hotmail.com,08-6098-3396,0851 Darin Springs Suite 588,Phubeschester,South Chayapatmouth,25826,Central,1986-10-09,Male,Single,2026-04-29
CUST_6dcd,Apisara Thantananont,ttrikasemmart@hotmail.com,06-8419-5092,7432 Prima Park Apt. 308,New Pintusorn,Wannapaitoonsristad,08347,Northern,1998-06-03,Female,Other,2025-04-16
CUST_544a,Sittikorn Pikatsingkorn,gmethavorakul@yahoo.com,08-9849-4110,779 Chayanin Drives Suite 952,South Chaiwutland,Nattawunbury,73654,Eastern,1997-10-25,Female,Married,2025-01-19
CUST_6b8a,Sitiwat Methavorakul,dpasuk@hotmail.com,09-8874-5931,596 Darin Isle,Port Atit,New Suwijukbury,53174,Central,2008-03-08,Female,Widowed,2025-08-24
CUST_3fd1,Pawan Wimolnot,chaihirankarntunradee@hotmail.com,06-1132-2744,1672 Thantananont Mission,East Kamolchanokhaven,Todsawunchester,43878,Central,1997-07-08,Other,Single,2025-01-29
CUST_0921,SEA-MAN Jaruwan Boonpungbaramee,sitiwatnorramon@yahoo.com,06-7635-4818,3175 Suraprachit Fort Suite 854,Lake Pattamonport,Vinyuvanichkultown,80426,Central,2003-10-03,Female,Widowed,2025-08-03
CUST_9125,Tunradee Norramon,youprasertteetat@gmail.com,08-5464-9440,644 Sittikorn Drives,Losatapornpipitstad,South Nichakarnfurt,69234,Northern,2001-05-07,Female,Single,2026-04-09
CUST_006c,POL SGT MAJ Teetat Benchapatranon,chayapat08@yahoo.com,09-2005-5064,44602 Nichakarn Mews Suite 459,North Yanisa,East Sorawut,69222,Northern,1993-08-07,Other,Single,2025-02-27
CUST_1f70,Patchaploy Bunlerngsri,ochoeychuen@hotmail.com,06-6535-3248,12664 Pattamon Courts Suite 274,East Aunyapornburgh,Wasununmouth,85898,Central,1996-11-23,Other,Married,2025-09-17
CUST_3484,Nattawun Phusilarungrueng,mchoeychuen@gmail.com,09-3294-5653,28120 Chaihirankarn Underpass Apt. 856,Port Sorawut,East Suvakitfurt,26098,Northeast,1989-12-26,Other,Other,2026-05-15
CUST_bc7b,Nattawun Prakalpawong,zneerachapong@yahoo.com,06-8738-1651,8088 Pasuk Trafficway,Pachongrukland,West Jitrin,77519,Northern,1993-05-12,Male,Divorced,2025-11-26
CUST_a550,Noppakao Sukhenai,sorawutpichpandecha@gmail.com,09-1683-9812,405 Chayapat Mews,East Apisarahaven,Thanatchabury,61187,Northern,2003-07-08,Male,Widowed,2025-11-27
CUST_cd0c,Pattapon Suraprachit,nattawunkittakun@gmail.com,08-0983-0061,40096 Thanatcha Valleys Apt. 929,New Kunaporn,Lake Ratchanonside,92514,Northern,1994-04-18,Female,Widowed,2025-07-17
CUST_a7e5,POL CONST Nichakarn Suraprasert,wprakalpawong@yahoo.com,08-2343-0201,44755 Siripaiboo Creek Suite 440,Lake Noppakaoborough,Port Anontown,90714,Northern,1998-11-27,Female,Divorced,2025-09-23
CUST_df3b,Apisara Prayoonhong,nutwadeetodsapornpitakul@hotmail.com,06-6820-2819,40034 Sujjaboriboon Camp Suite 005,Yanisamouth,East Pannawich,79057,Eastern,1992-06-06,Male,Divorced,2026-01-30
CUST_8c9d,Peem Neerachapong,supasitmethavorakul@yahoo.com,06-2303-6147,8989 Pianduangsri Union,Chomsritown,North Pornchanokton,77185,Northern,1994-02-02,Other,Married,2025-12-15
CUST_97d5,Chawin Methavorakul,jitrin81@yahoo.com,06-3966-9951,25867 Sooksawang Village Apt. 815,Port Kunaporn,Atitchester,76676,Northern,1997-08-13,Other,Single,2026-02-03
CUST_6962,Yanisa Sireelert,thanatcha43@hotmail.com,08-5451-8071,13527 Sukhenai Cliff,North Prima,West Chayaninshire,09272,Northern,1992-01-05,Female,Widowed,2025-07-24
CUST_d737,Pornchanok Sireelert,ratchanonneerachapong@yahoo.com,06-8668-6581,284 Sooksawang Station Suite 006,New Pattatompornmouth,Anonstad,37366,Central,2007-06-27,Other,Widowed,2025-03-27
CUST_8a11,Pawan Neerachapong,vpermchart@hotmail.com,09-7381-5769,341 Sukhenai Pass,Pintusornport,West Padatown,65751,Central,1988-04-22,Male,Married,2025-02-17
CUST_68c5,FS 3 Yada Chomsri,pikatsingkornsorawut@hotmail.com,08-6228-0125,573 Sireelert Pike,Lake Nutcha,South Chayapat,34926,Eastern,2006-06-16,Female,Divorced,2025-04-14
CUST_1ff3,Phenphitcha Polauaypon,ppikatsingkorn@hotmail.com,06-3762-7656,007 Chanikan Causeway,East Nutwadee,Lake Parin,52693,Northern,2008-12-19,Other,Single,2025-03-28
CUST_1319,POL LT COL Pachongruk Pothanun,sorawut12@gmail.com,08-3201-1050,65866 Sitiwat Terrace,New Arisaraborough,Jitrintown,70191,Northern,2001-08-25,Other,Married,2026-03-20
CUST_6522,Jaruwan Neerachapong,zwasunun@yahoo.com,06-0947-3041,3408 Ratchanon Drive,Bunlupongmouth,Titipatrayunyongchester,26165,Northeast,1992-06-22,Female,Widowed,2026-05-02
CUST_e106,Nichakarn Chomsri,supasita12@gmail.com,08-0237-7792,6715 Benchapatranon Glens,Suvakitburgh,Lake Chawinshire,93711,Central,1994-08-08,Male,Other,2025-06-11
CUST_9014,Chanya Tungkasethakul,pikatsingkornpatcharaporn@yahoo.com,08-5049-2309,601 Pitipat Shoal Suite 204,Pikatsingkornburgh,Phusilarungruengburgh,47730,Eastern,1982-10-20,Female,Single,2026-05-21
CUST_848b,Nutcha Prachayaroch,neerachapongpattatomporn@yahoo.com,06-1073-7686,604 Pitanuwat Greens,Lake Chayaninberg,South Nattawun,04840,Central,2005-11-05,Female,Widowed,2025-05-27
CUST_6293,Kodchaporn Benchapatranon,intaumchaiwut@yahoo.com,06-7010-0615,8692 Polpo Village,Lake Pattaponberg,Pitanuwatberg,36705,Central,2000-08-28,Male,Divorced,2026-01-11
CUST_2cae,Pitipat Pothanun,pintusorn97@hotmail.com,09-7089-2647,98786 Chowitunkit Corner Suite 611,Patcharapornshire,Wannapaitoonsrihaven,48718,Central,1996-04-17,Female,Other,2025-01-10
CUST_7025,Noppakao Sooksawang,kittakunkunaporn@gmail.com,08-7491-3558,7132 Kitprapa Street,New Nutcha,South Anon,36791,Central,1988-05-10,Female,Divorced,2026-01-09
CUST_c2b8,Suvakit Pitanuwat,zpasuk@hotmail.com,09-0501-7282,427 Krittayanukoon Trail,Posaleeburgh,Lake Parinfort,65214,Central,1992-08-09,Other,Other,2025-06-08
CUST_27be,Pakjira Sireelert,wassayatodsapornpitakul@gmail.com,08-3075-5748,239 Pada Trace,New Yanisaburgh,Kodchaporntown,53568,Northeast,1999-06-10,Male,Other,2025-09-27
CUST_cb25,Suwijuk Chomsri,wintaum@gmail.com,06-2688-4124,09525 Vinyuvanichkul Trail,Pakshire,Chayaninbury,87292,Northeast,1994-01-16,Female,Other,2025-07-14
CUST_1879,Patchaploy Pasuk,pianduangsripatcharaporn@gmail.com,06-7686-9314,947 Polpo Path,South Ratchanonberg,Tunradeehaven,12226,Central,2005-09-14,Female,Divorced,2025-10-19
CUST_d55b,Prames Pikatsingkorn,prachayarochyada@yahoo.com,06-7127-7679,398 Darin Turnpike,Chaiwutberg,Supasitside,90003,Northern,1993-10-24,Other,Divorced,2025-05-28
CUST_130b,Todsawun Srisoontorn,yvinyuvanichkul@gmail.com,08-7111-6108,4392 Posalee Bypass Suite 121,Port Nichakarn,West Chanikan,36688,Central,1994-02-21,Female,Single,2025-09-04
CUST_84dd,Ratchanon Thantananont,aunyapornkongsri@gmail.com,09-0811-2826,0723 Phusilarungrueng Coves,East Wassaya,North Pawanhaven,19349,Western,1995-04-28,Male,Widowed,2025-05-14
CUST_ee26,Tunradee Posalee,chalisavinyuvanichkul@hotmail.com,06-9466-0498,326 Sorattanachai Unions,Padaville,Boonpungbarameemouth,13063,Central,1987-06-11,Male,Divorced,2025-02-26
CUST_16a5,Chayanin Pikatsingkorn,kamalanonkunaporn@gmail.com,08-6272-9667,20765 Pattapon Circles Suite 485,West Pannawich,North Supasita,84555,Northeast,2005-03-05,Female,Other,2026-03-24
CUST_7a0f,LT JG Apisara Polauaypon,bunlerngsrisittikorn@gmail.com,06-7522-5702,5269 Srisoontorn Loop,Lake Tunradee,Lake Nichakarn,00549,Central,1993-01-09,Other,Divorced,2025-02-09
CUST_843f,Supasita Neerachapong,apisaralosatapornpipit@hotmail.com,06-7669-7089,79159 Tunradee Lakes Apt. 631,Darinton,Pintusorntown,24705,Southern,1997-03-01,Other,Widowed,2025-06-15
CUST_f135,Jaruwan Thantananont,phenphitchasooksawang@hotmail.com,09-4212-4017,3491 Methavorakul Track,West Phenphitcha,Arisaraville,27661,Central,2008-12-16,Female,Widowed,2026-04-19
CUST_3e56,Parin Boonpungbaramee,srisoontornkulnun@gmail.com,09-3610-3188,28447 Kitprapa Spur Suite 238,North Chayapat,West Phubes,16393,Central,1988-09-24,Other,Married,2025-12-06
CUST_062e,Pattatomporn Pasuk,ivinyuvanichkul@yahoo.com,09-2379-0172,71011 Pikatsingkorn Row Apt. 163,New Pak,Kongchayasukawutfort,26493,Central,1996-04-16,Female,Married,2025-08-27
CUST_d889,Wassaya Pikatsingkorn,todsapornpitakulyanisa@yahoo.com,08-4871-6978,46010 Anon Springs,South Kamolchanok,East Pitipathaven,98283,Central,2008-12-15,Other,Married,2026-03-02
CUST_effa,Niracha Matinawin,wasinchaihirankarn@hotmail.com,09-8157-1143,2506 Krittayanukoon Lock Suite 095,West Chanikan,Atitland,76656,Northern,2006-09-24,Male,Single,2025-10-12
CUST_6770,Tunradee Titipatrayunyong,sooksawangjaruwan@gmail.com,06-3655-6601,838 Chomsri Curve,Port Peem,Lake Suvakitbury,41455,Southern,1995-02-04,Other,Other,2026-02-18
CUST_eea7,Todsawun Charoensuksopol,vethayasasapisara@hotmail.com,08-8750-7783,9892 Sujjaboriboon Square,Wassayachester,Phusilarungruengton,98647,Central,1999-10-09,Female,Single,2025-11-23
CUST_3876,Sorawut Thantananont,pawan38@yahoo.com,06-8646-5404,2564 Methavorakul Cove Apt. 803,Wassayamouth,Habpanomborough,62321,Central,2005-01-04,Female,Other,2025-12-31
CUST_a44b,Chayanin Suraprasert,chabpanom@yahoo.com,09-7328-4739,9600 Intaum Neck,New Nutcha,North Chayaninbury,39570,Northern,1999-05-15,Male,Divorced,2026-03-25
CUST_9e69,Darin Sooksawang,kodchapornsuraprachit@hotmail.com,06-2289-0507,70522 Sireelert Plaza,West Chanya,Lake Phubes,31710,Central,1989-11-14,Other,Single,2025-09-28
CUST_836b,Peem Pichpandecha,nyouprasert@yahoo.com,06-3530-9131,36825 Thanatcha Hills,Todsawunmouth,Primafurt,14089,Central,2000-12-05,Female,Married,2025-02-11
CUST_fb02,Nattawun Suraprasert,nichakarnkamalanon@yahoo.com,09-7768-1098,85132 Nutcha Highway Suite 694,North Padafurt,West Patchaploy,71161,Eastern,1990-07-07,Male,Widowed,2026-05-19
CUST_4263,Tunchanok Vethayasas,chaiwutlertsattayanusak@yahoo.com,08-1973-1176,759 Pichpandecha Hill,Chowitunkitshire,Port Tunradee,90406,Northern,1996-04-04,Female,Married,2025-03-01
CUST_8855,Pattamon Wimolnot,atitipatrayunyong@hotmail.com,06-9005-8263,37584 Tungkasethakul Wells Apt. 320,Lertsattayanusakhaven,New Noppakao,84633,Western,2000-10-09,Female,Single,2025-12-24
CUST_7120,Nattawun Bunlupong,supasit64@gmail.com,08-7941-1266,5232 Puntira Mountains,New Pattatomporn,West Yanisa,64225,Eastern,1992-07-15,Other,Other,2025-07-10
CUST_c749,Pattapon Vethayasas,jintaum@hotmail.com,08-8210-4327,38671 Pianduangsri Village,West Niracha,Nutkritaport,40958,Northern,2001-01-05,Female,Single,2026-03-19
CUST_30c8,Prima Habpanom,kumsoontornpattapon@hotmail.com,08-3573-2837,12185 Yanisa Village Apt. 140,Anekvorakulmouth,Youprasertstad,54057,Central,1995-02-19,Other,Married,2026-02-26
CUST_5f0d,Teetat Siripaiboo,kprachayaroch@gmail.com,08-9688-2602,3823 Apisara Plains,Pongpanitchbury,Pachongrukview,83992,Southern,2008-11-03,Female,Divorced,2026-03-25
CUST_3666,MAJ GEN Thanatcha Lertsattayanusak,tunchanokbunlerngsri@hotmail.com,06-2487-1477,58504 Chaihirankarn Green,North Pawan,Chawinland,05607,Central,1994-03-27,Female,Divorced,2025-09-11
CUST_7c52,Wasin Norramon,patchaploy43@hotmail.com,08-4098-6743,78792 Nutcha Park,North Teetat,Lake Noppakao,18422,Central,1992-01-27,Male,Other,2026-01-12
CUST_974d,Noppakao Todsapornpitakul,chowitunkitpak@gmail.com,06-2370-4704,776 Turongkinanon Shoal,North Noppakao,Pattaponmouth,86324,Northern,2002-10-04,Female,Divorced,2025-08-21
CUST_67c5,Patcharaporn Habpanom,chaifahsiripaiboo@yahoo.com,08-5931-2505,07961 Niracha Port Apt. 903,New Aunyapornberg,West Chayanin,35415,Central,1992-03-20,Other,Other,2025-09-22
CUST_4740,Wassaya Kitprapa,ypolauaypon@hotmail.com,09-3506-9486,52163 Ratchanon Rue,Sujjaboriboonberg,West Kamolchanokhaven,29871,Central,1992-05-27,Male,Widowed,2026-04-04
CUST_87d1,Pawan Sukhenai,phubeswannapaitoonsri@gmail.com,09-4228-1471,576 Pitipat Station Suite 611,Vethayasaschester,Lake Nutkritabury,68914,Eastern,2005-11-15,Male,Widowed,2025-07-17
CUST_e806,Arisara Choeychuen,kkongsri@yahoo.com,08-7459-4404,7040 Srisoontorn Villages,Parinfort,Lake Suwijukchester,45044,Central,1999-03-17,Other,Divorced,2025-09-14
CUST_4df4,Chalisa Matinawin,chawin80@yahoo.com,06-6513-4475,80464 Kumsoontorn Well,Darinview,Puntiraborough,09612,Central,2001-04-03,Female,Married,2025-08-13
CUST_4ed7,Pitipat Kamalanon,suvakit16@gmail.com,06-4061-4812,2966 Permchart Causeway,Thantananontland,West Pada,86385,Central,1996-05-01,Female,Other,2025-08-31
CUST_e275,Suwijuk Lertsattayanusak,yada57@hotmail.com,06-5174-0342,6629 Chayapat Dale,Port Nichakarnville,Habpanomhaven,15230,Southern,1996-08-16,Other,Single,2026-04-22
CUST_a757,Todsawun Posalee,supasit95@gmail.com,09-0621-6155,2174 Pongpanitch Road,Port Nutkrita,Suraprasertborough,54344,Northern,1983-01-04,Male,Divorced,2025-08-27
CUST_41ad,Chanya Prakalpawong,asooksawang@gmail.com,08-0266-2122,0516 Tungkasethakul Island,West Jitrinville,North Wasin,33278,Central,1999-10-19,Female,Single,2026-01-29
CUST_2036,Peem Sooksawang,anonsittisaowapak@hotmail.com,08-9190-0204,04105 Kumsoontorn Garden Apt. 273,North Nutwadee,Choeychuenside,70877,Central,2008-04-21,Other,Divorced,2025-01-28
CUST_68b7,Pawan Thantananont,kumsoontornnichakarn@hotmail.com,08-0769-1605,4989 Polpo Islands Suite 116,Port Sarunporn,Patchaployshire,16345,Central,1990-12-06,Female,Widowed,2025-08-19
CUST_abad,S M 3 Nutkrita Chomsri,benchapatranonparin@gmail.com,06-0847-7045,63193 Tunradee Rapids Apt. 497,East Pitipatton,Patchaployborough,54200,Central,1987-12-28,Other,Other,2025-10-17
CUST_7a6d,Suvakit Anekvorakul,bsiripaiboo@hotmail.com,06-6885-1447,088 Todsawun Lodge,Nichakarntown,Lake Tunchanokfurt,66327,Central,1994-04-28,Female,Divorced,2025-02-18
CUST_0741,Chanya Youprasert,siripaiboopattatomporn@hotmail.com,09-4719-1125,4902 Tunchanok Extension,Benchapatranonview,Prakalpawongstad,27087,Central,1993-05-04,Female,Widowed,2025-04-03
CUST_be31,Apisara Sireelert,pkittakun@gmail.com,09-8142-1601,73783 Srisoontorn Islands,Suraprachitmouth,North Arisara,34561,Central,1982-09-15,Other,Widowed,2025-07-31
CUST_5bda,Puntira Pitanuwat,trikasemmartpattatomporn@hotmail.com,06-3571-2516,85231 Pawan Courts Apt. 524,Choeychuentown,Sujjaboriboonton,29095,Northeast,1996-03-02,Other,Widowed,2025-07-14
CUST_460b,CAPT Pornchanok Neerachapong,suraprasertarisara@gmail.com,06-5954-0088,0535 Pikatsingkorn Squares Apt. 227,Tianvarichton,Port Nutwadeeburgh,72817,Central,1997-12-11,Male,Married,2025-09-14
CUST_4fbc,LT JG Arisara Pasuk,pitipatbunlerngsri@gmail.com,08-8717-6779,65675 Chaifah Circle,Port Arisarafort,Patcharapornview,56022,Southern,2000-11-03,Other,Widowed,2026-02-06
CUST_0584,Yada Vinyuvanichkul,sitiwatchomsri@gmail.com,09-5179-0914,503 Patcharaporn Prairie,Kitprapamouth,Primamouth,13238,Northern,1990-02-05,Female,Widowed,2025-09-30
CUST_b75f,PO 3 Puntira Sorattanachai,niracha47@gmail.com,06-6012-5362,641 Pakjira Points Suite 672,Port Teetattown,Sittikornport,71568,Northern,1990-10-20,Other,Married,2025-02-15
CUST_c36f,Tunchanok Polauaypon,thanatcha08@gmail.com,06-8223-0740,26535 Atit Lodge,Lake Pawan,South Nutchabury,33110,Northern,1999-04-16,Other,Widowed,2025-01-28
CUST_fefc,Supasit Anekvorakul,methavorakulpatcharaporn@hotmail.com,08-5748-6324,9112 Pattapon Bridge Apt. 413,Turongkinanonborough,Lake Supasitastad,15233,Southern,2000-11-08,Other,Single,2025-04-16
CUST_7a0c,Pak Sittisaowapak,zprachayaroch@hotmail.com,06-9675-9683,5274 Kamalanon Burg Apt. 651,Noppakaoburgh,New Puntira,36126,Northern,1999-03-04,Female,Single,2026-04-12
CUST_b3d7,Chaifah Suraprasert,pattamon89@gmail.com,06-1208-3330,987 Kamalanon Wells,Chanikanfurt,Chanyaburgh,58623,Central,1995-08-19,Male,Single,2026-04-11
CUST_6ca0,Teetat Prayoonhong,jitrinwasunun@gmail.com,08-3979-0512,708 Pornchanok Inlet Suite 088,East Patcharapornbury,Port Chanya,24458,Northern,2003-05-17,Male,Married,2026-05-23
CUST_a629,Yada Vinyuvanichkul,ucharoensuksopol@yahoo.com,06-4495-4802,61653 Chaihirankarn Mountains,West Chanyachester,West Darinfort,29204,Northern,1996-08-27,Other,Widowed,2026-04-11
CUST_72a4,Pornchanok Lertsattayanusak,pintusorn86@yahoo.com,08-0122-4431,00336 Patchaploy Fort Apt. 141,Pattaponchester,North Nattawun,29776,Central,1996-04-15,Female,Widowed,2025-01-15
CUST_ab80,Yanisa Thantananont,peembenchapatranon@gmail.com,06-5831-2758,93809 Pichpandecha Drives Suite 045,Lake Prames,Lake Supasitfort,55109,Northern,2007-09-21,Female,Married,2026-04-15
CUST_d35e,Sittikorn Sorattanachai,sorawut95@hotmail.com,09-4042-3463,1869 Puntira Knolls Suite 838,New Sittikorn,New Sarunpornfurt,65721,Northern,1988-04-04,Other,Divorced,2025-05-24
CUST_c21a,Chanikan Kittakun,yadakitprapa@yahoo.com,09-9066-5785,38609 Chaihirankarn Valley,East Pak,West Thanatchabury,85889,Central,1991-05-25,Other,Single,2025-09-16
CUST_f85c,Pannawich Todsapornpitakul,sorattanachaisarunporn@hotmail.com,09-8164-5085,793 Kitprapa Meadow Suite 189,Lake Pintusorn,South Jaruwanmouth,95833,Central,1998-11-02,Other,Divorced,2025-04-05
CUST_dfa5,Nutkrita Pothanun,nutchasrisoontorn@hotmail.com,08-1393-3727,02535 Matinawin Heights,South Tunchanok,North Pintusorn,31951,Northeast,1996-08-16,Female,Married,2026-04-30
CUST_0977,Sittikorn Wannapaitoonsri,kitprapasupasit@gmail.com,06-5321-2033,1797 Norramon Island,Chawinside,East Jitrin,65119,Northeast,1998-04-17,Other,Widowed,2025-07-28
CUST_7dc8,Pattamon Turongkinanon,todsapornpitakulpuntira@hotmail.com,06-1245-0758,29962 Pattatomporn Stravenue,New Primahaven,West Phenphitcha,24196,Central,1993-11-19,Other,Married,2026-04-12
CUST_e476,Pada Kitprapa,kunaporn68@yahoo.com,09-4122-8465,244 Kodchaporn Brook,Sitiwatchester,New Kamolchanokland,70226,Northern,1988-07-06,Female,Single,2025-03-12
CUST_7160,Chayapat Kongchayasukawut,ithantananont@gmail.com,09-1033-8294,31506 Pak Mountain Suite 127,Kodchapornhaven,Charoensuksopolmouth,01759,Western,1995-11-18,Male,Widowed,2025-04-16
CUST_e0d3,Arisara Prayoonhong,xsuraprasert@yahoo.com,06-8285-2325,2745 Chomsri Street Apt. 917,Lake Sitiwat,Chaiwutchester,11157,Northern,2008-11-11,Male,Single,2025-09-04
CUST_622e,Aunyaporn Youprasert,tunchanokpitanuwat@hotmail.com,08-0153-6456,761 Intaum Loaf,Prakalpawongshire,East Phenphitcha,45369,Northeast,2001-06-26,Other,Other,2025-07-04
CUST_daf7,Nutkrita Benchapatranon,losatapornpipitpada@yahoo.com,06-3852-7502,068 Peem Fork Suite 882,East Kodchaporn,Lake Niracha,11713,Central,1988-04-21,Male,Widowed,2025-11-10
CUST_845f,SEA-MAN Sorawut Siripaiboo,sittikorn05@hotmail.com,09-0666-3639,23587 Sooksawang Land,North Nichakarnchester,South Wasinhaven,44533,Central,1989-06-21,Other,Widowed,2025-08-23
CUST_58e3,FS 3 Arisara Norramon,anekvorakulkulnun@gmail.com,09-6700-2910,7518 Kongsri Valley,West Phenphitchafurt,West Niracha,30203,Central,1994-04-09,Male,Other,2026-03-16
CUST_9652,Suwijuk Phusilarungrueng,wlosatapornpipit@hotmail.com,06-9758-2409,702 Pannawich Garden Apt. 105,Darinhaven,West Kulnunside,55270,Northeast,2008-01-06,Female,Divorced,2026-02-15
CUST_8884,Tunradee Norramon,tpasuk@gmail.com,06-1533-0337,577 Intaum Harbor,East Pannawich,South Tunchanok,18080,Central,2006-08-08,Female,Other,2026-03-18
CUST_8ab3,ADM Jaruwan Wannapaitoonsri,kunaporn53@gmail.com,08-5472-3037,6689 Pattapon Shoal Apt. 230,Kunapornside,Tianvarichview,73612,Central,2001-06-28,Other,Married,2025-06-10
CUST_a304,Pattapon Chaisatit,phenphitcha46@gmail.com,06-3435-7358,2625 Jaruwan Plaza Apt. 945,East Pannawichchester,Port Parinview,52135,Western,1999-02-08,Male,Single,2025-10-23
CUST_ec96,POL CPL Chayapat Chomsri,nintaum@yahoo.com,09-1050-3416,66704 Jinjuta Pine Apt. 104,West Tunradee,Supasitaton,10307,Central,1994-01-19,Other,Divorced,2025-08-10
CUST_fb52,Anon Wasunun,chayanin30@hotmail.com,08-4733-6498,931 Titipatrayunyong Isle,Kodchapornport,South Wassaya,59837,Central,1999-12-04,Male,Married,2025-08-02
CUST_6f41,Darin Charoensuksopol,tunchanokprachayaroch@hotmail.com,06-1289-5410,17444 Pattapon Land,East Sitiwat,Chaisatitshire,23363,Northern,2008-12-23,Other,Other,2026-02-16
CUST_c78e,Prima Sujjaboriboon,ikongchayasukawut@hotmail.com,06-1401-9395,09776 Pak Junction,Nattawunburgh,Chalisafurt,02650,Central,1991-11-09,Female,Married,2025-11-21
CUST_98fb,FLG OFF Sittikorn Prakalpawong,gwimolnot@hotmail.com,09-0517-9296,34925 Kamalanon Mills Apt. 608,North Pawan,East Arisara,20708,Northern,1996-04-08,Other,Married,2025-03-23
CUST_752e,Wasin Phusilarungrueng,prames53@yahoo.com,06-9817-8186,9660 Pachongruk Village Apt. 616,West Chaifah,West Jitrin,42563,Western,1984-07-07,Female,Married,2026-02-19
CUST_0995,Nutkrita Methavorakul,pitanuwattunchanok@hotmail.com,09-3187-2071,4367 Charoensuksopol Union Apt. 161,Lake Pattamon,New Chaifah,30022,Central,1991-06-13,Female,Divorced,2026-01-30
CUST_1473,Teetat Bunlupong,atit58@gmail.com,06-5351-7049,9283 Kunaporn Ridge Apt. 080,Wimolnotview,Sukhenaifurt,49638,Northern,2005-08-11,Other,Single,2025-08-09
CUST_0a7d,Phubes Polpo,gphusilarungrueng@yahoo.com,06-5915-5092,25795 Pianduangsri Loaf Suite 933,Kodchapornport,Puntirachester,12679,Central,1993-04-08,Male,Divorced,2025-01-08
CUST_012f,Phubes Neerachapong,pitipat18@gmail.com,06-2232-3200,39460 Sujjaboriboon Parkway Suite 983,Choeychuenburgh,Lake Teetatbury,29225,Northern,2008-09-11,Male,Married,2026-02-02
CUST_2a39,Apisara Pianduangsri,habpanomthanatcha@hotmail.com,09-9754-6424,480 Yanisa Avenue,North Peemport,East Jaruwan,40524,Eastern,2002-05-02,Other,Divorced,2025-01-12
CUST_b9de,Supasita Vethayasas,phubessuraprasert@hotmail.com,09-2536-2621,49944 Chaihirankarn Drive Apt. 172,Posaleebury,Pakland,33620,Central,2002-05-05,Female,Married,2026-05-21
CUST_8521,Niracha Losatapornpipit,chalisakongchayasukawut@gmail.com,09-5894-5612,6474 Anekvorakul Groves Apt. 130,Pintusornburgh,Pachongrukfurt,46003,Southern,1998-11-04,Male,Other,2025-08-15
CUST_74dd,Prames Youprasert,imethavorakul@hotmail.com,09-5506-3143,62799 Chanya Canyon Suite 725,Polpomouth,Neerachapongview,52919,Southern,2001-01-04,Female,Other,2025-04-19
CUST_15fc,Wasin Wimolnot,wassayaprakalpawong@hotmail.com,08-1185-9688,4609 Teetat Turnpike Suite 470,Lake Pitipatberg,North Kunaporn,11202,Northeast,1999-07-19,Male,Other,2026-02-08
CUST_ee54,Pintusorn Phusilarungrueng,pikatsingkornpornchanok@yahoo.com,08-9833-1664,8026 Tunradee Mountains Suite 298,Pintusornshire,Methavorakulchester,12631,Northern,1999-11-17,Female,Married,2026-02-22
CUST_11bb,Aunyaporn Sittisaowapak,wimolnotpattatomporn@hotmail.com,08-4444-1974,801 Suraprachit Lock Apt. 515,Lake Pitipatstad,Krittayanukoonfurt,88046,Western,2000-04-11,Other,Married,2025-05-14
CUST_cd25,Apisara Chomsri,pawan31@gmail.com,08-3818-2897,6479 Kunaporn Garden Apt. 976,Pianduangsriland,Kitprapamouth,01843,Northeast,2006-09-17,Other,Divorced,2026-03-06
CUST_2e29,Wassaya Bunlupong,dpolpo@gmail.com,08-5640-9013,6008 Prayoonhong Rue,Chanyabury,Yanisahaven,55257,Northeast,1996-12-19,Male,Married,2026-05-04
CUST_04c6,Chayapat Permchart,pintusornkamalanon@gmail.com,09-5794-7790,512 Sireelert Hill Suite 095,East Phenphitcha,Port Arisara,12296,Northern,1994-03-25,Male,Single,2025-09-25
CUST_f24a,Prima Permchart,pmatinawin@hotmail.com,09-7524-6434,3536 Peem Mountain,Lake Sorawutport,South Chanikan,15707,Northern,1988-11-17,Other,Other,2025-12-06
CUST_d50c,Supasita Srisoontorn,matinawinprames@yahoo.com,08-7704-4932,11492 Thantananont Junction,South Nattawunfurt,North Pattaponmouth,46254,Central,2000-11-28,Female,Divorced,2025-10-23
CUST_fc73,Chaifah Polauaypon,todsawunkongsri@gmail.com,08-6937-3094,3011 Chalisa Mountain Apt. 075,North Apisaraton,Chaifahhaven,83970,Southern,1987-11-15,Male,Widowed,2025-12-11
CUST_b94d,Jitrin Turongkinanon,peemanekvorakul@yahoo.com,06-1712-7302,880 Kitprapa Freeway Apt. 323,Port Chayanin,New Kodchapornport,19095,Central,1986-08-25,Other,Single,2026-04-08
CUST_f7ca,POL L/C Pak Permchart,jitrin97@yahoo.com,08-3674-9460,7968 Pawan Shoal,Tunchanokland,Kittakunfurt,10028,Central,1995-05-11,Female,Other,2026-03-24
CUST_c93e,Chawin Thantananont,chalisanorramon@hotmail.com,09-4288-9374,1182 Prayoonhong Squares Apt. 527,Posaleeside,East Jitrinberg,32711,Southern,1992-10-05,Male,Other,2025-06-01
CUST_80c3,Chanikan Wasunun,nutcha17@yahoo.com,08-4046-1427,68364 Chomsri Way Suite 208,Sujjaboriboonview,South Pornchanok,69635,Northern,1999-10-03,Other,Single,2026-03-29
CUST_7321,Sitiwat Boonpungbaramee,sbenchapatranon@yahoo.com,06-7988-8162,3392 Patcharaporn Rue,Port Arisaratown,South Pattatomporn,09886,Southern,2003-12-28,Male,Married,2026-04-27
CUST_8d54,Supasita Methavorakul,kumsoontornpatchaploy@hotmail.com,09-8589-0650,6103 Nichakarn Divide Suite 354,Noppakaomouth,South Anon,49239,Central,1992-08-12,Other,Other,2025-05-10
CUST_f64f,Chawin Wasunun,hpolauaypon@yahoo.com,09-4904-3059,42217 Pornchanok Corner Suite 702,New Nutwadee,Peemfort,97644,Northern,1985-04-11,Other,Divorced,2025-12-28
CUST_222f,MAJ GEN Nutkrita Bunlerngsri,pattatomporn64@gmail.com,09-5709-1849,33496 Wassaya Creek,Boonpungbarameefurt,Bunlupongbury,55776,Northern,1998-03-20,Female,Widowed,2026-04-14
CUST_77cb,Sittikorn Prakalpawong,wlertsattayanusak@yahoo.com,08-1101-9823,53371 Wimolnot Extensions Apt. 120,Atitfort,Port Parin,97689,Northern,2002-05-02,Female,Single,2026-02-11
CUST_95ab,Pattamon Benchapatranon,esorattanachai@hotmail.com,08-8248-8648,602 Jaruwan Knolls,Wassayaberg,Sooksawangburgh,36992,Central,1994-12-17,Other,Divorced,2025-05-20
CUST_f469,FLG OFF Jaruwan Bunlupong,pakjiraintaum@yahoo.com,06-2427-6800,09566 Supasit Shore Suite 257,Prayoonhongchester,Aunyaporntown,67173,Northeast,2000-01-07,Other,Other,2026-01-31
CUST_21b0,Chawin Wimolnot,pintusorn15@gmail.com,08-9451-7594,9871 Chaisatit Club Apt. 121,Prakalpawongton,Chawinport,69842,Northern,1995-10-12,Male,Other,2025-01-02
CUST_06ac,Phenphitcha Siripaiboo,pakjira14@hotmail.com,09-2045-6977,150 Charoensuksopol Fall,Youprasertland,Prakalpawongbury,18787,Central,1995-03-13,Female,Widowed,2025-09-27
CUST_2a40,Pakjira Turongkinanon,supasitawannapaitoonsri@gmail.com,09-1575-0399,762 Ratchanon Estate Apt. 882,Apisaramouth,North Sarunporn,42915,Eastern,1984-05-11,Female,Other,2026-03-20
CUST_3867,Nichakarn Prachayaroch,niracha75@gmail.com,06-1028-6336,7006 Wasin Pine Apt. 690,South Tunchanok,Port Sittikorn,27603,Northern,1999-08-27,Male,Married,2025-08-11
CUST_b880,WG CDR Yanisa Anekvorakul,pawan48@yahoo.com,06-3838-0323,3418 Kongsri Ranch,Chaisatitchester,Neerachapongview,14293,Central,1998-11-14,Male,Widowed,2025-12-05
CUST_6844,Patcharaporn Prachayaroch,kamalanonwasin@gmail.com,08-6886-6005,9568 Chawin Island,Anekvorakulside,Thantananontstad,49596,Central,2002-01-01,Female,Other,2025-05-27
CUST_46d7,Arisara Benchapatranon,hsujjaboriboon@yahoo.com,06-5540-4368,747 Kulnun Mission,Prachayarochshire,West Supasitamouth,92820,Central,1995-10-22,Other,Widowed,2026-03-18
CUST_e493,POL CAPT Suwijuk Krittayanukoon,pattapon29@yahoo.com,06-1436-3573,5819 Habpanom Plains,West Phenphitchafurt,Habpanomside,53300,Eastern,1992-04-21,Female,Married,2026-01-27
CUST_0b32,POL MAJ GEN Arisara Permchart,pitipat23@yahoo.com,08-0197-8980,1552 Kongsri Pines,Chawinstad,Sujjaboriboonburgh,13920,Northern,1994-03-11,Female,Other,2025-04-29
CUST_b983,Chayanin Matinawin,nutkritamatinawin@gmail.com,09-5968-2754,57570 Thantananont Mountain,Nutkritamouth,New Chaiwut,62707,Central,2001-06-25,Male,Other,2026-01-20
CUST_b7d4,SQN LDR Sitiwat Todsapornpitakul,darinthantananont@yahoo.com,09-7256-5383,3029 Pornchanok Shore,Pitanuwatmouth,West Atit,31485,Northeast,1996-07-12,Other,Single,2025-09-24
CUST_e1e8,POL SGT Pada Suraprachit,sarunpornintaum@hotmail.com,06-2060-9404,8999 Yada Run Apt. 275,West Jaruwanmouth,North Atitburgh,08793,Central,1992-04-09,Male,Other,2025-11-12
CUST_ec53,Noppakao Trikasemmart,phubessuraprasert@yahoo.com,09-8064-9113,1938 Chanya Corners Apt. 334,Aunyapornfort,West Prima,15346,Central,2003-04-04,Male,Married,2026-01-06
CUST_5162,Jitrin Chaihirankarn,vethayasaschanya@gmail.com,09-0352-2526,8964 Arisara Centers Suite 795,Posaleemouth,West Sorawut,60187,Central,1994-09-27,Female,Widowed,2025-03-15
CUST_93c7,Chaifah Kongchayasukawut,jaruwan98@yahoo.com,06-9817-6358,6831 Pongpanitch Village Apt. 638,Jaruwanshire,Lake Sarunporn,82961,Western,2006-08-01,Other,Divorced,2025-09-20
CUST_4f9e,Atit Intaum,wasin50@hotmail.com,06-5578-5861,87195 Apisara Throughway,Pattamonshire,Nutwadeeshire,24948,Central,1989-08-26,Other,Widowed,2025-07-18
CUST_f0fd,Darin Sujjaboriboon,chanyawannapaitoonsri@yahoo.com,09-3986-3354,209 Nutwadee Summit,Nichakarnstad,Pintusornville,20762,Northern,2005-09-17,Other,Married,2025-09-04
CUST_56b6,FS 1 Parin Kittakun,jaruwan99@gmail.com,08-0800-4108,477 Tianvarich Dam Apt. 040,Lake Pornchanokland,Lertsattayanusakhaven,70597,Central,1993-03-20,Male,Married,2025-10-09
CUST_0a86,Pitipat Kitprapa,rbenchapatranon@hotmail.com,09-4171-0944,599 Chomsri Plains Suite 403,Lertsattayanusakton,South Prima,33920,Northern,1995-07-09,Male,Single,2025-07-03
CUST_654b,Pawan Pongpanitch,kongchayasukawutsittikorn@gmail.com,09-9936-1365,0491 Pada Mission Apt. 512,Pichpandechaside,Pakjiraton,67603,Central,1989-02-26,Female,Other,2025-11-13
CUST_39f8,Chalisa Permchart,kulnun71@yahoo.com,08-7694-6227,96384 Kamalanon Alley,Chomsribury,Darinview,21904,Central,1998-02-10,Other,Divorced,2025-11-19
CUST_3f43,Nutwadee Kongsri,cintaum@hotmail.com,09-4910-0507,9647 Kumsoontorn Ports Suite 983,New Phubesside,Sukhenaichester,58184,Northern,2005-07-07,Female,Divorced,2026-01-14
CUST_0013,POL SGT Thanatcha Intaum,kunaporn93@gmail.com,08-0322-7640,325 Noppakao Brook,Nutwadeemouth,Thantananontland,99365,Northeast,1992-12-26,Male,Divorced,2026-05-13
CUST_38c6,Supasit Sujjaboriboon,chaifah79@yahoo.com,06-4161-8653,4407 Kunaporn Tunnel,Patcharapornview,Lake Jitrintown,40848,Northeast,1993-12-10,Male,Divorced,2026-01-31
CUST_71c9,Chalisa Pasuk,tkitprapa@yahoo.com,08-5198-3460,168 Niracha Divide,Anekvorakulton,New Teetat,98103,Central,2003-01-21,Male,Married,2025-02-02
CUST_07be,Tunradee Phusilarungrueng,charoensuksopolpattatomporn@hotmail.com,09-1574-8287,892 Kitprapa Points Suite 903,New Supasita,Tungkasethakulshire,59972,Central,1991-01-19,Male,Other,2025-01-08
CUST_de12,Arisara Titipatrayunyong,trikasemmartchalisa@hotmail.com,09-9861-7984,3022 Chaiwut Locks,Pornchanokfurt,Pikatsingkornmouth,15522,Northeast,2000-01-07,Other,Divorced,2025-01-29
CUST_1d4a,Thanatcha Pichpandecha,okittakun@hotmail.com,09-0729-4192,925 Krittayanukoon Fords Suite 539,Kodchapornville,Sooksawangville,44946,Eastern,2003-06-02,Female,Other,2026-02-07
CUST_c521,Wasin Bunlerngsri,kamolchanoksorattanachai@gmail.com,06-6225-1783,1461 Anon Stravenue Suite 332,Chayapatshire,Port Chayanin,66732,Northern,2002-07-05,Other,Single,2025-01-31
CUST_92c7,Niracha Choeychuen,matinawinsuwijuk@yahoo.com,08-0293-8704,46599 Todsapornpitakul Mill,Pattapontown,Lake Pachongruk,70922,Northern,1992-05-26,Other,Widowed,2025-06-10
CUST_5528,Chayanin Pianduangsri,lpongpanitch@yahoo.com,06-3413-2429,1690 Yanisa Key Apt. 807,Tianvarichmouth,Wimolnotville,38637,Central,1986-01-26,Female,Widowed,2025-06-15
CUST_c59d,Sittikorn Pitanuwat,anon75@yahoo.com,09-8109-8360,418 Benchapatranon Station,North Pada,Lake Yada,52520,Northern,1994-09-01,Other,Divorced,2026-04-14
CUST_a236,Noppakao Pianduangsri,pitipatmethavorakul@yahoo.com,09-8304-7791,847 Thantananont Corners Suite 150,West Thanatcha,Neerachapongstad,73083,Central,2003-11-17,Other,Divorced,2025-11-19
CUST_c35a,Apisara Losatapornpipit,nutkritakumsoontorn@yahoo.com,09-2672-2625,005 Methavorakul Burgs,West Chaifahbury,Atithaven,43430,Western,2001-04-20,Other,Single,2026-01-09
CUST_842f,Pannawich Anekvorakul,ssireelert@yahoo.com,06-4498-7318,5075 Boonpungbaramee Prairie Suite 653,Noppakaoton,New Chayanin,02854,Northern,1992-10-19,Other,Married,2025-09-08
CUST_1306,Puntira Habpanom,pichpandechaanon@gmail.com,06-0469-1103,40023 Pawan Isle Apt. 502,Chanikanborough,West Kulnunstad,58212,Northeast,1999-07-16,Other,Widowed,2025-12-09
CUST_fc48,Chaifah Tianvarich,tlosatapornpipit@hotmail.com,09-6788-7179,13280 Anon Trafficway,Arisarafort,Lake Phenphitchaborough,58017,Southern,1994-04-17,Female,Single,2025-09-02
CUST_8809,Nutkrita Sittisaowapak,siripaiboosupasit@yahoo.com,06-3799-1169,5958 Todsawun Junction Suite 232,Jitrintown,Bunlupongbury,84159,Northern,1999-06-09,Other,Widowed,2025-07-26
CUST_2d9e,Pintusorn Prachayaroch,pitipatanekvorakul@gmail.com,09-3164-1551,77589 Pattapon Crest,East Anon,Matinawinchester,56834,Northeast,1994-07-16,Male,Divorced,2026-05-04
CUST_cff7,Chawin Pothanun,youpraserttunradee@yahoo.com,06-5007-8359,231 Benchapatranon Turnpike Apt. 060,Primashire,South Kulnun,07180,Central,1990-11-28,Female,Single,2025-06-12
CUST_bc5c,Niracha Todsapornpitakul,sukhenaikulnun@gmail.com,06-7500-4622,255 Apisara Route,Prachayarochfort,Thantananontfurt,57891,Northern,1999-12-01,Male,Other,2025-12-21
CUST_8352,LT COL Chaifah Sittisaowapak,prachayarochnattawun@hotmail.com,09-9954-8480,0576 Nichakarn Corner,Port Nutkrita,Posaleebury,28387,Northeast,2000-03-11,Male,Widowed,2025-04-22
CUST_9e69,Kamolchanok Tungkasethakul,ratchanonyouprasert@hotmail.com,06-5972-4208,199 Yada Route,Pitipatberg,Tianvarichland,41524,Northern,1993-09-25,Male,Other,2025-07-10
CUST_4c73,Jitrin Charoensuksopol,srisoontornwassaya@yahoo.com,09-9496-8703,8097 Vinyuvanichkul Summit,Todsapornpitakulbury,Port Pitipatland,22012,Southern,2003-12-10,Female,Widowed,2025-02-02
CUST_da24,S M 2 Teetat Benchapatranon,choeychuenteetat@yahoo.com,08-7925-6544,8671 Prachayaroch Trace,Pitipatburgh,West Darin,88401,Central,1992-04-12,Other,Married,2026-01-01
CUST_e4ea,Pintusorn Phusilarungrueng,akumsoontorn@hotmail.com,08-9102-6424,5697 Methavorakul Square,Matinawinview,South Darin,34464,Northeast,2004-02-01,Other,Married,2025-11-02
CUST_526d,Ratchanon Permchart,ppothanun@gmail.com,08-4770-1644,43592 Chanikan Ways Apt. 483,Primastad,Sorawuthaven,91137,Western,1996-08-06,Female,Single,2025-09-20
CUST_09b0,M L Wasin Sireelert,chanikanpothanun@hotmail.com,06-5491-9034,22208 Pikatsingkorn Point,Pianduangsrimouth,Neerachapongburgh,39793,Northeast,1994-03-21,Male,Widowed,2026-01-26
CUST_5122,Pak Wasunun,wasununchanya@gmail.com,09-0926-8438,762 Pitanuwat Curve Suite 883,Lake Chanikan,Lake Jitrinchester,61945,Central,1988-10-11,Other,Widowed,2025-07-31
CUST_92b3,Chayanin Suraprasert,chanikan22@hotmail.com,06-1354-5836,2646 Tungkasethakul Lock Suite 027,Posaleeview,West Tunchanokburgh,65214,Central,1983-04-17,Other,Divorced,2026-01-21
CUST_e08e,Tunchanok Intaum,akitprapa@gmail.com,09-9161-2257,1091 Anon Shoal Apt. 896,Tungkasethakulchester,Port Chalisa,33676,Northeast,1993-01-28,Other,Other,2025-10-06
CUST_879c,POL SUB LT Sitiwat Todsapornpitakul,wasin42@gmail.com,08-7935-5724,506 Arisara Freeway,Jaruwanton,Chayapatport,05964,Northeast,1985-10-19,Female,Divorced,2025-06-13
CUST_a198,S M 1 Patchaploy Losatapornpipit,thantananonttodsawun@yahoo.com,08-5383-5037,72572 Kamalanon Ports Apt. 582,Permchartchester,Chayaninbury,27761,Northeast,2003-06-21,Female,Other,2026-01-30
CUST_bf81,Patchaploy Pichpandecha,sukhenaipattamon@yahoo.com,06-2238-9698,4516 Suwijuk Mill,West Sorawut,West Chalisastad,66583,Central,1995-12-08,Other,Married,2025-01-16
CUST_5d08,Chaifah Intaum,ochomsri@hotmail.com,08-3215-5330,28064 Jaruwan Skyway,Tianvarichberg,New Yada,03693,Western,1994-10-14,Other,Divorced,2025-05-19
CUST_0a59,Nutcha Wimolnot,patcharapornsujjaboriboon@gmail.com,08-6873-6485,729 Pichpandecha Mountains,East Pattapontown,Port Yadaville,36542,Western,1999-12-03,Male,Single,2025-02-24
CUST_7186,LT GEN Kamolchanok Kittakun,yanisa75@yahoo.com,08-3110-9125,1677 Pornchanok Ramp,South Phubes,New Kodchaporn,14158,Northern,2005-04-11,Other,Widowed,2025-07-03
CUST_12a7,Nichakarn Intaum,phenphitcha38@gmail.com,09-8232-3252,6373 Vinyuvanichkul Throughway,West Prameston,Suraprasertland,36298,Northern,1994-02-04,Other,Other,2025-12-30
CUST_a797,Yanisa Kongchayasukawut,pakjira12@yahoo.com,08-0587-5861,458 Tungkasethakul Freeway Apt. 164,Todsapornpitakulmouth,Pianduangsrimouth,32883,Northern,2007-07-04,Other,Married,2025-12-16
CUST_d0ce,Darin Kamalanon,chayaninturongkinanon@hotmail.com,08-2397-7455,7537 Wannapaitoonsri Branch Suite 517,Kulnunshire,Sarunpornmouth,74031,Central,1989-10-04,Male,Widowed,2026-03-31
CUST_c6e0,PO 3 Nattawun Siripaiboo,tunradeehabpanom@yahoo.com,06-4488-3680,8294 Sorawut Mountain Suite 766,Pichpandechabury,North Nirachatown,65253,Central,2002-06-09,Female,Widowed,2025-08-20
CUST_75c9,Phubes Todsapornpitakul,wannapaitoonsripawan@hotmail.com,09-4370-1603,235 Kulnun Station,Lake Tunradee,West Prima,01012,Central,1996-01-09,Male,Widowed,2026-02-12
CUST_bc56,Nutkrita Pongpanitch,prachayarochchayanin@gmail.com,09-3951-0014,550 Suvakit Junctions,Tunchanokmouth,North Darin,62703,Northern,2007-04-16,Male,Widowed,2025-10-12
CUST_512d,Pattamon Polpo,chaiwut78@yahoo.com,09-7270-3471,979 Yada Forks,Pongpanitchshire,Supasitaside,24974,Northern,2006-11-26,Other,Married,2025-07-26
CUST_9307,Chaifah Suraprachit,tunchanokbenchapatranon@gmail.com,06-4243-6677,89191 Ratchanon Plains,New Patchaployview,North Phubes,79349,Central,1985-10-19,Female,Divorced,2025-10-04
CUST_7600,Pawan Siripaiboo,bprachayaroch@yahoo.com,09-3076-4997,1325 Prachayaroch Unions Apt. 615,Port Phubes,East Chanya,25092,Northern,2006-06-19,Other,Single,2025-01-14
CUST_1218,Patcharaporn Chomsri,prachayarochkodchaporn@yahoo.com,09-9041-4546,20085 Kumsoontorn Motorway Apt. 039,Lake Kulnun,Anonberg,76706,Northern,2002-11-07,Other,Widowed,2025-09-04
CUST_e2b7,Patchaploy Wimolnot,pitipatlosatapornpipit@hotmail.com,08-3029-4043,779 Wimolnot Court,Prakalpawongland,West Wasin,31186,Western,1999-10-02,Female,Divorced,2025-05-29
CUST_63c9,SEA-MAN Ratchanon Prachayaroch,ppichpandecha@yahoo.com,09-2027-1840,8645 Supasit Walks Suite 250,Supasitshire,Port Wasinbury,05472,Southern,1985-10-09,Male,Widowed,2025-08-10
CUST_730e,PVT Phenphitcha Kongchayasukawut,teetatsukhenai@gmail.com,09-7022-6092,423 Wannapaitoonsri Parkways Suite 787,Pintusornburgh,Prachayarochmouth,49222,Northern,2002-07-17,Female,Single,2025-08-15
CUST_171f,Pachongruk Lertsattayanusak,pramessukhenai@gmail.com,08-2541-3704,573 Pattamon Via Suite 459,Chaisatittown,West Peemside,22354,Northern,2007-06-10,Female,Widowed,2025-12-26
CUST_4586,Parin Wannapaitoonsri,kongsritunradee@gmail.com,06-8079-8228,0527 Niracha Hill Suite 755,Port Patcharaporn,Tunradeeburgh,52514,Central,2008-07-20,Male,Widowed,2025-12-13
CUST_f858,Prames Wannapaitoonsri,jaruwansukhenai@hotmail.com,09-6285-4128,93207 Wannapaitoonsri Station Suite 587,Losatapornpipitview,Nutwadeeton,54829,Central,1997-04-22,Other,Widowed,2026-02-09
CUST_a3f8,Sarunporn Methavorakul,pannawich05@gmail.com,09-4180-2412,043 Bunlupong Pike Apt. 566,Chaifahberg,Sittisaowapakhaven,98889,Central,1994-04-19,Female,Divorced,2026-03-12
CUST_f0b2,Tunchanok Chowitunkit,chayapat68@gmail.com,06-1884-4182,81431 Prayoonhong Extension Apt. 997,Thanatchastad,Intaummouth,26354,Central,1988-08-06,Female,Married,2025-08-27
CUST_d13e,POL SGT MAJ Anon Sorattanachai,puntirachoeychuen@yahoo.com,06-4944-5261,4457 Polauaypon Knoll,West Yanisafurt,South Chawin,72629,Northern,1995-12-08,Other,Other,2025-11-24
CUST_1b22,Apisara Choeychuen,usuraprasert@hotmail.com,06-9101-9668,4283 Supasit Squares,Kamalanonbury,Lertsattayanusakstad,74990,Northern,2002-07-18,Female,Divorced,2025-06-22
CUST_5d36,PHRASAMU Jinjuta Bunlerngsri,msooksawang@hotmail.com,06-2358-9330,992 Wannapaitoonsri Road,Port Puntira,East Tunchanokmouth,75478,Central,2008-04-16,Male,Married,2026-02-27
CUST_ba97,Jaruwan Choeychuen,jitrinsukhenai@gmail.com,08-5709-8050,466 Chaiwut Roads,New Nutwadeetown,Chomsrifort,62321,Northern,1999-09-21,Male,Married,2025-02-24
CUST_2a32,Puntira Wannapaitoonsri,pikatsingkornpattatomporn@hotmail.com,08-2101-9320,907 Turongkinanon Junction Apt. 756,Lake Sitiwathaven,Turongkinanonburgh,69995,Northern,1987-12-25,Male,Single,2025-06-24
CUST_187b,Kulnun Sittisaowapak,pikatsingkornapisara@hotmail.com,09-7946-9809,674 Pannawich Islands,West Suvakit,West Phubes,20394,Northeast,1999-06-16,Other,Other,2026-03-25
CUST_8eac,Arisara Bunlupong,darinphusilarungrueng@yahoo.com,09-5266-6835,840 Posalee Place,Supasitaville,Lake Supasitport,50189,Northeast,1997-06-15,Female,Married,2026-03-30
CUST_f7bf,Apisara Srisoontorn,puntira53@yahoo.com,06-8834-1092,458 Phusilarungrueng Mills Suite 479,New Pannawich,North Peem,89340,Northern,1998-02-21,Female,Single,2025-04-19
CUST_4803,Patcharaporn Vethayasas,qmethavorakul@yahoo.com,06-7190-6930,864 Jaruwan Route Suite 130,Lake Pakburgh,Suraprachitstad,29449,Northeast,2008-07-05,Male,Widowed,2025-04-15
CUST_6745,Sarunporn Suraprachit,wcharoensuksopol@hotmail.com,06-2719-3499,69992 Pothanun Plains,Todsapornpitakultown,Kamalanonton,97976,Southern,1992-11-28,Other,Married,2025-09-28
CUST_6312,Chanikan Kitprapa,dsukhenai@gmail.com,06-7683-1215,1726 Jinjuta Radial Suite 130,Apisaraberg,New Kulnunland,94750,Northeast,2001-12-02,Other,Single,2026-02-26
CUST_20ec,Suwijuk Intaum,darinanekvorakul@gmail.com,06-9122-2657,57700 Pakjira Street Apt. 352,Darinside,South Nutcha,39356,Central,1990-11-01,Other,Divorced,2025-01-03
CUST_fde8,LT COL Pak Pitanuwat,suraprachitapisara@gmail.com,09-7895-5765,581 Sarunporn Glens Suite 807,East Jitrinport,Methavorakulville,95835,Central,1998-12-23,Other,Other,2025-06-15
CUST_d43f,Patchaploy Pianduangsri,chanikanwimolnot@gmail.com,08-5252-9856,27524 Todsawun Cliffs Suite 427,South Phubestown,Srisoontornport,28992,Northern,2003-06-18,Other,Divorced,2025-06-29
CUST_55ea,Nutcha Krittayanukoon,youprasertsupasita@gmail.com,09-0343-5625,131 Pak Wall,Lake Suvakitton,New Nutkrita,66626,Central,2000-07-14,Other,Other,2025-09-16
CUST_a052,Yada Pitanuwat,zlosatapornpipit@gmail.com,09-6074-7262,01322 Sukhenai Curve,Port Atitland,Sujjaboriboonside,41487,Northeast,1991-07-28,Other,Widowed,2025-08-29
CUST_7715,Jitrin Matinawin,thanatchabunlupong@hotmail.com,09-2861-0902,6012 Chanya Cliff Apt. 120,West Supasita,North Suvakit,33794,Northeast,1986-07-11,Male,Married,2026-01-13
CUST_a510,Aunyaporn Sorattanachai,jaruwanwimolnot@gmail.com,09-6148-0412,469 Chaifah Union Apt. 939,West Nutchahaven,West Chayanin,96743,Northern,2006-10-01,Female,Divorced,2025-09-10
CUST_1b8e,Nattawun Tungkasethakul,vinyuvanichkuljitrin@gmail.com,08-1388-9384,15499 Wassaya Circles Suite 998,Suraprasertview,Chayapatfort,93090,Western,1993-04-01,Male,Widowed,2025-02-06
CUST_c76a,Nutwadee Choeychuen,tunchanokkamalanon@gmail.com,06-2747-9243,7209 Puntira Roads Apt. 977,Padaton,Phubesbury,45885,Central,2001-12-10,Female,Other,2025-11-26
CUST_8b13,Patcharaporn Kamalanon,dpermchart@yahoo.com,09-2519-3512,72409 Vethayasas Fork,Bunlupongmouth,New Jitrin,55621,Northeast,2005-03-17,Male,Widowed,2025-07-29
CUST_d651,Chaiwut Pianduangsri,mthantananont@hotmail.com,06-1894-9215,20082 Kamolchanok Green Suite 451,Port Pattaponville,Suvakitside,02181,Northeast,2000-12-13,Female,Married,2025-10-21
CUST_a893,Chayanin Sukhenai,tunchanok70@gmail.com,08-9077-6470,7814 Sorattanachai Flat,Chaiwutside,North Jinjuta,35724,Northeast,1992-10-15,Male,Divorced,2025-10-19
CUST_b7ee,Kodchaporn Kitprapa,apothanun@hotmail.com,08-6051-7099,8115 Turongkinanon Viaduct Apt. 792,Lake Kodchapornhaven,Port Chayanin,27467,Western,1994-01-22,Male,Widowed,2025-10-06
CUST_67ca,Yada Neerachapong,fkamalanon@gmail.com,09-0820-2013,20557 Pasuk Squares Apt. 668,North Parin,Pachongrukville,14317,Central,2008-12-08,Other,Single,2025-04-02
CUST_f662,Supasit Norramon,yanisawasunun@gmail.com,06-6030-4733,4569 Peem Street Suite 420,Arisaramouth,Port Anon,54234,Central,1999-03-03,Male,Divorced,2025-12-01
CUST_bbc6,POL SEN SGT MAJ Supasita Boonpungbaramee,pornchanok94@yahoo.com,06-4681-0735,2858 Pornchanok Ports,Sujjaboriboonburgh,New Yanisaton,16082,Northern,1990-08-11,Male,Single,2025-11-15
CUST_a89d,Nutwadee Kamalanon,sitiwat70@hotmail.com,09-4183-8132,4812 Sorattanachai Ford,East Patcharapornshire,Port Tunchanokstad,69920,Northern,2000-07-07,Other,Divorced,2025-12-28
CUST_dfb5,Chaifah Pitanuwat,wphusilarungrueng@hotmail.com,06-5682-6552,603 Prames Port Apt. 955,Anekvorakulmouth,Wassayatown,58446,Central,1994-09-26,Male,Widowed,2025-11-23
CUST_8477,Nutwadee Vethayasas,kodchaporn59@hotmail.com,08-4939-4331,5878 Yada Turnpike,New Tunchanok,Lake Suwijuk,53618,Northeast,1997-01-05,Male,Widowed,2026-03-19
CUST_76b8,Sitiwat Charoensuksopol,rcharoensuksopol@hotmail.com,08-9515-3784,39969 Suvakit Viaduct Suite 134,North Chawinburgh,Kamalanonberg,72440,Eastern,1993-06-06,Other,Widowed,2025-05-24
CUST_2e2c,Nutwadee Matinawin,paktrikasemmart@gmail.com,08-5272-2038,060 Sitiwat Mission,Bunlerngsrimouth,Sittisaowapakburgh,51742,Northern,1999-06-08,Male,Other,2026-03-24
CUST_4705,Chanya Polauaypon,iposalee@yahoo.com,08-2502-4808,808 Chaihirankarn Mountain Apt. 610,Youprasertborough,New Chayaninhaven,82217,Northern,1989-12-10,Male,Divorced,2025-07-21
CUST_e392,Pintusorn Intaum,kumsoontornchalisa@hotmail.com,09-3641-4460,599 Darin Centers Suite 281,East Pramesshire,South Kunapornchester,65892,Central,2000-01-08,Female,Other,2025-09-20
CUST_72a1,Prima Sukhenai,pakjiraboonpungbaramee@gmail.com,09-9924-0547,171 Noppakao Dale Suite 506,Trikasemmartfurt,Port Nirachastad,86831,Central,2003-07-23,Male,Single,2026-05-08
CUST_5d69,Nutwadee Tianvarich,suwijuk87@gmail.com,09-8189-9210,5318 Aunyaporn Locks,New Chanyashire,West Ratchanonton,00549,Eastern,1985-12-19,Female,Other,2026-01-27
CUST_3025,Yada Posalee,chawin43@gmail.com,06-8811-1069,461 Pak Burgs Suite 030,Suvakitstad,East Nichakarnland,21548,Eastern,2002-12-11,Other,Married,2026-03-01
CUST_5fb3,Phubes Sittisaowapak,youprasertaunyaporn@hotmail.com,06-7302-4972,32348 Prakalpawong Drive,Methavorakulhaven,Chaihirankarnmouth,16929,Northern,1996-09-09,Male,Other,2025-09-23
CUST_3112,AVM Pawan Pothanun,pattatomporn03@hotmail.com,09-7910-9069,36841 Nutcha Mountain Suite 136,Port Nutkrita,Lake Suwijuk,55782,Northern,1989-06-12,Other,Other,2025-11-26
CUST_40a7,POL LT COL Chayanin Polpo,kongsriratchanon@yahoo.com,09-7493-4221,359 Prima Court,Lake Kodchaporn,Jaruwanstad,01998,Northeast,1975-01-22,Male,Married,2025-08-07
CUST_9a70,PVT Pannawich Pasuk,suraprachitpakjira@hotmail.com,06-4458-0050,586 Intaum Spurs,Lake Aunyaporn,West Thanatcha,80950,Northern,2008-03-04,Male,Single,2025-02-24
CUST_9473,Apisara Wannapaitoonsri,neerachapongpawan@hotmail.com,06-2728-8110,170 Chawin Inlet Apt. 889,West Sittikorn,North Pada,69021,Northern,1996-02-14,Male,Married,2025-09-17
CUST_6c69,Teetat Srisoontorn,aunyaporn72@yahoo.com,08-8271-0894,7044 Vethayasas Extensions,Parinchester,East Sorawut,00911,Western,1990-07-12,Other,Widowed,2026-04-20
CUST_1e53,Kamolchanok Methavorakul,prakalpawongpakjira@gmail.com,06-1551-4816,8816 Pikatsingkorn Forest,East Suwijuk,East Chayapat,08069,Northeast,1989-07-18,Female,Married,2026-05-06
CUST_8690,Kodchaporn Polauaypon,kulnun37@hotmail.com,08-4730-8503,906 Suvakit Courts Suite 190,Port Chawinburgh,North Chanikanview,81615,Eastern,2001-08-14,Male,Widowed,2026-05-04
CUST_a703,Patcharaporn Pitanuwat,polauayponsorawut@gmail.com,08-3433-5940,599 Chomsri Bypass Apt. 550,Chaifahshire,Kulnunburgh,92136,Northern,1985-03-17,Male,Divorced,2025-07-06
CUST_26ad,Nutwadee Chowitunkit,bunlupongpattamon@hotmail.com,09-0426-5565,6614 Peem Station Apt. 375,Chomsrishire,West Thanatcha,76342,Northeast,1989-04-26,Other,Other,2025-04-23
CUST_59af,Pattapon Vinyuvanichkul,habpanomniracha@gmail.com,06-5370-0711,90494 Habpanom Route,Intaumfurt,Tianvarichtown,39374,Eastern,1996-01-13,Female,Divorced,2025-01-10
CUST_ef64,Arisara Wannapaitoonsri,chomsrikulnun@hotmail.com,06-8646-1261,88028 Sukhenai Streets,Kongsriview,Pikatsingkornshire,37392,Eastern,1992-04-02,Other,Divorced,2025-08-09
CUST_e7b3,Pattamon Kamalanon,niracha80@yahoo.com,09-2460-1475,1284 Prachayaroch Bridge Apt. 510,Pachongrukton,North Todsawun,26762,Central,1990-11-18,Male,Widowed,2026-01-11
CUST_4a8e,POL SEN SGT MAJ Wassaya Prayoonhong,arisara77@yahoo.com,08-3967-6370,5889 Phubes Wall,South Chawin,Pannawichburgh,59675,Central,1993-11-19,Female,Single,2025-03-04
CUST_64f1,AM Todsawun Sukhenai,kodchaporncharoensuksopol@yahoo.com,06-6438-7360,4424 Kitprapa Hollow Apt. 818,Chayaninmouth,Tianvarichchester,62261,Southern,1994-09-25,Female,Widowed,2026-01-14
CUST_51a3,Wassaya Siripaiboo,kbenchapatranon@yahoo.com,08-6284-6715,429 Ratchanon Turnpike Suite 500,South Patchaployview,North Chawin,02030,Northeast,2000-09-09,Female,Single,2026-03-18
CUST_c042,Aunyaporn Bunlerngsri,chayapattrikasemmart@hotmail.com,09-6256-0724,3055 Nichakarn Road Suite 693,North Pachongrukstad,Wasinmouth,99415,Southern,2005-04-19,Female,Widowed,2025-05-22
CUST_0bf8,Pakjira Titipatrayunyong,choeychuenpakjira@yahoo.com,08-1878-1456,62946 Permchart Flats,Apisaraville,New Nichakarn,36790,Central,1989-01-08,Male,Other,2026-03-02
CUST_9bdd,Aunyaporn Norramon,aunyaporn13@hotmail.com,09-6178-2895,5333 Tungkasethakul Wells,Lake Pachongrukmouth,West Chayapatfurt,10873,Northern,1982-06-15,Male,Widowed,2025-10-01
CUST_ab8d,Peem Kitprapa,zsukhenai@yahoo.com,09-0920-2739,6055 Chaiwut Plaza,Kumsoontornfurt,East Apisaraside,47071,Central,1998-10-02,Female,Single,2026-02-05
CUST_8448,Chaifah Trikasemmart,scharoensuksopol@yahoo.com,09-6052-5340,22492 Kunaporn Inlet,Supasitmouth,Siripaiboofurt,74647,Central,2000-05-26,Other,Divorced,2025-12-17
CUST_8098,Chaiwut Permchart,bsooksawang@gmail.com,09-9602-4280,93201 Yanisa Manors Suite 487,Lake Darinton,Sireelertport,15520,Central,1991-04-15,Male,Single,2026-01-27
CUST_bc9b,Kulnun Wasunun,ipasuk@gmail.com,06-1759-0326,0420 Jitrin Ports,New Nutwadeefort,Pothanunside,27778,Central,2000-01-01,Male,Married,2025-04-06
CUST_defb,PO 1 Aunyaporn Srisoontorn,yadabunlerngsri@gmail.com,08-2889-1420,5652 Nichakarn Junctions,West Wassaya,Yadamouth,54100,Northeast,1999-07-04,Other,Married,2025-05-20
CUST_fba8,Chalisa Bunlerngsri,thanatcha95@yahoo.com,08-3686-4188,710 Pakjira Village,Lertsattayanusakbury,Pramesberg,61513,Northern,1995-12-26,Female,Married,2025-10-17
CUST_5de8,Pawan Benchapatranon,parin90@yahoo.com,06-8792-2176,318 Bunlerngsri Point Apt. 613,East Atit,Port Phubesmouth,25063,Northern,1999-09-11,Male,Divorced,2025-11-08
CUST_5bd7,Sarunporn Chaisatit,wimolnotchaiwut@gmail.com,08-4373-4729,625 Nutkrita Fork Apt. 145,Sarunpornchester,East Noppakao,35195,Northeast,1991-12-15,Male,Other,2025-08-16
CUST_9018,Phubes Wimolnot,benchapatranonpak@hotmail.com,06-7804-6767,1605 Pada Islands Apt. 504,East Peem,Phusilarungruengborough,21886,Central,1995-01-22,Male,Single,2025-12-03
CUST_1996,Kamolchanok Habpanom,kulnun67@hotmail.com,08-4921-4772,59050 Turongkinanon Drive,New Thanatcha,Ratchanonfurt,70501,Northern,1998-10-23,Female,Other,2026-05-01
CUST_5e62,Apisara Sujjaboriboon,suwijuk98@hotmail.com,06-3202-2531,1437 Choeychuen Motorway Suite 680,New Kulnun,New Pitipat,02210,Central,1995-07-21,Female,Single,2026-03-20
CUST_3f48,Anon Posalee,suraprachitchawin@gmail.com,09-1246-2125,89836 Puntira Divide,Port Atitland,Kamolchanokberg,00665,Eastern,1997-03-10,Female,Other,2025-04-08
CUST_8783,POL CONST Phenphitcha Turongkinanon,tianvarichpattamon@gmail.com,09-4866-1734,1457 Kunaporn Square Suite 466,East Nutkritastad,North Teetatfurt,64478,Western,1995-04-13,Female,Other,2025-06-01
CUST_1ce5,Apisara Bunlupong,chaisatitchaifah@hotmail.com,06-2358-8568,969 Pattapon Turnpike Apt. 861,Anonshire,Krittayanukoonmouth,06489,Northern,1997-08-22,Other,Married,2025-09-19
CUST_9fb9,Sarunporn Todsapornpitakul,chowitunkitchalisa@yahoo.com,09-7541-5087,982 Arisara Inlet Suite 985,Prachayarochmouth,Sireelertfurt,39839,Central,1993-03-22,Male,Other,2025-10-13
CUST_7ca5,Anon Posalee,cmatinawin@hotmail.com,09-0227-8360,3031 Vinyuvanichkul Run,North Tunchanokside,West Sarunpornfort,83602,Northern,1997-01-27,Other,Divorced,2025-02-26
CUST_034f,Jitrin Kongchayasukawut,nutwadeesiripaiboo@hotmail.com,06-3292-4126,362 Puntira Tunnel,Lertsattayanusakmouth,Chalisaville,99415,Northern,1998-04-09,Female,Divorced,2025-02-06
CUST_82af,Pawan Pongpanitch,tkumsoontorn@hotmail.com,08-5584-6405,5418 Phenphitcha Walk,North Pattapon,Yanisafort,96266,Northeast,2008-10-08,Female,Widowed,2025-12-07
CUST_c1c7,PO 3 Nichakarn Pothanun,sittikorn69@hotmail.com,08-6641-6691,9158 Sooksawang Points Suite 993,South Sorawutport,East Pattatompornmouth,81632,Central,2000-10-07,Other,Other,2026-02-15
CUST_bab4,Pachongruk Chowitunkit,dsooksawang@yahoo.com,09-7708-1788,0837 Intaum Haven Apt. 252,Pramesmouth,North Phubes,31468,Northern,2005-12-01,Male,Single,2026-04-03
CUST_9335,Chayapat Kongchayasukawut,nichakarn34@hotmail.com,06-7272-6430,65935 Thantananont Spring,Titipatrayunyongburgh,Darinfurt,21397,Northern,1987-06-03,Other,Widowed,2026-01-21
CUST_f6cb,Chaiwut Charoensuksopol,pianduangsrichayanin@hotmail.com,06-4161-1529,7170 Sitiwat Drives,East Todsawunbury,New Pintusorn,55899,Northern,1992-09-27,Female,Widowed,2025-05-07
CUST_d6f9,Prima Kongchayasukawut,pattatompornlertsattayanusak@yahoo.com,08-6546-7665,296 Nutwadee Drives,West Supasit,Patcharapornport,59614,Northern,2002-12-05,Female,Divorced,2025-10-19
CUST_a634,Sittikorn Matinawin,atit90@yahoo.com,06-8042-5539,253 Prima Lane Suite 063,Methavorakulfurt,New Patcharaporn,28544,Northern,1981-03-17,Other,Other,2025-09-28
CUST_0283,SGT Tunchanok Polauaypon,intaumkunaporn@hotmail.com,08-0286-2440,08206 Chaihirankarn Gateway,Lake Pattamonburgh,South Darinstad,69905,Western,1997-01-13,Other,Married,2026-04-17
CUST_9d51,POL L/C Peem Pitanuwat,siripaiboosarunporn@gmail.com,06-3907-7755,238 Phenphitcha Mountain Apt. 230,Sireelertmouth,New Chanyamouth,69138,Northern,1989-03-09,Other,Other,2025-04-23
CUST_6730,Pintusorn Matinawin,jaruwanbenchapatranon@yahoo.com,08-3409-2700,018 Benchapatranon Circle,East Noppakao,Vethayasasfurt,76699,Central,1996-09-04,Other,Divorced,2025-12-24
CUST_c095,Todsawun Trikasemmart,kunaporn01@yahoo.com,08-5639-8656,072 Pawan Motorway,Port Jitrin,Nutwadeeton,57555,Northeast,2005-05-18,Male,Married,2025-01-04
CUST_d722,Aunyaporn Kitprapa,chomsriprames@yahoo.com,06-9990-4320,36349 Sooksawang Cove Apt. 564,Youprasertmouth,South Kamolchanok,45412,Central,1994-06-28,Female,Widowed,2025-02-06
CUST_b3b1,Supasita Tungkasethakul,wmethavorakul@yahoo.com,06-2707-2083,55412 Nutwadee Highway,Neerachapongchester,South Ratchanonchester,72632,Central,1994-06-19,Male,Other,2025-03-23
CUST_6ff7,Chalisa Sujjaboriboon,nutkritakongsri@yahoo.com,09-1323-6389,949 Pornchanok Lodge,Lake Sarunpornchester,Phenphitchaberg,38137,Northern,1992-06-20,Male,Single,2025-12-05
CUST_473a,Wasin Matinawin,iboonpungbaramee@yahoo.com,08-4026-0235,3232 Prachayaroch Turnpike,New Wasin,Wassayaland,42028,Southern,2006-06-20,Female,Single,2025-05-16
CUST_e09b,Wassaya Suraprasert,ktianvarich@gmail.com,06-1014-3655,78583 Kunaporn Square,North Nattawun,Suwijukfurt,28902,Central,1994-05-14,Female,Other,2026-03-05
CUST_385f,Chawin Turongkinanon,pikatsingkornnutwadee@yahoo.com,06-3667-6783,7051 Anekvorakul Forest,Lake Chaifahburgh,Kunapornside,67581,Central,1994-05-25,Female,Other,2025-06-05
CUST_dfe1,Kulnun Pianduangsri,prames06@yahoo.com,06-3854-4676,82952 Nutcha Forge,South Thanatchamouth,East Teetat,70213,Northeast,1993-09-12,Female,Other,2026-02-21
CUST_990a,Wasin Chowitunkit,youprasertteetat@hotmail.com,06-4006-5448,40402 Sorattanachai Crescent,Kulnunfort,South Pattatomporn,50648,Northern,1995-04-08,Female,Married,2025-03-12
CUST_b174,Todsawun Neerachapong,charoensuksopolprames@hotmail.com,08-6856-3319,30465 Choeychuen Plains,Nutchahaven,Kitprapaborough,48654,Central,1990-08-15,Female,Single,2025-01-28
CUST_72d7,Sorawut Sireelert,kongsrisarunporn@hotmail.com,08-1642-1491,1253 Apisara Shoals,Noppakaoland,East Arisarachester,61592,Northern,1990-01-04,Other,Divorced,2026-02-27
CUST_5aeb,PHRAPALAD Sarunporn Trikasemmart,chawin80@gmail.com,09-7634-8052,2317 Matinawin Extension,Todsapornpitakulshire,East Sarunpornport,33619,Northern,2004-11-15,Other,Married,2025-10-19
CUST_d20d,M R Niracha Titipatrayunyong,ftungkasethakul@yahoo.com,06-5064-8823,4655 Pichpandecha Manors,New Jaruwanchester,Pornchanokfort,30819,Northeast,2001-04-27,Other,Single,2025-07-01
CUST_7bfa,Phubes Trikasemmart,owasunun@gmail.com,06-4471-8207,89802 Prayoonhong Path Apt. 052,Benchapatranonville,Pintusornbury,83683,Eastern,1998-04-03,Female,Other,2025-08-19
CUST_82c8,Pada Pongpanitch,pawan19@hotmail.com,08-6266-8228,554 Matinawin Radial,Sarunpornfurt,Lake Nattawun,86826,Central,1989-07-10,Other,Divorced,2025-08-31
CUST_d856,PO 2 Anon Polauaypon,intaumwasin@gmail.com,06-6597-0987,31601 Habpanom Terrace,East Nichakarn,Pannawichborough,13384,Eastern,1993-08-04,Other,Single,2026-03-25
CUST_dff1,Pattamon Prachayaroch,jitrinboonpungbaramee@yahoo.com,08-4400-5892,878 Polauaypon Prairie Suite 487,North Prima,Kamalanonport,63079,Southern,1986-12-14,Other,Widowed,2025-05-25
CUST_368a,Ratchanon Sittisaowapak,xprakalpawong@yahoo.com,09-6218-7190,94892 Kamalanon Plains,Thantananonttown,Chayaninland,07415,Central,1994-07-15,Other,Single,2025-04-02
CUST_3df7,PHRAKHU SAMU Peem Titipatrayunyong,chayanin12@yahoo.com,08-0845-2257,45341 Siripaiboo Mill Apt. 160,Port Suwijukport,Siripaiboochester,79082,Central,1998-06-14,Female,Single,2026-02-02
CUST_62ff,Prames Kamalanon,ratchanon98@gmail.com,08-3408-0325,5493 Sittisaowapak Bridge,Pianduangsriland,North Pattatompornport,49357,Central,1984-07-22,Other,Other,2025-04-12
CUST_fa1a,PHRA ATHIKAN Darin Trikasemmart,chanyaprayoonhong@yahoo.com,09-8280-6692,58130 Patcharaporn Flat Suite 174,Kongchayasukawutton,Losatapornpipitfort,40676,Northern,1989-01-11,Male,Single,2025-01-13
CUST_4b00,Chanikan Wimolnot,kodchaporn68@gmail.com,08-8478-0372,03643 Chanikan Tunnel,Yadafort,Thanatchastad,78846,Northern,1989-09-13,Female,Married,2025-12-28
CUST_8695,Todsawun Pikatsingkorn,nattawunpermchart@hotmail.com,06-1703-1417,0124 Ratchanon Burgs Suite 275,Lake Prima,New Kamolchanok,93594,Central,2008-07-03,Female,Single,2025-06-04
CUST_5740,Kulnun Sujjaboriboon,supasit74@hotmail.com,06-3426-7107,17063 Thanatcha Islands,Pramesville,South Jinjuta,64168,Central,1994-10-12,Other,Other,2025-04-12
CUST_5797,Chalisa Pianduangsri,sorattanachaiprames@hotmail.com,06-6949-7037,71428 Wasin Vista,Srisoontornshire,Titipatrayunyongmouth,80800,Central,2000-03-17,Other,Other,2025-11-05
CUST_dba0,Pattapon Bunlerngsri,chayanin50@yahoo.com,06-7995-7840,819 Sujjaboriboon Track Suite 219,South Chaiwutfurt,Port Anon,68461,Northern,1991-08-25,Female,Other,2026-02-27
CUST_a793,M R Puntira Prachayaroch,rcharoensuksopol@gmail.com,09-1603-3057,65670 Chaisatit Center Apt. 105,Wasinbury,South Nutkritaview,08975,Northern,2008-07-15,Female,Other,2026-01-31
CUST_7f46,Chalisa Intaum,osuraprachit@gmail.com,09-6396-2853,0030 Sukhenai Lights,Kittakuntown,Lertsattayanusakville,95063,Central,1996-02-11,Female,Other,2026-03-19
CUST_59fa,Apisara Intaum,etrikasemmart@yahoo.com,06-9707-4932,49500 Anon Island,West Pakland,West Atitshire,75727,Northeast,2000-02-09,Male,Other,2025-02-16
CUST_e327,Patchaploy Neerachapong,chayapatpasuk@hotmail.com,08-8839-6978,57630 Habpanom Knolls Suite 521,South Pattamonland,Wassayastad,97886,Central,1997-08-20,Male,Divorced,2025-10-01
CUST_71f9,Pachongruk Kamalanon,choeychuentodsawun@gmail.com,09-2376-2115,680 Sujjaboriboon Vista Apt. 971,South Wassaya,South Anon,62153,Northern,1994-05-13,Other,Single,2026-04-17
CUST_1735,Pakjira Prachayaroch,ekamalanon@hotmail.com,09-9964-2371,273 Apisara Prairie,Sireelertton,Nichakarntown,72097,Northeast,1997-11-19,Other,Married,2025-02-20
CUST_d3e2,Chayanin Wimolnot,sorawut33@hotmail.com,08-1448-1955,4085 Intaum Plains,South Suwijuk,Padaborough,83376,Northern,2006-08-14,Male,Other,2025-07-08
CUST_da02,Nattawun Kumsoontorn,nutwadeepianduangsri@gmail.com,06-0715-5150,64419 Siripaiboo Corner,West Kamolchanok,Posaleeberg,91390,Central,1992-11-09,Other,Other,2025-07-08
CUST_edbf,Patcharaporn Pongpanitch,chawinneerachapong@hotmail.com,08-0921-9010,7970 Pintusorn Rapid Suite 571,Jinjutaborough,Matinawinhaven,37855,Western,1995-02-06,Female,Divorced,2026-01-18
CUST_df8d,Chayapat Losatapornpipit,wpolauaypon@yahoo.com,08-3390-7268,5219 Trikasemmart Wall Suite 915,New Kamolchanok,North Kulnun,49246,Central,1998-03-16,Male,Married,2026-01-31
CUST_9415,LT JG Pornchanok Vethayasas,suraprachitpattatomporn@gmail.com,08-0835-6234,49018 Kulnun Ridges Apt. 333,North Ratchanonton,North Pachongrukville,76655,Central,2008-06-19,Other,Single,2026-05-09
CUST_ad18,Nichakarn Boonpungbaramee,usooksawang@yahoo.com,06-0894-1483,2959 Nichakarn Points Suite 272,Port Nutchaside,South Darin,73393,Northern,1997-12-20,Other,Married,2026-05-16
CUST_85ae,S M 2 Anon Kitprapa,chaiwut34@gmail.com,08-0252-4543,61392 Suwijuk Isle,Lake Arisara,Port Primaberg,71587,Central,1996-12-02,Female,Other,2025-12-01
CUST_3dfa,Pada Vethayasas,tunradeesorattanachai@yahoo.com,06-1163-6550,01067 Wasin Forks,Port Niracha,Phusilarungruengberg,57519,Northern,1994-09-25,Male,Divorced,2026-01-20
CUST_3435,Kunaporn Pianduangsri,gboonpungbaramee@hotmail.com,06-5741-9699,223 Pintusorn Expressway Apt. 693,Port Nichakarn,South Noppakao,85967,Western,2000-01-12,Female,Divorced,2026-04-15
CUST_6b0e,Patchaploy Prayoonhong,bturongkinanon@yahoo.com,06-3620-3639,78128 Anekvorakul Trafficway Suite 081,East Nichakarn,Suwijukmouth,77565,Central,1990-12-04,Other,Widowed,2025-10-28
CUST_6ae3,GP CAPT Parin Vethayasas,pianduangsrinutcha@yahoo.com,09-2719-7317,20175 Pikatsingkorn Tunnel,East Niracha,Lake Darinport,45090,Central,2002-11-06,Female,Other,2025-03-27
CUST_75f5,Teetat Chaisatit,kintaum@gmail.com,08-2602-8940,6211 Prachayaroch Greens,South Pornchanok,East Parinshire,40446,Central,2006-06-28,Male,Married,2025-11-22
CUST_9ed5,Chayanin Kongsri,prakalpawongpatcharaporn@hotmail.com,09-7969-7805,2863 Prayoonhong Viaduct Apt. 333,New Phubeshaven,South Jitrinview,23865,Northeast,2008-11-14,Female,Married,2025-07-15
CUST_f0b7,Chanikan Srisoontorn,ovinyuvanichkul@yahoo.com,09-6938-0870,344 Pintusorn Wall Suite 146,South Peem,Norramonview,93421,Western,1989-12-11,Other,Married,2026-01-05
CUST_e6cc,Pawan Pitanuwat,thanatchawannapaitoonsri@gmail.com,08-2608-1067,958 Titipatrayunyong Orchard,Kittakuntown,Primafurt,48181,Northern,2008-07-07,Male,Divorced,2025-03-18
CUST_8527,PHRAKHU VINAIDHORN Tunradee Srisoontorn,apisarayouprasert@yahoo.com,08-4181-4967,515 Chalisa Stream,South Patchaploy,Tunradeefurt,70815,Northern,1988-08-26,Male,Single,2025-04-21
CUST_4e7e,Aunyaporn Vinyuvanichkul,chaifahkittakun@gmail.com,08-8187-4939,30936 Thantananont Highway,Lake Pitipatside,East Patcharaporn,84974,Eastern,1993-04-15,Male,Other,2025-05-11
CUST_982e,Phenphitcha Prayoonhong,posaleetunchanok@yahoo.com,08-2549-5689,47809 Jitrin Plains Suite 243,Choeychuenmouth,Tianvarichmouth,77484,Northern,1986-03-25,Other,Other,2025-01-25
CUST_aac3,Jitrin Chaihirankarn,kamolchanok37@hotmail.com,06-3365-8489,967 Sujjaboriboon Valley,Yadatown,Port Pitipat,15805,Central,2002-06-15,Other,Other,2025-05-19
CUST_138c,Patchaploy Turongkinanon,nutchamatinawin@hotmail.com,09-2294-2284,9171 Kamalanon Bypass,South Anon,Lake Darin,61623,Northeast,2006-04-22,Female,Single,2026-01-11
CUST_1bff,CPL Kulnun Wimolnot,yadawasunun@hotmail.com,06-0474-9436,587 Sorawut Forges Apt. 894,Pakjirafort,Pannawichfurt,98625,Northern,1986-09-26,Female,Married,2026-03-20
CUST_a8e7,Puntira Benchapatranon,rpolpo@gmail.com,06-9284-3608,27961 Permchart Forges,North Supasita,Port Chalisa,22967,Northeast,1983-09-27,Other,Widowed,2025-02-13
CUST_1b62,AM Tunradee Charoensuksopol,nutwadeebunlerngsri@gmail.com,06-0760-0692,44302 Anon Ports,Pitanuwatton,Intaumbury,22032,Southern,1996-07-18,Other,Other,2025-01-09
CUST_1fab,Sarunporn Srisoontorn,pchoeychuen@yahoo.com,09-8921-7991,6438 Phusilarungrueng Islands,North Chawin,North Chayanin,41355,Northern,2007-03-01,Female,Married,2026-01-20
CUST_a194,LT COL Chanya Wimolnot,prachayarochpakjira@yahoo.com,09-3565-6991,387 Noppakao Ferry,South Kamolchanok,Port Jaruwanton,31887,Northern,1997-01-20,Female,Married,2025-05-12
CUST_4d3c,Nutkrita Permchart,ipongpanitch@gmail.com,06-6482-0951,05486 Pattapon Street,Pannawichside,Paktown,09733,Northern,2007-04-07,Female,Other,2025-02-10
CUST_32c9,Pawan Kongsri,pattaponchaisatit@gmail.com,06-9766-1245,945 Vethayasas Corner,Wasinport,Todsapornpitakulmouth,42499,Northeast,2001-06-09,Other,Single,2025-12-06
CUST_b8e2,Pak Thantananont,pattamon64@gmail.com,09-9072-7421,336 Pikatsingkorn Squares,Anekvorakulside,North Nichakarnborough,39797,Western,2000-06-23,Female,Married,2025-03-15
CUST_819a,Yanisa Prayoonhong,supasitavinyuvanichkul@yahoo.com,08-9538-0932,910 Permchart Drives Suite 142,East Jitrin,Polpoland,13790,Central,2004-08-26,Male,Widowed,2025-06-10
CUST_ad2f,CPO 1 Pattamon Kittakun,matinawinjinjuta@hotmail.com,06-6760-5273,72546 Supasit Wall,South Chaiwut,West Kunaporn,19252,Northern,1995-07-22,Other,Single,2025-03-22
CUST_7d9d,Wassaya Turongkinanon,parinpitanuwat@gmail.com,06-0892-6995,283 Kodchaporn Dam,Intaummouth,Yanisamouth,35631,Central,2004-07-02,Other,Widowed,2025-11-01
CUST_bcc6,AMN Puntira Pichpandecha,chanya36@hotmail.com,08-1348-0021,40428 Kongchayasukawut Shoal,West Suwijukton,East Nutkrita,26278,Central,2007-11-18,Other,Divorced,2025-05-06
CUST_dd2a,Yada Kitprapa,tunradee75@yahoo.com,09-0334-5851,464 Benchapatranon Crescent Suite 758,Kodchapornshire,West Nutkritafurt,86711,Central,2000-03-27,Other,Widowed,2026-03-16
CUST_a501,PHRAPALAD Nutwadee Sorattanachai,pakjiratrikasemmart@hotmail.com,06-9784-2535,08950 Nutcha Mills,Port Suvakithaven,Sittisaowapakfurt,98007,Northern,1990-07-17,Other,Other,2025-04-17
CUST_8dab,Pattapon Lertsattayanusak,jwannapaitoonsri@yahoo.com,09-3050-7284,6978 Sarunporn Valleys,Port Tunchanokchester,Chaiwutburgh,63299,Northern,1998-03-22,Other,Divorced,2026-04-29
CUST_56a0,Nutcha Vinyuvanichkul,apisarasireelert@hotmail.com,08-9330-4965,427 Ratchanon Manor Apt. 292,Sittikornberg,Chalisashire,58068,Central,1997-01-01,Female,Divorced,2026-03-21
CUST_ec59,Nichakarn Pongpanitch,suwijuk86@hotmail.com,09-1546-1175,3844 Pawan Run,Port Nattawuntown,Port Yada,97273,Central,1988-11-17,Other,Single,2026-02-15
CUST_2213,Niracha Neerachapong,pasukchayanin@yahoo.com,09-3861-9194,10017 Charoensuksopol Route,Kulnunmouth,Lake Patcharaporn,66607,Northern,2008-10-04,Male,Widowed,2025-04-27
CUST_dd1e,MAJ Arisara Prachayaroch,epermchart@yahoo.com,08-8353-7679,16585 Pongpanitch Village,Prachayarochstad,Todsapornpitakulshire,97421,Northern,1997-05-16,Other,Single,2025-09-15
CUST_2d58,Thanatcha Kittakun,nattawunpitanuwat@hotmail.com,09-3418-1395,193 Benchapatranon Expressway Suite 873,Chaiwutton,East Pintusornshire,23971,Northern,2000-01-17,Female,Widowed,2025-11-19
CUST_7a29,Pak Polpo,kunapornprayoonhong@hotmail.com,08-5162-4321,901 Kamolchanok Overpass Suite 301,Port Nichakarnville,South Prames,73835,Northern,1993-02-28,Other,Divorced,2026-01-26
CUST_48e5,Niracha Krittayanukoon,pattaponvethayasas@yahoo.com,08-6451-4907,225 Kunaporn Canyon,Lake Teetatstad,South Chanya,10198,Northeast,2000-03-25,Other,Divorced,2026-03-07
CUST_7236,Pitipat Wasunun,nattawun36@yahoo.com,09-7974-1490,069 Nutkrita Roads Apt. 904,Lake Chanikanfurt,Pakjirashire,67942,Northern,1998-10-18,Female,Divorced,2025-04-24
CUST_d0ce,LT COL Todsawun Sireelert,pattatompornkumsoontorn@hotmail.com,09-6320-7247,6196 Phusilarungrueng Road,Vethayasasmouth,South Patchaployland,97463,Northern,1986-11-20,Female,Single,2025-10-18
CUST_912b,Prima Kittakun,pongpanitchpuntira@hotmail.com,06-6507-7631,77805 Kittakun Skyway,Tianvarichmouth,Neerachapongshire,31597,Central,1983-06-09,Male,Married,2025-04-30
CUST_dad7,POL SUB LT Chawin Charoensuksopol,gcharoensuksopol@yahoo.com,09-7777-8488,7442 Pattapon Corners Suite 228,Atitport,Pakberg,01867,Central,2000-01-26,Female,Married,2026-02-19
CUST_7d6b,Jitrin Matinawin,nutkritakrittayanukoon@yahoo.com,08-6082-8524,38280 Sooksawang Radial Apt. 259,North Nutchaport,New Chayapatborough,21494,Central,2003-02-10,Other,Divorced,2025-01-19
CUST_dede,Ratchanon Methavorakul,jkongsri@hotmail.com,06-0438-0681,893 Anon Valley,New Pattatomporntown,Pattatompornmouth,70511,Central,1993-12-07,Other,Single,2025-08-19
CUST_97c4,FS 3 Supasit Neerachapong,prachayarochtodsawun@hotmail.com,09-3418-7215,397 Phenphitcha Stravenue,Kamalanontown,Nutwadeeport,41047,Northern,1987-08-11,Male,Other,2025-06-09
CUST_d3e6,Patchaploy Losatapornpipit,supasitakrittayanukoon@gmail.com,09-2550-0668,122 Tunradee Avenue,Patcharapornville,Wasununmouth,39526,Central,1995-01-04,Other,Single,2025-11-28
CUST_2ad3,Chalisa Prakalpawong,lwimolnot@gmail.com,09-9174-9302,7302 Arisara Hills Apt. 926,Lake Chawin,Wasinside,23697,Central,2005-10-08,Female,Married,2025-01-16
CUST_0822,MAJ GEN Todsawun Charoensuksopol,atit84@hotmail.com,08-7322-2310,8001 Bunlerngsri Locks,Teetatberg,Jaruwanmouth,06454,Central,1993-10-27,Male,Divorced,2025-06-11
CUST_f98f,Nutwadee Sireelert,jinjutalosatapornpipit@yahoo.com,08-1194-3314,5033 Pattatomporn Crossing,North Pornchanokport,South Parinstad,19838,Western,2004-06-22,Male,Married,2026-05-20
CUST_9a70,Peem Choeychuen,pintusornpothanun@yahoo.com,06-4614-0393,83130 Sireelert River Apt. 091,Pikatsingkorntown,Sorattanachaimouth,02702,Northern,1988-11-08,Female,Widowed,2026-03-30
CUST_3056,Aunyaporn Kitprapa,pattapon74@yahoo.com,09-9329-1835,6484 Tunradee Flat,Darinmouth,Anekvorakulbury,37240,Northeast,2000-09-21,Female,Divorced,2025-08-25
CUST_39a2,Pak Vethayasas,chaifahpikatsingkorn@gmail.com,08-9777-9410,604 Sujjaboriboon Port,Suwijukfurt,West Pornchanok,15929,Northeast,1995-07-11,Female,Other,2025-09-26
CUST_20b2,Puntira Prachayaroch,jinjuta65@yahoo.com,09-4857-0370,173 Aunyaporn Lake,Sujjaboriboonfort,Nattawunchester,82421,Northeast,1988-01-17,Other,Divorced,2025-06-30
CUST_6b11,Niracha Boonpungbaramee,vkittakun@yahoo.com,09-2476-6903,55662 Sukhenai Curve Suite 168,Todsapornpitakulfurt,New Wasin,21757,Northern,1996-02-20,Female,Single,2025-09-27
CUST_48f0,Parin Sorattanachai,kittakunsittikorn@yahoo.com,09-7369-2082,47561 Habpanom Ferry,Pawanhaven,Siripaiboomouth,26408,Eastern,1983-01-02,Female,Other,2025-05-27
CUST_e6e8,PFC Pak Wimolnot,thanatchakamalanon@gmail.com,09-2816-8667,6119 Prachayaroch Village Suite 142,North Nichakarn,Port Noppakaostad,05856,Northeast,1999-05-11,Female,Married,2025-03-24
CUST_a8e6,Wassaya Sukhenai,eposalee@hotmail.com,09-6513-5227,81228 Pawan Station,Chalisaview,Pakjirafort,84974,Southern,1985-03-07,Female,Other,2026-03-17
CUST_7e60,Chanikan Sukhenai,pianduangsrinutkrita@gmail.com,06-4013-7411,4048 Vethayasas Valley,Bunlupongburgh,East Suwijuk,11326,Central,1993-06-17,Other,Other,2025-11-18
CUST_e216,Parin Habpanom,tunradeechaihirankarn@gmail.com,06-0304-3845,424 Jaruwan Run,Pattamonstad,Posaleemouth,40698,Northern,2005-02-05,Other,Single,2025-10-05
CUST_fd3c,Prames Choeychuen,peem90@yahoo.com,09-1806-5039,353 Posalee Plains Suite 988,Posaleeshire,Yanisaburgh,48504,Central,2006-08-03,Other,Other,2025-01-07
CUST_ccb2,Nutcha Vinyuvanichkul,rlosatapornpipit@hotmail.com,06-8305-2920,552 Chanya Manor,North Primabury,North Chalisaland,92868,Northeast,1995-08-10,Female,Single,2026-05-01
CUST_30f6,Pakjira Losatapornpipit,chaiwut19@gmail.com,06-5070-7740,380 Wasunun Orchard Apt. 154,Methavorakulfurt,Sittisaowapakchester,63274,Central,2008-12-09,Female,Widowed,2025-12-31
CUST_0d44,Chanya Losatapornpipit,tianvarichchanya@yahoo.com,06-3486-3273,3925 Prakalpawong Drive Suite 452,Lake Phenphitchatown,Polauayponton,61605,Central,2008-11-28,Female,Divorced,2025-01-27
CUST_3fb4,AMN Chayapat Matinawin,noppakaokumsoontorn@yahoo.com,08-9806-7586,6232 Prakalpawong Oval,Boonpungbarameehaven,South Patchaploymouth,16207,Central,1986-12-19,Other,Widowed,2025-05-05
CUST_8129,Chanikan Pitanuwat,habpanomchaifah@yahoo.com,08-6307-5540,8637 Phubes Light,Port Anon,Parinmouth,27560,Central,1988-02-12,Female,Married,2026-02-19
CUST_5551,Kodchaporn Neerachapong,bunlerngsriyanisa@yahoo.com,08-4167-4149,914 Sukhenai Fork,Nichakarnfurt,West Phubesborough,41631,Southern,1996-04-07,Male,Divorced,2025-04-04
CUST_bd75,Pada Krittayanukoon,kulnunchomsri@gmail.com,08-8690-0139,6634 Darin Roads Apt. 887,Port Pitipatberg,Nichakarnberg,24398,Central,1982-07-25,Male,Other,2026-04-30
CUST_4dcc,Arisara Chowitunkit,vethayasaspawan@gmail.com,09-1301-3591,9550 Suvakit Ramp Suite 288,Vethayasasview,New Nutkrita,57910,Central,1995-04-10,Other,Married,2026-04-19
CUST_8ae2,Anon Sittisaowapak,nutcha84@hotmail.com,06-9937-8633,99665 Wannapaitoonsri Throughway Apt. 824,New Pornchanok,Kongsrimouth,66577,Northeast,2008-02-06,Other,Widowed,2025-04-22
CUST_8289,Pachongruk Kittakun,shabpanom@hotmail.com,08-3760-6571,58333 Nichakarn Highway Suite 018,New Kunapornville,Yanisatown,30231,Central,1992-08-10,Male,Single,2026-03-20
CUST_3c47,Apisara Siripaiboo,sarunporn02@yahoo.com,08-4365-9301,292 Prima Track Apt. 729,South Suvakit,South Apisara,13826,Western,2002-10-12,Other,Single,2025-12-08
CUST_9033,Pada Pianduangsri,tpitanuwat@hotmail.com,06-6704-0952,88175 Vethayasas Via Suite 244,Chanyaville,Lake Pitipat,23159,Northeast,1991-07-10,Other,Other,2025-04-29
CUST_05ce,Nichakarn Sorattanachai,pakbunlerngsri@hotmail.com,08-9251-1356,889 Phenphitcha Streets,South Phubeschester,Chaisatitchester,15834,Eastern,2003-12-01,Female,Other,2025-03-03
CUST_07c8,Nutwadee Prakalpawong,todsapornpitakulsittikorn@hotmail.com,06-9037-3602,141 Sooksawang Highway Suite 070,Port Darin,Pikatsingkornfurt,02379,Central,1985-04-20,Male,Widowed,2025-04-06
CUST_c811,Tunradee Methavorakul,jitrin16@gmail.com,08-5259-1192,328 Phubes Keys,Wimolnotland,Kamolchanokland,62529,Southern,1996-11-06,Male,Married,2025-08-03
CUST_fca2,Pornchanok Prakalpawong,pachongruk61@gmail.com,08-6973-5876,495 Pattamon Stravenue,South Pattamonfort,New Suvakit,84256,Central,1990-04-14,Female,Widowed,2025-02-26
CUST_f375,FS 1 Chaiwut Neerachapong,nattawun48@hotmail.com,06-1704-2143,62750 Bunlerngsri Crossroad Suite 393,South Pak,Methavorakulland,65719,Central,1997-09-23,Other,Other,2025-10-26
CUST_3a39,Supasita Prachayaroch,thanatcha00@gmail.com,09-6379-5213,490 Atit Hill,Lake Todsawun,Lake Supasitfurt,07449,Southern,1996-03-08,Female,Divorced,2025-04-04
CUST_0cb9,Supasita Sujjaboriboon,prima35@gmail.com,06-1190-8558,41265 Vethayasas Ways Suite 146,North Ratchanon,Chawinton,17961,Northeast,1991-07-18,Male,Divorced,2025-05-12
CUST_c1b7,Chaiwut Sorattanachai,patcharapornlosatapornpipit@hotmail.com,09-2221-7973,62781 Srisoontorn Throughway Apt. 362,New Wasinville,New Chalisaport,56456,Central,1989-11-03,Other,Married,2025-02-02
CUST_1b99,Supasita Chaisatit,chanikansittisaowapak@yahoo.com,09-1632-1517,33599 Sireelert Forks Suite 952,New Chayapatbury,Norramonport,81862,Northern,1983-03-24,Female,Widowed,2026-01-12
CUST_432d,Chawin Posalee,nichakarnwannapaitoonsri@gmail.com,06-0824-7490,36104 Todsapornpitakul Turnpike,Port Chayanin,Patchaployberg,50317,Northern,1982-11-12,Male,Widowed,2025-07-02
CUST_c9c1,Ratchanon Sukhenai,jaruwanboonpungbaramee@yahoo.com,06-3845-1380,914 Tungkasethakul Drives Apt. 757,New Parinmouth,West Sitiwat,91802,Northern,2006-08-01,Other,Widowed,2025-11-10
CUST_4a7b,Tunchanok Sorattanachai,niracha58@gmail.com,08-2227-1788,3473 Wasin Summit Suite 925,Supasitberg,Methavorakulmouth,14469,Central,2000-11-12,Other,Other,2025-04-16
CUST_f8ff,Supasita Todsapornpitakul,kamolchanok17@gmail.com,06-5549-7232,08426 Methavorakul Mountains Apt. 075,New Nattawunville,East Nutwadeeton,69690,Southern,1978-12-09,Other,Single,2025-11-06
CUST_2ed8,S M 1 Chawin Chowitunkit,rsuraprachit@hotmail.com,09-0778-9514,9799 Lertsattayanusak Lake,Siripaibooburgh,New Chaiwut,67973,Central,1994-06-21,Other,Divorced,2025-08-13
CUST_4f93,Apisara Kamalanon,achoeychuen@hotmail.com,06-3618-6477,312 Pak Trafficway Apt. 704,Siripaiboomouth,Peemchester,05824,Central,2002-08-09,Male,Divorced,2025-12-14
CUST_b1f9,Yada Todsapornpitakul,chalisa32@yahoo.com,06-6077-0174,473 Todsapornpitakul Ferry,Polauayponport,East Jitrin,16606,Northern,1999-08-14,Male,Single,2025-08-07
CUST_e83f,Pattatomporn Pothanun,pikatsingkornchanya@gmail.com,08-6646-0037,67397 Prachayaroch Skyway,Habpanomfort,North Chalisachester,32050,Western,1988-01-21,Male,Widowed,2025-09-11
CUST_d370,FS 3 Noppakao Polauaypon,kumsoontornjaruwan@hotmail.com,06-3755-3802,446 Kongsri Knoll Suite 980,West Peemton,Kongsriberg,16551,Central,1992-09-02,Male,Single,2025-10-04
CUST_3d7e,Tunchanok Kongsri,sorattanachaianon@yahoo.com,08-6043-5965,391 Chowitunkit Skyway,South Tunradee,Sujjaboriboonfort,25090,Central,1991-04-01,Male,Other,2026-04-09
CUST_35a3,Nattawun Pikatsingkorn,wthantananont@gmail.com,09-1821-0627,2747 Aunyaporn Squares,North Sorawut,Puntiraburgh,49087,Central,1992-10-14,Other,Divorced,2025-02-17
CUST_6bf2,Sorawut Pikatsingkorn,suvakitmethavorakul@gmail.com,06-5238-0752,757 Prachayaroch Creek,East Apisara,New Puntira,97923,Northeast,2008-06-07,Other,Widowed,2025-10-28
CUST_5194,Pintusorn Methavorakul,wasin98@hotmail.com,08-2111-4563,17122 Choeychuen Cove,Pianduangsriview,Wasununchester,07658,Northern,1990-06-06,Female,Other,2025-02-17
CUST_85fc,Puntira Kumsoontorn,jitrinsuraprachit@gmail.com,08-5080-6776,704 Chaiwut Plaza Apt. 703,Suraprasertside,Port Yadaview,62508,Central,2004-01-10,Other,Other,2025-10-01
CUST_9dc8,Thanatcha Todsapornpitakul,jchaisatit@hotmail.com,08-7675-5303,2296 Sittikorn Stravenue,Lake Chanikan,South Kamolchanokburgh,69553,Northeast,1992-04-22,Male,Married,2025-06-14
CUST_47f7,POL SEN SGT MAJ Thanatcha Wannapaitoonsri,turongkinanonkulnun@yahoo.com,06-2857-7553,18952 Phubes Ridge,Prakalpawongbury,Krittayanukoonfurt,24045,Western,2007-03-08,Other,Married,2025-09-26
CUST_6051,Kulnun Vinyuvanichkul,nattawun62@gmail.com,09-0060-3384,124 Ratchanon Avenue Apt. 418,Neerachapongmouth,Sittikornborough,92433,Central,1985-04-27,Female,Married,2025-09-15
CUST_73f0,Nutwadee Sorattanachai,gpitanuwat@yahoo.com,09-2181-0787,9371 Pattapon Courts Apt. 155,Norramonhaven,New Sittikorn,02113,Northern,1987-06-24,Male,Other,2025-07-03
CUST_7f6e,Prames Polauaypon,chanya85@yahoo.com,08-0851-1908,76280 Suvakit Radial,Peemside,East Supasit,12898,Northeast,1994-06-06,Female,Divorced,2025-03-24
CUST_782a,PHRAKHU SAMU Yanisa Pothanun,arisara88@yahoo.com,06-2821-0665,12713 Habpanom Unions,Kamolchanokfort,Jaruwanland,59412,Central,2003-01-07,Other,Widowed,2025-09-27
CUST_bff8,Jaruwan Methavorakul,csittisaowapak@hotmail.com,09-0589-1741,50857 Jinjuta Cliffs,Lake Chawinshire,Sukhenaimouth,18411,Central,1996-01-05,Male,Other,2025-07-29
CUST_cf2e,Wasin Anekvorakul,eprayoonhong@gmail.com,09-9190-2671,37909 Apisara Shores Apt. 473,Posaleeport,Vinyuvanichkulberg,87501,Northeast,1999-02-05,Male,Divorced,2025-07-29
CUST_65a9,Sittikorn Pongpanitch,wtungkasethakul@gmail.com,09-6909-0252,418 Bunlerngsri Vista,Siripaibooland,East Sarunporn,75184,Northeast,1990-03-21,Female,Widowed,2026-02-05
CUST_de1a,Supasita Chaihirankarn,jitrinpitanuwat@hotmail.com,09-3435-9063,35541 Supasita Meadow Apt. 060,South Pintusorn,Nichakarnport,57585,Central,2008-04-17,Female,Widowed,2025-02-01
CUST_2d78,Patcharaporn Habpanom,pawan92@hotmail.com,06-2861-1100,9941 Trikasemmart Valleys Suite 372,Bunlupongshire,New Chalisaberg,79095,Central,1996-03-24,Female,Other,2025-04-29
CUST_a3d7,Wasin Sittisaowapak,niracha28@hotmail.com,09-3483-9301,369 Anon Lakes Suite 664,Chaihirankarnport,Todsawunland,34780,Central,1998-05-19,Other,Other,2026-04-07
CUST_0f1e,Parin Vinyuvanichkul,pramesyouprasert@hotmail.com,09-8205-6958,3627 Pakjira Cliffs Suite 188,Wimolnotland,New Chalisahaven,74387,Central,2001-08-02,Other,Married,2026-01-07
CUST_b7d4,Darin Prachayaroch,pintusorn06@gmail.com,08-1917-8220,687 Prima Wall Apt. 694,Port Puntira,Prayoonhongmouth,71613,Northern,1998-07-10,Female,Other,2025-01-26
CUST_3335,Atit Polauaypon,chomsrisupasita@gmail.com,09-7071-4082,02796 Wimolnot Gardens Suite 077,Lake Jitrinberg,Jitrinburgh,94278,Eastern,1999-07-01,Male,Single,2025-12-24
CUST_c28a,Pitipat Vinyuvanichkul,sittikorn58@hotmail.com,06-6109-0125,73418 Pintusorn Square Suite 199,Port Peem,Ratchanonburgh,45900,Eastern,1995-02-28,Female,Single,2025-05-21
CUST_6ec7,Puntira Vinyuvanichkul,polauayponpachongruk@hotmail.com,08-4096-3282,33764 Teetat Light,Lake Chawin,North Nattawunberg,09913,Northern,1993-10-25,Other,Other,2026-01-28
CUST_a374,Chalisa Habpanom,jlosatapornpipit@hotmail.com,06-0942-6426,11357 Chalisa Summit Apt. 248,North Wasin,Todsawunmouth,50046,Northern,1990-01-06,Female,Other,2025-12-05
CUST_a363,Jinjuta Kamalanon,pongpanitchatit@yahoo.com,08-2046-5292,497 Chayapat Islands Suite 350,Wasununside,Todsawunshire,82784,Northern,2003-11-11,Other,Other,2025-09-27
CUST_7437,CPO 2 Phenphitcha Pitanuwat,pramesmatinawin@hotmail.com,06-8462-8823,82185 Methavorakul Springs Apt. 936,West Peemmouth,New Tunradee,56661,Central,1997-03-16,Female,Other,2025-03-22
CUST_f97f,Todsawun Krittayanukoon,nichakarn89@gmail.com,06-1749-6286,7836 Pak Lodge Suite 607,Pichpandechashire,East Pattapon,11464,Northeast,1993-10-11,Female,Single,2026-03-23
CUST_e86c,Apisara Kamalanon,rmethavorakul@yahoo.com,09-2078-4043,14496 Tunchanok Burg Suite 569,South Pattapon,Port Chanya,95357,Central,2000-11-02,Female,Widowed,2025-08-16
CUST_b286,Wassaya Bunlerngsri,todsapornpitakulchayanin@hotmail.com,06-5991-4741,11227 Wassaya Summit,Chanikanshire,Pakberg,93883,Northern,1993-06-15,Other,Single,2026-04-22
CUST_5b61,PVT Wasin Sorattanachai,padalertsattayanusak@hotmail.com,06-9439-6571,899 Chalisa Viaduct Apt. 317,Sorawutland,Sitiwatborough,99619,Northeast,2002-11-14,Other,Married,2026-02-26
CUST_e42b,Chayanin Posalee,chanya20@hotmail.com,09-4818-1637,5230 Prima Cove Suite 221,Sitiwattown,New Ratchanonmouth,93916,Northern,1999-09-23,Other,Married,2025-04-15
CUST_f861,Sorawut Sittisaowapak,dneerachapong@hotmail.com,09-0478-7707,61090 Suraprachit Locks,New Ratchanonmouth,West Nutkritamouth,40115,Central,1992-03-04,Female,Widowed,2025-05-08
CUST_45c0,Phenphitcha Methavorakul,yanisa96@yahoo.com,06-6119-2003,85470 Matinawin Cliff Suite 624,West Parin,Port Sorawutfort,50706,Central,1991-09-24,Other,Widowed,2025-12-20
CUST_1752,Darin Pikatsingkorn,titipatrayunyongyada@hotmail.com,08-3842-7447,8791 Tungkasethakul Manors Suite 528,Port Pawan,West Ratchanonside,09813,Central,2008-01-02,Female,Other,2025-11-25
CUST_52fd,Pachongruk Kumsoontorn,pintusorn31@hotmail.com,08-8720-6385,1987 Tunradee Lane Suite 748,Lake Patchaployhaven,North Atit,31050,Central,1991-07-08,Other,Divorced,2025-06-13
CUST_a76a,Phenphitcha Prakalpawong,jinjutawimolnot@gmail.com,06-1994-9951,2873 Youprasert Prairie,Krittayanukoonville,Chanyafort,12158,Northeast,2001-11-27,Female,Other,2025-06-15
CUST_3d0f,V ADM Apisara Sukhenai,bposalee@gmail.com,08-0156-5142,86309 Benchapatranon Causeway Apt. 109,Lake Noppakaoberg,Padaside,02700,Northern,2003-06-25,Female,Other,2025-06-30
CUST_f470,Arisara Kamalanon,zkongsri@hotmail.com,06-2786-1768,832 Nutcha Union Suite 926,East Supasita,Lake Jitrin,54161,Central,2005-07-04,Male,Other,2025-06-12
CUST_671f,Aunyaporn Pitanuwat,chanya94@gmail.com,06-8950-1007,917 Pasuk Square Apt. 688,Neerachapongborough,Wasununland,68200,Central,1991-01-11,Other,Divorced,2025-01-06
CUST_82d0,Chanya Chaihirankarn,parinkongchayasukawut@hotmail.com,09-1779-3237,9457 Anon Street Suite 113,Pakjiramouth,Lake Wasinshire,58439,Central,2003-09-18,Female,Widowed,2025-11-05
CUST_7f46,CPO 1 Parin Kittakun,chalisasireelert@hotmail.com,08-4796-0462,062 Wasin Parkway,Pasukport,North Chayapat,36922,Northern,1992-11-19,Male,Widowed,2025-04-09
CUST_817e,Wassaya Todsapornpitakul,sorawutsiripaiboo@yahoo.com,06-6709-9690,3823 Anekvorakul Forge Apt. 333,West Atit,Kamalanonport,88101,Central,1993-01-18,Male,Divorced,2026-01-19
CUST_b21e,Nutkrita Bunlupong,achowitunkit@hotmail.com,08-8982-6016,290 Kodchaporn Canyon Apt. 397,Thanatchachester,Supasitashire,04001,Northern,1994-03-08,Female,Other,2025-01-27
CUST_9977,MR Chalisa Chaisatit,lpothanun@gmail.com,06-1276-2111,4977 Siripaiboo Extension Apt. 199,Lake Ratchanonshire,North Nutkrita,80331,Central,1991-07-28,Male,Other,2026-03-27
CUST_90fd,Anon Pikatsingkorn,sarunporn20@gmail.com,08-3533-7223,086 Patcharaporn Prairie Apt. 414,Wannapaitoonsriburgh,Wassayaborough,06980,Central,1996-09-14,Male,Divorced,2025-05-26
CUST_30a8,Pak Thantananont,wannapaitoonsripachongruk@yahoo.com,08-9614-9435,8035 Choeychuen Island Apt. 213,Suraprasertside,New Puntira,21174,Northern,2002-03-24,Male,Single,2025-09-18
CUST_af14,AVM Pak Benchapatranon,arisarasuraprachit@hotmail.com,06-6356-3891,1204 Jinjuta Fords Apt. 373,Kunapornstad,Lake Suvakit,74273,Central,1997-11-23,Female,Married,2025-04-17
CUST_ba6e,WG CDR Pakjira Losatapornpipit,bunlerngsrinichakarn@gmail.com,08-6312-4268,23901 Pada Loaf Apt. 713,West Anon,Pongpanitchborough,57774,Northern,1980-07-10,Female,Other,2025-11-08
CUST_3c87,Pada Prachayaroch,thanatcha22@hotmail.com,08-6751-3133,3008 Tianvarich Shore,Charoensuksopolberg,Pianduangsriborough,24805,Central,1995-06-09,Male,Divorced,2025-04-13
CUST_4c8b,FS 1 Pattatomporn Pikatsingkorn,nutkritakongchayasukawut@gmail.com,08-3866-5825,98744 Pikatsingkorn Square,New Pak,Permcharthaven,93695,Northern,1996-09-06,Other,Divorced,2026-01-27
CUST_18d5,Pada Kamalanon,darin81@hotmail.com,06-7299-2164,591 Nutcha Rue Suite 045,Lake Pawan,Kittakunborough,53344,Central,1996-08-12,Other,Single,2025-02-17
CUST_8535,Suvakit Benchapatranon,sarunpornsukhenai@hotmail.com,09-0829-9133,1870 Chomsri Causeway,Polauayponton,North Phenphitchamouth,28570,Northern,1992-08-17,Female,Divorced,2026-05-16
CUST_90d1,REV Supasita Sittisaowapak,sittisaowapakkamolchanok@hotmail.com,09-7745-7162,69418 Chaiwut Run Suite 029,West Nattawun,Noppakaobury,05722,Northern,2003-12-16,Female,Widowed,2025-04-25
CUST_833c,Pada Prakalpawong,wannapaitoonsripattapon@yahoo.com,06-3178-1653,5500 Chanya Motorway,Pattatompornchester,Losatapornpipitmouth,88327,Eastern,1998-12-21,Other,Divorced,2025-03-30
CUST_1a67,L CDR Sitiwat Prachayaroch,prachayarocharisara@gmail.com,08-4569-5641,204 Titipatrayunyong Meadows,Pornchanokland,Sorattanachaistad,44815,Northeast,2008-09-24,Other,Single,2025-10-02
CUST_9a02,Pintusorn Kongsri,kanekvorakul@hotmail.com,06-6993-6584,27498 Nichakarn Causeway,Port Peemchester,Apisarashire,03573,Central,1987-01-02,Other,Widowed,2025-09-20
CUST_f36f,Wassaya Prayoonhong,chaisatitjitrin@hotmail.com,09-7829-3931,1797 Thantananont Skyway Apt. 530,Suraprasertland,Kittakunstad,38557,Northern,2001-02-03,Female,Single,2025-03-30
CUST_2328,Todsawun Todsapornpitakul,pornchanokwannapaitoonsri@yahoo.com,08-5844-6455,2492 Wimolnot Flats,East Ratchanon,North Chalisaport,54710,Northeast,1998-11-06,Female,Other,2025-07-05
CUST_a32a,Arisara Polauaypon,phubestrikasemmart@hotmail.com,08-2185-8297,047 Pattapon Forges,New Chayaninstad,Lake Ratchanon,67704,Northern,1985-05-18,Male,Widowed,2025-10-02
CUST_d0c1,Patchaploy Sittisaowapak,losatapornpipitjitrin@hotmail.com,08-3314-0548,3407 Prachayaroch Knolls,North Padaborough,Suvakitmouth,74855,Northeast,1987-01-18,Other,Married,2025-04-10
CUST_e59d,Pitipat Kitprapa,kunaporn66@gmail.com,08-6893-1403,48752 Siripaiboo Square,West Sitiwat,Lake Pornchanokberg,41674,Southern,1994-11-14,Female,Widowed,2025-07-12
CUST_d10f,Peem Bunlerngsri,supasit61@gmail.com,08-0403-5483,392 Kamalanon Glen Apt. 425,Port Nutcha,New Ratchanon,88382,Central,1992-02-05,Male,Other,2026-04-22
CUST_d266,Supasit Choeychuen,thantananontkodchaporn@yahoo.com,06-0736-1480,5847 Chalisa Gateway Apt. 472,Yadaview,Pattamonfort,22281,Central,1988-02-07,Female,Other,2025-11-24
CUST_4a6e,Suwijuk Lertsattayanusak,aprachayaroch@hotmail.com,08-2591-8261,4410 Sujjaboriboon Fall Apt. 555,Supasitstad,Kongsriborough,14318,Western,1983-10-10,Other,Widowed,2025-10-09
CUST_93d8,Pawan Kongsri,nutcha52@gmail.com,06-8890-4580,749 Jitrin Lane Suite 605,West Jitrin,Kunapornstad,37462,Northern,2000-09-27,Male,Other,2025-09-13
CUST_d4c0,LT GEN Pattamon Pikatsingkorn,mkittakun@gmail.com,09-1559-6828,624 Sooksawang Rue Apt. 904,South Pintusornville,East Noppakaofort,75152,Northern,1989-05-04,Other,Single,2025-11-16
CUST_36f6,Pattamon Posalee,patchaploy50@gmail.com,08-0144-4468,5996 Srisoontorn Plain Apt. 853,South Anonchester,New Apisarabury,35396,Northern,1992-09-05,Other,Widowed,2026-01-31
CUST_0005,SUB LT Supasita Pasuk,habpanomphenphitcha@yahoo.com,06-1010-1259,3363 Pothanun Burg Suite 411,New Supasita,East Phenphitchafort,63361,Central,1999-04-27,Male,Married,2025-09-02
CUST_3418,Yanisa Wannapaitoonsri,pattamonsooksawang@hotmail.com,09-6589-8523,63466 Pianduangsri Dale Apt. 788,Chomsriberg,East Chawinside,84399,Central,2001-07-18,Female,Widowed,2025-03-24
CUST_b9e8,Pak Charoensuksopol,yadasuraprachit@hotmail.com,09-3415-7127,401 Sorattanachai Isle,Teetatbury,West Nutkritaborough,37607,Southern,1992-04-27,Male,Other,2026-03-05
CUST_068c,Nattawun Norramon,sujjaboriboonpakjira@hotmail.com,09-5475-6414,619 Tunchanok Ports,Lake Yanisastad,Neerachapongside,94236,Northeast,2006-05-12,Other,Widowed,2025-11-01
CUST_daf7,Chayapat Charoensuksopol,skrittayanukoon@hotmail.com,09-4570-0601,622 Yanisa Glen Suite 871,West Nutcha,New Yadashire,89818,Southern,1995-09-26,Female,Married,2026-03-16
CUST_1739,Kunaporn Wasunun,sooksawangkunaporn@yahoo.com,09-3848-8925,3593 Pada Shoals Apt. 796,New Phubes,Port Chaifah,85447,Northern,1990-06-19,Male,Single,2025-08-10
CUST_6af9,Nattawun Norramon,twasunun@yahoo.com,08-2525-8618,60013 Nutkrita Shoal,Yadatown,South Chalisa,11873,Northern,2005-09-17,Other,Divorced,2025-03-24
CUST_be3b,Suwijuk Polauaypon,qthantananont@yahoo.com,09-3889-1044,17190 Trikasemmart Cliff Suite 984,Port Prames,West Chawin,24864,Western,1992-08-20,Female,Widowed,2025-10-01
CUST_99a3,FS 2 Chayapat Kamalanon,intaumnutwadee@hotmail.com,06-2695-5856,7056 Prakalpawong Villages Suite 018,North Pornchanokbury,Prachayarochbury,47452,Central,1998-09-01,Male,Widowed,2025-10-03
CUST_494d,Chalisa Prachayaroch,lthantananont@hotmail.com,09-1265-1340,38314 Chomsri Landing,North Tunchanokbury,North Pitipatview,86172,Northern,1999-07-17,Other,Other,2025-07-05
CUST_1cd5,Thanatcha Benchapatranon,vinyuvanichkultodsawun@yahoo.com,06-7945-4514,865 Prames Spurs,Lake Sorawutton,Kamolchanokview,93356,Northern,1991-08-23,Female,Married,2025-07-21
CUST_e7e7,Phubes Thantananont,padachomsri@hotmail.com,09-8744-7622,1424 Thantananont Club,West Pattatompornfort,North Teetat,80838,Central,2008-09-11,Male,Other,2025-03-20
CUST_d370,Thanatcha Habpanom,chaifah45@hotmail.com,06-6394-7393,392 Apisara Well,Port Darinbury,Lake Todsawun,58398,Northern,2000-03-13,Female,Married,2026-05-17
CUST_e106,Chayanin Benchapatranon,wasin22@gmail.com,06-5964-2176,7341 Pasuk Fork Suite 272,Arisaraview,Pramesberg,55277,Northern,1987-02-09,Male,Single,2026-01-26
CUST_37a9,Prima Suraprasert,hneerachapong@gmail.com,09-2034-0876,66733 Kitprapa Fork,Lake Pattamon,Puntiraview,27496,Northern,1996-02-26,Other,Single,2025-02-10
CUST_4805,Chawin Srisoontorn,chayaninpasuk@yahoo.com,09-2134-4118,957 Polauaypon Garden,Teetatberg,Port Chanya,45997,Central,2000-08-28,Male,Widowed,2026-01-28
CUST_6d0c,Apisara Pothanun,suraprachitatit@yahoo.com,06-4822-8256,22479 Tunchanok Fords Apt. 291,East Chanikan,South Pak,59167,Eastern,1982-02-19,Other,Other,2026-02-13
CUST_cb19,Jinjuta Trikasemmart,prachayarochtunradee@yahoo.com,06-2127-9962,56911 Bunlupong Rapid Apt. 149,New Nutchachester,Prayoonhongbury,06739,Northern,1998-07-21,Other,Single,2025-04-18
CUST_466c,ACM Teetat Prakalpawong,wimolnotpada@gmail.com,09-6321-9902,7009 Prames Flats Suite 955,South Kamolchanok,North Pakville,96773,Central,2002-09-13,Other,Single,2026-01-07
CUST_4834,Tunchanok Kamalanon,sarunpornpianduangsri@hotmail.com,08-5462-7595,79441 Noppakao Plaza,North Pakjirafort,Port Patcharaporn,27671,Western,1990-06-28,Other,Single,2025-05-08
CUST_8d88,POL MAJ Pintusorn Habpanom,sarunpornyouprasert@gmail.com,06-5060-2757,891 Kongsri Row,Port Patchaploy,Lake Pada,09271,Southern,2006-09-01,Female,Divorced,2026-04-17
CUST_8c52,Chanikan Pothanun,qanekvorakul@yahoo.com,08-6490-1286,453 Benchapatranon Dam Apt. 466,North Pakland,South Apisaraland,72734,Central,2003-06-28,Female,Single,2025-06-04
CUST_593a,Tunradee Matinawin,chaihirankarnpak@gmail.com,06-0471-0863,28567 Chanya Falls Suite 349,Pasukport,West Supasita,33483,Southern,2006-08-20,Other,Widowed,2025-04-21
CUST_2ef6,Jitrin Prachayaroch,prayoonhongsupasita@gmail.com,09-8220-9364,74192 Chanya Junctions Suite 434,Suraprasertview,Chawinbury,79124,Northeast,1976-08-07,Other,Widowed,2025-10-21
CUST_f063,Pakjira Turongkinanon,phubes12@yahoo.com,08-9646-4888,4326 Sireelert Stravenue,Primaborough,North Pornchanokport,04351,Central,1996-10-11,Other,Widowed,2025-12-18
CUST_37c2,Pintusorn Methavorakul,zvinyuvanichkul@yahoo.com,09-4110-0852,4303 Chanya Mountains Apt. 577,Vinyuvanichkulmouth,West Peemside,69540,Northern,1997-02-22,Male,Other,2025-07-25
CUST_0f8c,Sittikorn Vethayasas,nutwadee02@hotmail.com,06-4183-7809,06420 Jitrin Lakes,Wassayamouth,Titipatrayunyongview,78593,Central,2004-10-04,Female,Divorced,2026-03-25
CUST_ad49,Pannawich Suraprasert,pkamalanon@gmail.com,08-2860-9188,905 Nichakarn Rapid Apt. 472,Kodchapornchester,Vethayasasmouth,83414,Central,2004-08-04,Female,Other,2025-07-10
CUST_46a8,Kunaporn Matinawin,peembunlupong@hotmail.com,06-3179-3910,4371 Sireelert Harbor,Lertsattayanusakmouth,Sorawutville,44638,Central,1981-10-13,Male,Single,2025-05-28
CUST_681f,Jinjuta Habpanom,phusilarungruengtunchanok@hotmail.com,08-9143-2571,131 Matinawin Lodge Suite 713,New Sitiwat,East Yada,34817,Northern,1995-08-17,Female,Other,2025-01-01
CUST_6d1c,SQN LDR Kamolchanok Polpo,sooksawangpatchaploy@hotmail.com,09-3374-9209,29598 Thantananont Bridge Suite 022,New Parinchester,Port Pawan,52687,Northeast,1993-03-17,Other,Divorced,2025-11-05
CUST_10a3,Nattawun Tianvarich,anonkamalanon@yahoo.com,06-4923-4430,58747 Nichakarn Mill,Srisoontornbury,Sooksawangland,92963,Central,2005-09-25,Other,Single,2025-05-12
CUST_87f2,Arisara Neerachapong,chanyaintaum@yahoo.com,09-4565-5405,06105 Vethayasas Orchard,Prachayarochside,Apisaraburgh,20364,Southern,2005-11-10,Female,Married,2026-04-12
CUST_a060,Wasin Permchart,todsawuntianvarich@gmail.com,06-1738-9075,668 Pikatsingkorn Walk Suite 104,Port Puntira,Port Supasittown,66046,Central,1993-07-26,Female,Other,2025-01-10
CUST_1aed,Arisara Youprasert,patcharaporn48@gmail.com,09-1117-2510,89278 Sorattanachai Park Apt. 692,South Tunchanok,New Sarunpornmouth,08777,Northeast,2000-06-26,Female,Other,2025-12-22
CUST_b875,Pintusorn Habpanom,pitipat97@hotmail.com,09-9082-3135,4333 Pongpanitch Gardens,New Darin,Wimolnotport,57789,Northeast,1993-07-11,Female,Widowed,2026-03-07
CUST_275d,REV Jinjuta Chomsri,pitipatprachayaroch@hotmail.com,09-3074-1743,548 Youprasert Fields Suite 480,Lake Wassayaview,Wannapaitoonsriton,09632,Eastern,1992-04-23,Other,Single,2025-02-06
CUST_952e,Pak Pasuk,chawin60@yahoo.com,08-5137-8412,682 Pattatomporn Ford Apt. 325,Pothanunfort,North Apisara,78415,Central,2008-09-12,Other,Divorced,2026-02-01
CUST_3a14,Jinjuta Kitprapa,charoensuksopolpak@hotmail.com,08-7951-4399,633 Pothanun Fords Suite 497,Lake Kulnun,Todsapornpitakulland,93057,Northern,2005-12-23,Other,Other,2026-05-19
CUST_0d98,Chawin Pitanuwat,rpolpo@hotmail.com,09-6607-1350,0526 Vethayasas Fall Apt. 604,South Kulnun,Yanisaborough,36550,Central,1992-11-22,Other,Single,2025-09-17
CUST_5cc7,Peem Kongsri,cpongpanitch@gmail.com,09-6534-2686,36437 Krittayanukoon Spur Apt. 193,Kamolchanokchester,New Tunchanokfurt,24461,Central,2008-07-14,Female,Married,2025-01-03
CUST_42be,Teetat Kongchayasukawut,trikasemmartchawin@hotmail.com,08-0180-3032,00131 Teetat Rapids,East Pintusorn,North Nutwadee,93278,Central,2003-02-05,Male,Married,2026-02-24
CUST_8d4f,Sorawut Pikatsingkorn,pakjirapikatsingkorn@yahoo.com,09-3824-9146,5270 Jaruwan Canyon Apt. 039,South Nichakarnburgh,Puntiramouth,44444,Northeast,1997-07-04,Other,Divorced,2025-06-04
CUST_2079,Darin Pichpandecha,sitiwat26@yahoo.com,06-6251-6906,0945 Nutwadee Burg,Benchapatranonburgh,New Pitipat,64927,Northern,2008-07-16,Other,Other,2025-09-02
CUST_3669,Kamolchanok Posalee,chaisatityanisa@yahoo.com,08-9943-3388,9686 Kunaporn Shoals,Pikatsingkornberg,Chayapatfort,75610,Central,2008-04-10,Other,Widowed,2025-02-07
CUST_3f90,Pawan Suraprachit,suwijukmatinawin@gmail.com,09-4891-7826,554 Sarunporn Haven Suite 250,Titipatrayunyongland,West Padaberg,41634,Northern,2006-01-15,Male,Single,2025-01-17
CUST_0c34,Yanisa Pothanun,asireelert@yahoo.com,08-6235-0666,98091 Sorawut Courts,Lake Anon,West Jaruwanton,70447,Southern,1988-07-02,Male,Other,2025-01-09
CUST_f8cf,CPO 1 Sitiwat Wannapaitoonsri,patcharaporn59@gmail.com,06-4394-8577,330 Pianduangsri Corner,Lake Wasinton,North Arisaraberg,70477,Northern,2003-07-19,Male,Single,2026-04-28
CUST_d568,Chayapat Sireelert,dsuraprasert@yahoo.com,08-9247-9839,151 Tunradee Crest,Jinjutabury,Methavorakulview,29408,Northeast,1991-12-05,Female,Single,2025-11-25
CUST_60d5,AVM Patcharaporn Benchapatranon,chaifah09@hotmail.com,06-7670-7446,58812 Youprasert Forge,Pianduangsritown,Port Chayanintown,64326,Southern,1998-09-09,Other,Widowed,2025-12-01
CUST_a347,Tunradee Chaihirankarn,lertsattayanusaktodsawun@hotmail.com,09-7812-8076,60597 Kodchaporn Stravenue Apt. 245,Port Nattawunview,Pasukshire,55307,Central,2001-08-19,Male,Married,2025-04-21
CUST_54f9,Jinjuta Kamalanon,nattawunsorattanachai@gmail.com,09-4003-0198,570 Chayanin Via,Bunlerngsritown,North Chawin,40848,Northern,2004-04-02,Male,Widowed,2025-07-24
CUST_18ec,Nattawun Kongchayasukawut,ptitipatrayunyong@gmail.com,08-1056-3209,22435 Kamalanon Orchard,South Sorawut,Kodchapornfurt,70085,Central,1992-02-09,Female,Single,2025-04-02
CUST_bf54,Nutcha Tungkasethakul,mturongkinanon@hotmail.com,06-0279-6146,44749 Jitrin Trafficway,Sireelertside,Pattamonshire,66349,Central,1995-02-05,Female,Other,2025-05-27
CUST_be3e,Suwijuk Charoensuksopol,yada60@hotmail.com,06-5654-1766,45148 Permchart Manors,Vinyuvanichkulburgh,Methavorakulshire,79348,Northeast,1998-12-25,Male,Other,2025-11-10
CUST_12c2,Chawin Youprasert,yneerachapong@gmail.com,09-3701-7490,0059 Tunchanok Parks Suite 772,Methavorakulfurt,New Anonville,63864,Central,1998-08-07,Female,Divorced,2025-04-28
CUST_1ab1,Pak Suraprasert,pothanunpintusorn@yahoo.com,09-8349-6314,084 Norramon Brook,Wannapaitoonsrichester,Port Sitiwat,45894,Eastern,2000-02-02,Other,Married,2025-11-07
CUST_12e4,SGT Pattapon Sujjaboriboon,patcharaporn37@gmail.com,06-6577-6854,62236 Chaiwut Dam,Lake Aunyaporn,Sukhenailand,30977,Western,2000-03-18,Other,Married,2025-02-13
CUST_6872,POL SGT Atit Bunlupong,nutwadeevethayasas@hotmail.com,06-5331-7806,0634 Siripaiboo Falls Apt. 196,Lertsattayanusakton,West Teetat,12890,Eastern,1999-08-01,Female,Divorced,2026-01-22
CUST_9195,Supasit Chowitunkit,chawin76@gmail.com,06-5050-7166,0865 Pichpandecha Court,North Sittikornborough,Kumsoontornview,71845,Northern,1987-06-21,Female,Other,2025-10-27
CUST_5aff,Pintusorn Thantananont,yanisasireelert@yahoo.com,08-1912-2872,39456 Chomsri Fields,Lake Supasittown,West Chanya,24688,Western,2005-07-10,Female,Divorced,2026-04-30
CUST_1ca3,V ADM Kamolchanok Bunlupong,turongkinanonaunyaporn@yahoo.com,09-9467-2740,6793 Suraprachit Pine,Sitiwatborough,New Pannawich,91563,Central,2006-11-19,Male,Other,2025-06-19
CUST_04a5,CPO 3 Noppakao Pasuk,patcharaporn23@yahoo.com,06-0792-8653,20814 Chayanin Neck Apt. 742,Chayaninshire,Anekvorakulberg,98961,Southern,1992-08-17,Other,Other,2026-02-12
CUST_623b,Sorawut Vethayasas,atitmatinawin@gmail.com,09-6146-9817,2203 Turongkinanon Villages,Kunapornmouth,Sireelertshire,53021,Northeast,1995-04-09,Female,Widowed,2025-10-12
CUST_a12b,Pachongruk Sorattanachai,kodchapornlosatapornpipit@yahoo.com,09-9001-1474,379 Pawan Views,West Puntira,Kodchapornstad,56621,Northern,2003-01-09,Other,Single,2025-12-06
CUST_09c9,Chayanin Methavorakul,jinjutapongpanitch@gmail.com,08-0640-2425,1343 Sittisaowapak Village Suite 889,New Noppakaoview,Parinmouth,47300,Western,1984-03-27,Female,Divorced,2025-07-15
CUST_51b1,Chaiwut Pongpanitch,osuraprasert@yahoo.com,08-5339-8636,565 Todsawun Haven Suite 420,East Pada,Supasitmouth,66441,Northern,1998-02-09,Other,Divorced,2026-05-01
CUST_1f3f,Jinjuta Intaum,hpianduangsri@yahoo.com,08-7101-2671,99685 Kunaporn Ford Suite 197,Turongkinanonborough,Phubestown,32288,Northern,1993-03-03,Male,Divorced,2025-12-22
CUST_a60f,Chayanin Chaisatit,pbunlupong@hotmail.com,08-8200-3408,8544 Methavorakul Trail Apt. 429,Kunapornfort,Methavorakulshire,77573,Northern,2005-07-17,Female,Single,2026-03-06
CUST_c991,Pakjira Polpo,wannapaitoonsrisupasit@hotmail.com,09-9686-6934,38565 Kulnun Parkways,East Ratchanon,North Atitbury,51948,Northern,1996-11-20,Female,Single,2026-05-15
CUST_3d52,Phubes Prayoonhong,bunlupongratchanon@gmail.com,08-9350-5422,78043 Sorawut Throughway,New Sittikornville,Kunapornstad,75808,Northern,2002-02-22,Female,Other,2026-03-16
CUST_bebc,Pannawich Krittayanukoon,primapolpo@hotmail.com,06-7500-6503,995 Pattatomporn Garden Suite 228,Arisaraborough,Chanikanland,97596,Northern,1987-11-01,Female,Widowed,2025-02-21
CUST_0492,Chanikan Wimolnot,charoensuksopolarisara@hotmail.com,08-1702-2507,030 Vinyuvanichkul Via,North Yanisaburgh,North Jitrinfurt,81113,Central,2004-10-24,Female,Widowed,2026-02-12
CUST_2d0c,Yada Habpanom,yanisa11@yahoo.com,08-4957-0690,8911 Pongpanitch Plains Suite 439,Srisoontornport,Todsapornpitakulfort,15361,Northeast,1986-02-17,Male,Married,2025-01-15
CUST_7c78,Anon Turongkinanon,peem38@yahoo.com,08-8689-8270,3324 Lertsattayanusak Passage Apt. 820,Lake Noppakaoside,Kunapornberg,21465,Southern,2008-07-05,Male,Married,2025-01-25
CUST_72f8,CHAO ATHIKAN Wassaya Todsapornpitakul,turongkinanonsarunporn@gmail.com,09-9680-5288,19685 Prima Mill Suite 022,Chayanintown,Kongchayasukawutfort,67666,Northern,1996-02-10,Female,Married,2025-10-19
CUST_e200,Chawin Siripaiboo,chaiwutkitprapa@hotmail.com,09-9054-9199,4673 Yada Summit,Darinberg,Sireelertside,55559,Western,1997-01-01,Female,Married,2025-03-16
CUST_06b0,LT Suwijuk Chaihirankarn,choeychuenaunyaporn@hotmail.com,06-3948-2140,5837 Chalisa Squares,Apisaratown,Prakalpawongfort,55878,Central,1999-03-10,Other,Widowed,2025-05-29
CUST_b666,Chanikan Suraprachit,nutcha33@yahoo.com,06-4992-5715,51180 Pattamon Vista Apt. 278,North Tunchanok,Polauayponfort,20550,Northern,1989-09-26,Female,Widowed,2025-09-24
CUST_fe2a,Chawin Pikatsingkorn,kamolchanok87@hotmail.com,06-8082-8048,611 Choeychuen Road,Neerachaponghaven,Port Pannawichshire,03742,Southern,1993-07-27,Male,Other,2025-11-15
CUST_98d7,Patcharaporn Vethayasas,benchapatranonwassaya@hotmail.com,09-0467-6134,384 Chaihirankarn Extensions Suite 587,Port Jinjutaborough,New Kunapornfort,06355,Southern,2000-04-17,Male,Widowed,2025-01-09
CUST_dc1a,Niracha Wimolnot,pada68@yahoo.com,09-8588-6929,253 Jaruwan Knoll,East Nirachashire,Port Jitrinland,72126,Central,2000-09-15,Other,Single,2025-08-25
CUST_fc61,Phubes Neerachapong,xlosatapornpipit@yahoo.com,08-7665-8133,4699 Nutcha Ports Apt. 216,East Atitville,North Kulnunville,60357,Northern,1988-02-14,Female,Single,2025-04-24
CUST_d04a,Yanisa Permchart,peem74@yahoo.com,08-9165-9790,148 Atit Square Apt. 456,Lake Phenphitcha,West Patcharapornhaven,66338,Northern,1996-09-09,Other,Divorced,2025-12-27
CUST_4876,Suvakit Kumsoontorn,yposalee@hotmail.com,06-8319-0631,09632 Suvakit Road Suite 369,Tunradeefurt,West Parinton,56677,Northern,1992-10-04,Male,Widowed,2025-04-22
CUST_9a4d,Chayanin Krittayanukoon,zkamalanon@gmail.com,06-2394-8075,2776 Kongsri Hills,Port Nutchachester,Port Pakland,57144,Central,2002-09-16,Female,Widowed,2025-05-18
CUST_2157,Suvakit Polauaypon,isukhenai@gmail.com,09-8859-4425,0104 Pornchanok Wall,Norramonport,Port Ratchanonhaven,79550,Southern,1979-08-20,Female,Other,2026-05-18
CUST_fcf7,MRS Kulnun Wimolnot,pnorramon@yahoo.com,09-8056-3479,431 Sittikorn Burg Suite 247,Kitprapahaven,North Pattamon,71197,Northern,1994-07-10,Female,Divorced,2025-12-22
CUST_e7b9,Nichakarn Pikatsingkorn,chaifahmethavorakul@hotmail.com,09-1923-5942,860 Kulnun Island Apt. 316,Prachayarochhaven,Aunyapornland,12291,Northeast,2005-11-25,Male,Single,2026-03-27
CUST_ed6f,Supasita Srisoontorn,chaifah75@hotmail.com,09-0150-2496,7191 Kongsri Mount,Apisaraburgh,Methavorakulstad,98054,Northern,2004-02-12,Female,Single,2025-03-25
CUST_088a,Todsawun Kongchayasukawut,wasununnichakarn@gmail.com,08-9219-9697,6051 Sukhenai Station Suite 441,Bunlupongport,Pornchanokberg,32655,Central,1996-08-27,Female,Other,2025-04-04
CUST_c5ee,Pattatomporn Choeychuen,chayapatprakalpawong@hotmail.com,06-1683-8715,658 Youprasert Island,Port Todsawun,Apisaraborough,01415,Central,1993-10-13,Female,Divorced,2025-11-23
CUST_9e39,Sittikorn Trikasemmart,isittisaowapak@hotmail.com,06-6016-2669,32670 Kunaporn Causeway,Sitiwatville,Chayapatfurt,23533,Northern,1995-04-15,Female,Divorced,2025-04-19
CUST_bceb,Chanikan Youprasert,sujjaboriboonnutwadee@gmail.com,08-8965-0920,991 Pattapon River,Kongsriville,Lake Arisara,96112,Central,2003-04-05,Female,Divorced,2025-11-02
CUST_9965,Sorawut Todsapornpitakul,jinjutaanekvorakul@gmail.com,06-5216-8303,052 Bunlupong Crescent Apt. 885,New Anon,Kittakunbury,20828,Northern,1996-03-16,Female,Married,2025-02-07
CUST_36e8,S M 1 Suvakit Kittakun,pothanunatit@gmail.com,06-6115-3689,3416 Tunchanok Glens,East Parin,Trikasemmartville,77602,Central,1994-06-20,Other,Other,2025-08-27
CUST_0b73,Sarunporn Youprasert,dbunlerngsri@gmail.com,09-2512-6826,09887 Youprasert Tunnel Apt. 313,Methavorakulchester,South Chanikanland,06932,Northern,1999-03-05,Other,Single,2025-03-16
CUST_c91f,Pannawich Phusilarungrueng,nutkritavethayasas@gmail.com,09-2946-7262,50166 Kitprapa Mountains Apt. 949,New Sarunpornton,Lake Chanya,18206,Northeast,2002-12-28,Female,Widowed,2026-03-30
CUST_bcc0,Apisara Chowitunkit,zpermchart@gmail.com,06-8651-7268,48827 Chaiwut Keys,Methavorakulborough,Sitiwatton,17736,Central,1997-11-16,Other,Single,2026-04-15
CUST_2468,Suwijuk Kongsri,methavorakulpachongruk@hotmail.com,09-2888-5430,5216 Pichpandecha Unions Apt. 906,North Pada,Kamolchanokchester,58714,Eastern,1987-07-09,Male,Other,2025-11-23
CUST_34d1,Chaiwut Chowitunkit,pakwannapaitoonsri@hotmail.com,06-1060-6508,24386 Suvakit Hollow,New Tunradee,Boonpungbarameestad,64563,Central,1998-06-22,Male,Married,2026-01-11
CUST_b0a3,Suvakit Pianduangsri,atitkongchayasukawut@gmail.com,06-1113-5438,666 Kamalanon Terrace,South Suvakit,Posaleemouth,98612,Northern,2003-11-20,Male,Married,2026-04-01
CUST_c815,Chayanin Thantananont,wasin02@hotmail.com,06-2382-0364,953 Lertsattayanusak Cape Suite 243,Boonpungbarameeville,Lake Suvakitport,87991,Central,1995-03-27,Other,Other,2026-03-05
CUST_24dd,Prima Posalee,isujjaboriboon@hotmail.com,09-2388-7871,4279 Peem Avenue Apt. 633,Sireelertside,Lake Tunradee,89287,Southern,1985-05-16,Female,Divorced,2026-01-30
CUST_ea25,Jaruwan Turongkinanon,wwimolnot@hotmail.com,06-3359-4397,304 Kongsri Island,Pattatompornside,Siripaiboochester,79383,Northern,1975-06-12,Other,Single,2026-03-05
CUST_e9cd,Chaifah Thantananont,tunradeesooksawang@hotmail.com,06-7677-6033,0640 Chomsri Centers,Sorawutville,Phubesville,85648,Northern,2007-06-12,Female,Widowed,2025-08-06
CUST_4c5b,Pornchanok Prakalpawong,kitprapathanatcha@hotmail.com,09-0683-3084,73958 Chanya Crossing Suite 219,South Chayanin,Nutchaborough,83027,Northern,2007-06-23,Male,Married,2025-11-14
CUST_8838,Nutcha Krittayanukoon,aunyaporn49@yahoo.com,06-8283-8701,100 Phenphitcha Trail,New Sittikorn,Sittisaowapaktown,16757,Northern,1988-03-20,Male,Widowed,2025-03-06
CUST_ac42,Pornchanok Srisoontorn,aunyaporncharoensuksopol@gmail.com,08-1977-9684,0204 Pattamon Pines Apt. 633,Yadaland,Sitiwatshire,32880,Northeast,1990-08-02,Other,Single,2025-10-13
CUST_f442,ACM Kodchaporn Sorattanachai,supasit81@yahoo.com,09-6639-0896,561 Pakjira Terrace Apt. 352,West Wasin,Anekvorakulfort,16022,Central,2001-01-14,Other,Widowed,2025-05-27
CUST_6a5f,Anon Wimolnot,darinchoeychuen@hotmail.com,06-7794-7188,91802 Sitiwat Stream,Kamalanonfurt,South Jaruwan,01644,Central,1995-07-16,Male,Widowed,2026-01-12
CUST_0e51,Teetat Habpanom,aunyapornprakalpawong@gmail.com,09-1939-2614,90825 Suraprachit Burg,East Patcharapornland,South Nutcha,28204,Northern,1989-02-20,Male,Married,2025-01-30
CUST_e8c7,Atit Todsapornpitakul,tunradee15@yahoo.com,09-5398-0973,29478 Methavorakul Turnpike Suite 167,Port Atittown,Srisoontornview,65600,Northern,2006-04-23,Other,Married,2026-02-05
CUST_66f0,Patcharaporn Siripaiboo,chanyasuraprachit@hotmail.com,09-2129-3987,294 Sorawut Track Suite 317,West Nirachaburgh,Pothanunchester,45666,Central,2003-06-05,Female,Widowed,2026-04-24
CUST_9139,Pattamon Habpanom,bunlerngsripannawich@yahoo.com,09-7896-8112,053 Pada River Apt. 261,Vethayasasmouth,New Kunapornmouth,78794,Western,2008-01-21,Other,Single,2026-01-20
CUST_ebd4,Niracha Methavorakul,tunradee96@hotmail.com,08-1957-2147,191 Pasuk Ville Suite 906,Port Pawanfort,Sooksawangbury,42432,Southern,1993-12-06,Female,Widowed,2025-10-19
CUST_c65f,POL MAJ GEN Peem Benchapatranon,nutwadee22@gmail.com,06-1549-7560,9688 Pakjira Pines,Benchapatranonchester,Suwijukberg,40378,Northeast,2004-01-24,Male,Other,2026-01-12
CUST_0c04,Pattamon Sireelert,anon51@gmail.com,09-5283-8148,8720 Chawin Cliffs Apt. 922,New Supasita,West Pattatomporn,99590,Central,1997-01-28,Female,Single,2025-05-28
CUST_a8f7,POL CPL Sittikorn Neerachapong,patchaploywasunun@hotmail.com,09-9823-5374,9102 Pannawich Crescent Suite 739,Bunlupongview,South Chanikanland,35888,Northern,2008-01-21,Male,Married,2026-01-06
CUST_afdb,Jitrin Chowitunkit,phenphitcha75@yahoo.com,06-2501-6134,26632 Nutkrita Islands Suite 897,Trikasemmartport,Port Suwijuk,67683,Central,1993-05-11,Male,Other,2026-02-23
CUST_3409,Pakjira Wannapaitoonsri,pachongrukprakalpawong@hotmail.com,09-9009-5401,799 Thanatcha Mission,North Yanisaville,Tianvarichstad,65388,Northern,1991-01-28,Other,Married,2025-05-14
CUST_03ed,Chalisa Siripaiboo,eturongkinanon@hotmail.com,08-4804-4147,492 Pannawich Ramp Apt. 756,East Pannawichton,Youprasertton,12177,Central,1983-04-08,Female,Divorced,2025-03-27
CUST_de59,Prames Wannapaitoonsri,sorattanachaichayapat@hotmail.com,08-4710-4308,5671 Pitanuwat Road Apt. 361,Kongchayasukawutmouth,Kunapornstad,22003,Northeast,2005-03-10,Female,Widowed,2025-08-15
CUST_2b66,Nutwadee Sukhenai,chayapatpasuk@yahoo.com,08-0227-3636,382 Kittakun Meadows,Pakjiraland,New Teetat,92388,Central,1996-12-09,Male,Widowed,2025-02-25
CUST_09e3,Phenphitcha Kongchayasukawut,krittayanukoonchayanin@yahoo.com,06-5628-0100,153 Ratchanon Brooks Suite 845,Port Pawan,South Jinjutaton,58350,Northern,2008-07-11,Male,Single,2025-12-11
CUST_1f07,Chaiwut Matinawin,nichakarn75@yahoo.com,06-0214-0190,81010 Trikasemmart Drive Suite 480,South Pattatomporn,Sittikornfort,31624,Northern,2006-07-15,Female,Divorced,2025-03-07
CUST_3dd8,Phubes Youprasert,darinvinyuvanichkul@gmail.com,08-2762-5765,7491 Anon Bridge Suite 946,Port Thanatcha,North Jaruwanville,38491,Northern,1998-03-17,Female,Other,2025-01-17
CUST_eca7,Suwijuk Kongchayasukawut,pramestodsapornpitakul@yahoo.com,08-3559-8623,19361 Supasita Creek,New Jinjuta,Padamouth,98292,Central,1996-09-10,Male,Divorced,2025-02-28
CUST_69cd,Chawin Sittisaowapak,wasununnutkrita@hotmail.com,09-7457-5018,8595 Kitprapa Roads Suite 329,East Supasit,East Wasinborough,75355,Northern,1992-07-14,Other,Other,2026-05-06
CUST_c3dd,Pattamon Chaihirankarn,chaifahprachayaroch@hotmail.com,06-9190-8492,3356 Chayapat Shoal Suite 804,Pichpandechamouth,Lake Darin,87560,Northeast,2001-01-07,Female,Other,2025-10-07
CUST_8248,Apisara Intaum,apisaraanekvorakul@hotmail.com,06-4148-6444,91416 Kamalanon Camp,Apisarafurt,Posaleefurt,46687,Southern,1995-05-07,Other,Other,2025-10-03
CUST_6aaf,Jaruwan Pitanuwat,eprakalpawong@hotmail.com,09-7650-9344,84496 Chaisatit Stravenue Suite 234,East Tunchanokborough,Prachayarochside,39422,Northern,1989-01-08,Female,Married,2026-02-21
CUST_31e9,Supasit Intaum,krittayanukoonnutkrita@hotmail.com,09-1455-2060,790 Wassaya Viaduct Apt. 406,Port Chanya,Todsapornpitakultown,70051,Central,2000-09-10,Male,Single,2025-05-08
CUST_6202,POL GEN Suwijuk Wimolnot,primachomsri@hotmail.com,08-7638-5249,46601 Phusilarungrueng River,Sujjaboriboonport,West Peemmouth,51601,Central,1988-05-02,Male,Divorced,2026-04-13
CUST_def0,LT GEN Sitiwat Vethayasas,parin53@yahoo.com,06-6099-2628,606 Choeychuen Camp Suite 117,New Chanya,Pianduangsriland,65766,Northern,1996-07-21,Female,Other,2025-01-01
CUST_51ba,Parin Krittayanukoon,yada64@hotmail.com,09-8231-7331,30777 Phubes Falls Suite 644,Port Tunradeeborough,New Pattapon,85858,Northeast,1998-09-26,Female,Married,2025-06-16
CUST_d184,Kulnun Suraprachit,chawin36@yahoo.com,06-1237-9089,3529 Chaisatit Village,North Peemborough,Lake Patchaploy,47897,Central,1992-04-28,Other,Divorced,2025-07-21
CUST_e92a,Sitiwat Kitprapa,kamolchanokintaum@hotmail.com,09-5361-8333,020 Sorawut Points Apt. 749,South Parintown,Sujjaboriboonside,87729,Northern,1989-01-16,Female,Married,2025-11-04
CUST_35a0,Suvakit Sooksawang,jaruwanvinyuvanichkul@gmail.com,06-8256-9436,302 Benchapatranon Expressway Apt. 289,Puntirashire,South Aunyapornville,49367,Northeast,1992-02-23,Female,Widowed,2025-12-05
CUST_595b,Todsawun Prachayaroch,xprachayaroch@yahoo.com,08-3435-0747,7433 Yanisa Station Suite 703,Tunradeeberg,New Chanyastad,16460,Northern,2001-03-15,Other,Widowed,2025-11-15
CUST_5d27,Nutcha Prachayaroch,primachowitunkit@hotmail.com,09-8791-4112,970 Nattawun Cove Suite 284,South Peemhaven,Port Tunradee,64893,Northeast,1989-05-13,Male,Other,2025-04-18
CUST_bdfa,Pitipat Pikatsingkorn,suwijuk30@gmail.com,06-5293-7337,25698 Wimolnot Station,South Kodchaporn,New Sorawutville,63923,Northern,2001-12-11,Male,Divorced,2026-02-27
CUST_8598,Jaruwan Prakalpawong,pothanunpak@gmail.com,09-2313-4191,541 Chowitunkit Spurs,New Chaiwutbury,Kamalanonmouth,57315,Central,1998-05-13,Male,Married,2025-11-09
CUST_e78e,Jinjuta Kongchayasukawut,pornchanokvinyuvanichkul@yahoo.com,08-5848-6603,3813 Sarunporn Field,West Pachongruk,Port Chaiwutfurt,77649,Central,1987-03-05,Male,Widowed,2025-11-05
CUST_c829,Nutcha Kongchayasukawut,pornchanokthantananont@hotmail.com,06-0530-6253,9957 Sittikorn Hill Suite 381,East Pakjiramouth,Chalisaberg,97187,Northeast,1999-05-02,Other,Divorced,2025-10-12
CUST_010d,Pawan Bunlupong,norramonpattamon@yahoo.com,09-0773-3225,633 Prayoonhong Extensions Suite 658,Wimolnotborough,Kamalanonside,52255,Central,1992-02-12,Male,Married,2026-05-23
CUST_1cde,Patcharaporn Chaihirankarn,jwimolnot@yahoo.com,06-3162-0717,5172 Bunlupong Camp Suite 750,Lake Pintusornton,Wasununview,50760,Central,2005-07-17,Male,Married,2025-01-12
CUST_51b4,Pintusorn Benchapatranon,phenphitcha33@hotmail.com,08-2180-9996,311 Darin Lake,Tunchanokhaven,North Nichakarn,62751,Northern,1998-09-12,Male,Widowed,2026-01-07
CUST_cea7,Tunradee Trikasemmart,noppakaosujjaboriboon@yahoo.com,06-4505-1978,35354 Thantananont Neck Suite 431,Pawanfort,Jaruwanborough,01072,Northern,1997-10-11,Female,Widowed,2026-05-16
CUST_0629,Suvakit Losatapornpipit,qwimolnot@hotmail.com,06-4828-8369,2428 Methavorakul Walk,Chomsristad,South Pawan,92683,Southern,1999-10-21,Female,Single,2026-05-05
CUST_c920,Pada Lertsattayanusak,xkamalanon@yahoo.com,06-2146-3287,5353 Pichpandecha Mission Apt. 025,Port Puntira,Thanatchashire,90678,Western,1996-06-09,Other,Married,2025-07-30
CUST_ce0d,Prames Prakalpawong,chomsrijinjuta@gmail.com,08-3998-2352,658 Sorattanachai Plaza Apt. 746,Darinshire,Vethayasasborough,34251,Northern,2007-11-19,Other,Other,2026-02-22
CUST_c793,Sarunporn Losatapornpipit,apisara34@hotmail.com,06-3302-4080,3411 Kongchayasukawut Way Suite 311,Kamolchanokchester,Kongsristad,16790,Central,1984-09-27,Male,Single,2026-05-04
CUST_8dcb,Patcharaporn Pikatsingkorn,titipatrayunyongpuntira@hotmail.com,06-5041-5949,172 Pasuk Vista,Methavorakulhaven,Supasitafort,75924,Central,2002-01-22,Other,Widowed,2025-04-15
CUST_ef79,Parin Titipatrayunyong,chalisa42@gmail.com,09-4316-3182,19116 Phubes Fords Apt. 263,Nutwadeeberg,Suraprachitshire,69695,Central,1993-10-08,Other,Married,2025-05-26
CUST_5dd5,Sarunporn Suraprachit,atit78@gmail.com,06-2526-8301,783 Suraprachit Forks,North Anonview,North Sarunpornborough,48308,Eastern,1992-10-05,Female,Married,2025-11-12
CUST_dd08,ACM Jitrin Chaisatit,jinjuta47@gmail.com,08-9624-1197,38969 Prachayaroch Haven Apt. 230,Pornchanokmouth,Krittayanukoonland,89321,Northern,1999-07-10,Female,Single,2026-02-14
CUST_5072,Chaiwut Prayoonhong,jvethayasas@hotmail.com,06-1729-9859,04771 Anon Summit Apt. 643,Port Yadafurt,New Chalisa,98382,Northern,1995-03-13,Male,Divorced,2026-03-12
